#  wavefront obj file written by the visualization toolkit

mtllib pancreas.mtl

v 190.43699645996094 173.12100219726562 85.72630310058594
v 190.427001953125 172.79200744628906 84.4489974975586
v 235.0449981689453 180.24400329589844 144.95899963378906
v 232.86900329589844 180.41799926757812 144.01400756835938
v 208.64500427246094 174.48500061035156 62.37220001220703
v 210.72900390625 173.23300170898438 61.97819900512695
v 268.7080078125 236.3300018310547 132.46200561523438
v 266.718994140625 236.72900390625 132.27999877929688
v 228.16099548339844 164.08200073242188 132.45700073242188
v 226.5760040283203 164.47000122070312 135.59100341796875
v 213.61300659179688 170.7830047607422 98.09359741210938
v 210.68699645996094 169.4770050048828 99.72769927978516
v 180.24200439453125 169.5780029296875 74.8135986328125
v 181.95199584960938 172.12399291992188 73.78140258789062
v 267.31500244140625 233.47900390625 125.14399719238281
v 270.4830017089844 231.8939971923828 123.13400268554688
v 217.61599731445312 144.7209930419922 104.3489990234375
v 216.74200439453125 144.98500061035156 109.42900085449219
v 217.7779998779297 168.38999938964844 67.93720245361328
v 217.1219940185547 168.218994140625 69.78679656982422
v 185.33900451660156 156.1269989013672 88.31539916992188
v 186.69500732421875 154.62399291992188 91.10179901123047
v 210.37100219726562 162.92999267578125 51.518798828125
v 211.85400390625 163.73899841308594 52.29359817504883
v 242.98199462890625 170.73899841308594 134.843994140625
v 242.45599365234375 172.8000030517578 136.56500244140625
v 218.90899658203125 166.35400390625 67.62370300292969
v 219.74099731445312 164.6439971923828 66.95169830322266
v 245.22799682617188 200.67599487304688 114.14900207519531
v 245.63499450683594 197.86399841308594 114.69200134277344
v 230.9530029296875 164.74899291992188 132.53199768066406
v 230.12899780273438 163.4980010986328 130.30599975585938
v 239.35800170898438 199.4199981689453 144.52200317382812
v 238.81700134277344 200.5500030517578 143.45199584960938
v 259.67999267578125 196.82000732421875 137.83799743652344
v 259.2980041503906 194.531005859375 136.43499755859375
v 188.9239959716797 158.72999572753906 102.74800109863281
v 187.2310028076172 161.23899841308594 104.75900268554688
v 254.75900268554688 187.73300170898438 136.76600646972656
v 254.5240020751953 185.13900756835938 135.07400512695312
v 219.93899536132812 162.031005859375 105.7760009765625
v 219.81199645996094 159.531005859375 104.96199798583984
v 198.63099670410156 147.61399841308594 105.3740005493164
v 198.822998046875 146.53500366210938 99.96389770507812
v 220.17799377441406 163.92799377441406 57.7963981628418
v 219.89599609375 162.3979949951172 56.3140983581543
v 240.8699951171875 167.66299438476562 122.5770034790039
v 242.6580047607422 170.29100036621094 123.19100189208984
v 184.41799926757812 174.05299377441406 71.77140045166016
v 250.3520050048828 200.79400634765625 139.7209930419922
v 248.61199951171875 200.78399658203125 140.8419952392578
v 242.71099853515625 204.07699584960938 145.86900329589844
v 243.4709930419922 206.14500427246094 143.38299560546875
v 250.3249969482422 211.2740020751953 121.5719985961914
v 252.6060028076172 213.9340057373047 123.10399627685547
v 226.96200561523438 167.89999389648438 141.15699768066406
v 226.08900451660156 166.16200256347656 139.40199279785156
v 230.44900512695312 157.15899658203125 119.51000213623047
v 230.43600463867188 156.98300170898438 123.18199920654297
v 234.7239990234375 176.83099365234375 114.14800262451172
v 235.6439971923828 179.24899291992188 114.88800048828125
v 269.27301025390625 232.08399963378906 127.8030014038086
v 269.89898681640625 231.3719940185547 130.34300231933594
v 207.6510009765625 183.9219970703125 99.21269989013672
v 209.6699981689453 184.90699768066406 100.74500274658203
v 183.18099975585938 160.16099548339844 75.87830352783203
v 179.90699768066406 162.51300048828125 75.95600128173828
v 257.6099853515625 230.66299438476562 132.76400756835938
v 257.2879943847656 231.0679931640625 133.0659942626953
v 213.01400756835938 175.68099975585938 71.61270141601562
v 214.63800048828125 175.33299255371094 75.99849700927734
v 277.8210144042969 224.80299377441406 118.37999725341797
v 276.4389953613281 226.10000610351562 121.41000366210938
v 200.20899963378906 170.88099670410156 124.81800079345703
v 200.30299377441406 172.49000549316406 122.93199920654297
v 198.54800415039062 154.7429962158203 56.30540084838867
v 195.80499267578125 156.9499969482422 55.88629913330078
v 209.24099731445312 158.072998046875 95.00299835205078
v 208.83599853515625 155.5959930419922 98.18170166015625
v 257.6700134277344 218.71299743652344 131.57200622558594
v 260.1059875488281 218.87399291992188 130.75900268554688
v 255.8090057373047 191.36000061035156 116.89600372314453
v 255.52099609375 188.46800231933594 118.8759994506836
v 232.41700744628906 177.76199340820312 115.14199829101562
v 230.697998046875 174.12899780273438 142.75100708007812
v 228.82200622558594 174.08799743652344 142.78399658203125
v 214.55299377441406 164.8179931640625 92.5458984375
v 213.28500366210938 161.6959991455078 92.14510345458984
v 240.71600341796875 208.18800354003906 127.58200073242188
v 241.16900634765625 208.23399353027344 125.17400360107422
v 186.30999755859375 166.73399353027344 62.44940185546875
v 185.1199951171875 164.32400512695312 62.386199951171875
v 233.33999633789062 171.0019989013672 111.677001953125
v 235.19900512695312 172.70700073242188 111.9020004272461
v 251.48399353027344 209.27000427246094 111.59400177001953
v 252.77699279785156 207.23399353027344 109.39700317382812
v 217.10800170898438 159.83099365234375 67.70909881591797
v 215.33900451660156 159.1060028076172 69.8405990600586
v 185.89999389648438 172.7270050048828 101.44499969482422
v 185.89500427246094 171.94700622558594 98.10749816894531
v 213.98500061035156 142.77000427246094 105.94400024414062
v 211.0469970703125 143.3520050048828 106.87000274658203
v 207.6490020751953 162.6790008544922 51.297000885009766
v 207.68699645996094 159.9550018310547 51.944801330566406
v 208.99000549316406 162.61900329589844 51.324798583984375
v 246.9770050048828 202.76800537109375 142.3719940185547
v 211.1269989013672 170.06700134277344 51.73529815673828
v 211.78500366210938 169.2969970703125 51.51559829711914
v 208.77000427246094 138.3730010986328 97.0811996459961
v 208.96800231933594 139.28599548339844 100.38700103759766
v 208.71200561523438 141.26199340820312 102.87699890136719
v 207.14199829101562 143.5469970703125 105.13400268554688
v 229.53500366210938 166.0050048828125 139.08700561523438
v 227.77200317382812 165.94400024414062 140.01699829101562
v 230.2899932861328 198.3300018310547 125.83000183105469
v 229.95399475097656 196.02200317382812 123.86199951171875
v 179.36000061035156 173.29200744628906 85.96790313720703
v 181.16900634765625 173.53399658203125 88.0698013305664
v 208.76600646972656 159.4810028076172 108.53299713134766
v 210.55799865722656 157.12399291992188 107.23100280761719
v 201.81900024414062 177.6439971923828 103.06300354003906
v 198.37399291992188 173.63600158691406 103.46199798583984
v 255.46099853515625 230.21499633789062 132.6909942626953
v 256.47198486328125 231.0659942626953 132.6580047607422
v 238.3459930419922 174.74899291992188 138.83399963378906
v 236.41799926757812 174.86199951171875 139.9929962158203
v 204.1320037841797 161.3719940185547 126.91000366210938
v 201.51199340820312 160.08099365234375 126.19999694824219
v 216.5989990234375 172.38099670410156 112.40899658203125
v 214.67799377441406 171.61399841308594 113.22100067138672
v 217.83099365234375 180.8679962158203 129.468994140625
v 219.1219940185547 181.83900451660156 127.12200164794922
v 196.68099975585938 153.26499938964844 58.479000091552734
v 243.5290069580078 203.61300659179688 122.15799713134766
v 241.8990020751953 201.33200073242188 121.85600280761719
v 187.10800170898438 161.1840057373047 102.03800201416016
v 185.3280029296875 162.6269989013672 101.22699737548828
v 209.92100524902344 163.03399658203125 69.51609802246094
v 210.41600036621094 163.38600158691406 69.21849822998047
v 251.9040069580078 186.35699462890625 138.68499755859375
v 249.02099609375 186.51600646972656 139.2220001220703
v 228.73500061035156 155.8979949951172 116.8219985961914
v 227.9429931640625 154.76699829101562 113.87100219726562
v 201.17999267578125 163.5780029296875 51.33769989013672
v 200.33099365234375 161.83399963378906 52.0447998046875
v 255.87600708007812 190.843994140625 137.84100341796875
v 255.4320068359375 192.4149932861328 139.01400756835938
v 251.66200256347656 204.41099548339844 108.63899993896484
v 253.15699768066406 202.58700561523438 108.9729995727539
v 214.9010009765625 173.2899932861328 82.71209716796875
v 216.1179962158203 171.91700744628906 81.69300079345703
v 192.32000732421875 151.11000061035156 97.44229888916016
v 189.5 152.76499938964844 95.14790344238281
v 277.6400146484375 218.27200317382812 121.41400146484375
v 279.1820068359375 217.14999389648438 116.9520034790039
v 275.8869934082031 222.718994140625 121.81999969482422
v 276.75299072265625 220.17599487304688 121.1259994506836
v 201.98800659179688 156.1540069580078 118.87899780273438
v 200.18099975585938 153.7570037841797 117.43299865722656
v 226.4929962158203 153.48500061035156 116.52300262451172
v 223.8560028076172 151.94200134277344 117.62300109863281
v 219.76600646972656 161.9530029296875 135.8280029296875
v 218.06100463867188 161.63900756835938 133.75
v 253.72000122070312 194.83099365234375 114.1500015258789
v 251.58999633789062 195.8179931640625 113.10800170898438
v 224.05099487304688 158.8260040283203 132.9429931640625
v 226.3090057373047 159.56500244140625 132.1909942626953
v 187.06199645996094 156.9010009765625 68.0978012084961
v 186.04200744628906 157.71499633789062 68.78890228271484
v 277.70098876953125 227.88900756835938 110.47899627685547
v 278.35699462890625 227.71600341796875 112.26300048828125
v 227.33099365234375 184.3070068359375 124.99199676513672
v 228.31900024414062 185.2550048828125 121.31800079345703
v 196.34300231933594 169.48599243164062 123.13400268554688
v 197.9530029296875 171.41099548339844 122.89600372314453
v 227.4219970703125 180.95599365234375 130.03199768066406
v 227.427001953125 182.8280029296875 131.13999938964844
v 262.3009948730469 220.54299926757812 128.63600158691406
v 265.04400634765625 221.9669952392578 129.46600341796875
v 212.47799682617188 140.49200439453125 97.38130187988281
v 210.8470001220703 139.3979949951172 99.32569885253906
v 216.1699981689453 143.41900634765625 104.1520004272461
v 238.44500732421875 177.78399658203125 111.18800354003906
v 240.15699768066406 177.94900512695312 111.12000274658203
v 274.1570129394531 225.01300048828125 105.63899993896484
v 273.65899658203125 223.5659942626953 104.9990005493164
v 264.3269958496094 222.8090057373047 110.59600067138672
v 266.1969909667969 225.88600158691406 112.21199798583984
v 219.14100646972656 161.23800659179688 56.42649841308594
v 217.5050048828125 160.7270050048828 55.342201232910156
v 278.447998046875 216.0780029296875 120.66000366210938
v 276.87298583984375 214.91600036621094 121.54199981689453
v 258.8999938964844 219.40699768066406 125.19400024414062
v 258.6610107421875 221.51699829101562 124.00599670410156
v 216.28500366210938 146.91799926757812 113.91699981689453
v 208.01699829101562 172.0189971923828 120.92400360107422
v 209.32899475097656 171.85699462890625 122.51200103759766
v 265.4179992675781 217.41799926757812 105.51599884033203
v 269.1759948730469 218.1219940185547 104.01599884033203
v 235.25999450683594 186.9929962158203 145.31399536132812
v 234.05799865722656 184.6649932861328 144.97500610351562
v 260.74798583984375 212.45599365234375 133.93099975585938
v 259.90899658203125 210.947998046875 133.2469940185547
v 194.88900756835938 171.97999572753906 96.43769836425781
v 195.45599365234375 172.41200256347656 96.5459976196289
v 209.58200073242188 160.85800170898438 51.874000549316406
v 211.33200073242188 161.71600341796875 52.383201599121094
v 197.96299743652344 163.9510040283203 52.5364990234375
v 199.24400329589844 162.76800537109375 51.827701568603516
v 187.37899780273438 172.54200744628906 91.46209716796875
v 186.8780059814453 172.7550048828125 89.68219757080078
v 212.4010009765625 155.3090057373047 67.81770324707031
v 209.61199951171875 153.9429931640625 67.87200164794922
v 245.91900634765625 172.343994140625 133.4759979248047
v 245.24600219726562 173.57000732421875 134.93699645996094
v 199.79800415039062 179.7209930419922 102.0989990234375
v 236.19700622558594 165.72799682617188 112.58799743652344
v 234.3209991455078 164.44000244140625 114.22100067138672
v 204.08900451660156 142.72500610351562 98.53720092773438
v 213.97999572753906 156.63699340820312 70.63179779052734
v 199.59100341796875 152.63800048828125 57.90589904785156
v 209.0800018310547 153.3719940185547 89.4469985961914
v 208.41299438476562 149.552001953125 89.12409973144531
v 185.47799682617188 164.13400268554688 104.51699829101562
v 202.22000122070312 170.39300537109375 102.63300323486328
v 199.2830047607422 170.06199645996094 103.77100372314453
v 226.76100158691406 176.94400024414062 115.65699768066406
v 228.8560028076172 176.0469970703125 115.93399810791016
v 210.7100067138672 173.66299438476562 113.9540023803711
v 211.15899658203125 174.89100646972656 113.63899993896484
v 193.00799560546875 162.947998046875 120.64800262451172
v 192.5260009765625 162.68299865722656 117.94300079345703
v 258.3349914550781 217.65499877929688 134.8070068359375
v 258.6650085449219 218.44400024414062 133.4720001220703
v 260.72900390625 197.5709991455078 134.9010009765625
v 260.1340026855469 195.34500122070312 132.73399353027344
v 233.78500366210938 186.7989959716797 143.78900146484375
v 234.52699279785156 188.27999877929688 143.0050048828125
v 191.5659942626953 170.6230010986328 57.52429962158203
v 192.63699340820312 171.6199951171875 55.70880126953125
v 239.63099670410156 201.56700134277344 146.66099548339844
v 238.80799865722656 201.02200317382812 145.13600158691406
v 221.38900756835938 155.2949981689453 105.64600372314453
v 223.7729949951172 153.6790008544922 109.24500274658203
v 202.2570037841797 174.36300659179688 102.54000091552734
v 260.989990234375 198.0850067138672 119.08899688720703
v 259.02899169921875 195.1439971923828 118.68399810791016
v 272.29901123046875 229.05499267578125 132.38900756835938
v 269.4830017089844 228.62100219726562 133.53700256347656
v 185.01499938964844 168.23899841308594 106.98300170898438
v 185.6320037841797 169.89199829101562 106.0979995727539
v 275.7749938964844 228.20799255371094 109.84700012207031
v 276.6199951171875 227.7209930419922 108.34400177001953
v 192.1479949951172 175.25599670410156 61.515899658203125
v 194.91600036621094 176.5500030517578 61.070499420166016
v 269.4389953613281 235.56500244140625 127.95099639892578
v 269.35699462890625 234.5540008544922 130.0260009765625
v 216.24600219726562 162.97900390625 133.03399658203125
v 216.5469970703125 165.82000732421875 133.00799560546875
v 236.69900512695312 201.42300415039062 123.05999755859375
v 237.28700256347656 203.5330047607422 126.3219985961914
v 207.54400634765625 146.6649932861328 88.51830291748047
v 209.0050048828125 148.22500610351562 91.17669677734375
v 237.96299743652344 179.5590057373047 143.73899841308594
v 234.91600036621094 178.51100158691406 144.13600158691406
v 245.75399780273438 202.87899780273438 114.47200012207031
v 244.34300231933594 203.4340057373047 117.26100158691406
v 198.46400451660156 149.10899353027344 83.06510162353516
v 194.9340057373047 149.42300415039062 85.96440124511719
v 238.7729949951172 179.43099975585938 111.41699981689453
v 214.1750030517578 167.16200256347656 52.65380096435547
v 213.8000030517578 165.91099548339844 53.129398345947266
v 212.7469940185547 175.73899841308594 111.03199768066406
v 213.90199279785156 176.39700317382812 112.01100158691406
v 231.80999755859375 167.2270050048828 111.19300079345703
v 233.74000549316406 165.6300048828125 111.9280014038086
v 214.8780059814453 176.12600708007812 111.24600219726562
v 206.822998046875 154.3260040283203 59.21649932861328
v 208.0189971923828 154.21800231933594 62.761600494384766
v 195.4720001220703 149.78799438476562 75.3416976928711
v 195.53500366210938 149.87399291992188 71.1675033569336
v 237.87600708007812 186.80999755859375 117.9990005493164
v 236.14599609375 188.26600646972656 119.65799713134766
v 187.16600036621094 176.7100067138672 96.3750991821289
v 187.66299438476562 178.19700622558594 94.80079650878906
v 187.02499389648438 175.0019989013672 94.37069702148438
v 208.66099548339844 156.9739990234375 54.55649948120117
v 210.73899841308594 156.53799438476562 56.80970001220703
v 190.93600463867188 172.91299438476562 80.1509017944336
v 190.1699981689453 172.48699951171875 79.64900207519531
v 188.4759979248047 172.11300659179688 106.1449966430664
v 224.98899841308594 177.4530029296875 142.93499755859375
v 223.99400329589844 178.86500549316406 142.07899475097656
v 236.67999267578125 191.62100219726562 141.8179931640625
v 237.5229949951172 193.9250030517578 141.98899841308594
v 222.87100219726562 179.21200561523438 126.36900329589844
v 221.72300720214844 181.5279998779297 126.60700225830078
v 221.2259979248047 178.90899658203125 138.38499450683594
v 222.32400512695312 180.55799865722656 138.00599670410156
v 197.63600158691406 154.0330047607422 113.81199645996094
v 195.93099975585938 154.31500244140625 112.36599731445312
v 198.72300720214844 152.89599609375 115.15599822998047
v 191.34500122070312 171.18099975585938 105.53700256347656
v 240.4720001220703 173.91700744628906 138.11199951171875
v 270.3999938964844 217.9739990234375 129.4219970703125
v 269.21600341796875 220.218994140625 132.57200622558594
v 188.56700134277344 167.4720001220703 60.01390075683594
v 190.21299743652344 166.75799560546875 56.965599060058594
v 189.3280029296875 173.9290008544922 86.88999938964844
v 189.37399291992188 173.61599731445312 87.90160369873047
v 260.052001953125 217.37100219726562 109.81099700927734
v 260.8919982910156 220.77000427246094 112.0510025024414
v 259.5220031738281 215.30999755859375 136.42300415039062
v 260.9949951171875 217.0919952392578 135.5800018310547
v 267.5740051269531 217.88099670410156 132.29400634765625
v 267.27398681640625 220.7779998779297 132.197998046875
v 224.26800537109375 152.27999877929688 113.62699890136719
v 273.9309997558594 228.41200256347656 131.47799682617188
v 272.9129943847656 226.36900329589844 133.0919952392578
v 197.37399291992188 178.81199645996094 65.44290161132812
v 200.45700073242188 177.44000244140625 63.916900634765625
v 257.8580017089844 201.0850067138672 139.96600341796875
v 259.18798828125 198.65899658203125 139.30299377441406
v 212.9080047607422 167.70700073242188 74.3302001953125
v 211.76300048828125 166.07699584960938 73.68099975585938
v 265.5369873046875 217.1929931640625 133.5279998779297
v 263.1109924316406 217.48800659179688 134.51499938964844
v 222.7740020751953 156.94400024414062 131.2270050048828
v 221.822998046875 159.49200439453125 134.26699829101562
v 257.50299072265625 226.08599853515625 129.6739959716797
v 256.5169982910156 226.6959991455078 128.35400390625
v 193.00999450683594 155.33900451660156 113.0469970703125
v 192.2899932861328 156.23800659179688 109.70899963378906
v 206.48599243164062 148.73800659179688 86.30079650878906
v 204.89199829101562 146.4320068359375 87.65540313720703
v 202.44400024414062 163.14199829101562 51.533199310302734
v 203.9510040283203 162.8820037841797 51.73630142211914
v 228.66400146484375 178.89100646972656 116.09600067138672
v 261.7449951171875 203.843994140625 134.447998046875
v 261.71099853515625 201.7030029296875 135.81100463867188
v 186.88400268554688 172.87100219726562 95.04669952392578
v 187.01600646972656 172.17999267578125 93.19840240478516
v 203.92999267578125 164.2740020751953 51.279598236083984
v 255.68699645996094 186.15899658203125 121.62300109863281
v 211.02099609375 183.63299560546875 96.3489990234375
v 212.8300018310547 182.6959991455078 97.48719787597656
v 212.26100158691406 183.99899291992188 98.41699981689453
v 219.28700256347656 181.46499633789062 124.21099853515625
v 219.56100463867188 181.50900268554688 122.23699951171875
v 209.18299865722656 163.23500061035156 69.76529693603516
v 209.3939971923828 163.26199340820312 68.94499969482422
v 212.44200134277344 155.00900268554688 105.99800109863281
v 214.14100646972656 153.05999755859375 104.41300201416016
v 218.1009979248047 162.22799682617188 55.08449935913086
v 229.66600036621094 166.73800659179688 140.2220001220703
v 228.73199462890625 168.4530029296875 141.4929962158203
v 225.83200073242188 170.35699462890625 112.5770034790039
v 227.62600708007812 169.67300415039062 111.93499755859375
v 254.61300659179688 210.22900390625 133.38299560546875
v 255.3979949951172 208.62600708007812 135.94000244140625
v 258.1239929199219 225.78199768066406 118.4209976196289
v 259.53399658203125 223.2010040283203 115.00299835205078
v 193.20199584960938 177.79100036621094 104.29000091552734
v 191.18499755859375 176.95399475097656 104.80999755859375
v 238.781005859375 182.06500244140625 143.9550018310547
v 246.59300231933594 210.41400146484375 123.81600189208984
v 247.7220001220703 211.7779998779297 126.77999877929688
v 205.3070068359375 162.3719940185547 51.64899826049805
v 206.61099243164062 163.30999755859375 51.243499755859375
v 211.03599548339844 158.8249969482422 91.60070037841797
v 221.19500732421875 185.16000366210938 123.94100189208984
v 221.5570068359375 184.6439971923828 123.2959976196289
v 217.88699340820312 171.23699951171875 113.90399932861328
v 219.25599670410156 169.98500061035156 113.84400177001953
v 192.70199584960938 156.85699462890625 117.75299835205078
v 191.57699584960938 157.68699645996094 116.96700286865234
v 190.98199462890625 166.44700622558594 111.31099700927734
v 190.97799682617188 167.822998046875 108.30000305175781
v 216.93600463867188 170.01499938964844 78.5615005493164
v 215.68800354003906 169.79299926757812 80.831298828125
v 221.05999755859375 162.75799560546875 105.99800109863281
v 211.0959930419922 154.11599731445312 76.58519744873047
v 207.99600219726562 152.31100463867188 79.52300262451172
v 266.7760009765625 216.41299438476562 132.28700256347656
v 255.58700561523438 216.30099487304688 119.68299865722656
v 255.70599365234375 216.3939971923828 115.18900299072266
v 223.73800659179688 164.49000549316406 110.88099670410156
v 223.68299865722656 162.89500427246094 109.29199981689453
v 188.6009979248047 173.26199340820312 87.26239776611328
v 189.55299377441406 173.07200622558594 85.98210144042969
v 245.3040008544922 208.67799377441406 142.5749969482422
v 242.35499572753906 208.60400390625 140.8459930419922
v 190.9550018310547 178.72999572753906 103.47599792480469
v 192.72799682617188 179.60000610351562 101.78600311279297
v 199.10299682617188 158.13099670410156 54.50210189819336
v 199.61900329589844 160.47999572753906 53.209598541259766
v 226.3090057373047 174.37600708007812 114.85700225830078
v 227.6929931640625 172.91900634765625 114.16100311279297
v 257.3059997558594 219.93499755859375 115.59400177001953
v 258.989013671875 219.22900390625 113.00499725341797
v 218.3820037841797 159.2270050048828 132.0399932861328
v 220.60400390625 164.16600036621094 63.152801513671875
v 220.3939971923828 164.9290008544922 61.63759994506836
v 275.9630126953125 228.2169952392578 118.26899719238281
v 276.00299072265625 229.26800537109375 120.93299865722656
v 254.72500610351562 205.58900451660156 107.9489974975586
v 219.54400634765625 168.83900451660156 112.54399871826172
v 219.6230010986328 167.44500732421875 110.23899841308594
v 257.9179992675781 193.2209930419922 118.27100372314453
v 257.12799072265625 189.5850067138672 120.8290023803711
v 177.91900634765625 164.0780029296875 86.98049926757812
v 177.9459991455078 167.73300170898438 87.58319854736328
v 192.9530029296875 171.41600036621094 96.7605972290039
v 192.58200073242188 171.1300048828125 98.31500244140625
v 220.13499450683594 157.1490020751953 104.18800354003906
v 274.1809997558594 216.73300170898438 104.75499725341797
v 271.6960144042969 216.36500549316406 104.38400268554688
v 259.19500732421875 208.7220001220703 134.9709930419922
v 258.9540100097656 206.8489990234375 136.8179931640625
v 251.531005859375 211.36399841308594 131.50599670410156
v 253.89700317382812 212.50999450683594 130.6580047607422
v 217.84100341796875 177.8780059814453 134.66900634765625
v 218.5240020751953 180.98800659179688 134.11700439453125
v 262.0450134277344 226.9969940185547 117.12200164794922
v 200.14500427246094 172.68800354003906 121.09500122070312
v 204.33799743652344 173.2010040283203 119.98500061035156
v 202.76699829101562 164.51199340820312 51.22269821166992
v 258.9949951171875 192.94400024414062 124.84600067138672
v 260.18798828125 195.4149932861328 128.82699584960938
v 241.875 206.9040069580078 122.91400146484375
v 243.9759979248047 205.53700256347656 122.4990005493164
v 205.27200317382812 163.70399475097656 51.31119918823242
v 239.77499389648438 207.02000427246094 124.28800201416016
v 209.7259979248047 149.47000122070312 116.56600189208984
v 211.5469970703125 152.61099243164062 118.6969985961914
v 219.41400146484375 148.90699768066406 103.5250015258789
v 219.47300720214844 146.6179962158203 104.45600128173828
v 272.7300109863281 223.48599243164062 132.3249969482422
v 273.4419860839844 222.34500122070312 128.8159942626953
v 223.8159942626953 166.01199340820312 138.80099487304688
v 224.84500122070312 167.7310028076172 140.14100646972656
v 206.76100158691406 163.26300048828125 126.11299896240234
v 208.81500244140625 161.75799560546875 125.3290023803711
v 260.1700134277344 225.9949951171875 129.968994140625
v 258.7829895019531 225.177001953125 129.28500366210938
v 189.53900146484375 155.947998046875 101.11199951171875
v 186.61500549316406 156.8509979248047 98.32830047607422
v 259.75799560546875 217.61500549316406 134.83299255371094
v 206.63099670410156 164.54600524902344 51.207698822021484
v 177.9510040283203 165.06300354003906 78.14559936523438
v 179.3419952392578 164.5189971923828 74.1969985961914
v 207.70799255371094 164.43699645996094 51.20000076293945
v 203.94900512695312 149.822998046875 79.48100280761719
v 200.91099548339844 148.7729949951172 75.95279693603516
v 208.9040069580078 164.3730010986328 51.20709991455078
v 209.69400024414062 177.3979949951172 71.34320068359375
v 215.406005859375 173.30999755859375 73.71880340576172
v 248.22300720214844 172.89199829101562 130.25100708007812
v 248.11399841308594 174.27099609375 133.5240020751953
v 230.28900146484375 177.91900634765625 145.46800231933594
v 228.13900756835938 179.24899291992188 144.79100036621094
v 226.14300537109375 164.81500244140625 110.94200134277344
v 224.9810028076172 166.23199462890625 111.81800079345703
v 210.3979949951172 164.3179931640625 51.379600524902344
v 261.093994140625 208.39500427246094 133.3300018310547
v 240.98599243164062 194.7239990234375 115.62999725341797
v 241.78700256347656 196.58599853515625 114.64900207519531
v 266.6929931640625 204.1929931640625 125.18299865722656
v 265.3420104980469 203.88800048828125 128.04100036621094
v 190.56100463867188 168.76699829101562 58.54650115966797
v 195.9709930419922 150.91000366210938 64.152099609375
v 193.44200134277344 151.0469970703125 66.38739776611328
v 244.69200134277344 195.71800231933594 113.86399841308594
v 247.96400451660156 194.81700134277344 113.86699676513672
v 218.86300659179688 166.46400451660156 64.24720001220703
v 219.16799926757812 165.7729949951172 61.32929992675781
v 187.58700561523438 175.88600158691406 90.36260223388672
v 187.95599365234375 179.1790008544922 89.57109832763672
v 213.51400756835938 170.10499572753906 114.29900360107422
v 214.71499633789062 166.91799926757812 113.50299835205078
v 217.33700561523438 164.7689971923828 70.82959747314453
v 216.93299865722656 161.98199462890625 70.40750122070312
v 238.7310028076172 167.71499633789062 112.66799926757812
v 240.31399536132812 168.93499755859375 115.19499969482422
v 235.2449951171875 195.2949981689453 120.01499938964844
v 237.8280029296875 194.5760040283203 119.6520004272461
v 236.53900146484375 177.04800415039062 141.99899291992188
v 233.43499755859375 175.22900390625 142.80099487304688
v 215.01100158691406 167.3300018310547 70.66320037841797
v 215.04800415039062 168.73300170898438 70.54869842529297
v 213.52499389648438 175.7779998779297 109.73600006103516
v 225.29100036621094 161.875 133.8800048828125
v 205.2570037841797 145.7969970703125 108.56999969482422
v 270.65899658203125 212.09300231933594 106.56800079345703
v 268.6910095214844 211.86700439453125 105.84700012207031
v 250.8560028076172 210.73800659179688 116.01699829101562
v 177.48699951171875 164.73599243164062 83.22879791259766
v 177.87899780273438 167.5260009765625 84.69219970703125
v 255.88900756835938 227.58399963378906 130.1320037841797
v 210.47500610351562 168.86500549316406 117.0009994506836
v 211.7729949951172 167.2469940185547 114.68399810791016
v 201.93899536132812 165.0780029296875 51.20750045776367
v 199.5489959716797 169.45399475097656 51.28620147705078
v 200.9720001220703 169.91700744628906 51.2057991027832
v 202.9969940185547 165.42599487304688 51.20000076293945
v 203.7570037841797 165.43800354003906 51.20220184326172
v 200.0970001220703 145.54200744628906 95.69640350341797
v 196.8040008544922 147.78799438476562 91.30619812011719
v 204.92300415039062 165.7480010986328 51.201900482177734
v 273.8080139160156 225.31199645996094 131.82699584960938
v 205.43800354003906 164.80799865722656 51.20989990234375
v 267.8489990234375 224.83900451660156 115.91100311279297
v 267.8210144042969 224.83900451660156 115.97000122070312
v 180.69400024414062 172.23399353027344 76.89510345458984
v 182.81399536132812 173.8509979248047 75.45929718017578
v 206.62399291992188 173.23800659179688 55.35530090332031
v 209.11199951171875 172.58099365234375 56.140201568603516
v 188.53399658203125 152.42100524902344 89.97669982910156
v 188.16799926757812 152.99099731445312 92.12429809570312
v 217.82699584960938 149.07899475097656 101.38200378417969
v 206.73500061035156 165.34100341796875 51.20000076293945
v 207.70799255371094 165.39300537109375 51.20000076293945
v 208.83700561523438 165.4149932861328 51.20000076293945
v 211.46400451660156 182.89300537109375 104.6259994506836
v 211.63400268554688 180.22999572753906 105.14199829101562
v 206.36399841308594 166.0070037841797 51.20000076293945
v 192.46099853515625 171.8000030517578 99.62429809570312
v 193.61700439453125 171.343994140625 100.14399719238281
v 262.8919982910156 218.9250030517578 108.53600311279297
v 210.36399841308594 165.62600708007812 51.249900817871094
v 256.6780090332031 229.072998046875 132.31900024414062
v 256.4219970703125 229.77200317382812 133.2689971923828
v 261.78900146484375 200.5189971923828 133.6269989013672
v 212.93499755859375 166.99200439453125 51.628700256347656
v 218.30799865722656 160.8000030517578 64.51509857177734
v 217.281005859375 159.9040069580078 61.49769973754883
v 220.01400756835938 148.35699462890625 116.20099639892578
v 221.28199768066406 150.69900512695312 119.06800079345703
v 222.08200073242188 164.27000427246094 108.74800109863281
v 201.9709930419922 148.19900512695312 113.10399627685547
v 201.42300415039062 150.22999572753906 115.75399780273438
v 205.05799865722656 154.51800537109375 54.737098693847656
v 203.71299743652344 154.33599853515625 54.1973991394043
v 234.81399536132812 168.5970001220703 110.7239990234375
v 234.8280029296875 166.88299560546875 111.2249984741211
v 214.18099975585938 162.82699584960938 82.70760345458984
v 213.7100067138672 161.302001953125 78.80290222167969
v 206.81700134277344 175.65199279785156 62.806800842285156
v 208.552001953125 176.79200744628906 66.88749694824219
v 259.50799560546875 228.41600036621094 120.95800018310547
v 263.2080078125 230.72999572753906 121.94400024414062
v 195.6269989013672 158.91600036621094 118.99299621582031
v 193.02499389648438 157.92100524902344 118.13800048828125
v 222.4810028076172 180.63299560546875 131.35000610351562
v 222.67799377441406 181.35699462890625 134.06199645996094
v 247.78599548339844 182.68099975585938 137.9550018310547
v 246.47300720214844 179.90499877929688 136.29299926757812
v 230.4550018310547 168.8679962158203 140.93499755859375
v 215.85000610351562 178.03599548339844 127.3759994506836
v 216.42100524902344 178.86300659179688 124.26899719238281
v 248.2689971923828 210.6699981689453 133.8800048828125
v 246.30499267578125 210.94700622558594 131.03199768066406
v 227.5229949951172 160.9759979248047 110.54000091552734
v 227.62899780273438 158.58399963378906 111.0780029296875
v 257.9320068359375 195.5050048828125 139.10499572753906
v 256.74700927734375 198.97300720214844 140.5780029296875
v 188.5330047607422 173.86000061035156 89.3563003540039
v 188.1199951171875 172.9219970703125 89.8279037475586
v 218.0469970703125 144.9759979248047 100.31199645996094
v 218.89999389648438 146.81199645996094 101.26000213623047
v 240.2310028076172 203.99000549316406 147.02000427246094
v 231.47300720214844 199.7899932861328 126.25800323486328
v 234.08900451660156 200.80799865722656 125.38500213623047
v 202.8560028076172 166.11500549316406 51.20000076293945
v 203.60699462890625 166.1230010986328 51.20000076293945
v 204.45599365234375 166.63999938964844 51.20000076293945
v 246.75799560546875 178.27699279785156 116.78099822998047
v 244.95700073242188 179.26300048828125 114.28900146484375
v 231.90199279785156 181.91400146484375 143.11099243164062
v 231.65499877929688 183.66700744628906 142.15499877929688
v 248.5540008544922 178.11900329589844 119.80699920654297
v 210.8730010986328 172.5449981689453 58.62049865722656
v 209.40199279785156 141.63900756835938 92.55460357666016
v 207.0070037841797 140.4980010986328 93.0072021484375
v 189.49400329589844 170.70399475097656 61.087398529052734
v 276.24700927734375 224.6280059814453 106.01399993896484
v 227.45899963378906 182.0030059814453 128.74200439453125
v 256.6669921875 218.1699981689453 120.927001953125
v 257.77899169921875 220.80099487304688 121.25399780273438
v 219.56900024414062 166.5070037841797 107.10800170898438
v 219.8990020751953 165.552001953125 105.86299896240234
v 207.64300537109375 166.1320037841797 51.20000076293945
v 208.79400634765625 166.1750030517578 51.20000076293945
v 205.927001953125 166.6699981689453 51.20000076293945
v 228.53399658203125 191.52499389648438 123.10099792480469
v 230.37600708007812 192.8179931640625 120.57599639892578
v 211.19400024414062 155.40699768066406 63.53390121459961
v 234.68899536132812 185.13699340820312 118.7020034790039
v 237.88499450683594 184.16200256347656 116.21499633789062
v 209.81100463867188 166.2010040283203 51.20000076293945
v 226.9720001220703 181.3800048828125 143.42799377441406
v 228.5189971923828 182.38299560546875 141.98300170898438
v 248.55999755859375 191.6320037841797 139.6750030517578
v 251.09300231933594 193.26100158691406 140.55299377441406
v 207.98800659179688 178.0229949951172 105.25
v 206.59300231933594 178.94500732421875 104.57099914550781
v 212.0959930419922 165.36399841308594 51.8734016418457
v 209.80499267578125 177.63699340820312 105.4520034790039
v 258.06298828125 228.66299438476562 131.2480010986328
v 256.2669982910156 228.33999633789062 131.64999389648438
v 269.26300048828125 236.44700622558594 130.1269989013672
v 211.64599609375 166.58999633789062 51.277400970458984
v 238.5019989013672 169.64100646972656 111.7239990234375
v 240.09100341796875 170.06199645996094 113.86699676513672
v 202.5760040283203 164.16000366210938 114.7979965209961
v 204.80999755859375 163.5330047607422 113.33899688720703
v 238.25799560546875 201.8820037841797 142.19400024414062
v 237.9459991455078 203.61599731445312 141.0570068359375
v 253.86399841308594 210.22500610351562 110.53399658203125
v 255.01100158691406 208.10800170898438 109.11499786376953
v 225.322998046875 165.18299865722656 137.9459991455078
v 214.822998046875 157.89700317382812 57.766700744628906
v 213.6719970703125 156.94200134277344 61.687198638916016
v 193.02699279785156 174.9739990234375 95.443603515625
v 192.2989959716797 175.0290069580078 95.93119812011719
v 194.01199340820312 166.593994140625 109.53800201416016
v 190.8419952392578 158.2729949951172 111.60900115966797
v 189.4459991455078 160.20399475097656 110.6050033569336
v 229.2550048828125 181.79400634765625 143.64199829101562
v 248.64599609375 175.6790008544922 123.55599975585938
v 248.46600341796875 173.27200317382812 126.91699981689453
v 211.00399780273438 175.927001953125 67.54609680175781
v 212.7239990234375 174.70399475097656 68.14119720458984
v 215.17999267578125 163.92100524902344 71.36859893798828
v 214.9980010986328 165.6959991455078 71.22090148925781
v 209.5500030517578 175.22999572753906 64.58480072021484
v 198.64599609375 166.42599487304688 51.874298095703125
v 200.99600219726562 167.0970001220703 51.2593994140625
v 200.10499572753906 164.93699645996094 51.417198181152344
v 201.83299255371094 166.25 51.20640182495117
v 195.531005859375 155.23800659179688 114.66699981689453
v 194.87399291992188 156.2570037841797 117.12999725341797
v 213.0279998779297 148.72500610351562 97.79440307617188
v 213.15899658203125 150.91900634765625 101.02200317382812
v 198.23699951171875 149.02999877929688 74.4634017944336
v 250.05799865722656 192.2209930419922 114.25499725341797
v 248.822998046875 188.24000549316406 114.5989990234375
v 192.91900634765625 164.4739990234375 120.12000274658203
v 192.1790008544922 163.91799926757812 116.49500274658203
v 202.9290008544922 166.93099975585938 51.20000076293945
v 203.71099853515625 166.91400146484375 51.20000076293945
v 213.84300231933594 172.1909942626953 67.15709686279297
v 212.16200256347656 177.02099609375 76.35639953613281
v 211.10800170898438 177.66900634765625 80.8311996459961
v 214.7100067138672 168.9709930419922 74.01409912109375
v 214.13800048828125 168.14999389648438 76.1072006225586
v 213.18499755859375 159.6269989013672 89.44860076904297
v 205.32699584960938 166.90499877929688 51.20000076293945
v 250.73500061035156 206.7760009765625 137.9810028076172
v 249.0330047607422 205.4029998779297 140.875
v 213.77000427246094 168.27699279785156 52.15869903564453
v 214.38099670410156 169.54299926757812 53.50640106201172
v 190.95599365234375 158.1999969482422 115.24400329589844
v 191.47799682617188 156.6439971923828 113.30699920654297
v 206.7740020751953 167.30499267578125 51.20000076293945
v 207.5989990234375 167 51.20000076293945
v 208.79400634765625 167.031005859375 51.20000076293945
v 233.0570068359375 193.5919952392578 120.0199966430664
v 260.9419860839844 224.5850067138672 128.44500732421875
v 260.8240051269531 222.98599243164062 126.68599700927734
v 209.8800048828125 167 51.20000076293945
v 220.88999938964844 183.02499389648438 133.43800354003906
v 219.53500366210938 183.18299865722656 132.04200744628906
v 210.7689971923828 166.9340057373047 51.200599670410156
v 197.4709930419922 177.54200744628906 62.002498626708984
v 198.73399353027344 176.2050018310547 59.80699920654297
v 193.89999389648438 173.68499755859375 99.03040313720703
v 193.06300354003906 174.4720001220703 98.26339721679688
v 218.9550018310547 164.52099609375 69.27189636230469
v 218.5030059814453 162.86399841308594 69.918701171875
v 211.4969940185547 163.77999877929688 96.53610229492188
v 208.7169952392578 163.02999877929688 97.5647964477539
v 181.44700622558594 161.05799865722656 96.24590301513672
v 180.94700622558594 163.95399475097656 96.61360168457031
v 240.61599731445312 200.44000244140625 146.9080047607422
v 239.8699951171875 199.67999267578125 145.8090057373047
v 257.7619934082031 218.40699768066406 128.82899475097656
v 258.0400085449219 190.41600036621094 122.81199645996094
v 257.5190124511719 187.66900634765625 123.89099884033203
v 214.8719940185547 146.08299255371094 96.30740356445312
v 215.81300354003906 147.55799865722656 97.99500274658203
v 228.0500030517578 191.8699951171875 130.93099975585938
v 229.57200622558594 193.9029998779297 133.20599365234375
v 187.1739959716797 175.0279998779297 66.59770202636719
v 189.39599609375 177.0959930419922 67.83899688720703
v 181.29200744628906 159.39500427246094 81.54340362548828
v 181.5760040283203 158.1300048828125 83.72640228271484
v 257.85699462890625 189.18699645996094 126.39800262451172
v 257.35198974609375 189.79100036621094 130.01800537109375
v 263.0039978027344 201.91900634765625 129.01400756835938
v 261.4280090332031 198.4929962158203 128.89300537109375
v 250.5229949951172 179.28700256347656 131.06100463867188
v 249.00599670410156 175.95700073242188 132.68800354003906
v 273.4639892578125 226.45399475097656 107.25800323486328
v 275.9880065917969 226.61199951171875 106.42400360107422
v 187.76300048828125 160.67300415039062 108.43900299072266
v 187.96800231933594 161.18600463867188 112.21099853515625
v 204.90499877929688 160.17999267578125 52.496299743652344
v 203.7989959716797 157.31900024414062 53.334999084472656
v 249.24400329589844 180.39700317382812 135.78199768066406
v 232.61700439453125 189.70599365234375 139.20599365234375
v 230.74200439453125 190.218994140625 138.2209930419922
v 210.177001953125 155.05799865722656 104.09700012207031
v 211.8560028076172 152.86900329589844 102.9540023803711
v 209.39300537109375 150.86099243164062 94.0551986694336
v 219.54800415039062 162.80599975585938 68.24220275878906
v 188.72300720214844 179.3979949951172 81.24749755859375
v 193.08200073242188 181.4080047607422 83.1176986694336
v 260.7850036621094 232.78599548339844 126.95500183105469
v 263.4540100097656 235.0749969482422 125.5979995727539
v 198.62600708007812 181.5449981689453 85.3384017944336
v 203.23500061035156 181.27200317382812 87.80889892578125
v 191.1230010986328 172.343994140625 77.7791976928711
v 190.76600646972656 172.6699981689453 78.89710235595703
v 203.32000732421875 163.0469970703125 126.4000015258789
v 271.8599853515625 230.36599731445312 131.1009979248047
v 271.5409851074219 231.55299377441406 126.87300109863281
v 194.33299255371094 172.12600708007812 103.8740005493164
v 197.0019989013672 169.23500061035156 104.95899963378906
v 260.6419982910156 205.21600341796875 135.88999938964844
v 261.07000732421875 202.66700744628906 136.73800659179688
v 229.63099670410156 165.41099548339844 136.0189971923828
v 256.0679931640625 203.32000732421875 108.52100372314453
v 226.4669952392578 180.72900390625 122.7509994506836
v 227.53599548339844 181.88099670410156 124.99099731445312
v 240.89500427246094 187.08599853515625 140.4550018310547
v 240.53199768066406 189.6510009765625 143.10299682617188
v 191.822998046875 180.2949981689453 97.22440338134766
v 194.9239959716797 180.6540069580078 99.41619873046875
v 203.66799926757812 167.7169952392578 51.20000076293945
v 204.4929962158203 167.6959991455078 51.20000076293945
v 186.8000030517578 157.83900451660156 83.97509765625
v 187.6699981689453 157.29600524902344 81.49430084228516
v 205.27499389648438 167.6959991455078 51.20000076293945
v 206.0570068359375 167.65199279785156 51.20000076293945
v 219.34300231933594 182.77099609375 129.64100646972656
v 216.3990020751953 143.6490020751953 99.83589935302734
v 207.73300170898438 168.20399475097656 51.20000076293945
v 208.4029998779297 167.68699645996094 51.20000076293945
v 244.9759979248047 193.60699462890625 142.43299865722656
v 243.33599853515625 191.2899932861328 143.16700744628906
v 182.5489959716797 167.60000610351562 69.82740020751953
v 183.6490020751953 171.51100158691406 70.42420196533203
v 209.86099243164062 167.73899841308594 51.20109939575195
v 210.79600524902344 168.06700134277344 51.22309875488281
v 212.0919952392578 168.04200744628906 51.3578987121582
v 241.91200256347656 176.65199279785156 113.0530014038086
v 246.59800720214844 193.71800231933594 113.1969985961914
v 247.51199340820312 191.68800354003906 113.4800033569336
v 210.1300048828125 157.77200317382812 123.75399780273438
v 209.6009979248047 160.26800537109375 124.37799835205078
v 243.04200744628906 210.53199768066406 131.25599670410156
v 243.96499633789062 209.77200317382812 126.79499816894531
v 246.18499755859375 184.1840057373047 138.2239990234375
v 243.3780059814453 185.40499877929688 138.2259979248047
v 235.5489959716797 169.11599731445312 134.33200073242188
v 236.3459930419922 167.73399353027344 132.61500549316406
v 193.1929931640625 155.68099975585938 115.79000091552734
v 194.49400329589844 150.00900268554688 78.3634033203125
v 194.67300415039062 149.92599487304688 81.74259948730469
v 223.89700317382812 179.59800720214844 124.63099670410156
v 233.16799926757812 182.32200622558594 144.11599731445312
v 204.3159942626953 144.33200073242188 90.29779815673828
v 202.54299926757812 144.13299560546875 93.30760192871094
v 209.4290008544922 172.67100524902344 118.6760025024414
v 209.9320068359375 174.73300170898438 118.21299743652344
v 254.83999633789062 228.6840057373047 126.48899841308594
v 254.8719940185547 229.0189971923828 129.1510009765625
v 187.4199981689453 156.66200256347656 83.63099670410156
v 254.5260009765625 218.2100067138672 130.4459991455078
v 255.73899841308594 218.66900634765625 130.63699340820312
v 187.77099609375 156.99899291992188 64.38800048828125
v 187.05599975585938 159.9320068359375 61.320499420166016
v 199.67799377441406 162.4080047607422 126.38899993896484
v 199.03900146484375 160.6479949951172 125.56900024414062
v 198.08999633789062 168.43600463867188 51.548301696777344
v 199.83700561523438 167.8679962158203 51.29050064086914
v 186.45599365234375 159.57200622558594 100.41999816894531
v 191.0050048828125 171.03399658203125 75.72540283203125
v 191.2469940185547 171.6999969482422 76.70680236816406
v 246.5679931640625 175.35000610351562 119.99400329589844
v 243.9770050048828 173.16000366210938 120.30000305175781
v 189.61700439453125 173.22999572753906 87.04280090332031
v 190.1750030517578 173.64300537109375 86.54329681396484
v 266.1619873046875 218.1529998779297 132.71400451660156
v 264.4289855957031 219.59100341796875 131.17100524902344
v 218.7100067138672 168.0290069580078 135.44200134277344
v 215.375 168.73300170898438 130.54299926757812
v 231.94500732421875 158.78900146484375 121.11799621582031
v 222.08299255371094 162.54400634765625 107.0250015258789
v 201.3300018310547 168.3560028076172 51.20209884643555
v 227.58099365234375 181.54100036621094 139.93800354003906
v 229.39100646972656 182.57200622558594 140.0500030517578
v 202.5189971923828 168.52099609375 51.20000076293945
v 209.5260009765625 152.5330047607422 97.06009674072266
v 210.99200439453125 151.33200073242188 99.32250213623047
v 200.9340057373047 168.9810028076172 51.203399658203125
v 202.60299682617188 167.52200317382812 51.20000076293945
v 205.4720001220703 176.5469970703125 103.51799774169922
v 203.66799926757812 168.49899291992188 51.20000076293945
v 204.4409942626953 168.41700744628906 51.20000076293945
v 205.18800354003906 168.58599853515625 51.20000076293945
v 206.01300048828125 168.58599853515625 51.20000076293945
v 206.83900451660156 168.4340057373047 51.20000076293945
v 184.21600341796875 166.968994140625 104.02400207519531
v 235.4040069580078 170.3070068359375 110.625
v 235.9949951171875 175.07899475097656 112.74600219726562
v 271.3479919433594 221.37600708007812 131.9600067138672
v 271.3039855957031 224.22799682617188 133.8470001220703
v 209.23500061035156 167.89500427246094 51.20109939575195
v 252.3560028076172 205.00100708007812 137.85699462890625
v 253.38099670410156 201.74099731445312 139.11399841308594
v 191.63800048828125 172.927001953125 81.17990112304688
v 190.6929931640625 173.07400512695312 81.16919708251953
v 208.89599609375 168.53799438476562 51.20240020751953
v 210.2740020751953 168.8000030517578 51.24810028076172
v 221.74000549316406 183.7449951171875 124.6989974975586
v 221.45599365234375 182.7169952392578 123.83100128173828
v 187.17799377441406 158.33799743652344 80.02909851074219
v 187.30999755859375 158.1199951171875 77.6719970703125
v 203.5850067138672 180.76300048828125 83.43280029296875
v 207.8209991455078 179.86399841308594 82.5271987915039
v 186.13999938964844 158.45700073242188 82.74700164794922
v 256.89801025390625 226.70899963378906 125.94200134277344
v 266.17999267578125 213.68299865722656 104.98400115966797
v 264.8450012207031 215.1790008544922 105.23799896240234
v 202.3679962158203 172.35899353027344 124.03900146484375
v 278.052001953125 223.10400390625 107.38899993896484
v 276.99700927734375 220.7550048828125 105.86399841308594
v 211.96800231933594 170.17999267578125 118.10099792480469
v 212.24200439453125 171.66000366210938 117.40799713134766
v 215.5 169.32200622558594 56.02220153808594
v 215.94200134277344 167.62100219726562 55.91239929199219
v 268.7799987792969 233.52000427246094 127.74800109863281
v 194.2010040283203 170.7729949951172 54.115501403808594
v 229.86399841308594 158.08099365234375 115.4990005493164
v 231.34800720214844 159.8560028076172 125.23999786376953
v 229.50900268554688 160.7729949951172 129.8939971923828
v 213.406005859375 172.54400634765625 112.79399871826172
v 213.2209930419922 171.36300659179688 115.47599792480469
v 185.53500366210938 173.625 68.30030059814453
v 186.927001953125 175.7480010986328 69.5425033569336
v 204.30099487304688 153.55299377441406 56.996299743652344
v 217.6009979248047 149.1320037841797 117.72000122070312
v 213.5070037841797 147.98599243164062 115.41999816894531
v 213.7050018310547 164.41600036621094 53.71870040893555
v 215.27200317382812 164.87600708007812 55.310298919677734
v 259.3179931640625 230.95399475097656 130.072998046875
v 260.1199951171875 229.93800354003906 130.31300354003906
v 255.37399291992188 184.1219940185547 128.94900512695312
v 252.92599487304688 180.98500061035156 131.9770050048828
v 186.48300170898438 162.50100708007812 116.33699798583984
v 186.26100158691406 162.17300415039062 115.45999908447266
v 253.78799438476562 188.73899841308594 138.9080047607422
v 220.61500549316406 168.48300170898438 111.39900207519531
v 221.35400390625 167.00100708007812 109.51399993896484
v 228.06700134277344 182.23800659179688 122.71700286865234
v 214.36700439453125 175.74400329589844 127.47899627685547
v 211.5780029296875 179.94200134277344 92.72100067138672
v 212.88499450683594 179.9759979248047 96.40979766845703
v 212.90699768066406 178.4810028076172 99.81430053710938
v 202.7550048828125 178.63999938964844 69.95490264892578
v 202.14700317382812 169.25999450683594 51.20000076293945
v 227.406005859375 182.1790008544922 127.302001953125
v 226.68699645996094 184.1179962158203 128.18699645996094
v 220.2790069580078 184.83700561523438 123.26899719238281
v 220.7259979248047 184.61599731445312 122.10099792480469
v 203.75399780273438 169.3459930419922 51.20000076293945
v 204.70899963378906 169.23699951171875 51.20000076293945
v 257.1499938964844 223.97000122070312 120.7239990234375
v 257.0249938964844 225.91900634765625 121.31999969482422
v 197.2790069580078 170.59500122070312 119.8489990234375
v 196.44400024414062 168.4720001220703 117.78199768066406
v 205.79600524902344 169.7259979248047 51.20709991455078
v 206.72500610351562 169.2969970703125 51.2046012878418
v 207.60899353027344 169.27499389648438 51.20819854736328
v 212.77000427246094 176.56900024414062 98.48650360107422
v 212.29400634765625 174.08599853515625 100.43000030517578
v 208.47000122070312 169.1649932861328 51.207000732421875
v 254.6999969482422 200.9499969482422 140.3719940185547
v 243.25100708007812 169.53799438476562 126.14600372314453
v 241.9929962158203 167.8990020751953 126.7699966430664
v 265.1340026855469 210.85699462890625 130.218994140625
v 262.57000732421875 211.3090057373047 132.1790008544922
v 248.6060028076172 211.64500427246094 130.9429931640625
v 241.50100708007812 201.88999938964844 147.0540008544922
v 201.2480010986328 164.09100341796875 109.9280014038086
v 199.5590057373047 166.55499267578125 106.5770034790039
v 194.56900024414062 179.33200073242188 66.76290130615234
v 194.6490020751953 178.28599548339844 63.3843994140625
v 198.5919952392578 181.875 90.76850128173828
v 202.5330047607422 181.6320037841797 93.02400207519531
v 239.0500030517578 193.0030059814453 118.43699645996094
v 209.66099548339844 169.5330047607422 51.269500732421875
v 216.96499633789062 165.24000549316406 56.962799072265625
v 218.91400146484375 164.65199279785156 57.55910110473633
v 213.7270050048828 156.66099548339844 66.60649871826172
v 260.9490051269531 218.11300659179688 133.77999877929688
v 262.66400146484375 218.8260040283203 131.9499969482422
v 198.64700317382812 165.88900756835938 126.37699890136719
v 197.33599853515625 162.45599365234375 125.73999786376953
v 213.10000610351562 169.27200317382812 52.02899932861328
v 266.4779968261719 205.4739990234375 127.62899780273438
v 204.5659942626953 171.88299560546875 124.125
v 206.4600067138672 161.31399536132812 126.43699645996094
v 186.83099365234375 177.55499267578125 83.89730072021484
v 187.7010040283203 179.34100341796875 85.7134017944336
v 250.927001953125 180.44700622558594 134.03799438476562
v 183.33700561523438 161.6439971923828 98.51830291748047
v 226.5959930419922 171.7449951171875 141.64199829101562
v 224.90199279785156 172.83900451660156 141
v 255.8260040283203 216.16099548339844 123.59500122070312
v 257.7590026855469 218.29299926757812 123.44100189208984
v 185.79299926757812 175.5189971923828 73.11859893798828
v 188.00799560546875 177.70700073242188 75.57209777832031
v 222.38400268554688 166.1510009765625 110.73500061035156
v 204.34100341796875 156.61099243164062 121.09400177001953
v 204.06700134277344 157.3070068359375 123.41100311279297
v 276.72900390625 228.32699584960938 112.26000213623047
v 189.32000732421875 175.84100341796875 65.0791015625
v 189.99600219726562 174.57699584960938 62.679298400878906
v 275.4020080566406 226.5330047607422 128.1529998779297
v 274.1520080566406 223.96099853515625 128.80999755859375
v 266.9750061035156 232.10299682617188 122.30899810791016
v 198.06100463867188 170.08399963378906 51.62030029296875
v 241.68699645996094 191.781005859375 144.53599548339844
v 239.28399658203125 194.00100708007812 144.8280029296875
v 203.98599243164062 157.9530029296875 125.3489990234375
v 202.5489959716797 157.79800415039062 124.68399810791016
v 270.02301025390625 229.88699340820312 118.05599975585938
v 209.8699951171875 163.5030059814453 126.14600372314453
v 242.61700439453125 200.43899536132812 114.83599853515625
v 243.81199645996094 202.50599670410156 115.03500366210938
v 184.2969970703125 159.64500427246094 67.4801025390625
v 186.00900268554688 158.24600219726562 73.06510162353516
v 208.1510009765625 155.4429931640625 57.188899993896484
v 184.4149932861328 166.91000366210938 106.65299987792969
v 183.67999267578125 168.53799438476562 104.56800079345703
v 202.03799438476562 169.9980010986328 51.20000076293945
v 202.9810028076172 169.40699768066406 51.20000076293945
v 202.9720001220703 170.0850067138672 51.20000076293945
v 203.7100067138672 170.03199768066406 51.20000076293945
v 204.78599548339844 170.41400146484375 51.232601165771484
v 257.1520080566406 222.4810028076172 120.55699920654297
v 230.35800170898438 182.92799377441406 141.89199829101562
v 253.15899658203125 182.32899475097656 128.51600646972656
v 221.8800048828125 162.16099548339844 136.84500122070312
v 228.48699951171875 181.5780029296875 135.1909942626953
v 228.29200744628906 184.41299438476562 135.0760040283203
v 211.53399658203125 184.62899780273438 100.71600341796875
v 279.1310119628906 225.8470001220703 113.22000122070312
v 279.385009765625 223.1439971923828 112.26599884033203
v 207.0679931640625 170.2949981689453 51.28559875488281
v 208.61599731445312 170.1009979248047 51.342498779296875
v 223.677001953125 179.86300659179688 140.7429962158203
v 250.68899536132812 213.36000061035156 125.125
v 252.59300231933594 215.6999969482422 126.66100311279297
v 193.69700622558594 181.6840057373047 93.20500183105469
v 196.60499572753906 181.63600158691406 95.4530029296875
v 208.69200134277344 158.68899536132812 52.744300842285156
v 268.0889892578125 212.89300537109375 104.5719985961914
v 219.26600646972656 164.20700073242188 106.25499725341797
v 248.54800415039062 210.6490020751953 136.7449951171875
v 193.02999877929688 173.71299743652344 57.40510177612305
v 194.13099670410156 173.11900329589844 55.323299407958984
v 212.76100158691406 175.7100067138672 124.52400207519531
v 214.7740020751953 177.5919952392578 125.1240005493164
v 226.78199768066406 179.91400146484375 130.9429931640625
v 226.56100463867188 179.79100036621094 128.45399475097656
v 231.0800018310547 191.72000122070312 138.69200134277344
v 260.0140075683594 205.16400146484375 108.66699981689453
v 263.3370056152344 205.8520050048828 109.88800048828125
v 228.03599548339844 182.7969970703125 120.34300231933594
v 265.8080139160156 211.97500610351562 105.61699676513672
v 265.6419982910156 210.55299377441406 106.9800033569336
v 181.1929931640625 162.3000030517578 72.606201171875
v 202.04299926757812 155.55799865722656 53.98910140991211
v 267.8810119628906 206.94200134277344 124.25
v 256.40899658203125 231.2010040283203 130.6790008544922
v 258.03900146484375 231.3730010986328 129.2209930419922
v 213.15699768066406 177.1479949951172 120.95600128173828
v 214.81399536132812 178.23800659179688 122.3949966430664
v 231.77200317382812 168.46600341796875 139.2469940185547
v 231.2310028076172 167.0709991455078 138.48800659179688
v 212.98599243164062 157.08099365234375 84.19670104980469
v 210.2740020751953 155.0800018310547 86.66960144042969
v 192.968994140625 170.70399475097656 99.5884017944336
v 193.87399291992188 170.51600646972656 99.4677963256836
v 218.61399841308594 167.06700134277344 111.10299682617188
v 186.86099243164062 169.86199951171875 63.94490051269531
v 196.9219970703125 170.88699340820312 52.279300689697266
v 196.75399780273438 169.48800659179688 52.06119918823242
v 278.1440124511719 220.81700134277344 108.91500091552734
v 276.6059875488281 218.19700622558594 106.83000183105469
v 222.53799438476562 159.42799377441406 106.6760025024414
v 221.89700317382812 158.0240020751953 105.53800201416016
v 214.1269989013672 159.1009979248047 72.99019622802734
v 213.68899536132812 157.4770050048828 76.29519653320312
v 185.58900451660156 163.15499877929688 108.51300048828125
v 198.23899841308594 171.4340057373047 52.016300201416016
v 199.79299926757812 171.52499389648438 51.5724983215332
v 207.14999389648438 160.77200317382812 106.8010025024414
v 206.22300720214844 162 103.072998046875
v 192.28199768066406 173.1020050048828 56.52330017089844
v 205.552001953125 174.5780029296875 58.62110137939453
v 208.4720001220703 173.61700439453125 59.481201171875
v 206.75599670410156 155.40899658203125 54.89759826660156
v 208.16099548339844 158.7689971923828 104.73400115966797
v 200.9409942626953 171.0240020751953 51.24570083618164
v 193.46800231933594 149.41000366210938 89.35099792480469
v 190.73300170898438 150.97300720214844 89.60649871826172
v 216.62600708007812 179.11199951171875 130.3489990234375
v 215.16200256347656 170.27000427246094 60.313201904296875
v 217.10499572753906 168.64599609375 62.58769989013672
v 201.91000366210938 170.76300048828125 51.203800201416016
v 202.9029998779297 170.86599731445312 51.201900482177734
v 203.94400024414062 170.9969940185547 51.23910140991211
v 217.92999267578125 181.0469970703125 131.9239959716797
v 196.14100646972656 165.47000122070312 110.74199676513672
v 198.2779998779297 164.72500610351562 112.6989974975586
v 202.36500549316406 154.39300537109375 54.15140151977539
v 213.0290069580078 174.94500732421875 97.15679931640625
v 213.5189971923828 173.06900024414062 97.49949645996094
v 220.98500061035156 184.51400756835938 129.1060028076172
v 221.95199584960938 183.57400512695312 130.98500061035156
v 180.88099670410156 173.00100708007812 91.06759643554688
v 182.83599853515625 172.40199279785156 92.13960266113281
v 258.5929870605469 230.5489959716797 131.43299865722656
v 221.44000244140625 169.54600524902344 112.4800033569336
v 220.2899932861328 172.3820037841797 113.80999755859375
v 214.48800659179688 173.22500610351562 111.38099670410156
v 257.5249938964844 192.6179962158203 137.3979949951172
v 218.27999877929688 165.6959991455078 58.860801696777344
v 219.75 165.11300659179688 59.60820007324219
v 218.5189971923828 161.28900146484375 69.05870056152344
v 189.88999938964844 181.11900329589844 86.15360260009766
v 193.947998046875 182.218994140625 87.88259887695312
v 207.83299255371094 171.1219940185547 51.90850067138672
v 267.8909912109375 237.4239959716797 130.13400268554688
v 275.6830139160156 222.88499450683594 105.27999877929688
v 211.82699584960938 173.41000366210938 112.62999725341797
v 203.85800170898438 150.2209930419922 117.33300018310547
v 184.9810028076172 159.1020050048828 80.32589721679688
v 205.1840057373047 153.83399963378906 118.43499755859375
v 241.99099731445312 199.51199340820312 117.36199951171875
v 211.55599975585938 171.11399841308594 53.23889923095703
v 192.02099609375 178.8979949951172 69.45890045166016
v 196.23399353027344 179.8040008544922 70.95539855957031
v 210.1020050048828 170.5749969482422 51.826698303222656
v 212.7480010986328 170.2969970703125 52.69329833984375
v 216.1199951171875 169.49000549316406 75.93730163574219
v 210.74899291992188 174.7480010986328 102.36699676513672
v 211.97300720214844 176.19500732421875 101.55799865722656
v 183.2530059814453 171.51100158691406 93.90059661865234
v 181.57000732421875 171.08700561523438 94.9813003540039
v 230.39100646972656 193.08799743652344 136.62100219726562
v 230.74099731445312 195.8300018310547 134.2220001220703
v 267.3949890136719 207.67599487304688 111.3499984741211
v 241.63900756835938 193.0659942626953 116.71700286865234
v 244.45899963378906 192.36500549316406 114.77799987792969
v 222.33099365234375 179.8350067138672 128.51300048828125
v 223.52200317382812 178.71600341796875 128.05599975585938
v 217.35699462890625 161.90499877929688 109.26499938964844
v 218.62399291992188 160.67300415039062 106.92400360107422
v 225.1479949951172 178.947998046875 129.1719970703125
v 213.56700134277344 159.86500549316406 75.7074966430664
v 214.10699462890625 169.5760040283203 86.72730255126953
v 214.00399780273438 167.25100708007812 83.41259765625
v 248.61300659179688 198.1320037841797 113.80000305175781
v 192.0279998779297 172.1280059814453 98.38580322265625
v 219.44500732421875 154.19700622558594 104.29199981689453
v 221.1929931640625 152.9010009765625 106.89199829101562
v 221.46200561523438 149.37600708007812 109.6259994506836
v 220.26699829101562 149.08399963378906 106.58699798583984
v 239.1179962158203 198.89199829101562 120.9530029296875
v 240.63400268554688 198.9429931640625 121.30500030517578
v 201.1199951171875 147.5959930419922 108.99700164794922
v 218.6909942626953 174.54400634765625 136.03599548339844
v 217.48199462890625 171.75799560546875 134.01499938964844
v 188.9949951171875 164.572998046875 57.13719940185547
v 207.91400146484375 159.9290008544922 124.53199768066406
v 205.13299560546875 159.343994140625 126.74500274658203
v 202.4459991455078 171.5749969482422 51.220401763916016
v 203.41700744628906 171.47500610351562 51.22079849243164
v 227.66400146484375 154.51800537109375 120.11000061035156
v 227.45399475097656 154.76699829101562 123.13300323486328
v 266.8500061035156 229.2790069580078 117.55899810791016
v 240.41099548339844 201.63900756835938 121.62100219726562
v 204.86199951171875 172.0070037841797 51.65890121459961
v 205.6820068359375 155.57699584960938 53.447898864746094
v 206.93699645996094 157.08999633789062 53.1265983581543
v 209.572998046875 173.14599609375 120.36199951171875
v 205.93499755859375 171.13400268554688 51.378700256347656
v 265.4219970703125 236.2550048828125 126.62899780273438
v 267.6080017089844 236.51100158691406 126.16799926757812
v 201.63900756835938 166.50799560546875 103.97899627685547
v 204.21200561523438 164.0919952392578 103.44499969482422
v 254.7790069580078 197.07000732421875 112.43000030517578
v 259.03399658203125 198.5959930419922 114.41100311279297
v 206.78799438476562 171.468994140625 51.72520065307617
v 206.7550048828125 180.89599609375 86.41439819335938
v 207.35299682617188 161.98399353027344 99.25509643554688
v 188.33099365234375 152.6719970703125 86.99690246582031
v 239.29200744628906 197.25399780273438 144.88900756835938
v 211.86900329589844 141.73599243164062 94.58059692382812
v 210.48399353027344 140.16600036621094 93.42939758300781
v 278.8599853515625 222.80299377441406 115.79900360107422
v 269.47198486328125 235.2270050048828 131.8990020751953
v 273.18499755859375 229.11300659179688 116.85199737548828
v 184.74600219726562 170.14999389648438 67.25309753417969
v 258.9809875488281 223.531005859375 126.46199798583984
v 238.406005859375 175.81300354003906 111.0979995727539
v 240.16400146484375 174.63699340820312 111.93699645996094
v 248.1230010986328 183.25100708007812 116.02300262451172
v 247.3990020751953 181.41200256347656 114.9530029296875
v 228.6739959716797 166.07899475097656 110.83200073242188
v 228.13099670410156 163.36099243164062 110.60199737548828
v 267.3489990234375 232.1320037841797 132.23800659179688
v 264.8030090332031 233.55099487304688 131.41700744628906
v 194.42999267578125 152.77499389648438 60.409000396728516
v 239.39100646972656 207.9499969482422 137.8800048828125
v 239.41099548339844 207.35000610351562 132.86399841308594
v 219.56900024414062 183.52499389648438 125.2239990234375
v 213.69700622558594 157.47500610351562 55.23429870605469
v 212.2050018310547 157.65899658203125 54.540000915527344
v 196.71299743652344 172.63800048828125 53.51620101928711
v 198.91799926757812 172.74600219726562 52.590999603271484
v 243.27000427246094 195.6580047607422 144.58399963378906
v 235.6179962158203 198.9320068359375 121.33599853515625
v 237.82400512695312 199.55799865722656 121.00800323486328
v 207.19200134277344 162.54299926757812 112.447998046875
v 207.46600341796875 160.97799682617188 109.83399963378906
v 230.69200134277344 184.76499938964844 139.98199462890625
v 217.86500549316406 169.24600219726562 113.51699829101562
v 239.58700561523438 191.5749969482422 143.93299865722656
v 205.78900146484375 140.24400329589844 96.24079895019531
v 206.1739959716797 141.01400756835938 100.38400268554688
v 181.5500030517578 160.49099731445312 79.21939849853516
v 248.67999267578125 180.9040069580078 118.01399993896484
v 201.8679962158203 172.29299926757812 51.43980026245117
v 199.83700561523438 174.8419952392578 56.683799743652344
v 200.38800048828125 173.80299377441406 54.0088996887207
v 243.32899475097656 199.26400756835938 145.28199768066406
v 241.86300659179688 199.968994140625 146.37100219726562
v 208.5279998779297 151.7270050048828 86.56060028076172
v 187.63999938964844 163.53799438476562 58.49150085449219
v 203.9499969482422 179.23300170898438 103.18499755859375
v 203.34100341796875 180.9669952392578 100.85099792480469
v 180.00100708007812 170.18499755859375 95.35399627685547
v 181.8800048828125 168.406005859375 96.66100311279297
v 203.52200317382812 172.04600524902344 51.35319900512695
v 190.9770050048828 173.61900329589844 85.4458999633789
v 191.177001953125 173.88900756835938 84.38770294189453
v 249.79299926757812 174.41799926757812 130.9720001220703
v 215.7530059814453 160.2550048828125 54.220001220703125
v 216.34100341796875 159.427001953125 56.1531982421875
v 179.06500244140625 168.5240020751953 94.59120178222656
v 219.91900634765625 162.68099975585938 63.12110137939453
v 189.08900451660156 156.40899658203125 61.503299713134766
v 186.75 174.55099487304688 98.21700286865234
v 181.11500549316406 157.48399353027344 86.2313003540039
v 180.88499450683594 157.59800720214844 89.52940368652344
v 206.14100646972656 172.32899475097656 52.399898529052734
v 264.5320129394531 236.3249969482422 130.4969940185547
v 219.1909942626953 146.16900634765625 108.63300323486328
v 205.3070068359375 171.6490020751953 117.50299835205078
v 226.656005859375 180.46200561523438 126.79399871826172
v 224.8300018310547 179.35899353027344 125.65499877929688
v 226.23300170898438 180.3209991455078 124.60900115966797
v 266.89599609375 224.16099548339844 131.7969970703125
v 245.80999755859375 206.5780029296875 142.56100463867188
v 223.18600463867188 160.88900756835938 135.2239990234375
v 238.39599609375 206.02499389648438 140.01600646972656
v 240.7259979248047 207.29200744628906 142.13800048828125
v 215.75 170.0279998779297 65.32669830322266
v 273.2130126953125 227.18499755859375 109.2030029296875
v 275.17498779296875 227.718994140625 108.21199798583984
v 252.3560028076172 182.8000030517578 136.70599365234375
v 186.1020050048828 162.0709991455078 112.61299896240234
v 178.32699584960938 167.39500427246094 90.68440246582031
v 178.3800048828125 168.54800415039062 92.33180236816406
v 277.6409912109375 221.40199279785156 119.13899993896484
v 220.7830047607422 165.5919952392578 106.70800018310547
v 220.93800354003906 164.2729949951172 106.9209976196289
v 203.33799743652344 172.98899841308594 52.13529968261719
v 255.33299255371094 230.6320037841797 130.2010040283203
v 255.54100036621094 230.6739959716797 128.75999450683594
v 196.64700317382812 175.13400268554688 58.125999450683594
v 259.7980041503906 204.4219970703125 137.28799438476562
v 216.37899780273438 159.1510009765625 58.92250061035156
v 213.09800720214844 174.89199829101562 109.91899871826172
v 232.9320068359375 197.68699645996094 137.85299682617188
v 231.8780059814453 198.00900268554688 135.43699645996094
v 179.7969970703125 172.23500061035156 92.96939849853516
v 186.6219940185547 156.50100708007812 86.10820007324219
v 220.92999267578125 181.19400024414062 136.63299560546875
v 221.9010009765625 181.9219970703125 136.16799926757812
v 214.73199462890625 152.656005859375 121.09700012207031
v 269.7070007324219 213.07000732421875 104.73600006103516
v 242.656005859375 178.41200256347656 112.81099700927734
v 214.14599609375 175.45799255371094 80.13369750976562
v 189.25599670410156 179.4969940185547 95.52860260009766
v 188.36700439453125 179.593994140625 92.58709716796875
v 193.2050018310547 163.6790008544922 122.75800323486328
v 199.79100036621094 171.6490020751953 98.39009857177734
v 199.79600524902344 171.64700317382812 98.39510345458984
v 248.82699584960938 211.83599853515625 123.95999908447266
v 260.9110107421875 200.1009979248047 137.3679962158203
v 212.73199462890625 155.6909942626953 78.97029876708984
v 211.08399963378906 147.6999969482422 114.75800323486328
v 218.43499755859375 180.0570068359375 122.90699768066406
v 203.21400451660156 159.07200622558594 126.5260009765625
v 254.57400512695312 184.17100524902344 124.53700256347656
v 252.27000427246094 183.79600524902344 121.37100219726562
v 213.13600158691406 174.88900756835938 93.65899658203125
v 212.95599365234375 174.17300415039062 90.08599853515625
v 225.46600341796875 176.20399475097656 114.93800354003906
v 193.9219970703125 154.08099365234375 108.76799774169922
v 241.01499938964844 210.49000549316406 136.3419952392578
v 243.0709991455078 210.61900329589844 140.33399963378906
v 204.49099731445312 169.0590057373047 125.61100006103516
v 202.625 165.68699645996094 126.37999725341797
v 209.8350067138672 153.6199951171875 100.70500183105469
v 263.59600830078125 215.8280029296875 135.05999755859375
v 263.6889953613281 214.48800659179688 134.81900024414062
v 194.66900634765625 179.35699462890625 103.53700256347656
v 191.9949951171875 178.77000427246094 104.59300231933594
v 197.89700317382812 169.54600524902344 125.28199768066406
v 236.2220001220703 192.76800537109375 139.85899353027344
v 237.1820068359375 194.70799255371094 139.89199829101562
v 202.46800231933594 163.82899475097656 106.36900329589844
v 242.1699981689453 176.50900268554688 137.82400512695312
v 271.9169921875 227.96600341796875 113.27100372314453
v 274.6679992675781 228.26699829101562 111.81500244140625
v 203.64100646972656 155.3179931640625 53.25640106201172
v 271.2300109863281 213.82899475097656 105.15799713134766
v 248.31100463867188 200.93299865722656 113.13899993896484
v 212.94200134277344 177.14500427246094 122.9800033569336
v 204.61900329589844 155.17300415039062 53.280601501464844
v 205.60299682617188 180.72000122070312 103.03500366210938
v 199.2949981689453 159.22900390625 123.60900115966797
v 198.35899353027344 159.19000244140625 120.94599914550781
v 189.83299255371094 161.88400268554688 113.072998046875
v 227.10699462890625 157.62600708007812 129.56100463867188
v 224.60699462890625 154.98699951171875 127.12200164794922
v 211.5469970703125 176.2550048828125 119.72100067138672
v 237.68899536132812 203.531005859375 137.82699584960938
v 179.06700134277344 172.8300018310547 89.3385009765625
v 278.7330017089844 218.9530029296875 119.08699798583984
v 193.85400390625 171.61399841308594 96.33779907226562
v 205.0279998779297 156.2270050048828 52.9656982421875
v 211.322998046875 175.7570037841797 116.20700073242188
v 210.96600341796875 175.0399932861328 121.59700012207031
v 187.08399963378906 177.4530029296875 87.63099670410156
v 216.0019989013672 170.46600341796875 113.61299896240234
v 190.5189971923828 181.44500732421875 90.3104019165039
v 230.93099975585938 163.9149932861328 111.59300231933594
v 232.14700317382812 162.156005859375 113.94400024414062
v 252.45599365234375 198.8459930419922 110.81900024414062
v 250.47000122070312 199.1649932861328 111.54499816894531
v 200.38999938964844 180.031005859375 74.7345962524414
v 214.843994140625 154.46099853515625 124.80999755859375
v 214.86300659179688 155.71499633789062 126.65899658203125
v 213.9949951171875 170.78700256347656 91.05770111083984
v 214.44500732421875 167.48300170898438 93.7605972290039
v 268.5400085449219 235.28500366210938 126.03900146484375
v 238.5189971923828 189.23699951171875 117.30400085449219
v 237.33999633789062 190.83999633789062 119.70500183105469
v 217.0919952392578 146.29800415039062 97.35310363769531
v 238.81500244140625 189.5570068359375 143.61500549316406
v 238.38299560546875 187.39700317382812 143.49000549316406
v 214.63999938964844 167.16099548339844 90.13400268554688
v 214.65699768066406 162.99899291992188 89.6167984008789
v 233.4429931640625 173.53199768066406 140.96600341796875
v 197.28500366210938 166.5709991455078 115.36599731445312
v 250.67799377441406 201.9080047607422 109.41000366210938
v 193.02200317382812 165.71299743652344 112.86699676513672
v 195.0050048828125 165.61399841308594 113.71099853515625
v 213.8040008544922 141.71499633789062 100.60399627685547
v 203.92999267578125 180.0760040283203 79.10530090332031
v 246.8520050048828 193.4290008544922 140.10299682617188
v 245.09300231933594 190.73699951171875 140.24200439453125
v 191.63900756835938 172.39500427246094 81.97219848632812
v 190.4810028076172 151.4600067138672 93.1405029296875
v 207.41200256347656 165.16900634765625 114.98799896240234
v 209.21299743652344 164.00999450683594 113.78399658203125
v 242.55299377441406 200.86700439453125 115.98500061035156
v 233.77200317382812 188.4980010986328 139.9040069580078
v 189.47799682617188 171.38699340820312 76.56999969482422
v 189.81900024414062 171.04800415039062 77.4717025756836
v 255.0590057373047 184.33200073242188 131.66400146484375
v 222.9080047607422 171.02699279785156 139.28900146484375
v 222.60800170898438 168.13499450683594 138.85800170898438
v 192.16099548339844 161.95399475097656 54.783199310302734
v 193.43800354003906 159.98399353027344 54.826698303222656
v 211.02200317382812 159.79100036621094 110.6969985961914
v 212.86399841308594 158.00999450683594 108.81300354003906
v 194.02499389648438 157.3560028076172 118.34300231933594
v 247.41799926757812 208.91799926757812 122.39900207519531
v 223.3040008544922 175.84500122070312 141.11900329589844
v 221.47999572753906 176.76100158691406 139.3979949951172
v 197.60800170898438 180.81500244140625 99.78350067138672
v 219.5469970703125 179.50999450683594 136.3249969482422
v 269.8590087890625 225.14599609375 133.8820037841797
v 269.3089904785156 226.64599609375 134.47799682617188
v 183.3990020751953 160.39199829101562 71.2969970703125
v 182.78599548339844 162.2050018310547 67.0792007446289
v 238.64999389648438 201.94700622558594 122.03299713134766
v 240.09500122070312 205.1269989013672 122.13200378417969
v 237.90699768066406 196.08799743652344 140.33999633789062
v 236.61599731445312 195.5 139.3990020751953
v 209.3070068359375 182.95899963378906 94.25189971923828
v 211.40499877929688 182.20599365234375 94.44709777832031
v 263.2139892578125 232.1510009765625 129.7310028076172
v 260.99200439453125 232.25799560546875 129.18600463867188
v 208.89700317382812 171.8509979248047 53.601200103759766
v 210.09500122070312 171.4550018310547 53.07899856567383
v 191.18099975585938 172.08799743652344 81.1604995727539
v 191.60299682617188 172.28900146484375 80.58409881591797
v 185.1929931640625 157.54400634765625 85.40409851074219
v 183.3489990234375 158.49200439453125 82.9030990600586
v 242.97300720214844 201.3260040283203 119.43099975585938
v 243.32400512695312 202.0050048828125 116.7490005493164
v 208.86500549316406 139.5780029296875 92.79570007324219
v 209.3780059814453 138.63800048828125 94.20040130615234
v 200.89100646972656 158.447998046875 124.40499877929688
v 209.98899841308594 163.29299926757812 70.54090118408203
v 207.1219940185547 182.21499633789062 92.84320068359375
v 246.2830047607422 204.86700439453125 116.16799926757812
v 247.61300659179688 203.30999755859375 113.05500030517578
v 256.84698486328125 196.45799255371094 114.56700134277344
v 256.0260009765625 193.94700622558594 115.44599914550781
v 224.15199279785156 178.53500366210938 115.19300079345703
v 190.49099731445312 172.30099487304688 80.88009643554688
v 215.12399291992188 176.89700317382812 116.2770004272461
v 216.6479949951172 177.35899353027344 115.4219970703125
v 190.76100158691406 172.28900146484375 76.10099792480469
v 189.74400329589844 172.18499755859375 76.71790313720703
v 206.93800354003906 150.92300415039062 83.21800231933594
v 245.18099975585938 171.26199340820312 128.80999755859375
v 245.9320068359375 171.9949951171875 125.48899841308594
v 268.8399963378906 231.0540008544922 131.01699829101562
v 226.01600646972656 178.67999267578125 143.82400512695312
v 238.64999389648438 197.5959930419922 140.5679931640625
v 238.5279998779297 199.65199279785156 140.7239990234375
v 212.28399658203125 183.99899291992188 102.76200103759766
v 256.7409973144531 230.63400268554688 133.4510040283203
v 257.11700439453125 227.58200073242188 122.4010009765625
v 256.07501220703125 228.27999877929688 124.21499633789062
v 240.05799865722656 180.7899932861328 141.71299743652344
v 191.31199645996094 156.30299377441406 58.71900177001953
v 226.0290069580078 159.04100036621094 109.96099853515625
v 226.81500244140625 156.6909942626953 109.69200134277344
v 199.3209991455078 148.29600524902344 76.9259033203125
v 200.5330047607422 148.58599853515625 79.64579772949219
v 242.9530029296875 212.14100646972656 136.4320068359375
v 244.16900634765625 211.64500427246094 133.1820068359375
v 273.8399963378906 227.74099731445312 110.0989990234375
v 213.41200256347656 158.42300415039062 53.60820007324219
v 256.90899658203125 187.177001953125 128.3780059814453
v 249.80299377441406 183.23599243164062 118.75700378417969
v 250.72799682617188 189.13600158691406 139.95399475097656
v 183.7449951171875 169.68899536132812 95.92350006103516
v 245.48800659179688 210.5749969482422 141.7310028076172
v 247.9219970703125 208.4969940185547 141.63099670410156
v 187.66400146484375 161.55499267578125 113.91100311279297
v 184.89700317382812 155.90899658203125 91.58470153808594
v 182.80299377441406 156.62100219726562 88.61180114746094
v 215.1840057373047 158.0970001220703 66.0071029663086
v 253.7220001220703 209.18299865722656 134.9029998779297
v 252.7010040283203 210.6649932861328 132.83799743652344
v 256.8009948730469 231.33999633789062 127.89600372314453
v 223.78500366210938 160.4429931640625 108.59700012207031
v 191.67599487304688 151.58099365234375 68.4269027709961
v 210.21800231933594 184.43600463867188 98.26339721679688
v 253.46299743652344 214.42999267578125 130.23800659179688
v 251.4600067138672 213.2310028076172 129.20899963378906
v 233.41299438476562 200.13800048828125 133.85699462890625
v 236.4290008544922 202.15899658203125 132.18600463867188
v 252.7469940185547 191.58099365234375 115.08499908447266
v 264.52801513671875 236.51199340820312 128.6199951171875
v 210.8769989013672 164.822998046875 70.55370330810547
v 210.38499450683594 164.1699981689453 71.28620147705078
v 222.96499633789062 164.10499572753906 137.9040069580078
v 181.89300537109375 163.73199462890625 69.80460357666016
v 180.7570037841797 165.16000366210938 71.75630187988281
v 264.33599853515625 224.37100219726562 129.60299682617188
v 221.41200256347656 183.9720001220703 122.75900268554688
v 221.3939971923828 182.59800720214844 122.1050033569336
v 202.13999938964844 152.2270050048828 59.0973014831543
v 227.41799926757812 181.1060028076172 128.6020050048828
v 181.41600036621094 168.7310028076172 72.2061996459961
v 244.07200622558594 202.947998046875 119.9280014038086
v 242.10800170898438 171.61700439453125 119.14399719238281
v 241.72900390625 204.48399353027344 121.94200134277344
v 245.87600708007812 172.82899475097656 123.37899780273438
v 214.2259979248047 160.08900451660156 53.43730163574219
v 214.74000549316406 158.61700439453125 54.68709945678711
v 256.3590087890625 202.7480010986328 139.12399291992188
v 182.9980010986328 165.63999938964844 67.27130126953125
v 218.48899841308594 151.7270050048828 103.50399780273438
v 222.89300537109375 155.56199645996094 128.8280029296875
v 221.5290069580078 153.73599243164062 126.0790023803711
v 257.5320129394531 231.28799438476562 131.85000610351562
v 235.58700561523438 189.98399353027344 142.4429931640625
v 234.71400451660156 190.5050048828125 139.5500030517578
v 207.48199462890625 172.177001953125 53.28070068359375
v 266.6130065917969 237.11900329589844 127.78299713134766
v 277.9360046386719 227.0399932861328 115.12300109863281
v 257.7200012207031 210.8159942626953 133.4149932861328
v 256.72698974609375 213.3990020751953 133.38400268554688
v 219.3000030517578 183.031005859375 122.61900329589844
v 219.41400146484375 184.2270050048828 122.48600006103516
v 210.89700317382812 176.96200561523438 104.01000213623047
v 185.1280059814453 164.4669952392578 108.2020034790039
v 183.34800720214844 163.98800659179688 98.70050048828125
v 181.8000030517578 165.60499572753906 97.36979675292969
v 220.4810028076172 162.98500061035156 137.09300231933594
v 221.46200561523438 165.12899780273438 137.8679962158203
v 186.16600036621094 164.8040008544922 114.79900360107422
v 185.3820037841797 164.28900146484375 114.80999755859375
v 191.3070068359375 173.2209930419922 84.66500091552734
v 191.41400146484375 150.6649932861328 83.20590209960938
v 210.4600067138672 158.87399291992188 53.43960189819336
v 213.92100524902344 167.04600524902344 96.37370300292969
v 212.58399963378906 165.71800231933594 97.23259735107422
v 258.177001953125 227.49400329589844 130.7790069580078
v 196.04200744628906 176.81399536132812 103.7509994506836
v 268.89599609375 232.2570037841797 130.23899841308594
v 212.15499877929688 177.16299438476562 91.10859680175781
v 187.58099365234375 156.96600341796875 75.86139678955078
v 187.10000610351562 156.70700073242188 72.38970184326172
v 201.52999877929688 180.06500244140625 101.2750015258789
v 218.1719970703125 163.93899536132812 108.48699951171875
v 218.5679931640625 164.9600067138672 107.72599792480469
v 225.76800537109375 179.4600067138672 132.03599548339844
v 257.4309997558594 223.41299438476562 117.75800323486328
v 265.5060119628906 205.27999877929688 113.81900024414062
v 261.23199462890625 202.375 111.87899780273438
v 267.125 205.48300170898438 120.09100341796875
v 199.66000366210938 181.3419952392578 97.14810180664062
v 187.10000610351562 164.92300415039062 60.083900451660156
v 204.9010009765625 142.1820068359375 93.7219009399414
v 190.4250030517578 172.59800720214844 77.47139739990234
v 197.28500366210938 160.56500244140625 123.427001953125
v 220.52000427246094 146.8820037841797 110.36199951171875
v 243.32200622558594 169.19500732421875 131.38499450683594
v 212.03799438476562 169.7729949951172 116.13400268554688
v 229.26800537109375 181.72999572753906 138.18099975585938
v 248.0749969482422 197.91099548339844 140.73699951171875
v 245.52000427246094 199.07000732421875 142.80499267578125
v 214.3520050048828 160.53599548339844 86.39080047607422
v 212.6219940185547 157.9219970703125 87.60870361328125
v 188.2270050048828 155.98500061035156 78.20439910888672
v 210.71099853515625 156.84800720214844 89.28690338134766
v 229.19700622558594 170.322998046875 112.62100219726562
v 232.01499938964844 169.33799743652344 111.56199645996094
v 224.4290008544922 152.46499633789062 120.86199951171875
v 186.4219970703125 162.73800659179688 60.44620132446289
v 234.02499389648438 192.7429962158203 139.2010040283203
v 269.30499267578125 225.98800659179688 110.34600067138672
v 270.9960021972656 227.04400634765625 110.97899627685547
v 240.5570068359375 196.5570068359375 116.50900268554688
v 243.91799926757812 179.50999450683594 136.14100646972656
v 199.60299682617188 179.06900024414062 68.9884033203125
v 213.9459991455078 176.47500610351562 114.41500091552734
v 240.74000549316406 179.75399780273438 111.4219970703125
v 242.01400756835938 181.08599853515625 112.10099792480469
v 212.46099853515625 159.86599731445312 53.08409881591797
v 212.65199279785156 144.52499389648438 94.59089660644531
v 275.9830017089844 214.24600219726562 111.65899658203125
v 277.5069885253906 215.906005859375 113.55899810791016
v 213.20899963378906 171.84100341796875 63.39400100708008
v 203.74600219726562 151.97500610351562 62.50080108642578
v 202.96400451660156 151.0279998779297 67.72429656982422
v 255.02499389648438 217.46099853515625 128.1490020751953
v 253.88800048828125 196.88600158691406 140.3040008544922
v 202.2519989013672 161.79100036621094 52.39699935913086
v 227.9029998779297 176.55999755859375 144.625
v 202.30799865722656 181.45399475097656 97.87149810791016
v 210.23500061035156 172.54600524902344 101.26100158691406
v 249.71099853515625 178.84100341796875 123.06600189208984
v 249.92599487304688 176.88999938964844 128.19200134277344
v 212.16600036621094 154.7570037841797 71.5271987915039
v 190.7830047607422 172.37100219726562 82.52249908447266
v 207.48500061035156 138.72799682617188 94.65290069580078
v 208.58399963378906 156.56100463867188 101.91999816894531
v 214.92799377441406 161.55499267578125 111.13099670410156
v 215.36300659179688 159.62100219726562 108.9739990234375
v 248.91799926757812 195.06500244140625 140.23399353027344
v 246.35299682617188 195.96499633789062 141.29200744628906
v 195.64999389648438 148.99899291992188 101.74199676513672
v 195.98500061035156 151.23899841308594 107.53399658203125
v 252.76100158691406 215.18099975585938 128.8280029296875
v 191.7169952392578 156.58299255371094 115.4520034790039
v 203.94900512695312 161.50799560546875 52.610198974609375
v 206.3780059814453 161.1840057373047 51.63079833984375
v 179.98899841308594 159.33599853515625 84.12590026855469
v 179.70899963378906 160.90699768066406 81.30490112304688
v 202.33099365234375 145.21600341796875 103.2490005493164
v 239.01199340820312 198.2259979248047 142.76100158691406
v 214.2429962158203 169.42999267578125 95.68319702148438
v 190.39500427246094 173.99099731445312 85.5779037475586
v 213.49899291992188 162.43600463867188 53.48619842529297
v 187.9600067138672 169.22799682617188 107.2699966430664
v 215.1300048828125 161.68299865722656 53.95909881591797
v 245.7100067138672 206.42799377441406 122.1240005493164
v 246.62399291992188 206.76699829101562 119.58499908447266
v 190.96499633789062 171.86300659179688 79.82119750976562
v 191.36500549316406 172.28199768066406 79.24939727783203
v 227.9759979248047 192.03199768066406 126.51100158691406
v 215.85299682617188 158.7169952392578 62.67210006713867
v 275.0169982910156 219.8699951171875 104.50399780273438
v 192.3419952392578 180.30099487304688 78.19170379638672
v 195.9219970703125 180.44400024414062 75.65850067138672
v 236.45199584960938 188.447998046875 144.70399475097656
v 269.2510070800781 223.11199951171875 133.00399780273438
v 193.5970001220703 174.1009979248047 95.01850128173828
v 193.98899841308594 174.53399658203125 96.02529907226562
v 197.56399536132812 161.6510009765625 53.11640167236328
v 197.58299255371094 155.1009979248047 116.38899993896484
v 212.83799743652344 171.78900146484375 59.46670150756836
v 240.3159942626953 186.53799438476562 114.62899780273438
v 240.87399291992188 190.33399963378906 115.65599822998047
v 224.77000427246094 169.86900329589844 140.593994140625
v 194.99600219726562 171.33999633789062 99.32019805908203
v 266.7090148925781 214.53799438476562 130.9669952392578
v 265.7149963378906 215.35299682617188 133.35499572753906
v 211.7530059814453 176.61900329589844 86.9468002319336
v 255.31100463867188 229.11099243164062 132.88099670410156
v 212.6300048828125 165.76400756835938 70.63050079345703
v 184.44400024414062 156.8800048828125 95.39430236816406
v 267.5920104980469 219.5709991455078 104.7959976196289
v 203.51600646972656 159.6580047607422 53.48780059814453
v 229.00599670410156 191.4949951171875 135.4600067138672
v 233.18099975585938 200.56199645996094 130.03599548339844
v 258.04998779296875 214.16200256347656 135.49099731445312
v 255.6439971923828 215.33900451660156 133.98800659179688
v 249.26499938964844 184.9080047607422 116.38600158691406
v 214.82200622558594 161.94500732421875 71.53829956054688
v 190.4770050048828 172.38900756835938 59.11439895629883
v 191.51400756835938 173.48300170898438 58.29750061035156
v 212.11700439453125 159.83799743652344 128.22000122070312
v 212.28799438476562 163.7899932861328 128.22500610351562
v 273.3429870605469 212.96600341796875 108.43399810791016
v 270.0840148925781 209.5279998779297 111.54499816894531
v 227.3209991455078 180.0780029296875 134.2010040283203
v 227.79800415039062 180.7729949951172 132.45199584960938
v 279.3190002441406 224.7949981689453 115.64600372314453
v 216.5189971923828 177.7519989013672 117.5530014038086
v 190.16299438476562 171.83700561523438 79.57669830322266
v 179.98699951171875 172.8780059814453 83.00920104980469
v 181.677001953125 173.7310028076172 85.11139678955078
v 194.69200134277344 166.96099853515625 120.3949966430664
v 195.58900451660156 168.07400512695312 123.74600219726562
v 178.88800048828125 167.17599487304688 76.1614990234375
v 198.97000122070312 156.6300048828125 118.37699890136719
v 243.9149932861328 212.2790069580078 139.68899536132812
v 196.2310028076172 167.76699829101562 125.51699829101562
v 222.5659942626953 161.18699645996094 106.52400207519531
v 237.20899963378906 168.76499938964844 110.93299865722656
v 219.8520050048828 170.85699462890625 136.61000061035156
v 187.6540069580078 175.01400756835938 104.76799774169922
v 186.81100463867188 174.8040008544922 103.35900115966797
v 256.9460144042969 191.25399780273438 135.10899353027344
v 256.3970031738281 209.46400451660156 134.3719940185547
v 256.2409973144531 210.3350067138672 132.51199340820312
v 218.54400634765625 157.09300231933594 130.3990020751953
v 217.4530029296875 179.81300354003906 126.84500122070312
v 209.0260009765625 171.031005859375 52.0432014465332
v 269.97698974609375 224.49899291992188 107.75599670410156
v 246.99600219726562 188.24200439453125 138.72500610351562
v 243.70199584960938 175.73399353027344 115.99700164794922
v 232.01100158691406 195.81199645996094 120.96199798583984
v 213.28900146484375 161.875 73.04499816894531
v 278.14599609375 215.13800048828125 117.53700256347656
v 275.9150085449219 213.6490020751953 120.33499908447266
v 220.21600341796875 180.9149932861328 118.41899871826172
v 221.8040008544922 180.32699584960938 117.28500366210938
v 185.3249969482422 172.51100158691406 90.81439971923828
v 238.63800048828125 205.50399780273438 144.45799255371094
v 237.86199951171875 204.21099853515625 143.38699340820312
v 214.2779998779297 175.19200134277344 109.74500274658203
v 207.8300018310547 180.2429962158203 105.26399993896484
v 231.05099487304688 180.63600158691406 144.38600158691406
v 212.947998046875 168.2050018310547 98.0167007446289
v 209.96299743652344 165.78599548339844 98.28160095214844
v 221.82899475097656 150.41099548339844 115.05000305175781
v 191.9250030517578 173.18299865722656 98.91100311279297
v 267.28900146484375 215.15899658203125 104.21900177001953
v 186.43099975585938 173.2969970703125 88.06770324707031
v 185.1280059814453 173.1009979248047 88.92250061035156
v 243.06199645996094 177.84800720214844 136.32000732421875
v 241.43499755859375 179.1580047607422 139.19000244140625
v 179.86099243164062 166.68699645996094 73.52690124511719
v 193.10899353027344 173.197998046875 95.25399780273438
v 192.0780029296875 173.04100036621094 96.86090087890625
v 187.11300659179688 154.6529998779297 94.57540130615234
v 220.06300354003906 184.1999969482422 129.5229949951172
v 256.0360107421875 211.98300170898438 131.78799438476562
v 254.66200256347656 213.82699584960938 131.69500732421875
v 213.24000549316406 173.9029998779297 110.8219985961914
v 206.04299926757812 154.3470001220703 56.78129959106445
v 230 161.07400512695312 112.00900268554688
v 239.51800537109375 191.20700073242188 117.83200073242188
v 185.73899841308594 158.9929962158203 76.95690155029297
v 238.73199462890625 202.70899963378906 146.04600524902344
v 215.4219970703125 149.031005859375 99.79399871826172
v 217.7310028076172 147.25799560546875 99.27130126953125
v 208.5 145.2550048828125 90.65599822998047
v 210.04800415039062 143.8090057373047 92.6572036743164
v 191.73300170898438 173.4759979248047 83.48590087890625
v 190.94200134277344 173.8560028076172 83.29859924316406
v 193.8679962158203 165.9980010986328 116.9739990234375
v 208.9080047607422 145.24000549316406 109.69999694824219
v 186.38400268554688 172.58799743652344 104.68299865722656
v 189.9149932861328 172.46099853515625 78.13700103759766
v 211.81300354003906 163.3000030517578 71.26419830322266
v 212.89599609375 164.35699462890625 70.91000366210938
v 178.35299682617188 162.91200256347656 80.15789794921875
v 216.90499877929688 176.2530059814453 113.552001953125
v 216.83799743652344 174.5189971923828 112.31700134277344
v 266.35400390625 235.46600341796875 125.14800262451172
v 186.38299560546875 165.77499389648438 112.62100219726562
v 188.53599548339844 165.76400756835938 113.15899658203125
v 218.552001953125 162.78900146484375 107.3219985961914
v 212.3990020751953 179.0489959716797 102.99099731445312
v 262.7250061035156 235.4250030517578 127.42500305175781
v 249.05099487304688 178.42799377441406 133.6009979248047
v 247.74400329589844 177.28500366210938 135.28900146484375
v 218.12399291992188 160.43099975585938 58.418800354003906
v 218.96800231933594 161.32400512695312 61.65439987182617
v 239.68499755859375 183.93600463867188 141.9080047607422
v 227.6300048828125 155.62600708007812 111.18800354003906
v 225.69500732421875 154.6929931640625 109.51000213623047
v 266.60400390625 228.72999572753906 133.2949981689453
v 267.40899658203125 230.09800720214844 131.5260009765625
v 244.38699340820312 207.88499450683594 123.73799896240234
v 211.218994140625 171.93099975585938 55.67720031738281
v 265.2090148925781 227.10699462890625 114.51799774169922
v 198.5540008544922 164.89999389648438 109.95099639892578
v 201.218994140625 173.08200073242188 52.3114013671875
v 198.66700744628906 151.4510040283203 61.28929901123047
v 210.38699340820312 168.32200622558594 126.11199951171875
v 207.3070068359375 168.9669952392578 124.81999969482422
v 212.04299926757812 163.0229949951172 72.66290283203125
v 213.22999572753906 163.2100067138672 71.8187026977539
v 204.7100067138672 177.17599487304688 65.53150177001953
v 268.8599853515625 234.87600708007812 133.1820068359375
v 189.39700317382812 154.1219940185547 98.04930114746094
v 211.99200439453125 166.6219940185547 127.33599853515625
v 213.54200744628906 173.0229949951172 85.96759796142578
v 242.44900512695312 198.5659942626953 114.60900115966797
v 259.7969970703125 201.94400024414062 138.37100219726562
v 213.53599548339844 165.16099548339844 80.21910095214844
v 224.43499755859375 157.5 108.5510025024414
v 217.8979949951172 168.2220001220703 65.75559997558594
v 251.3939971923828 181.9290008544922 123.53900146484375
v 259.90899658203125 214.00100708007812 135.95799255371094
v 259.1919860839844 212.97799682617188 134.5540008544922
v 187.17599487304688 177.10400390625 92.98860168457031
v 257.510009765625 217.64700317382812 126.05000305175781
v 223.60299682617188 179.41299438476562 130.5019989013672
v 191.79200744628906 176.5279998779297 63.24509811401367
v 210.58700561523438 179.3769989013672 105.61399841308594
v 209.3280029296875 179.3350067138672 106.16100311279297
v 179.43699645996094 160.093994140625 90.43260192871094
v 233.03599548339844 161.65899658203125 117.2979965209961
v 202.29299926757812 157.3769989013672 122.46499633789062
v 200.6490020751953 157.78500366210938 121.66400146484375
v 216.86099243164062 153.56700134277344 103.96299743652344
v 218.3780059814453 155.7790069580078 104.47000122070312
v 191.47300720214844 172.67799377441406 80.02059936523438
v 254.0260009765625 216.03799438476562 131.79400634765625
v 239.58700561523438 181.20799255371094 112.07499694824219
v 240.88699340820312 183.4929962158203 112.94599914550781
v 262.4620056152344 211.56199645996094 106.65499877929688
v 262.2650146484375 208.4320068359375 107.98699951171875
v 243.96099853515625 171.8459930419922 123.8759994506836
v 224.33099365234375 179.7550048828125 122.6240005493164
v 259.2120056152344 226.3159942626953 130.68299865722656
v 203.94400024414062 166.8000030517578 101.80400085449219
v 236.156005859375 164.5260009765625 118.51799774169922
v 212.59500122070312 172.2689971923828 114.31900024414062
v 190.32400512695312 172.80499267578125 82.08219909667969
v 199.6750030517578 177.93299865722656 103.68499755859375
v 197.427001953125 179.4219970703125 103.15499877929688
v 213.39700317382812 176.36000061035156 117.47200012207031
v 239.3520050048828 196.81700134277344 119.61100006103516
v 241.06399536132812 198.30099487304688 119.27300262451172
v 190.35800170898438 173.96400451660156 84.45870208740234
v 187.3679962158203 174.4949951171875 87.32250213623047
v 186.60400390625 175.76400756835938 86.37830352783203
v 230.08799743652344 184.3470001220703 138.33200073242188
v 214.33900451660156 173.0500030517578 70.5967025756836
v 199.55299377441406 150.8459930419922 112.6449966430664
v 198.13699340820312 151.03199768066406 110.21299743652344
v 211.2010040283203 172.29100036621094 124.61900329589844
v 205.13900756835938 153.0989990234375 60.75849914550781
v 189.677001953125 173.79100036621094 85.49729919433594
v 189.0279998779297 173.50799560546875 86.37539672851562
v 186.56300354003906 167.35499572753906 108.83499908447266
v 227.4459991455078 167.11300659179688 110.8489990234375
v 197.06399536132812 166.7530059814453 107.75299835205078
v 215.29800415039062 166.33900451660156 54.997398376464844
v 212.6230010986328 170.28399658203125 127.52799987792969
v 214.58999633789062 170.531005859375 83.20130157470703
v 220.0019989013672 182.43899536132812 120.71900177001953
v 188.7169952392578 178.26100158691406 97.70339965820312
v 224.38099670410156 179.6199951171875 132.82699584960938
v 196.9759979248047 167.7740020751953 52.62179946899414
v 196.76699829101562 165.47000122070312 53.56610107421875
v 196.50900268554688 157.4429931640625 118.13999938964844
v 213.46099853515625 166.96099853515625 78.12850189208984
v 210.7259979248047 139.19900512695312 95.8290023803711
v 210.30999755859375 146.87899780273438 93.14779663085938
v 195.3560028076172 166.74400329589844 54.40869903564453
v 195.27699279785156 169.093994140625 53.62879943847656
v 233.54800415039062 194.9770050048828 139.08999633789062
v 231.6750030517578 194.74000549316406 137.41700744628906
v 206.00399780273438 182.45399475097656 101.13099670410156
v 239.28900146484375 168.83999633789062 132.78599548339844
v 236.78399658203125 170.1649932861328 134.7050018310547
v 187.7570037841797 173.8679962158203 64.160400390625
v 196.4949951171875 165.4929962158203 126.18900299072266
v 263.614013671875 202.22900390625 117.18599700927734
v 190.29600524902344 171.3419952392578 78.58439636230469
v 191.12899780273438 171.69500732421875 78.35679626464844
v 205.7740020751953 161.95700073242188 109.6240005493164
v 272.5270080566406 219.2209930419922 104
v 185.73599243164062 159.9219970703125 63.94969940185547
v 187.7429962158203 173.06700134277344 88.40290069580078
v 267.0710144042969 222.927001953125 108.24600219726562
v 185.59800720214844 163.70899963378906 115.82599639892578
v 184.96299743652344 163.5780029296875 114.66999816894531
v 266.989013671875 208.44000244140625 127.83599853515625
v 264.9360046386719 207.1060028076172 130.03500366210938
v 197.281005859375 149.8800048828125 68.30609893798828
v 200.05999755859375 157.65199279785156 119.71499633789062
v 207.5590057373047 167.05999755859375 99.67829895019531
v 185.29400634765625 173.7220001220703 86.83879852294922
v 248.11000061035156 210.6060028076172 140.16700744628906
v 220.50599670410156 166.45899963378906 106.19400024414062
v 210.95599365234375 146.3209991455078 112.78800201416016
v 245.11000061035156 204.91700744628906 120.5510025024414
v 211.66099548339844 174.03900146484375 65.20580291748047
v 195.99899291992188 147.98599243164062 96.6843032836914
v 193.3280029296875 149.4510040283203 93.45079803466797
v 180.6999969482422 158.5989990234375 92.4312973022461
v 205.55299377441406 166.14999389648438 115.54000091552734
v 209.11900329589844 167.33599853515625 115.86599731445312
v 221.927001953125 183.91900634765625 128.3820037841797
v 267.69000244140625 227.30599975585938 113.30500030517578
v 274.364013671875 215.27200317382812 106.59100341796875
v 220.6929931640625 164.36300659179688 60.00979995727539
v 220.00799560546875 163.2469940185547 65.42610168457031
v 238.10400390625 191.8090057373047 143.843994140625
v 208.3990020751953 173.73500061035156 101.99400329589844
v 260.36700439453125 221.12600708007812 126.1510009765625
v 215.71400451660156 173.8560028076172 80.65080261230469
v 267.2640075683594 234.61700439453125 133.4980010986328
v 250.5240020751953 208.218994140625 136.7310028076172
v 190.70199584960938 171.06300354003906 77.27490234375
v 187.7169952392578 163.02499389648438 116.0989990234375
v 194.35400390625 166.2790069580078 123.2030029296875
v 182.2220001220703 173.7100067138672 78.6177978515625
v 182.32400512695312 173.66600036621094 81.87190246582031
v 210.63099670410156 178.0570068359375 83.8666000366211
v 205.22799682617188 179.06900024414062 74.09709930419922
v 208.94900512695312 153.19500732421875 83.9020004272461
v 198.13299560546875 158.61199951171875 119.18399810791016
v 206.52499389648438 165.87100219726562 125.96900177001953
v 237.7949981689453 201.15199279785156 139.11399841308594
v 208.92999267578125 156.68099975585938 121.75800323486328
v 208.35299682617188 155.29299926757812 120.0510025024414
v 227.1020050048828 187.95399475097656 124.33100128173828
v 211.02000427246094 164.30099487304688 69.73490142822266
v 221.27200317382812 182.38800048828125 135.0970001220703
v 211.57699584960938 165.78399658203125 71.7072982788086
v 245.8679962158203 188.177001953125 114.04299926757812
v 195.1739959716797 171.2969970703125 98.41590118408203
v 195.5189971923828 171.8990020751953 97.83799743652344
v 237.2760009765625 197.38800048828125 139.5570068359375
v 178.0449981689453 170.75 89.95700073242188
v 178.11500549316406 171.3209991455078 87.42500305175781
v 278.447998046875 219.72799682617188 114.55400085449219
v 277.7749938964844 217.8939971923828 111.77300262451172
v 183.8459930419922 159.06700134277344 97.8198013305664
v 182.00799560546875 158.6300048828125 95.05039978027344
v 221.468994140625 161.28500366210938 105.64600372314453
v 256.3290100097656 211.06300354003906 109.39600372314453
v 218.75799560546875 174.50799560546875 112.73600006103516
v 195.55999755859375 172.6959991455078 97.40509796142578
v 227.3820037841797 188.6739959716797 133.28700256347656
v 226.56900024414062 185.67300415039062 131.51699829101562
v 210.8159942626953 163.13900756835938 70.23570251464844
v 237.7790069580078 165.83099365234375 113.30000305175781
v 213.875 160.89500427246094 129.8979949951172
v 214.53599548339844 163.86099243164062 131.06500244140625
v 212.43600463867188 156.21800231933594 125.24700164794922
v 211.0760040283203 158.71299743652344 126.01300048828125
v 219.7480010986328 184.71099853515625 126.19300079345703
v 187.71099853515625 172.08799743652344 63.62300109863281
v 189.2239990234375 172.9029998779297 61.83330154418945
v 212.55799865722656 166.42999267578125 75.84519958496094
v 254.76199340820312 205.2050018310547 137.66200256347656
v 239.17799377441406 166.23899841308594 115.10900115966797
v 237.71400451660156 203.95799255371094 130.9250030517578
v 179.97799682617188 161.0050048828125 93.36979675292969
v 257.6239929199219 207.10400390625 108.2770004272461
v 259.21099853515625 210.5070037841797 108.13800048828125
v 261.52301025390625 232.03900146484375 124.92400360107422
v 240.9810028076172 183.15499877929688 139.73800659179688
v 243.91700744628906 182.2899932861328 137.73199462890625
v 191.9080047607422 178.03700256347656 65.75469970703125
v 210.64100646972656 181.44500732421875 105.5780029296875
v 239.552001953125 194.74000549316406 117.51599884033203
v 264.197998046875 234.28700256347656 124.32099914550781
v 212.96299743652344 157.58799743652344 127.38600158691406
v 211.00999450683594 172.2949981689453 117.46900177001953
v 211.05499267578125 171.16299438476562 119.54499816894531
v 255.63299560546875 229.5290069580078 124.68000030517578
v 192.9219970703125 172.68099975585938 100.07599639892578
v 230 174.6179962158203 114.29199981689453
v 232.46200561523438 174.63800048828125 113.46900177001953
v 213.81199645996094 165.13900756835938 95.4352035522461
v 222.18600463867188 176.30999755859375 113.6510009765625
v 276.54901123046875 216.18800354003906 109.96499633789062
v 210.4080047607422 184.76800537109375 103.1510009765625
v 212.46299743652344 171.87899780273438 100.03800201416016
v 229.4530029296875 184.51300048828125 118.63500213623047
v 231.38600158691406 184.38099670410156 117.48699951171875
v 207.78599548339844 159.46200561523438 99.88359832763672
v 210.97799682617188 163.40499877929688 71.59919738769531
v 212.93099975585938 175.4340057373047 83.34010314941406
v 262.91400146484375 222.6060028076172 127.43099975585938
v 185.58200073242188 171.26100158691406 94.9832992553711
v 185.41400146484375 171.94000244140625 92.57319641113281
v 184.58099365234375 165.36300659179688 101.66400146484375
v 214.05999755859375 168.10800170898438 80.68270111083984
v 184.86000061035156 170.39999389648438 100.27999877929688
v 219.82899475097656 184.04400634765625 121.39199829101562
v 195.22799682617188 171.8000030517578 53.529701232910156
v 256.51300048828125 230.6959991455078 125.79100036621094
v 275.4200134277344 216.9929962158203 123.85299682617188
v 201.95899963378906 160.3260040283203 53.502899169921875
v 215.0659942626953 168.0019989013672 53.9213981628418
v 249.7779998779297 207.28700256347656 139.62899780273438
v 220.76199340820312 163.72000122070312 61.52320098876953
v 272.2510070800781 223.7449951171875 105.53099822998047
v 199.33599853515625 148.3699951171875 86.7593994140625
v 190.03799438476562 173.60000610351562 83.92659759521484
v 187.10699462890625 154.28700256347656 88.64569854736328
v 187.39700317382812 154.74200439453125 85.21389770507812
v 189.64100646972656 173.25999450683594 84.9561996459961
v 194.3000030517578 172.60899353027344 99.77030181884766
v 195.52499389648438 172.2949981689453 98.77189636230469
v 212.76199340820312 177.26300048828125 94.74909973144531
v 268.3890075683594 210.05299377441406 108.44100189208984
v 212.11500549316406 162.70799255371094 112.31199645996094
v 215.5229949951172 164.3090057373047 112.48500061035156
v 194.98300170898438 173.093994140625 98.48719787597656
v 184.7989959716797 169.4810028076172 97.94650268554688
v 220.25399780273438 162.42999267578125 60.753299713134766
v 264.5199890136719 218.32400512695312 132.93600463867188
v 229.38299560546875 195.3560028076172 128.1479949951172
v 179.47300720214844 169.7740020751953 77.96330261230469
v 180.40499877929688 172.3350067138672 79.99220275878906
v 193.5279998779297 172.2220001220703 54.899898529052734
v 244.6179962158203 202.875 144.25799560546875
v 207.41200256347656 171.30499267578125 117.93800354003906
v 208.43699645996094 171.58099365234375 119.375
v 268.5249938964844 213.1020050048828 127.91999816894531
v 221.6540069580078 173.27200317382812 138.81900024414062
v 202.67100524902344 170.6199951171875 125.1449966430664
v 219.73500061035156 183.8260040283203 127.427001953125
v 218.40899658203125 179.5469970703125 118.19400024414062
v 219.36199951171875 180.75100708007812 120.0770034790039
v 257.4800109863281 187.54800415039062 126.01899719238281
v 256.28900146484375 185.37600708007812 126.08499908447266
v 232.48399353027344 186.5 140.86700439453125
v 187.89300537109375 162.20399475097656 115.10900115966797
v 188.91900634765625 163.5030059814453 115.10199737548828
v 210.1280059814453 173.95199584960938 115.85399627685547
v 202.68299865722656 173.74000549316406 53.5989990234375
v 203.2259979248047 174.3249969482422 55.811798095703125
v 219.0570068359375 177.35699462890625 114.08999633789062
v 253.39700317382812 216.56399536132812 129.4199981689453
v 199.9199981689453 150.3730010986328 66.4740982055664
v 236.9720001220703 166.92300415039062 111.45700073242188
v 250.26499938964844 183.72000122070312 138.0760040283203
v 184.85000610351562 166.4199981689453 109.27999877929688
v 216.8300018310547 172.6269989013672 79.48880004882812
v 261.20599365234375 215.6199951171875 136.03700256347656
v 209.4409942626953 181.67799377441406 91.96189880371094
v 210.39100646972656 179.63299560546875 89.64769744873047
v 271.61199951171875 227.20399475097656 133.7760009765625
v 189.71400451660156 175.32200622558594 104.3270034790039
v 178.52699279785156 163.61000061035156 90.36650085449219
v 228.88600158691406 159.5240020751953 112.53500366210938
v 234.88299560546875 172.24600219726562 138.6820068359375
v 191.13699340820312 163.57699584960938 114.46700286865234
v 274.73199462890625 222.0399932861328 125.04100036621094
v 191.16700744628906 171.63800048828125 74.90630340576172
v 216.8800048828125 164.40499877929688 110.93399810791016
v 267.8210144042969 224.8679962158203 115.97000122070312
v 221.73699951171875 184.593994140625 125.49400329589844
v 196.09300231933594 160.1739959716797 120.6969985961914
v 257.07501220703125 205.47000122070312 137.76199340820312
v 221.28399658203125 152.2729949951172 123.33200073242188
v 215.6540069580078 175.5659942626953 112.53500366210938
v 219.23599243164062 163.35800170898438 56.01179885864258
v 230.96499633789062 198.42999267578125 123.48699951171875
v 249.8260040283203 209.375 134.99000549316406
v 250.21299743652344 210.35899353027344 133.177001953125
v 183.6479949951172 166.70799255371094 98.14749908447266
v 261.0719909667969 214.02200317382812 135.45199584960938
v 240.80999755859375 168.62899780273438 118.66799926757812
v 207.18600463867188 142.98800659179688 91.45140075683594
v 213.06500244140625 176.05099487304688 114.75700378417969
v 213.20199584960938 176.2449951171875 112.96099853515625
v 212.94000244140625 182.0279998779297 103.50399780273438
v 203.76400756835938 162.99000549316406 109.71900177001953
v 204.7010040283203 173.28500366210938 53.346900939941406
v 220.97300720214844 184.01600646972656 121.3270034790039
v 220.98800659179688 182.41799926757812 120.5469970703125
v 187.13900756835938 165.21600341796875 114.54399871826172
v 233.23300170898438 168.7899932861328 136.8699951171875
v 232.6219940185547 166.9409942626953 135.47500610351562
v 231.45799255371094 158.5989990234375 117.8219985961914
v 237.3249969482422 189.99600219726562 144.21800231933594
v 257.2590026855469 208.64500427246094 136.04400634765625
v 268.6860046386719 233.0989990234375 131.59300231933594
v 183.5070037841797 173.5260009765625 87.27330017089844
v 275.2049865722656 228.41700744628906 114.87799835205078
v 228.5679931640625 182.04200744628906 117.20500183105469
v 202.0189971923828 153.36399841308594 55.8927001953125
v 243.7449951171875 188.1439971923828 139.0919952392578
v 259.6210021972656 213.69900512695312 107.70999908447266
v 241.3040008544922 198.27099609375 116.05599975585938
v 233.27499389648438 190.88999938964844 120
v 219.0500030517578 161.27499389648438 67.15149688720703
v 217.07000732421875 171.06100463867188 80.38700103759766
v 262.31298828125 215.6439971923828 106.63899993896484
v 200.5330047607422 154.0749969482422 55.55400085449219
v 202.89999389648438 172.19700622558594 117.55999755859375
v 201.281005859375 169.30499267578125 116.6760025024414
v 225.6269989013672 162.1820068359375 110.4530029296875
v 183.50100708007812 163.468994140625 64.42400360107422
v 187.53399658203125 175.0540008544922 92.1281967163086
v 237.781005859375 181.1840057373047 113.80500030517578
v 220.35499572753906 185.05999755859375 125.08899688720703
v 216.9759979248047 171.0330047607422 75.94020080566406
v 208.6909942626953 175.53399658203125 103.3740005493164
v 224.77499389648438 178.5919952392578 126.88400268554688
v 240.88600158691406 209.36099243164062 131.4530029296875
v 239.0330047607422 206.36599731445312 128.6280059814453
v 226.56300354003906 187.73500061035156 128.58999633789062
v 224.9810028076172 157.26100158691406 130.46299743652344
v 211.4530029296875 164.177001953125 72.98179626464844
v 221.30599975585938 165.76100158691406 108.0260009765625
v 200.26600646972656 155.9600067138672 54.819801330566406
v 212.8209991455078 164.69700622558594 113.56600189208984
v 244.51499938964844 196.71400451660156 143.30099487304688
v 259.531005859375 231.1219940185547 128.0800018310547
v 201.8260040283203 157.95399475097656 54.0796012878418
v 255.09300231933594 229.12100219726562 131.54200744628906
v 179.23599243164062 166.10499572753906 94.25389862060547
v 254.10400390625 199.2689971923828 110.56500244140625
v 257.1520080566406 200.2480010986328 110.85299682617188
v 204.79400634765625 182.3719940185547 98.29070281982422
v 212.9320068359375 144.5760040283203 110.16999816894531
v 246.75399780273438 185.0970001220703 115.17900085449219
v 238.38800048828125 205.40699768066406 125.66400146484375
v 237.5279998779297 203.0919952392578 123.44300079345703
v 209.64700317382812 163.7429962158203 68.99130249023438
v 209.00100708007812 163.62399291992188 69.47440338134766
v 237.2989959716797 177.53700256347656 112.61799621582031
v 235.4409942626953 199.322998046875 138.63400268554688
v 222.0800018310547 180.83599853515625 120.41300201416016
v 191.32000732421875 172.58700561523438 57.14149856567383
v 254.47500610351562 211.12600708007812 131.88999938964844
v 232.00399780273438 187.76199340820312 139.05999755859375
v 187.40499877929688 173.6269989013672 87.37300109863281
v 230.9510040283203 180.572998046875 116.66600036621094
v 191.65499877929688 159.68699645996094 116.45600128173828
v 214.25 149.88499450683594 117.61900329589844
v 216.38699340820312 161.50100708007812 131.88800048828125
v 214.29200744628906 159.60699462890625 82.6978988647461
v 238.1479949951172 195.802001953125 142.91799926757812
v 203.17100524902344 173.093994140625 122.41799926757812
v 182.4739990234375 156.9810028076172 92.19180297851562
v 207.5570068359375 183.3070068359375 96.19349670410156
v 212.2169952392578 174.73899841308594 111.31900024414062
v 257.74798583984375 216.03599548339844 135.5780029296875
v 185.4530029296875 165.15499877929688 113.07099914550781
v 263.7510070800781 213.4949951171875 133.5679931640625
v 207.52099609375 147.4810028076172 114.77899932861328
v 274.2409973144531 214.73800659179688 123.6729965209961
v 271.3160095214844 214.3470001220703 125.98100280761719
v 238.61099243164062 165.9739990234375 122.68000030517578
v 234.85000610351562 164.2449951171875 124.79900360107422
v 221.7969970703125 182.0679931640625 129.75599670410156
v 184.62600708007812 166.73699951171875 64.73490142822266
v 248.5330047607422 209.0399932861328 119.24299621582031
v 210.02699279785156 165.6179962158203 114.73999786376953
v 233.71400451660156 176.81100463867188 144.0919952392578
v 244.47799682617188 175.41299438476562 135.76400756835938
v 231.10000610351562 175.90699768066406 144.90199279785156
v 236.61399841308594 171.88400268554688 137.40699768066406
v 269.3559875488281 229.98500061035156 131.98699951171875
v 226.21800231933594 169.19900512695312 141.6649932861328
v 191.5070037841797 172.70899963378906 83.48059844970703
v 212.6840057373047 162.625 74.90809631347656
v 225.5189971923828 180.14700317382812 143.35899353027344
v 254.6300048828125 214.48800659179688 117.43699645996094
v 188.93299865722656 165.01800537109375 114.91500091552734
v 255.13800048828125 207.52000427246094 137.04200744628906
v 270.4469909667969 210.6280059814453 125.47799682617188
v 191.99600219726562 174.43699645996094 97.33650207519531
v 192.73199462890625 173.8249969482422 99.27570343017578
v 250.44000244140625 204.10800170898438 139.05799865722656
v 259.8210144042969 219.36199951171875 127.18900299072266
v 228.74200439453125 189.1959991455078 121.25
v 188.75799560546875 154.43699645996094 73.46589660644531
v 189.32000732421875 162.4709930419922 113.83699798583984
v 256.6700134277344 207.6219940185547 137.33900451660156
v 193.09800720214844 174.93600463867188 96.77799987792969
v 194.16799926757812 174.11099243164062 97.73300170898438
v 248.56300354003906 207.0850067138672 114.2969970703125
v 252.76800537109375 191.46600341796875 140.1280059814453
v 220.53700256347656 157.44900512695312 131.97799682617188
v 256.8710021972656 218.28900146484375 132.98800659179688
v 206.6060028076172 164.572998046875 100.06800079345703
v 221.83200073242188 183.23599243164062 127.35800170898438
v 240.08599853515625 170.7530059814453 135.625
v 204.20700073242188 155.57699584960938 119.0530014038086
v 270.3389892578125 221.47500610351562 104.86199951171875
v 239.11300659179688 165.8040008544922 118.49600219726562
v 274.53900146484375 230.76199340820312 122.1969985961914
v 241.3350067138672 173.0290069580078 114.97699737548828
v 228.052001953125 171.09300231933594 142.08999633789062
v 209.74899291992188 164.125 70.04550170898438
v 246.1750030517578 211.99000549316406 135.40499877929688
v 231.30299377441406 186.8679962158203 119.59100341796875
v 212.96400451660156 164.447998046875 77.34380340576172
v 226.66799926757812 180.2030029296875 144.0469970703125
v 212.30299377441406 146.8470001220703 95.22239685058594
v 190.20399475097656 164.25999450683594 114.6240005493164
v 226.3769989013672 179.64100646972656 135.92100524902344
v 227.4980010986328 180.52499389648438 137.3780059814453
v 258.1239929199219 203.1699981689453 138.8179931640625
v 216.53199768066406 161.64300537109375 54.440399169921875
v 267.9540100097656 210.75 127.45600128173828
v 204.21400451660156 147.9199981689453 115.40599822998047
v 205.64100646972656 174.13299560546875 102.36799621582031
v 211.42599487304688 155.1020050048828 122.26000213623047
v 186.947998046875 175.07699584960938 101.56500244140625
v 239.031005859375 187.44700622558594 142.35499572753906
v 275.6390075683594 224.7030029296875 124.68800354003906
v 239.3249969482422 178.9040069580078 141.30499267578125
v 257.8190002441406 225.39199829101562 127.91300201416016
v 220.8719940185547 184.8769989013672 127.12200164794922
v 203.1269989013672 163.46099853515625 113.00599670410156
v 238.10800170898438 205.36599731445312 142.6320037841797
v 194.77099609375 168.50399780273438 106.44999694824219
v 221.19500732421875 148.2050018310547 112.95999908447266
v 214.593994140625 164.98599243164062 86.56680297851562
v 188.9029998779297 158.92100524902344 58.83700180053711
v 249.30099487304688 212.8459930419922 126.79900360107422
v 237.17100524902344 170.91299438476562 110.6989974975586
v 262.89599609375 225.58999633789062 130.4759979248047
v 262.3800048828125 226.64500427246094 130.56199645996094
v 202.83799743652344 149.0500030517578 83.62129974365234
v 223.072998046875 156.5489959716797 107.73899841308594
v 192.53900146484375 150.468994140625 75.99320220947266
v 179.7830047607422 158.68099975585938 87.52629852294922
v 194.9040069580078 172.56399536132812 95.57640075683594
v 195.8679962158203 168.57699584960938 120.6240005493164
v 242.65899658203125 189.5489959716797 141.1959991455078
v 224.9080047607422 180.5290069580078 138.7050018310547
v 255.13900756835938 230.19900512695312 127.18800354003906
v 232.7899932861328 164.8090057373047 131.26499938964844
v 273.1929931640625 211.1230010986328 114.09600067138672
v 269.6860046386719 208.2729949951172 119.14600372314453
v 199.2480010986328 149.66600036621094 70.76360321044922
v 207.75 181.9429931640625 104.1719970703125
v 256.0830078125 188.48500061035156 132.72900390625
v 226 175.02099609375 142.32000732421875
v 184.91200256347656 163.07699584960938 113.49299621582031
v 178.87399291992188 170.18299865722656 81.64320373535156
v 237.41299438476562 165.12100219726562 115.50900268554688
v 191.7570037841797 165.22000122070312 115.1729965209961
v 222.9029998779297 151.4459991455078 111.21700286865234
v 201.83999633789062 151.1649932861328 63.045501708984375
v 188.0030059814453 164.44900512695312 115.8280029296875
v 215.71600341796875 174.34100341796875 78.38400268554688
v 188.31900024414062 176.8939971923828 103.1760025024414
v 189.88400268554688 178.33700561523438 101.94000244140625
v 178.61099243164062 170.90699768066406 92.5916976928711
v 239.34300231933594 177.4199981689453 139.65499877929688
v 239.04800415039062 167.19500732421875 127.3499984741211
v 236.343994140625 165.927001953125 128.6009979248047
v 279.1910095214844 224.03900146484375 110.3499984741211
v 258.00799560546875 230.3260040283203 124.40299987792969
v 259.69500732421875 229.77999877929688 123.93299865722656
v 255.18299865722656 217.41700744628906 132.44900512695312
v 262.85699462890625 203.51300048828125 132.02200317382812
v 239.37600708007812 206.22500610351562 143.8699951171875
v 241.39500427246094 205.72900390625 145.34100341796875
v 190.74600219726562 160.47000122070312 113.75900268554688
v 178.1020050048828 167.3699951171875 80.46309661865234
v 243.2270050048828 185.8939971923828 113.80599975585938
v 188.1199951171875 173.66400146484375 91.00460052490234
v 222.0800018310547 180.5780029296875 123.96099853515625
v 210.50100708007812 154.49600219726562 82.0719985961914
v 223.78399658203125 173.5019989013672 113.89299774169922
v 191.89300537109375 153.01499938964844 62.40169906616211
v 189.8719940185547 153.77000427246094 64.83390045166016
v 204.78500366210938 150.7209930419922 75.46810150146484
v 194.5290069580078 163.91099548339844 54.684898376464844
v 194.5989990234375 161.67799377441406 54.3203010559082
v 255.1009979248047 230.19400024414062 131.0260009765625
v 215.73599243164062 150.9320068359375 101.86799621582031
v 234.00999450683594 182.51600646972656 116.7969970703125
v 262.43798828125 234.76199340820312 129.1649932861328
v 273.4440002441406 222.04600524902344 104.2020034790039
v 276.6159973144531 227.82200622558594 123.00700378417969
v 190.66200256347656 160.04100036621094 56.02909851074219
v 188.30999755859375 161.677001953125 57.84960174560547
v 206.1009979248047 151.93600463867188 70.91310119628906
v 186.43899536132812 176.531005859375 79.82230377197266
v 188.2779998779297 173.86199951171875 87.15370178222656
v 188.50900268554688 174.19200134277344 87.99659729003906
v 214.59300231933594 172.64300537109375 129.63499450683594
v 213.29800415039062 163.3560028076172 94.60569763183594
v 208.74200439453125 158.6820068359375 123.04100036621094
v 197.76100158691406 173.82699584960938 54.90610122680664
v 218.78599548339844 165.98500061035156 108.60399627685547
v 230.16099548339844 171.8350067138672 141.47999572753906
v 189.9759979248047 158.4149932861328 106.3239974975586
v 196.1739959716797 163.23599243164062 53.86159896850586
v 233.15899658203125 162.08200073242188 121.79900360107422
v 184.71099853515625 164.13900756835938 112.93399810791016
v 194.34300231933594 170.78900146484375 98.44300079345703
v 208.11099243164062 181.15199279785156 89.45079803466797
v 209.468994140625 179.63900756835938 86.31529998779297
v 191.10000610351562 171.0189971923828 74.23560333251953
v 191.13099670410156 171 73.52330017089844
v 255.03599548339844 229.92799377441406 129.89700317382812
v 185.5279998779297 162.88800048828125 115.66000366210938
v 233.31500244140625 198.60499572753906 122.26100158691406
v 215.46600341796875 156.2050018310547 106.4020004272461
v 188.6529998779297 177.56500244140625 71.12139892578125
v 210.65699768066406 149.46200561523438 95.78669738769531
v 208.9199981689453 165.4459991455078 125.56600189208984
v 213.0030059814453 183.44400024414062 100.66100311279297
v 197.5959930419922 149.1719970703125 78.79100036621094
v 252.93899536132812 207.58599853515625 136.72500610351562
v 215.06100463867188 176.47000122070312 113.96499633789062
v 219.3350067138672 184.2740020751953 124.15699768066406
v 190.11599731445312 172.08200073242188 75.39420318603516
v 190.04800415039062 171.36900329589844 75.0468978881836
v 219.61399841308594 182.1020050048828 134.8769989013672
v 224.16000366210938 180.2729949951172 135.8260040283203
v 247.2100067138672 175.7779998779297 134.88299560546875
v 218.1750030517578 165.41600036621094 109.35800170898438
v 216.56399536132812 172.97500610351562 76.71510314941406
v 193.2779998779297 170.48899841308594 98.71820068359375
v 238.72900390625 204.3699951171875 145.47000122070312
v 239.77000427246094 205.61700439453125 145.95599365234375
v 195.13999938964844 173.08900451660156 95.97209930419922
v 194.53199768066406 173.83200073242188 95.5425033569336
v 202.87600708007812 147.92100524902344 86.55619812011719
v 193.73399353027344 167.66299438476562 55.178199768066406
v 192.42599487304688 175.1739959716797 103.80799865722656
v 220.72999572753906 163.1580047607422 59.012001037597656
v 220.26600646972656 161.98199462890625 58.01570129394531
v 250.8769989013672 198.00399780273438 140.5050048828125
v 216.5030059814453 168.41900634765625 58.576900482177734
v 259.63299560546875 230.4409942626953 125.697998046875
v 257.01800537109375 215.79299926757812 111.69499969482422
v 243.6300048828125 193.91200256347656 114.45600128173828
v 190.7760009765625 171.11099243164062 73.89320373535156
v 179.56300354003906 163.60400390625 93.82350158691406
v 205.79299926757812 158.34100341796875 52.563499450683594
v 220.07699584960938 165.00999450683594 63.96110153198242
v 205.52999877929688 172.52999877929688 122.18800354003906
v 188.06300354003906 176.8990020751953 99.99340057373047
v 264.7879943847656 227.55799865722656 132.33200073242188
v 263.8269958496094 229.08099365234375 130.1929931640625
v 192.88499450683594 158.03799438476562 56.178199768066406
v 275.7120056152344 213.2760009765625 116.75499725341797
v 207.1320037841797 139.2209930419922 98.3488998413086
v 238.08900451660156 173.2779998779297 111.0250015258789
v 185.2449951171875 159.25100708007812 65.72859954833984
v 201.21400451660156 146.3820037841797 89.74040222167969
v 190.36099243164062 162.76600646972656 55.54100036621094
v 252.4320068359375 185.38099670410156 118.59600067138672
v 190.63600158691406 179.16400146484375 99.42839813232422
v 255.1909942626953 227.77099609375 128.4720001220703
v 191.9239959716797 173.01400756835938 82.52279663085938
v 191.06900024414062 171.31100463867188 73.67060089111328
v 204.88099670410156 168.56900024414062 116.4489974975586
v 274.79400634765625 229.5970001220703 127.03199768066406
v 204.61000061035156 162.26699829101562 106.28099822998047
v 201.41600036621094 149.83999633789062 72.64689636230469
v 214.6009979248047 143.3070068359375 96.82270050048828
v 193.48199462890625 170.92799377441406 97.47810363769531
v 202.64300537109375 175.80999755859375 60.09260177612305
v 216.81500244140625 144.97999572753906 97.33380126953125
v 206.41900634765625 170.44900512695312 101.37000274658203
v 220.23699951171875 167.08399963378906 109.11499786376953
v 257.8819885253906 224.87899780273438 124.61100006103516
v 187.5399932861328 175.28700256347656 88.40039825439453
v 236.2209930419922 201.4149932861328 137.16000366210938
v 190.49400329589844 173.44500732421875 82.51290130615234
v 241.93499755859375 199.6219940185547 120.35099792480469
v 215.11500549316406 168.68699645996094 78.32240295410156
v 211.41200256347656 172.57200622558594 114.59500122070312
v 184.85899353027344 162.0659942626953 62.57279968261719
v 201.09500122070312 165.7449951171875 115.32099914550781
v 257.6600036621094 229.48500061035156 123.14099884033203
v 219.88099670410156 177.031005859375 137.51100158691406
v 245.42599487304688 177.21400451660156 135.47500610351562
v 218.34500122070312 166.5919952392578 69.6718978881836
v 190.85699462890625 150.86700439453125 85.96939849853516
v 216.23699951171875 176.093994140625 131.44900512695312
v 184.10899353027344 167.93600463867188 101.11699676513672
v 258.3139953613281 231.1479949951172 126.48899841308594
v 231.0709991455078 159.58700561523438 115.00299835205078
v 256.5069885253906 219.43099975585938 117.88999938964844
v 237.36000061035156 181.05499267578125 145.13499450683594
v 215.697998046875 170.71800231933594 73.3218002319336
v 209.4199981689453 155.927001953125 91.66600036621094
v 205.53199768066406 181.53599548339844 90.63929748535156
v 219.43600463867188 165.26499938964844 136.46600341796875
v 191.43600463867188 165.6959991455078 55.60540008544922
v 272.2659912109375 209.93600463867188 119.88099670410156
v 194.64999389648438 171.36500549316406 97.40689849853516
v 265.76300048828125 225.58200073242188 132.7169952392578
v 212.45700073242188 175.7570037841797 112.80799865722656
v 217.00599670410156 178.86399841308594 120.375
v 258.4119873046875 192.06500244140625 130.9949951171875
v 178.38099670410156 171.05999755859375 84.68170166015625
v 216.00399780273438 158.9510040283203 129.84100341796875
v 216.08900451660156 156.7209930419922 128.76300048828125
v 217.5019989013672 171.30099487304688 78.35399627685547
v 210.01300048828125 170.20599365234375 118.802001953125
v 230.8470001220703 198.32899475097656 130.83700561523438
v 215.6999969482422 163.23899841308594 54.81529998779297
v 187.6750030517578 173.42799377441406 92.72200012207031
v 186.37100219726562 174.197998046875 86.72419738769531
v 217.76199340820312 166.94400024414062 60.288299560546875
v 231.8470001220703 163.01499938964844 127.30500030517578
v 266.36199951171875 226.97999572753906 134.41200256347656
v 267.5469970703125 227.52099609375 134.7169952392578
v 192.125 151.11399841308594 72.60790252685547
v 204.3489990234375 147.08700561523438 111.802001953125
v 258.0350036621094 229.76199340820312 131.9600067138672
v 220.88499450683594 168.1739959716797 137.46299743652344
v 217.875 158.81700134277344 106.59100341796875
v 220.7530059814453 166.7259979248047 107.62300109863281
v 206.35800170898438 157.4409942626953 123.1259994506836
v 201.33399963378906 168.5679931640625 126.0739974975586
v 208.4709930419922 184.25100708007812 102.74500274658203
v 244.88900756835938 183.17799377441406 113.71900177001953
v 190.96400451660156 151.20899963378906 79.89360046386719
v 189.92100524902344 152.43600463867188 76.53679656982422
v 226.5989990234375 181.1699981689453 119.39199829101562
v 193.0019989013672 172.23899841308594 95.93589782714844
v 194.02699279785156 172.4219970703125 95.404296875
v 188.78599548339844 152.4010009765625 83.75379943847656
v 188.3000030517578 154.44700622558594 81.2645034790039
v 213.71200561523438 170.89100646972656 55.61119842529297
v 226.3719940185547 179.95899963378906 115.65599822998047
v 243.35499572753906 201.82400512695312 146.10000610351562
v 266.40399169921875 237.13499450683594 129.8800048828125
v 194.33099365234375 173.1909942626953 95.04190063476562
v 216.7740020751953 166.53199768066406 57.47129821777344
v 189.2949981689453 153.80499267578125 68.58519744873047
v 227.5240020751953 162.16000366210938 132.11199951171875
v 211.197998046875 140.98500061035156 102.71399688720703
v 219.90899658203125 184.62899780273438 127.61299896240234
v 264.97198486328125 226.31399536132812 132.64999389648438
v 191.447998046875 173.52699279785156 82.24649810791016
v 215.3699951171875 174.4600067138672 111.21099853515625
v 272.7359924316406 211.5449981689453 122.73799896240234
v 262.7650146484375 207.9759979248047 131.58299255371094
v 230.47999572753906 172.1649932861328 113.01300048828125
v 251.27200317382812 214.375 127.31300354003906
v 186.29800415039062 172.7480010986328 65.64289855957031
v 237.1230010986328 184.86000061035156 144.4550018310547
v 213.0989990234375 156.73599243164062 57.43600082397461
v 202.781005859375 153.05799865722656 117.96399688720703
v 191.9949951171875 168.2550048828125 56.427101135253906
v 206.22999572753906 152.77099609375 65.35379791259766
v 184.0800018310547 173.89500427246094 84.4480972290039
v 184.46600341796875 174.48599243164062 80.77200317382812
v 214.95799255371094 177.3769989013672 119.31199645996094
v 257.0060119628906 186.10899353027344 123.98899841308594
v 183.88800048828125 161.26300048828125 64.5551986694336
v 191.51400756835938 162.08099365234375 114.9280014038086
v 265.4159851074219 202.86900329589844 123.43099975585938
v 184.7469940185547 165.07400512695312 111.00800323486328
v 254.48800659179688 215.8699951171875 125.6259994506836
v 262.9330139160156 200.86399841308594 125.55000305175781
v 260.68701171875 197.03500366210938 124.55799865722656
v 213.3159942626953 156.0240020751953 74.26950073242188
v 206.63800048828125 172.38699340820312 119.6510009765625
v 260.20098876953125 227.5469970703125 130.552001953125
v 186.63999938964844 163.48899841308594 116.36599731445312
v 253.3699951171875 181.9669952392578 134.4459991455078
v 235.6840057373047 182.22500610351562 145.33799743652344
v 190.61300659179688 165.59300231933594 114.2699966430664
v 192.3560028076172 174.28700256347656 95.57980346679688
v 188.81100463867188 173.16099548339844 88.42949676513672
v 206.9409942626953 171.29600524902344 122.9530029296875
v 195.3489990234375 164.4669952392578 125.427001953125
v 194.26499938964844 165.0659942626953 124.51499938964844
v 214.23699951171875 166.61599731445312 128.9810028076172
v 241.4409942626953 194.5989990234375 145.3159942626953
v 195.18499755859375 173.9040069580078 56.535400390625
v 190.69000244140625 171.79400634765625 74.44309997558594
v 229.2209930419922 168.0229949951172 111.39299774169922
v 184.88400268554688 175.01699829101562 76.87069702148438
v 224.13900756835938 153.1439971923828 124.01100158691406
v 222.06500244140625 182.322998046875 132.75
v 268.52301025390625 236.89999389648438 127.69000244140625
v 273.4620056152344 220.15499877929688 127.18399810791016
v 241.9290008544922 211.64300537109375 134.64500427246094
v 238.33299255371094 204.74099731445312 123.38099670410156
v 218.1649932861328 163.55299377441406 134.94400024414062
v 267.7340087890625 225.3000030517578 134.1510009765625
v 273.7879943847656 217.625 125.03199768066406
v 265.64599609375 220.45700073242188 107.14399719238281
v 195.64599609375 170.38299560546875 52.78620147705078
v 237.3719940185547 202.9770050048828 134.76300048828125
v 231.552001953125 171.38299560546875 140.60000610351562
v 268.6090087890625 207.6179962158203 115.17400360107422
v 223.8699951171875 163.41200256347656 136.65699768066406
v 184.42599487304688 170.31500244140625 102.88800048828125
v 211.49600219726562 163.6199951171875 70.09549713134766
v 218.9080047607422 179.14700317382812 116.56900024414062
v 206.2469940185547 156.60299682617188 121.29000091552734
v 205.48500061035156 155.447998046875 119.08499908447266
v 191.6020050048828 155.73500061035156 104.77300262451172
v 220.218994140625 164.125 105.93099975585938
v 233.18800354003906 170.6790008544922 138.8470001220703
v 206.29100036621094 150.2550048828125 117.51799774169922
v 208.42999267578125 178.7239990234375 77.2979965209961
v 214.81399536132812 170.17799377441406 70.91580200195312
v 249.67799377441406 205.13299560546875 110.43000030517578
v 258.6449890136719 192.87399291992188 134.95799255371094
v 189.62600708007812 171.77200317382812 78.24759674072266
v 273.54400634765625 230.531005859375 119.85099792480469
v 251.79200744628906 209.41700744628906 134.35899353027344
v 212.76400756835938 173.48800659179688 126.57099914550781
v 259.4309997558594 216.7830047607422 136.11000061035156
v 193.44400024414062 174.63999938964844 59.32509994506836
v 233.47000122070312 199.76800537109375 136.7570037841797
v 235.51499938964844 201.29200744628906 135.20199584960938
v 255.45899963378906 230.66700744628906 131.5
v 265.76300048828125 212.7760009765625 130.58700561523438
v 193.75 160.41900634765625 118.89299774169922
v 194.0030059814453 155.14500427246094 57.916900634765625
v 213.45899963378906 158.6820068359375 128.85400390625
v 194.09800720214844 161.66700744628906 121.18299865722656
v 178.76600646972656 161.0399932861328 87.53130340576172
v 209.36399841308594 180.6790008544922 105.71099853515625
v 183.08200073242188 173.05299377441406 89.83110046386719
v 263.572998046875 213.3699951171875 105.83499908447266
v 200.57400512695312 163.76199340820312 113.24299621582031
v 194.96400451660156 161.97300720214844 123.52200317382812
v 229.86900329589844 196.28199768066406 129.75399780273438
v 189.5749969482422 171.8070068359375 75.75350189208984
v 246.4080047607422 212.1269989013672 139.4149932861328
v 217.0030059814453 167.41700744628906 112.11900329589844
v 186.47799682617188 164.3719940185547 115.95500183105469
v 226.10000610351562 181.34500122070312 141.9010009765625
v 213.6739959716797 168.4759979248047 72.40239715576172
v 196.46200561523438 159.8159942626953 54.242401123046875
v 202.49899291992188 156.92300415039062 120.39600372314453
v 278.7439880371094 226.55299377441406 111.25299835205078
v 220.04600524902344 155.67599487304688 129.56399536132812
v 227.63299560546875 165.37600708007812 138.21499633789062
v 200.64999389648438 172.6929931640625 119.04900360107422
v 242 180.29800415039062 138.41900634765625
v 236.28500366210938 193.00799560546875 119.96800231933594
v 213.2899932861328 181.18899536132812 100.41200256347656
v 191.0189971923828 173.78599548339844 60.3140983581543
v 241.1529998779297 197.7969970703125 145.44700622558594
v 213.85000610351562 157.98399353027344 79.79879760742188
v 198.33099365234375 180.822998046875 80.07550048828125
v 240.38299560546875 167.91900634765625 131.19200134277344
v 232.54100036621094 178.31900024414062 144.7239990234375
v 211.97000122070312 156.04100036621094 59.71229934692383
v 221.02699279785156 184.24899291992188 131.2570037841797
v 219.09100341796875 165.5850067138672 106.70899963378906
v 212.08599853515625 164.63499450683594 74.9093017578125
v 185.7209930419922 175.10899353027344 84.17680358886719
v 238.08700561523438 202.4770050048828 144.2030029296875
v 190.0500030517578 177.81399536132812 104.7969970703125
v 275.0530090332031 219.7480010986328 123.72899627685547
v 224.3260040283203 180.1179962158203 119.41000366210938
v 262.5780029296875 200.572998046875 120.96900177001953
v 226.29100036621094 179.36399841308594 134.10499572753906
v 190.11599731445312 172.9669952392578 83.37940216064453
v 223.24400329589844 168.90499877929688 113.13600158691406
v 199.22999572753906 171.13099670410156 117.59200286865234
v 259.4110107421875 229.09800720214844 131.0019989013672
v 185.13800048828125 165.9409942626953 111.1510009765625
v 261.60101318359375 228.62399291992188 130.38800048828125
v 217.4320068359375 163.9550018310547 55.9995002746582
v 209.0540008544922 169.6320037841797 124.52899932861328
v 252.23599243164062 212.25599670410156 117.86299896240234
v 218.12399291992188 154.3070068359375 126.88999938964844
v 192.86599731445312 164.6199951171875 55.03049850463867
v 209.63299560546875 183.13499450683594 105.04900360107422
v 232.73899841308594 185.04600524902344 143.33099365234375
v 266.0169982910156 230.16000366210938 130.3780059814453
v 209.29299926757812 163.68899536132812 70.49079895019531
v 199.7989959716797 171.6510009765625 98.39009857177734
v 199.79600524902344 171.6490020751953 98.38020324707031
v 238.16200256347656 205.19200134277344 135.13900756835938
v 209.60299682617188 155.38400268554688 60.055999755859375
v 206.27099609375 158.43499755859375 124.60600280761719
v 238.29100036621094 193.84800720214844 144.11000061035156
v 239.4029998779297 171.48199462890625 112.1989974975586
v 210.81399536132812 161.2169952392578 126.45099639892578
v 210.7740020751953 161.26800537109375 94.90499877929688
v 252.53500366210938 188.42300415039062 116.37000274658203
v 229.44200134277344 187.91000366210938 137.0019989013672
v 249.45599365234375 208.79600524902344 138.36700439453125
v 191.81300354003906 179.46299743652344 73.54399871826172
v 194.87899780273438 173.62100219726562 96.8499984741211
v 226.35800170898438 153.28399658203125 112.39299774169922
v 265.0820007324219 208.2050018310547 108.93199920654297
v 190.58999633789062 170.85699462890625 74.87969970703125
v 186.4409942626953 161.95799255371094 110.20700073242188
v 184.90899658203125 163.5449981689453 110.74800109863281
v 190.33200073242188 180.8209991455078 93.63670349121094
v 224.19200134277344 180.14300537109375 116.33999633789062
v 193.36300659179688 169.68699645996094 55.39139938354492
v 178.4010009765625 161.9510040283203 84.11160278320312
v 204.5850067138672 182.06500244140625 94.93379974365234
v 206.54800415039062 177.97799682617188 69.55549621582031
v 192.4029998779297 171.86399841308594 97.12989807128906
v 221.58700561523438 178.99899291992188 115.50399780273438
v 228.4029998779297 157.2790069580078 113.19599914550781
v 250.7449951171875 180.18299865722656 127.43299865722656
v 206.43299865722656 144.7729949951172 89.07360076904297
v 218.1439971923828 145.7259979248047 98.59480285644531
v 253.19900512695312 211.8350067138672 112.92400360107422
v 266.06298828125 228.38499450683594 131.34300231933594
v 269.4309997558594 208.83900451660156 124.40699768066406
v 255.531005859375 213.4340057373047 111.23699951171875
v 195.54299926757812 166.96099853515625 125.13600158691406
v 216.968994140625 166.79400634765625 70.84770202636719
v 235.91200256347656 202.16600036621094 127.5780029296875
v 256.6700134277344 217.10400390625 134.31900024414062
v 267.79998779296875 215.6699981689453 129.9010009765625
v 242.01800537109375 168.99099731445312 133.37399291992188
v 219.6009979248047 159.9290008544922 134.24600219726562
v 243.4459991455078 189.29100036621094 114.08399963378906
v 208.50799560546875 161.6300048828125 111.85600280761719
v 219.4250030517578 146.85400390625 112.96800231933594
v 207.31300354003906 146.7209930419922 112.01100158691406
v 208.05099487304688 153.2480010986328 118.40499877929688
v 208.94700622558594 152.14700317382812 92.06109619140625
v 181.13900756835938 172.31700134277344 93.32250213623047
v 277.9159851074219 225.93800354003906 108.4469985961914
v 255.84800720214844 227.42999267578125 126.38099670410156
v 182.98599243164062 157.17799377441406 85.90070343017578
v 190.17599487304688 170.8699951171875 76.14910125732422
v 208.98500061035156 154.60000610351562 94.73049926757812
v 208.072998046875 169.2209930419922 117.46299743652344
v 212.3040008544922 167.33399963378906 72.57779693603516
v 219.67999267578125 161.4949951171875 59.11869812011719
v 187.64199829101562 166.61199951171875 110.53399658203125
v 267.8489990234375 224.83900451660156 115.97000122070312
v 237.3560028076172 197.1959991455078 120.11699676513672
v 192.58200073242188 152.7209930419922 102.45099639892578
v 228.10899353027344 156.7469940185547 126.7249984741211
v 180.2480010986328 167.11500549316406 96.29660034179688
v 269.41900634765625 214.92999267578125 104.01799774169922
v 261.3080139160156 230.6529998779297 129.73599243164062
v 262.5840148925781 224.7310028076172 113.64600372314453
v 213.927001953125 172.26199340820312 94.23410034179688
v 249.30099487304688 202.31700134277344 110.55500030517578
v 221.4409942626953 159.54400634765625 104.78099822998047
v 234.47799682617188 170.38699340820312 136.51600646972656
v 209.1510009765625 153.0070037841797 73.91200256347656
v 213.1959991455078 167.4459991455078 71.09290313720703
v 243.67100524902344 192.90199279785156 144.5709991455078
v 218.2310028076172 151.56100463867188 121.87200164794922
v 208.63499450683594 160.6820068359375 97.16909790039062
v 215.91700744628906 169.7480010986328 68.58170318603516

g grp1
usemtl mtl1
f 1432 2 1 
f 390 1 2 
f 772 4 3 
f 265 3 4 
f 636 6 5 
f 1016 5 6 
f 1049 8 7 
f 1771 7 8 
f 732 10 9 
f 492 9 10 
f 1840 12 11 
f 1596 11 12 
f 514 14 13 
f 1402 13 14 
f 62 16 15 
f 934 15 16 
f 1175 18 17 
f 182 17 18 
f 2508 20 19 
f 2236 19 20 
f 1863 22 21 
f 1377 21 22 
f 464 24 23 
f 207 23 24 
f 215 26 25 
f 2046 25 26 
f 679 28 27 
f 475 27 28 
f 1079 30 29 
f 1663 29 30 
f 9 32 31 
f 2093 31 32 
f 242 34 33 
f 1511 33 34 
f 565 36 35 
f 235 35 36 
f 2151 38 37 
f 136 37 38 
f 1188 40 39 
f 2098 39 40 
f 1800 42 41 
f 1074 41 42 
f 1502 44 43 
f 1510 43 44 
f 2187 46 45 
f 1922 45 46 
f 1928 48 47 
f 892 47 48 
f 515 49 14 
f 753 14 49 
f 2032 51 50 
f 1460 50 51 
f 1880 53 52 
f 2120 52 53 
f 966 55 54 
f 2426 54 55 
f 441 57 56 
f 114 56 57 
f 799 59 58 
f 1095 58 59 
f 84 61 60 
f 1988 60 61 
f 1439 63 62 
f 727 62 63 
f 2276 65 64 
f 1385 64 65 
f 1148 67 66 
f 986 66 67 
f 1414 69 68 
f 1357 68 69 
f 653 71 70 
f 457 70 71 
f 404 73 72 
f 156 72 73 
f 837 75 74 
f 175 74 75 
f 133 77 76 
f 395 76 77 
f 1843 79 78 
f 2486 78 79 
f 234 81 80 
f 687 80 81 
f 410 83 82 
f 2442 82 83 
f 1835 84 60 
f 2019 86 85 
f 2150 85 86 
f 2146 88 87 
f 1283 87 88 
f 763 90 89 
f 433 89 90 
f 1452 92 91 
f 2014 91 92 
f 1835 94 93 
f 816 93 94 
f 619 96 95 
f 2363 95 96 
f 482 98 97 
f 1379 97 98 
f 1170 100 99 
f 1851 99 100 
f 1982 102 101 
f 2293 101 102 
f 105 104 103 
f 1507 103 104 
f 206 104 105 
f 1461 51 106 
f 660 106 51 
f 1060 108 107 
f 826 107 108 
f 181 110 109 
f 2204 109 110 
f 102 112 111 
f 1147 111 112 
f 355 114 113 
f 2396 113 114 
f 1923 116 115 
f 1876 115 116 
f 1258 118 117 
f 1563 117 118 
f 1306 120 119 
f 1018 119 120 
f 1696 122 121 
f 245 121 122 
f 1357 124 123 
f 2373 123 124 
f 2111 126 125 
f 1911 125 126 
f 725 128 127 
f 1222 127 128 
f 1265 130 129 
f 1041 129 130 
f 746 132 131 
f 1579 131 132 
f 221 133 76 
f 1332 135 134 
f 1405 134 135 
f 224 137 136 
f 788 136 137 
f 1806 139 138 
f 351 138 139 
f 1372 141 140 
f 1901 140 141 
f 160 143 142 
f 2460 142 143 
f 336 145 144 
f 209 144 145 
f 1042 147 146 
f 864 146 147 
f 406 149 148 
f 1286 148 149 
f 1717 151 150 
f 1770 150 151 
f 1660 153 152 
f 1294 152 153 
f 191 155 154 
f 1259 154 155 
f 2414 157 156 
f 1192 156 157 
f 1567 159 158 
f 2305 158 159 
f 1095 161 160 
f 317 160 161 
f 2343 163 162 
f 2474 162 163 
f 646 165 164 
f 1108 164 165 
f 1969 167 166 
f 492 166 167 
f 1442 169 168 
f 2206 168 169 
f 929 171 170 
f 2394 170 171 
f 1786 173 172 
f 867 172 173 
f 1238 175 174 
f 882 174 175 
f 1558 177 176 
f 587 176 177 
f 796 179 178 
f 1846 178 179 
f 1289 181 180 
f 1725 180 181 
f 18 101 182 
f 1289 182 101 
f 270 184 183 
f 1122 183 184 
f 586 186 185 
f 1860 185 186 
f 2498 188 187 
f 1743 187 188 
f 1641 190 189 
f 354 189 190 
f 1855 192 191 
f 1586 191 192 
f 1769 194 193 
f 589 193 194 
f 2477 195 18 
f 1982 18 195 
f 2328 197 196 
f 1102 196 197 
f 1543 199 198 
f 1600 198 199 
f 237 201 200 
f 2303 200 201 
f 1670 203 202 
f 894 202 203 
f 1792 205 204 
f 2088 204 205 
f 23 207 206 
f 1434 206 207 
f 639 209 208 
f 1530 208 209 
f 568 211 210 
f 1590 210 211 
f 1494 213 212 
f 597 212 213 
f 459 215 214 
f 25 214 215 
f 1443 216 121 
f 1696 121 216 
f 2102 218 217 
f 276 217 218 
f 1147 112 219 
f 1510 219 112 
f 1007 220 98 
f 907 98 220 
f 1955 221 76 
f 2480 223 222 
f 1155 222 223 
f 1425 224 38 
f 136 38 224 
f 245 226 225 
f 1106 225 226 
f 338 228 227 
f 397 227 228 
f 1894 230 229 
f 1051 229 230 
f 648 232 231 
f 2375 231 232 
f 448 234 233 
f 2043 233 234 
f 36 236 235 
f 701 235 236 
f 200 238 237 
f 1891 237 238 
f 1991 240 239 
f 2454 239 240 
f 1617 242 241 
f 686 241 242 
f 2085 244 243 
f 1082 243 244 
f 226 245 122 
f 428 247 246 
f 1109 246 247 
f 2021 249 248 
f 1907 248 249 
f 1515 251 250 
f 948 250 251 
f 170 253 252 
f 1187 252 253 
f 1674 255 254 
f 2370 254 255 
f 611 257 256 
f 844 256 257 
f 2343 259 258 
f 1809 258 259 
f 2470 261 260 
f 1985 260 261 
f 223 263 262 
f 1620 262 263 
f 3 265 264 
f 487 264 265 
f 943 267 266 
f 1339 266 267 
f 1861 269 268 
f 770 268 269 
f 1988 270 183 
f 1715 272 271 
f 534 271 272 
f 1931 274 273 
f 491 273 274 
f 545 276 275 
f 1267 275 276 
f 2170 277 274 
f 491 274 277 
f 2436 279 278 
f 1709 278 279 
f 2268 281 280 
f 645 280 281 
f 598 283 282 
f 1277 282 283 
f 1719 285 284 
f 1671 284 285 
f 1170 284 286 
f 1671 286 284 
f 1434 288 287 
f 946 287 288 
f 824 290 289 
f 724 289 290 
f 1626 251 291 
f 1515 291 251 
f 1353 293 292 
f 1310 292 293 
f 1767 295 294 
f 1239 294 295 
f 2125 297 296 
f 1071 296 297 
f 965 299 298 
f 1206 298 299 
f 641 301 300 
f 1707 300 301 
f 1531 300 302 
f 1706 302 300 
f 1515 303 291 
f 1908 291 303 
f 1242 125 304 
f 2020 304 125 
f 818 306 305 
f 315 305 306 
f 470 308 307 
f 1090 307 308 
f 794 310 309 
f 2144 309 310 
f 400 312 311 
f 529 311 312 
f 1904 314 313 
f 2369 313 314 
f 306 316 315 
f 795 315 316 
f 2447 160 317 
f 248 319 318 
f 510 318 319 
f 1475 321 320 
f 675 320 321 
f 566 323 322 
f 1664 322 323 
f 1815 325 324 
f 2488 324 325 
f 1875 327 326 
f 1234 326 327 
f 166 329 328 
f 2042 328 329 
f 499 331 330 
f 2072 330 331 
f 664 333 332 
f 1228 332 333 
f 262 335 334 
f 2184 334 335 
f 343 337 336 
f 1488 336 337 
f 1995 228 338 
f 731 340 339 
f 2118 339 340 
f 2262 342 341 
f 1847 341 342 
f 432 337 343 
f 410 344 83 
f 2209 83 344 
f 347 346 345 
f 1323 345 346 
f 2167 346 347 
f 1422 349 348 
f 1221 348 349 
f 138 351 350 
f 1987 350 351 
f 2163 353 352 
f 714 352 353 
f 46 189 354 
f 558 356 355 
f 114 355 356 
f 398 358 357 
f 1713 357 358 
f 1380 360 359 
f 1576 359 360 
f 424 362 361 
f 1447 361 362 
f 1237 364 363 
f 2186 363 364 
f 2243 264 365 
f 1360 365 264 
f 763 367 366 
f 1217 366 367 
f 432 369 368 
f 1507 368 369 
f 2441 370 88 
f 657 88 370 
f 1917 372 371 
f 876 371 372 
f 452 103 369 
f 1507 369 103 
f 1040 374 373 
f 1144 373 374 
f 553 376 375 
f 1505 375 376 
f 626 378 377 
f 2490 377 378 
f 1953 380 379 
f 2229 379 380 
f 2358 381 41 
f 1800 41 381 
f 2126 383 382 
f 2503 382 383 
f 795 326 384 
f 1538 384 326 
f 2242 386 385 
f 2026 385 386 
f 462 388 387 
f 539 387 388 
f 793 390 389 
f 1711 389 390 
f 1230 392 391 
f 1181 391 392 
f 1237 394 393 
f 2210 393 394 
f 2392 396 395 
f 1856 395 396 
f 729 226 122 
f 228 398 397 
f 357 397 398 
f 362 400 399 
f 2192 399 400 
f 2474 163 401 
f 1998 401 163 
f 1859 403 402 
f 2197 402 403 
f 2366 405 404 
f 73 404 405 
f 96 406 148 
f 865 408 407 
f 999 407 408 
f 688 410 409 
f 82 409 410 
f 1909 412 411 
f 498 411 412 
f 2458 414 413 
f 2219 413 414 
f 2272 42 415 
f 2501 415 42 
f 1764 417 416 
f 1740 416 417 
f 1942 419 418 
f 730 418 419 
f 1992 421 420 
f 1387 420 421 
f 1313 423 422 
f 1028 422 423 
f 550 424 361 
f 2001 426 425 
f 2397 425 426 
f 502 427 144 
f 336 144 427 
f 2318 429 428 
f 2254 428 429 
f 343 336 427 
f 1648 431 430 
f 1405 430 431 
f 511 432 343 
f 90 430 433 
f 1319 433 430 
f 1997 435 434 
f 2479 434 435 
f 1084 437 436 
f 570 436 437 
f 818 439 438 
f 933 438 439 
f 57 441 440 
f 1303 440 441 
f 915 443 442 
f 941 442 443 
f 1691 445 444 
f 669 444 445 
f 788 447 446 
f 1660 446 447 
f 449 369 432 
f 2369 448 233 
f 511 449 432 
f 1566 451 450 
f 67 450 451 
f 452 369 449 
f 1365 454 453 
f 2130 453 454 
f 455 103 452 
f 105 103 455 
f 653 70 456 
f 632 456 70 
f 2178 457 71 
f 1164 459 458 
f 214 458 459 
f 1595 461 460 
f 1489 460 461 
f 387 463 462 
f 1713 462 463 
f 455 464 105 
f 23 105 464 
f 730 339 465 
f 2299 465 339 
f 1473 467 466 
f 2193 466 467 
f 913 469 468 
f 2314 468 469 
f 585 239 470 
f 2306 470 239 
f 726 248 318 
f 1748 472 471 
f 2128 471 472 
f 30 474 473 
f 758 473 474 
f 2197 476 475 
f 2264 475 476 
f 1671 478 477 
f 1264 477 478 
f 1265 480 479 
f 501 479 480 
f 634 482 481 
f 680 481 482 
f 614 484 483 
f 1817 483 484 
f 2492 486 485 
f 2399 485 486 
f 2017 488 487 
f 126 487 488 
f 20 490 489 
f 2504 489 490 
f 1593 491 277 
f 2351 492 10 
f 1625 493 112 
f 1510 112 493 
f 1869 495 494 
f 1209 494 495 
f 2464 95 496 
f 2040 496 95 
f 411 498 497 
f 2122 497 498 
f 2211 331 499 
f 1458 501 500 
f 1761 500 501 
f 505 427 502 
f 1019 504 503 
f 807 503 504 
f 2033 81 178 
f 909 178 81 
f 506 343 427 
f 506 427 505 
f 1757 508 507 
f 2207 507 508 
f 509 343 506 
f 511 343 509 
f 319 438 510 
f 933 510 438 
f 526 511 509 
f 1916 513 512 
f 2491 512 513 
f 1776 515 514 
f 14 514 515 
f 1016 517 516 
f 1417 516 517 
f 1294 519 518 
f 1863 518 519 
f 521 449 511 
f 1411 436 520 
f 570 520 436 
f 526 521 511 
f 522 452 449 
f 522 449 521 
f 523 455 452 
f 523 452 522 
f 1826 525 524 
f 1932 524 525 
f 592 521 526 
f 1833 528 527 
f 997 527 528 
f 530 464 455 
f 2346 198 529 
f 1954 529 198 
f 523 530 455 
f 1663 473 467 
f 2193 467 473 
f 2270 532 531 
f 1540 531 532 
f 1218 533 340 
f 2118 340 533 
f 607 534 272 
f 1522 536 535 
f 1642 535 536 
f 1598 538 537 
f 854 537 538 
f 800 539 388 
f 2065 541 540 
f 1706 540 541 
f 853 543 542 
f 1249 542 543 
f 1900 545 544 
f 275 544 545 
f 957 162 329 
f 2474 329 162 
f 1999 547 546 
f 1665 546 547 
f 1658 549 548 
f 636 548 549 
f 2116 551 550 
f 424 550 551 
f 2375 553 552 
f 1308 552 553 
f 2338 555 554 
f 1720 554 555 
f 1824 557 556 
f 710 556 557 
f 2150 356 558 
f 1901 141 556 
f 764 556 141 
f 1579 560 559 
f 977 559 560 
f 895 562 561 
f 2054 561 562 
f 1910 564 563 
f 1362 563 564 
f 323 566 565 
f 1487 565 566 
f 2327 568 567 
f 2124 567 568 
f 2463 570 569 
f 437 569 570 
f 1617 241 571 
f 896 571 241 
f 1546 573 572 
f 2162 572 573 
f 640 574 502 
f 505 502 574 
f 575 506 505 
f 575 505 574 
f 576 509 506 
f 576 506 575 
f 1583 578 577 
f 1125 577 578 
f 772 580 579 
f 955 579 580 
f 791 577 581 
f 1149 581 577 
f 1016 582 517 
f 1649 517 582 
f 1334 584 583 
f 1929 583 584 
f 307 585 470 
f 705 586 185 
f 875 587 177 
f 923 589 588 
f 2242 588 589 
f 592 522 521 
f 1753 591 590 
f 2409 590 591 
f 593 523 522 
f 593 522 592 
f 665 526 594 
f 509 594 526 
f 116 596 595 
f 2034 595 596 
f 907 212 597 
f 600 530 523 
f 282 599 598 
f 2135 598 599 
f 593 600 523 
f 629 602 601 
f 2390 601 602 
f 1372 604 603 
f 1500 603 604 
f 1594 606 605 
f 809 605 606 
f 612 607 530 
f 464 530 607 
f 1676 605 608 
f 1964 608 605 
f 531 610 609 
f 1437 609 610 
f 1118 611 7 
f 1049 7 611 
f 534 607 612 
f 2439 614 613 
f 483 613 614 
f 1760 616 615 
f 2074 615 616 
f 1592 618 617 
f 1783 617 618 
f 1801 620 619 
f 96 619 620 
f 2396 621 10 
f 2351 10 621 
f 2470 260 573 
f 1139 573 260 
f 1522 623 622 
f 2304 622 623 
f 2038 625 624 
f 2326 624 625 
f 2076 378 626 
f 2121 628 627 
f 2151 627 628 
f 2057 629 601 
f 1493 631 630 
f 1406 630 631 
f 70 633 632 
f 1756 632 633 
f 481 635 634 
f 1629 634 635 
f 548 636 5 
f 787 638 637 
f 639 637 638 
f 638 640 639 
f 502 639 640 
f 1531 642 641 
f 768 641 642 
f 806 644 643 
f 1618 643 644 
f 2168 280 645 
f 808 640 638 
f 1390 647 646 
f 759 646 647 
f 650 574 640 
f 1624 649 648 
f 232 648 649 
f 808 650 640 
f 651 575 574 
f 651 574 650 
f 1705 652 633 
f 1756 633 652 
f 576 575 651 
f 1211 71 653 
f 1287 626 377 
f 2361 654 653 
f 1211 653 654 
f 1061 656 655 
f 324 655 656 
f 1283 88 657 
f 594 509 658 
f 576 658 509 
f 744 658 576 
f 1858 660 659 
f 2032 659 660 
f 912 662 661 
f 1857 661 662 
f 627 664 663 
f 1505 663 664 
f 666 592 526 
f 666 526 665 
f 667 593 592 
f 667 592 666 
f 1584 668 596 
f 1951 596 668 
f 745 665 594 
f 671 600 593 
f 1121 670 669 
f 1846 669 670 
f 667 671 593 
f 2408 673 672 
f 2174 672 673 
f 674 600 671 
f 530 600 674 
f 321 676 675 
f 255 675 676 
f 612 530 674 
f 2031 678 677 
f 2039 677 678 
f 481 680 679 
f 716 679 680 
f 1597 682 681 
f 2441 681 682 
f 919 684 683 
f 2195 683 684 
f 241 686 685 
f 1154 685 686 
f 2033 687 81 
f 698 689 688 
f 410 688 689 
f 643 691 690 
f 1279 690 691 
f 1545 693 692 
f 1876 692 693 
f 852 695 694 
f 930 694 695 
f 1331 697 696 
f 1508 696 697 
f 2254 699 698 
f 1889 698 699 
f 533 701 700 
f 2317 700 701 
f 1639 703 702 
f 1493 702 703 
f 1187 705 704 
f 185 704 705 
f 628 707 706 
f 2450 706 707 
f 2196 709 708 
f 1544 708 709 
f 1901 556 710 
f 980 712 711 
f 1993 711 712 
f 352 714 713 
f 1233 713 714 
f 2480 715 263 
f 1726 263 715 
f 28 679 716 
f 1046 718 717 
f 1524 717 718 
f 1638 720 719 
f 1822 719 720 
f 901 722 721 
f 831 721 722 
f 1520 724 723 
f 1454 723 724 
f 784 128 725 
f 2215 727 726 
f 63 726 727 
f 2076 729 728 
f 122 728 729 
f 1199 731 730 
f 339 730 731 
f 2396 10 732 
f 1979 149 733 
f 406 733 149 
f 1179 735 734 
f 867 734 735 
f 2090 737 736 
f 2069 736 737 
f 740 651 650 
f 394 739 738 
f 968 738 739 
f 808 740 650 
f 741 576 651 
f 741 651 740 
f 833 743 742 
f 779 742 743 
f 744 576 741 
f 745 594 658 
f 745 658 744 
f 1028 746 131 
f 1259 157 154 
f 2414 154 157 
f 748 666 665 
f 1855 191 154 
f 17 747 569 
f 2221 569 747 
f 749 667 666 
f 749 666 748 
f 2505 751 750 
f 1292 750 751 
f 820 667 749 
f 75 425 175 
f 882 175 425 
f 754 671 667 
f 1402 753 752 
f 1120 752 753 
f 820 754 667 
f 755 674 671 
f 755 671 754 
f 756 612 674 
f 756 674 755 
f 1210 757 184 
f 1123 184 757 
f 474 759 758 
f 1070 758 759 
f 1811 761 760 
f 2147 760 761 
f 562 763 762 
f 89 762 763 
f 1582 765 764 
f 1824 764 765 
f 1939 767 766 
f 1732 766 767 
f 1505 332 768 
f 641 768 332 
f 2168 770 769 
f 2278 769 770 
f 2125 296 771 
f 1178 771 296 
f 579 4 772 
f 1453 774 773 
f 2207 773 774 
f 1102 776 775 
f 1894 775 776 
f 2211 778 777 
f 2092 777 778 
f 2284 779 743 
f 2117 781 780 
f 1486 780 781 
f 1741 783 782 
f 1169 782 783 
f 911 785 784 
f 128 784 785 
f 503 787 786 
f 637 786 787 
f 919 788 137 
f 2144 310 567 
f 2327 567 310 
f 1773 790 789 
f 1914 789 790 
f 1406 792 791 
f 1583 791 792 
f 310 794 793 
f 1 793 794 
f 1966 762 89 
f 316 796 795 
f 1875 795 796 
f 1089 798 797 
f 259 797 798 
f 1940 799 58 
f 1570 800 388 
f 807 801 787 
f 638 787 801 
f 602 803 802 
f 1459 802 803 
f 804 638 801 
f 808 638 804 
f 1233 806 805 
f 2165 805 806 
f 873 801 807 
f 1550 98 482 
f 810 740 808 
f 1964 605 809 
f 804 810 808 
f 811 741 740 
f 811 740 810 
f 812 744 741 
f 812 741 811 
f 813 745 744 
f 813 744 812 
f 814 665 745 
f 814 745 813 
f 947 815 224 
f 1849 224 815 
f 748 665 814 
f 2081 816 94 
f 825 749 748 
f 1835 817 94 
f 2205 94 817 
f 438 819 818 
f 1527 818 819 
f 825 820 749 
f 50 822 821 
f 1816 821 822 
f 2296 824 823 
f 289 823 824 
f 826 754 820 
f 826 820 825 
f 297 828 827 
f 1398 827 828 
f 755 754 826 
f 1616 830 829 
f 1464 829 830 
f 1111 832 831 
f 1290 831 832 
f 743 833 829 
f 1053 829 833 
f 2072 331 834 
f 2483 834 331 
f 2382 836 835 
f 1600 835 836 
f 108 755 826 
f 2001 75 837 
f 661 534 756 
f 612 756 534 
f 1003 839 838 
f 1050 838 839 
f 1831 841 840 
f 850 840 841 
f 2190 843 842 
f 1857 842 843 
f 62 15 844 
f 1276 844 15 
f 2454 240 845 
f 1879 845 240 
f 58 142 846 
f 2460 846 142 
f 2265 848 847 
f 2494 847 848 
f 1367 562 762 
f 130 850 849 
f 1694 849 850 
f 49 852 851 
f 694 851 852 
f 1613 853 542 
f 1997 855 854 
f 195 854 855 
f 272 857 856 
f 2261 856 857 
f 1038 859 858 
f 2497 858 859 
f 1301 861 860 
f 956 860 861 
f 2161 863 862 
f 1774 862 863 
f 1372 140 864 
f 39 864 140 
f 1039 866 865 
f 2223 865 866 
f 787 503 807 
f 735 172 867 
f 2238 559 868 
f 977 868 559 
f 1323 870 869 
f 1868 869 870 
f 2045 297 827 
f 2400 871 870 
f 887 870 871 
f 873 804 801 
f 1658 321 872 
f 1475 872 321 
f 949 807 504 
f 950 804 873 
f 587 875 874 
f 172 874 875 
f 878 810 804 
f 372 877 876 
f 1423 876 877 
f 950 878 804 
f 879 811 810 
f 879 810 878 
f 879 812 811 
f 2224 881 880 
f 361 880 881 
f 2420 883 882 
f 2089 882 883 
f 884 813 812 
f 884 812 879 
f 885 814 813 
f 885 813 884 
f 886 748 814 
f 886 814 885 
f 1063 888 887 
f 1032 887 888 
f 889 748 886 
f 825 748 889 
f 2189 890 822 
f 1409 822 890 
f 904 825 889 
f 1457 892 891 
f 48 891 892 
f 904 826 825 
f 2374 894 893 
f 2299 893 894 
f 1925 895 561 
f 52 571 896 
f 1241 898 897 
f 1651 897 898 
f 320 900 899 
f 1825 899 900 
f 1451 902 901 
f 722 901 902 
f 1069 903 466 
f 1827 466 903 
f 756 755 108 
f 107 826 904 
f 1043 906 905 
f 2424 905 906 
f 623 907 597 
f 327 909 908 
f 81 908 909 
f 1735 911 910 
f 784 910 911 
f 108 912 756 
f 661 756 912 
f 2127 397 357 
f 1747 469 913 
f 1439 844 257 
f 1885 914 837 
f 2001 837 914 
f 1092 915 127 
f 442 127 915 
f 1264 917 916 
f 717 916 917 
f 861 918 702 
f 1639 702 918 
f 1798 788 919 
f 2099 921 920 
f 1535 920 921 
f 1861 508 269 
f 1020 269 508 
f 1672 923 922 
f 588 922 923 
f 2336 925 924 
f 2164 924 925 
f 1860 704 185 
f 2419 463 926 
f 387 926 463 
f 2355 928 927 
f 1679 927 928 
f 170 252 929 
f 1244 929 252 
f 1674 931 930 
f 1734 930 931 
f 510 933 932 
f 2070 932 933 
f 940 934 16 
f 1011 503 935 
f 786 935 503 
f 2332 937 936 
f 1145 936 937 
f 1222 939 938 
f 928 938 939 
f 1097 934 940 
f 2440 443 761 
f 1091 761 443 
f 2494 59 847 
f 799 847 59 
f 2440 941 443 
f 1333 943 942 
f 29 942 943 
f 169 945 944 
f 1316 944 945 
f 2436 278 946 
f 1613 946 278 
f 949 873 807 
f 250 948 947 
f 815 947 948 
f 951 950 873 
f 951 873 949 
f 952 878 950 
f 952 950 951 
f 953 879 878 
f 953 878 952 
f 194 880 954 
f 1447 954 880 
f 884 879 953 
f 629 955 602 
f 803 602 955 
f 2508 490 20 
f 1890 860 956 
f 1527 306 818 
f 963 885 884 
f 1428 162 957 
f 1459 959 958 
f 177 958 959 
f 963 886 885 
f 1839 960 65 
f 1385 65 960 
f 1559 962 961 
f 2114 961 962 
f 964 889 886 
f 964 886 963 
f 964 904 889 
f 2091 299 965 
f 2301 967 966 
f 55 966 967 
f 739 969 968 
f 901 968 969 
f 1059 904 964 
f 1434 970 206 
f 104 206 970 
f 1209 495 971 
f 984 971 495 
f 2409 591 972 
f 2358 972 591 
f 2054 973 561 
f 1924 561 973 
f 2333 975 974 
f 1014 974 975 
f 868 977 976 
f 1248 976 977 
f 176 979 978 
f 1075 978 979 
f 1066 712 980 
f 1688 982 981 
f 1449 981 982 
f 588 385 922 
f 2026 922 385 
f 988 913 468 
f 173 983 867 
f 2280 867 983 
f 2447 143 160 
f 495 985 984 
f 1687 984 985 
f 451 986 67 
f 1976 709 987 
f 1245 987 709 
f 1450 988 468 
f 1414 990 989 
f 1382 989 990 
f 1248 992 991 
f 2310 991 992 
f 355 994 993 
f 1938 993 994 
f 1463 996 995 
f 2126 995 996 
f 528 998 997 
f 2179 997 998 
f 2149 999 408 
f 307 91 1000 
f 2014 1000 91 
f 935 1002 1001 
f 2347 1001 1002 
f 786 1002 935 
f 1797 1004 1003 
f 839 1003 1004 
f 2085 1006 1005 
f 2501 1005 1006 
f 1076 1008 1007 
f 2319 1007 1008 
f 2450 1009 706 
f 38 706 1009 
f 1011 935 1010 
f 1001 1010 935 
f 1018 1013 1012 
f 2216 1012 1013 
f 1552 974 1014 
f 548 1016 1015 
f 516 1015 1016 
f 1613 542 1017 
f 1100 1017 542 
f 2058 643 690 
f 713 1018 120 
f 1011 1019 503 
f 1758 1021 1020 
f 2237 1020 1021 
f 1579 559 1022 
f 2238 1022 559 
f 2032 50 821 
f 1025 949 504 
f 1185 1024 1023 
f 2190 1023 1024 
f 1019 1025 504 
f 1026 951 949 
f 1026 949 1025 
f 1027 952 951 
f 1027 951 1026 
f 1027 953 952 
f 1022 1028 131 
f 1683 289 724 
f 1288 1030 1029 
f 1651 1029 1030 
f 1947 1031 543 
f 1245 543 1031 
f 1045 680 482 
f 888 1033 1032 
f 1225 1032 1033 
f 2408 1035 1034 
f 1762 1034 1035 
f 2481 1037 1036 
f 2381 1036 1037 
f 2421 859 1038 
f 374 1040 1039 
f 2127 1039 1040 
f 2297 129 1041 
f 565 147 1042 
f 476 1044 1043 
f 906 1043 1044 
f 680 1045 716 
f 1952 716 1045 
f 1048 964 963 
f 1530 209 145 
f 1266 1047 1046 
f 718 1046 1047 
f 2025 965 293 
f 1311 293 965 
f 1580 964 1048 
f 1523 1050 839 
f 2230 229 1051 
f 2305 541 1052 
f 2065 1052 541 
f 1331 1053 833 
f 2360 1054 1052 
f 2305 1052 1054 
f 1297 942 1055 
f 1950 1055 942 
f 1059 1056 107 
f 1060 107 1056 
f 2445 1058 1057 
f 899 1057 1058 
f 1059 107 904 
f 2229 1061 379 
f 1963 379 1061 
f 319 819 438 
f 888 1063 1062 
f 1424 1062 1063 
f 1902 250 947 
f 2481 1065 1064 
f 1373 1064 1065 
f 1730 1067 1066 
f 693 1066 1067 
f 2448 1068 982 
f 1448 982 1068 
f 2193 1070 1069 
f 1534 1069 1070 
f 1673 1072 1071 
f 296 1071 1072 
f 1636 1074 1073 
f 2272 1073 1074 
f 1673 1075 1072 
f 1965 1072 1075 
f 2403 1076 547 
f 2024 547 1076 
f 2078 1078 1077 
f 1717 1077 1078 
f 474 1079 165 
f 1270 165 1079 
f 1599 527 1080 
f 414 1080 527 
f 243 1082 1081 
f 1411 1081 1082 
f 1973 501 480 
f 422 1028 1022 
f 1456 1084 1083 
f 1082 1083 1084 
f 1098 1086 1085 
f 1699 1085 1086 
f 1093 1025 1019 
f 1706 1087 540 
f 2269 540 1087 
f 2238 1089 1088 
f 1572 1088 1089 
f 1093 1026 1025 
f 2248 1090 308 
f 915 1092 1091 
f 2437 1091 1092 
f 1094 1027 1026 
f 1094 1026 1093 
f 673 1028 423 
f 1161 1027 1094 
f 59 1096 1095 
f 1468 1095 1096 
f 1763 1097 940 
f 1318 1098 1085 
f 1161 1099 1027 
f 953 1027 1099 
f 1261 1101 1100 
f 1017 1100 1101 
f 1103 953 1099 
f 196 1102 775 
f 1110 963 1103 
f 884 1103 963 
f 1418 1105 1104 
f 1633 1104 1105 
f 1241 1107 1106 
f 1692 1106 1107 
f 1980 1109 1108 
f 1341 1108 1109 
f 1048 963 1110 
f 2157 832 1111 
f 1417 1048 1110 
f 2044 1112 682 
f 2507 682 1112 
f 1021 518 1113 
f 1863 1113 518 
f 2332 1114 937 
f 2000 937 1114 
f 1725 1116 1115 
f 583 1115 1116 
f 1192 1117 72 
f 1559 72 1117 
f 257 611 1118 
f 2366 1119 940 
f 1243 940 1119 
f 1410 752 1120 
f 445 1121 669 
f 184 1123 1122 
f 2205 1122 1123 
f 1149 1125 1124 
f 2277 1124 1125 
f 1267 1127 1126 
f 462 1126 1127 
f 1327 1056 1059 
f 1771 1129 1128 
f 2431 1128 1129 
f 2128 1130 471 
f 1653 471 1130 
f 2238 422 1022 
f 1229 1132 1131 
f 2435 1131 1132 
f 132 1133 348 
f 1422 348 1133 
f 2304 1135 1134 
f 1369 1134 1135 
f 1137 1010 1136 
f 1001 1136 1010 
f 1011 1010 1137 
f 374 865 407 
f 2505 750 1138 
f 1974 1138 750 
f 260 1140 1139 
f 2492 1139 1140 
f 2476 1142 1141 
f 1739 1141 1142 
f 1891 1143 580 
f 955 580 1143 
f 374 407 1144 
f 999 1144 407 
f 2438 1145 937 
f 2204 1147 1146 
f 219 1146 1147 
f 1509 1148 696 
f 1331 696 1148 
f 1371 1149 1124 
f 1150 1019 1011 
f 1093 1019 1150 
f 1896 1152 1151 
f 2148 1151 1152 
f 2287 1154 1153 
f 2402 1153 1154 
f 223 334 1155 
f 1349 1155 334 
f 1452 1090 1156 
f 2140 1156 1090 
f 1250 1158 1157 
f 1443 1157 1158 
f 2495 1160 1159 
f 1065 1159 1160 
f 1161 1094 1093 
f 1150 1161 1093 
f 1513 1163 1162 
f 1432 1162 1163 
f 631 1164 458 
f 190 1166 1165 
f 1408 1165 1166 
f 2110 1167 1159 
f 2495 1159 1167 
f 2339 1049 611 
f 1204 1159 1065 
f 1766 1168 402 
f 1859 402 1168 
f 1173 1103 1099 
f 2129 782 1169 
f 286 341 1170 
f 100 1170 341 
f 1378 1172 1171 
f 2087 1171 1172 
f 1110 1103 1173 
f 8 1174 1129 
f 2136 1129 1174 
f 437 1175 17 
f 558 355 993 
f 2320 1176 426 
f 1956 426 1176 
f 1179 1178 1177 
f 1965 1177 1178 
f 1177 735 1179 
f 1527 1180 316 
f 179 316 1180 
f 53 1181 392 
f 1608 22 519 
f 1863 519 22 
f 329 166 1182 
f 492 1182 166 
f 2119 1184 1183 
f 1131 1183 1184 
f 1483 1185 1023 
f 1652 1150 1011 
f 1368 1187 1186 
f 704 1186 1187 
f 1901 710 1188 
f 918 1188 710 
f 1376 863 1189 
f 2100 1189 863 
f 1978 1191 1190 
f 1794 1190 1191 
f 72 156 1192 
f 1195 1161 1150 
f 1971 1194 1193 
f 2358 1193 1194 
f 1652 1195 1150 
f 989 1197 1196 
f 2160 1196 1197 
f 676 1151 1198 
f 2148 1198 1151 
f 2455 411 497 
f 2376 77 133 
f 1664 731 1199 
f 1641 1200 1166 
f 622 1166 1200 
f 273 491 1201 
f 1593 1201 491 
f 2371 1203 1202 
f 1730 1202 1203 
f 1344 290 824 
f 2481 1036 1204 
f 1258 1204 1036 
f 909 796 178 
f 1330 1205 21 
f 1863 21 1205 
f 299 1207 1206 
f 1788 1206 1207 
f 2067 435 1208 
f 1997 1208 435 
f 2496 1209 971 
f 1477 1210 184 
f 1770 1211 150 
f 1845 150 1211 
f 2452 1213 1212 
f 285 1212 1213 
f 1523 839 1004 
f 648 231 1214 
f 2378 1214 231 
f 2433 1216 1215 
f 2434 1215 1216 
f 966 54 1217 
f 1309 1217 54 
f 35 235 1218 
f 533 1218 235 
f 2126 382 1219 
f 2319 1219 382 
f 1997 1220 855 
f 1754 855 1220 
f 1579 348 1221 
f 939 1222 128 
f 1668 1224 1223 
f 344 1223 1224 
f 1583 757 1210 
f 2499 1226 1225 
f 1440 1225 1226 
f 1039 865 374 
f 1343 227 1227 
f 397 1227 227 
f 2357 1228 333 
f 392 1230 1229 
f 1366 1229 1230 
f 1907 319 248 
f 2275 1232 1231 
f 1782 1231 1232 
f 806 1233 714 
f 1927 1235 1234 
f 1538 1234 1235 
f 2151 628 706 
f 394 1237 1236 
f 363 1236 1237 
f 2275 74 1238 
f 175 1238 74 
f 295 1240 1239 
f 1470 1239 1240 
f 2216 1107 1241 
f 26 1242 304 
f 1945 1244 1243 
f 1368 1243 1244 
f 987 1245 1031 
f 1764 1246 417 
f 2496 417 1246 
f 29 1247 1079 
f 1270 1079 1247 
f 1249 543 1245 
f 1263 976 1248 
f 1100 542 1249 
f 1731 1158 1250 
f 1455 1252 1251 
f 1680 1251 1252 
f 1376 707 1253 
f 628 1253 707 
f 1969 1255 1254 
f 2494 1254 1255 
f 1248 991 1256 
f 1698 1256 991 
f 618 1183 1257 
f 2435 1257 1183 
f 118 1258 1036 
f 1796 1259 155 
f 2281 413 1260 
f 2219 1260 413 
f 1261 1249 1245 
f 1261 1245 709 
f 1261 1100 1249 
f 1894 1262 230 
f 2252 230 1262 
f 197 1263 1102 
f 776 1102 1263 
f 917 1264 478 
f 130 1265 479 
f 1213 1266 478 
f 1046 478 1266 
f 2462 335 262 
f 218 1268 1267 
f 1614 1267 1268 
f 165 1270 1269 
f 1286 1269 1270 
f 1525 1271 1058 
f 1475 1058 1271 
f 2427 1273 1272 
f 1810 1272 1273 
f 2335 275 1126 
f 1267 1126 275 
f 1017 1101 287 
f 970 287 1101 
f 1512 1275 1274 
f 1282 1274 1275 
f 256 844 1276 
f 283 1278 1277 
f 1615 1277 1278 
f 1904 327 314 
f 908 314 327 
f 2221 690 1279 
f 1698 1262 1256 
f 776 1256 1262 
f 1941 1281 1280 
f 2069 1280 1281 
f 87 1283 1282 
f 2078 1282 1283 
f 85 1284 488 
f 126 488 1284 
f 2232 1030 1285 
f 1288 1285 1030 
f 2196 1101 1261 
f 1269 1286 149 
f 2103 1288 1287 
f 1029 1287 1288 
f 2293 1289 101 
f 2404 831 1290 
f 750 1292 1291 
f 603 1291 1292 
f 589 194 954 
f 2469 20 489 
f 2212 823 1293 
f 1329 1293 823 
f 153 519 1294 
f 2016 1296 1295 
f 1141 1295 1296 
f 1332 1297 1055 
f 1416 711 1298 
f 1993 1298 711 
f 2365 1300 1299 
f 2485 1299 1300 
f 2323 1301 40 
f 2098 40 1301 
f 2339 256 1276 
f 2271 1303 1302 
f 1535 1302 1303 
f 2132 1305 1304 
f 2139 1304 1305 
f 1754 195 855 
f 1498 1307 1306 
f 120 1306 1307 
f 1723 1308 642 
f 375 642 1308 
f 366 1217 1309 
f 293 1311 1310 
f 1884 1310 1311 
f 1697 1312 739 
f 969 739 1312 
f 2174 423 1313 
f 419 1199 730 
f 1907 1315 1314 
f 2344 1314 1315 
f 1395 1317 1316 
f 944 1316 1317 
f 2342 1319 1318 
f 1098 1318 1319 
f 1793 1321 1320 
f 1240 1320 1321 
f 345 1323 1322 
f 1905 1322 1323 
f 1889 689 698 
f 2136 1325 1324 
f 2497 1324 1325 
f 1649 1327 1326 
f 1580 1326 1327 
f 1293 1329 1328 
f 1519 1328 1329 
f 2484 1331 1330 
f 833 1330 1331 
f 1403 1333 1332 
f 1297 1332 1333 
f 1116 1335 1334 
f 1496 1334 1335 
f 1890 956 1223 
f 1668 1223 956 
f 128 1336 939 
f 1679 939 1336 
f 1806 138 1337 
f 350 1337 138 
f 2003 1322 1338 
f 1905 1338 1322 
f 2040 1340 1339 
f 266 1339 1340 
f 1868 1032 1225 
f 409 1342 1341 
f 164 1341 1342 
f 2286 227 1343 
f 1695 1344 824 
f 1560 1346 1345 
f 2170 1345 1346 
f 1454 1348 1347 
f 2172 1347 1348 
f 409 82 1342 
f 1390 1342 82 
f 429 701 236 
f 2084 1349 334 
f 1689 1351 1350 
f 458 1350 1351 
f 104 970 1101 
f 2021 63 1352 
f 1439 1352 63 
f 1434 287 970 
f 1489 1353 292 
f 1511 1355 1354 
f 1793 1354 1355 
f 2167 960 1356 
f 1839 1356 960 
f 532 68 1357 
f 2085 243 1006 
f 415 1006 243 
f 834 1359 1358 
f 2233 1358 1359 
f 2071 1360 264 
f 2128 1361 1130 
f 2376 1130 1361 
f 564 1363 1362 
f 1666 1362 1363 
f 454 1365 1364 
f 2168 1364 1365 
f 2054 1367 1366 
f 2341 1366 1367 
f 1244 252 1368 
f 1187 1368 252 
f 1408 1134 1369 
f 2098 1370 699 
f 1889 699 1370 
f 1668 1149 1371 
f 968 1047 1266 
f 2041 604 1372 
f 1160 1373 1065 
f 391 1375 1374 
f 1752 1374 1375 
f 1739 1142 1012 
f 119 1012 1142 
f 707 1376 1189 
f 2002 1378 1377 
f 21 1377 1378 
f 907 1379 98 
f 359 1381 1380 
f 2367 1380 1381 
f 2240 1382 990 
f 1885 837 74 
f 1958 1383 388 
f 1570 388 1383 
f 2268 1384 281 
f 472 281 1384 
f 220 212 907 
f 347 345 1385 
f 2003 1385 345 
f 1504 1387 1386 
f 421 1386 1387 
f 2372 1389 1388 
f 1546 1388 1389 
f 2007 202 894 
f 1342 1390 164 
f 646 164 1390 
f 1875 909 327 
f 1418 1104 1391 
f 1638 1391 1104 
f 1789 1393 1392 
f 2053 1392 1393 
f 1429 1394 440 
f 621 440 1394 
f 986 1396 1395 
f 752 1395 1396 
f 2442 647 1390 
f 2082 669 1397 
f 1846 1397 669 
f 828 1399 1398 
f 1935 1398 1399 
f 1709 1400 853 
f 1947 853 1400 
f 587 874 1401 
f 1177 1401 874 
f 645 454 1364 
f 2046 26 304 
f 1605 13 1402 
f 1755 1403 134 
f 1332 134 1403 
f 2018 1242 26 
f 1689 48 1404 
f 1928 1404 48 
f 431 134 1405 
f 1351 1406 631 
f 1479 1407 1369 
f 1408 1369 1407 
f 1165 1408 1407 
f 1816 822 1409 
f 2134 644 353 
f 714 353 644 
f 1395 752 1410 
f 1082 1084 1411 
f 436 1411 1084 
f 2395 1413 1412 
f 1255 1412 1413 
f 68 1038 1414 
f 858 1414 1038 
f 294 1416 1415 
f 1298 1415 1416 
f 1326 1048 1417 
f 2339 1105 1418 
f 961 171 1419 
f 929 1419 171 
f 1670 1421 1420 
f 1610 1420 1421 
f 2171 1423 1422 
f 1852 1422 1423 
f 1637 1424 1063 
f 1009 1425 38 
f 1926 1427 1426 
f 684 1426 1427 
f 1394 1429 1428 
f 2247 1428 1429 
f 2006 1431 1430 
f 2389 1430 1431 
f 1162 1432 1 
f 2237 1433 269 
f 770 269 1433 
f 1596 1436 1435 
f 1836 1435 1436 
f 2421 609 1437 
f 1236 363 1438 
f 2186 1438 363 
f 1943 1352 1439 
f 1868 1225 1440 
f 1648 90 763 
f 945 1442 1441 
f 2035 1441 1442 
f 1451 216 1443 
f 2177 1445 1444 
f 1636 1444 1445 
f 978 1075 1446 
f 1673 1446 1075 
f 880 361 1447 
f 1736 1449 1448 
f 982 1448 1449 
f 2288 1174 8 
f 1736 1448 1450 
f 2350 1450 1448 
f 1312 216 1451 
f 1469 92 1452 
f 527 997 414 
f 2179 414 997 
f 584 1146 1453 
f 219 1453 1146 
f 1627 1454 724 
f 1458 850 479 
f 130 479 850 
f 911 1455 785 
f 1251 785 1455 
f 2077 1456 1083 
f 25 1457 214 
f 1350 214 1457 
f 840 1458 500 
f 2098 1301 1370 
f 860 1370 1301 
f 1704 959 1459 
f 51 1461 1460 
f 1501 1460 1461 
f 2192 400 311 
f 1969 166 328 
f 657 1463 1462 
f 995 1462 1463 
f 1441 1464 830 
f 657 370 1465 
f 2245 1465 370 
f 2300 1467 1466 
f 2335 1466 1467 
f 1282 1275 87 
f 1836 87 1275 
f 2337 1468 1096 
f 1452 1156 1469 
f 2140 1469 1156 
f 1758 1020 508 
f 1416 1239 1470 
f 1472 1186 1471 
f 704 1471 1186 
f 1763 1243 1472 
f 1368 1472 1243 
f 1950 467 1473 
f 1824 1474 557 
f 2235 557 1474 
f 320 1058 1475 
f 1755 1339 267 
f 2170 274 1476 
f 1931 1476 274 
f 1685 1478 1477 
f 1210 1477 1478 
f 1135 1479 1369 
f 2218 1480 690 
f 2058 690 1480 
f 1838 1482 1481 
f 2203 1481 1482 
f 1756 1483 6 
f 1532 6 1483 
f 2307 1485 1484 
f 2105 1484 1485 
f 2407 623 597 
f 1898 1486 967 
f 2316 967 1486 
f 551 1097 424 
f 1650 424 1097 
f 1497 713 1233 
f 898 226 729 
f 147 565 1487 
f 145 1488 396 
f 1856 396 1488 
f 1353 1489 461 
f 1443 1490 1451 
f 902 1451 1490 
f 1782 1232 725 
f 784 725 1232 
f 888 1062 1491 
f 1768 1491 1062 
f 2461 1493 1492 
f 630 1492 1493 
f 2319 1494 220 
f 212 220 1494 
f 1328 1344 1495 
f 1695 1495 1344 
f 1146 584 1496 
f 1334 1496 584 
f 1663 30 473 
f 934 1097 551 
f 79 1497 1233 
f 1073 1499 1498 
f 1307 1498 1499 
f 1460 1501 1500 
f 1291 1500 1501 
f 43 1503 1502 
f 2493 1502 1503 
f 1898 967 1504 
f 2301 1504 967 
f 301 1228 1503 
f 2493 1503 1228 
f 768 375 1505 
f 1175 437 1084 
f 337 1506 1488 
f 1856 1488 1506 
f 1621 1115 583 
f 2455 1509 1508 
f 696 1508 1509 
f 507 219 1510 
f 33 1511 1114 
f 2000 1114 1511 
f 1435 1275 1512 
f 1186 1472 1368 
f 794 1513 1162 
f 1516 1407 1514 
f 1479 1514 1407 
f 303 1515 378 
f 1712 378 1515 
f 1868 870 887 
f 2207 335 773 
f 2462 773 335 
f 1917 827 372 
f 1398 372 827 
f 1165 1407 1516 
f 1309 1518 1517 
f 1755 1517 1518 
f 1329 1520 1519 
f 1738 1519 1520 
f 1876 116 1521 
f 595 1521 116 
f 1379 1522 97 
f 535 97 1522 
f 2404 1525 1524 
f 2445 1524 1525 
f 1941 1415 1526 
f 238 1526 1415 
f 2183 1529 1528 
f 624 1528 1529 
f 2112 47 892 
f 396 1530 145 
f 641 300 1531 
f 1023 1532 1483 
f 1277 1534 1533 
f 2475 1533 1534 
f 1988 183 1122 
f 2015 1518 1309 
f 921 1302 1535 
f 992 1248 977 
f 528 1536 998 
f 2155 998 1536 
f 384 1538 1537 
f 2007 1537 1538 
f 1906 1440 1539 
f 1226 1539 1440 
f 123 1540 532 
f 489 1541 635 
f 1629 635 1541 
f 1608 1542 1377 
f 2002 1377 1542 
f 544 93 816 
f 1922 46 354 
f 968 901 1047 
f 721 1047 901 
f 2452 1212 738 
f 2210 738 1212 
f 2346 1543 198 
f 708 1544 1506 
f 1856 1506 1544 
f 1066 1545 712 
f 2443 712 1545 
f 1506 368 708 
f 1507 708 368 
f 2260 1546 572 
f 2005 1548 1547 
f 1421 1547 1548 
f 172 735 874 
f 1177 874 735 
f 2209 1371 1549 
f 1124 1549 1371 
f 1657 1550 634 
f 482 634 1550 
f 1492 630 581 
f 791 581 630 
f 2401 1552 1551 
f 1991 1551 1552 
f 1808 1554 1553 
f 2440 1553 1554 
f 2094 1556 1555 
f 494 1555 1556 
f 958 1558 1557 
f 978 1557 1558 
f 1419 1559 961 
f 2354 1346 1560 
f 1991 1552 1014 
f 1344 1519 1561 
f 1737 1561 1519 
f 1710 1513 309 
f 794 309 1513 
f 117 1563 1562 
f 1777 1562 1563 
f 1775 1565 1564 
f 2089 1564 1565 
f 1877 13 1566 
f 1605 1566 13 
f 1749 1567 158 
f 1501 750 1291 
f 2387 1568 1374 
f 1230 1374 1568 
f 174 1565 1569 
f 2468 1569 1565 
f 33 686 242 
f 1383 1005 1570 
f 2501 1570 1005 
f 816 1571 544 
f 1900 544 1571 
f 2271 1572 797 
f 1089 797 1572 
f 2108 1574 1573 
f 1626 1573 1574 
f 146 1575 1042 
f 2364 1042 1575 
f 1420 1577 1576 
f 359 1576 1577 
f 2042 401 1578 
f 2256 1578 401 
f 1221 560 1579 
f 1526 238 200 
f 1059 1580 1327 
f 1471 704 1581 
f 1860 1581 704 
f 141 1582 764 
f 124 1357 69 
f 1210 578 1583 
f 2162 485 1584 
f 668 1584 485 
f 1657 1585 1550 
f 1007 1550 1585 
f 2081 1571 816 
f 639 502 144 
f 192 1587 1586 
f 2203 1586 1587 
f 1990 1589 1588 
f 2354 1588 1589 
f 1602 1590 211 
f 2075 1592 1591 
f 2180 1591 1592 
f 1612 1201 1593 
f 2097 1250 1594 
f 606 1594 1250 
f 579 629 1595 
f 461 1595 629 
f 12 1597 1596 
f 1436 1596 1597 
f 2137 1050 1523 
f 161 538 1598 
f 1833 527 1599 
f 2496 1600 199 
f 1595 4 579 
f 2452 1266 1213 
f 1751 1602 1601 
f 211 1601 1602 
f 2398 1604 1603 
f 1242 1603 1604 
f 1396 1605 1402 
f 2326 1607 1606 
f 2281 1606 1607 
f 153 1608 519 
f 673 1609 746 
f 1886 746 1609 
f 1421 1611 1610 
f 421 1610 1611 
f 1051 1612 849 
f 1041 849 1612 
f 853 1613 278 
f 1267 1614 1127 
f 563 1127 1614 
f 903 1069 1615 
f 1534 1615 1069 
f 1740 417 199 
f 2496 199 417 
f 219 507 774 
f 2207 774 507 
f 830 1616 945 
f 1316 945 1616 
f 2180 1617 571 
f 520 1619 1618 
f 691 1618 1619 
f 2262 210 342 
f 1848 342 210 
f 1726 1621 1620 
f 1929 1620 1621 
f 1163 1623 1622 
f 2296 1622 1623 
f 1285 1288 1624 
f 2103 1624 1288 
f 474 646 759 
f 102 1625 112 
f 99 1626 1574 
f 2365 1348 1627 
f 1454 1627 1348 
f 1657 1629 1628 
f 2353 1628 1629 
f 450 67 1630 
f 1148 1630 67 
f 1802 1632 1631 
f 1921 1631 1632 
f 1104 1633 720 
f 1828 720 1633 
f 1937 1635 1634 
f 2490 1634 1635 
f 1403 267 1333 
f 943 1333 267 
f 1444 1636 1073 
f 1506 337 368 
f 432 368 337 
f 871 1637 1063 
f 2136 1391 1638 
f 710 1640 1639 
f 703 1639 1640 
f 2489 1642 1641 
f 536 1641 1642 
f 2069 1643 736 
f 1823 736 1643 
f 2447 1645 1644 
f 1363 1644 1645 
f 2021 1647 1646 
f 2465 1646 1647 
f 2384 1455 911 
f 763 366 1648 
f 1309 1648 366 
f 1056 1327 1649 
f 1763 1650 1097 
f 2383 897 1651 
f 1137 1652 1011 
f 1105 1276 1633 
f 15 1633 1276 
f 1783 618 1257 
f 1899 471 1653 
f 2425 1655 1654 
f 2166 1654 1655 
f 2087 1508 1171 
f 697 1171 1508 
f 2120 53 1184 
f 392 1184 53 
f 1585 1657 1656 
f 1628 1656 1657 
f 2457 549 1658 
f 1771 1659 7 
f 1118 7 1659 
f 1608 1660 447 
f 1716 1661 798 
f 2331 798 1661 
f 1717 150 1662 
f 1845 1662 150 
f 1950 942 1663 
f 29 1663 942 
f 1218 1664 323 
f 1992 1381 359 
f 1028 673 746 
f 2056 1665 547 
f 1703 1264 916 
f 1363 1645 1666 
f 2085 1666 1645 
f 19 27 1667 
f 475 1667 27 
f 1492 1149 1668 
f 1547 1670 1669 
f 1927 1669 1670 
f 1960 1671 477 
f 2033 193 1672 
f 923 1672 193 
f 1720 1446 1673 
f 931 1674 254 
f 607 856 24 
f 1514 24 856 
f 1095 160 142 
f 2380 1676 1675 
f 608 1675 1676 
f 2247 797 259 
f 2406 265 4 
f 1531 159 1567 
f 1759 1677 1172 
f 2087 1172 1677 
f 218 1678 1268 
f 2241 1268 1678 
f 2461 702 1493 
f 1336 1680 1679 
f 2393 1679 1680 
f 2163 1682 1681 
f 1081 1681 1682 
f 585 307 1000 
f 724 1520 1683 
f 1329 1683 1520 
f 1898 1386 1684 
f 1611 1684 1386 
f 1961 1686 1685 
f 1478 1685 1686 
f 985 1688 1687 
f 1821 1687 1688 
f 272 856 607 
f 2021 248 726 
f 800 381 1194 
f 2358 1194 381 
f 891 1689 1350 
f 734 1690 1179 
f 771 1179 1690 
f 2321 1691 444 
f 1913 933 439 
f 22 1608 1377 
f 1879 240 1014 
f 1991 1014 240 
f 2222 225 1692 
f 1106 1692 225 
f 1316 986 1395 
f 2153 1678 1693 
f 218 1693 1678 
f 850 841 1694 
f 2230 1694 841 
f 216 1697 1696 
f 1438 1696 1697 
f 2310 1345 1698 
f 1476 1698 1345 
f 2385 693 1067 
f 1086 1700 1699 
f 1473 1699 1700 
f 1513 1701 1163 
f 1623 1163 1701 
f 2061 1459 958 
f 301 641 332 
f 2225 1703 1702 
f 2263 1702 1703 
f 2057 461 629 
f 803 1704 1459 
f 1755 134 431 
f 457 1705 70 
f 633 70 1705 
f 300 1707 1706 
f 1087 1706 1707 
f 2425 1708 197 
f 1263 197 1708 
f 853 278 1709 
f 1707 43 1087 
f 1510 1087 43 
f 309 1711 1710 
f 1865 1710 1711 
f 1515 250 1712 
f 1902 1712 250 
f 357 1713 463 
f 1918 552 1252 
f 1781 1252 552 
f 1029 1714 626 
f 2076 626 1714 
f 1857 1715 271 
f 2368 1708 1716 
f 1654 1716 1708 
f 1662 1077 1717 
f 1722 637 208 
f 639 208 637 
f 1580 1059 964 
f 1852 1718 1422 
f 349 1422 1718 
f 2199 1719 284 
f 1571 613 483 
f 2099 86 1489 
f 2019 1489 86 
f 2417 1446 1720 
f 2099 1489 292 
f 1722 1721 637 
f 786 637 1721 
f 1727 1721 1722 
f 957 329 1182 
f 1781 552 1723 
f 1308 1723 552 
f 294 1239 1416 
f 2111 1242 1604 
f 1018 1012 119 
f 2229 1724 656 
f 1815 656 1724 
f 181 109 1725 
f 1335 1725 109 
f 2165 1726 715 
f 307 1090 1452 
f 1728 1002 1721 
f 786 1721 1002 
f 1728 1721 1727 
f 1202 1730 1729 
f 980 1729 1730 
f 1981 1158 1731 
f 2046 1733 1732 
f 766 1732 1733 
f 694 930 1734 
f 1569 1735 910 
f 1651 1714 1029 
f 2314 1736 1450 
f 1519 1738 1737 
f 1773 1737 1738 
f 1980 981 1449 
f 2246 1111 722 
f 831 722 1111 
f 2216 1739 1012 
f 2231 783 1741 
f 568 1742 211 
f 1601 211 1742 
f 188 1471 1743 
f 1581 1743 1471 
f 1431 1745 1744 
f 2161 1744 1745 
f 893 1747 1746 
f 913 1746 1747 
f 281 472 1748 
f 531 1540 610 
f 1977 610 1540 
f 2076 1714 729 
f 898 729 1714 
f 895 367 562 
f 763 562 367 
f 1252 1749 1680 
f 2393 1680 1749 
f 1404 484 614 
f 1512 11 1596 
f 2019 85 488 
f 2222 1692 1750 
f 2044 1750 1692 
f 1978 1167 1191 
f 2110 1191 1167 
f 1135 288 1434 
f 2263 1751 1601 
f 1622 1432 1163 
f 2387 1374 1752 
f 2273 1193 1753 
f 591 1753 1193 
f 2008 1754 1220 
f 1518 1339 1755 
f 1050 186 586 
f 2164 695 852 
f 652 1483 1756 
f 152 1758 1757 
f 508 1757 1758 
f 603 1500 1291 
f 2002 1759 1172 
f 2408 1609 673 
f 2487 1761 1760 
f 1295 1760 1761 
f 2073 1034 1762 
f 940 1243 1763 
f 1824 556 764 
f 247 1341 1109 
f 1004 1764 416 
f 290 1344 1561 
f 1044 1765 45 
f 2187 45 1765 
f 2288 1391 1174 
f 2136 1174 1391 
f 1060 662 912 
f 499 1437 610 
f 2197 28 1766 
f 716 1766 28 
f 1145 1767 1280 
f 1941 1280 1767 
f 2275 1238 910 
f 1569 910 1238 
f 2222 1491 1768 
f 2033 1769 193 
f 1129 1771 8 
f 2169 1772 659 
f 1858 659 1772 
f 1300 1737 1773 
f 1892 1774 863 
f 1564 648 1775 
f 1214 1775 648 
f 1878 1777 1776 
f 2309 1776 1777 
f 1845 654 1778 
f 832 1778 654 
f 415 243 1081 
f 1290 1779 1271 
f 872 1271 1779 
f 1155 1349 1780 
f 383 1780 1349 
f 1355 617 1783 
f 2355 1785 1784 
f 2067 1784 1785 
f 1521 595 1786 
f 2034 1786 595 
f 1467 93 544 
f 1541 1787 1629 
f 2353 1629 1787 
f 2174 1206 1788 
f 1541 1789 1392 
f 1983 1790 647 
f 759 647 1790 
f 1992 359 1577 
f 1536 1792 1791 
f 2250 1791 1792 
f 2267 249 1646 
f 2021 1646 249 
f 1555 494 1246 
f 1209 1246 494 
f 1729 1321 1793 
f 1832 1359 777 
f 2483 777 1359 
f 2346 1743 1543 
f 2048 1543 1743 
f 582 1016 6 
f 1258 1795 1794 
f 1190 1794 1795 
f 155 1797 1796 
f 1003 1796 1797 
f 969 1312 1451 
f 683 1799 1798 
f 1542 1798 1799 
f 800 1570 1800 
f 2501 1800 1570 
f 1820 620 1801 
f 129 1632 1802 
f 2220 676 321 
f 1792 1803 205 
f 2182 205 1803 
f 214 1350 458 
f 1650 1763 188 
f 1471 188 1763 
f 1582 603 1292 
f 1968 1805 1804 
f 959 1804 1805 
f 1844 1806 1337 
f 2102 217 1807 
f 1900 1807 217 
f 1998 1809 1808 
f 1554 1808 1809 
f 1829 1811 1810 
f 760 1810 1811 
f 1886 1812 1133 
f 2171 1133 1812 
f 2222 1750 12 
f 1597 12 1750 
f 1665 1078 546 
f 2078 546 1078 
f 994 355 113 
f 1734 1814 1813 
f 585 1813 1814 
f 324 656 1815 
f 965 298 1311 
f 2234 1311 298 
f 1919 1816 1409 
f 616 1141 1739 
f 2102 1807 1817 
f 483 1817 1807 
f 923 193 589 
f 1967 261 1818 
f 2470 1818 261 
f 1759 1819 1677 
f 1909 1677 1819 
f 1801 1821 1820 
f 1688 1820 1821 
f 2191 719 1822 
f 2398 1824 1823 
f 765 1823 1824 
f 2404 721 831 
f 1691 1437 330 
f 499 330 1437 
f 1674 1825 900 
f 1580 1048 1326 
f 2429 1826 524 
f 1834 398 228 
f 1473 466 1827 
f 720 1828 1822 
f 551 1822 1828 
f 1811 1829 1553 
f 2377 1553 1829 
f 841 1831 1830 
f 775 1830 1831 
f 2233 1359 1832 
f 2404 1290 1271 
f 2118 469 1747 
f 84 1835 1834 
f 2300 1834 1835 
f 1436 681 1836 
f 2146 1836 681 
f 2127 1040 1837 
f 1802 1837 1040 
f 1797 1482 1838 
f 2044 1013 1112 
f 1843 1112 1013 
f 1799 1819 1759 
f 524 1356 1839 
f 1033 1840 11 
f 2055 1842 1841 
f 1946 1841 1842 
f 1013 1018 1843 
f 1497 1843 1018 
f 1393 1844 1337 
f 2121 1253 628 
f 654 1845 1211 
f 6 1532 582 
f 1649 582 1532 
f 179 1397 1846 
f 1463 657 1465 
f 342 1848 1847 
f 1064 1847 1848 
f 137 224 1849 
f 1295 616 1760 
f 1078 1850 1717 
f 380 1717 1850 
f 2089 883 1564 
f 1624 1564 883 
f 1873 1851 100 
f 137 1849 1426 
f 1926 1426 1849 
f 899 1058 320 
f 877 1852 1423 
f 894 203 465 
f 418 465 203 
f 2347 845 1853 
f 1879 1853 845 
f 959 1805 177 
f 875 177 1805 
f 2502 766 1733 
f 2240 1854 1382 
f 2092 1382 1854 
f 2009 192 1855 
f 842 1857 662 
f 899 1825 1057 
f 695 1057 1825 
f 660 1858 1375 
f 2444 1375 1858 
f 2137 1860 186 
f 448 314 908 
f 2084 1861 268 
f 1047 721 718 
f 2404 718 721 
f 2318 428 246 
f 1710 1862 1701 
f 1623 1701 1862 
f 1205 1864 1863 
f 1113 1863 1864 
f 1711 390 1865 
f 2 1865 390 
f 1872 1867 1866 
f 1536 1866 1867 
f 887 1032 1868 
f 985 495 1869 
f 1973 1871 1870 
f 1498 1870 1871 
f 677 1872 1866 
f 1853 1136 1001 
f 2231 1469 783 
f 2140 783 1469 
f 2455 1630 1509 
f 1148 1509 1630 
f 1926 1873 1373 
f 1847 1373 1873 
f 1358 550 361 
f 1657 634 1629 
f 1168 1642 1874 
f 2489 1874 1642 
f 2293 111 110 
f 2204 110 111 
f 909 1875 796 
f 692 1876 1521 
f 213 279 597 
f 2436 597 279 
f 276 218 1267 
f 2101 1878 1877 
f 514 1877 1878 
f 975 1853 1879 
f 2458 1080 414 
f 2043 80 781 
f 687 781 80 
f 2287 1880 52 
f 2320 1882 1881 
f 2259 1881 1882 
f 2472 1537 1883 
f 2374 1883 1537 
f 2411 1703 916 
f 1302 1884 1572 
f 1088 1572 1884 
f 2275 1885 74 
f 2353 1787 139 
f 1986 139 1787 
f 1620 263 1726 
f 2385 1876 693 
f 132 1886 1133 
f 2253 1888 1887 
f 1588 1887 1888 
f 785 1251 1336 
f 1680 1336 1251 
f 136 788 37 
f 446 37 788 
f 1370 1890 1889 
f 2311 1889 1890 
f 1683 1329 823 
f 1298 1891 238 
f 1148 1053 1331 
f 2036 1893 1892 
f 1774 1892 1893 
f 267 1403 1755 
f 2230 1894 229 
f 1992 420 1381 
f 1925 1381 420 
f 1152 1896 1895 
f 1934 1895 1896 
f 2039 1872 677 
f 2459 1837 1897 
f 1802 1897 1837 
f 622 1408 1166 
f 302 1706 541 
f 173 1841 983 
f 1946 983 1841 
f 2234 422 1088 
f 2238 1088 422 
f 1934 516 1173 
f 1417 1173 516 
f 1684 780 1898 
f 1486 1898 780 
f 131 1579 1022 
f 23 206 105 
f 2096 1748 1899 
f 471 1899 1748 
f 483 1807 1900 
f 140 1901 1188 
f 1865 1862 1710 
f 2422 1712 1902 
f 151 1903 1770 
f 2107 1770 1903 
f 1234 327 1904 
f 869 1906 1905 
f 2156 1905 1906 
f 2108 1573 1908 
f 291 1908 1573 
f 2379 1677 1909 
f 1614 1910 563 
f 2020 125 1911 
f 347 1385 960 
f 1346 1897 1631 
f 1802 1631 1897 
f 2015 1309 54 
f 2103 1912 649 
f 2313 649 1912 
f 2070 933 1913 
f 1347 1914 790 
f 1275 1435 1836 
f 2177 1444 1915 
f 1073 1915 1444 
f 2491 1916 512 
f 127 1222 1092 
f 938 1092 1222 
f 1252 1455 1918 
f 2384 1918 1455 
f 2028 1816 1919 
f 2337 1920 1468 
f 538 1468 1920 
f 2297 1921 1632 
f 1942 1576 360 
f 45 1922 906 
f 2424 906 1922 
f 1867 1803 1792 
f 1584 116 1923 
f 2367 1925 1924 
f 561 1924 1925 
f 1160 1926 1373 
f 2007 1235 1927 
f 2049 1928 47 
f 854 195 537 
f 2477 537 195 
f 2104 1083 1082 
f 2462 1620 1929 
f 1476 1931 1930 
f 2252 1930 1931 
f 1356 524 1932 
f 2074 1933 897 
f 1241 897 1933 
f 1099 1934 1173 
f 187 529 312 
f 1399 1936 1935 
f 1718 1935 1936 
f 565 1042 36 
f 2364 36 1042 
f 2389 1937 1430 
f 2006 1430 1937 
f 994 1939 1938 
f 766 1938 1939 
f 799 1940 1678 
f 2241 1678 1940 
f 924 852 49 
f 2001 425 75 
f 1526 1281 1941 
f 418 1420 1942 
f 1576 1942 1420 
f 1180 1397 179 
f 1648 430 90 
f 352 713 120 
f 1880 1153 1461 
f 1974 1461 1153 
f 1647 1352 1943 
f 2381 1944 118 
f 1563 118 1944 
f 857 272 1715 
f 404 1945 1119 
f 1243 1119 1945 
f 2280 983 1946 
f 1709 1484 1400 
f 2105 1400 1484 
f 853 1947 543 
f 2090 1948 1292 
f 1582 1292 1948 
f 1434 1479 1135 
f 1801 1949 1821 
f 1687 1821 1949 
f 253 705 1187 
f 2399 1278 1951 
f 283 1951 1278 
f 97 1952 1045 
f 2239 1851 1873 
f 1517 1648 1309 
f 1903 151 1953 
f 380 1953 151 
f 1317 1395 1410 
f 246 1109 1736 
f 1449 1736 1109 
f 1626 291 1573 
f 311 529 1954 
f 1465 222 996 
f 1155 996 222 
f 1972 987 1955 
f 1031 1955 987 
f 779 1864 1205 
f 1176 1957 1956 
f 2420 1956 1957 
f 1127 563 1958 
f 1362 1958 563 
f 1410 1959 1317 
f 2312 1317 1959 
f 2429 524 1839 
f 2124 1960 477 
f 2135 1961 61 
f 1988 61 1961 
f 1917 371 1962 
f 876 1962 371 
f 2244 1963 1061 
f 2310 1560 1345 
f 1062 1964 1768 
f 2066 1768 1964 
f 1619 520 570 
f 296 1965 1178 
f 89 1967 1966 
f 1132 1966 1967 
f 2381 1590 1602 
f 692 1521 1968 
f 1786 1968 1521 
f 632 1756 636 
f 6 636 1756 
f 1046 717 917 
f 1213 478 1671 
f 2294 1812 1886 
f 167 1969 1254 
f 2311 1890 1223 
f 1805 1968 875 
f 172 875 1968 
f 1713 1126 462 
f 325 1970 1789 
f 1393 1789 1970 
f 866 926 1971 
f 539 1971 926 
f 1976 987 1972 
f 1514 207 24 
f 480 1871 1973 
f 501 1458 479 
f 1153 1138 1974 
f 858 1975 990 
f 2240 990 1975 
f 1846 670 1769 
f 1121 1769 670 
f 1051 849 1694 
f 123 1977 1540 
f 1689 1406 1351 
f 1584 596 116 
f 1663 467 1950 
f 1990 1936 1399 
f 733 1980 1979 
f 1108 1979 1980 
f 235 701 533 
f 64 1981 1731 
f 195 1754 1982 
f 1625 1982 1754 
f 1498 1915 1073 
f 2123 1790 1983 
f 2342 1985 1984 
f 261 1984 1985 
f 2444 1772 1924 
f 2367 1924 1772 
f 31 732 9 
f 2053 1987 1986 
f 351 1986 1987 
f 1961 270 1988 
f 1202 1729 1989 
f 1793 1989 1729 
f 2125 1690 1990 
f 2415 1990 1690 
f 458 1351 631 
f 2448 982 1688 
f 1298 1993 1891 
f 1143 1891 1993 
f 1742 1994 1601 
f 2263 1601 1994 
f 2135 1995 1842 
f 1946 1842 1995 
f 2313 1996 232 
f 2375 232 1996 
f 373 1802 1040 
f 434 1220 1997 
f 2256 1998 1808 
f 995 1999 1462 
f 546 1462 1999 
f 946 1017 287 
f 1401 979 176 
f 2259 1831 840 
f 2438 2000 295 
f 1320 295 2000 
f 1759 2002 1799 
f 1542 1799 2002 
f 64 2003 1981 
f 2456 1981 2003 
f 1051 2004 1612 
f 1201 1612 2004 
f 2301 1387 1504 
f 313 2005 1547 
f 1269 1108 165 
f 1235 2007 1538 
f 806 714 644 
f 2443 1704 1993 
f 1143 1993 1704 
f 434 2008 1220 
f 409 1341 247 
f 2345 2010 2009 
f 2298 2009 2010 
f 2113 2012 2011 
f 1693 2011 2012 
f 474 165 646 
f 447 1798 1542 
f 554 1071 2013 
f 297 2013 1071 
f 496 2015 54 
f 501 1973 2016 
f 1296 2016 1973 
f 2019 488 2017 
f 2273 866 1971 
f 1603 1242 2018 
f 1818 1132 1967 
f 2171 1422 1133 
f 2361 456 1779 
f 2457 1779 456 
f 273 1201 2004 
f 1041 130 849 
f 1870 1296 1973 
f 1188 39 140 
f 2502 2020 1911 
f 2346 187 1743 
f 1597 681 1436 
f 63 2021 726 
f 2052 2022 56 
f 441 56 2022 
f 2212 1293 2023 
f 1495 2023 1293 
f 2056 547 2024 
f 1929 584 1453 
f 2390 965 2025 
f 577 1125 1149 
f 2467 2026 386 
f 2484 21 1378 
f 1635 1937 2027 
f 2106 2027 1937 
f 2426 496 54 
f 1549 1124 1983 
f 2277 1983 1124 
f 2142 916 717 
f 2037 2028 1919 
f 420 1387 895 
f 2080 895 1387 
f 2010 1883 2029 
f 2064 2029 1883 
f 2241 1614 1268 
f 678 2031 2030 
f 1599 2030 2031 
f 266 1340 1247 
f 2500 1247 1340 
f 846 1940 58 
f 51 2032 660 
f 447 788 1798 
f 1769 2033 178 
f 2055 173 2034 
f 1786 2034 173 
f 1441 2035 1464 
f 2279 1464 2035 
f 2059 2036 1912 
f 1253 1912 2036 
f 360 2028 2037 
f 1529 2039 2038 
f 678 2038 2039 
f 2015 496 2040 
f 1480 1115 1621 
f 1926 1160 1427 
f 2495 1427 1160 
f 2126 1219 995 
f 2403 995 1219 
f 1106 898 1241 
f 1980 733 981 
f 1820 981 733 
f 1487 2041 147 
f 864 147 2041 
f 2474 2042 329 
f 451 1605 1396 
f 1866 1833 2031 
f 1599 2031 1833 
f 451 1566 1605 
f 2117 2043 781 
f 1750 2044 1597 
f 682 1597 2044 
f 1762 2045 1917 
f 827 1917 2045 
f 2020 1733 2046 
f 2430 580 772 
f 1720 1673 554 
f 1071 554 1673 
f 2393 158 2047 
f 2305 2047 158 
f 643 1618 691 
f 199 1543 2048 
f 2326 1528 624 
f 217 276 545 
f 1817 1928 2049 
f 2215 2050 727 
f 16 727 2050 
f 792 1404 2051 
f 614 2051 1404 
f 2401 931 254 
f 2150 2052 356 
f 56 356 2052 
f 1424 608 1964 
f 2143 1702 1994 
f 2263 1994 1702 
f 2445 1525 1058 
f 2432 1987 2053 
f 562 1367 2054 
f 2135 84 1995 
f 228 1995 84 
f 1951 283 2055 
f 598 2055 283 
f 2162 1584 1923 
f 1353 461 2057 
f 790 1773 1738 
f 1893 2036 2059 
f 2091 2061 2060 
f 1557 2060 2061 
f 1664 1199 2062 
f 1919 2062 1199 
f 2261 354 2063 
f 190 2063 354 
f 2374 893 2064 
f 1746 2064 893 
f 2393 927 1679 
f 1951 2034 596 
f 2360 2065 2008 
f 2269 2008 2065 
f 979 1965 1075 
f 245 2066 809 
f 1964 809 2066 
f 2315 1425 1009 
f 760 2067 1810 
f 1272 1810 2067 
f 2108 2068 1574 
f 99 1574 2068 
f 1281 1643 2069 
f 73 2070 156 
f 1913 156 2070 
f 2462 262 1620 
f 1604 1360 2071 
f 2482 253 170 
f 848 167 1254 
f 2224 2072 834 
f 2294 1034 2073 
f 616 1933 2074 
f 1592 2075 618 
f 1183 618 2075 
f 378 2076 303 
f 728 303 2076 
f 2104 2077 1083 
f 1077 1282 2078 
f 1169 2079 1361 
f 2139 1361 2079 
f 966 1217 2080 
f 367 2080 1217 
f 986 451 1396 
f 66 1053 1148 
f 613 1571 2081 
f 2484 1378 1171 
f 2295 2083 2082 
f 444 2082 2083 
f 453 2084 1365 
f 268 1365 2084 
f 244 2085 1645 
f 2492 1699 486 
f 1827 486 1699 
f 2482 586 705 
f 884 953 1103 
f 2278 2086 769 
f 280 769 2086 
f 18 1982 101 
f 2182 2088 205 
f 1477 270 1685 
f 1961 1685 270 
f 174 2089 1565 
f 737 2090 751 
f 1292 751 2090 
f 802 2061 2091 
f 1832 777 2092 
f 659 2032 821 
f 1939 31 2093 
f 1435 1512 1596 
f 2249 2095 2094 
f 1556 2094 2095 
f 1485 2096 1899 
f 1321 1729 1470 
f 980 1470 1729 
f 315 795 384 
f 1731 1250 2097 
f 1575 2098 699 
f 292 1310 2099 
f 921 2099 1310 
f 2161 2100 863 
f 1762 2013 2045 
f 297 2045 2013 
f 1162 1 794 
f 2122 2101 1877 
f 2285 1060 1056 
f 1149 1492 581 
f 1190 412 1909 
f 1693 218 2102 
f 649 1624 2103 
f 1662 1539 1226 
f 1966 1132 1229 
f 1598 2077 2104 
f 971 835 1600 
f 2073 1962 1812 
f 2171 1812 1962 
f 1971 539 1194 
f 800 1194 539 
f 1899 1653 2105 
f 1400 2105 1653 
f 2253 1887 1560 
f 2354 1560 1887 
f 1893 2027 2106 
f 1211 1770 2107 
f 2292 848 32 
f 2265 32 848 
f 2413 2109 2108 
f 2199 2108 2109 
f 352 120 1307 
f 1159 1204 2110 
f 1258 2110 1204 
f 1794 2110 1258 
f 487 2111 2071 
f 1604 2071 2111 
f 767 2113 2112 
f 2011 2112 2113 
f 1003 2114 962 
f 2191 2116 2115 
f 2233 2115 2116 
f 1548 2117 1684 
f 780 1684 2117 
f 2299 339 2118 
f 1053 1616 829 
f 2316 55 967 
f 2496 971 1600 
f 2167 347 960 
f 919 683 1798 
f 1610 421 1992 
f 1643 1360 1823 
f 2398 1823 1360 
f 2222 1768 2066 
f 2373 989 1196 
f 1121 194 1769 
f 2181 2120 2119 
f 1184 2119 2120 
f 1776 514 1878 
f 1274 1077 1662 
f 1877 1566 2122 
f 450 2122 1566 
f 1164 1493 703 
f 2475 1790 2123 
f 244 2104 1082 
f 1555 1246 1764 
f 2262 1960 2124 
f 1875 326 795 
f 2189 822 50 
f 2338 554 2013 
f 45 906 1044 
f 1749 1252 1781 
f 152 1294 1758 
f 1021 1758 1294 
f 297 2125 828 
f 1399 828 2125 
f 1425 1902 947 
f 1157 121 809 
f 245 809 121 
f 2499 11 1512 
f 1780 383 2126 
f 440 1303 1429 
f 2271 1429 1303 
f 397 2127 1227 
f 1837 1227 2127 
f 472 2129 2128 
f 1169 2128 2129 
f 2503 383 2130 
f 453 2130 383 
f 1166 190 1641 
f 2255 117 1562 
f 912 108 1060 
f 2152 2132 2131 
f 1304 2131 2132 
f 2373 1196 2133 
f 2160 2133 1196 
f 747 17 182 
f 1618 644 2134 
f 1961 2135 599 
f 1129 2136 1324 
f 186 1050 2137 
f 2044 1692 1107 
f 2006 1937 1634 
f 72 1419 404 
f 1945 404 1419 
f 2070 73 2138 
f 405 2138 73 
f 2431 1129 1324 
f 2202 2139 1305 
f 2503 2130 2141 
f 2217 2141 2130 
f 114 356 56 
f 925 2142 717 
f 309 2144 2143 
f 1702 2143 2144 
f 2387 1752 973 
f 2444 973 1752 
f 2238 2145 1089 
f 798 1089 2145 
f 2441 2146 681 
f 2335 1713 358 
f 1691 330 445 
f 2072 445 330 
f 2471 1548 2005 
f 1405 135 1098 
f 1086 1098 135 
f 760 2147 1784 
f 2274 1784 2147 
f 2333 2148 1136 
f 1137 1136 2148 
f 2469 635 481 
f 408 590 2149 
f 2409 2149 590 
f 2278 770 1433 
f 410 689 344 
f 2311 344 689 
f 2349 85 2150 
f 1577 1610 1992 
f 724 290 1627 
f 2365 1627 290 
f 1000 1813 585 
f 2419 357 463 
f 2357 2151 37 
f 1117 962 1559 
f 1771 1128 1659 
f 1943 1659 1128 
f 890 322 1409 
f 2062 1409 322 
f 2132 2152 1530 
f 208 1530 2152 
f 2271 1302 1572 
f 2265 2153 2012 
f 1693 2012 2153 
f 1431 2006 2154 
f 2315 2154 2006 
f 444 669 2082 
f 1536 1791 2155 
f 2250 2155 1791 
f 1362 1666 1383 
f 1005 1383 1666 
f 2052 920 2022 
f 1535 2022 920 
f 2288 8 1049 
f 1990 1399 2125 
f 2387 2054 1568 
f 1366 1568 2054 
f 1906 2157 2156 
f 1111 2156 2157 
f 2204 1496 109 
f 1335 109 1496 
f 2213 2159 2158 
f 2194 2158 2159 
f 1977 2160 778 
f 1197 778 2160 
f 2359 993 1938 
f 700 2118 533 
f 2100 2161 1745 
f 573 1139 2162 
f 485 2162 1139 
f 2214 1760 615 
f 1307 2163 352 
f 87 1836 2146 
f 2268 280 2086 
f 2051 757 1583 
f 924 2164 852 
f 2444 1924 973 
f 715 805 2165 
f 1654 2166 1661 
f 941 1661 2166 
f 2400 346 2167 
f 2392 1305 2132 
f 2055 598 1842 
f 2135 1842 598 
f 180 1725 1115 
f 1873 100 1847 
f 341 1847 100 
f 313 1547 1669 
f 769 280 2168 
f 2413 2108 1908 
f 1157 606 1250 
f 659 821 2169 
f 1816 2169 821 
f 2023 1495 2 
f 2418 2 1495 
f 2399 1951 668 
f 1345 2170 1476 
f 2311 1223 344 
f 285 1213 1671 
f 2233 550 1358 
f 1505 664 332 
f 1962 876 2171 
f 1423 2171 876 
f 161 1095 1468 
f 1919 1409 2062 
f 2341 1966 1229 
f 2386 2173 2172 
f 2334 2172 2173 
f 672 2174 1788 
f 1207 2175 555 
f 1720 555 2175 
f 703 2176 459 
f 215 459 2176 
f 2107 1903 2178 
f 2258 2178 1903 
f 998 2155 2179 
f 2219 2179 2155 
f 198 1600 836 
f 215 2018 26 
f 571 2181 2180 
f 1591 2180 2181 
f 1996 376 553 
f 1556 1068 1869 
f 2448 1869 1068 
f 2446 2183 2182 
f 2289 2182 2183 
f 2084 334 2184 
f 2063 190 1165 
f 1796 962 1117 
f 2192 311 1949 
f 1954 1949 311 
f 2223 408 865 
f 403 1859 1765 
f 2187 1765 1859 
f 901 969 1451 
f 2428 2185 1727 
f 1728 1727 2185 
f 1874 2188 2187 
f 46 2187 2188 
f 1900 217 545 
f 1487 890 2189 
f 296 1072 1965 
f 2017 487 265 
f 1023 2190 842 
f 1975 719 2191 
f 1724 2056 1815 
f 2410 1815 2056 
f 1583 792 2051 
f 2237 1021 1113 
f 2482 705 253 
f 473 758 2193 
f 1070 2193 758 
f 2449 2158 2194 
f 683 2195 1819 
f 1909 1819 2195 
f 709 2196 1261 
f 2307 279 213 
f 28 2197 475 
f 2001 2198 426 
f 2320 426 2198 
f 1344 1328 1519 
f 2436 946 288 
f 2108 2199 2068 
f 1170 2068 2199 
f 2465 2201 2200 
f 2423 2200 2201 
f 2139 2202 1361 
f 2376 1361 2202 
f 2249 2094 2203 
f 1481 2203 2094 
f 2081 94 2205 
f 1741 168 2206 
f 1861 2207 508 
f 1488 145 336 
f 428 698 688 
f 1361 2128 1169 
f 1200 536 1522 
f 2428 1304 2208 
f 2139 2208 1304 
f 2442 83 2209 
f 349 1718 1888 
f 1588 1888 1718 
f 1766 402 2197 
f 2096 645 281 
f 2261 2063 1516 
f 1165 1516 2063 
f 394 738 2210 
f 2111 125 1242 
f 159 302 541 
f 84 1834 228 
f 632 636 549 
f 499 778 2211 
f 2252 273 2004 
f 743 829 1464 
f 55 922 2026 
f 2058 1480 1726 
f 1621 1726 1480 
f 914 2198 2001 
f 2334 2194 2213 
f 2159 2213 2194 
f 2232 2214 615 
f 1419 72 1559 
f 2466 988 2095 
f 1450 2095 988 
f 926 866 1039 
f 2050 2215 2138 
f 932 2138 2215 
f 2122 450 497 
f 1630 497 450 
f 648 1564 1624 
f 1066 980 1730 
f 736 1823 765 
f 1152 1137 2148 
f 1866 528 1833 
f 1933 2216 1241 
f 535 1168 1766 
f 2141 2217 1485 
f 2096 1485 2217 
f 1115 1480 2218 
f 2250 2219 2155 
f 548 1015 2220 
f 1896 2220 1015 
f 465 418 730 
f 340 731 1218 
f 1664 1218 731 
f 2068 1170 99 
f 2218 690 2221 
f 225 2222 2066 
f 725 127 442 
f 1358 881 2224 
f 2472 305 315 
f 2144 2225 1702 
f 1681 1411 2134 
f 520 2134 1411 
f 908 81 234 
f 1257 2226 1783 
f 1989 1783 2226 
f 2430 1891 580 
f 2418 1695 2227 
f 824 2227 1695 
f 1586 2203 1482 
f 1723 1567 1781 
f 1749 1781 1567 
f 1710 1701 1513 
f 2324 772 3 
f 135 1332 2228 
f 1055 2228 1332 
f 102 1982 1625 
f 622 1134 1408 
f 1158 1490 1443 
f 2507 1112 1843 
f 2415 1690 734 
f 1195 1099 1161 
f 380 1850 2229 
f 1724 2229 1850 
f 1694 2230 1051 
f 1795 1258 117 
f 1671 1960 286 
f 2262 286 1960 
f 1117 1192 1796 
f 1259 1796 1192 
f 2312 2231 1741 
f 2383 1030 2232 
f 2115 2233 1832 
f 1313 422 2234 
f 557 2235 1640 
f 2176 1640 2235 
f 887 871 1063 
f 1838 1764 1004 
f 2417 2060 1557 
f 27 19 2236 
f 442 941 2166 
f 921 1884 1302 
f 2423 2083 2200 
f 2295 2200 2083 
f 1664 2062 322 
f 2412 1592 617 
f 2313 232 649 
f 2283 1433 2237 
f 1873 1926 2239 
f 1849 2239 1926 
f 2191 2240 1975 
f 2207 1861 2184 
f 2084 2184 1861 
f 454 645 2217 
f 2096 2217 645 
f 385 588 2242 
f 1557 978 1446 
f 2099 920 86 
f 2052 86 920 
f 3 264 2243 
f 2366 940 16 
f 2471 233 2043 
f 457 2244 1705 
f 2362 1705 2244 
f 2480 222 2245 
f 1465 2245 222 
f 2446 1529 2183 
f 257 1943 1439 
f 2456 2246 902 
f 722 902 2246 
f 792 1406 1689 
f 1622 2023 1432 
f 2 1432 2023 
f 1963 2244 457 
f 2115 2240 2191 
f 2508 1185 652 
f 1483 652 1185 
f 2343 1428 2247 
f 1904 313 1669 
f 1311 1088 1884 
f 767 1939 2093 
f 1090 2248 2208 
f 2428 2208 2248 
f 1933 1739 2216 
f 2289 2183 1528 
f 2298 2249 2203 
f 1792 204 2250 
f 1260 2250 204 
f 1447 362 399 
f 2344 2251 1180 
f 1397 1180 2251 
f 1930 2252 1262 
f 870 1323 346 
f 1224 2209 344 
f 2310 2253 1560 
f 2364 2254 236 
f 429 236 2254 
f 578 1210 1478 
f 931 1814 1734 
f 2101 2255 1562 
f 2377 2257 2256 
f 1578 2256 2257 
f 1640 2176 703 
f 1903 1953 2258 
f 379 2258 1953 
f 1782 442 2166 
f 2325 1635 2027 
f 1882 1831 2259 
f 1782 1655 1231 
f 914 1231 1655 
f 1388 1546 2260 
f 1379 907 623 
f 1514 856 2261 
f 210 2262 2124 
f 2442 2209 1549 
f 475 2264 1024 
f 2190 1024 2264 
f 2275 1231 1885 
f 914 1885 1231 
f 62 844 1439 
f 2153 2265 847 
f 2344 2267 2266 
f 1646 2266 2267 
f 2441 78 370 
f 2245 370 78 
f 1895 1195 1652 
f 2291 1384 2268 
f 1935 1852 877 
f 391 1181 1375 
f 660 1375 1181 
f 493 2269 1087 
f 2319 382 1494 
f 2503 1494 382 
f 805 79 1233 
f 2421 2270 609 
f 531 609 2270 
f 2247 2271 797 
f 1682 2272 415 
f 590 2273 1753 
f 938 928 2274 
f 2355 2274 928 
f 65 2276 1839 
f 2429 1839 2276 
f 2123 2277 1686 
f 1478 1686 2277 
f 2438 1767 1145 
f 2284 2279 2278 
f 2086 2278 2279 
f 867 2280 734 
f 2415 734 2280 
f 2051 1123 757 
f 1260 2282 2281 
f 1606 2281 2282 
f 1864 2284 2283 
f 2278 2283 2284 
f 441 1535 1303 
f 2035 1442 168 
f 1023 842 2285 
f 662 2285 842 
f 1690 2125 771 
f 1946 2286 2280 
f 2453 2280 2286 
f 896 2287 52 
f 1716 1654 1661 
f 2107 2178 71 
f 1418 1391 2288 
f 1606 2282 2289 
f 2088 2289 2282 
f 663 1505 376 
f 309 2143 1711 
f 389 1711 2143 
f 1731 2276 64 
f 2320 1881 1176 
f 2214 1176 1881 
f 905 1715 2290 
f 843 2290 1715 
f 2473 1457 25 
f 2394 171 961 
f 2058 1726 2165 
f 301 332 1228 
f 2035 2291 2268 
f 1927 202 2007 
f 1240 295 1320 
f 1018 713 1497 
f 492 2292 9 
f 32 9 2292 
f 1169 783 2079 
f 2140 2079 783 
f 1081 1411 1681 
f 1035 2013 1762 
f 516 1896 1015 
f 2314 1450 468 
f 13 1877 514 
f 181 2293 110 
f 1440 869 1868 
f 1475 1271 872 
f 1453 219 774 
f 2400 870 346 
f 1402 14 753 
f 2457 1658 872 
f 2073 1812 2294 
f 1784 2067 760 
f 1469 2231 92 
f 1959 92 2231 
f 2266 2200 2295 
f 1224 1371 2209 
f 416 1523 1004 
f 2324 201 772 
f 2430 772 201 
f 1076 1007 1585 
f 2136 1638 719 
f 2419 1039 2127 
f 1844 1970 1656 
f 2024 1656 1970 
f 2228 1055 1700 
f 1950 1700 1055 
f 2227 2296 1623 
f 277 2297 1593 
f 1041 1593 2297 
f 1587 2298 2203 
f 2393 2047 927 
f 2356 927 2047 
f 2254 1575 699 
f 2291 2129 1384 
f 472 1384 2129 
f 173 2055 1841 
f 1482 1797 155 
f 1354 1793 1320 
f 893 2299 1747 
f 2118 1747 2299 
f 398 1834 2300 
f 2291 168 782 
f 1741 782 168 
f 1263 1256 776 
f 1715 905 857 
f 2424 857 905 
f 2080 2301 966 
f 1734 1813 2302 
f 1000 2302 1813 
f 2324 365 2303 
f 1643 2303 365 
f 1321 1470 1240 
f 2407 288 2304 
f 1135 2304 288 
f 2219 414 2179 
f 1976 395 1856 
f 164 1108 1341 
f 159 541 2305 
f 1539 1845 1778 
f 470 2306 308 
f 2248 308 2306 
f 2476 1296 1870 
f 1536 528 1866 
f 2340 1913 439 
f 1724 1665 2056 
f 2141 1485 2307 
f 2411 2309 2308 
f 1777 2308 2309 
f 2437 1092 938 
f 247 428 688 
f 992 2253 2310 
f 2403 1219 1008 
f 2319 1008 1219 
f 1718 1852 1935 
f 1889 2311 689 
f 2502 1733 2020 
f 1317 2312 944 
f 2206 944 2312 
f 1840 888 1491 
f 2282 1260 204 
f 2339 1418 1049 
f 2288 1049 1418 
f 2047 2305 1054 
f 1433 2283 2278 
f 2121 1996 2313 
f 663 2121 627 
f 1902 1425 2315 
f 1230 1568 1366 
f 1170 2199 284 
f 2483 1359 834 
f 2424 1922 354 
f 1616 1053 66 
f 1672 2316 1486 
f 1649 2285 1056 
f 499 610 1977 
f 2324 3 2243 
f 398 1466 358 
f 2335 358 1466 
f 1838 1555 1764 
f 701 2318 2317 
f 2416 2317 2318 
f 1976 1544 709 
f 2432 2053 1393 
f 1338 2156 2246 
f 1111 2246 2156 
f 2440 1811 1553 
f 2299 894 465 
f 2342 1318 1985 
f 260 1985 1318 
f 2025 1353 2057 
f 1717 380 151 
f 2421 1437 2321 
f 1691 2321 1437 
f 1904 1927 1234 
f 2389 1744 2322 
f 2161 2322 1744 
f 409 247 688 
f 2168 268 770 
f 1188 2323 40 
f 2447 244 1645 
f 947 224 1425 
f 2270 68 532 
f 1945 1419 929 
f 412 2255 498 
f 2101 498 2255 
f 298 1206 1313 
f 2174 1313 1206 
f 2437 938 2274 
f 1579 132 348 
f 957 1394 1428 
f 560 1221 2253 
f 1888 2253 1221 
f 1486 687 1672 
f 2033 1672 687 
f 1104 720 1638 
f 620 406 96 
f 2243 365 2324 
f 1256 1263 1248 
f 2498 362 424 
f 2103 2325 2059 
f 2027 2059 2325 
f 1845 1539 1662 
f 2030 1607 2326 
f 2080 367 895 
f 793 2327 310 
f 2425 197 2328 
f 2468 2330 2329 
f 2384 2329 2330 
f 122 1696 1438 
f 1921 2297 277 
f 115 2260 572 
f 1140 260 1318 
f 1809 259 2331 
f 798 2331 259 
f 975 2333 1136 
f 1867 1792 1536 
f 1326 1417 517 
f 1619 1279 691 
f 174 882 2089 
f 469 700 2317 
f 1253 2121 2313 
f 1723 1531 1567 
f 2194 2334 2173 
f 2472 315 384 
f 908 234 448 
f 1963 2258 379 
f 1853 975 1136 
f 1804 692 1968 
f 2303 1643 1281 
f 1126 1713 2335 
f 1948 2090 736 
f 2309 2142 2336 
f 925 2336 2142 
f 2022 1535 441 
f 1402 752 1396 
f 2320 2328 196 
f 2484 1330 21 
f 2129 2291 782 
f 2494 1255 2337 
f 1413 2337 1255 
f 2418 1865 2 
f 1035 2338 2013 
f 1193 2273 1971 
f 207 1514 1479 
f 1652 1152 1895 
f 599 1686 1961 
f 611 256 2339 
f 2443 959 1704 
f 818 2340 439 
f 1195 1895 1934 
f 437 17 569 
f 516 1934 1896 
f 1911 126 1284 
f 617 1355 34 
f 1511 34 1355 
f 123 2133 1977 
f 2160 1977 2133 
f 2189 50 1460 
f 2010 2029 2298 
f 2466 2298 2029 
f 2323 1188 918 
f 2164 1057 695 
f 469 2317 2314 
f 2416 2314 2317 
f 169 944 2206 
f 762 1966 2341 
f 2170 1346 1631 
f 433 2342 1984 
f 1428 2343 162 
f 1941 294 1415 
f 1599 1080 1607 
f 2458 1607 1080 
f 2170 1631 1921 
f 302 159 1531 
f 2030 625 2038 
f 2499 1225 1033 
f 1609 2294 1886 
f 1607 2030 1599 
f 1366 2341 1229 
f 115 572 1923 
f 2162 1923 572 
f 1908 2186 364 
f 1005 1666 2085 
f 1180 1527 2344 
f 1314 2344 1527 
f 532 1357 123 
f 161 1468 538 
f 747 182 1289 
f 1689 891 48 
f 146 39 1575 
f 2098 1575 39 
f 1067 1730 1203 
f 2258 1963 2178 
f 457 2178 1963 
f 305 2010 2345 
f 1315 249 2267 
f 266 1247 29 
f 2420 1957 883 
f 1285 883 1957 
f 1915 1498 1871 
f 1838 1481 1555 
f 2094 1555 1481 
f 1350 1457 891 
f 1583 577 791 
f 2145 2238 868 
f 1143 803 955 
f 1880 2287 1153 
f 111 1147 2204 
f 399 2192 386 
f 2467 386 2192 
f 2402 1114 2332 
f 537 2077 1598 
f 686 33 1114 
f 792 1689 1404 
f 2449 2194 2173 
f 900 675 255 
f 1728 845 2347 
f 2435 1818 2348 
f 1389 2348 1818 
f 1198 2148 2333 
f 2491 513 1916 
f 989 1382 1197 
f 2092 1197 1382 
f 2150 558 2349 
f 993 2349 558 
f 1556 2350 1068 
f 1448 1068 2350 
f 1394 2351 621 
f 2504 1541 489 
f 167 2292 492 
f 251 2352 948 
f 2239 948 2352 
f 1164 631 1493 
f 2390 2025 601 
f 2057 601 2025 
f 2303 1281 1526 
f 2323 861 1301 
f 1806 1628 2353 
f 1588 2354 1887 
f 2241 846 1910 
f 2460 1910 846 
f 1746 913 988 
f 1099 1195 1934 
f 1322 2003 345 
f 1184 392 1131 
f 1229 1131 392 
f 2395 1578 2257 
f 927 2356 2355 
f 1785 2355 2356 
f 2493 1228 2357 
f 1822 551 2116 
f 1952 535 1766 
f 1878 1562 1777 
f 1503 43 1707 
f 2365 290 1561 
f 480 1915 1871 
f 1613 1017 946 
f 1851 2239 2352 
f 2318 701 429 
f 1658 548 2220 
f 2424 354 2261 
f 47 2112 2011 
f 2349 993 2359 
f 747 1289 2218 
f 180 2218 1289 
f 1787 1541 1392 
f 1602 1751 1944 
f 2308 1944 1751 
f 2282 204 2088 
f 1414 124 69 
f 2486 805 715 
f 2479 2360 434 
f 2008 434 2360 
f 1290 2361 1779 
f 462 1127 1958 
f 2391 490 2362 
f 2508 2362 490 
f 2118 700 469 
f 2351 1182 492 
f 1340 2040 2363 
f 95 2363 2040 
f 66 986 1316 
f 972 2358 41 
f 2451 2154 2315 
f 236 36 2364 
f 1737 2365 1561 
f 2460 564 1910 
f 1848 210 1590 
f 1450 2350 2095 
f 1556 2095 2350 
f 2498 1650 188 
f 1774 1893 2106 
f 1500 2189 1460 
f 2458 413 2281 
f 304 2020 2046 
f 404 1119 2366 
f 258 1998 163 
f 2480 263 223 
f 1380 2367 2169 
f 1772 2169 2367 
f 976 1708 2368 
f 2086 2279 2268 
f 2035 2268 2279 
f 1151 2220 1896 
f 313 2369 2005 
f 233 2005 2369 
f 1928 1817 484 
f 1198 2333 2370 
f 974 2370 2333 
f 1394 957 2351 
f 1182 2351 957 
f 2372 2371 2226 
f 1989 2226 2371 
f 2177 2149 1445 
f 2409 1445 2149 
f 1262 1894 776 
f 2226 2348 2372 
f 1389 2372 2348 
f 1761 2016 1295 
f 2392 2132 1530 
f 719 1975 1325 
f 858 1325 1975 
f 1995 338 1946 
f 2286 1946 338 
f 989 2373 124 
f 819 319 1907 
f 2007 894 2374 
f 1918 2375 552 
f 2412 1617 2180 
f 2450 707 1189 
f 996 1155 1780 
f 77 2376 2202 
f 1642 1168 535 
f 2256 1808 2377 
f 1553 2377 1808 
f 231 2375 2378 
f 1918 2378 2375 
f 2059 2027 1893 
f 2254 698 428 
f 2474 401 2042 
f 1192 157 1259 
f 1909 411 2379 
f 2455 2379 411 
f 1826 2380 1675 
f 1602 1944 2381 
f 2471 2005 233 
f 1954 2382 1949 
f 1687 1949 2382 
f 1030 2383 1651 
f 2153 799 1678 
f 520 1618 2134 
f 1803 1867 1872 
f 2378 1918 2384 
f 1856 1544 1976 
f 1067 2260 2385 
f 115 2385 2260 
f 992 560 2253 
f 2227 824 2296 
f 2172 1348 2386 
f 1299 2386 1348 
f 144 209 639 
f 1152 1652 1137 
f 1144 999 2388 
f 2177 2388 999 
f 2018 2176 2235 
f 1675 525 1826 
f 391 1374 1230 
f 1745 1431 2154 
f 1207 299 2175 
f 2091 2175 299 
f 1113 2283 2237 
f 1431 1744 2389 
f 535 1952 97 
f 910 1232 2275 
f 655 324 2391 
f 2488 2391 324 
f 396 2392 1530 
f 2323 918 861 
f 629 579 955 
f 1766 716 1952 
f 2215 726 318 
f 1749 158 2393 
f 2293 181 1289 
f 2446 2182 1803 
f 2042 1578 2395 
f 1774 2322 862 
f 2161 862 2322 
f 732 113 2396 
f 2485 1300 1773 
f 540 2269 2065 
f 1232 910 784 
f 2097 2276 1731 
f 1386 1898 1504 
f 1820 1688 981 
f 2289 1528 1606 
f 2326 1606 1528 
f 477 1264 2225 
f 1703 2225 1264 
f 1244 1945 929 
f 1388 2371 2372 
f 1676 1594 605 
f 1930 1698 1476 
f 338 227 2286 
f 2440 761 1811 
f 178 1846 1769 
f 2181 2119 1591 
f 2075 1591 2119 
f 719 1325 2136 
f 426 1956 2397 
f 2420 2397 1956 
f 1604 2398 1360 
f 486 903 2399 
f 1278 2399 903 
f 625 2030 2326 
f 2218 2221 747 
f 2438 295 1767 
f 1185 19 1667 
f 785 1336 128 
f 277 2170 1921 
f 1532 1023 2285 
f 225 2066 245 
f 817 1122 2205 
f 2452 738 968 
f 1516 1514 2261 
f 1932 2400 2167 
f 1906 1539 2157 
f 1778 2157 1539 
f 2473 25 2046 
f 2370 1552 2401 
f 1603 2235 1474 
f 2508 19 1185 
f 1113 1864 2283 
f 1520 723 1738 
f 790 1738 723 
f 604 2189 1500 
f 2093 2113 767 
f 753 851 1120 
f 2302 1120 851 
f 578 2277 1125 
f 557 1640 710 
f 2151 2357 333 
f 1328 1495 1293 
f 1138 2402 2332 
f 1874 1859 1168 
f 118 1036 2381 
f 995 2403 1999 
f 547 1999 2403 
f 936 1145 737 
f 1280 737 1145 
f 2473 2405 1457 
f 892 1457 2405 
f 2019 2017 2406 
f 265 2406 2017 
f 2436 2407 597 
f 2455 1508 2379 
f 2087 2379 1508 
f 1809 1998 258 
f 2015 2040 1518 
f 1339 1518 2040 
f 1034 1609 2408 
f 1043 2290 2264 
f 2190 2264 2290 
f 2428 1727 2131 
f 1722 2131 1727 
f 2437 2274 2147 
f 2056 2024 2410 
f 1970 2410 2024 
f 2048 1740 199 
f 2223 590 408 
f 2308 1751 2411 
f 2263 2411 1751 
f 1954 836 2382 
f 1121 445 2072 
f 1487 604 2041 
f 1883 2374 2064 
f 2422 2006 1634 
f 779 2284 1864 
f 242 1617 2412 
f 364 1237 2413 
f 393 2413 1237 
f 1913 2414 156 
f 2453 2415 2280 
f 1929 1453 773 
f 1280 2069 737 
f 686 1114 2402 
f 1649 1326 517 
f 246 2416 2318 
f 2439 613 2081 
f 2048 1581 1860 
f 1016 548 5 
f 972 1445 2409 
f 567 477 2225 
f 2175 2417 1720 
f 1499 1073 2272 
f 1502 152 1757 
f 61 84 2135 
f 2088 2182 2289 
f 216 1312 1697 
f 1495 1695 2418 
f 201 2324 2303 
f 742 779 1205 
f 357 2419 2127 
f 433 1319 2342 
f 1644 1363 564 
f 2485 1773 789 
f 2312 1959 2231 
f 1424 1675 608 
f 2106 1937 2389 
f 1315 2267 2344 
f 2251 2295 2082 
f 2493 446 1660 
f 2163 2272 1682 
f 1783 1989 1355 
f 1793 1355 1989 
f 996 1780 2126 
f 474 30 1079 
f 2414 1855 154 
f 1214 2384 2330 
f 882 2397 2420 
f 2244 655 2362 
f 2391 2362 655 
f 196 1882 2320 
f 1563 2308 1777 
f 2111 487 126 
f 2423 2321 2083 
f 444 2083 2321 
f 1880 1181 53 
f 693 1545 1066 
f 553 2375 1996 
f 2394 961 2114 
f 2270 2421 1038 
f 2315 2006 2422 
f 1338 1905 2156 
f 1330 742 1205 
f 2285 1649 1532 
f 2025 293 1353 
f 2096 281 1748 
f 2321 2423 2421 
f 859 2421 2423 
f 2272 2163 1499 
f 1307 1499 2163 
f 44 507 1510 
f 2328 1655 2425 
f 2026 2426 55 
f 2395 2427 1413 
f 1920 1413 2427 
f 1510 493 1087 
f 2248 2185 2428 
f 2384 1214 2378 
f 1616 66 1316 
f 2365 1299 1348 
f 1037 1590 2381 
f 2276 2097 2429 
f 2380 2429 2097 
f 448 2369 314 
f 2240 2115 1854 
f 1832 1854 2115 
f 1271 1525 2404 
f 1786 172 1968 
f 1197 2092 778 
f 1641 536 1200 
f 1324 2201 2431 
f 2465 2431 2201 
f 2416 1736 2314 
f 376 1996 663 
f 2121 663 1996 
f 2227 1862 2418 
f 1865 2418 1862 
f 2273 590 2223 
f 903 486 1827 
f 1471 1763 1472 
f 706 38 2151 
f 2208 2140 1090 
f 1987 2432 350 
f 1337 350 2432 
f 1215 2434 2433 
f 1216 2433 2434 
f 2506 854 538 
f 1257 2435 2348 
f 1284 2359 1911 
f 2502 1911 2359 
f 1679 928 939 
f 882 425 2397 
f 1774 2106 2322 
f 2389 2322 2106 
f 1417 1110 1173 
f 2137 1523 1740 
f 416 1740 1523 
f 1123 2439 2205 
f 2081 2205 2439 
f 1994 389 2143 
f 2414 2345 1855 
f 2009 1855 2345 
f 972 1636 1445 
f 96 148 2363 
f 2500 2363 148 
f 1545 692 1804 
f 2484 697 1331 
f 941 2440 1554 
f 440 621 57 
f 2396 57 621 
f 2038 678 2030 
f 1333 942 1297 
f 2101 2122 498 
f 2146 2441 88 
f 566 322 890 
f 1947 221 1955 
f 1857 843 1715 
f 501 2016 1761 
f 2031 677 1866 
f 2505 2332 936 
f 1848 1590 1037 
f 1549 647 2442 
f 1988 1122 817 
f 1932 1637 2400 
f 871 2400 1637 
f 1796 1003 962 
f 373 129 1802 
f 2227 1623 1862 
f 1993 712 2443 
f 1014 975 1879 
f 113 732 994 
f 1939 994 732 
f 1183 1131 2435 
f 1844 1393 1970 
f 1176 2214 1957 
f 2232 1957 2214 
f 2232 1285 1957 
f 1388 2260 1203 
f 1067 1203 2260 
f 2490 378 1712 
f 1788 1207 555 
f 819 1314 1527 
f 1529 2446 2039 
f 1872 2039 2446 
f 2109 393 2210 
f 515 924 49 
f 2277 578 1478 
f 1548 1611 1421 
f 2454 2185 2306 
f 2248 2306 2185 
f 244 2447 317 
f 2180 1592 2412 
f 298 1313 2234 
f 2101 1562 1878 
f 2184 335 2207 
f 985 2448 1688 
f 583 1929 1621 
f 2175 2091 2060 
f 2478 1754 2008 
f 1835 93 2300 
f 1467 2300 93 
f 230 2252 2004 
f 2461 1492 1668 
f 2168 645 1364 
f 1660 1608 153 
f 2454 2306 239 
f 1189 2451 2450 
f 1009 2450 2451 
f 2354 1897 1346 
f 2093 2265 2012 
f 423 2174 673 
f 1253 2036 1376 
f 1892 1376 2036 
f 2286 1343 2453 
f 2459 2453 1343 
f 318 932 2215 
f 2428 2131 1304 
f 316 179 796 
f 1587 192 2009 
f 2472 384 1537 
f 833 742 1330 
f 301 1503 1707 
f 1611 1548 1684 
f 1375 2444 1752 
f 1372 1582 141 
f 525 1637 1932 
f 2285 662 1060 
f 1728 2454 845 
f 500 2259 840 
f 364 2413 1908 
f 2210 1212 1719 
f 285 1719 1212 
f 1123 2051 2439 
f 614 2439 2051 
f 1211 2107 71 
f 1004 1797 1838 
f 497 1630 2455 
f 2417 1557 1446 
f 2486 79 805 
f 2003 1338 2456 
f 2246 2456 1338 
f 2255 1795 117 
f 1806 2353 139 
f 1491 12 1840 
f 657 1462 1283 
f 2078 1283 1462 
f 2251 2344 2266 
f 1522 1379 623 
f 1415 1298 238 
f 1779 2457 872 
f 518 1021 1294 
f 2377 1829 2257 
f 1273 2257 1829 
f 2185 2454 1728 
f 1406 791 630 
f 2495 1978 684 
f 2195 684 1978 
f 2487 2259 500 
f 1788 2338 672 
f 1035 672 2338 
f 2495 684 1427 
f 351 139 1986 
f 1925 2367 1381 
f 1470 980 711 
f 765 1948 736 
f 1571 483 1900 
f 1665 1850 1078 
f 2120 571 52 
f 1644 143 2447 
f 1820 406 620 
f 622 1200 1522 
f 2014 92 1959 
f 2217 2130 454 
f 1502 1757 44 
f 507 44 1757 
f 1551 1991 239 
f 2442 1390 82 
f 2436 288 2407 
f 1589 2453 2459 
f 815 948 2239 
f 2362 652 1705 
f 1787 1392 2053 
f 1644 564 2460 
f 1943 1128 1647 
f 2431 1647 1128 
f 494 1556 1869 
f 604 1487 2189 
f 823 289 1683 
f 2380 1594 1676 
f 2429 2380 1826 
f 34 242 2412 
f 2337 1413 1920 
f 31 1939 732 
f 1804 959 2443 
f 925 2445 2164 
f 1057 2164 2445 
f 1962 2073 1917 
f 1762 1917 2073 
f 2124 477 567 
f 881 1358 361 
f 2177 999 2149 
f 2060 2417 2175 
f 2385 115 1876 
f 570 2463 1619 
f 1279 1619 2463 
f 221 1947 1400 
f 2257 1273 2427 
f 1426 684 919 
f 1039 2419 926 
f 2153 847 799 
f 1154 896 685 
f 241 685 896 
f 2026 2464 2426 
f 496 2426 2464 
f 1647 2431 2465 
f 1401 176 587 
f 2468 1565 1775 
f 419 1919 1199 
f 2424 2261 857 
f 1905 1323 869 
f 1547 1421 1670 
f 381 800 1800 
f 2503 2141 213 
f 2307 213 2141 
f 1743 1581 2048 
f 1496 2204 1146 
f 1732 767 2405 
f 2112 2405 767 
f 1615 1534 1277 
f 1386 421 1611 
f 1746 988 2466 
f 2131 1722 2152 
f 208 2152 1722 
f 1933 616 1739 
f 1849 815 2239 
f 1085 1140 1318 
f 1735 2468 2329 
f 2366 16 2050 
f 1349 453 383 
f 1857 271 661 
f 534 661 271 
f 1554 1809 2331 
f 91 307 1452 
f 1824 2398 1474 
f 1603 1474 2398 
f 2506 1920 2427 
f 835 984 2382 
f 1687 2382 984 
f 1853 1001 2347 
f 2328 2320 2198 
f 2296 823 2212 
f 775 1894 1830 
f 2230 1830 1894 
f 883 1285 1624 
f 2302 851 694 
f 2301 2080 1387 
f 2443 1545 1804 
f 1801 2192 1949 
f 2340 818 305 
f 1794 1191 2110 
f 1984 89 433 
f 1974 750 1501 
f 2074 897 2383 
f 635 2469 489 
f 1442 945 169 
f 1257 2348 2226 
f 1141 616 1295 
f 2196 1507 104 
f 2026 2467 2464 
f 619 2464 2467 
f 485 2399 668 
f 1462 546 2078 
f 1347 2334 1914 
f 2213 1914 2334 
f 2497 859 2423 
f 1389 2470 1546 
f 573 1546 2470 
f 2043 2117 2471 
f 1548 2471 2117 
f 2310 1698 991 
f 2499 1033 11 
f 838 2114 1003 
f 1888 1221 349 
f 2186 1908 303 
f 220 1007 2319 
f 1904 1669 1927 
f 922 2316 1672 
f 1051 230 2004 
f 200 2303 1526 
f 2010 2472 1883 
f 1732 2405 2473 
f 1587 2009 2298 
f 2364 1575 2254 
f 1595 2406 4 
f 1046 917 478 
f 1265 2388 480 
f 1915 480 2388 
f 1490 1158 1981 
f 1008 1076 2403 
f 759 1790 2475 
f 702 956 861 
f 1830 2230 841 
f 1284 2349 2359 
f 2113 2093 2012 
f 1745 2154 2100 
f 2451 2100 2154 
f 2140 2139 2079 
f 1404 1928 484 
f 809 606 1157 
f 1141 1296 2476 
f 1383 1958 1362 
f 1265 373 1144 
f 456 632 549 
f 890 1487 566 
f 2097 1594 2380 
f 1550 1007 98 
f 49 851 753 
f 2077 537 2477 
f 1203 2371 1388 
f 2241 1940 846 
f 2269 493 2478 
f 1625 2478 493 
f 1537 2007 2374 
f 1069 466 2193 
f 1661 941 1554 
f 2138 932 2070 
f 1719 2109 2210 
f 723 1454 1347 
f 1202 1989 2371 
f 1484 1709 2307 
f 279 2307 1709 
f 2500 148 1286 
f 210 2124 568 
f 2236 2469 481 
f 1077 1274 1282 
f 1785 2356 2479 
f 1054 2479 2356 
f 1818 2435 1132 
f 2247 1429 2271 
f 1643 365 1360 
f 2501 42 1800 
f 1367 762 2341 
f 2281 1607 2458 
f 2119 1183 2075 
f 903 1615 1278 
f 2492 1140 1085 
f 1204 1065 2481 
f 106 1181 1880 
f 1185 1667 1024 
f 475 1024 1667 
f 1464 2279 2284 
f 1095 142 58 
f 1936 1588 1718 
f 412 1190 1795 
f 1653 221 1400 
f 1009 2451 2315 
f 89 1984 1967 
f 261 1967 1984 
f 926 387 539 
f 2211 2483 331 
f 1775 1214 2330 
f 121 1157 1443 
f 1405 1319 430 
f 1972 76 395 
f 275 1467 544 
f 1061 655 2244 
f 1105 2339 1276 
f 2336 924 515 
f 1681 2134 353 
f 1994 1742 389 
f 2327 389 1742 
f 2463 569 2221 
f 1306 1870 1498 
f 1045 482 97 
f 2394 2114 2482 
f 838 2482 2114 
f 2048 1860 2137 
f 1622 2296 2212 
f 1038 68 2270 
f 1269 149 1979 
f 1458 840 850 
f 715 2480 2486 
f 2245 2486 2480 
f 500 1761 2487 
f 2212 2023 1622 
f 2504 2488 1789 
f 325 1789 2488 
f 2186 728 1438 
f 122 1438 728 
f 768 642 375 
f 1070 759 2475 
f 2014 1410 1120 
f 1287 2325 2103 
f 1365 268 2168 
f 2214 2487 1760 
f 1533 2475 2123 
f 869 1440 1906 
f 2028 360 1380 
f 1335 1116 1725 
f 325 1815 2410 
f 1290 832 2361 
f 654 2361 832 
f 1178 1179 771 
f 2358 591 1193 
f 1144 2388 1265 
f 2336 1776 2309 
f 2497 2423 2201 
f 1013 2044 1107 
f 353 2163 1681 
f 1828 934 551 
f 2188 2489 189 
f 1641 189 2489 
f 1787 2053 1986 
f 341 286 2262 
f 2150 86 2052 
f 1064 1037 2481 
f 2411 2263 1703 
f 2192 1801 2467 
f 619 2467 1801 
f 1424 525 1675 
f 932 318 510 
f 2498 312 362 
f 400 362 312 
f 1086 135 2228 
f 1287 1029 626 
f 405 2050 2138 
f 46 2188 189 
f 485 1139 2492 
f 15 1828 1633 
f 1767 294 1941 
f 1659 1943 1118 
f 257 1118 1943 
f 2330 2468 1775 
f 375 1308 553 
f 1784 2274 2355 
f 133 221 1653 
f 2047 1054 2356 
f 2010 305 2472 
f 2028 1380 2169 
f 1686 1533 2123 
f 2277 2123 1983 
f 198 836 1954 
f 781 687 1486 
f 2357 446 2493 
f 2018 2235 1603 
f 1698 1930 1262 
f 2506 1208 1997 
f 328 2042 2395 
f 255 676 1198 
f 1 390 793 
f 1974 1501 1461 
f 2415 1589 1990 
f 2177 1915 2388 
f 1490 1981 2456 
f 848 1254 2494 
f 2264 476 1043 
f 589 954 1447 
f 1246 1209 2496 
f 2014 1120 1000 
f 2302 1000 1120 
f 29 943 266 
f 476 2197 403 
f 270 1477 184 
f 843 2190 2290 
f 1648 1517 431 
f 1755 431 1517 
f 2176 2018 215 
f 1843 1497 79 
f 2368 1716 2145 
f 798 2145 1716 
f 2335 1467 275 
f 2201 1324 2497 
f 1035 2408 672 
f 2202 1305 77 
f 2392 77 1305 
f 2245 78 2486 
f 1854 1832 2092 
f 2236 481 679 
f 2228 1700 1086 
f 1190 2195 1978 
f 2251 2266 2295 
f 123 2373 2133 
f 990 1414 858 
f 2354 1589 2459 
f 1534 1070 2475 
f 1319 1405 1098 
f 2361 653 456 
f 2019 460 1489 
f 1737 1300 2365 
f 201 237 2430 
f 1891 2430 237 
f 568 2327 1742 
f 389 2327 793 
f 1803 1872 2446 
f 930 695 1825 
f 35 323 565 
f 1586 155 191 
f 1958 388 462 
f 333 664 627 
f 775 1831 1882 
f 2448 985 1869 
f 1979 1108 1269 
f 2368 2145 868 
f 1776 2336 515 
f 1175 1084 1456 
f 1096 2494 2337 
f 1393 1337 2432 
f 1682 415 1081 
f 905 2290 1043 
f 660 1181 106 
f 694 1734 2302 
f 1650 2498 424 
f 1970 325 2410 
f 1654 1708 2425 
f 1121 2224 194 
f 880 194 2224 
f 1735 1569 2468 
f 1154 686 2402 
f 958 177 1558 
f 460 2019 2406 
f 1848 1037 1064 
f 1154 2287 896 
f 976 2368 868 
f 1554 2331 1661 
f 1306 2476 1870 
f 1270 1247 2500 
f 2037 419 1942 
f 415 2501 1006 
f 2048 2137 1740 
f 2359 1938 2502 
f 766 2502 1938 
f 1674 930 1825 
f 1490 2456 902 
f 2103 2059 1912 
f 2370 255 1198 
f 1625 1754 2478 
f 761 1091 2147 
f 2437 2147 1091 
f 403 1044 476 
f 2338 1788 555 
f 1354 2000 1511 
f 1373 1847 1064 
f 447 1542 1608 
f 2391 2488 2504 
f 1260 2219 2250 
f 2404 1524 718 
f 2383 2232 615 
f 2021 1352 1647 
f 2003 64 1385 
f 2109 2413 393 
f 2463 2221 1279 
f 2470 1389 1818 
f 1658 2220 321 
f 1054 2360 2479 
f 1610 1577 1420 
f 2087 1677 2379 
f 1551 585 1814 
f 1130 133 1653 
f 921 1310 1884 
f 1778 832 2157 
f 1041 1612 1593 
f 911 1735 2329 
f 2485 2449 2173 
f 968 1266 2452 
f 1138 1153 2402 
f 1880 1461 106 
f 2487 1881 2259 
f 1810 1273 1829 
f 2401 1814 931 
f 249 1315 1907 
f 2195 1190 1909 
f 2325 1287 377 
f 2412 617 34 
f 1115 2218 180 
f 152 1502 2493 
f 1320 2000 1354 
f 602 802 2390 
f 2091 2390 802 
f 1494 2503 213 
f 2272 1074 42 
f 751 2505 936 
f 1837 1343 1227 
f 2354 2459 1897 
f 2329 2384 911 
f 1563 1944 2308 
f 1969 328 1412 
f 2395 1412 328 
f 59 2494 1096 
f 2229 656 1061 
f 1719 2199 2109 
f 2411 916 2142 
f 1410 2014 1959 
f 360 2037 1942 
f 1541 2504 1789 
f 2196 708 1507 
f 1172 1378 2002 
f 239 585 1551 
f 2191 1822 2116 
f 2054 2387 973 
f 2328 914 1655 
f 560 992 977 
f 2473 2046 1732 
f 2414 1913 2340 
f 619 95 2464 
f 1948 765 1582 
f 2173 1299 2485 
f 1819 1799 683 
f 1531 1723 642 
f 2352 251 1626 
f 817 1835 60 
f 538 1920 2506 
f 320 675 900 
f 187 2346 529 
f 2499 1274 1226 
f 1662 1226 1274 
f 1134 622 2304 
f 1714 1651 898 
f 273 2252 1931 
f 2251 2082 1397 
f 1569 1238 174 
f 1116 1334 583 
f 176 978 1558 
f 2427 2395 2257 
f 919 137 1426 
f 2304 623 2407 
f 802 1459 2061 
f 1130 2376 133 
f 2074 2383 615 
f 317 161 1598 
f 1272 2067 1208 
f 2293 102 111 
f 2401 254 2370 
f 2492 1085 1699 
f 2200 2266 1646 
f 2116 550 2233 
f 1795 2255 412 
f 2249 2466 2095 
f 32 2265 2093 
f 1955 76 1972 
f 207 1479 1434 
f 119 1142 2476 
f 453 1349 2084 
f 925 717 1524 
f 2284 743 1464 
f 456 549 2457 
f 1837 2459 1343 
f 316 306 1527 
f 996 1463 1465 
f 2241 1910 1614 
f 1286 1270 2500 
f 80 2043 234 
f 2489 2188 1874 
f 143 1644 2460 
f 682 2507 2441 
f 78 2441 2507 
f 877 1398 1935 
f 702 2461 956 
f 1668 956 2461 
f 1899 2105 1485 
f 60 1988 817 
f 2495 1167 1978 
f 41 1636 972 
f 1236 1438 1697 
f 15 934 1828 
f 77 2392 395 
f 1655 1782 2166 
f 163 2343 258 
f 789 2158 2449 
f 778 499 1977 
f 2465 2200 1646 
f 1947 1955 1031 
f 1557 2061 958 
f 2242 589 1447 
f 1844 1628 1806 
f 2165 806 643 
f 2065 2360 1052 
f 803 1143 1704 
f 892 2405 2112 
f 1371 1224 1668 
f 152 2493 1660 
f 405 2366 2050 
f 99 2352 1626 
f 2422 1902 2315 
f 1299 2173 2386 
f 119 2476 1306 
f 1782 725 442 
f 2506 1997 854 
f 864 39 146 
f 259 2343 2247 
f 1785 2479 435 
f 1972 395 1976 
f 2292 167 848 
f 2406 1595 460 
f 196 775 1882 
f 2242 399 386 
f 1424 1964 1062 
f 1814 2401 1551 
f 1628 1844 1656 
f 599 282 1533 
f 1277 1533 282 
f 2370 974 1552 
f 2316 922 55 
f 2049 1693 2102 
f 303 728 2186 
f 2158 789 1914 
f 2104 317 1598 
f 2028 2169 1816 
f 773 2462 1929 
f 2049 2011 1693 
f 78 2507 1843 
f 1670 202 1927 
f 2498 187 312 
f 2349 1284 85 
f 2067 1785 435 
f 1420 418 203 
f 1177 979 1401 
f 490 2391 2504 
f 2444 1858 1772 
f 2422 1634 2490 
f 679 27 2236 
f 326 1234 1538 
f 2214 1881 2487 
f 2291 2035 168 
f 1473 1827 1699 
f 2208 2139 2140 
f 16 62 727 
f 603 1582 1372 
f 925 1524 2445 
f 1965 979 1177 
f 984 835 971 
f 2298 2466 2249 
f 464 607 24 
f 1586 1482 155 
f 2477 1456 2077 
f 703 459 1164 
f 2345 2414 2340 
f 918 710 1639 
f 1272 1208 2506 
f 2237 269 1020 
f 2482 170 2394 
f 2041 1372 864 
f 937 2000 2438 
f 2104 244 317 
f 1533 1686 599 
f 2172 2334 1347 
f 2325 377 1635 
f 2490 1635 377 
f 945 1441 830 
f 1925 420 895 
f 914 2328 2198 
f 2024 1585 1656 
f 2224 834 1358 
f 1002 1728 2347 
f 627 2151 333 
f 711 1416 1470 
f 401 1998 2256 
f 1529 2038 624 
f 104 1101 2196 
f 124 1414 989 
f 900 255 1674 
f 1218 323 35 
f 1356 1932 2167 
f 567 2225 2144 
f 1859 1874 2187 
f 1950 1473 1700 
f 1109 1980 1449 
f 643 2058 2165 
f 41 1074 1636 
f 1175 1456 2477 
f 403 1765 1044 
f 838 1050 586 
f 1189 2100 2451 
f 1588 1936 1990 
f 1091 443 915 
f 1340 2363 2500 
f 1274 2499 1512 
f 819 1907 1314 
f 1121 2072 2224 
f 2055 2034 1951 
f 2416 246 1736 
f 2120 2181 571 
f 1076 1585 2024 
f 1840 1033 888 
f 898 1106 226 
f 866 2273 2223 
f 1670 1420 203 
f 777 2483 2211 
f 1697 739 1236 
f 394 1236 739 
f 2297 1632 129 
f 863 1376 1892 
f 2049 2102 1817 
f 789 2449 2485 
f 1665 1724 1850 
f 2213 2158 1914 
f 1708 976 1263 
f 2477 18 1175 
f 676 2220 1151 
f 1741 2206 2312 
f 373 1265 129 
f 262 334 223 
f 2008 2269 2478 
f 1969 1412 1255 
f 1447 399 2242 
f 264 487 2071 
f 398 2300 1466 
f 1424 1637 525 
f 860 1890 1370 
f 2508 652 2362 
f 2345 2340 305 
f 2396 114 57 
f 1325 858 2497 
f 2490 1712 2422 
f 1138 2332 2505 
f 2216 1013 1107 
f 372 1398 877 
f 1746 2466 2064 
f 2029 2064 2466 
f 406 1820 733 
f 2234 1088 1311 
f 2469 2236 20 
f 419 2037 1919 
f 936 737 751 
f 2453 1589 2415 
f 1171 697 2484 
f 586 2482 838 
f 2352 99 1851 
f 12 1491 2222 
f 790 723 1347 
f 2390 2091 965 
f 37 446 2357 
f 2506 2427 1272 
f 1253 2313 1912 
f 2411 2142 2309 
f 1034 2294 1609 
f 2011 2049 47 
f 1983 647 1549 
f 132 746 1886 
