#  wavefront obj file written by the visualization toolkit

mtllib livertumors.mtl

v 126.67400360107422 240.1490020751953 236.67300415039062
v 125.90799713134766 243.22900390625 236.01800537109375
v 123.77300262451172 241.42799377441406 236.7550048828125
v 128.3459930419922 241.82699584960938 236.44900512695312
v 116.88700103759766 199.2259979248047 160.12600708007812
v 119.47599792480469 196.4949951171875 164.2480010986328
v 117.88999938964844 200.43600463867188 164.81500244140625
v 117.9729995727539 194.77499389648438 159.74099731445312
v 124.81600189208984 244.51100158691406 240.51199340820312
v 123.98699951171875 244.35899353027344 239.37399291992188
v 125.70099639892578 245.27000427246094 239.85400390625
v 125.4219970703125 243.64599609375 242.08900451660156
v 153.64199829101562 126.1989974975586 223.0959930419922
v 151.5330047607422 127.0270004272461 221.9709930419922
v 151.67799377441406 128.24400329589844 223.89999389648438
v 153.4949951171875 126.4729995727539 220.95799255371094
v 152.41200256347656 122.552001953125 226.4739990234375
v 153.72300720214844 123.55899810791016 225.5469970703125
v 153.98300170898438 122.95600128173828 227.30499267578125
v 152.62100219726562 122.73200225830078 224.18899536132812
v 85.31439971923828 167.88699340820312 156.927001953125
v 85.36219787597656 168.7449951171875 158.8280029296875
v 85.53800201416016 169.58200073242188 157.76400756835938
v 84.40139770507812 167.88600158691406 158.94200134277344
v 108.31300354003906 238.53799438476562 181.781005859375
v 107.56199645996094 236.0070037841797 180.54800415039062
v 109.6240005493164 236.7469940185547 180.5030059814453
v 105.38700103759766 237 181.60699462890625
v 187.0959930419922 143.0959930419922 196.6529998779297
v 187.74200439453125 142.95799255371094 198.9530029296875
v 185.3179931640625 140.96499633789062 197.6790008544922
v 189.68099975585938 144.13600158691406 197.9340057373047
v 174.28799438476562 135.86700439453125 182.93600463867188
v 170.92799377441406 135.89100646972656 183.947998046875
v 171.93499755859375 137.18299865722656 180.7899932861328
v 173.58099365234375 134.10299682617188 186.25999450683594
v 140.5279998779297 184.26699829101562 203.19400024414062
v 142.98899841308594 189.70700073242188 204.1649932861328
v 144.49200439453125 188.3090057373047 199.30499267578125
v 137.9239959716797 184.15899658203125 207.28900146484375
v 139.4219970703125 199.32699584960938 188.87600708007812
v 143.72999572753906 198.50100708007812 192.0709991455078
v 142.42100524902344 201.3070068359375 192.77699279785156
v 143.6750030517578 195.75599670410156 191.73199462890625
v 91.05079650878906 153.19900512695312 141.8459930419922
v 91.43659973144531 153.38499450683594 142.6840057373047
v 91.61669921875 153.73800659179688 141.31900024414062
v 91.152099609375 153.10800170898438 142.36300659179688
v 114.12899780273438 191.02099609375 230.12100219726562
v 115.5260009765625 189.52499389648438 228.66799926757812
v 113.55699920654297 189.66600036621094 227.80799865722656
v 116.40599822998047 191.0240020751953 230.9029998779297
v 90.75779724121094 153.63900756835938 140.95599365234375
v 92.05249786376953 153.94900512695312 143.07000732421875
v 209.9429931640625 158.17599487304688 243.5659942626953
v 208.82699584960938 158.67300415039062 242.447998046875
v 209.04200744628906 160.47799682617188 243.14199829101562
v 210.072998046875 157.0469970703125 241.6540069580078
v 135.89700317382812 127.9010009765625 218.90499877929688
v 134.72500610351562 132.9720001220703 216.06100463867188
v 138.66000366210938 132.0679931640625 217.52699279785156
v 131.1179962158203 129.67799377441406 215.30099487304688
v 116.42400360107422 246.3040008544922 214.36399841308594
v 116.63600158691406 245.63499450683594 211.46400451660156
v 118.02300262451172 242.63900756835938 213.10899353027344
v 113.8239974975586 247.77099609375 212.3179931640625
v 132.1300048828125 183.281005859375 267.6600036621094
v 133.8209991455078 182.98899841308594 269.25
v 133.25799560546875 182.95799255371094 266.7569885253906
v 132.08799743652344 183.46499633789062 270.5419921875
v 132.5970001220703 199.41099548339844 262.6570129394531
v 132.1909942626953 195.56700134277344 260.75799560546875
v 130.4429931640625 198.4219970703125 266.27398681640625
v 132.75399780273438 196.97300720214844 257.4859924316406
v 105.91600036621094 215.2530059814453 236.322998046875
v 105.01200103759766 215.03199768066406 234.50100708007812
v 104.34400177001953 215.76699829101562 236.8470001220703
v 106.10399627685547 214.8979949951172 233.80599975585938
v 129.58399963378906 185.15699768066406 267.8340148925781
v 128.8459930419922 186.84500122070312 266.6709899902344
v 129.52999877929688 186.95199584960938 269.0790100097656
v 129.968994140625 186.11500549316406 264.59698486328125
v 137.90899658203125 216.4709930419922 212.7469940185547
v 139.87600708007812 216.82200622558594 212.65899658203125
v 139.197998046875 218.10800170898438 212.91299438476562
v 139.67999267578125 215.66900634765625 214.59100341796875
v 126.49199676513672 182.24600219726562 212.88900756835938
v 122.0530014038086 176.79100036621094 210.06399536132812
v 120.84500122070312 181.81300354003906 213.22300720214844
v 128.17599487304688 177.71200561523438 209.47300720214844
v 95.96060180664062 153.0469970703125 173.6699981689453
v 95.58309936523438 149.97000122070312 173.16799926757812
v 97.29440307617188 152.04299926757812 175.0970001220703
v 94.2770004272461 151.197998046875 172.25100708007812
v 95.32260131835938 200.9709930419922 191.20799255371094
v 95.54389953613281 199.17599487304688 193.71800231933594
v 96.97370147705078 198.93099975585938 192.18699645996094
v 94.07469940185547 200.7530059814453 193.66099548339844
v 210.08999633789062 159.42100524902344 240.0279998779297
v 211.6739959716797 160.7760009765625 240.1009979248047
v 210.15699768066406 161.58999633789062 240.5449981689453
v 211.83599853515625 158.71099853515625 240
v 91.5427017211914 154.30499267578125 140.50799560546875
v 195.7239990234375 141.95799255371094 251.35000610351562
v 194.58999633789062 141.15199279785156 252
v 192.9600067138672 142.02099609375 251.92999267578125
v 195.7740020751953 139.82400512695312 251.92100524902344
v 90.5156021118164 154.66400146484375 140.43899536132812
v 117.95600128173828 184.43800354003906 250.3000030517578
v 118.54000091552734 184.0919952392578 256.5060119628906
v 121.03700256347656 184.4499969482422 254.81500244140625
v 114.65699768066406 184.5590057373047 251.2010040283203
v 78.04570007324219 169.06399536132812 181.31399536132812
v 79.18340301513672 171.74600219726562 177.9149932861328
v 79.11260223388672 172.1840057373047 181.46499633789062
v 78.66020202636719 168.41400146484375 177.24099731445312
v 92.21739959716797 154.39599609375 141.57899475097656
v 92.49019622802734 154.37399291992188 143.13600158691406
v 105.93599700927734 233.96099853515625 181.04600524902344
v 109.02999877929688 234.21299743652344 181.32200622558594
v 107.6240005493164 232.13400268554688 183.43299865722656
v 87.90910339355469 154.79100036621094 142.1439971923828
v 88.53520202636719 155.5260009765625 140.75900268554688
v 87.20459747314453 156.44200134277344 141.43299865722656
v 88.95760345458984 154.4409942626953 141.40699768066406
v 208.41099548339844 159.81399536132812 241.87899780273438
v 209.125 158.60699462890625 240.82200622558594
v 89.8406982421875 155.80099487304688 140.2209930419922
v 146.92300415039062 158.73800659179688 253.89100646972656
v 149.0229949951172 158.125 252
v 148.08099365234375 160.19000244140625 252.62600708007812
v 147.718994140625 156.0019989013672 253.8280029296875
v 89.5302963256836 153.66299438476562 142.48500061035156
v 145.34800720214844 125.48799896240234 197.97300720214844
v 144.1060028076172 124.66999816894531 200.61500549316406
v 143.0590057373047 127.32499694824219 200.8489990234375
v 145.56199645996094 121.76599884033203 198.5500030517578
v 108.69100189208984 179.97999572753906 185.37100219726562
v 109.44300079345703 179.83200073242188 185.38600158691406
v 109.36900329589844 180.0709991455078 186.46800231933594
v 109.3280029296875 179.07400512695312 186.13400268554688
v 111.92500305175781 206.7570037841797 161.5070037841797
v 113.68499755859375 205.6529998779297 165.31100463867188
v 109.66699981689453 207.51100158691406 166.08099365234375
v 114.93399810791016 203.41299438476562 161.52099609375
v 97.71839904785156 194.406005859375 167.61000061035156
v 97.53240203857422 196.7550048828125 167.1649932861328
v 99.69760131835938 195.0070037841797 171.53199768066406
v 97.46610260009766 195.91900634765625 162.44000244140625
v 110.62899780273438 193.87899780273438 234.43600463867188
v 109.88099670410156 191.76300048828125 233.6959991455078
v 108.64199829101562 193.5760040283203 234.73399353027344
v 112.45899963378906 192.48399353027344 233.36599731445312
v 81.22709655761719 170.6009979248047 157.4739990234375
v 81.76679992675781 171.58700561523438 157.08900451660156
v 82.72740173339844 171.3509979248047 158.677001953125
v 81.50969696044922 171.18899536132812 155.3459930419922
v 135.5030059814453 170.64300537109375 249.79800415039062
v 131.70700073242188 171.97000122070312 248.38900756835938
v 136.78399658203125 171.85000610351562 247.3159942626953
v 133.68699645996094 168.25399780273438 250.86399841308594
v 236.69200134277344 150.57200622558594 239.16600036621094
v 237.63800048828125 149.6269989013672 241.52999877929688
v 235.08900451660156 150.55599975585938 241.37100219726562
v 238.6179962158203 149.35000610351562 238.97300720214844
v 92.03759765625 155.34300231933594 140.9499969482422
v 139.52099609375 221.0019989013672 225.01400756835938
v 141.73199462890625 221.18099975585938 223.97300720214844
v 141.7209930419922 220.86000061035156 226.0970001220703
v 139.94700622558594 221.57200622558594 222.8560028076172
v 106.625 218.031005859375 224.21299743652344
v 104.39399719238281 218.48699951171875 224.75999450683594
v 104.58599853515625 219.75999450683594 221.93499755859375
v 106.05599975585938 215.73199462890625 225.9499969482422
v 91.83989715576172 205.5540008544922 196.08099365234375
v 94.36250305175781 208.02000427246094 194.39500427246094
v 91.02410125732422 208.7830047607422 194.94400024414062
v 94.3052978515625 205.5260009765625 194.44200134277344
v 141.9429931640625 202.8249969482422 197.531005859375
v 142.88499450683594 202.5279998779297 203.23599243164062
v 137.9199981689453 205.97000122070312 200.51100158691406
v 145.02200317382812 200.072998046875 200.56100463867188
v 92.73809814453125 154.9949951171875 143.06900024414062
v 84.80460357666016 167.89500427246094 153.4029998779297
v 85.3447036743164 167.95599365234375 154.68699645996094
v 85.58509826660156 168.81399536132812 153.66600036621094
v 84.44750213623047 167.2169952392578 154.87399291992188
v 102.01200103759766 162.91700744628906 167.072998046875
v 99.71910095214844 163.4709930419922 167.85299682617188
v 101.64199829101562 164.8000030517578 166.80499267578125
v 100.70600128173828 161.22300720214844 167.61900329589844
v 153.96400451660156 118.41200256347656 222.63699340820312
v 154.81500244140625 117.72699737548828 224.87100219726562
v 154.98399353027344 117.65499877929688 222.7899932861328
v 152.93800354003906 118.74299621582031 224.2469940185547
v 88.66889953613281 153.57400512695312 145.78799438476562
v 87.35540008544922 154.218994140625 146.49099731445312
v 88.18379974365234 153.9080047607422 148.11000061035156
v 88.10559844970703 153.99000549316406 143.8040008544922
v 112.85600280761719 195.02200317382812 198.6739959716797
v 113.21900177001953 192.5050048828125 193.48199462890625
v 114.6989974975586 196.60899353027344 193.96099853515625
v 112.05899810791016 190.5500030517578 197.9759979248047
v 99.12950134277344 192.1959991455078 169.7100067138672
v 98.33589935302734 191.53199768066406 165.57699584960938
v 195.03700256347656 141.13400268554688 244.0709991455078
v 196.78900146484375 140.13400268554688 244.79600524902344
v 195.36599731445312 142.21400451660156 245.05599975585938
v 195.1510009765625 138.718994140625 244.11500549316406
v 108.44999694824219 211.22799682617188 222.6179962158203
v 108.8219985961914 214.9429931640625 223.98699951171875
v 109.97100067138672 213.13800048828125 221.10899353027344
v 106.91000366210938 212.072998046875 224.6739959716797
v 145.1060028076172 131.73899841308594 212.91799926757812
v 143.3470001220703 130.7429962158203 216.96400451660156
v 140.7270050048828 134.6179962158203 214.08799743652344
v 145.8280029296875 128.34100341796875 214.38299560546875
v 153.76300048828125 157.41299438476562 263.9049987792969
v 151.23699951171875 156.30799865722656 263.92999267578125
v 150.88699340820312 158.88999938964844 264
v 153.32699584960938 155.05999755859375 262.5769958496094
v 107.40399932861328 215.9320068359375 234.23699951171875
v 106.1760025024414 215.38900756835938 232.67799377441406
v 87.00260162353516 155.04100036621094 143.88699340820312
v 231.48199462890625 146.91700744628906 238.97799682617188
v 232.6750030517578 147.86500549316406 236.8699951171875
v 232.49600219726562 149.406005859375 239.47999572753906
v 232.11900329589844 145.07400512695312 237.51199340820312
v 143.0679931640625 194.27699279785156 243.4429931640625
v 141.56500244140625 193.76600646972656 239.9149932861328
v 139.86300659179688 195.7209930419922 242.26400756835938
v 144.47900390625 193.39300537109375 240.4429931640625
v 155.4499969482422 126.68000030517578 225.31199645996094
v 154.697998046875 126.64600372314453 226.9709930419922
v 155.90499877929688 127.58100128173828 227.1280059814453
v 153.6490020751953 126.47699737548828 225.15199279785156
v 91.36930084228516 156.40699768066406 140.3520050048828
v 111.31099700927734 238.25799560546875 180.98699951171875
v 111.46099853515625 235.58399963378906 181.55099487304688
v 107.36100006103516 236.79400634765625 201.82400512695312
v 107.36799621582031 241.29100036621094 203.6929931640625
v 106.09500122070312 237.0279998779297 205.4250030517578
v 108.70500183105469 239.4219970703125 200.6739959716797
v 107.91899871826172 228.97500610351562 251.94700622558594
v 104.5780029296875 230.91299438476562 251.0760040283203
v 108.01699829101562 233.0970001220703 250.20599365234375
v 104.9219970703125 227.18800354003906 252
v 90.90640258789062 149.29299926757812 173.1280059814453
v 92.85449981689453 149.0489959716797 172.39599609375
v 91.95809936523438 151.03700256347656 172.6300048828125
v 91.78569793701172 147.697998046875 173.84300231933594
v 119.0199966430664 145.38499450683594 249.19400024414062
v 115.04399871826172 142.42100524902344 247.04100036621094
v 118.79900360107422 142.80099487304688 245.9720001220703
v 114.67900085449219 145.09800720214844 250.36399841308594
v 136.74400329589844 188.3820037841797 268.0799865722656
v 134.78900146484375 189.44000244140625 268.4960021972656
v 136.4080047607422 189.60800170898438 266.7170104980469
v 134.99600219726562 188.38299560546875 269.95599365234375
v 92.77870178222656 155.87899780273438 142.25599670410156
v 149.70399475097656 162.08299255371094 252.572998046875
v 147.79600524902344 162.1750030517578 254.44700622558594
v 150.42999267578125 159.76600646972656 252
v 192.14700317382812 134.33200073242188 191.61399841308594
v 193.71200561523438 135.82400512695312 192.54200744628906
v 192.26600646972656 135.84500122070312 190.55799865722656
v 192.46400451660156 133.7480010986328 193.83900451660156
v 134.88299560546875 184.4969940185547 271.8810119628906
v 133.20599365234375 184.75599670410156 271.8940124511719
v 135.3509979248047 186.91000366210938 271.3940124511719
v 133.85800170898438 183.36300659179688 271.43701171875
v 148.1439971923828 152.79800415039062 257.2430114746094
v 146.89300537109375 154.30099487304688 256.77801513671875
v 147.1959991455078 153.83200073242188 259.67498779296875
v 149.01699829101562 153.7259979248047 254.7530059814453
v 156.322998046875 158.07000732421875 259.9119873046875
v 154.90699768066406 159.18600463867188 263.4129943847656
v 156.66600036621094 160.8679962158203 258.6199951171875
v 155.6929931640625 156.51199340820312 261.7430114746094
v 121.68399810791016 190.0959930419922 266.7829895019531
v 118.84400177001953 187.10499572753906 266.83599853515625
v 117.16400146484375 190.1020050048828 268
v 120.96900177001953 186.21099853515625 261.9179992675781
v 104.6050033569336 224.81700134277344 238.69400024414062
v 101.48999786376953 225.17999267578125 239.2449951171875
v 103.60099792480469 223.42100524902344 241.53199768066406
v 102.85199737548828 227.0330047607422 236.7899932861328
v 148.77200317382812 161.52200317382812 263.3630065917969
v 147.4149932861328 161.781005859375 260.29901123046875
v 149.4759979248047 163.2270050048828 261.1059875488281
v 147.30499267578125 158.3730010986328 262.6390075683594
v 152.66099548339844 119.86399841308594 222.302001953125
v 126.07599639892578 140.1649932861328 245.6790008544922
v 126.56400299072266 141.98800659179688 248.19500732421875
v 123.25199890136719 141.6490020751953 245.4550018310547
v 127.37300109863281 138.69900512695312 247.4530029296875
v 177.31100463867188 132.4250030517578 184.50999450683594
v 175.9080047607422 132.08999633789062 186.781005859375
v 176.10400390625 134.0290069580078 184.99000549316406
v 176.281005859375 129.90199279785156 185.5959930419922
v 109.6780014038086 194.5019989013672 154.93899536132812
v 109.36199951171875 190.25100708007812 154.8489990234375
v 114.49099731445312 192.53199768066406 156.76300048828125
v 105.3290023803711 191.89599609375 153.1269989013672
v 95.22820281982422 147.8679962158203 174.9770050048828
v 93.25959777832031 146.71299743652344 175.4949951171875
v 94.81819915771484 146.81199645996094 177.34500122070312
v 93.74569702148438 147.81300354003906 173.4029998779297
v 112.83899688720703 190.1219940185547 219.56100463867188
v 113.1259994506836 189.1959991455078 224.85899353027344
v 114.40399932861328 190.78599548339844 221.4409942626953
v 111.50599670410156 189.35400390625 221.4720001220703
v 90.06890106201172 172.2429962158203 179.21200561523438
v 90.75379943847656 169.44400024414062 177.0030059814453
v 91.65789794921875 169.56199645996094 181.75100708007812
v 89.21119689941406 171.47300720214844 175.1649932861328
v 233.62399291992188 141.7519989013672 239.14500427246094
v 233.28599548339844 142.60299682617188 237.08399963378906
v 232.3800048828125 143.01499938964844 240.2550048828125
v 235.3350067138672 141.42599487304688 238.55299377441406
v 188.9290008544922 140.2010040283203 246.7790069580078
v 189.6959991455078 139.36099243164062 244.53599548339844
v 190.3939971923828 141.52699279785156 244.7830047607422
v 189.4530029296875 137.95700073242188 247.15499877929688
v 105.5510025024414 232.81199645996094 193.92300415039062
v 105.13400268554688 231.31199645996094 190.34100341796875
v 102.38300323486328 233.6020050048828 191.46600341796875
v 108.31500244140625 231.37600708007812 192.1540069580078
v 139.83700561523438 194.08700561523438 209.1009979248047
v 145.2740020751953 196.04200744628906 205.4080047607422
v 137.8520050048828 188.79200744628906 210.00900268554688
v 166.8000030517578 134.38299560546875 182.46400451660156
v 167.2209930419922 133.49200439453125 179.17799377441406
v 168.93299865722656 136.17799377441406 180.66299438476562
v 166.18099975585938 131.52000427246094 183.2169952392578
v 137.88699340820312 217.86399841308594 225.3070068359375
v 137.84100341796875 218.93699645996094 222.16000366210938
v 138.26400756835938 219.72500610351562 225.2830047607422
v 137.875 217.218994140625 221.8780059814453
v 109.1989974975586 193.26400756835938 219.2740020751953
v 110.06199645996094 192.19400024414062 217.05499267578125
v 111.45500183105469 194.70399475097656 220.03799438476562
v 109.7959976196289 190.9709930419922 218.82899475097656
v 107.27799987792969 230.74000549316406 239.58999633789062
v 109.55799865722656 230.92999267578125 240.9459991455078
v 107.5739974975586 233.33700561523438 241.31199645996094
v 108.36000061035156 228.76199340820312 239.86700439453125
v 239.34300231933594 142.81100463867188 241.39300537109375
v 238.0709991455078 142.11500549316406 241.875
v 238.7310028076172 142.8090057373047 243.22999572753906
v 237.70700073242188 141.88699340820312 239.6959991455078
v 181.12399291992188 129.906005859375 194.03900146484375
v 182.27699279785156 130.57000732421875 193.66000366210938
v 180.6060028076172 131.1179962158203 193.0260009765625
v 181.77200317382812 130.21299743652344 195.24200439453125
v 139.21400451660156 199.3209991455078 235.8040008544922
v 140.08099365234375 203.05999755859375 240.2030029296875
v 138.822998046875 198.78599548339844 241.54100036621094
v 140.6280059814453 202.7570037841797 234.92100524902344
v 144.80499267578125 174.06199645996094 236
v 146.10899353027344 174.78700256347656 236.07699584960938
v 144.80499267578125 176.05499267578125 236
v 146.16600036621094 172.1479949951172 236
v 90.35919952392578 163.26499938964844 180.03199768066406
v 88.45279693603516 163.24200439453125 176.08900451660156
v 86.79019927978516 160.89599609375 179.71099853515625
v 91.14869689941406 166.2550048828125 178.0919952392578
v 96.21859741210938 168.88400268554688 245.30799865722656
v 96.9030990600586 167.77200317382812 247.01400756835938
v 94.61669921875 167.96400451660156 247.61500549316406
v 97.57939910888672 167.468994140625 245.2969970703125
v 131.8209991455078 223.97300720214844 202.4250030517578
v 131.94900512695312 223.01499938964844 204.03500366210938
v 133.5399932861328 224.56500244140625 203.76699829101562
v 130.09100341796875 222.64199829101562 202.19200134277344
v 132.86700439453125 134.44400024414062 205.46299743652344
v 137.44200134277344 133.07000732421875 203.09800720214844
v 135.53700256347656 135.45599365234375 207.54800415039062
v 132.47000122070312 130.1179962158203 203.44900512695312
v 103.36799621582031 218.53599548339844 217.322998046875
v 101.81199645996094 217.15699768066406 216.39199829101562
v 104.43800354003906 217.99200439453125 214.74000549316406
v 101.31099700927734 217.47000122070312 219.85400390625
v 101.41600036621094 223.64999389648438 251.4250030517578
v 102.63899993896484 226.15499877929688 252
v 105.18099975585938 224.2899932861328 251.6510009765625
v 99.34149932861328 226.32200622558594 251.5240020751953
v 170.31399536132812 132.96099853515625 186.85499572753906
v 168.1909942626953 130.02200317382812 186.7449951171875
v 167.37399291992188 132.96600341796875 185.58299255371094
v 171.33700561523438 129.57000732421875 187.74899291992188
v 118.21700286865234 134.4199981689453 261.5039978027344
v 114.98500061035156 133.58299255371094 257.0589904785156
v 114.40899658203125 137.43299865722656 261.54901123046875
v 118.47100067138672 131.06199645996094 257.1369934082031
v 130.15499877929688 247.01100158691406 195.10699462890625
v 131.35400390625 246.6179962158203 197.76600646972656
v 130.31500244140625 246.9709930419922 198.86500549316406
v 132.02699279785156 245.22999572753906 195.8350067138672
v 99.80680084228516 188.18899536132812 163.62600708007812
v 100.77899932861328 188.35400390625 168.58200073242188
v 98.65959930419922 191.89999389648438 160.302001953125
v 89.9822998046875 163.4080047607422 145.52000427246094
v 90.03070068359375 163.37100219726562 148.21800231933594
v 89.27510070800781 164.0279998779297 146.1750030517578
v 90.75350189208984 162.42999267578125 145.49899291992188
v 90.00350189208984 208 203.52200317382812
v 87.13629913330078 210.02200317382812 202.7989959716797
v 89.193603515625 211.83099365234375 204.1219940185547
v 88.64929962158203 206.77099609375 201.33299255371094
v 123.0250015258789 135.9810028076172 243.60800170898438
v 123.01399993896484 133.80099487304688 246.3249969482422
v 124.81199645996094 135.71299743652344 244.49600219726562
v 120.87699890136719 134.63299560546875 244.9980010986328
v 107.625 230.89300537109375 189.1490020751953
v 110.16999816894531 232.48399353027344 190.3300018310547
v 139.6999969482422 170.20899963378906 239.35899353027344
v 139.85499572753906 170.93299865722656 240.12899780273438
v 140.8260040283203 170.0540008544922 239.63699340820312
v 139.75900268554688 170.05299377441406 241.66700744628906
v 114.8550033569336 194.4949951171875 221.2830047607422
v 116.98899841308594 191.5989990234375 224.3820037841797
v 117.0199966430664 195.58399963378906 225.6790008544922
v 149.51100158691406 155.88499450683594 252.51499938964844
v 151.28900146484375 157.80499267578125 252
v 152.36099243164062 155.48199462890625 253.2740020751953
v 110.9489974975586 232.69500732421875 206.44500732421875
v 108.39199829101562 232.74400329589844 207.99400329589844
v 109.49199676513672 233.531005859375 211.2760009765625
v 108.8280029296875 233.91099548339844 202.89700317382812
v 132.21499633789062 187.23899841308594 271.0260009765625
v 132.16299438476562 188.5 269.072998046875
v 191.4219970703125 140.25100708007812 203.27499389648438
v 189.7259979248047 140.09300231933594 203.00900268554688
v 190.6719970703125 141.71600341796875 201.91799926757812
v 191.6479949951172 138.49099731445312 202.03199768066406
v 211.5709991455078 156.69900512695312 243.53900146484375
v 140.8179931640625 171.36099243164062 241.0850067138672
v 141.46299743652344 173.1510009765625 242.64700317382812
v 142.2570037841797 171.3209991455078 243.19000244140625
v 139.7100067138672 172.09300231933594 239.7949981689453
v 174.26100158691406 127.88200378417969 186.1529998779297
v 174.33200073242188 129.4759979248047 187.52200317382812
v 172.02000427246094 127.46099853515625 186.58099365234375
v 141.79800415039062 220.39500427246094 216.59300231933594
v 140.19500732421875 219.29100036621094 214.97000122070312
v 142.25999450683594 218.79100036621094 215.81199645996094
v 139.33999633789062 220.2050018310547 217.3419952392578
v 125.61499786376953 239.25999450683594 237.19000244140625
v 126.9540023803711 239.25 238.9810028076172
v 237.07899475097656 142.05799865722656 242.60000610351562
v 130.27099609375 189.8520050048828 265.0660095214844
v 131.41299438476562 189.55099487304688 267.4909973144531
v 134.4669952392578 191.0240020751953 265.92498779296875
v 103.05400085449219 235.45700073242188 181.37899780273438
v 102.90499877929688 237.45399475097656 183.93299865722656
v 219.99099731445312 151.79600524902344 248.48500061035156
v 220.2550048828125 153.27000427246094 248
v 218.53199768066406 153.06399536132812 248.79800415039062
v 221.90699768066406 151.64999389648438 248.63600158691406
v 101.51100158691406 185.3679962158203 165.35699462890625
v 101.26000213623047 185.9029998779297 161.0570068359375
v 145.2220001220703 184.19200134277344 195.3699951171875
v 142.52499389648438 184.98699951171875 198.73199462890625
v 146.718994140625 187.6020050048828 195.9949951171875
v 141.5019989013672 182.41700744628906 195.64599609375
v 228.74400329589844 172.73699951171875 251.93099975585938
v 227.56100463867188 174.82699584960938 252
v 229.38499450683594 174.99200439453125 251.63299560546875
v 226.1929931640625 172.56399536132812 251.61599731445312
v 117.87899780273438 190.5749969482422 168.06900024414062
v 118.84300231933594 194.1699981689453 168.23800659179688
v 119.88099670410156 192.36300659179688 164.20199584960938
v 115.21199798583984 191.83299255371094 170.91900634765625
v 115.38800048828125 186.6009979248047 248.26300048828125
v 116.11499786376953 192.33700561523438 247.84300231933594
v 112.63999938964844 189.61099243164062 248.99000549316406
v 119.23799896240234 186.9320068359375 248.343994140625
v 86.27989959716797 158.14700317382812 140.86099243164062
v 85.13690185546875 157.51400756835938 143.30499267578125
v 85.95989990234375 157.0050048828125 142.08900451660156
v 85.1541976928711 158.86000061035156 141.6300048828125
v 92.76219940185547 159.6199951171875 145.53799438476562
v 93.22699737548828 158.83299255371094 145.5070037841797
v 93.05419921875 158.8090057373047 148.4669952392578
v 92.69390106201172 159.04600524902344 142.91200256347656
v 100.9280014038086 214.19200134277344 216.48399353027344
v 102.50399780273438 215.7480010986328 214.38099670410156
v 100.2750015258789 215.49400329589844 218.31300354003906
v 96.98889923095703 205.552001953125 192.0030059814453
v 96.61229705810547 204.33999633789062 190.38600158691406
v 98.464599609375 205.2760009765625 192.48699951171875
v 95.57250213623047 204.87899780273438 191.33999633789062
v 112.21600341796875 185.14700317382812 198.72799682617188
v 112.41100311279297 191.7050018310547 202.92599487304688
v 113.21399688720703 185.38099670410156 205.39500427246094
v 105.59400177001953 240.8979949951172 191.54299926757812
v 108.26300048828125 242.10499572753906 190.18699645996094
v 108.03900146484375 241.15699768066406 192.2429962158203
v 106.81300354003906 241.25799560546875 188.07200622558594
v 91.54789733886719 214.0540008544922 204.1529998779297
v 90.12169647216797 215.16200256347656 202.09300231933594
v 91.16560363769531 210.77000427246094 205.18699645996094
v 99.74629974365234 203.3780059814453 162.57899475097656
v 100.625 202.52999877929688 157.28500366210938
v 101.37699890136719 205.24000549316406 159.2949981689453
v 98.56320190429688 200.22799682617188 159.6529998779297
v 140.03500366210938 238.9429931640625 211.41700744628906
v 140.58099365234375 237.2519989013672 212.2429962158203
v 138.3040008544922 237.93499755859375 211.28900146484375
v 141.69400024414062 238.24600219726562 211.50900268554688
v 224.84300231933594 176.55999755859375 248.50599670410156
v 226.51699829101562 176.5019989013672 248
v 227.0070037841797 177.7949981689453 248.61700439453125
v 225.42300415039062 174.46299743652344 248
v 127.66799926757812 243.61700439453125 199.38699340820312
v 126.09200286865234 244.7779998779297 199.197998046875
v 128.21499633789062 245.55999755859375 199.88499450683594
v 126.40899658203125 243.85299682617188 197.9600067138672
v 118.58499908447266 133.88999938964844 246.3300018310547
v 115.72599792480469 138.4340057373047 245.83799743652344
v 116.37100219726562 133.5050048828125 247.9600067138672
v 118.98400115966797 138.24200439453125 244
v 112.72100067138672 235.4340057373047 186.33799743652344
v 113.15499877929688 238.24099731445312 186.93499755859375
v 113.36599731445312 237.2790069580078 184.20899963378906
v 113.0719985961914 236.0290069580078 189.1929931640625
v 93.993896484375 216.718994140625 199.34100341796875
v 95.6729965209961 215.96299743652344 202.9040069580078
v 93.00520324707031 216.7989959716797 201.70599365234375
v 95.93099975585938 215.83599853515625 199.08200073242188
v 213.87100219726562 156.6719970703125 240.4199981689453
v 214.59500122070312 156.99000549316406 242.0030059814453
v 214.4759979248047 157.8520050048828 240.6479949951172
v 212.5 155.9040069580078 241.7779998779297
v 119.04100036621094 204.04400634765625 232.38900756835938
v 118.26399993896484 205.60499572753906 231.22500610351562
v 118.91400146484375 206.69000244140625 234.0240020751953
v 120.01599884033203 204.69400024414062 228.9739990234375
v 130.8419952392578 224.58900451660156 200.7050018310547
v 107.47000122070312 226.23199462890625 240.30799865722656
v 105.48699951171875 223.656005859375 241.7270050048828
v 108.20600128173828 224.98500061035156 242.9029998779297
v 235.0399932861328 149.49099731445312 236.90699768066406
v 234.51199340820312 150.63999938964844 238.8800048828125
v 118.99800109863281 130.55799865722656 249.43299865722656
v 120.23600006103516 131.78199768066406 247.38600158691406
v 122.33100128173828 131.16200256347656 248.8090057373047
v 145.41900634765625 176.1510009765625 242.3159942626953
v 143.48699951171875 175.20899963378906 243.406005859375
v 142.74000549316406 176.09300231933594 241.64999389648438
v 145.41600036621094 174.82000732421875 243.86599731445312
v 144.42999267578125 120.96399688720703 202.05099487304688
v 133.4720001220703 142.3520050048828 163.66400146484375
v 132.29400634765625 142.5030059814453 161.4290008544922
v 132.79100036621094 140.6320037841797 162.2760009765625
v 132.75100708007812 143.63099670410156 163.63699340820312
v 109.73400115966797 198.22799682617188 173.8179931640625
v 109.09200286865234 201.8979949951172 172.43899536132812
v 113.2490005493164 201.2449951171875 171.552001953125
v 105.74099731445312 198.99099731445312 174.07200622558594
v 133.1320037841797 225.96099853515625 202.00100708007812
v 134.8699951171875 226.9739990234375 204.16200256347656
v 143.781005859375 196.03399658203125 246.60499572753906
v 145.74600219726562 199.13800048828125 247.94200134277344
v 146.14100646972656 196.0749969482422 247.0050048828125
v 142.41099548339844 198.36500549316406 246.76600646972656
v 92.1854019165039 157.98300170898438 141.1699981689453
v 90.76029968261719 157.48500061035156 140.12100219726562
v 92.6095962524414 156.8419952392578 141.83999633789062
v 152.15199279785156 163.7899932861328 254.38800048828125
v 154.7530059814453 163.71099853515625 256.35699462890625
v 151.86700439453125 164.2030029296875 258.7969970703125
v 155.51100158691406 162.34800720214844 254.14599609375
v 98.23380279541016 206.07699584960938 201.0659942626953
v 96.71440124511719 204.74200439453125 201.72000122070312
v 96.49210357666016 206.54100036621094 203.63499450683594
v 97.94149780273438 205.2310028076172 198.30299377441406
v 154.7790069580078 162.53799438476562 260.76300048828125
v 125.93199920654297 148.1230010986328 263.43701171875
v 128.3769989013672 145.2790069580078 266.1570129394531
v 124.91300201416016 146.98300170898438 267.2869873046875
v 129.64599609375 145.9199981689453 261.22198486328125
v 143.93099975585938 202.36700439453125 245.92599487304688
v 140.37899780273438 221.06500244140625 218.6540069580078
v 138.572998046875 220.16400146484375 220.96600341796875
v 223.3179931640625 174.83700561523438 249.33700561523438
v 102.81099700927734 204.03599548339844 156.1009979248047
v 102.37699890136719 200.74099731445312 153.8560028076172
v 104.71099853515625 202.51300048828125 154.45899963378906
v 173.70199584960938 174.88999938964844 256.71099853515625
v 173.05299377441406 176.16299438476562 258.2929992675781
v 171.90699768066406 175.28500366210938 256.5669860839844
v 174.1320037841797 174.8820037841797 259.26300048828125
v 115.99400329589844 132.1199951171875 252.09800720214844
v 114.09500122070312 135.84500122070312 248.8979949951172
v 112.99800109863281 135.85299682617188 253.197998046875
v 133.0070037841797 138.6269989013672 262.5830078125
v 132.47999572753906 135.95399475097656 260.9129943847656
v 130.13299560546875 134.9429931640625 261.40899658203125
v 133.13499450683594 138.37100219726562 258.6029968261719
v 119.83499908447266 188.0070037841797 215.13099670410156
v 123.18699645996094 188.49400329589844 216.5709991455078
v 118.44100189208984 182.88099670410156 212.3179931640625
v 131.3179931640625 183.95399475097656 266.27301025390625
v 132.16600036621094 184.63699340820312 263.97601318359375
v 88.20850372314453 158.2469940185547 140.18299865722656
v 87.44930267333984 159.85699462890625 140.05099487304688
v 122.88099670410156 186.0590057373047 259.5260009765625
v 185.98699951171875 135.36099243164062 192.93600463867188
v 187.39700317382812 136.22300720214844 190.5540008544922
v 185.99400329589844 137.6649932861328 192.23500061035156
v 188.2209930419922 134.3280029296875 191.87600708007812
v 171.95700073242188 170.28199768066406 261.09600830078125
v 171.3040008544922 172.50599670410156 262.0509948730469
v 173.31500244140625 170.9149932861328 262.6189880371094
v 170.9720001220703 171.16099548339844 260.5459899902344
v 136.94500732421875 184.87899780273438 266.8710021972656
v 138.2480010986328 186.61000061035156 268.5589904785156
v 137.1820068359375 187.0959930419922 266.2279968261719
v 138.4709930419922 184.93099975585938 269.08099365234375
v 132.94000244140625 139.70399475097656 166.75799560546875
v 132.14599609375 140.32400512695312 167.74600219726562
v 133.3419952392578 141.71400451660156 166.4669952392578
v 131.50599670410156 138.26699829101562 167.2050018310547
v 235.47799682617188 142.53500366210938 243.60000610351562
v 236.08599853515625 144.16400146484375 244
v 237.4219970703125 143.20700073242188 243.97500610351562
v 234.31300354003906 144.32400512695312 243.93699645996094
v 98.80449676513672 204.5959930419922 195.0919952392578
v 96.8759994506836 203.81100463867188 198.04400634765625
v 98.07969665527344 202.84500122070312 196
v 97.51750183105469 152.61099243164062 181.80799865722656
v 96.54650115966797 151.40199279785156 182.9759979248047
v 95.63369750976562 153.7689971923828 182.56399536132812
v 97.93710327148438 150.9010009765625 181.6320037841797
v 93.62770080566406 161.0959930419922 165.04100036621094
v 94.69490051269531 163.36500549316406 166.5489959716797
v 95.50830078125 160.5959930419922 167
v 93.4478988647461 162.86399841308594 163.0970001220703
v 79.32949829101562 169.9759979248047 184.3730010986328
v 81.935302734375 172.40499877929688 184.0240020751953
v 144.38900756835938 182.46400451660156 192.2100067138672
v 140.42999267578125 181.87899780273438 191.3260040283203
v 143.0959930419922 199.24600219726562 206.81300354003906
v 138.22000122070312 200.13900756835938 209.79200744628906
v 139.14100646972656 203.218994140625 206.0679931640625
v 173.4040069580078 131.69000244140625 187.70700073242188
v 124.70899963378906 245.6490020751953 237.35299682617188
v 126.53099822998047 246.50999450683594 237.9929962158203
v 127.41600036621094 245.81300354003906 236.5709991455078
v 153.84800720214844 159.7169952392578 252.0989990234375
v 90.04679870605469 158.5850067138672 140.0500030517578
v 91.62020111083984 159.0959930419922 140.80499267578125
v 89.10140228271484 157.0050048828125 140.17999267578125
v 235.4929962158203 142.2050018310547 236.41400146484375
v 110.33100128173828 194.7220001220703 173.7480010986328
v 106.63999938964844 194.7310028076172 174.8699951171875
v 113.87899780273438 197.58299255371094 172.24600219726562
v 97.0354995727539 214.76300048828125 195.61300659179688
v 98.02570343017578 214.2729949951172 200.57000732421875
v 94.13140106201172 215.02000427246094 194.33099365234375
v 135.44400024414062 172.4340057373047 239.95700073242188
v 134.6529998779297 173.44000244140625 244.05499267578125
v 131.2449951171875 172.5260009765625 243.6439971923828
v 137.85800170898438 171.88999938964844 242.18499755859375
v 101.95600128173828 216.95199584960938 223.9409942626953
v 100.33000183105469 214.69200134277344 221.00900268554688
v 101.6500015258789 213.5030059814453 224.3509979248047
v 114.18099975585938 145.95700073242188 262.5090026855469
v 115.94599914550781 148.406005859375 259.80999755859375
v 116.53299713134766 147.93600463867188 264.5190124511719
v 113.85600280761719 146.3719940185547 256.0299987792969
v 129.75599670410156 132.68499755859375 205.9720001220703
v 131.35000610351562 134.5590057373047 209.80099487304688
v 116.51200103759766 146.1820068359375 266.125
v 113.65699768066406 141.83700561523438 264.2139892578125
v 117.42500305175781 143.8780059814453 266.552001953125
v 123.5 163.2239990234375 175.34500122070312
v 121.94000244140625 163.23899841308594 173.07699584960938
v 120.71399688720703 160.8249969482422 175.8350067138672
v 124.33399963378906 167.0189971923828 172.7449951171875
v 90.54129791259766 148.30099487304688 182.56500244140625
v 90.00499725341797 148.09300231933594 180.74600219726562
v 89.86599731445312 150.24899291992188 181.5050048828125
v 91.22550201416016 146.67100524902344 181.5469970703125
v 145.86399841308594 182.6479949951172 189.5030059814453
v 146.80499267578125 183.96600341796875 191.44000244140625
v 145.5800018310547 184.74000549316406 188.87899780273438
v 115.62200164794922 185.53599548339844 187.62899780273438
v 118.44999694824219 185.21499633789062 185.71200561523438
v 118.96499633789062 189.98699951171875 186.57699584960938
v 117.697998046875 180.56300354003906 187.1540069580078
v 142.9709930419922 205.1580047607422 236.2169952392578
v 146.71800231933594 204.6439971923828 233.16799926757812
v 145.02200317382812 206.00599670410156 236.51499938964844
v 143.83299255371094 203.53799438476562 232.4669952392578
v 138.88800048828125 195.65899658203125 238.81500244140625
v 104.75 189.11000061035156 233.85499572753906
v 104.91400146484375 187.63900756835938 231.16299438476562
v 105.83599853515625 187.76699829101562 233.45599365234375
v 103.12899780273438 189.1719970703125 231.81100463867188
v 136.13099670410156 183.36000061035156 271.05999755859375
v 135.6269989013672 183.03599548339844 269.3160095214844
v 128.16299438476562 222.06300354003906 202.80499267578125
v 129.1840057373047 222.37899780273438 205.30999755859375
v 126.3280029296875 223.4770050048828 205.0679931640625
v 106.62200164794922 219.35299682617188 220.906005859375
v 114.4530029296875 188.15699768066406 169.4810028076172
v 111.88899993896484 185.44500732421875 169.01400756835938
v 111.19400024414062 188.572998046875 171.75
v 114.38400268554688 185.1009979248047 163.9669952392578
v 120.49500274658203 166.16700744628906 172.0800018310547
v 119.23400115966797 162.4290008544922 172.96800231933594
v 117.45800018310547 165.4429931640625 172.2209930419922
v 85.97250366210938 159.80499267578125 140.41000366210938
v 139.80499267578125 128.4980010986328 193.73199462890625
v 140.94500732421875 130.2550048828125 195.19000244140625
v 138.91900634765625 129.04200744628906 196.32899475097656
v 142.01499938964844 129.48699951171875 193.60699462890625
v 212.5399932861328 161.843994140625 241.18699645996094
v 214.1510009765625 160.25 242.50399780273438
v 212.7570037841797 160.96600341796875 243.1199951171875
v 213.71600341796875 160.08900451660156 240.58799743652344
v 225.98899841308594 171.92100524902344 248.53399658203125
v 228.10800170898438 172.50799560546875 248.24600219726562
v 224.04299926757812 173.21800231933594 248.78700256347656
v 140.91400146484375 193.8990020751953 236.1580047607422
v 138.947998046875 196.08099365234375 235.1529998779297
v 141.73399353027344 195.0500030517578 231.47900390625
v 128.1439971923828 246.98599243164062 193.7429962158203
v 129.41799926757812 245.75900268554688 192.4239959716797
v 127.70500183105469 244.93899536132812 192
v 120.39199829101562 141.1649932861328 244.30299377441406
v 123.30899810791016 139.73500061035156 243.072998046875
v 139.11300659179688 185.46200561523438 270.4289855957031
v 137.4459991455078 185.7259979248047 271.30999755859375
v 138.51199340820312 184.0240020751953 271.1289978027344
v 112.23200225830078 235.8719940185547 191.81300354003906
v 112.66100311279297 238.97799682617188 189.97300720214844
v 111.79399871826172 233.85699462890625 188.39199829101562
v 89.22820281982422 159.62399291992188 140.02699279785156
v 128.7259979248047 192.50100708007812 262.9989929199219
v 130.61500549316406 191.79600524902344 256.6510009765625
v 131.9149932861328 167.09800720214844 238.94700622558594
v 134.28599548339844 167.9029998779297 236.9929962158203
v 132.68800354003906 171.20799255371094 238.89100646972656
v 135.47000122070312 164.72300720214844 238.94700622558594
v 153.322998046875 133.2969970703125 223.66700744628906
v 154.52099609375 134.10800170898438 224.62899780273438
v 152.89700317382812 133.5970001220703 226.11399841308594
v 155.6179962158203 132.3769989013672 223.00900268554688
v 130.18099975585938 139.07200622558594 167.8979949951172
v 129.41900634765625 137.58099365234375 167.25799560546875
v 127.7040023803711 138.7259979248047 167.54299926757812
v 137.40499877929688 135.37899780273438 214.0399932861328
v 138.6510009765625 136.1280059814453 210.8300018310547
v 90.68329620361328 160.3280029296875 140.66400146484375
v 86.06300354003906 161.79100036621094 151.6790008544922
v 84.60859680175781 161.78799438476562 149.91700744628906
v 85.79630279541016 163.26300048828125 150.63400268554688
v 85.07779693603516 159.5850067138672 151.2270050048828
v 122.17900085449219 173.4499969482422 173.24000549316406
v 125.12100219726562 171.50900268554688 173.31700134277344
v 123.75700378417969 173.85699462890625 176.6219940185547
v 121.66200256347656 170.36500549316406 172.11099243164062
v 97.89700317382812 227.6439971923828 249.28700256347656
v 101.05999755859375 228.96400451660156 250.97999572753906
v 98.66639709472656 224.61000061035156 248.9080047607422
v 150.96800231933594 198.2209930419922 245.96200561523438
v 148.3249969482422 195.6230010986328 246.87399291992188
v 148.55299377441406 198.7779998779297 247.94700622558594
v 150.71200561523438 196.14300537109375 242.49899291992188
v 126.1520004272461 203.84500122070312 251.73199462890625
v 124.23999786376953 201.40199279785156 246.30099487304688
v 128.4709930419922 198.98500061035156 249.99099731445312
v 122.00299835205078 203.55999755859375 247.8470001220703
v 121.54100036621094 239.97799682617188 188.6649932861328
v 122.84300231933594 241.1750030517578 189.27200317382812
v 120.5469970703125 240.99400329589844 190.04600524902344
v 122.51499938964844 238.99000549316406 189.8209991455078
v 108.68599700927734 210.61399841308594 219.61000061035156
v 93.154296875 157.97000122070312 143.75399780273438
v 101.39700317382812 235.7779998779297 183.48199462890625
v 101.51599884033203 236.53500366210938 186.6719970703125
v 101.26000213623047 234.5540008544922 185.81399536132812
v 82.777099609375 168.54299926757812 159.37100219726562
v 82.00409698486328 169.94400024414062 159.21800231933594
v 84.0698013305664 169.80499267578125 159.4929962158203
v 81.23310089111328 168.84100341796875 157.60000610351562
v 107.93499755859375 201.8459930419922 155.0709991455078
v 110.01899719238281 198.5659942626953 155.41000366210938
v 112.71099853515625 201.4290008544922 157.17999267578125
v 106.3949966430664 196.63999938964844 153.3780059814453
v 118.23500061035156 239.37899780273438 203.2169952392578
v 116.48400115966797 236.60400390625 202.52499389648438
v 118.10800170898438 236.72500610351562 206.4149932861328
v 114.89399719238281 238.27499389648438 200.17300415039062
v 154.906005859375 126.82599639892578 220.98599243164062
v 154.67100524902344 127.86499786376953 220.11399841308594
v 126.72200012207031 207.62100219726562 203.6269989013672
v 129.4969940185547 207.87399291992188 199.05599975585938
v 132.9219970703125 207.406005859375 203.7220001220703
v 125.69499969482422 206.98199462890625 198.79100036621094
v 102.72000122070312 196.76199340820312 174.05299377441406
v 103.58699798583984 192.2050018310547 173.7790069580078
v 136.406005859375 187.1540069580078 264.5530090332031
v 136.35000610351562 185.05999755859375 264.8699951171875
v 105.81900024414062 202.7220001220703 171.9669952392578
v 108.89399719238281 205.23800659179688 170.68600463867188
v 193.4709930419922 140.38499450683594 244
v 192.54400634765625 142.5959930419922 244.61399841308594
v 118.927001953125 239.20899963378906 208.17100524902344
v 117.33999633789062 236.02699279785156 209.76499938964844
v 118.35700225830078 238.73800659179688 211.70799255371094
v 125.1500015258789 240.9429931640625 242.04200744628906
v 123.77300262451172 241.125 239.76699829101562
v 123.95800018310547 242.56399536132812 241.3820037841797
v 126.14900207519531 239.9199981689453 240.99000549316406
v 143.01699829101562 118.87999725341797 196.56900024414062
v 143.36900329589844 118.90899658203125 199.54600524902344
v 145.656005859375 122.35700225830078 195.3040008544922
v 101.49199676513672 234.822998046875 188.8209991455078
v 101.79900360107422 236.6269989013672 190.4250030517578
v 223.16000366210938 173.3719940185547 250.21299743652344
v 223.44000244140625 174.93499755859375 251.28500366210938
v 136.47000122070312 237.5989990234375 203.07400512695312
v 135.08099365234375 237.39199829101562 204.59500122070312
v 137.17999267578125 237.65699768066406 206.56399536132812
v 134.7209930419922 238.41400146484375 201.8249969482422
v 88.83000183105469 161.322998046875 140.26499938964844
v 86.50579833984375 171.5970001220703 173.0189971923828
v 87.33209991455078 173.49400329589844 176.1199951171875
v 83.96910095214844 173.19200134277344 174.07899475097656
v 85.00199890136719 163.14599609375 148.59500122070312
v 85.61250305175781 163.7259979248047 146.13600158691406
v 86.027099609375 163.92599487304688 148.5229949951172
v 85.00090026855469 163.0189971923828 145.2429962158203
v 102.03199768066406 190.46600341796875 154.37899780273438
v 100.13600158691406 193.41299438476562 155.79100036621094
v 100.4219970703125 188.95700073242188 158.625
v 102.79299926757812 194.81399536132812 152.8090057373047
v 133.25799560546875 140.24000549316406 164.61599731445312
v 96.38690185546875 154.38099670410156 176.9810028076172
v 97.73280334472656 151.63600158691406 177.8979949951172
v 171.1540069580078 170.281005859375 258.65301513671875
v 173.4320068359375 169.89599609375 258.3699951171875
v 99.83460235595703 159.70700073242188 167.3209991455078
v 99.17179870605469 161.2100067138672 167.94700622558594
v 100.94200134277344 159.60899353027344 166.1909942626953
v 103.3280029296875 188.2530059814453 235.03599548339844
v 101.8290023803711 188.26800537109375 233.4239959716797
v 102.36000061035156 186.93899536132812 234.17300415039062
v 127.93699645996094 178.46600341796875 190.8260040283203
v 129.13299560546875 184.86599731445312 186.1909942626953
v 122.41300201416016 182.04800415039062 186.73599243164062
v 133.1820068359375 179.85000610351562 190.2429962158203
v 117.5979995727539 149.26300048828125 257.44000244140625
v 117.68000030517578 148.88800048828125 261.8489990234375
v 116.49800109863281 147.74400329589844 253.322998046875
v 234.1219940185547 143.88299560546875 236.02999877929688
v 236.3000030517578 144.1909942626953 236
v 167.64100646972656 131.00900268554688 177.63900756835938
v 166.3000030517578 130.24099731445312 180.48500061035156
v 169.45199584960938 133.37100219726562 175.61399841308594
v 117.0009994506836 239.1820068359375 213.83599853515625
v 114.9800033569336 240.10899353027344 215.697998046875
v 117.4000015258789 242.51100158691406 215.2209930419922
v 114.30799865722656 236.9739990234375 214.46200561523438
v 191.41000366210938 143.2779998779297 248.93299865722656
v 190.98300170898438 142.9459991455078 246.48599243164062
v 193.36199951171875 143.37399291992188 246.718994140625
v 189.9219970703125 142.28599548339844 248.36199951171875
v 130.6269989013672 232.0399932861328 209.72999572753906
v 133.07699584960938 231.88299560546875 208.26600646972656
v 132.89999389648438 229.15499877929688 210.20199584960938
v 131.14700317382812 233.1009979248047 207.8780059814453
v 114.2300033569336 196.2570037841797 203.59500122070312
v 116.21600341796875 191.66200256347656 209.5959930419922
v 92.3501968383789 159.81500244140625 143.00399780273438
v 99.85759735107422 229.6439971923828 241.36700439453125
v 100.98600006103516 229.24200439453125 238.63999938964844
v 102.16899871826172 232.44000244140625 240.71200561523438
v 99.70249938964844 226.48199462890625 241.0850067138672
v 91.79000091552734 160.2689971923828 142.08099365234375
v 136.4219970703125 239.17599487304688 201.0749969482422
v 134.14700317382812 240.8509979248047 201.98599243164062
v 119.88899993896484 166.8699951171875 183.70199584960938
v 120.41999816894531 170.5189971923828 182.61300659179688
v 123.10800170898438 168.1479949951172 183.32400512695312
v 116.80000305175781 168.27099609375 182.5050048828125
v 112.52300262451172 240.0229949951172 200
v 110.70099639892578 236.89100646972656 200.1490020751953
v 104.04299926757812 213.6439971923828 226.10899353027344
v 103.18399810791016 216.53199768066406 227.0570068359375
v 129.5030059814453 127.68099975585938 204.85699462890625
v 128.2429962158203 127.81199645996094 208.7830047607422
v 129.83999633789062 122.97000122070312 207.8459930419922
v 106.81300354003906 218.30599975585938 215.4600067138672
v 106.23200225830078 219.23599243164062 216.85899353027344
v 106.46499633789062 217.0189971923828 213.75399780273438
v 109.10700225830078 241.83200073242188 187.1790008544922
v 124.84100341796875 226.00900268554688 203.08900451660156
v 125.23899841308594 228.82000732421875 202.4219970703125
v 124.9219970703125 228.25999450683594 205.6479949951172
v 125.95500183105469 225.58999633789062 200.54800415039062
v 151.81199645996094 132.43499755859375 224.65699768066406
v 151.6649932861328 131.67300415039062 226.86599731445312
v 103.09300231933594 218.83799743652344 220.75599670410156
v 104.68699645996094 219.6280059814453 218.47999572753906
v 110.83100128173828 189.40199279785156 264.4490051269531
v 110.89900207519531 191.02699279785156 267.29901123046875
v 112.7300033569336 188.1820068359375 265.54400634765625
v 108.8499984741211 191.9429931640625 265.3550109863281
v 89.8323974609375 210.87899780273438 193.52999877929688
v 90.43710327148438 213.093994140625 193.97799682617188
v 89.09629821777344 210.69000244140625 195.3769989013672
v 93.07969665527344 212.0399932861328 192.13699340820312
v 107.2239990234375 234.11500549316406 204.8159942626953
v 234.218994140625 146.28900146484375 236
v 225.10400390625 155.3699951171875 248.85899353027344
v 225.45599365234375 155.56900024414062 249.82699584960938
v 225.26499938964844 156.11099243164062 250.4340057373047
v 225.01199340820312 154.468994140625 249.86099243164062
v 123.89700317382812 144.3780059814453 249.197998046875
v 135.23699951171875 194.62399291992188 212.63999938964844
v 132.97500610351562 187.43299865722656 212.41900634765625
v 128.76699829101562 141.59100341796875 249.15699768066406
v 127.71600341796875 145.0489959716797 251.4949951171875
v 102.89099884033203 200.2480010986328 172.61099243164062
v 101.56600189208984 202.73199462890625 168.9949951171875
v 112.12799835205078 204.87399291992188 169.75
v 115.73200225830078 202.8939971923828 167.79400634765625
v 105.03900146484375 236.26699829101562 246.4949951171875
v 105.37999725341797 235.60000610351562 243.4669952392578
v 107.81099700927734 235.83399963378906 244.77999877929688
v 103.08300018310547 235.63900756835938 245.53900146484375
v 104.2030029296875 199.08799743652344 152.91099548339844
v 108.97100067138672 186.73599243164062 155.5850067138672
v 113.44599914550781 188.28399658203125 156.17599487304688
v 110.98799896240234 184.58700561523438 156.67100524902344
v 106.73100280761719 241.60499572753906 207.31100463867188
v 126.36799621582031 188.343994140625 258.552001953125
v 127.73300170898438 189.5679931640625 252.83599853515625
v 143.09800720214844 129.71200561523438 196.73699951171875
v 144.26499938964844 217.61000061035156 222.9669952392578
v 143.4199981689453 216.0919952392578 220.9010009765625
v 142.46600341796875 216.24099731445312 223.6510009765625
v 144.51800537109375 218.0290069580078 220.88499450683594
v 98.39230346679688 204.0399932861328 190.61399841308594
v 84.00399780273438 162.99400329589844 185.43800354003906
v 81.73419952392578 162.69900512695312 183.18499755859375
v 80.07759857177734 166.04600524902344 184.48699951171875
v 84.2177963256836 160.66700744628906 182.45899963378906
v 95.63310241699219 165.13099670410156 161.07699584960938
v 98.36859893798828 165.13699340820312 160.1929931640625
v 98.13040161132812 167.0260009765625 161.5760040283203
v 96.76080322265625 163.95899963378906 160.072998046875
v 124.43399810791016 172.34300231933594 180.76300048828125
v 120.45600128173828 173.23300170898438 179.38499450683594
v 126.7770004272461 171.87600708007812 176.4980010986328
v 150.7209930419922 204.69700622558594 240.427001953125
v 151.7030029296875 203.6020050048828 236.82000732421875
v 152.6020050048828 201.94500732421875 239.7050018310547
v 149.27999877929688 206.0850067138672 237.6020050048828
v 192.36399841308594 140.92100524902344 195.54200744628906
v 194.83900451660156 138.68099975585938 196.9239959716797
v 193.56900024414062 141.0850067138672 198.39500427246094
v 193.89300537109375 138.26600646972656 194.0919952392578
v 108.44400024414062 147.218994140625 229.17799377441406
v 108.31700134277344 147.47799682617188 227.28500366210938
v 109.61799621582031 148.39100646972656 229.43600463867188
v 109.26599884033203 145.76699829101562 227.48399353027344
v 91.88700103759766 166.23899841308594 181.7010040283203
v 91.63369750976562 167.69900512695312 184.15499877929688
v 91.17060089111328 165.1020050048828 183.60400390625
v 119.38600158691406 173.40899658203125 175.0500030517578
v 119.27200317382812 172.01199340820312 172.51300048828125
v 116.03099822998047 170.58200073242188 173.96299743652344
v 84.54139709472656 157.1790008544922 148.7760009765625
v 85.16960144042969 156.28399658203125 146.46200561523438
v 84.30339813232422 157.8509979248047 145.93600463867188
v 85.34130096435547 155.9080047607422 149.05299377441406
v 116.27899932861328 170.8179931640625 178.7010040283203
v 92.71050262451172 208.22300720214844 204.85699462890625
v 92.91850280761719 205.55299377441406 203.33900451660156
v 126.43900299072266 175.5 194.20199584960938
v 129.92100524902344 175.91900634765625 198.2530059814453
v 121.71600341796875 176.79299926757812 191.00799560546875
v 141.6479949951172 117.78099822998047 210.43899536132812
v 138.1840057373047 116.87100219726562 210.02999877929688
v 139.968994140625 116.87799835205078 214.21200561523438
v 138.83999633789062 118.78199768066406 204.23399353027344
v 233.22999572753906 146.98599243164062 243.92999267578125
v 235.4770050048828 146.03900146484375 244
v 232.9499969482422 143.80499267578125 243.16099548339844
v 140.28500366210938 197.88900756835938 245.2530059814453
v 141.0399932861328 201.7429962158203 244.76300048828125
v 82.76239776611328 168.01199340820312 186.50999450683594
v 118.6449966430664 190.802001953125 160.65499877929688
v 119.1760025024414 189.44900512695312 164.84500122070312
v 117.88300323486328 187.5189971923828 162.1699981689453
v 130.48399353027344 141.37100219726562 167.9250030517578
v 86.52529907226562 161.3820037841797 140.16799926757812
v 230.00100708007812 173.3459930419922 248.5260009765625
v 230.14199829101562 174.18699645996094 250.2790069580078
v 230.0229949951172 175.60899353027344 248.57899475097656
v 229.64300537109375 171.6300048828125 250.08799743652344
v 148.22500610351562 172.11599731445312 242.0780029296875
v 145.92599487304688 170.2449951171875 242.22300720214844
v 146.44900512695312 171.66000366210938 243.5
v 147.94900512695312 170.34300231933594 240.16799926757812
v 92.3864974975586 147.18299865722656 183.02099609375
v 92.7073974609375 145.94900512695312 181.2740020751953
v 136.48300170898438 119.51799774169922 204.06100463867188
v 155.94200134277344 128.5399932861328 220.8719940185547
v 108.67900085449219 218.73800659179688 217.04800415039062
v 110.14800262451172 216.21099853515625 219.64199829101562
v 108.88600158691406 218.65699768066406 219.2169952392578
v 108.49500274658203 216.52000427246094 216.05799865722656
v 211.89700317382812 156.7050018310547 240.20399475097656
v 213.53500366210938 158.0489959716797 240.08099365234375
v 126.07599639892578 166.5449981689453 175.96099853515625
v 224.89300537109375 171.75799560546875 250.03700256347656
v 121.93399810791016 203.46400451660156 229.29800415039062
v 122.2040023803711 205.50599670410156 228.79400634765625
v 121.04499816894531 202.32000732421875 230.91000366210938
v 193.34300231933594 139.93899536132812 252
v 190.39599609375 140.1719970703125 251.3209991455078
v 110.3949966430664 190.01699829101562 223.1790008544922
v 110.08999633789062 189.6269989013672 227.81900024414062
v 112.01200103759766 189.218994140625 226.4199981689453
v 108.47899627685547 191.93899536132812 224.71200561523438
v 125.93499755859375 139.21499633789062 266.197998046875
v 125.34400177001953 141.927001953125 267.67401123046875
v 129.2989959716797 141.75100708007812 266.9679870605469
v 121.72000122070312 141.41799926757812 266.44000244140625
v 188.17999267578125 162.77999877929688 260.89898681640625
v 189.08299255371094 161.4949951171875 261.6199951171875
v 187.9969940185547 161.47000122070312 262.322998046875
v 189.83700561523438 162.36700439453125 259.260986328125
v 189.22900390625 162.91700744628906 256.6300048828125
v 188.4080047607422 163.6479949951172 258.7300109863281
v 190.08799743652344 161.2100067138672 257.6050109863281
v 97.22940063476562 164.61700439453125 167.7100067138672
v 96.09339904785156 166.20199584960938 166.0500030517578
v 99.0593032836914 166.1750030517578 166.91600036621094
v 99.59249877929688 198.69000244140625 170.51199340820312
v 88.62359619140625 164.18800354003906 143.80299377441406
v 88.34190368652344 163.80999755859375 141.718994140625
v 89.36370086669922 163.66900634765625 143.33599853515625
v 87.74610137939453 164.3000030517578 143.44700622558594
v 130.49600219726562 244.35899353027344 192.0709991455078
v 131.8419952392578 243.52099609375 192.1300048828125
v 131.08099365234375 245.46099853515625 192.843994140625
v 129.3090057373047 242.49899291992188 192.04200744628906
v 149.05799865722656 195.76100158691406 232.62399291992188
v 146.06500244140625 193.55599975585938 236.13800048828125
v 149.3509979248047 194.78399658203125 238.06900024414062
v 145.61599731445312 194.14199829101562 230.69200134277344
v 180.16099548339844 130.45700073242188 194.79200744628906
v 86.96939849853516 164.30499267578125 143.7270050048828
v 86.9906997680664 163.8939971923828 141.75599670410156
v 86.34490203857422 164.06100463867188 143.6439971923828
v 121.53199768066406 138.36300659179688 243.7259979248047
v 85.01080322265625 160.5240020751953 141.50799560546875
v 85.44080352783203 161.906005859375 140.83599853515625
v 84.706298828125 161.9759979248047 143.13499450683594
v 189.656005859375 143.18299865722656 195.99400329589844
v 191.78500366210938 142.73300170898438 198.40699768066406
v 86.15640258789062 162.51800537109375 140.41000366210938
v 80.24089813232422 165.38800048828125 176.76699829101562
v 79.1780014038086 165.1840057373047 180.53799438476562
v 81.36869812011719 167.9770050048828 173.89999389648438
v 105.18599700927734 178.91299438476562 152.5540008544922
v 106.40599822998047 176.6999969482422 154.32899475097656
v 107.37100219726562 178.95599365234375 154.00799560546875
v 103.33699798583984 176.6179962158203 152.79400634765625
v 111.91000366210938 140.3470001220703 253.41600036621094
v 112.46399688720703 143.85000610351562 253.3040008544922
v 111.54299926757812 141.39599609375 257.4230041503906
v 113.22899627685547 142.89100646972656 249.63699340820312
v 95.92859649658203 166.83799743652344 162.99200439453125
v 94.36830139160156 165.02699279785156 163.95799255371094
v 130.85299682617188 138.947998046875 264.85400390625
v 125.84700012207031 134.8769989013672 262.26800537109375
v 146.093994140625 206.4029998779297 238.9199981689453
v 142.84100341796875 204.92799377441406 240.98599243164062
v 147.39599609375 206.19000244140625 235.45700073242188
v 85.75150299072266 156.22300720214844 150.79400634765625
v 86.09970092773438 155.3520050048828 149.08200073242188
v 173.8560028076172 135.1269989013672 173.53500366210938
v 173.21299743652344 133.41600036621094 172.02699279785156
v 175.22900390625 133.32200622558594 173.7270050048828
v 172.0290069580078 134.52000427246094 171.96400451660156
v 138.61900329589844 238.77200317382812 210.3070068359375
v 107.75199890136719 190.1479949951172 173.0449981689453
v 84.20020294189453 174.46299743652344 177.7259979248047
v 81.59709930419922 173.30299377441406 176.02099609375
v 155.41200256347656 157.63900756835938 253.4510040283203
v 155.6479949951172 161.46299743652344 252.8939971923828
v 120.91600036621094 201.80099487304688 244.88900756835938
v 122.07499694824219 199.16799926757812 244.08700561523438
v 141.48699951171875 195.30299377441406 244.6840057373047
v 223.2729949951172 152.37100219726562 250.47999572753906
v 222.0489959716797 150.8939971923828 250.29600524902344
v 221.6529998779297 151.5679931640625 251.4459991455078
v 73.53230285644531 200.93899536132812 221.04200744628906
v 72.87930297851562 199.83700561523438 218.2270050048828
v 74.12889862060547 200.70199584960938 218.4250030517578
v 72.42620086669922 199.8719940185547 221.55999755859375
v 135.86700439453125 184.89100646972656 210.88400268554688
v 106.53099822998047 186.3979949951172 213.7570037841797
v 107.74700164794922 185.6959991455078 213.6199951171875
v 107.52899932861328 185.79200744628906 215.23800659179688
v 106.76699829101562 186.18899536132812 212.46800231933594
v 145.76100158691406 156.21400451660156 256.9549865722656
v 116.91000366210938 188.97799682617188 158.19500732421875
v 114.96199798583984 185.61099243164062 158.43299865722656
v 104.41400146484375 234.2429962158203 248.57200622558594
v 101.50299835205078 232.83599853515625 248.4239959716797
v 106.65299987792969 208.73599243164062 220.72799682617188
v 106.75399780273438 209.2899932861328 223.4250030517578
v 104.31400299072266 208.35299682617188 221.5919952392578
v 105.30500030517578 218.67999267578125 232.60899353027344
v 107.11199951171875 216.89700317382812 232.27000427246094
v 107.31400299072266 218.36099243164062 233.9969940185547
v 105.45700073242188 216.22000122070312 232.48300170898438
v 90.42140197753906 162.00900268554688 141.89199829101562
v 91.40959930419922 161.2239990234375 143.46099853515625
v 170.13900756835938 129.4459991455078 177.6909942626953
v 173.0290069580078 130.4340057373047 175.52699279785156
v 170.16000366210938 131.31700134277344 175.30299377441406
v 173.32200622558594 128.7220001220703 179.51100158691406
v 113.9229965209961 246.88299560546875 215.3280029296875
v 112.81199645996094 243.78900146484375 216
v 111.90599822998047 247.21600341796875 214.85899353027344
v 115.5530014038086 243.79200744628906 215.7570037841797
v 101.28099822998047 197.50999450683594 153.7100067138672
v 100.31500244140625 199.77000427246094 155.57899475097656
v 98.90730285644531 196.63699340820312 157.36500549316406
v 134.10400390625 120.58599853515625 206.3000030517578
v 135.3300018310547 122.0510025024414 201.3800048828125
v 85.41680145263672 162.78700256347656 141.9770050048828
v 137.5590057373047 167.2550048828125 249.3419952392578
v 193.05599975585938 143.83999633789062 248.69000244140625
v 193.3489990234375 143.51499938964844 250.53399658203125
v 107.79399871826172 178.01800537109375 186.84800720214844
v 108.40299987792969 178.6009979248047 185.52699279785156
v 107.59100341796875 179.38400268554688 185.8820037841797
v 108.83499908447266 178.18600463867188 187.91200256347656
v 131.60800170898438 223.572998046875 207.5290069580078
v 128.3520050048828 223.56300354003906 208.2010040283203
v 149.21600341796875 163.5240020751953 256.2959899902344
v 131.84100341796875 143.85499572753906 165.53199768066406
v 133.30299377441406 143.177001953125 165.36399841308594
v 131.27699279785156 143.75 162.61900329589844
v 148.16000366210938 205.89700317382812 241.01400756835938
v 145.8800048828125 204.51600646972656 243.01699829101562
v 118.13300323486328 160.47999572753906 175.2239990234375
v 116.18900299072266 162.98699951171875 173.43800354003906
v 116.35800170898438 160.87899780273438 177.02699279785156
v 195.63400268554688 142.71400451660156 247.18699645996094
v 197.16600036621094 140.88299560546875 246.57699584960938
v 197.0760040283203 141.5189971923828 249
v 103.3949966430664 234.66000366210938 242.21200561523438
v 106.9010009765625 175.4929962158203 156.87100219726562
v 108.29199981689453 177.74400329589844 156.5019989013672
v 104.58000183105469 174.80099487304688 155.63299560546875
v 126.44200134277344 243.2030029296875 192.3990020751953
v 128.50799560546875 244.00799560546875 192
v 87.52580261230469 162.8679962158203 140.41700744628906
v 89.2927017211914 162.8820037841797 141.21800231933594
v 108.60900115966797 231.64100646972656 186.625
v 105.4800033569336 231.38499450683594 186.2220001220703
v 148.91799926757812 172.57200622558594 240.26100158691406
v 148.7519989013672 171.1739959716797 237.84100341796875
v 142.88299560546875 236.90499877929688 210.7310028076172
v 142.5709991455078 236.7760009765625 208.822998046875
v 142.36500549316406 235.0749969482422 209.14999389648438
v 141.16099548339844 238.5449981689453 209.52099609375
v 128.718994140625 163.8419952392578 244.15699768066406
v 131.6300048828125 163.33099365234375 240.8159942626953
v 128.67300415039062 165.63800048828125 241.41299438476562
v 132.50100708007812 162.1510009765625 243.12100219726562
v 112.1729965209961 189.9550018310547 229.87399291992188
v 131.40199279785156 227.63099670410156 200.2530059814453
v 128.6719970703125 226.5229949951172 200
v 89.72940063476562 215.03500366210938 198.24000549316406
v 89.07050323486328 213.2779998779297 195.67300415039062
v 91.51290130615234 215.8070068359375 196.8769989013672
v 87.60199737548828 211.1580047607422 196.7899932861328
v 86.76740264892578 160.92100524902344 183.63600158691406
v 89.36360168457031 162.8979949951172 183.69000244140625
v 117.54199981689453 177.6009979248047 209.48199462890625
v 118.91400146484375 190.3159942626953 230.01100158691406
v 118.55599975585938 190.68899536132812 231.14199829101562
v 119.07599639892578 191.5500030517578 229.26699829101562
v 118.68599700927734 190.01699829101562 229.39700317382812
v 129.43499755859375 138.572998046875 161.66400146484375
v 128.41400146484375 137.5330047607422 163.85800170898438
v 130.03500366210938 137.76699829101562 163.45700073242188
v 127.38899993896484 139.09800720214844 161.7530059814453
v 95.92579650878906 206.5989990234375 193.3489990234375
v 97.51930236816406 206.7740020751953 194.75399780273438
v 95.81079864501953 207.98800659179688 195.07200622558594
v 152.8509979248047 128.2830047607422 226.4340057373047
v 154.8769989013672 128.56300354003906 227.9040069580078
v 99.03089904785156 158.60800170898438 163.05299377441406
v 100.98999786376953 159.53799438476562 163.906005859375
v 100.57599639892578 160.31199645996094 161.61700439453125
v 99.53359985351562 158.67999267578125 165.5500030517578
v 125.19000244140625 225.38900756835938 206.1699981689453
v 97.58830261230469 178.28900146484375 152.79800415039062
v 99.20189666748047 180.41700744628906 152.87100219726562
v 97.58350372314453 179.8419952392578 154.68800354003906
v 100.1259994506836 177.61599731445312 152.12100219726562
v 86.25279998779297 163.23399353027344 141.13299560546875
v 137.52000427246094 236.8679962158203 209.2790069580078
v 137.3070068359375 237.8249969482422 209.48800659179688
v 137.83200073242188 237.59100341796875 207.87399291992188
v 140.04800415039062 220.04600524902344 227.36399841308594
v 142.10699462890625 218.74000549316406 227.031005859375
v 122.84400177001953 206.4080047607422 230.22999572753906
v 124.16200256347656 206.3209991455078 232.0030059814453
v 122.85800170898438 208.17599487304688 232.1009979248047
v 123.05400085449219 204.60699462890625 230.375
v 82.08110046386719 167.5 154.51300048828125
v 82.34729766845703 168.6199951171875 152.85000610351562
v 81.23359680175781 168.947998046875 154.5050048828125
v 83.55269622802734 167.74899291992188 153.13299560546875
v 152.81700134277344 162.2550048828125 252.44500732421875
v 147.72900390625 201.96800231933594 246.54100036621094
v 218.6649932861328 157.9250030517578 250.41299438476562
v 219.61900329589844 158.99200439453125 249.56300354003906
v 220.5279998779297 159.26499938964844 250.89599609375
v 219.79400634765625 157.07899475097656 248.41299438476562
v 118.61100006103516 242.2220001220703 204.82699584960938
v 118.52200317382812 242.08599853515625 209.30099487304688
v 193.54800415039062 135.4759979248047 247.08700561523438
v 192.21800231933594 135.61599731445312 247.66900634765625
v 193.1060028076172 135.80999755859375 249.63400268554688
v 191.5800018310547 136.10699462890625 245.13900756835938
v 132.90899658203125 119.85600280761719 215.8769989013672
v 130.02200317382812 120.96299743652344 212.18299865722656
v 131.27499389648438 123.13600158691406 216.00599670410156
v 133.14599609375 118.94300079345703 210.9219970703125
v 194.7550048828125 135.63999938964844 246.98899841308594
v 194.28500366210938 135.7169952392578 249.2220001220703
v 194.302001953125 136.27999877929688 244.906005859375
v 102.78700256347656 185.93600463867188 232.73300170898438
v 104.37799835205078 185.7270050048828 232.23199462890625
v 103.41300201416016 186.1999969482422 230.1490020751953
v 104.46900177001953 186.12899780273438 234.90699768066406
v 83.69539642333984 169.5330047607422 152.28900146484375
v 82.23100280761719 170.02200317382812 152.70599365234375
v 140.98899841308594 217.16900634765625 214.64300537109375
v 137.468994140625 217.89999389648438 219.03399658203125
v 137.97500610351562 219.33700561523438 218.83299255371094
v 137.25799560546875 218.29299926757812 216.47999572753906
v 116.84200286865234 186.2899932861328 211.58299255371094
v 115.58699798583984 180.54800415039062 208.14700317382812
v 102.37999725341797 232.77099609375 188.18699645996094
v 92.88510131835938 154.33099365234375 182.3459930419922
v 90.94670104980469 153.83900451660156 179.0850067138672
v 92.54070281982422 155.27099609375 178.69200134277344
v 91.11289978027344 152.46299743652344 182.52499389648438
v 124.47899627685547 186.53500366210938 254.5850067138672
v 121.4229965209961 185.32699584960938 250.23699951171875
v 101.1259994506836 191.2259979248047 171.75399780273438
v 120.29399871826172 203.5399932861328 236.5189971923828
v 120.71600341796875 203.99200439453125 238.26800537109375
v 121.37200164794922 203.3820037841797 237.8769989013672
v 119.66999816894531 204.98699951171875 237.7989959716797
v 224.3280029296875 154.56100463867188 251.4550018310547
v 85.80039978027344 163.53900146484375 143.16200256347656
v 147.8280029296875 189.093994140625 192.8560028076172
v 148.02499389648438 185.86000061035156 193.71400451660156
v 146.53599548339844 187.29100036621094 190.17599487304688
v 129.13999938964844 247.697998046875 196.61700439453125
v 182.25 133.53399658203125 195.02000427246094
v 181.76100158691406 133.36300659179688 195.74099731445312
v 181.43499755859375 133.63800048828125 194.40699768066406
v 181.53799438476562 131.73500061035156 195.8939971923828
v 114.91600036621094 188.57400512695312 267.427001953125
v 117.4749984741211 186.218994140625 264.32000732421875
v 120.73300170898438 206.17999267578125 252.95599365234375
v 119.71499633789062 204.14199829101562 247.66700744628906
v 113.28900146484375 186.7030029296875 192.31900024414062
v 130.0019989013672 169.01400756835938 250.17300415039062
v 128.85000610351562 169.96600341796875 247.33900451660156
v 130.7169952392578 201.53799438476562 254.9409942626953
v 131.12399291992188 195.92999267578125 253.9029998779297
v 109.84200286865234 245.2530059814453 207.54600524902344
v 128.8260040283203 140.23399353027344 167.9709930419922
v 128.44200134277344 141.93800354003906 167.7729949951172
v 127.39099884033203 140.41799926757812 167.82400512695312
v 105.44999694824219 186.10299682617188 233.0279998779297
v 130.48699951171875 141.96499633789062 253.78199768066406
v 130.57400512695312 139.66799926757812 250.52099609375
v 97.7782974243164 208.85899353027344 196.052001953125
v 99.12770080566406 208.47000122070312 199.4290008544922
v 98.81590270996094 211.9149932861328 196.67999267578125
v 98.3595962524414 206.65899658203125 197.63299560546875
v 114.15399932861328 205.47300720214844 261.04998779296875
v 116.3280029296875 206.61099243164062 256.8380126953125
v 119.46399688720703 207.13600158691406 259.6709899902344
v 112.71099853515625 204.79200744628906 256.260986328125
v 120.51799774169922 175.00999450683594 201.05599975585938
v 123.9280014038086 174.9320068359375 205.7169952392578
v 124.38899993896484 174.70199584960938 198.8040008544922
v 119.46099853515625 175.4340057373047 206.572998046875
v 130.3000030517578 239.88699340820312 194.41700744628906
v 130.29299926757812 241.04600524902344 196.4550018310547
v 132.48800659179688 241.5 194.90499877929688
v 128.4510040283203 241.07200622558594 196.31199645996094
v 91.8187026977539 154.69200134277344 148.76600646972656
v 91.39800262451172 155.66000366210938 151.1719970703125
v 92.83779907226562 156.0330047607422 149.26199340820312
v 90.70909881591797 154.55799865722656 150.3520050048828
v 105.52300262451172 187.94400024414062 235.54400634765625
v 128.43600463867188 143.33900451660156 166.66600036621094
v 130.0500030517578 143.322998046875 167.07000732421875
v 126.71399688720703 141.56900024414062 166.927001953125
v 118.86299896240234 160.13800048828125 178.50399780273438
v 117.35700225830078 161.53500366210938 181.0709991455078
v 120.88500213623047 161.4530029296875 179.3179931640625
v 112.37000274658203 234.77699279785156 201.5780029296875
v 90.39969635009766 153.23800659179688 142.5449981689453
v 90.90260314941406 153.2740020751953 143.7949981689453
v 223.79200744628906 153.62399291992188 248.35899353027344
v 138.656005859375 236.14599609375 211.33700561523438
v 127.60299682617188 140.11099243164062 160.52200317382812
v 128.48699951171875 139.38600158691406 160.56399536132812
v 126.7699966430664 140.96200561523438 161.47300720214844
v 121.13300323486328 144.04100036621094 267.3330078125
v 119.98400115966797 147.01699829101562 267.4729919433594
v 122.86399841308594 147.4029998779297 267.1960144042969
v 129.7830047607422 126.0770034790039 215.35000610351562
v 133.3780059814453 126.46700286865234 218.35899353027344
v 127.96499633789062 127.64800262451172 213.05599975585938
v 127.47799682617188 167.41900634765625 245.44200134277344
v 128.9499969482422 169.7030029296875 242.59800720214844
v 84.33360290527344 160.9219970703125 143.5260009765625
v 102.3489990234375 161.5279998779297 163.20799255371094
v 102.06900024414062 160.61700439453125 165.16600036621094
v 100.24500274658203 202.33099365234375 194.60800170898438
v 99.58419799804688 199.97900390625 194.875
v 97.48030090332031 201.33399963378906 195.95799255371094
v 100.25399780273438 201.08999633789062 192.48800659179688
v 89.81670379638672 151.9459991455078 179.45599365234375
v 90.13690185546875 151.27699279785156 175.40199279785156
v 89.78060150146484 149.156005859375 178.04299926757812
v 113.83899688720703 197.26699829101562 223.52999877929688
v 110.93800354003906 195.98300170898438 223.17300415039062
v 218.86300659179688 154.9219970703125 248.3209991455078
v 217.88099670410156 154.33299255371094 250.36099243164062
v 141.05499267578125 236.28900146484375 208
v 105.45800018310547 239.4810028076172 185.10499572753906
v 102.65499877929688 238.6199951171875 188.11000061035156
v 89.9260025024414 153.4969940185547 145.47900390625
v 126.8479995727539 228.75999450683594 200.6230010986328
v 127.95800018310547 223.2830047607422 200.427001953125
v 133.9029998779297 239.16600036621094 206.66099548339844
v 133.71499633789062 240.8509979248047 207.24200439453125
v 135.88900756835938 240.32200622558594 207.281005859375
v 132.81399536132812 240.7480010986328 205.447998046875
v 141.36599731445312 214.9929962158203 220.94700622558594
v 141.7310028076172 215.58599853515625 218.6230010986328
v 111.17500305175781 197.74400329589844 225.13299560546875
v 90.77839660644531 153.89100646972656 147.5540008544922
v 91.58679962158203 153.8179931640625 145.35899353027344
v 107.08899688720703 224.81199645996094 251.46600341796875
v 106.23600006103516 223.02000427246094 249.5970001220703
v 104.52100372314453 215.8179931640625 212.9510040283203
v 105.46399688720703 214.47799682617188 212.68699645996094
v 102.70999908447266 213.09500122070312 214.35899353027344
v 118.88899993896484 206.36399841308594 237.03700256347656
v 120.68099975585938 206.65899658203125 239.38699340820312
v 120.802001953125 208.20799255371094 238.0050048828125
v 90.52510070800781 205.05299377441406 201.37899780273438
v 89.67880249023438 205.54800415039062 198.74200439453125
v 92.05740356445312 204.10800170898438 198.80299377441406
v 221.63499450683594 154.53700256347656 248
v 93.71900177001953 203.2469940185547 195.4459991455078
v 155.8090057373047 122.80500030517578 225.04800415039062
v 154.5449981689453 123.37100219726562 222.93499755859375
v 87.10649871826172 164.88800048828125 186.3769989013672
v 99.5708999633789 211.41600036621094 201.9669952392578
v 86.63939666748047 160.0659942626953 151.9720001220703
v 149.77000427246094 202.06700134277344 232.1179962158203
v 149.8000030517578 198.4739990234375 229.60800170898438
v 150.8939971923828 199.44400024414062 232.48500061035156
v 147.2989959716797 201.0489959716797 229.26100158691406
v 114.6510009765625 179.4409942626953 199.80499267578125
v 140.927001953125 215.7729949951172 216.44700622558594
v 142.89500427246094 217.01100158691406 217.51300048828125
v 126.38300323486328 139.74600219726562 162.5659942626953
v 126.79499816894531 138.40199279785156 164.18600463867188
v 104.97699737548828 229.4219970703125 237.92799377441406
v 142.71600341796875 133.84100341796875 209.6649932861328
v 145.5469970703125 130.0540008544922 208.322998046875
v 157.55999755859375 119.7699966430664 223.51300048828125
v 156.96499633789062 120.87100219726562 225.76300048828125
v 157.38800048828125 121.39700317382812 223.28199768066406
v 156.85000610351562 119.36699676513672 225.52999877929688
v 142.8990020751953 119.15699768066406 206.4040069580078
v 144.29100036621094 120.28700256347656 211.4219970703125
v 130.23300170898438 137.32200622558594 165.48199462890625
v 156.60699462890625 118.41300201416016 224.11000061035156
v 155.58799743652344 118.59600067138672 226.7100067138672
v 156.28500366210938 118.16600036621094 222.3990020751953
v 123.34100341796875 148.802001953125 264.2170104980469
v 123.62000274658203 149.81300354003906 260.8500061035156
v 125.70999908447266 247.64199829101562 197.41400146484375
v 124.38500213623047 246.14599609375 194.93699645996094
v 126.18199920654297 247.6199951171875 194.80599975585938
v 124.2249984741211 246.51699829101562 197.21600341796875
v 126.95700073242188 169.70599365234375 178.63299560546875
v 125.34400177001953 167.01100158691406 180.625
v 127.02899932861328 169.34100341796875 174.28900146484375
v 92.4636001586914 154.4709930419922 145.37600708007812
v 101.74299621582031 187.81199645996094 230.95399475097656
v 104.00900268554688 217.51600646972656 232.4770050048828
v 116.90699768066406 176.66900634765625 203.01300048828125
v 128.3979949951172 123.98799896240234 212.04800415039062
v 217.96499633789062 156.1199951171875 249.4739990234375
v 129.10400390625 131.7310028076172 210.70799255371094
v 110.32499694824219 227.947998046875 251.197998046875
v 109.48200225830078 225.33399963378906 248.32000732421875
v 84.02439880371094 160.96400451660156 146.49200439453125
v 84.39469909667969 162.28500366210938 146.77000427246094
v 83.99810028076172 160.08900451660156 149.0330047607422
v 93.11150360107422 155.19000244140625 145.3679962158203
v 93.30030059814453 156.3159942626953 144.22500610351562
v 152.45700073242188 127.7030029296875 220.26800537109375
v 151.2209930419922 130.0279998779297 221.76699829101562
v 93.44750213623047 155.99000549316406 146.70899963378906
v 102.7040023803711 209.79600524902344 217.18299865722656
v 105.35600280761719 211.20399475097656 215.73599243164062
v 104.05699920654297 211.9340057373047 214.91700744628906
v 104.26200103759766 208.57400512695312 218.19700622558594
v 155.656005859375 127.09400177001953 222.77699279785156
v 143.9980010986328 170.93099975585938 243.677001953125
v 142.71400451660156 169.843994140625 241.28799438476562
v 129.7689971923828 143.9550018310547 164.48699951171875
v 113.99400329589844 197.32899475097656 156.90499877929688
v 85.95359802246094 156.21299743652344 143.71099853515625
v 86.30059814453125 155.15199279785156 146.37100219726562
v 113.15499877929688 237.6269989013672 181.77999877929688
v 113.27200317382812 238.96600341796875 183.64300537109375
v 112.79499816894531 235.74099731445312 183.11700439453125
v 93.4030990600586 161.0260009765625 162.38400268554688
v 94.55660247802734 162.7689971923828 160.6909942626953
v 197.40499877929688 139.1219940185547 246.9239959716797
v 196.41700744628906 137.8280029296875 245.822998046875
v 109.74600219726562 234.32899475097656 194.49600219726562
v 123.90799713134766 203.76300048828125 232.11900329589844
v 124.06300354003906 203.3209991455078 234.6300048828125
v 125.46199798583984 204.91600036621094 233.3159942626953
v 122.38700103759766 202.23500061035156 233.06199645996094
v 225.63600158691406 178.3300018310547 249.61099243164062
v 226.49200439453125 178.6320037841797 249.64700317382812
v 222.33799743652344 153.63299560546875 252
v 128.9709930419922 230.48800659179688 201
v 224.28399658203125 156.38900756835938 248.6999969482422
v 224.33900451660156 157.76100158691406 250.90699768066406
v 186.36300659179688 140.7010040283203 199.44900512695312
v 185.53700256347656 138.64999389648438 198.62399291992188
v 125.1510009765625 206.1959991455078 256.9020080566406
v 129.17100524902344 204.6929931640625 259.37701416015625
v 124.91799926757812 205.7830047607422 262.37200927734375
v 98.10189819335938 151.8300018310547 180.2740020751953
v 97.58999633789062 149.89199829101562 180.17799377441406
v 87.65380096435547 159.24099731445312 152
v 88.05439758300781 161.3249969482422 151.91400146484375
v 86.40010070800781 157.8509979248047 151.843994140625
v 83.70829772949219 174.32699584960938 181.5959930419922
v 86.59310150146484 172.79400634765625 184.20399475097656
v 81.13249969482422 173.82000732421875 179.4550018310547
v 104.8479995727539 218.55099487304688 237.06399536132812
v 103.36699676513672 218.38600158691406 234.57699584960938
v 105.0270004272461 219.6280059814453 234.58200073242188
v 103.54100036621094 217.20700073242188 236.4219970703125
v 139.5229949951172 118.47799682617188 197.06100463867188
v 141.21800231933594 118.87000274658203 201.65499877929688
v 93.79820251464844 204.2050018310547 200.96200561523438
v 126.29199981689453 137.75999450683594 244.58299255371094
v 125.89199829101562 135.406005859375 247.02499389648438
v 138.16000366210938 204.47300720214844 193.3179931640625
v 134.8699951171875 202.27699279785156 187.93099975585938
v 218.80999755859375 155.75599670410156 251.48199462890625
v 220.11399841308594 157.39300537109375 251.76199340820312
v 125.86599731445312 242.3000030517578 195.2270050048828
v 124.76399993896484 243.2729949951172 193.98500061035156
v 124.97599792480469 244.3979949951172 196.1649932861328
v 126.55999755859375 241.82200622558594 193.63499450683594
v 174.25799560546875 173.8350067138672 256.1369934082031
v 175.1219940185547 173.98199462890625 257.3039855957031
v 172.125 172.92799377441406 256.0419921875
v 117.18199920654297 185.1699981689453 260.13299560546875
v 114.8239974975586 186.46600341796875 263.2409973144531
v 114.19100189208984 185.3179931640625 259.260009765625
v 132.3489990234375 243.59300231933594 232.84100341796875
v 133.65499877929688 241.75599670410156 232.46400451660156
v 134.36700439453125 243.3520050048828 232
v 132.80599975585938 241.656005859375 234.36399841308594
v 184.68299865722656 138.61900329589844 196.4459991455078
v 184.85000610351562 138.7030029296875 194.2030029296875
v 185.3560028076172 140.8090057373047 195.14500427246094
v 185.0449981689453 136.61399841308594 194.98699951171875
v 126.85800170898438 148.98899841308594 259.7539978027344
v 146.03500366210938 155.44200134277344 260.0660095214844
v 146.1269989013672 158.7449951171875 258.9649963378906
v 102.56800079345703 188.58599853515625 228.18299865722656
v 103.44400024414062 188.24000549316406 228.93800354003906
v 102.3499984741211 188.947998046875 228.89999389648438
v 102.1259994506836 187.4949951171875 228.4709930419922
v 115.24500274658203 180.6929931640625 191.76100158691406
v 94.00070190429688 148.4040069580078 183.18299865722656
v 91.84770202636719 150.03700256347656 183.51499938964844
v 94.3749008178711 150.51100158691406 183.61000061035156
v 103.76100158691406 216.22000122070312 234.30299377441406
v 149.02099609375 203.84500122070312 244.09800720214844
v 150.32400512695312 201.4040069580078 246.26300048828125
v 150.98699951171875 202.84800720214844 243.38499450683594
v 139.35299682617188 171.00100708007812 238.63400268554688
v 141.0590057373047 169.95599365234375 237.3939971923828
v 140.55099487304688 171.45899963378906 236.43600463867188
v 135.91700744628906 163.01699829101562 242.81199645996094
v 135.3179931640625 163.08599853515625 246.0590057373047
v 138.7209930419922 165.92999267578125 244.36399841308594
v 96.83370208740234 158.19200134277344 163.07699584960938
v 95.71810150146484 158.90199279785156 161.25999450683594
v 95.27130126953125 158.677001953125 163.26300048828125
v 97.6697006225586 159.48899841308594 160.85299682617188
v 94.62300109863281 160.37399291992188 161.17100524902344
v 144.41000366210938 178.0330047607422 236.71499633789062
v 144.96200561523438 178.68600463867188 237.65499877929688
v 143.91900634765625 178.11199951171875 238.84100341796875
v 145.9510040283203 176.97900390625 236.7100067138672
v 195.47500610351562 143.04299926757812 249.53399658203125
v 116.65299987792969 164.8990020751953 183.0570068359375
v 114.35299682617188 166.82200622558594 180.7050018310547
v 114.76300048828125 163.6649932861328 181.19500732421875
v 135.54100036621094 229.45199584960938 206.19900512695312
v 135.32899475097656 226.06300354003906 205.9980010986328
v 133.25799560546875 230.91000366210938 203.875
v 100.62899780273438 233.2030029296875 244.31300354003906
v 107.86399841308594 177.89300537109375 189.28199768066406
v 107.01300048828125 178.843994140625 188.19900512695312
v 175.06199645996094 128.5749969482422 183.03500366210938
v 177.1280059814453 131.36399841308594 181.87899780273438
v 180.9709930419922 132.6999969482422 192.90699768066406
v 182.0500030517578 131.77699279785156 192.49099731445312
v 182.5399932861328 132.96299743652344 193.2740020751953
v 96.60569763183594 208.5189971923828 204.73199462890625
v 98.93240356445312 207.9199981689453 202.76499938964844
v 152.6529998779297 200.26300048828125 236.70599365234375
v 152.68499755859375 198.92300415039062 240.6020050048828
v 151.5 197.76400756835938 236.45799255371094
v 93.82099914550781 152.3459930419922 183.76499938964844
v 111.45500183105469 231.33599853515625 243.91099548339844
v 110.2750015258789 228.57400512695312 242.55499267578125
v 110.18199920654297 233.2310028076172 242.61300659179688
v 108.00399780273438 213.97999572753906 215.96800231933594
v 106.48500061035156 214.50100708007812 214.2570037841797
v 109.69300079345703 213.4080047607422 218.14700317382812
v 102.06700134277344 186.31399536132812 230.36199951171875
v 99.28900146484375 177.2899932861328 159.72900390625
v 100.47000122070312 178.97300720214844 161.88099670410156
v 101.36900329589844 176.07400512695312 161.1909942626953
v 98.60199737548828 179.63499450683594 158.5500030517578
v 97.24870300292969 150.02999877929688 181.91600036621094
v 112.74800109863281 192.24200439453125 216.8719940185547
v 97.26339721679688 176.8249969482422 154.0050048828125
v 98.47859954833984 176.18899536132812 152.73800659179688
v 99.09850311279297 175.21299743652344 154.4219970703125
v 139.24600219726562 237.90199279785156 208.5540008544922
v 138.89999389648438 236.19700622558594 208.2449951171875
v 151.9010009765625 162.02000427246094 263.0589904785156
v 89.87449645996094 154.9810028076172 151.21499633789062
v 90.36170196533203 156.52499389648438 151.86500549316406
v 88.9135971069336 155.35699462890625 151.57000732421875
v 156.49099731445312 159.6020050048828 254.9550018310547
v 140.54400634765625 134.08900451660156 206.07200622558594
v 143.00399780273438 131.44400024414062 205.8179931640625
v 145.76400756835938 194.23599243164062 244.1230010986328
v 147.30099487304688 194.0800018310547 241.9600067138672
v 95.17579650878906 203.20799255371094 190.4080047607422
v 96.71089935302734 203.0290069580078 189.4929962158203
v 138.63400268554688 193.37399291992188 186.95700073242188
v 144.3419952392578 190.75900268554688 190.23300170898438
v 129.66900634765625 242.57899475097656 237.73500061035156
v 129.10000610351562 241.85899353027344 240.1820068359375
v 129.2169952392578 243.24000549316406 239.8979949951172
v 128.63600158691406 240.58099365234375 238.33599853515625
v 192.61599731445312 141.4409942626953 200.57699584960938
v 190.58900451660156 142.8560028076172 199.927001953125
v 192.64700317382812 140.21099853515625 201.97500610351562
v 134.17300415039062 135.14700317382812 212.48599243164062
v 193.1580047607422 137.48500061035156 192.08799743652344
v 82.53350067138672 162.29299926757812 178.99899291992188
v 83.41120147705078 164.7050018310547 175.02000427246094
v 135.5760040283203 125.6240005493164 199.95199584960938
v 132.3070068359375 124.8219985961914 203.53700256347656
v 136.6790008544922 122.3949966430664 197.03900146484375
v 109.09400177001953 191.93600463867188 221.1060028076172
v 109.05899810791016 193.7729949951172 222.4199981689453
v 144.64700317382812 176.97300720214844 240.656005859375
v 142.05999755859375 176.96400451660156 239.70700073242188
v 129.2729949951172 143.41900634765625 161.67999267578125
v 130.18299865722656 142.64300537109375 160.60499572753906
v 84.30699920654297 159.3699951171875 144.04100036621094
v 141.64599609375 234.5780029296875 210.5760040283203
v 140.33799743652344 234.52699279785156 208.5540008544922
v 138.90199279785156 234.92100524902344 209.88600158691406
v 132.74400329589844 142.95700073242188 166.92599487304688
v 131.42999267578125 142.95399475097656 167.41700744628906
v 132.20199584960938 141.947998046875 167.74899291992188
v 137.88499450683594 240.02699279785156 204.16000366210938
v 137.7779998779297 239.5330047607422 205.25799560546875
v 136.68899536132812 241.04200744628906 204.8719940185547
v 136.82200622558594 240.43499755859375 202.55599975585938
v 94.35130310058594 201.33799743652344 195.54200744628906
v 93.67610168457031 202.38099670410156 193.54200744628906
v 95.59950256347656 199.9029998779297 195.38299560546875
v 84.80480194091797 168.78700256347656 152.52999877929688
v 80.64129638671875 171.06399536132812 174.44200134277344
v 87.44490051269531 208.33399963378906 199.1490020751953
v 125.38099670410156 246.343994140625 198.66299438476562
v 127.947998046875 247.60899353027344 198.92100524902344
v 102.49600219726562 174.33299255371094 158.16000366210938
v 100 175.25399780273438 157.65699768066406
v 101.72200012207031 174.61099243164062 154.68499755859375
v 121.8290023803711 193.49099731445312 215.6790008544922
v 133.49000549316406 177.76199340820312 202.8300018310547
v 129.44700622558594 175.65899658203125 204.76300048828125
v 133.91900634765625 178.322998046875 196.156005859375
v 108.47000122070312 194.47900390625 233.1739959716797
v 109.38099670410156 195.01600646972656 234.8780059814453
v 107.75800323486328 192.96800231933594 232.76699829101562
v 110.74099731445312 205.41700744628906 157.79200744628906
v 108.10900115966797 208.10899353027344 160.0279998779297
v 106.38999938964844 205.78199768066406 156.52200317382812
v 73.53630065917969 198.05499267578125 218.4250030517578
v 71.94090270996094 198.79400634765625 219.31100463867188
v 73.09960174560547 197.76800537109375 220.81199645996094
v 87.14949798583984 164.3509979248047 146.48599243164062
v 87.28179931640625 164.08900451660156 149.41200256347656
v 88.24410247802734 164.36000061035156 146.38600158691406
v 137.16299438476562 118.37300109863281 216.9600067138672
v 136.3679962158203 117.19200134277344 214.0399932861328
v 135.24200439453125 122.34300231933594 219.0749969482422
v 189.031005859375 138.59800720214844 201.22000122070312
v 188.67100524902344 137.35699462890625 200.08299255371094
v 187.47799682617188 139.27000427246094 200.27999877929688
v 190.96200561523438 137.0590057373047 200.3990020751953
v 99.19640350341797 161.54800415039062 160.2530059814453
v 126.06700134277344 131.2830047607422 258.76800537109375
v 123.22899627685547 130.2429962158203 256.1510009765625
v 121.69000244140625 131.78700256347656 259.8269958496094
v 127.46499633789062 131.3730010986328 254.4290008544922
v 170.25599670410156 172.55799865722656 259.89599609375
v 169.96400451660156 171.65699768066406 258.59100341796875
v 186.99000549316406 135.76100158691406 198.48800659179688
v 186.71400451660156 137.4980010986328 199.62399291992188
v 185.4459991455078 136.69000244140625 197.73500061035156
v 98.79540252685547 202.71099853515625 189.96200561523438
v 99.83439636230469 203.47900390625 192.1199951171875
v 91.16480255126953 146.6280059814453 179.3000030517578
v 142.94700622558594 128.76600646972656 204.09300231933594
v 144.66000366210938 125.4489974975586 204.9949951171875
v 125.55000305175781 241.9149932861328 243.23899841308594
v 169.58299255371094 172.9600067138672 257.85198974609375
v 195.2949981689453 136.08999633789062 247.9530029296875
v 196.58200073242188 137.54600524902344 249.1820068359375
v 97.94650268554688 177.35899353027344 156.39999389648438
v 103.26200103759766 236.01300048828125 193.77099609375
v 137.11399841308594 121.01499938964844 195.40699768066406
v 137.7010040283203 119.68699645996094 197.468994140625
v 138.74000549316406 120.2229995727539 193.95799255371094
v 136.55099487304688 120.99600219726562 198.6790008544922
v 115.29499816894531 234.13999938964844 205.3489990234375
v 171.29299926757812 134.0019989013672 170.86099243164062
v 171.72300720214844 133.4499969482422 170.7790069580078
v 170.8070068359375 133.84100341796875 172.7989959716797
v 83.88870239257812 159.16799926757812 147.11700439453125
v 84.25140380859375 161.67799377441406 144.77200317382812
v 190.52000427246094 136.55499267578125 246.56900024414062
v 189.9720001220703 137.90699768066406 244.60699462890625
v 140.64300537109375 235.2239990234375 211.9810028076172
v 92.17030334472656 160.4239959716797 145.28900146484375
v 110.9020004272461 226.87899780273438 244.5800018310547
v 91.6281967163086 161.1929931640625 147.53399658203125
v 156.9340057373047 131.4239959716797 224.6580047607422
v 156.69500732421875 130.21600341796875 226.7209930419922
v 156.19500732421875 131.89199829101562 227.15499877929688
v 157.0989990234375 129.05299377441406 224.1929931640625
v 73.9811019897461 199.42300415039062 222.74400329589844
v 72.97560119628906 198.40499877929688 222.1479949951172
v 74.4302978515625 197.76300048828125 221.68699645996094
v 110.67900085449219 241.36700439453125 214.93899536132812
v 110.2249984741211 245.33099365234375 215.0989990234375
v 175.5330047607422 131.52499389648438 175.42799377441406
v 176.60499572753906 133.53399658203125 176.1840057373047
v 174.17999267578125 131.91099548339844 173.25799560546875
v 134.3040008544922 225.9929962158203 208.85699462890625
v 131.83399963378906 225.2010040283203 210.6020050048828
v 133.89599609375 223.87399291992188 205.5760040283203
v 104.01200103759766 180.9219970703125 152.24600219726562
v 106.18800354003906 181.35499572753906 153.8040008544922
v 103.50199890136719 182.62399291992188 153.08700561523438
v 139.0279998779297 217.99200439453125 227.5800018310547
v 110.1500015258789 233.89999389648438 248.67799377441406
v 110.77300262451172 231.97900390625 250.80299377441406
v 111.99500274658203 230.9709930419922 248.2010040283203
v 186.72999572753906 139.96099853515625 192.6719970703125
v 187.28500366210938 142.2270050048828 194.177001953125
v 219.5030059814453 154.17799377441406 251.97300720214844
v 219.7270050048828 155.03900146484375 252
v 97.91799926757812 167.58900451660156 164.51100158691406
v 100.22699737548828 167.03399658203125 163.4290008544922
v 120.71399688720703 130.0850067138672 252.8249969482422
v 126.84700012207031 168.32200622558594 261.5060119628906
v 127.76799774169922 168.45799255371094 261.2430114746094
v 127.27300262451172 170.04400634765625 260.5880126953125
v 127.37000274658203 166.5050048828125 260.8590087890625
v 185.7270050048828 135.13299560546875 196.00900268554688
v 131.4669952392578 242.32699584960938 197.67599487304688
v 128.55599975585938 242.19200134277344 197.83999633789062
v 129.86700439453125 242.98599243164062 199.31900024414062
v 82.0510025024414 171.031005859375 153.34100341796875
v 83.14649963378906 171.12399291992188 153.00999450683594
v 81.29830169677734 170.3769989013672 154.52000427246094
v 105.072998046875 188.1540069580078 154.3560028076172
v 104.75599670410156 185.47999572753906 155.99000549316406
v 236.83099365234375 147.2989959716797 236
v 128.8350067138672 140.98300170898438 160.26499938964844
v 156.06700134277344 119.82599639892578 227.4459991455078
v 93.49359893798828 166.1719970703125 242.08099365234375
v 96.01080322265625 166.4770050048828 241.593994140625
v 94.19529724121094 167.64700317382812 240.96600341796875
v 95.081298828125 164.72500610351562 242.94000244140625
v 119.98899841308594 163.46200561523438 182.5279998779297
v 237.73500061035156 149.48699951171875 237.18600463867188
v 137.47300720214844 238.96200561523438 206.8179931640625
v 137.48300170898438 238.41799926757812 203.91799926757812
v 118.72599792480469 206.69400024414062 263.1820068359375
v 122.74299621582031 204.14199829101562 265.5639953613281
v 231.8780059814453 146.11199951171875 243.14100646972656
v 231.49000549316406 144.98899841308594 241.2239990234375
v 143.06100463867188 125.23300170898438 218.39700317382812
v 141.20199584960938 127.73799896240234 219.4499969482422
v 144.4510040283203 126.947998046875 217.06100463867188
v 139.06500244140625 122.99800109863281 219.43600463867188
v 135.49099731445312 182.5919952392578 188.01400756835938
v 135.52099609375 187.92599487304688 185.71200561523438
v 110.01799774169922 238.6300048828125 193.71600341796875
v 118.82499694824219 199.9320068359375 244.27000427246094
v 208.88299560546875 161.34800720214844 241.67999267578125
v 210.51300048828125 162.6529998779297 242.04400634765625
v 88.19830322265625 168.79200744628906 173.75399780273438
v 89.41609954833984 166.5019989013672 175.1790008544922
v 86.69349670410156 165.1219940185547 174.3350067138672
v 90.1084976196289 162.99400329589844 143.1649932861328
v 97.74600219726562 166.0260009765625 245.33999633789062
v 96.60189819335938 164.31199645996094 245.6739959716797
v 96.1802978515625 165.9510040283203 247.4149932861328
v 96.47100067138672 165.00599670410156 243.64100646972656
v 110.6780014038086 188.2209930419922 257.75299072265625
v 108.6259994506836 191.48300170898438 257.94500732421875
v 109.88300323486328 190.36500549316406 261.5830078125
v 110.34300231933594 188.80099487304688 252.8350067138672
v 112.30699920654297 137.88600158691406 257.61199951171875
v 113.11100006103516 139.53900146484375 249.2790069580078
v 155.62600708007812 120.8499984741211 220.1739959716797
v 155.3419952392578 123.00700378417969 220.927001953125
v 153.35000610351562 121.66100311279297 221.63800048828125
v 156.7209930419922 122.19100189208984 221.61300659179688
v 194.6020050048828 136.43299865722656 250.89500427246094
v 189.83099365234375 134.64999389648438 199.0800018310547
v 117.00499725341797 187.77200317382812 166.34800720214844
v 122.53700256347656 202.70700073242188 231.2310028076172
v 140.85899353027344 173.4600067138672 236.1060028076172
v 142.57000732421875 173.13299560546875 236
v 139.5540008544922 173.14100646972656 237.67300415039062
v 86.37960052490234 164.21400451660156 145.79800415039062
v 107.20099639892578 210.75799560546875 217.68600463867188
v 111.19499969482422 182.82400512695312 159.5800018310547
v 98.53109741210938 205.8040008544922 195.38299560546875
v 117.72100067138672 177.6719970703125 189.98500061035156
v 118.64199829101562 176.55099487304688 195.04600524902344
v 154.99200439453125 130.75799560546875 228
v 153.0850067138672 130.718994140625 227.78399658203125
v 155.1439971923828 133.24600219726562 226.54299926757812
v 153.26600646972656 120.13099670410156 227.9669952392578
v 152.85000610351562 121.6780014038086 227.88800048828125
v 154.9459991455078 121.21700286865234 227.58200073242188
v 152.64100646972656 119.53700256347656 226.50100708007812
v 121.8759994506836 198.86700439453125 188.39599609375
v 126.83799743652344 197.62399291992188 185.375
v 125.63999938964844 201.53399658203125 187.64100646972656
v 120.62999725341797 194.6580047607422 187.18800354003906
v 94.95960235595703 168.35299682617188 242.68800354003906
v 92.90899658203125 168.06399536132812 244.7550048828125
v 92.57240295410156 167.36900329589844 243.2050018310547
v 94.10569763183594 168.7989959716797 245.89199829101562
v 194.4739990234375 143.7010040283203 248.677001953125
v 142.99400329589844 168.96800231933594 238.74099731445312
v 144.05999755859375 219.31100463867188 223.3800048828125
v 143.2169952392578 220.52699279785156 221.4600067138672
v 228.7570037841797 176.927001953125 248.51699829101562
v 228.14599609375 175.26499938964844 248.05599975585938
v 220.18600463867188 151.20399475097656 249.94700622558594
v 220.63600158691406 152.0019989013672 251.63800048828125
v 149.94900512695312 153.81300354003906 262.3299865722656
v 153.24200439453125 153.34300231933594 260.072998046875
v 106.9020004272461 235.58799743652344 247.8249969482422
v 110.45600128173828 234.26600646972656 246.4929962158203
v 121.46800231933594 242.59500122070312 190.0989990234375
v 116.75700378417969 141.07400512695312 244.64599609375
v 93.22000122070312 164.94900512695312 244.0570068359375
v 222.68899536132812 157.2689971923828 248.36399841308594
v 223.0749969482422 158.93299865722656 249.97000122070312
v 89.19239807128906 153.697998046875 147.7209930419922
v 125.15399932861328 147.4239959716797 252.58399963378906
v 107.0009994506836 184.68899536132812 215.10000610351562
v 106.11000061035156 185.63600158691406 215.10299682617188
v 106.48500061035156 235.53799438476562 195.83299255371094
v 105.58300018310547 238.69400024414062 194.1649932861328
v 95.93160247802734 214.2570037841797 192.89300537109375
v 96.26200103759766 211.7209930419922 193.45399475097656
v 101.5989990234375 211.34800720214844 216.7969970703125
v 101.26899719238281 166.16099548339844 165.36700439453125
v 102.61900329589844 164.85499572753906 164.75900268554688
v 139.1490020751953 170.95899963378906 241.1719970703125
v 139.29100036621094 169.8249969482422 245.12100219726562
v 137.60299682617188 171.13600158691406 239.5800018310547
v 112.36599731445312 193.07200622558594 172.28900146484375
v 210.8979949951172 160.58599853515625 243.5229949951172
v 212.18600463867188 158.65499877929688 244
v 139.25900268554688 167.68699645996094 241.8040008544922
v 137.63800048828125 238.13900756835938 206.47999572753906
v 128.35800170898438 146.80599975585938 255.82899475097656
v 124.33999633789062 149.62100219726562 256.58599853515625
v 116.62799835205078 244.77499389648438 205.70599365234375
v 115.03199768066406 246.39500427246094 208.76800537109375
v 113.21399688720703 246.47000122070312 205.96400451660156
v 117.43900299072266 244.64300537109375 209.42599487304688
v 85.80829620361328 168.74000549316406 155.43800354003906
v 235.6999969482422 148.70599365234375 243.46600341796875
v 237.59100341796875 145.93800354003906 243.93099975585938
v 88.67960357666016 154.36000061035156 149.9709930419922
v 175.08599853515625 130.0970001220703 177.66700744628906
v 89.87210083007812 154.052001953125 149.0590057373047
v 103.0250015258789 183.21299743652344 166.156005859375
v 101.71499633789062 183.65899658203125 162.4980010986328
v 102.2760009765625 181.24200439453125 163.78500366210938
v 123.97000122070312 208.5500030517578 236.09500122070312
v 122.96399688720703 208.6999969482422 237.48399353027344
v 122.84400177001953 209.2209930419922 234.59800720214844
v 124.59500122070312 207.572998046875 237.58900451660156
v 137.07899475097656 168.1820068359375 238.45700073242188
v 137.6959991455078 165.9720001220703 239.6739959716797
v 135.49099731445312 170.73699951171875 237.84800720214844
v 144.3249969482422 128.36599731445312 194.0850067138672
v 145.0449981689453 127.8949966430664 197.05799865722656
v 146.2239990234375 126.10700225830078 194.76400756835938
v 82.69170379638672 167.20399475097656 158.07699584960938
v 109.11900329589844 194.2550048828125 267.42401123046875
v 108.6240005493164 193.54800415039062 263.4580078125
v 115.83000183105469 236.6300048828125 212.37399291992188
v 124.06199645996094 144.76600646972656 268
v 117.42900085449219 140.11599731445312 264.8059997558594
v 146.76699829101562 161.18299865722656 256.2569885253906
v 135.91700744628906 188.75 264.3949890136719
v 132.7830047607422 187.96200561523438 263.28399658203125
v 146.97999572753906 195.29800415039062 228.91099548339844
v 146.96800231933594 197.56199645996094 228.11199951171875
v 105.35600280761719 183.82899475097656 169.3159942626953
v 103.93199920654297 187.46800231933594 171.552001953125
v 108.25800323486328 185.87899780273438 171.1479949951172
v 102.77799987792969 184.99200439453125 168.8300018310547
v 130.6439971923828 201.7729949951172 266.5090026855469
v 120.93699645996094 208.8489990234375 234.35699462890625
v 119.51000213623047 207.12899780273438 230.5760040283203
v 121.34600067138672 208.6490020751953 231.98599243164062
v 87.18440246582031 154.67799377441406 149.2429962158203
v 112.03600311279297 243.82899475097656 202.08599853515625
v 183.0970001220703 131.83999633789062 194.8000030517578
v 146.95899963378906 196.76300048828125 201.7169952392578
v 145.80099487304688 194.177001953125 198.01300048828125
v 94.24359893798828 202.28599548339844 191.59100341796875
v 236.64599609375 141.44200134277344 240.59500122070312
v 234.8800048828125 141.72000122070312 241.66900634765625
v 142.8280029296875 220.91000366210938 218.56900024414062
v 108.51799774169922 240.6490020751953 184.61599731445312
v 92.8595962524414 155.16600036621094 147.47900390625
v 128.94000244140625 240.54800415039062 192.875
v 131.8560028076172 241.36399841308594 192.46400451660156
v 146.91000366210938 126.83999633789062 210.7830047607422
v 94.40619659423828 159.6060028076172 164.27499389648438
v 123.68599700927734 206.89199829101562 239.11900329589844
v 123.56500244140625 204.15699768066406 237.64100646972656
v 121.88899993896484 204.75799560546875 239.33700561523438
v 125.16600036621094 206.12600708007812 237.25100708007812
v 126.427001953125 240.4969940185547 242.9810028076172
v 97.70320129394531 226.06500244140625 246.10499572753906
v 99.05130004882812 224.47900390625 244.3040008544922
v 155.6540069580078 130.70399475097656 220.79200744628906
v 156.80999755859375 129.99099731445312 221.82899475097656
v 153.9029998779297 129.88499450683594 220.33099365234375
v 146.4219970703125 173.1179962158203 243.4929962158203
v 143.9510040283203 172.93499755859375 244
v 101.7229995727539 162.3459930419922 161.17599487304688
v 231.52999877929688 147.06900024414062 241.4810028076172
v 100.58100128173828 212.05099487304688 221.10699462890625
v 124.40499877929688 189.11099243164062 262.97100830078125
v 126.95999908447266 194.5679931640625 267.7770080566406
v 137.29100036621094 183.76499938964844 269.4129943847656
v 108.23699951171875 179.18499755859375 190.45799255371094
v 91.91840362548828 153.6739959716797 174.822998046875
v 94.25990295410156 154.9340057373047 175.6479949951172
v 93.93910217285156 153.0919952392578 172.8679962158203
v 129.53599548339844 132.48300170898438 257.0899963378906
v 129.69500732421875 133.95899963378906 253.0050048828125
v 148.91200256347656 174.1719970703125 239.16600036621094
v 149.4499969482422 172.68600463867188 238.1479949951172
v 149.05299377441406 173.28500366210938 236.95700073242188
v 151.8990020751953 130.3179931640625 226.62899780273438
v 151.42799377441406 130.58599853515625 224.8800048828125
v 128.1840057373047 136.9499969482422 248.02699279785156
v 145.2729949951172 197.4980010986328 196.53599548339844
v 144.26199340820312 199.34500122070312 195.70700073242188
v 140.63299560546875 175.60000610351562 239.61700439453125
v 140.98300170898438 175.71800231933594 237.0399932861328
v 171.98599243164062 132.02499389648438 172.58799743652344
v 93.48970031738281 157.4709930419922 147.1219940185547
v 132.53199768066406 182.4010009765625 211.1699981689453
v 133.89500427246094 179.54100036621094 208.1929931640625
v 130.13900756835938 202.25900268554688 186.99200439453125
v 133.8209991455078 198.06300354003906 185.61199951171875
v 171.50599670410156 135.38600158691406 174.5800018310547
v 169.6790008544922 135.57200622558594 177.20199584960938
v 108.37699890136719 180.2100067138672 156.62100219726562
v 126.13700103759766 223.4550018310547 201.73199462890625
v 175.13499450683594 173.67100524902344 259.9570007324219
v 175.5800018310547 172.22799682617188 258.9419860839844
v 145.91600036621094 177.38299560546875 238.87899780273438
v 147.03500366210938 175.6750030517578 237.90499877929688
v 146.42799377441406 176.28900146484375 240.375
v 97.8655014038086 158.29800415039062 165.11000061035156
v 87.10060119628906 174.05499267578125 180.69200134277344
v 223.7270050048828 155.9029998779297 251.89100646972656
v 222.01800537109375 156.69500732421875 251.94400024414062
v 221.28900146484375 154.76600646972656 252
v 222.1929931640625 158.58700561523438 251.7550048828125
v 101.85600280761719 223.33399963378906 243.281005859375
v 105.8759994506836 223.05999755859375 243.76400756835938
v 104.61399841308594 222.08799743652344 246.47500610351562
v 137.7469940185547 179.6280059814453 193.06500244140625
v 105.65799713134766 206.1280059814453 168.61900329589844
v 92.53369903564453 157.33999633789062 150.64199829101562
v 100.63400268554688 222.33299255371094 247.37100219726562
v 89.19730377197266 207.71600341796875 196.4510040283203
v 125.1520004272461 138.01100158691406 242.03599548339844
v 175.8209991455078 129.7779998779297 180.11000061035156
v 84.14630126953125 158.61599731445312 149.50399780273438
v 96.98079681396484 167.03599548339844 243.35800170898438
v 106.03500366210938 185.27499389648438 213.5070037841797
v 154.3209991455078 153.9040069580078 256.2349853515625
v 155.77200317382812 156.00399780273438 256.67999267578125
v 155.4149932861328 154.38999938964844 258.9159851074219
v 134.61900329589844 183.08599853515625 266.9989929199219
v 114.89099884033203 188.85899353027344 225.9459991455078
v 90.72209930419922 159.7239990234375 151.69700622558594
v 90.07379913330078 161.14700317382812 151.6020050048828
v 91.4719009399414 160.61500549316406 150.5500030517578
v 89.1864013671875 159.39700317382812 151.98899841308594
v 143.36000061035156 219.1280059814453 225.10499572753906
v 122.78600311279297 165.46299743652344 182.6300048828125
v 123.4219970703125 163.9499969482422 179.28700256347656
v 129.66400146484375 244.50900268554688 238.03700256347656
v 128.41700744628906 245.51800537109375 238.75399780273438
v 132.75799560546875 243.40699768066406 193.27499389648438
v 174.85499572753906 172.2899932861328 261.8630065917969
v 172.78599548339844 174.14199829101562 261.7950134277344
v 104.88899993896484 232.17100524902344 182.95700073242188
v 100.58999633789062 175.46499633789062 152.68299865722656
v 92.35669708251953 159.9759979248047 148.4550018310547
v 92.0376968383789 159.1909942626953 150.75599670410156
v 96.80449676513672 178.38299560546875 154.19900512695312
v 106.052001953125 186.63999938964844 234.71200561523438
v 154.66400146484375 119.55500030517578 228
v 153.97500610351562 118.55799865722656 227.41200256347656
v 106.51100158691406 183.9320068359375 155.46200561523438
v 96.85040283203125 153.98800659179688 180.13699340820312
v 139.5240020751953 215.23800659179688 217.96600341796875
v 138.56399536132812 216.06700134277344 219.63600158691406
v 139.48699951171875 215.44400024414062 222.22999572753906
v 138.7310028076172 215.46200561523438 216.61199951171875
v 101.4729995727539 234.44700622558594 182.7449951171875
v 127.70099639892578 247.8769989013672 196.26699829101562
v 102.85299682617188 239.1280059814453 191.78900146484375
v 129.906005859375 244.83700561523438 199.9669952392578
v 118.93000030517578 196.8179931640625 245.6300048828125
v 98.84320068359375 199.03199768066406 193.09100341796875
v 97.28579711914062 198.45700073242188 194.7830047607422
v 168.17100524902344 128.36000061035156 180.3489990234375
v 208.9320068359375 160.1929931640625 240.56300354003906
v 95.94840240478516 149.1999969482422 181.84500122070312
v 194.05499267578125 137.58700561523438 199.4810028076172
v 170.56900024414062 174.5030059814453 260.5459899902344
v 169.78599548339844 173.83099365234375 259.26300048828125
v 187.19900512695312 161.32699584960938 260.6669921875
v 106.89399719238281 234.35899353027344 207.6529998779297
v 106.18399810791016 237.79400634765625 207.83700561523438
v 107.60299682617188 235.23300170898438 209.97999572753906
v 138.5570068359375 216.27000427246094 224.24400329589844
v 139.5570068359375 215.9720001220703 225.74200439453125
v 106.31900024414062 227.6909942626953 237.51600646972656
v 113.6520004272461 199.36099243164062 248.9340057373047
v 117.13999938964844 201.4739990234375 246.01199340820312
v 239.65499877929688 143.6750030517578 238.72300720214844
v 134.66799926757812 207.3800048828125 197.38999938964844
v 130.3800048828125 207.36599731445312 194.2100067138672
v 90.79769897460938 162.11500549316406 149.552001953125
v 123.46700286865234 244.08200073242188 236.66299438476562
v 122.96900177001953 243.0449981689453 238.5970001220703
v 143.49000549316406 193.39999389648438 233.10899353027344
v 142.8000030517578 217.79100036621094 225.85299682617188
v 141.48699951171875 216.26199340820312 225.63299560546875
v 109.2030029296875 217.28399658203125 222.4029998779297
v 115.10700225830078 184.11300659179688 256.1650085449219
v 85.69840240478516 169.98699951171875 154.9459991455078
v 220.66400146484375 153.3979949951172 252
v 142.1999969482422 200.2740020751953 230.8699951171875
v 112.5270004272461 187.39300537109375 261.76300048828125
v 86.57440185546875 169.8179931640625 186.5030059814453
v 180.29400634765625 132.07400512695312 194.68800354003906
v 124.73600006103516 169.91700744628906 182.4709930419922
v 135.38600158691406 183.8560028076172 265.2510070800781
v 135.88299560546875 183.5050048828125 267.63800048828125
v 137.32899475097656 164.58099365234375 240.8249969482422
v 143.61099243164062 198.09500122070312 229.19500732421875
v 144.43800354003906 195.04400634765625 229.2790069580078
v 172.1929931640625 170.38999938964844 256.6029968261719
v 174.23599243164062 172.03700256347656 256.17999267578125
v 100.06300354003906 163.5489959716797 160.2480010986328
v 102.05699920654297 163.93499755859375 161.1840057373047
v 100.58499908447266 165.57400512695312 161.07200622558594
v 143.48599243164062 192.72799682617188 237.63800048828125
v 120.5199966430664 202.72000122070312 234.13600158691406
v 121.75800323486328 202.7830047607422 235.9810028076172
v 137.58299255371094 216.572998046875 216.72300720214844
v 136.95899963378906 217.3979949951172 214.5760040283203
v 137.71400451660156 215.6580047607422 215.45199584960938
v 113.24600219726562 184.947998046875 254.11000061035156
v 145.7550048828125 124.11100006103516 213.7469940185547
v 136.18299865722656 180.81300354003906 203.6909942626953
v 138.4340057373047 181.01199340820312 198.5330047607422
v 96.22689819335938 158.68800354003906 165.7220001220703
v 145.77699279785156 168.91799926757812 239.50100708007812
v 147.25100708007812 169.87100219726562 237.32699584960938
v 130.54800415039062 192.61700439453125 184.66799926757812
v 123.23300170898438 188.6820068359375 185.43600463867188
v 112.37899780273438 240.49200439453125 185.89300537109375
v 112.27200317382812 239.5919952392578 182.39500427246094
v 127.96499633789062 188.02699279785156 215.48699951171875
v 129.968994140625 139.86300659179688 160.3509979248047
v 131.45599365234375 140.23199462890625 160.88400268554688
v 135.88800048828125 237.75799560546875 206.9759979248047
v 137.0050048828125 238.2899932861328 207.98599243164062
v 102.86499786376953 163.86599731445312 165.51699829101562
v 223.9199981689453 173.35699462890625 251.33099365234375
v 225.1699981689453 174.4980010986328 252
v 98.08989715576172 199.69900512695312 165.0590057373047
v 145.36700439453125 121.46199798583984 208.1300048828125
v 88.793701171875 164.00599670410156 149.1439971923828
v 103.91699981689453 207.08299255371094 159.11500549316406
v 114.5250015258789 193.18699645996094 231.96600341796875
v 112.5999984741211 191.11500549316406 231.97000122070312
v 221.24899291992188 158.93499755859375 248.83700561523438
v 174.97900390625 170.5500030517578 260.0979919433594
v 173.50599670410156 169.8350067138672 261.31500244140625
v 175.06100463867188 171.59500122070312 257.29400634765625
v 156.58099365234375 127.78900146484375 224.93800354003906
v 117.572998046875 198.67999267578125 169.16099548339844
v 95.08480072021484 147.21200561523438 180.63699340820312
v 93.34300231933594 146.06100463867188 178.9219970703125
v 93.99549865722656 146.56700134277344 182.2239990234375
v 81.9103012084961 171.80499267578125 156.48199462890625
v 82.1449966430664 171.63900756835938 155.05299377441406
v 82.46520233154297 171.90699768066406 156.85000610351562
v 170.90699768066406 175.78199768066406 259.239013671875
v 171.87899780273438 176.73899841308594 258.0050048828125
v 172.14700317382812 175.56100463867188 260.23199462890625
v 136.97000122070312 187.83399963378906 269.8659973144531
v 131.82200622558594 244.531005859375 199.11099243164062
v 87.08200073242188 155.8990020751953 151.26800537109375
v 87.89450073242188 155.1580047607422 151.14199829101562
v 94.97090148925781 163.79100036621094 245.09500122070312
v 142.24099731445312 236.26499938964844 212.2030029296875
v 168.39100646972656 135.16400146484375 184.0989990234375
v 85.00550079345703 168.05799865722656 172.79100036621094
v 188.6199951171875 159.7740020751953 258.9219970703125
v 188.49099731445312 160.1699981689453 261.0509948730469
v 189.58900451660156 160.34300231933594 259.4590148925781
v 187.63999938964844 160.1020050048828 259.0669860839844
v 91.26460266113281 147 176.4709930419922
v 90.28250122070312 148.7100067138672 174.9219970703125
v 103.822998046875 175.01199340820312 160.78900146484375
v 135.56900024414062 241.0469970703125 232.49200439453125
v 136.41700744628906 240.88999938964844 233.71499633789062
v 136.6529998779297 242.96600341796875 232.53599548339844
v 134.12600708007812 240.5 233.9340057373047
v 137.85400390625 130.1009979248047 200.27999877929688
v 140.63400268554688 130.58999633789062 198.13800048828125
v 141.08399963378906 131.08200073242188 202.06300354003906
v 141.65199279785156 129.7949981689453 199.45399475097656
v 109.70899963378906 190.76600646972656 231.6199951171875
v 187.5070037841797 163.6959991455078 257.17498779296875
v 188.03199768066406 162.36700439453125 256.17401123046875
v 186.9340057373047 161.61300659179688 257.7149963378906
v 167.37399291992188 128.2469940185547 183.89199829101562
v 169.55599975585938 127.60700225830078 186.61700439453125
v 133.3990020751953 183.34300231933594 265.260986328125
v 104.05899810791016 240.2729949951172 189.10499572753906
v 85.41539764404297 162.38299560546875 176.3090057373047
v 88.63510131835938 156.2689971923828 151.87399291992188
v 134.80099487304688 185.36000061035156 263.7860107421875
v 98.82769775390625 230.3280029296875 247.947998046875
v 147.68899536132812 175.14500427246094 240.0050048828125
v 146.81500244140625 175.26600646972656 242.33999633789062
v 125.24299621582031 191.51800537109375 248.4720001220703
v 129.19900512695312 193.0189971923828 251.2779998779297
v 123.50700378417969 188.14700317382812 249.7239990234375
v 236.8509979248047 141.9199981689453 237.6009979248047
v 83.9530029296875 166.76100158691406 157.04100036621094
v 82.74500274658203 166.63699340820312 156.43600463867188
v 83.27790069580078 166.7989959716797 154.9929962158203
v 121.39199829101562 207.0070037841797 229.63999938964844
v 227.69500732421875 170.88999938964844 250.0540008544922
v 92.86380004882812 209.55799865722656 192.9429931640625
v 143.51600646972656 171.36700439453125 236
v 144.82699584960938 169.3820037841797 236.98399353027344
v 84.97830200195312 157.57400512695312 150.97799682617188
v 140.66900634765625 197.1750030517578 231.718994140625
v 74.8469009399414 199.78900146484375 218.4759979248047
v 74.59359741210938 199.66299438476562 220.70199584960938
v 74.48049926757812 199.24200439453125 216.88499450683594
v 100.68399810791016 183.17100524902344 156.4669952392578
v 102.85900115966797 183.90899658203125 155.2010040283203
v 102.07099914550781 184.31399536132812 158.3489990234375
v 100.9000015258789 182.54299926757812 153.58200073242188
v 111.9219970703125 143.0709991455078 259.3179931640625
v 133.36199951171875 232.8260040283203 205.9499969482422
v 131.4949951171875 233.2969970703125 205.05999755859375
v 109.93900299072266 233.06399536132812 183.95599365234375
v 103.1240005493164 233.45700073242188 181.7729949951172
v 89.98629760742188 167.01800537109375 185.88499450683594
v 102.21399688720703 180.02499389648438 152.14100646972656
v 125.64399719238281 229.61599731445312 207.9720001220703
v 125.95700073242188 231.45899963378906 204.68699645996094
v 126.875 231.1909942626953 207.75900268554688
v 122.72799682617188 240.0970001220703 191.2570037841797
v 121.66999816894531 238.38900756835938 191.4600067138672
v 120.5530014038086 239.9709930419922 191.89500427246094
v 131.85699462890625 202.06100463867188 261.4119873046875
v 129.76199340820312 204.0279998779297 264.2070007324219
v 126.41300201416016 139.8459930419922 167.4199981689453
v 126.16699981689453 139.343994140625 166.2100067138672
v 120.24299621582031 149.7969970703125 258.7040100097656
v 120.39199829101562 148.60800170898438 253.7469940185547
v 111.52400207519531 233.99600219726562 184.85800170898438
v 110.71099853515625 241.1269989013672 184.91600036621094
v 110.36799621582031 239.75599670410156 182.48699951171875
v 110.34700012207031 232.6739959716797 186.86500549316406
v 210.42799377441406 157.64999389648438 240.24899291992188
v 156.6649932861328 128.8509979248047 226.67599487304688
v 189.46800231933594 140.9080047607422 193.27200317382812
v 89.38580322265625 162.91600036621094 150.88099670410156
v 129.447998046875 246.08399963378906 237.0279998779297
v 129.05299377441406 244.30999755859375 236.48800659179688
v 111.9540023803711 228.04200744628906 247.91299438476562
v 108.40699768066406 223.5570068359375 245.62100219726562
v 127.01399993896484 200.33900451660156 267.7040100097656
v 128.5189971923828 242.72300720214844 241.63999938964844
v 127.5009994506836 243.8780059814453 241.3730010986328
v 135.177001953125 241.97000122070312 203.26600646972656
v 97.28890228271484 162.23500061035156 167.88600158691406
v 98.0479965209961 159.6529998779297 167.26499938964844
v 88.36489868164062 157.6269989013672 151.96099853515625
v 153.97300720214844 119.38800048828125 220.66400146484375
v 155.21099853515625 118.55500030517578 220.7899932861328
v 112.16799926757812 185.92799377441406 255.0399932861328
v 96.61109924316406 210.22000122070312 194.63900756835938
v 89.88040161132812 157.47000122070312 151.99200439453125
v 130.18499755859375 229.14599609375 211.5019989013672
v 123.8010025024414 203.27200317382812 191.58299255371094
v 127.83399963378906 205.48599243164062 190.8560028076172
v 126.90499877929688 206.79600524902344 195.5030059814453
v 116.36699676513672 195.85000610351562 230.052001953125
v 113.06800079345703 195.2830047607422 232.572998046875
v 112.98999786376953 197.45700073242188 230.86300659179688
v 102.76899719238281 162.36000061035156 165.23899841308594
v 113.44100189208984 164.968994140625 177.91799926757812
v 114.84100341796875 162.03900146484375 178.86000061035156
v 191.9409942626953 141.66099548339844 244.10299682617188
v 191.718994140625 139.68800354003906 244
v 135.00799560546875 204.57699584960938 208.43600463867188
v 110.34100341796875 147.09500122070312 230.77699279785156
v 110.05000305175781 145.88999938964844 229.85899353027344
v 110.95800018310547 182.8179931640625 164.17599487304688
v 108.96600341796875 181.07400512695312 160.98199462890625
v 108.51399993896484 181.552001953125 164.78799438476562
v 91.55339813232422 158.0500030517578 151.6699981689453
v 194.5540008544922 135.8090057373047 195.02999877929688
v 107.06400299072266 216.16400146484375 237.14999389648438
v 107.13500213623047 217.56700134277344 236.9080047607422
v 120.65399932861328 239.04299926757812 190.33599853515625
v 137.55099487304688 218.39500427246094 213.04400634765625
v 138.0780029296875 219.447998046875 215.0050048828125
v 104.0770034790039 176.53599548339844 162.67999267578125
v 121.53600311279297 137.125 263.6050109863281
v 192.656005859375 137.24200439453125 251.1510009765625
v 191.41400146484375 136.49000549316406 248.94700622558594
v 238.3780059814453 145.38299560546875 236.02999877929688
v 239.07699584960938 147.59100341796875 237.03199768066406
v 239.93699645996094 145.27000427246094 236.9810028076172
v 108.41899871826172 182.18299865722656 157.29100036621094
v 108.6449966430664 178.7949981689453 159.69400024414062
v 109.2239990234375 179.7550048828125 188.52999877929688
v 173.1230010986328 136.4429931640625 175.43600463867188
v 174.7469940185547 136.44900512695312 176.0970001220703
v 173.1490020751953 137.3209991455078 177.83399963378906
v 214.69400024414062 158.93499755859375 241.50100708007812
v 213.83299255371094 158.08799743652344 243.58599853515625
v 137.0399932861328 215.86599731445312 214.16900634765625
v 189.73300170898438 133.11399841308594 195.7220001220703
v 190.3070068359375 133.52099609375 192.38699340820312
v 104.85099792480469 210.8509979248047 224.4080047607422
v 104.30699920654297 209.1479949951172 223.58099365234375
v 213.34100341796875 155.86099243164062 243.427001953125
v 131.2790069580078 134.51600646972656 257.37200927734375
v 131.86900329589844 137.61599731445312 253.98599243164062
v 189.24200439453125 140.95199584960938 250.0279998779297
v 190.79600524902344 142.35499572753906 251.14700317382812
v 193.9949951171875 139.6479949951172 199.91299438476562
v 142.8520050048828 174.96099853515625 236
v 142.8280029296875 177.03700256347656 237.01600646972656
v 132.9810028076172 205.86900329589844 191.24600219726562
v 90.3667984008789 158.52000427246094 151.84800720214844
v 84.41320037841797 170.86000061035156 152.90499877929688
v 135.22500610351562 240.7689971923828 235.6280059814453
v 136.41299438476562 242.73500061035156 235.58200073242188
v 136.99200439453125 241.26699829101562 234.9929962158203
v 133.63900756835938 242.76300048828125 235.18800354003906
v 125.302001953125 133.2429962158203 247.8509979248047
v 129.15499877929688 135.1510009765625 249.81100463867188
v 92.72370147705078 158.40699768066406 150.74899291992188
v 130.7550048828125 192.15899658203125 215.02499389648438
v 126.16000366210938 194.41200256347656 216.96600341796875
v 128.6020050048828 197.50799560546875 216
v 108.91000366210938 146.81399536132812 225.5500030517578
v 110.58899688720703 147.4250030517578 226.1580047607422
v 109.68599700927734 148.3280029296875 227.20700073242188
v 110.76499938964844 146.04200744628906 226.49600219726562
v 194.55499267578125 138.0290069580078 251.97000122070312
v 126.59300231933594 166.6750030517578 262.04901123046875
v 127.27799987792969 167.63800048828125 262.7929992675781
v 116.572998046875 242.2100067138672 201.1199951171875
v 127.52100372314453 143.1750030517578 164.91299438476562
v 128.0679931640625 143.4340057373047 162.6790008544922
v 110.78700256347656 190.14999389648438 217.11000061035156
v 97.9573974609375 211.6219940185547 204.5590057373047
v 97.85929870605469 213.89300537109375 203.63999938964844
v 96.93160247802734 149.7469940185547 175.4429931640625
v 127.66999816894531 240.927001953125 195.11000061035156
v 148.12600708007812 173.9510040283203 241.6739959716797
v 124.04199981689453 193.4929962158203 185.22799682617188
v 146.50399780273438 200.1649932861328 203.8159942626953
v 140.3730010986328 215.11900329589844 222.03199768066406
v 188.9510040283203 139.03900146484375 249.27200317382812
v 226.9949951171875 178.25399780273438 250.677001953125
v 228.60699462890625 177.29600524902344 250.4759979248047
v 110.64099884033203 241.50399780273438 189.44400024414062
v 107.96700286865234 180.5540008544922 187.48599243164062
v 114.23899841308594 163.31399536132812 175.6959991455078
v 114.5790023803711 166.71499633789062 173.802001953125
v 187.14199829101562 133.99600219726562 195.83799743652344
v 140.61399841308594 218.31500244140625 227.90499877929688
v 140.95399475097656 216.7050018310547 227.48199462890625
v 96.58290100097656 161.71800231933594 160.0970001220703
v 98.10350036621094 163.14300537109375 160.00399780273438
v 171.21200561523438 136.88299560546875 177.6840057373047
v 170.23699951171875 171.73899841308594 256.7659912109375
v 109.83100128173828 200.18499755859375 252.281005859375
v 109.96600341796875 194.6540069580078 252.00399780273438
v 108.2959976196289 196.1959991455078 257.7430114746094
v 123.45999908447266 241.6199951171875 191.05599975585938
v 122.75599670410156 242.67300415039062 190.6719970703125
v 132.97300720214844 238.9709930419922 203.81300354003906
v 95.81060028076172 159.98199462890625 160.2779998779297
v 87.5792007446289 213.04200744628906 200.85499572753906
v 86.2853012084961 210.96499633789062 200.29299926757812
v 229.77499389648438 176.4709930419922 250.31900024414062
v 98.10540008544922 228.81300354003906 245.33799743652344
v 137.95199584960938 125.74700164794922 195.27200317382812
v 157.20700073242188 119.89900207519531 221.16000366210938
v 128.53900146484375 231.56399536132812 209.49099731445312
v 119.85399627685547 202.2570037841797 195.11300659179688
v 122.87300109863281 204.31100463867188 194.58099365234375
v 123.05500030517578 205.20700073242188 200.7259979248047
v 118.9020004272461 200.0800018310547 191.9550018310547
v 136.08200073242188 239.05799865722656 207.9029998779297
v 96.4312973022461 148.4510040283203 178.18800354003906
v 142.88099670410156 119.01799774169922 214.1750030517578
v 92.51360321044922 166.968994140625 246.3939971923828
v 93.45349884033203 165.78399658203125 247.4510040283203
v 121.5510025024414 242.0449981689453 191.6510009765625
v 121.78900146484375 243.21099853515625 191.16700744628906
v 110.23999786376953 195.86099243164062 233.1230010986328
v 109.73600006103516 196.71499633789062 231.53799438476562
v 102.89299774169922 163.53799438476562 163.11199951171875
v 102.13200378417969 165.29200744628906 162.875
v 240.2220001220703 146.73899841308594 238.3699951171875
v 240.33099365234375 145.71200561523438 238.94000244140625
v 240.20399475097656 146.42799377441406 240.6269989013672
v 137.6439971923828 238.31399536132812 208.50799560546875
v 134.39199829101562 241.5240020751953 205.4949951171875
v 169.62600708007812 174.38699340820312 258.02801513671875
v 170.1439971923828 173.697998046875 256.4700012207031
v 147.66400146484375 174.48500061035156 237.1179962158203
v 143.22300720214844 183.07699584960938 189.20799255371094
v 139.05299377441406 184.42999267578125 187.8990020751953
v 141.92999267578125 187.33299255371094 187.93600463867188
v 151.82200622558594 120.80699920654297 224.08399963378906
v 106.802001953125 179.2469940185547 163.2989959716797
v 105.61000061035156 181.39100646972656 166.06399536132812
v 103.20500183105469 178.40199279785156 163.7530059814453
v 102.55000305175781 232.91900634765625 184.45199584960938
v 111.86499786376953 246.79200744628906 209.83200073242188
v 128.76699829101562 232.6269989013672 205.42300415039062
v 102.16899871826172 210.7259979248047 222.70899963378906
v 95.25050354003906 202.89300537109375 197.48800659179688
v 228.79600524902344 176.09100341796875 251.89999389648438
v 227.36900329589844 176.8470001220703 251.91900634765625
v 116.43199920654297 205.3979949951172 251.89199829101562
v 115.47000122070312 203.49600219726562 248.875
v 117.4280014038086 189.59500122070312 230.22999572753906
v 127.60199737548828 228.94200134277344 210.56900024414062
v 126.41500091552734 226.3520050048828 208.86399841308594
v 87.47530364990234 163.2449951171875 151.24200439453125
v 124.82599639892578 239.6439971923828 238.57400512695312
v 176.1929931640625 135.7429962158203 177.39500427246094
v 176.05499267578125 135.84100341796875 180.072998046875
v 174.52000427246094 136.9949951171875 179.3990020751953
v 177.23800659179688 134.0449981689453 179.00399780273438
v 140.59100341796875 174.23199462890625 241.08599853515625
v 102.3550033569336 206.20700073242188 164.00399780273438
v 106.9540023803711 178.8520050048828 190.50599670410156
v 133.656005859375 201.94400024414062 212.0189971923828
v 131.36399841308594 197.6439971923828 214.57400512695312
v 129.08599853515625 201.6909942626953 214.0489959716797
v 196.4550018310547 138.17300415039062 251.2429962158203
v 109.12699890136719 197.17300415039062 264.2829895019531
v 109.71600341796875 201.1529998779297 257.2720031738281
v 111.34200286865234 200.7550048828125 262.989990234375
v 127.41999816894531 169.73599243164062 262.40899658203125
v 107.54000091552734 239.7949981689453 210.6719970703125
v 109.24500274658203 237.12899780273438 213.03599548339844
v 238.406005859375 143.13999938964844 236.7270050048828
v 239.65499877929688 148.16200256347656 239.6529998779297
v 127.16300201416016 242.4199981689453 243.10899353027344
v 127.08999633789062 231.71499633789062 202.38800048828125
v 125.60700225830078 196.79600524902344 246.47000122070312
v 113.71800231933594 168.28199768066406 176.73500061035156
v 109.08799743652344 183.29299926757812 167.93800354003906
v 144.41000366210938 123.33200073242188 215.91900634765625
v 170.51499938964844 175.58299255371094 257.47698974609375
v 83.11060333251953 171.86500549316406 154.9709930419922
v 84.00160217285156 171.6280059814453 154.05799865722656
v 106.61900329589844 176.625 161.156005859375
v 138.9340057373047 168.802001953125 240.0590057373047
v 152.94200134277344 131.92799377441406 222.05599975585938
v 137.76300048828125 242.7010040283203 233.96099853515625
v 101.90299987792969 161.09800720214844 166.6959991455078
v 102.17500305175781 209.41200256347656 220.63400268554688
v 101.2509994506836 210.6060028076172 219.2899932861328
v 183.3209991455078 131.67100524902344 193.5290069580078
v 141.8719940185547 120.23200225830078 193.80999755859375
v 126.03299713134766 141.52000427246094 165.281005859375
v 125.96499633789062 140.3509979248047 163.9340057373047
v 126.59700012207031 142.322998046875 163.11099243164062
v 140.72799682617188 221.88699340820312 221.8249969482422
v 141.24099731445312 221.7209930419922 220.177001953125
v 139.4340057373047 221.02099609375 221.9290008544922
v 127.05000305175781 242.31399536132812 196.51499938964844
v 192.98199462890625 135.67300415039062 199.02200317382812
v 192.7310028076172 133.98399353027344 196.9720001220703
v 94.53990173339844 204.3679962158203 192.40499877929688
v 131.96200561523438 229.49099731445312 202.1479949951172
v 188.5989990234375 140.45799255371094 201.76499938964844
v 107.86399841308594 176.43600463867188 158.88099670410156
v 116.37000274658203 195.5030059814453 170.9810028076172
v 127.29100036621094 222.03199768066406 201.04100036621094
v 125.177001953125 140.53399658203125 243.27699279785156
v 135.1649932861328 228.75 208.37100219726562
v 218.94700622558594 152.66700744628906 250.96800231933594
v 132.01800537109375 164.9320068359375 249.7740020751953
v 135.4550018310547 164.5540008544922 249.625
v 124.9489974975586 244.83900451660156 236.16900634765625
v 103.29000091552734 222.4219970703125 249.781005859375
v 125.67500305175781 206.40899658203125 234.53599548339844
v 125.04399871826172 207.38999938964844 235.9029998779297
v 125.29900360107422 205.02999877929688 235.86000061035156
v 135.71299743652344 185.1230010986328 264.1830139160156
v 110.9729995727539 247.06700134277344 213.0030059814453
v 126.25800323486328 144.7270050048828 268
v 170.58099365234375 132.41900634765625 173.552001953125
v 171.05099487304688 133.06100463867188 171.37600708007812
v 127.83399963378906 240.9080047607422 241.85899353027344
v 128.36000061035156 166.5469970703125 248.375
v 151.42300415039062 131.41600036621094 223.22999572753906
v 102.4469985961914 186.8419952392578 156.8249969482422
v 188.343994140625 141.61900329589844 200.5760040283203
v 97.62460327148438 199.8979949951172 195.91099548339844
v 84.44249725341797 171.00999450683594 158.63099670410156
v 74.83460235595703 198.36900329589844 219.14300537109375
v 131.88999938964844 138.61900329589844 163.82400512695312
v 127.91200256347656 240.2779998779297 240.37100219726562
v 118.58899688720703 193.406005859375 226.71600341796875
v 239.5850067138672 144.5030059814453 243.01300048828125
v 239.04299926757812 147.55599975585938 242.38600158691406
v 125.6729965209961 131.343994140625 250.42799377441406
v 224.68899536132812 177.1739959716797 250.87399291992188
v 150.73399353027344 152.572998046875 258.6510009765625
v 98.99700164794922 181.76400756835938 155.99200439453125
v 100.39199829101562 181.95399475097656 160.1060028076172
v 131.53199768066406 133.052001953125 213.75599670410156
v 116.07099914550781 202.802001953125 265.3890075683594
v 115.9000015258789 195.1739959716797 267.3330078125
v 122.08999633789062 197.8800048828125 267.7040100097656
v 84.84750366210938 169.9409942626953 152.427001953125
v 127.63600158691406 203.11199951171875 265.79901123046875
v 175.61399841308594 134.96600341796875 174.9429931640625
v 119.01799774169922 191.29299926757812 226.86199951171875
v 85.49120330810547 169.68899536132812 153.0679931640625
v 108.427001953125 243.5260009765625 212.01600646972656
v 189.1219940185547 138.13699340820312 191.17799377441406
v 141.42999267578125 120.39900207519531 217.0970001220703
v 120.4520034790039 191.00100708007812 247.4080047607422
v 122.37200164794922 194.61199951171875 245.00999450683594
v 85.19750213623047 170.49400329589844 153.31100463867188
v 146.11700439453125 191.43600463867188 194.41600036621094
v 94.69190216064453 164.26400756835938 247.0989990234375
v 179.4709930419922 131.1959991455078 193.80299377441406
v 144.30999755859375 124.12200164794922 192.84300231933594
v 112.23899841308594 194.23899841308594 267.0199890136719
v 84.88749694824219 171.14700317382812 154.7050018310547
v 105.52899932861328 174.74400329589844 158.7740020751953
v 93.00869750976562 164.96099853515625 245.9340057373047
v 83.90910339355469 171.71800231933594 156.677001953125
v 112.5250015258789 203.6959991455078 251.75599670410156
v 97.41649627685547 201.06300354003906 190.0919952392578
v 132.74400329589844 164.6020050048828 239.781005859375
v 190.61099243164062 134.593994140625 190.41000366210938
v 111.7030029296875 147.25399780273438 227.30299377441406
v 111.14800262451172 148.22300720214844 228.72500610351562
v 147.88800048828125 172.1529998779297 236.125
v 82.0927963256836 167.04800415039062 156.35000610351562
v 81.50969696044922 167.78199768066406 156.1479949951172
v 98.59369659423828 227.1020050048828 242.96499633789062
v 143.98300170898438 219.07699584960938 217.9409942626953
v 130.49600219726562 184.3350067138672 269.4289855957031
v 129.5659942626953 185.97999572753906 270.7560119628906
v 131.093994140625 185.1699981689453 271.3970031738281
v 150.78500366210938 153.08900451660156 255.61099243164062
v 129.60400390625 225.73800659179688 210.9149932861328
v 135.03199768066406 244.85800170898438 235.5330047607422
v 136.96400451660156 244.6909942626953 234.44700622558594
v 176.76699829101562 131.57699584960938 178.38699340820312
v 80.7970962524414 169.68299865722656 156.0500030517578
v 186.91099548339844 163.07000732421875 259.32000732421875
v 83.30069732666016 170.781005859375 172.56900024414062
v 126.59400177001953 246.16799926757812 199.68099975585938
v 138.33799743652344 122.60399627685547 193.53799438476562
v 138.93600463867188 170.3780059814453 239.6840057373047
v 137.718994140625 217.0330047607422 218.83200073242188
v 131.26800537109375 138.95799255371094 162.2689971923828
v 183.781005859375 132.21800231933594 193.76499938964844
v 140.88699340820312 126.06600189208984 192.68600463867188
v 138.3090057373047 215.23899841308594 214.802001953125
v 156.60899353027344 128.41600036621094 222.6060028076172
v 140.45599365234375 215.2429962158203 218.18699645996094
v 141.03700256347656 122.32599639892578 192.3990020751953
v 125.77300262451172 245.31900024414062 192.8280029296875
v 225.55499267578125 176.10400390625 251.92599487304688
v 220.31199645996094 155.39100646972656 252
v 134.71099853515625 163.15199279785156 240.88800048828125
v 133.21299743652344 244.83799743652344 234.55599975585938
v 108.6259994506836 195.19700622558594 224.78900146484375
v 133.93899536132812 245.1580047607422 233.42300415039062
v 149.44700622558594 204.5989990234375 234.65899658203125
v 233.3070068359375 150.1009979248047 241.43299865722656
v 233.41600036621094 149.6909942626953 243.1510009765625
v 118.08699798583984 148.25799560546875 265.64300537109375
v 120.41699981689453 148.68499755859375 265.40301513671875
v 105.12000274658203 233.29299926757812 240.67100524902344
v 104.1989974975586 231.13699340820312 238.99400329589844
v 115.8280029296875 190.81700134277344 189.23500061035156
v 116.78600311279297 195.79299926757812 190.5019989013672
v 105.58200073242188 208.1320037841797 163.51100158691406
v 105.58300018310547 184.91000366210938 215.18699645996094
v 130.94500732421875 141.3979949951172 160.197998046875
v 118.96299743652344 204.44500732421875 235.16000366210938
v 111.37200164794922 145.6280059814453 229.28900146484375
v 192.2530059814453 137.59100341796875 244.0800018310547
v 188.552001953125 160.51400756835938 257.1619873046875
v 240.3350067138672 144.80299377441406 240.9250030517578
v 189.82899475097656 135.8990020751953 189.781005859375
v 114.77300262451172 197.7469940185547 226.7429962158203
v 110.8489990234375 198.14500427246094 228.98199462890625
v 116.05000305175781 198.5679931640625 197.56700134277344
v 94.4072036743164 165.84800720214844 247.91700744628906
v 99.68240356445312 167.20899963378906 165.4340057373047
v 148.57400512695312 155.51400756835938 262.4360046386719
v 106.67400360107422 180.22799682617188 189.56100463867188
v 107.83799743652344 180.74000549316406 189.7429962158203
v 117.86399841308594 168.86500549316406 172.25399780273438
v 126.16600036621094 139.6510009765625 243.20899963378906
v 117.60700225830078 189.33099365234375 227.51300048828125
v 90.13240051269531 170.21800231933594 185.031005859375
v 232.16099548339844 148.61399841308594 242.91700744628906
v 151.31399536132812 201.66400146484375 234.68499755859375
v 172.58099365234375 127.20800018310547 183.60299682617188
v 170.91099548339844 127.68199920654297 180.74400329589844
v 169.8939971923828 126.89800262451172 183.8419952392578
v 124.3010025024414 208.3249969482422 234.21400451660156
v 197.60000610351562 139.56500244140625 249.07899475097656
v 114.83000183105469 245.05599975585938 202.656005859375
v 99.38500213623047 201.60299682617188 190.82200622558594
v 197.35899353027344 140.1529998779297 250.91900634765625
v 107.427001953125 193.64999389648438 227.29400634765625
v 108.51699829101562 196.5760040283203 227.64700317382812
v 108.13400268554688 194.85800170898438 230.4429931640625
v 131.68899536132812 142.82699584960938 258.1889953613281
v 191.90499877929688 139.0749969482422 192.83399963378906
v 131.25399780273438 205.04600524902344 210.35899353027344
v 128.9290008544922 206.875 207.47500610351562
v 126.96600341796875 203.5540008544922 212.24899291992188
v 118.2699966430664 200.55099487304688 202.11700439453125
v 111.4010009765625 147.4320068359375 229.39199829101562
v 118.81199645996094 197.1179962158203 210.33999633789062
v 132.7740020751953 243.15699768066406 196.4929962158203
v 129.30999755859375 232.4219970703125 203.11099243164062
v 194.76100158691406 135.91900634765625 197.26499938964844
v 176.8699951171875 134.1999969482422 182.08700561523438
v 125.2300033569336 205.2480010986328 208.55799865722656
v 112.18099975585938 140.20700073242188 261.3320007324219
v 100.45099639892578 212.4759979248047 218.67799377441406
v 98.60929870605469 200.17999267578125 191.47300720214844
v 89.73300170898438 172.38099670410156 182.91299438476562
v 105.56400299072266 216.61300659179688 238.31100463867188
v 191.572998046875 137.2740020751953 190.93899536132812
v 111.25700378417969 145.7760009765625 230.656005859375
v 107.9219970703125 191.76300048828125 229.3419952392578
v 112.38700103759766 237.92100524902344 215.2790069580078
v 111.90599822998047 235.73500061035156 213.093994140625
v 94.527099609375 155.32000732421875 180.04800415039062
v 111.9540023803711 229.4199981689453 245.2220001220703
v 127.88200378417969 137.44400024414062 166.07200622558594
v 104.22200012207031 217.05999755859375 237.64999389648438
v 120.58699798583984 149.01800537109375 262.6940002441406
v 175.35499572753906 170.94000244140625 258.3810119628906
v 112.66200256347656 185.9949951171875 249.95599365234375
v 132.57899475097656 141.447998046875 262.85400390625
v 124.66799926757812 198.35499572753906 215.3070068359375
v 127.83100128173828 142.49200439453125 161.09100341796875
v 190.26199340820312 137.8520050048828 250.2689971923828
v 191.32899475097656 138.61199951171875 251.53799438476562
v 113.64800262451172 233.99899291992188 210.19000244140625
v 141.3719940185547 236.08599853515625 212.8509979248047
v 92.00379943847656 166.1529998779297 244.40499877929688
v 93.77850341796875 211.54200744628906 205.69900512695312
v 132.34300231933594 138.36300659179688 165.6790008544922
v 152.0919952392578 201.05799865722656 243.7530059814453
v 130.3769989013672 162.7729949951172 246.59500122070312
v 109.4729995727539 245.572998046875 212.6439971923828
v 106.86900329589844 180.0570068359375 190.81300354003906
v 237.38600158691406 148.60400390625 243.5030059814453
v 135.67799377441406 245.01600646972656 233.3070068359375
v 85.18070220947266 170.80099487304688 156.9810028076172
v 95.08460235595703 215.12100219726562 204.3000030517578
v 172.9290008544922 172.76400756835938 263.4779968261719
v 117.8949966430664 193.68099975585938 230.1179962158203
v 122.58999633789062 201.2899932861328 210.10299682617188
v 106.33899688720703 219.1219940185547 235.88800048828125

g grp1
usemtl mtl1
f 3 2 1 
f 4 1 2 
f 7 6 5 
f 8 5 6 
f 11 10 9 
f 12 9 10 
f 15 14 13 
f 16 13 14 
f 19 18 17 
f 20 17 18 
f 23 22 21 
f 24 21 22 
f 27 26 25 
f 28 25 26 
f 31 30 29 
f 32 29 30 
f 35 34 33 
f 36 33 34 
f 39 38 37 
f 40 37 38 
f 43 42 41 
f 44 41 42 
f 47 46 45 
f 48 45 46 
f 51 50 49 
f 52 49 50 
f 53 47 45 
f 54 46 47 
f 57 56 55 
f 58 55 56 
f 61 60 59 
f 62 59 60 
f 65 64 63 
f 66 63 64 
f 69 68 67 
f 70 67 68 
f 73 72 71 
f 74 71 72 
f 77 76 75 
f 78 75 76 
f 81 80 79 
f 82 79 80 
f 85 84 83 
f 86 83 84 
f 89 88 87 
f 90 87 88 
f 93 92 91 
f 94 91 92 
f 97 96 95 
f 98 95 96 
f 101 100 99 
f 102 99 100 
f 103 47 53 
f 106 105 104 
f 107 104 105 
f 108 103 53 
f 111 110 109 
f 112 109 110 
f 115 114 113 
f 116 113 114 
f 117 47 103 
f 54 47 117 
f 118 54 117 
f 26 120 119 
f 121 119 120 
f 124 123 122 
f 125 122 123 
f 57 126 56 
f 127 56 126 
f 128 125 123 
f 131 130 129 
f 132 129 130 
f 128 108 125 
f 133 125 108 
f 136 135 134 
f 137 134 135 
f 140 139 138 
f 141 138 139 
f 144 143 142 
f 145 142 143 
f 148 147 146 
f 149 146 147 
f 152 151 150 
f 153 150 151 
f 156 155 154 
f 157 154 155 
f 160 159 158 
f 161 158 159 
f 164 163 162 
f 165 162 163 
f 166 103 108 
f 169 168 167 
f 170 167 168 
f 173 172 171 
f 174 171 172 
f 166 117 103 
f 177 176 175 
f 178 175 176 
f 181 180 179 
f 182 179 180 
f 183 118 117 
f 183 117 166 
f 186 185 184 
f 187 184 185 
f 190 189 188 
f 191 188 189 
f 194 193 192 
f 195 192 193 
f 198 197 196 
f 199 196 197 
f 202 201 200 
f 203 200 201 
f 148 146 204 
f 205 204 146 
f 208 207 206 
f 209 206 207 
f 212 211 210 
f 213 210 211 
f 216 215 214 
f 217 214 215 
f 220 219 218 
f 221 218 219 
f 75 78 222 
f 223 222 78 
f 122 199 224 
f 197 224 199 
f 227 226 225 
f 228 225 226 
f 231 230 229 
f 232 229 230 
f 235 234 233 
f 236 233 234 
f 128 237 108 
f 166 108 237 
f 25 238 27 
f 239 27 238 
f 242 241 240 
f 243 240 241 
f 246 245 244 
f 247 244 245 
f 250 249 248 
f 251 248 249 
f 254 253 252 
f 255 252 253 
f 258 257 256 
f 259 256 257 
f 260 183 166 
f 262 261 131 
f 263 131 261 
f 266 265 264 
f 267 264 265 
f 270 269 268 
f 271 268 269 
f 274 273 272 
f 275 272 273 
f 278 277 276 
f 279 276 277 
f 282 281 280 
f 283 280 281 
f 286 285 284 
f 287 284 285 
f 290 289 288 
f 291 288 289 
f 292 192 195 
f 295 294 293 
f 296 293 294 
f 299 298 297 
f 300 297 298 
f 303 302 301 
f 304 301 302 
f 307 306 305 
f 308 305 306 
f 311 310 309 
f 312 309 310 
f 315 314 313 
f 316 313 314 
f 319 318 317 
f 320 317 318 
f 323 322 321 
f 324 321 322 
f 327 326 325 
f 328 325 326 
f 330 329 38 
f 331 38 329 
f 334 333 332 
f 335 332 333 
f 338 337 336 
f 339 336 337 
f 342 341 340 
f 343 340 341 
f 346 345 344 
f 347 344 345 
f 350 349 348 
f 351 348 349 
f 354 353 352 
f 355 352 353 
f 358 357 356 
f 359 356 357 
f 362 361 360 
f 363 360 361 
f 366 365 364 
f 367 364 365 
f 370 369 368 
f 371 368 369 
f 374 373 372 
f 375 372 373 
f 378 377 376 
f 379 376 377 
f 382 381 380 
f 383 380 381 
f 386 385 384 
f 387 384 385 
f 390 389 388 
f 391 388 389 
f 394 393 392 
f 395 392 393 
f 398 397 396 
f 399 396 397 
f 401 205 400 
f 402 400 205 
f 405 404 403 
f 406 403 404 
f 409 408 407 
f 410 407 408 
f 413 412 411 
f 414 411 412 
f 416 328 415 
f 326 415 328 
f 419 418 417 
f 420 417 418 
f 423 422 421 
f 311 421 422 
f 130 425 424 
f 426 424 425 
f 429 428 427 
f 430 427 428 
f 270 259 431 
f 432 431 259 
f 435 434 433 
f 436 433 434 
f 437 55 58 
f 440 439 438 
f 441 438 439 
f 300 443 442 
f 444 442 443 
f 447 446 445 
f 448 445 446 
f 3 1 449 
f 450 449 1 
f 350 451 349 
f 351 349 451 
f 80 453 452 
f 454 452 453 
f 456 28 455 
f 119 455 28 
f 459 458 457 
f 460 457 458 
f 401 400 461 
f 462 461 400 
f 465 464 463 
f 466 463 464 
f 469 468 467 
f 470 467 468 
f 473 472 471 
f 474 471 472 
f 477 476 475 
f 478 475 476 
f 481 480 479 
f 482 479 480 
f 485 484 483 
f 486 483 484 
f 124 481 479 
f 488 487 381 
f 489 381 487 
f 492 491 490 
f 493 490 491 
f 496 495 494 
f 203 494 495 
f 499 498 497 
f 500 497 498 
f 502 409 501 
f 503 501 409 
f 506 505 504 
f 507 504 505 
f 510 509 508 
f 511 508 509 
f 514 513 512 
f 515 512 513 
f 518 517 516 
f 519 516 517 
f 522 521 520 
f 523 520 521 
f 526 525 524 
f 527 524 525 
f 27 120 26 
f 530 529 528 
f 531 528 529 
f 534 533 532 
f 535 532 533 
f 538 537 536 
f 539 536 537 
f 540 372 375 
f 543 542 541 
f 284 541 542 
f 545 544 227 
f 226 227 544 
f 520 547 546 
f 548 546 547 
f 551 550 549 
f 552 549 550 
f 553 137 135 
f 556 555 554 
f 557 554 555 
f 560 559 558 
f 561 558 559 
f 563 374 562 
f 372 562 374 
f 566 565 564 
f 567 564 565 
f 92 308 249 
f 251 249 308 
f 569 568 237 
f 570 237 568 
f 573 572 571 
f 574 571 572 
f 577 576 575 
f 578 575 576 
f 573 579 572 
f 278 572 579 
f 582 581 580 
f 583 580 581 
f 584 567 565 
f 586 585 448 
f 445 448 585 
f 587 512 515 
f 590 589 588 
f 505 588 589 
f 593 592 591 
f 594 591 592 
f 597 596 595 
f 522 595 596 
f 600 599 598 
f 601 598 599 
f 603 602 89 
f 604 89 602 
f 79 82 605 
f 606 605 82 
f 608 607 479 
f 124 479 607 
f 283 110 609 
f 111 609 110 
f 612 611 610 
f 613 610 611 
f 616 615 614 
f 617 614 615 
f 620 619 618 
f 621 618 619 
f 624 623 622 
f 625 622 623 
f 628 627 626 
f 629 626 627 
f 578 631 630 
f 632 630 631 
f 635 634 633 
f 636 633 634 
f 639 638 637 
f 640 637 638 
f 642 115 641 
f 113 641 115 
f 463 466 643 
f 644 643 466 
f 647 646 645 
f 329 645 646 
f 388 648 36 
f 298 36 648 
f 11 650 649 
f 651 649 650 
f 652 425 263 
f 130 263 425 
f 654 569 653 
f 655 653 569 
f 656 320 318 
f 658 657 558 
f 659 558 657 
f 661 660 531 
f 662 531 660 
f 665 664 663 
f 666 663 664 
f 383 668 667 
f 669 667 668 
f 672 671 670 
f 673 670 671 
f 675 376 674 
f 379 674 376 
f 670 677 676 
f 678 676 677 
f 681 680 679 
f 682 679 680 
f 685 684 683 
f 686 683 684 
f 689 688 687 
f 643 687 688 
f 692 691 690 
f 693 690 691 
f 696 695 694 
f 697 694 695 
f 698 230 231 
f 701 700 699 
f 702 699 700 
f 271 68 703 
f 704 703 68 
f 375 706 705 
f 707 705 706 
f 708 173 171 
f 711 710 709 
f 712 709 710 
f 680 714 713 
f 715 713 714 
f 716 608 479 
f 719 718 717 
f 720 717 718 
f 723 722 721 
f 724 721 722 
f 726 725 515 
f 727 515 725 
f 698 729 728 
f 730 728 729 
f 396 732 731 
f 733 731 732 
f 254 295 734 
f 735 734 295 
f 619 737 736 
f 738 736 737 
f 740 739 527 
f 741 527 739 
f 742 653 607 
f 655 607 653 
f 73 743 72 
f 744 72 743 
f 747 746 745 
f 748 745 746 
f 751 750 749 
f 752 749 750 
f 755 754 753 
f 625 753 754 
f 61 216 756 
f 757 756 216 
f 758 654 653 
f 382 488 381 
f 742 758 653 
f 761 760 759 
f 762 759 760 
f 765 764 763 
f 766 763 764 
f 768 767 387 
f 769 387 767 
f 772 771 770 
f 773 770 771 
f 645 180 647 
f 181 647 180 
f 776 775 774 
f 777 774 775 
f 780 779 778 
f 781 778 779 
f 782 212 210 
f 654 486 568 
f 783 568 486 
f 786 785 784 
f 456 784 785 
f 789 788 787 
f 790 787 788 
f 793 792 791 
f 794 791 792 
f 797 796 795 
f 798 795 796 
f 800 799 16 
f 13 16 799 
f 803 802 801 
f 804 801 802 
f 561 805 658 
f 806 658 805 
f 258 620 807 
f 808 807 620 
f 810 809 559 
f 561 559 809 
f 256 619 620 
f 812 206 811 
f 209 811 206 
f 815 814 813 
f 797 813 814 
f 818 817 816 
f 819 816 817 
f 821 820 137 
f 822 137 820 
f 824 785 823 
f 786 823 785 
f 826 587 825 
f 727 825 587 
f 829 828 827 
f 830 827 828 
f 831 742 608 
f 607 608 742 
f 407 503 409 
f 834 833 832 
f 316 832 833 
f 837 836 835 
f 838 835 836 
f 841 840 839 
f 842 839 840 
f 843 624 622 
f 845 93 844 
f 91 844 93 
f 617 846 614 
f 847 614 846 
f 849 848 191 
f 850 191 848 
f 702 852 851 
f 853 851 852 
f 856 855 854 
f 857 854 855 
f 859 858 671 
f 860 671 858 
f 862 656 861 
f 318 861 656 
f 864 333 863 
f 865 863 333 
f 868 867 866 
f 869 866 867 
f 872 871 870 
f 873 870 871 
f 876 875 874 
f 877 874 875 
f 200 495 878 
f 879 878 495 
f 880 486 654 
f 883 882 881 
f 884 881 882 
f 885 880 654 
f 887 886 830 
f 827 830 886 
f 890 889 888 
f 891 888 889 
f 798 893 892 
f 243 892 893 
f 174 895 894 
f 669 894 895 
f 898 897 896 
f 674 896 897 
f 900 899 382 
f 901 382 899 
f 902 500 498 
f 905 904 903 
f 906 903 904 
f 908 751 907 
f 749 907 751 
f 383 909 380 
f 910 380 909 
f 913 912 911 
f 914 911 912 
f 917 916 915 
f 918 915 916 
f 240 430 919 
f 428 919 430 
f 920 862 861 
f 923 922 921 
f 924 921 922 
f 925 294 295 
f 329 926 331 
f 927 331 926 
f 929 928 294 
f 296 294 928 
f 931 930 809 
f 561 809 930 
f 144 932 143 
f 933 143 932 
f 936 935 934 
f 937 934 935 
f 570 166 237 
f 938 794 842 
f 304 842 794 
f 302 940 939 
f 941 939 940 
f 942 241 242 
f 743 943 744 
f 944 744 943 
f 945 720 718 
f 948 947 946 
f 949 946 947 
f 950 491 492 
f 953 952 951 
f 954 951 952 
f 957 956 955 
f 958 955 956 
f 960 959 765 
f 961 765 959 
f 964 963 962 
f 965 962 963 
f 968 967 966 
f 969 966 967 
f 972 971 970 
f 973 970 971 
f 315 975 974 
f 976 974 975 
f 763 978 977 
f 979 977 978 
f 982 981 980 
f 983 980 981 
f 765 977 960 
f 984 960 977 
f 503 407 985 
f 986 985 407 
f 988 987 854 
f 989 854 987 
f 992 991 990 
f 993 990 991 
f 995 994 629 
f 996 629 994 
f 567 998 997 
f 358 997 998 
f 641 953 999 
f 951 999 953 
f 473 1001 1000 
f 1002 1000 1001 
f 1003 753 623 
f 625 623 753 
f 831 608 1004 
f 716 1004 608 
f 1007 1006 1005 
f 1008 1005 1006 
f 1011 1010 1009 
f 1012 1009 1010 
f 683 686 1013 
f 1014 1013 686 
f 1015 993 991 
f 1016 799 800 
f 327 824 823 
f 985 986 577 
f 576 577 986 
f 1019 1018 1017 
f 1020 1017 1018 
f 1022 532 1021 
f 535 1021 532 
f 1023 679 682 
f 725 1024 727 
f 825 727 1024 
f 1026 1025 539 
f 1027 539 1025 
f 105 106 1028 
f 1029 1028 106 
f 1032 1031 1030 
f 1033 1030 1031 
f 1036 1035 1034 
f 1037 1034 1035 
f 1040 1039 1038 
f 1041 1038 1039 
f 1043 1041 1042 
f 1044 1042 1041 
f 1047 1046 1045 
f 638 1045 1046 
f 930 1048 805 
f 148 805 1048 
f 1051 1050 1049 
f 1052 1049 1050 
f 1055 1054 1053 
f 1056 1053 1054 
f 1059 1058 1057 
f 1060 1057 1058 
f 1061 352 355 
f 1052 1063 1062 
f 1064 1062 1063 
f 523 1065 414 
f 411 414 1065 
f 1068 1067 1066 
f 1004 1066 1067 
f 29 32 1069 
f 1070 1069 32 
f 1071 1004 1067 
f 1073 116 1072 
f 1074 1072 116 
f 1077 1076 1075 
f 1078 1075 1076 
f 1081 1080 1079 
f 1082 1079 1080 
f 957 955 1083 
f 1084 1083 955 
f 598 1085 600 
f 1086 600 1085 
f 1088 1087 696 
f 1089 696 1087 
f 980 983 1090 
f 1091 1090 983 
f 1094 1093 1092 
f 1095 1092 1093 
f 1096 510 508 
f 1097 657 658 
f 833 834 1098 
f 1099 1098 834 
f 1101 1100 652 
f 426 652 1100 
f 777 775 1102 
f 1103 1102 775 
f 1104 567 997 
f 1107 1106 1105 
f 460 1105 1106 
f 1110 1109 1108 
f 1111 1108 1109 
f 1112 40 331 
f 38 331 40 
f 1115 1114 1113 
f 1116 1113 1114 
f 1117 129 132 
f 303 1118 940 
f 1119 940 1118 
f 246 1120 245 
f 1121 245 1120 
f 210 1123 1122 
f 1124 1122 1123 
f 1127 1126 1125 
f 1128 1125 1126 
f 1130 758 1129 
f 831 1129 758 
f 1133 1132 1131 
f 1134 1131 1132 
f 1137 1136 1135 
f 1138 1135 1136 
f 1141 1140 1139 
f 589 1139 1140 
f 991 1142 1015 
f 1143 1015 1142 
f 1144 1067 1068 
f 1145 160 158 
f 872 870 1146 
f 1147 1146 870 
f 1071 1067 1144 
f 1150 1149 1148 
f 1151 1148 1149 
f 1153 706 1152 
f 373 1152 706 
f 1154 573 571 
f 1156 557 1155 
f 1157 1155 557 
f 965 1087 1158 
f 1159 1158 1087 
f 1162 1161 1160 
f 714 1160 1161 
f 1165 1164 1163 
f 208 1163 1164 
f 1166 937 935 
f 1168 1167 1076 
f 1169 1076 1167 
f 733 1171 1170 
f 1056 1170 1171 
f 1173 831 1172 
f 1004 1172 831 
f 416 415 1174 
f 1175 1174 415 
f 1177 1176 1012 
f 1009 1012 1176 
f 1180 1179 1178 
f 1181 1178 1179 
f 1184 1183 1182 
f 1185 1182 1183 
f 310 51 1032 
f 1186 1032 51 
f 1188 1187 540 
f 562 540 1187 
f 1191 1190 1189 
f 1192 1189 1190 
f 1194 1193 366 
f 954 366 1193 
f 1195 89 604 
f 1198 1197 1196 
f 1199 1196 1197 
f 1202 1201 1200 
f 1203 1200 1201 
f 1206 1205 1204 
f 490 1204 1205 
f 1208 1207 234 
f 236 234 1207 
f 1211 1210 1209 
f 1212 1209 1210 
f 1213 905 903 
f 1216 1215 1214 
f 1217 1214 1215 
f 1218 1071 1144 
f 1220 829 1219 
f 1221 1219 829 
f 167 1222 169 
f 1223 169 1222 
f 1172 1071 1218 
f 1226 1225 1224 
f 1227 1224 1225 
f 1230 1229 1228 
f 1231 1228 1229 
f 1154 571 261 
f 1232 261 571 
f 1233 565 772 
f 566 772 565 
f 1236 1235 1234 
f 1237 1234 1235 
f 1239 813 1238 
f 795 1238 813 
f 1242 1241 1240 
f 1243 1240 1241 
f 1246 1245 1244 
f 1247 1244 1245 
f 1249 1240 1248 
f 1250 1248 1240 
f 1253 1252 1251 
f 1254 1251 1252 
f 1256 1255 1229 
f 1231 1229 1255 
f 1257 446 447 
f 337 1259 1258 
f 1260 1258 1259 
f 602 1261 604 
f 1262 604 1261 
f 1263 823 786 
f 1266 1265 1264 
f 1267 1264 1265 
f 257 453 432 
f 81 432 453 
f 609 111 1268 
f 1269 1268 111 
f 148 204 1270 
f 401 1270 204 
f 1273 1272 1271 
f 1274 1271 1272 
f 923 1275 924 
f 1105 924 1275 
f 1218 1276 1063 
f 1064 1063 1276 
f 1063 1172 1218 
f 465 1278 1277 
f 1279 1277 1278 
f 1280 396 731 
f 1283 1282 1281 
f 1284 1281 1282 
f 282 1285 281 
f 1286 281 1285 
f 774 777 1287 
f 1288 1287 777 
f 1289 203 201 
f 161 159 1290 
f 1291 1290 159 
f 74 1293 1292 
f 776 1292 1293 
f 1294 241 942 
f 1003 1296 1295 
f 1297 1295 1296 
f 1298 1252 700 
f 1253 700 1252 
f 929 1299 928 
f 1300 928 1299 
f 1303 1302 1301 
f 1304 1301 1302 
f 1307 1306 1305 
f 1308 1305 1306 
f 1311 1310 1309 
f 1312 1309 1310 
f 1315 1314 1313 
f 1316 1313 1314 
f 1319 1318 1317 
f 1320 1317 1318 
f 1050 1063 1052 
f 1172 1063 1050 
f 1321 701 699 
f 1323 1322 1296 
f 1324 1296 1322 
f 1327 1326 1325 
f 1162 1325 1326 
f 1328 427 430 
f 1330 1329 45 
f 53 45 1329 
f 1261 879 496 
f 495 496 879 
f 260 166 570 
f 48 1330 45 
f 921 924 1331 
f 1105 1331 924 
f 1332 509 510 
f 1334 1203 1333 
f 1335 1333 1203 
f 1338 1337 1336 
f 678 1336 1337 
f 1340 62 1339 
f 1341 1339 62 
f 1343 1184 1342 
f 1182 1342 1184 
f 1344 1068 1066 
f 1346 1210 1345 
f 1211 1345 1210 
f 1349 1348 1347 
f 1350 1347 1348 
f 1265 1352 1351 
f 1353 1351 1352 
f 421 342 1354 
f 1355 1354 342 
f 458 459 1356 
f 1357 1356 459 
f 1358 1181 1179 
f 1360 1359 456 
f 28 456 1359 
f 1329 1361 133 
f 196 133 1361 
f 1362 1188 906 
f 1363 906 1188 
f 1366 1365 1364 
f 1367 1364 1365 
f 948 1368 947 
f 1369 947 1368 
f 1370 1354 1355 
f 1361 1330 1371 
f 1372 1371 1330 
f 1329 1330 1361 
f 247 386 1373 
f 1374 1373 386 
f 901 1376 1375 
f 1377 1375 1376 
f 1274 1379 1378 
f 1380 1378 1379 
f 46 1372 1330 
f 410 1382 1381 
f 1383 1381 1382 
f 1330 48 46 
f 1384 458 1356 
f 1372 46 54 
f 1382 175 1383 
f 1385 1383 175 
f 19 1386 18 
f 1387 18 1386 
f 824 1360 785 
f 456 785 1360 
f 951 1193 1388 
f 1194 1388 1193 
f 661 1389 1303 
f 1302 1303 1389 
f 649 10 11 
f 753 1003 1295 
f 1204 490 493 
f 1390 759 762 
f 1393 1392 1391 
f 1394 1391 1392 
f 1261 496 1262 
f 1395 1262 496 
f 133 199 125 
f 122 125 199 
f 1257 1397 1396 
f 1369 1396 1397 
f 1399 1398 1203 
f 1335 1203 1398 
f 1400 344 347 
f 216 214 1401 
f 1402 1401 214 
f 423 421 1354 
f 1017 899 900 
f 1405 1404 1403 
f 1406 1403 1404 
f 1408 990 1407 
f 993 1407 990 
f 1409 1201 1202 
f 1411 193 1410 
f 1412 1410 193 
f 1414 1413 580 
f 582 580 1413 
f 1417 1416 1415 
f 1418 1415 1416 
f 1420 1023 1419 
f 1421 1419 1023 
f 1422 54 118 
f 1372 54 1422 
f 286 284 542 
f 702 1423 852 
f 853 852 1423 
f 1424 1125 1128 
f 1262 1425 1195 
f 1312 1195 1425 
f 1426 1339 1341 
f 1427 1356 1357 
f 1428 675 674 
f 224 124 122 
f 244 1373 1429 
f 1430 1429 1373 
f 1432 1431 760 
f 1433 760 1431 
f 1422 183 1434 
f 1435 1434 183 
f 118 183 1422 
f 1437 1436 14 
f 16 14 1436 
f 1438 1434 1435 
f 1441 1440 1439 
f 1442 1439 1440 
f 233 13 1443 
f 799 1443 13 
f 440 1445 1444 
f 1010 1444 1445 
f 1323 1155 1446 
f 1157 1446 1155 
f 792 1447 301 
f 303 301 1447 
f 224 1449 1448 
f 981 1448 1449 
f 1451 526 1450 
f 1452 1450 526 
f 637 640 1453 
f 1454 1453 640 
f 795 813 797 
f 1164 1455 207 
f 1456 207 1455 
f 739 1457 416 
f 328 416 1457 
f 1460 1459 1458 
f 1461 1458 1459 
f 1463 514 1462 
f 512 1462 514 
f 1275 1464 1105 
f 1107 1105 1464 
f 1465 1188 1362 
f 260 1435 183 
f 1467 923 1466 
f 921 1466 923 
f 30 31 1468 
f 1469 1468 31 
f 1472 1471 1470 
f 774 1470 1471 
f 633 636 1473 
f 1474 1473 636 
f 1476 1390 1475 
f 1477 1475 1390 
f 1479 1478 642 
f 1480 642 1478 
f 1483 1482 1481 
f 1484 1481 1482 
f 1486 1485 821 
f 820 821 1485 
f 986 1487 576 
f 631 576 1487 
f 293 296 1488 
f 1489 1488 296 
f 43 41 1490 
f 1491 1490 41 
f 1493 1234 1492 
f 1427 1492 1234 
f 1496 1495 1494 
f 1497 1494 1495 
f 1499 1498 591 
f 1500 591 1498 
f 1286 1502 1501 
f 1503 1501 1502 
f 1506 1505 1504 
f 1507 1504 1505 
f 1510 1509 1508 
f 1511 1508 1509 
f 275 424 426 
f 1512 1414 580 
f 291 1514 1513 
f 1117 1513 1514 
f 1517 1516 1515 
f 1518 1515 1516 
f 494 1289 1519 
f 690 1519 1289 
f 1448 124 224 
f 1522 1521 1520 
f 1013 1520 1521 
f 77 1523 76 
f 1128 76 1523 
f 1233 1525 1524 
f 1526 1524 1525 
f 1529 1528 1527 
f 417 1527 1528 
f 1532 1531 1530 
f 1185 1530 1531 
f 1535 1534 1533 
f 1536 1533 1534 
f 1537 1453 1454 
f 1540 1539 1538 
f 1541 1538 1539 
f 1147 104 1542 
f 1165 1542 104 
f 891 1544 1543 
f 1545 1543 1544 
f 1547 563 1546 
f 1548 1546 563 
f 937 1166 1549 
f 883 1549 1166 
f 1151 1550 1148 
f 1551 1148 1550 
f 1553 300 1552 
f 442 1552 300 
f 1556 1555 1554 
f 354 1554 1555 
f 985 577 1557 
f 1558 1557 577 
f 964 1560 1559 
f 1561 1559 1560 
f 124 1448 481 
f 480 481 1448 
f 635 1264 1562 
f 1267 1562 1264 
f 1564 345 1563 
f 1565 1563 345 
f 1567 1020 1566 
f 1568 1566 1020 
f 1435 260 570 
f 1251 1423 1569 
f 1518 1569 1423 
f 1572 1571 1570 
f 1573 1570 1571 
f 634 1574 636 
f 1474 636 1574 
f 431 269 270 
f 1512 580 583 
f 1575 421 311 
f 1214 1577 1576 
f 1578 1576 1577 
f 1358 1580 1579 
f 1221 1579 1580 
f 277 579 1581 
f 573 1581 579 
f 1318 1583 1582 
f 1584 1582 1583 
f 1232 574 1101 
f 1585 1101 574 
f 757 1401 1586 
f 1587 1586 1401 
f 566 1588 771 
f 1589 771 1588 
f 961 1419 1421 
f 491 1591 1590 
f 95 1590 1591 
f 41 44 1592 
f 1593 1592 44 
f 1596 1595 1594 
f 1597 1594 1595 
f 1391 1394 695 
f 697 695 1394 
f 1599 435 1598 
f 1600 1598 435 
f 1601 378 675 
f 376 675 378 
f 969 265 1602 
f 266 1602 265 
f 1454 955 958 
f 1604 1603 1072 
f 1073 1072 1603 
f 1601 60 756 
f 61 756 60 
f 1338 582 1413 
f 1606 1605 1143 
f 1607 1143 1605 
f 1033 1609 1608 
f 340 1608 1609 
f 1516 700 1253 
f 1540 1611 1610 
f 551 1610 1611 
f 1446 1157 1612 
f 1613 1612 1157 
f 982 1614 480 
f 482 480 1614 
f 1617 1616 1615 
f 1180 1615 1616 
f 981 982 480 
f 1155 1619 1618 
f 1620 1618 1619 
f 1043 1038 1041 
f 1381 986 407 
f 1623 1622 1621 
f 1624 1621 1622 
f 879 1261 602 
f 1626 98 1625 
f 1627 1625 98 
f 1628 1231 1255 
f 576 631 578 
f 1099 1629 114 
f 116 114 1629 
f 494 203 1289 
f 460 1331 1105 
f 1630 1382 410 
f 1632 1415 1631 
f 1418 1631 1415 
f 1572 1634 1633 
f 1635 1633 1634 
f 1636 602 603 
f 1638 988 1637 
f 1639 1637 988 
f 1381 1487 986 
f 1265 1351 1267 
f 685 1267 1351 
f 1641 1640 152 
f 1642 152 1640 
f 1645 1644 1643 
f 142 1643 1644 
f 1104 231 229 
f 1648 1647 1646 
f 1109 1646 1647 
f 357 358 998 
f 837 1650 1649 
f 1651 1649 1650 
f 1653 1652 1244 
f 1654 1244 1652 
f 1657 1656 1655 
f 1658 1655 1656 
f 1581 290 288 
f 1659 1211 1536 
f 1209 1536 1211 
f 1662 1661 1660 
f 1663 1660 1661 
f 615 1664 617 
f 1665 617 1664 
f 783 486 484 
f 880 483 486 
f 1656 1667 1666 
f 1668 1666 1667 
f 1670 1669 950 
f 1591 950 1669 
f 685 1353 684 
f 1671 684 1353 
f 1402 1673 1672 
f 136 1672 1673 
f 12 818 1674 
f 816 1674 818 
f 1675 1665 1664 
f 1677 1676 1456 
f 1250 1456 1676 
f 1678 1578 1634 
f 1635 1634 1578 
f 1366 1622 1623 
f 824 327 1679 
f 325 1679 327 
f 1682 1681 1680 
f 1683 1680 1681 
f 378 757 1586 
f 797 1684 796 
f 1328 796 1684 
f 1631 519 517 
f 1686 1685 1095 
f 1687 1095 1685 
f 1344 1614 1431 
f 1688 1431 1614 
f 1066 1614 1344 
f 1689 1344 1431 
f 1068 1344 1689 
f 1588 232 1589 
f 1058 1589 232 
f 1241 1690 1243 
f 1691 1243 1690 
f 1615 1692 1617 
f 1332 1617 1692 
f 1130 1693 885 
f 880 885 1693 
f 1694 543 1564 
f 541 1564 543 
f 1695 1693 1130 
f 652 263 1232 
f 261 1232 263 
f 1698 1697 1696 
f 1699 1696 1697 
f 1111 1701 1700 
f 1702 1700 1701 
f 149 507 1141 
f 1140 1141 507 
f 1704 1703 1136 
f 867 1136 1703 
f 1706 1705 1094 
f 1707 1094 1705 
f 1709 1152 1708 
f 1710 1708 1152 
f 1713 1712 1711 
f 1075 1711 1712 
f 1222 338 1714 
f 336 1714 338 
f 246 1716 1715 
f 1717 1715 1716 
f 1719 1718 1510 
f 1509 1510 1718 
f 1721 1492 1720 
f 1357 1720 1492 
f 1723 957 1722 
f 1083 1722 957 
f 595 546 1724 
f 548 1724 546 
f 1727 1726 1725 
f 1728 1725 1726 
f 1729 1511 610 
f 612 610 1511 
f 1732 1731 1730 
f 1314 1730 1731 
f 1734 1256 1733 
f 1735 1733 1256 
f 302 939 1736 
f 1737 1736 939 
f 356 729 358 
f 698 358 729 
f 544 1738 920 
f 862 920 1738 
f 1739 1333 1335 
f 1740 1406 1404 
f 1374 1430 1373 
f 1129 406 1130 
f 1695 1130 406 
f 1743 1742 1741 
f 1744 1741 1742 
f 1745 1543 1326 
f 1545 1326 1543 
f 1746 162 165 
f 1144 838 1276 
f 836 1276 838 
f 1068 838 1144 
f 1432 838 1068 
f 1366 1747 1622 
f 1748 1622 1747 
f 1307 1749 1472 
f 1750 1472 1749 
f 994 1751 996 
f 1752 996 1751 
f 1755 1754 1753 
f 1756 1753 1754 
f 1758 1757 855 
f 857 855 1757 
f 1457 739 1759 
f 740 1759 739 
f 1760 1102 1103 
f 1762 1761 57 
f 126 57 1761 
f 314 1764 1763 
f 1765 1763 1764 
f 1607 1683 1143 
f 1015 1143 1683 
f 406 1129 1766 
f 1173 1766 1129 
f 1769 1768 1767 
f 1770 1767 1768 
f 1327 681 679 
f 1773 1772 1771 
f 1774 1771 1772 
f 1775 1079 597 
f 1776 597 1079 
f 1779 1778 1777 
f 1780 1777 1778 
f 1677 1781 1676 
f 1249 1676 1781 
f 938 1139 589 
f 836 1064 1276 
f 1782 1658 1656 
f 1173 1050 1051 
f 405 1051 1049 
f 1001 1783 1002 
f 712 1002 1783 
f 522 546 595 
f 1558 1302 1389 
f 403 1766 1051 
f 1173 1051 1766 
f 406 1766 403 
f 1227 1784 1025 
f 1027 1025 1784 
f 405 403 1051 
f 1786 1529 1785 
f 1787 1785 1529 
f 1788 1064 836 
f 1788 1062 1064 
f 1649 1062 1788 
f 1649 1052 1062 
f 1789 1440 1566 
f 1567 1566 1440 
f 1002 712 1119 
f 1790 1119 712 
f 1651 1049 1052 
f 1649 1651 1052 
f 575 578 1304 
f 1791 1304 578 
f 989 1793 1792 
f 1519 1792 1793 
f 1796 1795 1794 
f 1208 1794 1795 
f 405 1049 1651 
f 1799 1798 1797 
f 1800 1797 1798 
f 1803 1802 1801 
f 1804 1801 1802 
f 569 128 655 
f 123 655 128 
f 1807 1806 1805 
f 1808 1805 1806 
f 1809 872 1146 
f 1445 419 1810 
f 1528 1810 419 
f 946 949 1811 
f 1812 1811 949 
f 514 1813 513 
f 1814 513 1813 
f 1106 1107 1815 
f 1816 1815 1107 
f 219 1817 221 
f 1818 221 1817 
f 1820 1819 1715 
f 246 1715 1819 
f 1549 883 881 
f 1247 1142 991 
f 1821 779 780 
f 254 734 1822 
f 523 1822 734 
f 1823 1741 1744 
f 1825 1466 1824 
f 1384 1824 1466 
f 1826 196 1361 
f 198 196 1826 
f 1827 925 252 
f 254 252 925 
f 1114 1115 1828 
f 1829 1828 1115 
f 1457 1759 1830 
f 1831 1830 1759 
f 1833 1832 660 
f 662 660 1832 
f 488 1377 487 
f 1834 487 1377 
f 1047 190 1835 
f 1836 1835 190 
f 1091 981 1449 
f 1838 1837 666 
f 1839 666 1837 
f 659 657 1840 
f 1097 1840 657 
f 1842 1841 55 
f 57 55 1841 
f 420 1838 1843 
f 1532 1843 1838 
f 1844 829 1748 
f 827 1748 829 
f 1846 1845 1827 
f 929 1827 1845 
f 1849 1848 1847 
f 1850 1847 1848 
f 1851 21 185 
f 187 185 21 
f 1853 1852 995 
f 994 995 1852 
f 1854 198 1826 
f 1705 1855 1132 
f 1134 1132 1855 
f 1856 1854 1826 
f 461 1858 1857 
f 1859 1857 1858 
f 1361 1856 1826 
f 1371 1856 1361 
f 1410 1403 1406 
f 1862 1861 1860 
f 1863 1860 1861 
f 1865 748 1864 
f 746 1864 748 
f 663 1839 1866 
f 1864 1866 1839 
f 1088 584 1159 
f 1233 1159 584 
f 945 1868 1867 
f 1869 1867 1868 
f 1870 787 790 
f 1246 1339 1426 
f 912 1871 914 
f 1872 914 1871 
f 1873 814 815 
f 1874 1336 1037 
f 1875 1037 1336 
f 291 289 1514 
f 1876 1514 289 
f 723 1841 1842 
f 258 1877 454 
f 1878 454 1877 
f 1880 1392 1879 
f 1057 1879 1392 
f 1422 1317 1372 
f 1371 1372 1317 
f 257 454 453 
f 1263 327 823 
f 1620 623 624 
f 1883 1882 1881 
f 1884 1881 1882 
f 1796 751 1795 
f 908 1795 751 
f 1885 73 71 
f 1888 1887 1886 
f 538 1886 1887 
f 1091 1449 1889 
f 197 1889 1449 
f 702 1516 1517 
f 1890 243 241 
f 198 1889 197 
f 1854 1889 198 
f 1284 355 1891 
f 353 1891 355 
f 330 38 1892 
f 1893 1892 38 
f 1894 1590 95 
f 1896 1895 451 
f 351 451 1895 
f 1897 445 585 
f 902 1898 500 
f 1359 500 1898 
f 1899 1317 1422 
f 1899 1422 1434 
f 1056 1901 1900 
f 1313 1900 1901 
f 217 1902 214 
f 1402 214 1902 
f 639 637 1903 
f 1453 1903 637 
f 1906 1905 1904 
f 1907 1904 1905 
f 1438 1899 1434 
f 431 432 81 
f 1908 816 819 
f 767 1909 769 
f 1910 769 1909 
f 1912 1016 1911 
f 1913 1911 1016 
f 1915 1444 1914 
f 1011 1914 1444 
f 1345 1211 1916 
f 1659 1916 1211 
f 1917 225 1752 
f 228 1752 225 
f 142 145 1643 
f 793 1643 145 
f 1450 239 238 
f 172 667 895 
f 669 895 667 
f 1918 669 668 
f 1920 1919 743 
f 943 743 1919 
f 1921 618 621 
f 138 1149 1150 
f 1624 886 887 
f 1922 1550 1151 
f 1266 1924 1923 
f 1925 1923 1924 
f 562 372 540 
f 1031 1032 1186 
f 1903 1453 1537 
f 1927 1926 1663 
f 1660 1663 1926 
f 1176 1929 1928 
f 1930 1928 1929 
f 1795 908 1931 
f 1932 1931 908 
f 1722 1083 1046 
f 1084 1046 1083 
f 1657 1469 1667 
f 1668 1667 1469 
f 1933 1489 296 
f 1892 1934 182 
f 1935 182 1934 
f 1937 1936 1611 
f 551 1611 1936 
f 1094 1707 1093 
f 1938 1093 1707 
f 162 1746 544 
f 1738 544 1746 
f 1939 1319 1438 
f 1899 1438 1319 
f 1278 465 463 
f 87 90 1940 
f 1941 1940 90 
f 1803 1942 1802 
f 1943 1802 1942 
f 1945 1944 865 
f 1687 865 1944 
f 1280 398 396 
f 961 1421 764 
f 682 764 1421 
f 1946 1168 1077 
f 1076 1077 1168 
f 1947 903 906 
f 594 1948 1499 
f 1949 1499 1948 
f 1435 1939 1438 
f 1952 1951 1950 
f 1541 1950 1951 
f 1709 1153 1152 
f 1220 510 1096 
f 1212 1953 1209 
f 1533 1209 1953 
f 1954 313 833 
f 316 833 313 
f 1467 1956 1955 
f 1957 1955 1956 
f 1236 1958 1825 
f 1467 1825 1958 
f 286 1960 1959 
f 1961 1959 1960 
f 1639 857 1962 
f 1757 1962 857 
f 1239 815 813 
f 809 810 1963 
f 144 1963 810 
f 1964 1319 1939 
f 384 769 1965 
f 1910 1965 769 
f 1966 175 1382 
f 1489 413 1488 
f 1967 1488 413 
f 438 1445 440 
f 980 1688 982 
f 1614 982 1688 
f 1553 1552 1968 
f 1134 1968 1552 
f 1969 1688 980 
f 485 1939 484 
f 783 484 1939 
f 1964 1939 485 
f 368 371 1970 
f 1767 1970 371 
f 1971 1116 1114 
f 211 212 1018 
f 1568 1018 212 
f 1100 1973 1972 
f 1974 1972 1973 
f 640 1084 955 
f 1975 704 68 
f 1976 310 311 
f 1979 1978 1977 
f 1980 1977 1978 
f 1812 168 1811 
f 1981 1811 168 
f 888 1745 1982 
f 1983 1982 1745 
f 1985 1596 1984 
f 1594 1984 1596 
f 1288 777 1102 
f 274 1117 273 
f 132 273 1117 
f 396 399 1055 
f 1986 1055 399 
f 1988 1987 1948 
f 1949 1948 1987 
f 92 305 308 
f 1989 119 121 
f 1990 1635 1578 
f 483 1991 485 
f 1992 485 1991 
f 1216 1993 1678 
f 1576 1678 1993 
f 1994 701 1321 
f 812 323 871 
f 873 871 323 
f 1981 169 1223 
f 1740 1995 1411 
f 1996 1411 1995 
f 1997 1712 1713 
f 1998 633 1473 
f 2001 2000 1999 
f 2002 1999 2000 
f 2003 786 784 
f 2004 1417 1415 
f 478 109 475 
f 112 475 109 
f 1830 1831 1679 
f 2005 1679 1831 
f 518 516 2006 
f 1732 2006 516 
f 1693 1991 483 
f 2007 1760 1103 
f 880 1693 483 
f 1348 2009 2008 
f 97 2008 2009 
f 2010 864 863 
f 1762 101 1761 
f 2011 1761 101 
f 1000 1002 1118 
f 1119 1118 1002 
f 634 1522 2012 
f 1520 2012 1522 
f 2013 436 1658 
f 1655 1658 436 
f 1433 1431 1688 
f 615 2014 1664 
f 2015 1664 2014 
f 402 1141 840 
f 1139 840 1141 
f 145 5 793 
f 1447 793 5 
f 2016 1040 1038 
f 2019 2018 2017 
f 242 2017 2018 
f 2021 336 2020 
f 339 2020 336 
f 882 1400 287 
f 2022 287 1400 
f 2024 2007 2023 
f 476 2023 2007 
f 873 323 321 
f 1689 1431 1432 
f 1770 1744 1742 
f 2025 348 351 
f 1890 892 243 
f 803 2026 802 
f 2027 802 2026 
f 137 553 821 
f 1486 821 553 
f 974 364 367 
f 1695 406 2028 
f 404 2028 406 
f 274 1513 1117 
f 649 2029 10 
f 2030 10 2029 
f 2031 728 730 
f 1869 134 822 
f 137 822 134 
f 1223 2033 2032 
f 948 2032 2033 
f 2034 171 211 
f 174 211 171 
f 1503 2035 1501 
f 110 1501 2035 
f 1769 369 370 
f 900 380 910 
f 2036 1851 186 
f 185 186 1851 
f 1955 1957 1464 
f 2037 1464 1957 
f 359 697 2038 
f 1394 2038 697 
f 937 1121 1120 
f 420 418 1837 
f 1527 1837 418 
f 913 2039 1502 
f 1503 1502 2039 
f 999 2040 642 
f 1479 642 2040 
f 1919 609 943 
f 1268 943 609 
f 2041 1061 1284 
f 355 1284 1061 
f 2042 1419 959 
f 961 959 1419 
f 618 2044 2043 
f 1975 2043 2044 
f 838 1432 835 
f 760 835 1432 
f 1843 1532 2045 
f 1530 2045 1532 
f 1880 2047 2046 
f 730 2046 2047 
f 1500 2049 2048 
f 847 2048 2049 
f 2052 2051 2050 
f 1916 2050 2051 
f 230 728 2053 
f 2031 2053 728 
f 1519 1793 1395 
f 1425 1395 1793 
f 2055 2054 1461 
f 1027 1461 2054 
f 1260 2057 2056 
f 2058 2056 2057 
f 2059 2035 1503 
f 1164 207 208 
f 215 1755 217 
f 2060 217 1755 
f 1954 1098 1478 
f 1480 1478 1098 
f 40 2061 37 
f 2062 37 2061 
f 2063 1903 1535 
f 1537 1535 1903 
f 82 80 452 
f 664 159 160 
f 2065 1012 2064 
f 1010 2064 1012 
f 2067 2066 855 
f 1758 855 2066 
f 2069 2068 1451 
f 525 1451 2068 
f 2070 87 927 
f 1940 927 87 
f 2072 1200 2071 
f 1334 2071 1200 
f 828 829 2073 
f 2074 2073 829 
f 164 162 545 
f 544 545 162 
f 1574 634 2012 
f 188 2075 190 
f 1836 190 2075 
f 2077 826 2076 
f 825 2076 826 
f 2078 507 149 
f 1649 1788 837 
f 836 837 1788 
f 2060 1408 2079 
f 1407 2079 1408 
f 1108 1111 1700 
f 597 1776 596 
f 521 596 1776 
f 1388 2040 999 
f 2080 405 1651 
f 1650 2080 1651 
f 1644 1645 2081 
f 588 2081 1645 
f 153 2083 2082 
f 49 2082 2083 
f 1236 1825 2084 
f 1824 2084 1825 
f 2086 847 2085 
f 2087 2085 847 
f 2088 235 233 
f 1498 1499 2049 
f 2087 2049 1499 
f 932 560 933 
f 2089 933 560 
f 818 12 10 
f 1938 1132 1133 
f 2092 2091 2090 
f 307 2090 2091 
f 2095 2094 2093 
f 155 2093 2094 
f 1582 1854 1856 
f 1819 1120 246 
f 220 277 1581 
f 2097 2096 592 
f 2098 592 2096 
f 1582 1856 1320 
f 1371 1320 1856 
f 1679 325 1830 
f 1457 1830 325 
f 1707 1705 1132 
f 2055 1273 1271 
f 1066 716 482 
f 479 482 716 
f 619 2099 737 
f 270 737 2099 
f 398 2100 397 
f 399 397 2100 
f 2101 1091 1889 
f 1090 1091 2101 
f 88 1312 1310 
f 2102 1889 1854 
f 2101 1889 2102 
f 1101 652 1232 
f 1500 1498 2049 
f 2103 1770 1768 
f 889 890 2042 
f 1420 2042 890 
f 2104 1615 1178 
f 1180 1178 1615 
f 388 2105 390 
f 332 390 2105 
f 1579 1181 1358 
f 1763 1765 2106 
f 1604 2106 1765 
f 1924 91 1925 
f 94 1925 91 
f 2109 2108 2107 
f 2110 2107 2108 
f 1283 1556 1554 
f 2112 251 2111 
f 306 2111 251 
f 2113 1572 1633 
f 807 1877 258 
f 744 74 72 
f 2116 2115 2114 
f 2117 2114 2115 
f 2118 1605 379 
f 1606 379 1605 
f 1371 1317 1320 
f 2118 2120 2119 
f 2121 2119 2120 
f 1237 1384 1356 
f 229 566 564 
f 153 151 2083 
f 2122 2083 151 
f 1899 1319 1317 
f 1042 2124 2123 
f 2125 2123 2124 
f 335 2126 389 
f 2127 389 2126 
f 981 1091 983 
f 1567 1440 1441 
f 1975 69 2128 
f 67 2128 69 
f 1508 1511 1668 
f 1729 1668 1511 
f 15 1437 14 
f 2129 497 500 
f 1030 1033 1608 
f 366 2130 365 
f 1765 365 2130 
f 594 2098 1988 
f 2014 1988 2098 
f 2131 2102 1584 
f 1854 1584 2102 
f 2101 2102 2131 
f 1943 1491 41 
f 2043 2128 2132 
f 606 2132 2128 
f 2109 1041 1039 
f 1121 2133 768 
f 767 768 2133 
f 1160 1325 1162 
f 1951 1952 2134 
f 2135 2134 1952 
f 2137 944 2136 
f 2138 2136 944 
f 1921 704 2044 
f 1975 2044 704 
f 862 2139 656 
f 320 656 2139 
f 1582 1320 1318 
f 1870 2141 2140 
f 2142 2140 2141 
f 339 2000 2020 
f 2001 2020 2000 
f 1226 2143 1888 
f 1887 1888 2143 
f 289 1154 262 
f 261 262 1154 
f 1915 552 550 
f 2144 725 726 
f 1098 1954 833 
f 856 989 693 
f 1792 693 989 
f 1676 1249 1248 
f 918 2145 915 
f 177 915 2145 
f 4 1594 1597 
f 360 363 2146 
f 2147 2146 363 
f 1383 1487 1381 
f 1065 523 734 
f 2148 980 1090 
f 1101 1585 1100 
f 1973 1100 1585 
f 2038 2149 356 
f 729 356 2149 
f 2151 2150 1110 
f 2152 1110 2150 
f 2155 2154 2153 
f 2156 2153 2154 
f 681 1325 1160 
f 1200 1203 1334 
f 255 253 1082 
f 1776 1082 253 
f 929 294 925 
f 1081 2157 1080 
f 673 1080 2157 
f 2159 2158 1548 
f 1546 1548 2158 
f 1764 367 365 
f 27 239 120 
f 2160 120 239 
f 119 2161 455 
f 2003 455 2161 
f 975 2162 976 
f 1194 976 2162 
f 319 317 1896 
f 320 1896 317 
f 2163 1713 1711 
f 2166 2165 2164 
f 905 2164 2165 
f 2131 1584 1583 
f 276 1585 278 
f 574 278 1585 
f 277 278 579 
f 326 1175 415 
f 2169 2168 2167 
f 781 2167 2168 
f 2171 2170 1471 
f 1292 1471 2170 
f 1297 2172 755 
f 2173 755 2172 
f 859 2174 858 
f 2175 858 2174 
f 464 39 37 
f 524 2176 1452 
f 239 1452 2176 
f 902 2177 1898 
f 2178 1898 2177 
f 1239 1850 65 
f 64 65 1850 
f 1005 726 1814 
f 515 1814 726 
f 739 416 741 
f 2179 741 416 
f 2180 58 127 
f 56 127 58 
f 1780 1386 1405 
f 1404 1405 1386 
f 1208 2181 1697 
f 1699 1697 2181 
f 1893 38 39 
f 1070 966 1069 
f 2182 1069 966 
f 1811 1981 946 
f 948 946 1981 
f 1476 759 1390 
f 2183 2028 404 
f 1985 2184 651 
f 2185 651 2184 
f 2186 1430 1694 
f 2187 1694 1430 
f 1885 2188 73 
f 1920 73 2188 
f 1717 1429 2186 
f 1430 2186 1429 
f 564 567 1104 
f 2190 2189 1596 
f 1595 1596 2189 
f 1623 1624 2191 
f 887 2191 1624 
f 1109 1647 1111 
f 1701 1111 1647 
f 383 381 489 
f 1226 1888 1862 
f 1886 1862 1888 
f 638 639 2192 
f 2193 2192 639 
f 215 216 61 
f 2194 1477 2101 
f 1090 2101 1477 
f 1779 1777 2195 
f 2196 2195 1777 
f 2197 1771 1774 
f 1258 1260 2056 
f 2165 904 905 
f 2198 1301 1206 
f 1205 1206 1301 
f 2199 2131 1583 
f 2194 2131 2199 
f 1387 20 18 
f 1735 1256 1230 
f 1229 1230 1256 
f 302 1736 304 
f 839 304 1736 
f 1045 2192 189 
f 849 189 2192 
f 1708 876 1709 
f 2200 1709 876 
f 2203 2202 2201 
f 1803 2201 2202 
f 2206 2205 2204 
f 2082 2204 2205 
f 874 2200 876 
f 1985 1984 2184 
f 2185 2184 1984 
f 1020 901 899 
f 2207 2075 188 
f 718 2119 2121 
f 1544 2208 1545 
f 2209 1545 2208 
f 638 1084 640 
f 401 461 1884 
f 1857 1884 461 
f 314 367 1764 
f 811 2211 2210 
f 323 2210 2211 
f 1898 25 1359 
f 28 1359 25 
f 2212 647 803 
f 181 803 647 
f 561 658 558 
f 1253 1569 1518 
f 972 970 2213 
f 2214 2213 970 
f 2146 1529 1786 
f 2095 2093 155 
f 440 1444 1915 
f 2217 2216 2215 
f 1790 2215 2216 
f 1054 1055 1986 
f 468 2077 470 
f 2076 470 2077 
f 2199 1583 2218 
f 1964 2218 1583 
f 969 2219 265 
f 267 265 2219 
f 2221 2220 222 
f 75 222 2220 
f 528 531 662 
f 780 778 2222 
f 781 2222 778 
f 2090 1520 2092 
f 1013 2092 1520 
f 2224 85 2223 
f 83 2223 85 
f 2225 1572 2113 
f 848 849 2193 
f 2192 2193 849 
f 561 930 805 
f 2194 1475 1477 
f 1875 392 2226 
f 1662 2226 392 
f 1781 2227 1242 
f 2228 1242 2227 
f 1795 1207 1208 
f 1738 2230 2229 
f 2231 2229 2230 
f 1141 402 149 
f 205 149 402 
f 959 960 889 
f 984 889 960 
f 1217 1577 1214 
f 1427 1237 1356 
f 666 1839 663 
f 1747 1844 1748 
f 2232 2216 1946 
f 2233 1946 2216 
f 2234 1151 141 
f 1149 141 1151 
f 2237 2236 2235 
f 1092 2235 2236 
f 2047 1880 1879 
f 1795 1931 1207 
f 1932 1207 1931 
f 1704 1136 1137 
f 1698 1696 1796 
f 752 1796 1696 
f 2239 2238 722 
f 724 722 2238 
f 2223 83 2057 
f 2240 2057 83 
f 955 1454 640 
f 613 2242 2241 
f 267 2241 2242 
f 248 251 2112 
f 213 2243 1123 
f 2244 1123 2243 
f 53 133 108 
f 2148 1969 980 
f 762 1969 2148 
f 467 470 2144 
f 1024 2144 470 
f 96 97 2009 
f 1842 437 2239 
f 2245 2239 437 
f 2247 2246 1927 
f 1926 1927 2246 
f 130 131 263 
f 773 771 1589 
f 358 231 997 
f 1104 997 231 
f 582 1338 1874 
f 1336 1874 1338 
f 15 236 1207 
f 879 602 1636 
f 1876 262 131 
f 1815 459 457 
f 938 842 1139 
f 840 1139 842 
f 2249 873 2248 
f 321 2248 873 
f 1220 2074 829 
f 258 454 257 
f 1980 1475 2194 
f 1598 1600 2250 
f 436 2250 1600 
f 2252 362 2251 
f 360 2251 362 
f 24 1870 2140 
f 1225 1458 1227 
f 1784 1227 1458 
f 1397 1257 447 
f 1720 2037 1957 
f 181 1490 2026 
f 2253 2026 1490 
f 1980 2194 2254 
f 2199 2254 2194 
f 1654 1246 1244 
f 2254 2199 2218 
f 1352 248 2112 
f 2255 1255 1734 
f 1256 1734 1255 
f 1254 1298 1994 
f 701 1994 1298 
f 1198 1196 1199 
f 2258 2257 2256 
f 2259 2256 2257 
f 2260 1489 1933 
f 1906 1272 1273 
f 2247 2261 1300 
f 1933 1300 2261 
f 2262 1964 485 
f 1283 2041 1282 
f 1284 1282 2041 
f 2265 2264 2263 
f 2070 2263 2264 
f 2268 2267 2266 
f 2269 2266 2267 
f 105 1028 107 
f 2270 107 1028 
f 441 1787 1527 
f 1529 1527 1787 
f 762 1433 1969 
f 1688 1969 1433 
f 2272 2271 1728 
f 1725 1728 2271 
f 2067 855 856 
f 1491 1943 1942 
f 885 758 1130 
f 1480 114 115 
f 1847 1238 2273 
f 795 2273 1238 
f 1716 244 1429 
f 1322 1446 2274 
f 2275 2274 1446 
f 762 1477 1390 
f 1575 309 2276 
f 312 2276 309 
f 2278 2277 1389 
f 1558 1389 2277 
f 845 2279 93 
f 92 93 2279 
f 1316 2280 1313 
f 1900 1313 2280 
f 303 940 302 
f 968 1070 1598 
f 1599 1598 1070 
f 1011 1009 1914 
f 2281 1914 1009 
f 1666 1668 1729 
f 1802 2282 1804 
f 692 1804 2282 
f 329 330 645 
f 2283 645 330 
f 1820 1565 936 
f 346 936 1565 
f 2284 2021 2001 
f 2020 2001 2021 
f 1977 1980 2254 
f 1029 2248 2285 
f 321 2285 2248 
f 2024 1102 1760 
f 1992 2254 2218 
f 1977 2254 1992 
f 918 1832 1833 
f 1773 2039 911 
f 913 911 2039 
f 298 443 300 
f 2287 514 2286 
f 1463 2286 514 
f 758 742 831 
f 2177 2288 2068 
f 740 2068 2288 
f 140 138 2289 
f 1150 2289 138 
f 2209 2208 2290 
f 2291 2290 2208 
f 1992 2218 2262 
f 1964 2262 2218 
f 2292 610 613 
f 1992 2262 485 
f 1222 2293 1223 
f 2294 1223 2293 
f 995 627 1853 
f 628 1853 627 
f 2296 2295 958 
f 1454 958 2295 
f 734 735 1065 
f 411 1065 735 
f 35 2297 334 
f 1945 334 2297 
f 1665 2298 846 
f 2048 846 2298 
f 213 211 174 
f 688 1279 1278 
f 569 237 128 
f 531 529 661 
f 2278 661 529 
f 2023 2300 2299 
f 2301 2299 2300 
f 984 977 979 
f 1251 1569 1253 
f 694 697 359 
f 1988 1948 594 
f 1990 1578 1577 
f 2303 2302 779 
f 2167 779 2302 
f 1367 887 2304 
f 830 2304 887 
f 1589 1059 773 
f 1561 773 1059 
f 2295 1536 2305 
f 1534 2305 1536 
f 409 2306 408 
f 2307 408 2306 
f 2287 2308 1813 
f 1007 1813 2308 
f 1121 1549 2133 
f 2309 2133 1549 
f 2180 99 102 
f 2253 1491 1942 
f 601 599 2246 
f 600 2246 599 
f 2288 1759 740 
f 1607 1605 2310 
f 719 2310 1605 
f 2311 1412 2196 
f 194 2196 1412 
f 1790 2216 2232 
f 1386 1780 1387 
f 1778 1387 1780 
f 2312 2200 874 
f 2315 2314 2313 
f 2316 2313 2314 
f 624 843 554 
f 556 554 843 
f 665 663 747 
f 1866 747 663 
f 1584 1854 1582 
f 2297 2235 1944 
f 1092 1944 2235 
f 2317 1747 1366 
f 307 305 2318 
f 2279 2318 305 
f 1408 2319 990 
f 992 990 2319 
f 1866 746 747 
f 1808 2320 370 
f 2321 370 2320 
f 2131 2194 2101 
f 2303 2323 2322 
f 1821 2322 2323 
f 2325 2324 2206 
f 2205 2206 2324 
f 444 391 2127 
f 389 2127 391 
f 2075 2326 1836 
f 2327 1836 2326 
f 744 2137 1293 
f 776 1293 2137 
f 621 738 1921 
f 703 1921 738 
f 37 2062 464 
f 466 464 2062 
f 2330 2329 2328 
f 2231 2328 2329 
f 1026 1227 1025 
f 1181 1579 1096 
f 2331 1096 1579 
f 2191 887 2332 
f 1367 2332 887 
f 1138 63 1135 
f 66 1135 63 
f 2015 2333 1675 
f 2334 1675 2333 
f 794 792 301 
f 2145 176 177 
f 859 671 672 
f 1951 2335 361 
f 363 361 2335 
f 160 1838 666 
f 644 2337 2336 
f 2338 2336 2337 
f 2339 292 195 
f 2217 2341 2340 
f 2342 2340 2341 
f 2343 2003 2161 
f 1053 1056 1171 
f 64 1848 66 
f 2344 66 1848 
f 2161 119 1989 
f 1142 1606 1143 
f 1978 1476 1980 
f 1475 1980 1476 
f 2345 2165 2166 
f 1676 1248 1250 
f 1071 1172 1004 
f 1995 1797 1996 
f 1800 1996 1797 
f 1918 2346 669 
f 2243 669 2346 
f 1176 2281 1009 
f 1487 2347 631 
f 632 631 2347 
f 1979 1991 1695 
f 1693 1695 1991 
f 1260 2224 2057 
f 2223 2057 2224 
f 2349 468 2348 
f 469 2348 468 
f 345 1564 347 
f 541 347 1564 
f 2022 284 287 
f 1287 1288 2350 
f 2351 2350 1288 
f 1653 1247 991 
f 1197 52 2352 
f 50 2352 52 
f 2166 2164 2353 
f 2354 2353 2164 
f 2080 2355 2183 
f 1476 2183 2355 
f 753 1295 755 
f 1297 755 1295 
f 560 932 559 
f 810 559 932 
f 819 2356 450 
f 449 450 2356 
f 2359 2358 2357 
f 2360 2357 2358 
f 1353 1352 2112 
f 1005 1008 726 
f 2144 726 1008 
f 1284 1891 1281 
f 1556 1281 1891 
f 2361 1936 1787 
f 1937 1787 1936 
f 2314 2203 2201 
f 659 560 558 
f 2362 506 504 
f 2118 719 1605 
f 916 1190 1191 
f 2363 1550 1922 
f 552 1914 2135 
f 2281 2135 1914 
f 2366 2365 2364 
f 926 2364 2365 
f 1883 710 711 
f 848 1212 850 
f 1210 850 1212 
f 1048 930 931 
f 2367 107 2270 
f 2370 2369 2368 
f 2301 2368 2369 
f 59 1756 1754 
f 1726 1727 2371 
f 1725 2371 1727 
f 720 945 1867 
f 1514 1876 129 
f 131 129 1876 
f 2373 2372 2019 
f 2018 2019 2372 
f 1738 2229 862 
f 2374 862 2229 
f 2159 877 2158 
f 875 2158 877 
f 2330 2328 2375 
f 2230 2375 2328 
f 2303 779 1821 
f 681 1160 714 
f 289 262 1876 
f 1237 1427 1234 
f 2376 1674 1908 
f 816 1908 1674 
f 2165 2377 904 
f 1362 904 2377 
f 264 267 2242 
f 2378 2137 2136 
f 1055 1053 732 
f 1171 732 1053 
f 984 2379 1544 
f 2208 1544 2379 
f 818 2030 817 
f 3 817 2030 
f 2380 1883 1881 
f 1755 2381 2060 
f 1408 2060 2381 
f 2097 593 2382 
f 2334 2382 593 
f 152 1642 151 
f 2122 151 1642 
f 1799 1404 1386 
f 1583 1318 1964 
f 1319 1964 1318 
f 910 173 708 
f 2384 1734 2383 
f 2094 2383 1734 
f 2385 2225 2113 
f 1675 2298 1665 
f 29 1510 31 
f 1508 31 1510 
f 903 1947 707 
f 705 707 1947 
f 235 2181 1208 
f 1021 2180 102 
f 2386 1843 1865 
f 2045 1865 1843 
f 864 2126 335 
f 907 749 2387 
f 752 2387 749 
f 2168 2222 781 
f 2116 2388 2115 
f 2258 2115 2388 
f 188 2389 2207 
f 1346 2207 2389 
f 1643 791 1645 
f 590 1645 791 
f 2028 1978 1979 
f 278 574 572 
f 1695 2028 1979 
f 1801 2201 1803 
f 32 1599 1070 
f 937 1549 1121 
f 2346 2391 2390 
f 1439 2390 2391 
f 1891 353 2392 
f 1555 2392 353 
f 2103 1744 1770 
f 574 1232 571 
f 2031 730 2047 
f 377 378 1586 
f 1485 2393 820 
f 822 820 2393 
f 1978 2183 1476 
f 718 719 2119 
f 2118 2119 719 
f 2033 2294 2021 
f 1714 2021 2294 
f 1775 597 393 
f 595 393 597 
f 43 1935 42 
f 1934 42 1935 
f 2396 2395 2394 
f 2173 2394 2395 
f 446 1257 85 
f 84 85 1257 
f 1206 176 2198 
f 1833 2198 176 
f 1913 2387 1911 
f 752 1911 2387 
f 1751 1917 1752 
f 2249 2248 1029 
f 2216 2340 2233 
f 2385 2233 2340 
f 1812 2398 2397 
f 2399 2397 2398 
f 1905 2055 1459 
f 1461 1459 2055 
f 971 2268 2266 
f 766 764 682 
f 2386 420 1843 
f 2400 1494 2280 
f 1497 2280 1494 
f 221 1818 1974 
f 1972 1974 1818 
f 1658 1782 2401 
f 2402 2401 1782 
f 933 2089 7 
f 6 7 2089 
f 2403 1894 1626 
f 98 1626 1894 
f 1641 152 150 
f 1773 911 914 
f 1548 563 2404 
f 562 2404 563 
f 434 2405 1655 
f 1657 1655 2405 
f 1988 2014 615 
f 2406 1167 1168 
f 853 1423 1251 
f 621 619 736 
f 1505 2114 2117 
f 1387 1778 1779 
f 1087 1088 1159 
f 835 760 761 
f 677 394 1875 
f 392 1875 394 
f 2355 761 759 
f 1840 474 2407 
f 472 2407 474 
f 1947 1363 2408 
f 705 2408 1363 
f 1270 1882 806 
f 1097 806 1882 
f 1326 1545 2209 
f 411 735 1967 
f 2409 1967 735 
f 530 502 501 
f 2158 875 1546 
f 2410 1546 875 
f 2411 1815 1816 
f 315 367 314 
f 1720 2411 2037 
f 1816 2037 2411 
f 2289 2234 140 
f 141 140 2234 
f 1808 368 1805 
f 1970 1805 368 
f 1898 2178 25 
f 238 25 2178 
f 2089 472 6 
f 473 6 472 
f 2064 1010 1445 
f 2239 2245 533 
f 535 533 2245 
f 854 1639 988 
f 36 298 299 
f 1290 2412 161 
f 2413 161 2412 
f 912 913 1285 
f 1502 1285 913 
f 2041 1283 1554 
f 2099 256 259 
f 1775 393 394 
f 761 837 835 
f 2219 2402 267 
f 2241 267 2402 
f 1650 837 761 
f 1650 761 2355 
f 2414 2029 649 
f 601 2247 1299 
f 1300 1299 2247 
f 2415 1374 386 
f 2417 1907 2416 
f 2418 2416 1907 
f 2419 808 2043 
f 618 2043 808 
f 1753 2381 1755 
f 2176 741 2179 
f 1704 1137 2420 
f 66 2420 1137 
f 2421 1874 1035 
f 1037 1035 1874 
f 1673 135 136 
f 2287 1813 514 
f 2288 2177 902 
f 1884 1857 1881 
f 2341 1881 1857 
f 957 2052 956 
f 2050 956 2052 
f 1802 1943 2066 
f 1592 2066 1943 
f 2423 1938 2422 
f 1133 2422 1938 
f 2376 2424 2189 
f 1595 2189 2424 
f 1290 1291 2425 
f 1342 2425 1291 
f 1133 865 2422 
f 1687 2422 865 
f 40 1941 2061 
f 1637 2061 1941 
f 1630 408 2307 
f 147 148 1048 
f 1557 1558 2277 
f 2376 1908 2424 
f 819 2424 1908 
f 908 907 1932 
f 2426 1932 907 
f 2300 1774 1772 
f 2414 649 651 
f 17 2339 1800 
f 195 1800 2339 
f 2427 841 839 
f 1599 30 2428 
f 1468 2428 30 
f 2143 539 1887 
f 537 1887 539 
f 2066 2067 2282 
f 692 2282 2067 
f 1188 540 1363 
f 375 1363 540 
f 2429 1348 1349 
f 1877 807 2132 
f 2419 2132 807 
f 2355 2080 1650 
f 2343 2161 1989 
f 2430 789 23 
f 22 23 789 
f 612 1511 1509 
f 1944 1092 1095 
f 691 856 693 
f 2183 404 2080 
f 405 2080 404 
f 1108 2151 1110 
f 1418 1416 1496 
f 1495 1496 1416 
f 2431 1646 2152 
f 1109 2152 1646 
f 1001 473 471 
f 76 223 78 
f 2142 1228 1231 
f 541 284 2022 
f 2011 127 126 
f 2432 556 843 
f 1595 2424 2433 
f 819 2433 2424 
f 2207 1346 1345 
f 422 1976 311 
f 1903 2063 639 
f 2193 639 2063 
f 70 271 269 
f 2331 1579 1221 
f 2005 824 1679 
f 1628 184 1231 
f 187 1231 184 
f 2013 1658 2401 
f 2434 422 423 
f 650 11 1985 
f 2190 1985 11 
f 2265 2365 2366 
f 2330 2436 2435 
f 1853 2435 2436 
f 804 802 2203 
f 2027 2203 802 
f 412 2260 548 
f 2437 548 2260 
f 1367 2304 1364 
f 828 1364 2304 
f 1528 1529 2146 
f 2062 1962 466 
f 644 466 1962 
f 1286 1501 283 
f 110 283 1501 
f 1664 2015 1675 
f 1919 280 283 
f 2428 435 1599 
f 1995 1799 1797 
f 1628 186 184 
f 2287 2286 2349 
f 2438 2349 2286 
f 2013 2250 436 
f 2078 504 507 
f 306 251 308 
f 348 2435 350 
f 628 350 2435 
f 2091 2092 1014 
f 1013 1014 2092 
f 73 1920 743 
f 2439 1972 1818 
f 1915 439 440 
f 1204 493 2403 
f 1590 2403 493 
f 2441 2153 2440 
f 2156 2440 2153 
f 1364 828 2073 
f 2311 1403 1412 
f 1410 1412 1403 
f 675 1428 2442 
f 62 2442 1428 
f 502 1189 2306 
f 1192 2306 1189 
f 1158 1524 962 
f 1526 962 1524 
f 530 1191 1189 
f 1852 163 164 
f 139 140 141 
f 2390 1439 1442 
f 86 84 1257 
f 138 141 1149 
f 2370 2444 2443 
f 2445 2443 2444 
f 2446 1628 1255 
f 156 154 788 
f 790 788 154 
f 1864 746 1866 
f 1750 2188 2447 
f 1885 2447 2188 
f 495 200 203 
f 2448 1706 1094 
f 700 1516 702 
f 2160 2179 1174 
f 416 1174 2179 
f 435 2428 2405 
f 1657 2405 2428 
f 2230 1738 1746 
f 1322 2274 1324 
f 2394 1324 2274 
f 435 2405 434 
f 2207 1345 2326 
f 1916 2326 1345 
f 2449 422 2434 
f 61 59 1754 
f 1684 427 1328 
f 1561 1059 1057 
f 2450 1628 2446 
f 186 1628 2450 
f 2036 186 2450 
f 1239 1238 1847 
f 725 2144 1024 
f 1947 906 1363 
f 1425 1309 1312 
f 543 2187 1960 
f 1961 1960 2187 
f 1703 2451 2372 
f 942 2372 2451 
f 2182 2452 1718 
f 612 1718 2452 
f 1075 1078 2163 
f 1217 2163 1078 
f 382 380 900 
f 2319 2453 992 
f 1652 992 2453 
f 1452 239 1450 
f 2034 1018 1019 
f 476 2007 2454 
f 2455 2454 2007 
f 1719 1510 29 
f 2454 2455 2136 
f 2378 2136 2455 
f 1473 1474 845 
f 2318 845 1474 
f 2238 534 1022 
f 532 1022 534 
f 2456 2450 2446 
f 2036 2450 2456 
f 2091 2111 306 
f 2344 1848 1849 
f 145 143 933 
f 243 893 240 
f 430 240 893 
f 1277 2457 465 
f 39 465 2457 
f 2458 2103 1768 
f 2111 1353 2112 
f 1704 2451 1703 
f 1551 1150 1148 
f 1195 604 1262 
f 285 882 287 
f 2041 354 2459 
f 1061 2459 354 
f 2460 1867 1869 
f 2461 1871 912 
f 2446 1255 2255 
f 2255 2462 2456 
f 2036 2456 2462 
f 2456 2446 2255 
f 2406 2385 2463 
f 2113 2463 2385 
f 2094 1733 157 
f 1735 157 1733 
f 1734 1733 2094 
f 1744 2103 1823 
f 2464 1823 2103 
f 1937 1785 1787 
f 1812 1897 2398 
f 585 2398 1897 
f 1953 2193 2063 
f 2185 1984 1594 
f 463 688 1278 
f 1428 897 1341 
f 1426 1341 897 
f 2301 2300 1772 
f 766 682 713 
f 680 713 682 
f 121 1174 1175 
f 2384 2255 1734 
f 1537 2305 1534 
f 282 2444 2461 
f 2370 2461 2444 
f 2046 2038 1394 
f 2134 2335 1951 
f 1411 1406 1740 
f 1155 1323 1619 
f 1003 1619 1323 
f 88 1195 1312 
f 189 190 1047 
f 2465 2384 2383 
f 398 518 2006 
f 2466 2299 2369 
f 2301 2369 2299 
f 705 1947 2408 
f 1383 2347 1487 
f 1683 993 1015 
f 97 95 2467 
f 1591 2467 95 
f 360 2146 1786 
f 375 373 706 
f 1184 745 2468 
f 748 2468 745 
f 1600 435 433 
f 2469 266 264 
f 1310 90 88 
f 2471 2470 2267 
f 2269 2267 2470 
f 2314 804 2203 
f 315 974 367 
f 2264 1636 603 
f 1387 1779 20 
f 2339 20 1779 
f 509 1332 1692 
f 2335 2472 363 
f 2065 363 2472 
f 2222 2168 2169 
f 2250 968 1598 
f 224 197 1449 
f 2474 1228 2473 
f 2141 2473 1228 
f 2042 1420 1419 
f 826 2438 587 
f 512 587 2438 
f 1686 1938 2423 
f 1809 1542 1163 
f 1165 1163 1542 
f 2475 881 884 
f 1414 1846 2174 
f 2175 2174 1846 
f 445 2476 447 
f 1397 447 2476 
f 1620 1003 623 
f 1678 1570 1573 
f 2479 2478 2477 
f 79 2477 2478 
f 2480 1972 2439 
f 605 2477 79 
f 2481 1153 1709 
f 851 853 1254 
f 1251 1254 853 
f 2483 2482 2257 
f 2259 2257 2482 
f 1968 1855 2484 
f 1705 2484 1855 
f 683 1013 1521 
f 1735 1230 2485 
f 790 2485 1230 
f 304 794 301 
f 1296 1324 1297 
f 2172 1297 1324 
f 1960 286 542 
f 1753 2453 2381 
f 2319 2381 2453 
f 634 635 1562 
f 499 497 1831 
f 2005 1831 497 
f 524 527 741 
f 1034 1037 2226 
f 1875 2226 1037 
f 1465 1362 2377 
f 2486 2123 2125 
f 1635 1078 1169 
f 1076 1169 1078 
f 872 1809 1163 
f 92 2279 305 
f 65 63 868 
f 1138 868 63 
f 793 1447 792 
f 2487 832 2106 
f 1763 2106 832 
f 1632 1631 2488 
f 517 2488 1631 
f 425 652 426 
f 1683 1607 1680 
f 2489 1680 1607 
f 144 810 932 
f 2070 603 87 
f 89 87 603 
f 1878 606 82 
f 2418 1905 1459 
f 1060 2047 1879 
f 191 2389 188 
f 2386 2490 417 
f 1527 417 2490 
f 339 1258 2491 
f 2056 2491 1258 
f 1905 1906 1273 
f 2024 2351 1288 
f 556 2432 2492 
f 1202 2492 2432 
f 439 2361 441 
f 1787 441 2361 
f 2392 2493 1891 
f 1556 1891 2493 
f 717 2494 2310 
f 2489 2310 2494 
f 1666 1782 1656 
f 12 2190 11 
f 1528 419 417 
f 2390 1124 2244 
f 1123 2244 1124 
f 2056 2058 2002 
f 2495 2002 2058 
f 154 157 1735 
f 1912 1699 2496 
f 2088 2496 1699 
f 155 2094 157 
f 543 1960 542 
f 707 1213 903 
f 2490 1864 1839 
f 1757 2337 644 
f 1316 1314 1731 
f 398 1280 1632 
f 2004 1632 1280 
f 1411 1410 1406 
f 2431 2152 2150 
f 634 1562 1522 
f 1521 1522 1562 
f 723 1762 1841 
f 57 1841 1762 
f 736 738 621 
f 2339 17 20 
f 1368 2497 1369 
f 1396 1369 2497 
f 1541 1951 361 
f 919 2017 242 
f 1963 931 809 
f 1620 1619 1003 
f 1997 941 2232 
f 1790 2232 941 
f 1308 2369 2370 
f 1717 1716 1429 
f 1682 1680 2489 
f 2007 2024 1760 
f 764 765 961 
f 1308 1306 2350 
f 1287 2350 1306 
f 554 557 1156 
f 1981 1223 2032 
f 323 812 2210 
f 811 2210 812 
f 1380 1379 1904 
f 1906 1904 1379 
f 2498 1682 2489 
f 832 2487 834 
f 1629 834 2487 
f 454 1878 452 
f 82 452 1878 
f 2179 2160 2176 
f 239 2176 2160 
f 1416 2499 1495 
f 1170 1495 2499 
f 2322 2302 2303 
f 1997 1737 939 
f 1446 1322 1323 
f 32 30 1599 
f 2251 1786 1785 
f 673 671 860 
f 987 1311 989 
f 1793 989 1311 
f 988 1311 987 
f 2488 517 518 
f 1682 2393 1485 
f 2438 2500 2349 
f 468 2349 2500 
f 2205 153 2082 
f 2448 1094 1092 
f 482 1614 1066 
f 876 2410 875 
f 2322 2167 2302 
f 2501 1721 1720 
f 1739 2071 1334 
f 2501 1493 1492 
f 2468 748 2502 
f 2045 2502 748 
f 2332 1623 2191 
f 916 917 1190 
f 1192 1190 917 
f 2503 2259 2482 
f 2341 1859 2342 
f 1571 2342 1859 
f 2067 691 692 
f 1370 1355 2504 
f 1609 2504 1355 
f 2505 1504 2503 
f 2259 2503 1504 
f 2335 1928 1930 
f 1858 2441 1859 
f 1571 1859 2441 
f 1990 1217 1078 
f 2506 965 963 
f 1565 1820 1563 
f 1717 1563 1820 
f 2508 164 2507 
f 545 2507 164 
f 783 570 568 
f 1335 1398 2395 
f 1399 2395 1398 
f 2298 1675 2334 
f 2363 1551 1550 
f 279 218 221 
f 2251 360 1786 
f 2463 1167 2406 
f 2361 439 550 
f 1915 550 439 
f 2373 1703 2372 
f 1708 1710 1547 
f 374 1547 1710 
f 2510 2509 1337 
f 676 1337 2509 
f 2146 2147 1528 
f 1810 1528 2147 
f 455 784 456 
f 33 2358 2359 
f 798 2273 795 
f 2162 1388 1194 
f 1895 320 2139 
f 1166 2511 883 
f 2512 883 2511 
f 2514 1804 2513 
f 692 2513 1804 
f 172 895 174 
f 1192 1630 2307 
f 1963 2515 2362 
f 2081 2362 2515 
f 179 1490 181 
f 1910 1959 1965 
f 1961 1965 1959 
f 1904 1861 1380 
f 1886 1380 1861 
f 648 391 443 
f 444 443 391 
f 1340 59 62 
f 817 3 2356 
f 449 2356 3 
f 1748 886 1624 
f 774 1471 1292 
f 1829 2516 1828 
f 1971 1828 2516 
f 2023 2299 2466 
f 1298 700 701 
f 1789 1122 1442 
f 1124 1442 1122 
f 1073 952 953 
f 1259 2224 1260 
f 1814 1007 1005 
f 1483 1127 1125 
f 2341 2217 2380 
f 2215 2380 2217 
f 240 919 242 
f 555 2072 2517 
f 2071 2517 2072 
f 2336 689 687 
f 839 1736 2427 
f 1737 2427 1736 
f 2117 1507 1505 
f 2380 2215 710 
f 712 710 2215 
f 662 1832 918 
f 272 2480 2439 
f 1666 1729 2292 
f 610 2292 1729 
f 431 81 2478 
f 79 2478 81 
f 2055 1271 2054 
f 2518 2054 1271 
f 2365 2265 2263 
f 609 1919 283 
f 2150 2151 2431 
f 1702 2431 2151 
f 1126 223 1128 
f 76 1128 223 
f 2269 2519 973 
f 2214 973 2519 
f 1743 1807 1805 
f 952 1603 954 
f 366 954 1603 
f 2138 1269 478 
f 109 478 1269 
f 724 2238 1022 
f 1443 799 1016 
f 2046 2149 2038 
f 2236 2359 2357 
f 898 1142 1247 
f 2115 2258 2256 
f 2182 1718 1719 
f 1608 340 343 
f 2289 1150 1551 
f 178 2403 1385 
f 1626 1385 2403 
f 1205 1301 1304 
f 2360 1706 2357 
f 2448 2357 1706 
f 1627 98 96 
f 2410 876 1708 
f 2321 2464 2458 
f 2103 2458 2464 
f 1687 1944 1095 
f 891 1543 888 
f 1745 888 1543 
f 901 1020 1567 
f 1206 178 176 
f 1904 1907 1863 
f 2417 1863 1907 
f 796 1328 798 
f 893 798 1328 
f 1970 1770 1742 
f 2195 2196 192 
f 194 192 2196 
f 2463 1169 1167 
f 119 28 26 
f 1016 1912 2496 
f 1179 1180 1358 
f 1616 1358 1180 
f 2284 1999 2497 
f 86 2497 1999 
f 1644 2081 2515 
f 1758 2338 2337 
f 1230 2474 790 
f 1870 790 2474 
f 672 670 676 
f 1213 1153 2354 
f 2481 2354 1153 
f 1484 1482 1523 
f 1424 1523 1482 
f 2211 811 2520 
f 209 2520 811 
f 1470 1307 1472 
f 1701 1647 1648 
f 2521 2107 2110 
f 2522 348 2025 
f 612 2452 611 
f 2523 611 2452 
f 1269 111 109 
f 1595 2433 1597 
f 450 1597 2433 
f 17 1798 19 
f 1799 19 1798 
f 2525 2524 1370 
f 1354 1370 2524 
f 437 535 2245 
f 1593 1279 2338 
f 689 2338 1279 
f 402 840 841 
f 2203 2027 2202 
f 2253 2202 2027 
f 1030 1608 343 
f 2069 1451 1450 
f 200 2526 202 
f 2316 202 2526 
f 280 2444 282 
f 2086 614 847 
f 41 1592 1943 
f 2494 2498 2489 
f 370 2321 2527 
f 2458 2527 2321 
f 1937 2251 1785 
f 1047 1835 2528 
f 1723 2528 1835 
f 1833 1303 2198 
f 1301 2198 1303 
f 2529 1513 274 
f 168 169 1981 
f 2531 2289 2530 
f 1551 2530 2289 
f 877 2345 2312 
f 2166 2312 2345 
f 747 745 1343 
f 1184 1343 745 
f 222 223 1126 
f 1353 2111 1671 
f 2091 1671 2111 
f 1796 750 751 
f 7 145 933 
f 2308 1006 1007 
f 15 1207 1932 
f 1711 1075 2163 
f 2532 715 2291 
f 1161 2291 715 
f 2097 592 593 
f 704 1921 703 
f 1906 1274 1272 
f 2409 2533 1967 
f 1488 1967 2533 
f 1622 1748 1624 
f 635 633 1998 
f 2352 2534 1199 
f 2449 1199 2534 
f 469 467 1006 
f 1008 1006 467 
f 1222 1714 2293 
f 2294 2293 1714 
f 1443 2496 2088 
f 1267 685 1521 
f 683 1521 685 
f 293 2409 295 
f 735 295 2409 
f 784 455 2003 
f 2145 1833 176 
f 945 136 1868 
f 134 1868 136 
f 1507 2117 2256 
f 2115 2256 2117 
f 1633 2463 2113 
f 1385 2347 1383 
f 1997 939 941 
f 215 1754 1755 
f 229 564 1104 
f 2535 2040 2162 
f 1388 2162 2040 
f 1145 161 2413 
f 124 655 123 
f 1493 1958 1236 
f 254 1822 253 
f 521 253 1822 
f 227 1917 2536 
f 1751 2536 1917 
f 412 1489 2260 
f 208 812 872 
f 871 872 812 
f 312 1032 1030 
f 963 2537 2506 
f 1391 2506 2537 
f 1060 2031 2047 
f 881 2475 2309 
f 1909 2309 2475 
f 1376 1567 1441 
f 2540 2539 2538 
f 1134 2538 2539 
f 612 1509 1718 
f 2416 1460 1225 
f 1458 1225 1460 
f 167 2399 338 
f 586 338 2399 
f 2282 1802 2066 
f 288 220 1581 
f 2031 1060 1058 
f 2187 1430 1374 
f 1189 502 530 
f 268 737 270 
f 245 1121 768 
f 453 80 81 
f 1042 2521 2124 
f 2125 2124 2521 
f 2541 2417 2416 
f 1568 1020 1018 
f 2230 1746 165 
f 941 1119 1790 
f 2542 1455 1164 
f 1885 71 2170 
f 74 2170 71 
f 170 2399 167 
f 346 2511 935 
f 1166 935 2511 
f 1849 1847 2543 
f 2273 2543 1847 
f 1862 1860 2541 
f 2417 2541 1860 
f 2175 1846 1827 
f 6 473 8 
f 1000 8 473 
f 2157 677 670 
f 584 565 1233 
f 1669 1670 2544 
f 1350 2544 1670 
f 1412 193 194 
f 1254 1994 1321 
f 247 385 386 
f 2344 2420 66 
f 1921 2044 618 
f 2045 748 1865 
f 1147 106 104 
f 703 268 271 
f 1508 1469 31 
f 104 2545 1165 
f 2542 1165 2545 
f 877 2312 874 
f 1575 342 421 
f 2259 1504 1507 
f 1725 2272 2371 
f 1726 2371 2272 
f 1492 1721 2501 
f 451 628 626 
f 2548 2547 2546 
f 2504 2546 2547 
f 275 2480 272 
f 2425 2412 1290 
f 2170 2171 1885 
f 2447 1885 2171 
f 1512 583 1845 
f 2549 1845 583 
f 2550 2452 2182 
f 2296 1659 2295 
f 1536 2295 1659 
f 2212 2552 2551 
f 2553 2551 2552 
f 528 662 1191 
f 916 1191 662 
f 2212 803 2552 
f 801 2552 803 
f 1882 401 1884 
f 1074 2487 2106 
f 1540 1950 1539 
f 1541 1539 1950 
f 1860 1863 2417 
f 1402 1672 1587 
f 2120 1587 1672 
f 2459 1061 2041 
f 768 385 247 
f 126 1761 2011 
f 89 1195 88 
f 721 724 100 
f 102 100 724 
f 2078 149 147 
f 658 806 1097 
f 150 2324 1641 
f 1640 1641 2324 
f 368 1808 370 
f 2510 1338 1413 
f 931 504 2078 
f 2 2185 4 
f 1594 4 2185 
f 1757 644 1962 
f 2176 524 741 
f 2027 2026 2253 
f 2538 1134 1552 
f 1976 50 51 
f 2554 2315 2313 
f 1500 2298 2334 
f 1906 1379 1274 
f 2481 2353 2354 
f 307 2091 306 
f 2175 860 858 
f 515 727 587 
f 1336 678 1875 
f 677 1875 678 
f 2547 2548 2525 
f 2325 2525 2548 
f 353 354 1555 
f 438 418 419 
f 1944 1945 2297 
f 2512 344 1400 
f 2213 2519 2555 
f 2269 2555 2519 
f 2554 878 2556 
f 879 2556 878 
f 2081 506 2362 
f 2319 1408 2381 
f 923 1955 1275 
f 1464 1275 1955 
f 2284 1368 948 
f 2421 1035 1036 
f 1177 1930 1929 
f 255 673 860 
f 290 1581 573 
f 2231 2230 2328 
f 1220 1096 2331 
f 1060 1879 1057 
f 171 2034 708 
f 1019 708 2034 
f 1986 1315 1901 
f 1313 1901 1315 
f 1880 2046 1394 
f 806 148 1270 
f 1533 2063 1535 
f 2504 1609 1033 
f 665 159 664 
f 2134 2135 2281 
f 1747 2317 2074 
f 2073 2074 2317 
f 936 1819 1820 
f 2555 2471 972 
f 2268 972 2471 
f 1221 1844 2331 
f 1747 2331 1844 
f 2190 2376 2189 
f 2547 2525 1370 
f 1177 2065 2472 
f 350 628 451 
f 1814 515 513 
f 218 277 220 
f 2171 1471 1472 
f 448 2224 1259 
f 1963 144 2515 
f 1644 2515 144 
f 178 1204 2403 
f 940 1119 941 
f 474 1840 711 
f 1097 711 1840 
f 2557 1986 399 
f 7 5 145 
f 1138 1136 867 
f 2558 1548 2404 
f 936 934 1819 
f 1120 1819 934 
f 1892 1893 1934 
f 44 1934 1893 
f 2294 2033 1223 
f 1630 1966 1382 
f 1467 1955 923 
f 1391 2537 1393 
f 1561 1393 2537 
f 1927 2261 2247 
f 2348 2308 2287 
f 752 750 1796 
f 1086 1034 2226 
f 314 1763 316 
f 832 316 1763 
f 2462 2255 2384 
f 897 898 1426 
f 1245 1426 898 
f 2548 1642 1640 
f 2559 2013 2401 
f 1956 2501 1957 
f 1720 1957 2501 
f 1638 1310 1311 
f 1520 2090 2012 
f 2318 2012 2090 
f 1923 1352 1265 
f 297 1553 2560 
f 2360 2560 1553 
f 1925 94 250 
f 249 250 94 
f 2552 801 2561 
f 2315 2561 801 
f 1764 365 1765 
f 2335 1930 2472 
f 1177 2472 1930 
f 757 1601 756 
f 526 524 1452 
f 1639 2062 2061 
f 1607 2310 2489 
f 1850 1239 1847 
f 1474 1574 2012 
f 2232 1946 1712 
f 1077 1712 1946 
f 2534 2352 50 
f 1633 1169 2463 
f 247 1373 244 
f 1315 1986 2557 
f 996 626 629 
f 2345 2377 2165 
f 253 521 1776 
f 547 520 414 
f 523 414 520 
f 307 2318 2090 
f 2035 112 110 
f 1632 2488 518 
f 1287 1307 1470 
f 1687 1685 2423 
f 1686 2423 1685 
f 462 2427 2155 
f 1737 2155 2427 
f 2206 2524 2525 
f 2559 2401 2402 
f 51 310 1976 
f 429 2373 2019 
f 2148 1477 762 
f 104 107 2545 
f 2367 2545 107 
f 2326 1916 2051 
f 238 2069 1450 
f 800 16 1436 
f 642 641 999 
f 1713 2156 2154 
f 2163 2156 1713 
f 2448 2236 2357 
f 511 1181 508 
f 1096 508 1181 
f 763 766 978 
f 2532 978 766 
f 926 2263 927 
f 2070 927 2263 
f 841 2427 462 
f 1975 68 69 
f 2157 2562 677 
f 394 677 2562 
f 2084 1235 1236 
f 563 1547 374 
f 1791 630 492 
f 1670 492 630 
f 2346 2244 2243 
f 938 590 791 
f 489 2563 668 
f 1918 668 2563 
f 2544 1350 2564 
f 2008 2564 1350 
f 1508 1668 1469 
f 2122 1031 1186 
f 2144 1008 467 
f 101 99 2011 
f 127 2011 99 
f 338 586 337 
f 1259 337 586 
f 1799 1995 1740 
f 1486 1681 1485 
f 1682 1485 1681 
f 1966 1630 1192 
f 130 424 132 
f 275 132 424 
f 2342 1572 2225 
f 313 2565 315 
f 2535 315 2565 
f 1414 1512 1846 
f 1845 1846 1512 
f 1186 51 49 
f 2229 2231 2374 
f 2025 2374 2231 
f 896 379 1606 
f 519 1496 2400 
f 1494 2400 1496 
f 1281 1556 1283 
f 1697 1794 1208 
f 356 359 2038 
f 733 732 1171 
f 1753 1756 2453 
f 1652 2453 1756 
f 2354 2164 905 
f 1292 2170 74 
f 2345 2558 2377 
f 1465 2377 2558 
f 1481 2566 2221 
f 2220 2221 2566 
f 992 1652 1653 
f 2268 2471 2267 
f 521 1822 523 
f 1462 2286 1463 
f 2550 1602 2567 
f 266 2567 1602 
f 102 724 1022 
f 1589 1058 1059 
f 2180 1021 58 
f 535 58 1021 
f 2568 2213 2214 
f 1897 2476 445 
f 496 494 1395 
f 1519 1395 494 
f 918 1833 2145 
f 1577 1217 1990 
f 1837 1527 2490 
f 382 901 1375 
f 1642 2569 2122 
f 1031 2122 2569 
f 2389 191 850 
f 489 668 383 
f 1084 638 1046 
f 2096 2382 2333 
f 2334 2333 2382 
f 998 1088 357 
f 694 357 1088 
f 2108 1039 1040 
f 2084 1237 1235 
f 2567 2523 2452 
f 1623 2332 1366 
f 1365 1366 2332 
f 282 2461 1285 
f 912 1285 2461 
f 1703 2373 2570 
f 2571 2570 2373 
f 2572 1264 635 
f 1395 1425 1262 
f 763 977 765 
f 1737 2154 2155 
f 1563 2573 1564 
f 1694 1564 2573 
f 269 2479 70 
f 2477 70 2479 
f 2312 2353 2200 
f 2481 2200 2353 
f 2173 1399 2574 
f 1201 2574 1399 
f 1481 1484 2575 
f 77 2575 1484 
f 1123 210 213 
f 924 922 923 
f 651 2185 2 
f 2576 1414 2174 
f 979 978 2532 
f 50 1976 2534 
f 422 2534 1976 
f 315 2535 975 
f 2162 975 2535 
f 132 275 273 
f 2219 2559 2402 
f 120 2160 121 
f 1174 121 2160 
f 1560 773 1561 
f 2303 1821 2323 
f 896 1606 898 
f 1142 898 1606 
f 950 492 1670 
f 220 291 2529 
f 1513 2529 291 
f 995 629 627 
f 1981 2032 948 
f 1971 1114 1828 
f 174 894 213 
f 2243 213 894 
f 2577 2085 2087 
f 643 688 463 
f 1890 1849 2543 
f 293 1488 2533 
f 334 34 35 
f 869 2570 2571 
f 1725 2271 2272 
f 679 1023 1983 
f 1420 1983 1023 
f 2426 907 2387 
f 1116 1971 1113 
f 1829 1113 1971 
f 2390 2244 2346 
f 1973 279 1974 
f 221 1974 279 
f 888 1982 890 
f 1420 890 1982 
f 475 2578 477 
f 1774 477 2578 
f 2441 2155 2153 
f 581 1036 2579 
f 1085 2579 1036 
f 444 2540 2538 
f 1335 2395 2396 
f 1099 114 1480 
f 2214 970 973 
f 573 1154 290 
f 289 290 1154 
f 64 1850 1848 
f 399 2100 2557 
f 1730 2557 2100 
f 1440 1789 1442 
f 2514 202 2316 
f 1124 2390 1442 
f 2288 499 1759 
f 1831 1759 499 
f 1742 1743 1805 
f 2580 2264 2265 
f 492 490 1205 
f 2400 2280 1316 
f 2239 533 2238 
f 534 2238 533 
f 2557 1730 1315 
f 1314 1315 1730 
f 2316 2201 1801 
f 52 2082 49 
f 2517 1739 1613 
f 2581 1613 1739 
f 168 2397 170 
f 2399 170 2397 
f 2129 1359 1360 
f 1547 1546 2410 
f 2564 97 2467 
f 708 1019 900 
f 1017 900 1019 
f 235 2088 2181 
f 1699 2181 2088 
f 1612 2581 2275 
f 2396 2275 2581 
f 1639 2061 1637 
f 2109 1044 1041 
f 2583 2582 2227 
f 2228 2227 2582 
f 2473 2141 1870 
f 1047 1722 1046 
f 878 2554 2526 
f 2313 2526 2554 
f 2261 2437 2260 
f 24 789 787 
f 2575 2566 1481 
f 358 698 231 
f 1812 2476 1897 
f 1377 1376 1441 
f 1902 217 2060 
f 1417 731 2499 
f 733 2499 731 
f 1286 283 281 
f 342 1575 341 
f 2276 341 1575 
f 2438 826 2500 
f 2077 2500 826 
f 1214 1993 1216 
f 1194 366 364 
f 556 2492 2072 
f 1200 2072 2492 
f 620 618 808 
f 44 42 1934 
f 68 271 70 
f 867 868 1138 
f 2266 973 971 
f 1639 854 857 
f 1220 1219 510 
f 1332 510 1219 
f 1355 342 1609 
f 340 1609 342 
f 1 4 1597 
f 2584 427 1684 
f 509 1692 2585 
f 2104 2585 1692 
f 1095 1093 1686 
f 1938 1686 1093 
f 1825 1467 1466 
f 1517 1518 1423 
f 2461 2368 1871 
f 1872 1871 2368 
f 1568 1789 1566 
f 1750 2443 2445 
f 1633 1635 1169 
f 1807 1741 2586 
f 1823 2586 1741 
f 144 142 1644 
f 2560 299 297 
f 2578 475 112 
f 292 1779 2195 
f 384 2415 386 
f 1992 1991 1979 
f 2572 1924 1266 
f 1517 1515 1518 
f 1837 2490 1839 
f 1357 2411 1720 
f 2519 2568 2214 
f 1023 682 1421 
f 1497 1170 1056 
f 674 379 896 
f 1047 2528 1722 
f 1723 1722 2528 
f 1726 2272 1728 
f 525 740 527 
f 1798 17 1800 
f 1199 1197 2352 
f 1038 1043 2486 
f 2123 2486 1043 
f 2415 384 1965 
f 1302 575 1304 
f 2085 2577 1949 
f 2087 1949 2577 
f 2555 972 2213 
f 1684 797 814 
f 944 2137 744 
f 893 1328 430 
f 1100 1972 426 
f 2480 426 1972 
f 2495 83 86 
f 2197 1774 2578 
f 2579 598 601 
f 2522 2025 2329 
f 2231 2329 2025 
f 1669 2467 1591 
f 1640 2324 2325 
f 985 2587 503 
f 501 503 2587 
f 622 625 2588 
f 1409 2588 625 
f 2237 2297 35 
f 2418 1907 1905 
f 2580 2366 2553 
f 2551 2553 2366 
f 182 1935 179 
f 43 179 1935 
f 2242 613 2469 
f 2523 2469 613 
f 1558 577 575 
f 228 861 318 
f 2549 601 1299 
f 2151 1108 1700 
f 121 1175 1989 
f 2343 1989 1175 
f 1294 1849 1890 
f 2273 1890 2543 
f 1716 246 244 
f 429 2571 2373 
f 2411 1357 459 
f 2076 1024 470 
f 1869 1868 134 
f 487 2563 489 
f 1468 1469 1657 
f 505 1140 507 
f 1088 696 694 
f 2051 2327 2326 
f 2143 1226 1224 
f 770 1560 2589 
f 964 2589 1560 
f 2253 1490 1491 
f 1953 1212 2193 
f 848 2193 1212 
f 648 443 298 
f 1703 2570 867 
f 869 867 2570 
f 2523 266 2469 
f 3 2030 2029 
f 689 1279 688 
f 963 1559 2537 
f 1561 2537 1559 
f 285 884 882 
f 2581 1335 2396 
f 1289 2513 690 
f 692 690 2513 
f 2437 1724 548 
f 1638 1941 90 
f 2544 2467 1669 
f 1292 776 774 
f 67 70 2477 
f 723 1842 2239 
f 1183 1184 2468 
f 2349 2348 2287 
f 255 1082 1080 
f 346 344 2511 
f 2512 2511 344 
f 553 135 1673 
f 1086 1662 1660 
f 181 2026 803 
f 1477 2148 1090 
f 1417 2499 1416 
f 2527 2458 1769 
f 1768 1769 2458 
f 2539 1131 1134 
f 2233 2385 2406 
f 2466 2369 1308 
f 8 1447 5 
f 1349 1625 1627 
f 2393 1682 2498 
f 1914 552 1915 
f 972 2268 971 
f 988 1638 1311 
f 359 357 694 
f 2316 2314 2201 
f 2291 1161 2290 
f 1162 2290 1161 
f 2531 1922 2234 
f 1151 2234 1922 
f 998 584 1088 
f 2525 2325 2206 
f 1014 1671 2091 
f 2508 994 1852 
f 1575 311 309 
f 488 1375 1377 
f 1782 2241 2402 
f 1120 934 937 
f 509 2585 2104 
f 1087 965 1089 
f 2506 1089 965 
f 2309 1549 881 
f 476 2300 2023 
f 2527 1769 370 
f 354 352 1061 
f 1945 333 334 
f 928 1300 1933 
f 1580 1219 1221 
f 225 1917 227 
f 845 2318 2279 
f 1954 1479 2565 
f 2535 2565 1479 
f 34 334 2105 
f 332 2105 334 
f 1249 1242 1240 
f 1541 362 1538 
f 2252 1538 362 
f 1268 2138 944 
f 1901 1054 1986 
f 560 659 2089 
f 2407 2089 659 
f 2407 659 1840 
f 2159 2345 877 
f 2322 2169 2167 
f 1155 1618 1156 
f 624 1156 1618 
f 1125 1482 1483 
f 2301 1872 2368 
f 2507 227 2536 
f 1799 1386 19 
f 1782 1666 2292 
f 346 935 936 
f 892 1890 2273 
f 2149 2046 730 
f 10 2030 818 
f 1364 2073 2317 
f 2449 2534 422 
f 1219 1617 1332 
f 2541 1226 1862 
f 1712 1997 2232 
f 312 310 1032 
f 1629 2487 1074 
f 616 2085 1987 
f 1949 1987 2085 
f 591 1500 593 
f 2334 593 1500 
f 2325 2548 1640 
f 2579 601 2549 
f 2018 942 242 
f 1503 2197 2059 
f 2578 2059 2197 
f 1812 2397 168 
f 1967 413 411 
f 1331 460 1384 
f 458 1384 460 
f 767 2133 2309 
f 412 547 414 
f 1331 1466 921 
f 345 346 1565 
f 2221 222 1127 
f 1126 1127 222 
f 1033 2546 2504 
f 775 2378 1103 
f 2455 1103 2378 
f 851 1321 699 
f 167 338 1222 
f 59 1340 1654 
f 1246 1654 1340 
f 1505 2116 2114 
f 1342 1182 2425 
f 2590 2425 1182 
f 2344 1294 2591 
f 2451 2591 1294 
f 2524 2206 2204 
f 1117 1514 129 
f 2590 1182 1185 
f 446 2224 448 
f 1643 793 791 
f 1779 292 2339 
f 549 1610 551 
f 2412 2425 2590 
f 179 43 1490 
f 759 1476 2355 
f 882 2512 1400 
f 1324 2173 2172 
f 1324 2394 2173 
f 335 333 864 
f 927 1112 331 
f 2479 269 431 
f 2157 670 673 
f 2060 2079 1902 
f 1673 1902 2079 
f 2531 2592 1922 
f 2363 1922 2592 
f 387 769 384 
f 2437 2261 1927 
f 1653 1244 1247 
f 2028 2183 1978 
f 839 842 304 
f 218 279 277 
f 1556 2493 2392 
f 2070 2264 603 
f 2569 1642 2548 
f 2330 2435 2522 
f 348 2522 2435 
f 1904 1863 1861 
f 471 1783 1001 
f 364 976 1194 
f 2533 2409 293 
f 2037 1816 1464 
f 1107 1464 1816 
f 312 1030 343 
f 1781 1242 1249 
f 1958 1493 1956 
f 2501 1956 1493 
f 998 567 584 
f 1929 1176 1177 
f 1533 1953 2063 
f 511 509 2104 
f 274 272 2439 
f 1952 1610 549 
f 400 841 462 
f 1572 2342 1571 
f 536 2518 538 
f 1378 538 2518 
f 712 2215 1790 
f 2520 1250 1243 
f 1240 1243 1250 
f 2573 1563 1717 
f 2593 1852 1853 
f 2374 2025 351 
f 448 1259 586 
f 2195 192 292 
f 805 148 806 
f 956 2050 2296 
f 1659 2296 2050 
f 1351 1353 685 
f 1696 1912 752 
f 1911 752 1912 
f 1327 1745 1326 
f 2316 1801 2514 
f 1804 2514 1801 
f 841 400 402 
f 1343 665 747 
f 1883 1097 1882 
f 1659 2050 1916 
f 133 196 199 
f 1896 626 996 
f 1963 2362 931 
f 504 931 2362 
f 973 2266 2269 
f 1900 1497 1056 
f 856 691 2067 
f 1385 1626 1625 
f 2547 1370 2504 
f 914 1872 1773 
f 1772 1773 1872 
f 566 771 772 
f 2243 894 669 
f 86 1396 2497 
f 2526 200 878 
f 870 2249 1147 
f 106 1147 2249 
f 1480 1098 1099 
f 2121 1672 136 
f 2068 2069 2177 
f 2178 2177 2069 
f 889 2042 959 
f 1293 74 744 
f 1928 2281 1176 
f 2141 1228 2142 
f 1482 1125 1424 
f 1570 1634 1572 
f 369 1767 371 
f 713 715 2532 
f 1437 2426 2387 
f 2142 187 2140 
f 21 2140 187 
f 1231 187 2142 
f 2190 12 2376 
f 1674 2376 12 
f 2320 2464 2321 
f 2311 2196 1777 
f 660 1303 1833 
f 61 1754 215 
f 2139 862 2374 
f 1661 395 1724 
f 595 1724 395 
f 1870 2474 2473 
f 1610 1950 1540 
f 296 928 1933 
f 2292 613 2241 
f 2360 1553 2484 
f 1968 2484 1553 
f 2375 2436 2330 
f 1263 326 327 
f 252 2175 1827 
f 2340 2342 2225 
f 2 2029 2414 
f 1873 2571 2584 
f 429 2584 2571 
f 2474 1230 1228 
f 705 1363 375 
f 24 2140 21 
f 11 9 12 
f 2108 2109 1039 
f 2576 1413 1414 
f 2422 1687 2423 
f 387 385 768 
f 2212 646 647 
f 1407 1486 553 
f 1399 1203 1201 
f 2443 1750 1749 
f 2483 2594 2482 
f 2505 2482 2594 
f 459 1815 2411 
f 1081 2562 2157 
f 23 1851 2036 
f 2595 23 2036 
f 2192 1045 638 
f 585 586 2399 
f 1343 1342 1291 
f 1021 102 1022 
f 419 1445 438 
f 2485 154 1735 
f 790 154 2485 
f 1472 2447 2171 
f 2586 2464 2320 
f 678 1337 676 
f 1671 1014 686 
f 2595 2036 2462 
f 789 24 22 
f 2359 2236 2237 
f 493 491 1590 
f 1878 2132 606 
f 2326 2075 2207 
f 2008 1350 1348 
f 2212 2551 2364 
f 2366 2364 2551 
f 2508 1852 164 
f 2465 2462 2384 
f 1218 1144 1276 
f 1983 1745 1327 
f 2465 2595 2462 
f 2126 864 2010 
f 2095 2383 2094 
f 847 2049 2087 
f 1347 1350 1670 
f 1205 1791 492 
f 1959 285 286 
f 2016 1038 2486 
f 2331 1747 2074 
f 1973 1585 276 
f 882 883 2512 
f 588 1645 590 
f 1894 95 98 
f 1796 1794 1698 
f 1697 1698 1794 
f 1010 1011 1444 
f 328 1457 325 
f 927 1940 1112 
f 1941 1112 1940 
f 2518 536 2054 
f 1027 2054 536 
f 1337 1338 2510 
f 1134 1855 1968 
f 654 568 569 
f 252 255 860 
f 2518 1271 1274 
f 1254 1321 851 
f 529 530 2596 
f 501 2596 530 
f 963 964 1559 
f 2205 2324 150 
f 1456 1250 209 
f 2520 209 1250 
f 1103 2455 2007 
f 255 1080 673 
f 1775 394 2562 
f 721 100 101 
f 1305 1308 2370 
f 2288 902 498 
f 324 2285 321 
f 1567 1376 901 
f 2017 919 428 
f 460 1815 457 
f 996 319 1896 
f 2593 163 1852 
f 1600 433 436 
f 2438 2286 1462 
f 1858 2155 2441 
f 786 2003 2343 
f 2494 1867 2460 
f 1690 2228 324 
f 2582 324 2228 
f 1814 1813 1007 
f 1106 1815 460 
f 2143 1026 539 
f 2492 1202 1200 
f 497 2129 2005 
f 1360 2005 2129 
f 1364 2317 1366 
f 552 2135 549 
f 1952 549 2135 
f 2022 1400 347 
f 2437 1663 1661 
f 546 522 520 
f 2228 1241 1242 
f 2368 2461 2370 
f 984 891 889 
f 1776 1079 1082 
f 1526 964 962 
f 536 539 1027 
f 686 684 1671 
f 1018 2034 211 
f 909 383 667 
f 538 1887 537 
f 828 2304 830 
f 1588 229 232 
f 1731 516 519 
f 2469 264 2242 
f 863 1133 1131 
f 1252 1298 1254 
f 2419 807 808 
f 1331 1384 1466 
f 665 1291 159 
f 66 1137 1135 
f 715 714 1161 
f 583 581 2579 
f 2465 2430 2595 
f 23 2595 2430 
f 2099 259 270 
f 650 1985 651 
f 2311 1777 1780 
f 1678 1576 1578 
f 2338 1592 1593 
f 2590 1185 1531 
f 2480 275 426 
f 1732 516 1731 
f 1998 845 844 
f 1952 1950 1610 
f 2596 2278 529 
f 967 2219 969 
f 2134 2281 1928 
f 2220 2566 75 
f 77 75 2566 
f 1205 1304 1791 
f 2513 1289 201 
f 2336 687 643 
f 1208 234 235 
f 1590 1894 2403 
f 594 1499 591 
f 2284 2033 2021 
f 2237 35 2359 
f 33 2359 35 
f 951 954 1193 
f 1933 2261 2260 
f 873 2249 870 
f 868 866 65 
f 815 65 866 
f 2556 1636 2580 
f 2264 2580 1636 
f 1288 1102 2024 
f 1493 1236 1234 
f 1925 250 1923 
f 1352 1923 250 
f 451 626 1896 
f 952 1073 1603 
f 2312 2166 2353 
f 2486 2125 2016 
f 2110 2016 2125 
f 654 758 885 
f 917 177 1966 
f 175 1966 177 
f 1618 1620 624 
f 1172 1050 1173 
f 1214 1576 1993 
f 1392 1393 1057 
f 1561 1057 1393 
f 2065 2064 2147 
f 1810 2147 2064 
f 1420 1982 1983 
f 1441 1439 1834 
f 2391 1834 1439 
f 693 1519 690 
f 1530 2502 2045 
f 1033 1031 2569 
f 851 699 702 
f 1920 2445 280 
f 2444 280 2445 
f 2372 942 2018 
f 2597 1988 615 
f 1360 824 2005 
f 1374 2415 1961 
f 1965 1961 2415 
f 1701 1648 1702 
f 1646 1702 1648 
f 1381 407 410 
f 1809 1147 1542 
f 505 589 1140 
f 1573 2441 2440 
f 1028 2227 2270 
f 1781 2270 2227 
f 600 1660 1926 
f 2187 543 1694 
f 917 915 177 
f 2564 2008 97 
f 1683 1681 993 
f 1486 993 1681 
f 1213 2354 905 
f 2454 2136 2138 
f 2336 643 644 
f 1562 1267 1521 
f 829 1844 1221 
f 2583 2227 1028 
f 2437 1661 1724 
f 487 1834 2563 
f 2391 2563 1834 
f 1178 1181 511 
f 499 2288 498 
f 947 1369 1397 
f 1299 1845 2549 
f 2477 605 67 
f 2128 67 605 
f 465 39 464 
f 1604 1765 2130 
f 1460 2416 2418 
f 228 920 861 
f 1209 1533 1536 
f 1775 2562 1081 
f 94 92 249 
f 1162 1326 2209 
f 598 2579 1085 
f 2284 948 2033 
f 1268 1269 2138 
f 1499 1949 2087 
f 1413 2576 2510 
f 2509 2510 2576 
f 1004 716 1066 
f 2509 859 672 
f 1654 1652 1756 
f 2440 1216 1573 
f 1678 1573 1216 
f 2380 710 1883 
f 2391 1918 2563 
f 1263 2343 1175 
f 1767 1770 1970 
f 1704 2420 2591 
f 2344 2591 2420 
f 2104 1178 511 
f 299 2560 33 
f 2358 33 2560 
f 1113 1829 1115 
f 2418 1459 1460 
f 2233 1168 1946 
f 768 247 245 
f 2364 646 2212 
f 1653 991 992 
f 899 1017 1020 
f 595 395 393 
f 2108 1040 2016 
f 2291 2208 2379 
f 1145 1838 160 
f 1496 519 1631 
f 2520 1243 1691 
f 2318 1474 2012 
f 1191 530 528 
f 1365 2332 1367 
f 2340 2225 2385 
f 556 2072 555 
f 938 589 590 
f 2139 351 1895 
f 2000 2056 2002 
f 616 614 2086 
f 313 1954 2565 
f 2175 252 860 
f 2391 2346 1918 
f 2596 501 2587 
f 2065 1177 1012 
f 674 897 1428 
f 2454 478 476 
f 2367 1781 1677 
f 1327 679 1983 
f 373 1710 1152 
f 450 1 1597 
f 2236 2448 1092 
f 2308 2348 469 
f 2202 2253 1942 
f 2062 1639 1962 
f 1024 2076 825 
f 553 2079 1407 
f 2572 635 1998 
f 478 2454 2138 
f 974 976 364 
f 193 1800 195 
f 776 2137 2378 
f 1074 2106 1604 
f 2594 2483 2116 
f 2388 2116 2483 
f 2053 2031 1058 
f 1999 2284 2001 
f 2514 2513 201 
f 2315 804 2314 
f 1504 2505 1506 
f 2594 1506 2505 
f 1437 1913 1436 
f 800 1436 1913 
f 178 1206 1204 
f 2084 1824 1237 
f 1384 1237 1824 
f 755 2173 2574 
f 1081 1079 1775 
f 827 886 1748 
f 2186 2573 1717 
f 391 648 388 
f 2 3 2029 
f 420 1837 1838 
f 2014 2098 2096 
f 1089 695 696 
f 1058 232 2053 
f 230 2053 232 
f 2296 958 956 
f 1997 2154 1737 
f 432 259 257 
f 1146 1147 1809 
f 362 1541 361 
f 1346 2389 850 
f 2400 1316 1731 
f 2490 2386 1864 
f 1865 1864 2386 
f 944 943 1268 
f 1198 2449 2434 
f 423 2598 2434 
f 1198 2434 2598 
f 632 1347 630 
f 1670 630 1347 
f 208 206 812 
f 2599 2315 2554 
f 1793 1311 1309 
f 585 2399 2398 
f 2276 312 343 
f 2481 1709 2200 
f 189 1047 1045 
f 2178 2069 238 
f 754 2574 1409 
f 1201 1409 2574 
f 2375 165 163 
f 1655 436 434 
f 967 2013 2559 
f 2599 2580 2553 
f 2436 2593 1853 
f 538 1380 1886 
f 1540 1538 2252 
f 2004 1415 1632 
f 2058 2240 2495 
f 83 2495 2240 
f 86 1257 1396 
f 2583 1029 2582 
f 2285 2582 1029 
f 1937 2252 2251 
f 2292 2241 1782 
f 1752 228 319 
f 318 319 228 
f 2432 1409 1202 
f 628 2435 1853 
f 1233 772 1525 
f 770 1525 772 
f 2530 1551 2363 
f 1405 2311 1780 
f 1401 1402 1587 
f 1771 2039 1773 
f 412 413 1489 
f 1462 512 2438 
f 2059 2578 112 
f 831 1173 1129 
f 926 329 646 
f 2118 379 377 
f 708 900 910 
f 2086 2085 616 
f 418 438 441 
f 2096 2333 2015 
f 2542 1677 1455 
f 1456 1455 1677 
f 2058 2057 2240 
f 1215 2156 2163 
f 182 180 2283 
f 645 2283 180 
f 2447 1472 1750 
f 1707 1132 1938 
f 2239 722 723 
f 1593 1277 1279 
f 2471 2555 2470 
f 2269 2470 2555 
f 1810 2064 1445 
f 2308 469 1006 
f 220 2529 219 
f 1817 219 2529 
f 2536 1751 994 
f 2596 2277 2278 
f 209 207 1456 
f 2130 366 1603 
f 1399 2173 2395 
f 850 1210 1346 
f 1245 898 1247 
f 2442 60 1601 
f 1294 2344 1849 
f 1131 2539 2010 
f 2540 2010 2539 
f 396 1055 732 
f 363 2065 2147 
f 964 1526 2589 
f 1525 2589 1526 
f 1752 319 996 
f 1890 241 1294 
f 1881 2341 2380 
f 2257 2388 2483 
f 1979 1977 1992 
f 721 101 1762 
f 1842 55 437 
f 2526 2313 2316 
f 300 1553 297 
f 1198 1199 2449 
f 1461 1784 1458 
f 566 229 1588 
f 2475 884 1910 
f 1959 1910 884 
f 1807 2586 2320 
f 849 191 189 
f 468 2500 2077 
f 2315 801 804 
f 1835 1836 2327 
f 153 2205 150 
f 1901 1056 1054 
f 1215 2440 2156 
f 2499 733 1170 
f 1557 2587 985 
f 1939 1435 783 
f 570 783 1435 
f 1820 1715 1717 
f 401 204 205 
f 2249 1029 106 
f 909 173 910 
f 1593 2457 1277 
f 2599 2553 2561 
f 2552 2561 2553 
f 1433 762 760 
f 1443 2088 233 
f 2593 2436 163 
f 2375 163 2436 
f 1034 1086 1085 
f 1523 77 1484 
f 2143 1224 1026 
f 1227 1026 1224 
f 1425 1793 1309 
f 1305 2443 1749 
f 1465 2404 1187 
f 562 1187 2404 
f 2586 1823 2464 
f 1479 1954 1478 
f 2274 2396 2394 
f 2230 165 2375 
f 2583 1028 1029 
f 303 1000 1118 
f 2428 1468 1657 
f 322 1691 324 
f 1690 324 1691 
f 929 1845 1299 
f 1592 2338 1758 
f 113 116 1073 
f 2139 2374 351 
f 34 388 36 
f 834 1629 1099 
f 395 1661 1662 
f 993 1486 1407 
f 2213 2568 2519 
f 953 641 113 
f 1500 2048 2298 
f 21 1851 23 
f 2039 1771 2197 
f 2099 619 256 
f 754 755 2574 
f 2421 1036 581 
f 303 8 1000 
f 1558 575 1302 
f 780 2222 2169 
f 1043 1042 2123 
f 1587 2120 1586 
f 377 1586 2120 
f 1886 1861 1862 
f 210 1122 782 
f 1789 782 1122 
f 535 437 58 
f 1555 1556 2392 
f 226 544 920 
f 651 2 2414 
f 2437 1927 1663 
f 525 526 1451 
f 2055 1905 1273 
f 1792 1519 693 
f 1629 1074 116 
f 672 676 2509 
f 1241 2228 1690 
f 2000 339 2491 
f 178 1385 175 
f 2129 500 1359 
f 474 709 471 
f 1783 471 709 
f 925 1827 929 
f 431 2478 2479 
f 545 227 2507 
f 1159 1524 1158 
f 1334 1333 1739 
f 1225 1226 2541 
f 205 146 149 
f 2121 945 718 
f 1892 182 2283 
f 1426 1245 1246 
f 2598 2204 2082 
f 2546 1033 2569 
f 2433 819 450 
f 1325 681 1327 
f 1912 1696 1699 
f 1266 1264 2572 
f 1646 2431 1702 
f 2530 2592 2531 
f 2561 2315 2599 
f 2363 2592 2530 
f 819 817 2356 
f 2361 550 551 
f 2360 2484 1706 
f 1705 1706 2484 
f 1270 401 1882 
f 2494 2460 2498 
f 2393 2498 2460 
f 1784 1461 1027 
f 2120 1672 2121 
f 2052 1723 2327 
f 1835 2327 1723 
f 2306 1192 2307 
f 1517 1423 702 
f 548 547 412 
f 892 2273 798 
f 40 1112 1941 
f 2556 879 1636 
f 8 303 1447 
f 2581 1612 1613 
f 2078 1048 931 
f 1571 2441 1573 
f 2594 2116 1506 
f 1505 1506 2116 
f 77 2566 2575 
f 1818 1817 2439 
f 274 2439 1817 
f 1219 1580 1617 
f 1616 1617 1580 
f 2277 2596 2587 
f 2584 1684 814 
f 1145 2413 1531 
f 2412 1531 2413 
f 2421 581 582 
f 2331 2074 1220 
f 1069 2182 1719 
f 720 1867 2494 
f 707 706 1153 
f 675 2442 1601 
f 276 279 1973 
f 664 160 666 
f 2589 1525 770 
f 33 36 299 
f 2517 2071 1739 
f 2280 1497 1900 
f 2529 274 1817 
f 2151 1700 1702 
f 1404 1799 1740 
f 2211 322 323 
f 2509 2576 859 
f 2174 859 2576 
f 1956 1467 1958 
f 781 779 2167 
f 713 2532 766 
f 2295 1537 1454 
f 2584 814 1873 
f 53 1329 133 
f 2337 1757 1758 
f 1479 2040 2535 
f 1913 1437 2387 
f 1516 1253 1518 
f 2508 2507 2536 
f 2159 1548 2558 
f 1959 884 285 
f 2109 2107 2521 
f 979 2291 2379 
f 613 611 2523 
f 2476 1812 949 
f 538 1378 1380 
f 815 866 1873 
f 869 1873 866 
f 844 1924 2572 
f 1349 1347 632 
f 600 1926 2246 
f 2056 2000 2491 
f 1133 863 865 
f 427 2584 429 
f 1909 767 2309 
f 2322 780 2169 
f 2118 377 2120 
f 1870 24 787 
f 2024 2023 2351 
f 2466 2351 2023 
f 2274 2275 2396 
f 1377 1441 1834 
f 909 172 173 
f 124 607 655 
f 2367 1677 2542 
f 1305 1749 1307 
f 2505 2503 2482 
f 1932 1437 15 
f 1496 1631 1418 
f 2540 2126 2010 
f 605 606 2128 
f 1339 1246 1340 
f 2159 2558 2345 
f 1638 1637 1941 
f 2508 2536 994 
f 1601 757 378 
f 2597 1987 1988 
f 1691 322 2211 
f 216 1401 757 
f 1411 1996 193 
f 1800 193 1996 
f 1531 2412 2590 
f 1909 2475 1910 
f 258 256 620 
f 1089 2506 695 
f 1391 695 2506 
f 2382 2096 2097 
f 1592 1758 2066 
f 1164 1165 2542 
f 2250 967 968 
f 462 1858 461 
f 1627 96 2009 
f 1437 1932 2426 
f 625 754 1409 
f 2043 1975 2128 
f 1896 320 1895 
f 2388 2257 2258 
f 1872 2301 1772 
f 1128 1523 1424 
f 2600 1127 1483 
f 49 2083 1186 
f 2122 1186 2083 
f 2457 1893 39 
f 2041 1554 354 
f 1044 2521 1042 
f 230 698 728 
f 2452 2550 2567 
f 2540 2127 2126 
f 1829 1971 2516 
f 2347 1625 1349 
f 2432 2588 1409 
f 347 541 2022 
f 1532 1145 1531 
f 1216 2440 1215 
f 2341 1857 1859 
f 1657 1667 1656 
f 616 2597 615 
f 1405 1403 2311 
f 2523 2567 266 
f 1708 1547 2410 
f 2360 2358 2560 
f 392 395 1662 
f 1287 1306 1307 
f 373 374 1710 
f 1689 1432 1068 
f 1961 2187 1374 
f 99 2180 127 
f 957 1723 2052 
f 44 1893 2457 
f 2079 553 1673 
f 2550 969 1602 
f 115 642 1480 
f 1358 1616 1580 
f 2598 52 1197 
f 592 2098 594 
f 1544 891 984 
f 1781 2367 2270 
f 2343 1263 786 
f 1016 2496 1443 
f 1069 1719 29 
f 1145 1532 1838 
f 1388 999 951 
f 1183 2468 2502 
f 2004 1280 731 
f 2014 2096 2015 
f 280 1919 1920 
f 1999 2002 2495 
f 2502 1530 1185 
f 2335 2134 1928 
f 2366 2580 2265 
f 236 13 233 
f 2204 2598 423 
f 712 1783 709 
f 506 2081 588 
f 326 1263 1175 
f 2202 1942 1803 
f 1557 2277 2587 
f 1296 1003 1323 
f 872 1163 208 
f 1591 491 950 
f 2295 2305 1537 
f 854 989 856 
f 2445 1920 2188 
f 1762 723 721 
f 1694 2573 2186 
f 2521 2110 2125 
f 477 2300 476 
f 1873 869 2571 
f 2263 926 2365 
f 2043 2132 2419 
f 2599 2556 2580 
f 1375 488 382 
f 665 1343 1291 
f 1074 1604 1072 
f 442 2538 1552 
f 525 2068 740 
f 578 630 1791 
f 1625 2347 1385 
f 2579 2549 583 
f 1611 2252 1937 
f 600 1086 1660 
f 1807 1743 1741 
f 2039 2197 1503 
f 1902 1673 1402 
f 1621 1624 1623 
f 2235 2297 2237 
f 136 945 2121 
f 1678 1634 1570 
f 156 789 2430 
f 113 1073 953 
f 477 1774 2300 
f 236 15 13 
f 2219 967 2559 
f 2006 1732 2100 
f 1730 2100 1732 
f 2082 52 2598 
f 1036 1034 1085 
f 918 916 662 
f 1397 2476 949 
f 2284 2497 1368 
f 1990 1078 1635 
f 1274 1378 2518 
f 2548 2546 2569 
f 2544 2564 2467 
f 555 1157 557 
f 2406 1168 2233 
f 1704 2591 2451 
f 1157 555 1613 
f 2517 1613 555 
f 1537 1534 1535 
f 1048 2078 147 
f 1665 846 617 
f 703 737 268 
f 2600 2221 1127 
f 1923 1265 1266 
f 920 228 226 
f 2347 1349 632 
f 1892 2283 330 
f 202 2514 201 
f 1714 336 2021 
f 596 521 522 
f 2495 86 1999 
f 917 1966 1192 
f 1044 2109 2521 
f 2400 1731 519 
f 1540 2252 1611 
f 800 1913 1016 
f 90 1310 1638 
f 1497 1495 1170 
f 1998 1473 845 
f 1603 1604 2130 
f 2051 2052 2327 
f 1357 1492 1427 
f 2095 2465 2383 
f 1630 410 408 
f 2211 2520 1691 
f 731 1417 2004 
f 172 909 667 
f 2155 1858 462 
f 220 288 291 
f 965 1158 962 
f 444 2538 442 
f 782 1789 1568 
f 1285 1502 1286 
f 719 717 2310 
f 2226 1662 1086 
f 2209 2290 1162 
f 2009 1348 2429 
f 112 2035 2059 
f 1183 2502 1185 
f 335 390 332 
f 2404 1465 2558 
f 423 1354 2524 
f 2429 1349 1627 
f 2582 2285 324 
f 2554 2556 2599 
f 646 2364 926 
f 502 2306 409 
f 389 390 335 
f 1362 906 904 
f 2598 1197 1198 
f 2259 1507 2256 
f 846 2048 847 
f 1481 2221 2600 
f 2100 398 2006 
f 2572 1998 844 
f 441 1527 418 
f 1097 1883 711 
f 1159 1233 1524 
f 680 681 714 
f 472 2089 2407 
f 1869 822 2460 
f 2393 2460 822 
f 661 1303 660 
f 2019 2017 428 
f 947 1397 949 
f 843 622 2588 
f 774 1287 1470 
f 2019 428 429 
f 738 737 703 
f 2336 2338 689 
f 2451 1294 942 
f 794 938 791 
f 1806 2320 1808 
f 446 85 2224 
f 2152 1109 1110 
f 34 2105 388 
f 1880 1394 1392 
f 1217 1215 2163 
f 1713 2154 1997 
f 505 506 588 
f 1131 2010 863 
f 1769 1767 369 
f 2016 2110 2108 
f 337 1258 339 
f 1936 2361 551 
f 1807 2320 1806 
f 1739 1335 2581 
f 2430 2465 156 
f 2095 156 2465 
f 341 2276 343 
f 1805 1970 1742 
f 554 1156 624 
f 1874 2421 582 
f 1305 2370 2443 
f 1352 250 248 
f 2278 1389 661 
f 1428 1341 62 
f 1692 1615 2104 
f 966 1070 968 
f 979 2532 2291 
f 2540 444 2127 
f 1612 2275 1446 
f 2246 2247 601 
f 2545 2367 2542 
f 2531 2234 2289 
f 2466 2350 2351 
f 1596 1985 2190 
f 1077 1075 1712 
f 2009 2429 1627 
f 2597 616 1987 
f 161 1145 158 
f 2379 984 979 
f 729 2149 730 
f 91 1924 844 
f 1481 2600 1483 
f 707 1153 1213 
f 720 2494 717 
f 2250 2013 967 
f 2329 2330 2522 
f 65 815 1239 
f 2445 2188 1750 
f 1187 1188 1465 
f 60 2442 62 
f 2457 1593 44 
f 2216 2217 2340 
f 2132 1878 1877 
f 709 474 711 
f 1225 2541 2416 
f 156 788 789 
f 966 2550 2182 
f 770 773 1560 
f 776 2378 775 
f 1308 2350 2466 
f 969 2550 966 
f 212 782 1568 
f 420 2386 417 
f 518 398 1632 
f 1821 780 2322 
f 2204 423 2524 
f 59 1654 1756 
f 981 480 1448 
f 925 295 254 
f 1945 865 333 
f 2432 843 2588 
f 156 2095 155 
