#  wavefront obj file written by the visualization toolkit

mtllib rightkidney.mtl

v 122.26000213623047 231.0919952392578 34.548099517822266
v 122.14900207519531 233.37100219726562 35.14070129394531
v 94.7229995727539 246.25100708007812 33.88290023803711
v 94.28070068359375 241.7050018310547 34.017601013183594
v 103.33599853515625 248.5959930419922 62.75320053100586
v 100.73699951171875 247.5330047607422 61.28110122680664
v 144.84300231933594 253.23300170898438 49.20610046386719
v 145.73899841308594 251.8040008544922 51.646400451660156
v 141.00999450683594 197.82400512695312 8.872570037841797
v 141.1230010986328 199.38600158691406 8.226499557495117
v 139.6580047607422 197.677001953125 9.009980201721191
v 116.85199737548828 209.36199951171875 13.053299903869629
v 114.23300170898438 209.5989990234375 14.244600296020508
v 142.25999450683594 198.76199340820312 8.412830352783203
v 131.01199340820312 251.36500549316406 29.636899948120117
v 134.9080047607422 250.11099243164062 29.78619956970215
v 154.66700744628906 203.2100067138672 32.512298583984375
v 154.65899658203125 202.10800170898438 33.420101165771484
v 173.89300537109375 198.0760040283203 33.09109878540039
v 174.21600341796875 197.3979949951172 35.55080032348633
v 127.33000183105469 257.24798583984375 33.317901611328125
v 128.83200073242188 258.2449951171875 35.11180114746094
v 92.51499938964844 243.75799560546875 49.786598205566406
v 93.0907974243164 246.70199584960938 51.498199462890625
v 129.31700134277344 233.6719970703125 62.01100158691406
v 128.3350067138672 236.59800720214844 62.400001525878906
v 130.38499450683594 241.1490020751953 50.10900115966797
v 128.59800720214844 241.92799377441406 50.33649826049805
v 147.12899780273438 232.7239990234375 29.878299713134766
v 147.6280059814453 231.58799743652344 31.76420021057129
v 164.06399536132812 192.27699279785156 16.601699829101562
v 165.84800720214844 191.55599975585938 19.852800369262695
v 165.9320068359375 190.05099487304688 23.982099533081055
v 166.95399475097656 189.23399353027344 27.596200942993164
v 139.11500549316406 199.58399963378906 8.221090316772461
v 137.927001953125 197.88800048828125 9.186240196228027
v 121.50900268554688 226.906005859375 34.185699462890625
v 120.85299682617188 226.17300415039062 35.51449966430664
v 101.21199798583984 256.37200927734375 59.40190124511719
v 99.74230194091797 253.68899536132812 58.84920120239258
v 114.54199981689453 242.50599670410156 43.78499984741211
v 114.24600219726562 241.24600219726562 44.63029861450195
v 163.06500244140625 201.43800354003906 55.52330017089844
v 163.85000610351562 204.89100646972656 55.952999114990234
v 117.7020034790039 200.86599731445312 44.3489990234375
v 117.76599884033203 202.5 48.87630081176758
v 143.6300048828125 237.76600646972656 34.64419937133789
v 144.5489959716797 235.1790008544922 32.882598876953125
v 161.55799865722656 217.19400024414062 29.616199493408203
v 163.44500732421875 214.3730010986328 28.297500610351562
v 91.90670013427734 246.6649932861328 40.312400817871094
v 92.95909881591797 247.58700561523438 36.887901306152344
v 144.3419952392578 236.6439971923828 27.471900939941406
v 144.94700622558594 234.7570037841797 24.94339942932129
v 155.06199645996094 201.83399963378906 34.6349983215332
v 155.33900451660156 202.51300048828125 33.46080017089844
v 115.88200378417969 227.2429962158203 40.057098388671875
v 115.69999694824219 225.8509979248047 40.769901275634766
v 106.45600128173828 214.6840057373047 50.926300048828125
v 105.32599639892578 216.95599365234375 52.06119918823242
v 115.28600311279297 224.98599243164062 42.319801330566406
v 126.03299713134766 217.83700561523438 32.85929870605469
v 125.18599700927734 217.92599487304688 33.72330093383789
v 136.6649932861328 240.53599548339844 21.65880012512207
v 137.55799865722656 238.3090057373047 20.458900451660156
v 98.88909912109375 256.63800048828125 56.50600051879883
v 98.868896484375 259.2569885253906 54.284698486328125
v 146.1179962158203 207.38600158691406 9.764289855957031
v 149.4669952392578 208.0570068359375 11.370599746704102
v 143.93800354003906 197.7530059814453 9.307700157165527
v 143.7740020751953 199.67100524902344 8.401630401611328
v 167.32000732421875 194.1479949951172 47.27330017089844
v 170.06399536132812 196.8520050048828 45.9984016418457
v 131.24600219726562 238.10800170898438 37.13880157470703
v 129.61399841308594 238.53599548339844 36.296600341796875
v 146.82200622558594 205.84800720214844 34.50960159301758
v 147.33599853515625 204.2740020751953 36.410499572753906
v 130.32200622558594 214.7729949951172 65.50890350341797
v 128.6060028076172 212.27699279785156 65.02400207519531
v 122.92500305175781 222.07699584960938 38.9739990234375
v 120.83300018310547 223.3820037841797 40.214698791503906
v 143.18099975585938 192.21200561523438 13.471400260925293
v 140.427001953125 192.43800354003906 13.564200401306152
v 95.61640167236328 246.8780059814453 55.6593017578125
v 94.54940032958984 249.61599731445312 53.719398498535156
v 162.69400024414062 189.68899536132812 20.981700897216797
v 162.69900512695312 188.54299926757812 24.09079933166504
v 132.39700317382812 214.93099975585938 32.242698669433594
v 131.48800659179688 215.71499633789062 32.154300689697266
v 137.5229949951172 199.31300354003906 8.609339714050293
v 129.781005859375 216.33700561523438 32.16550064086914
v 119.27100372314453 224.72799682617188 40.05070114135742
v 117.00399780273438 224.36700439453125 41.08449935913086
v 97.3750991821289 258.7619934082031 40.083499908447266
v 98.82489776611328 259.0840148925781 37.64350128173828
v 139.625 203.06500244140625 41.49250030517578
v 141.0469970703125 203.14100646972656 40.87009811401367
v 141.0290069580078 207.92999267578125 34.8568000793457
v 141.968994140625 207.20899963378906 36.36159896850586
v 126.41400146484375 194.43899536132812 48.01070022583008
v 123.64099884033203 194.76600646972656 44.49760055541992
v 120.10700225830078 229.64300537109375 50.565799713134766
v 121.09100341796875 227.4250030517578 50.682498931884766
v 139.78599548339844 198.8350067138672 8.356880187988281
v 140.37600708007812 200.16799926757812 8.03573989868164
v 144.31500244140625 240.95599365234375 34.50510025024414
v 125.21499633789062 261.1340026855469 38.9817008972168
v 127.62699890136719 260.9849853515625 42.56230163574219
v 165.86000061035156 213.56300354003906 31.97599983215332
v 165.85899353027344 215.11500549316406 35.76409912109375
v 99.09149932861328 253.781005859375 32.877899169921875
v 102.06700134277344 252.0659942626953 30.681100845336914
v 158.072998046875 208.4669952392578 15.124099731445312
v 161.64599609375 208.1999969482422 17.80769920349121
v 143.0850067138672 220.69900512695312 14.124500274658203
v 146.17300415039062 222.2270050048828 16.978900909423828
v 118.55699920654297 232.33200073242188 16.06599998474121
v 122.78600311279297 234.1490020751953 16.136499404907227
v 127.125 218.1060028076172 32.20970153808594
v 126.88400268554688 216.54400634765625 32.82709884643555
v 130.7030029296875 238.93699645996094 41.939998626708984
v 130.17799377441406 239.79100036621094 43.830101013183594
v 109.82499694824219 208.03799438476562 46.029598236083984
v 110.02799987792969 210.3209991455078 49.90119934082031
v 142.60000610351562 200.78700256347656 8.051349639892578
v 116.94300079345703 241.3560028076172 47.187400817871094
v 117.5790023803711 239.11700439453125 49.40409851074219
v 156.83700561523438 211.052001953125 16.289100646972656
v 123.81700134277344 193.56300354003906 41.096099853515625
v 135.156005859375 244.11399841308594 62.400001525878906
v 135.2220001220703 245.93899536132812 62.30690002441406
v 145.43299865722656 199.33399963378906 9.019669532775879
v 134.24099731445312 212.13299560546875 33.4093017578125
v 133.91200256347656 213.54600524902344 32.60200119018555
v 116.52400207519531 244.25999450683594 42.61470031738281
v 115.35900115966797 243.6719970703125 42.30120086669922
v 145.61700439453125 219.58999633789062 14.747099876403809
v 110.83200073242188 213.83399963378906 53.539798736572266
v 107.73500061035156 212.7270050048828 50.195098876953125
v 96.1355972290039 255.36700439453125 53.598899841308594
v 96.214599609375 257.5459899902344 51.59130096435547
v 126.1240005493164 215.0050048828125 46.25510025024414
v 128.15499877929688 214.45899963378906 47.852699279785156
v 125.47899627685547 241.7519989013672 42.9192008972168
v 124.19599914550781 242.5229949951172 43.017601013183594
v 139.13900756835938 218.91200256347656 32.26029968261719
v 136.85000610351562 222.09800720214844 32.06740188598633
v 135.01800537109375 207.00999450683594 41.930301666259766
v 134.4239959716797 207.88999938964844 44.74190139770508
v 135.97900390625 259.4599914550781 59.067901611328125
v 138.3300018310547 257.4460144042969 59.858001708984375
v 94.16719818115234 252.66700744628906 51.42359924316406
v 93.77549743652344 254.10000610351562 46.54029846191406
v 114.71800231933594 254.8249969482422 29.41349983215332
v 115.34500122070312 259.4230041503906 32.499000549316406
v 148.9499969482422 212.3800048828125 12.528200149536133
v 153.16200256347656 212.25 14.609700202941895
v 103.39900207519531 220.2469940185547 53.10860061645508
v 101.23400115966797 221.5489959716797 52.09870147705078
v 148.3419952392578 214.718994140625 66.02549743652344
v 147.20399475097656 216.1230010986328 64.67569732666016
v 126.62899780273438 231.87100219726562 61.91749954223633
v 142.56500244140625 239.34800720214844 27.381799697875977
v 143.76400756835938 238.66799926757812 30.29319953918457
v 140.61500549316406 254.4290008544922 37.043800354003906
v 142.85499572753906 252.48500061035156 36.71009826660156
v 104.7229995727539 237.86399841308594 62.48609924316406
v 102.47699737548828 238.27999877929688 61.290000915527344
v 145.48599243164062 251.90699768066406 46.07099914550781
v 146.4040069580078 249.84100341796875 45.7036018371582
v 136.0330047607422 209.62399291992188 33.974300384521484
v 135.10299682617188 210.9709930419922 34.20790100097656
v 139.5659942626953 201.62100219726562 8.003520011901855
v 118.88300323486328 264.91900634765625 61.24689865112305
v 117.65299987792969 265.239013671875 60.962501525878906
v 132.69200134277344 229.4600067138672 14.757100105285645
v 134.87899780273438 228.4770050048828 14.68910026550293
v 158.48500061035156 217.6510009765625 25.638500213623047
v 160.64300537109375 215.5800018310547 25.510000228881836
v 111.53900146484375 248.4770050048828 24.63409996032715
v 112.66100311279297 251.22500610351562 26.29360008239746
v 141.56900024414062 203.406005859375 47.718299865722656
v 142.9250030517578 204.22900390625 49.236900329589844
v 134.83399963378906 221.38800048828125 56.44200134277344
v 135.67799377441406 219.07200622558594 54.572200775146484
v 159.55499267578125 221.16900634765625 38.69729995727539
v 161.9429931640625 219.6909942626953 37.45309829711914
v 102.6050033569336 216.63099670410156 27.63290023803711
v 101.81900024414062 218.4980010986328 26.094200134277344
v 159.7270050048828 220.74400329589844 35.42490005493164
v 160.88400268554688 216.9409942626953 52.575401306152344
v 158.73699951171875 217.6510009765625 52.877201080322266
v 164.57899475097656 199.75100708007812 53.45819854736328
v 152.20799255371094 207.5749969482422 65.49620056152344
v 150.2689971923828 208.21200561523438 66.55919647216797
v 144.26499938964844 202.36199951171875 8.161419868469238
v 145.66000366210938 201.41000366210938 8.61322021484375
v 144.6540069580078 203.80499267578125 49.792999267578125
v 144.1320037841797 203.04299926757812 48.85599899291992
v 104.0199966430664 261.98699951171875 39.01179885864258
v 105.8290023803711 263.0270080566406 40.71260070800781
v 169.01100158691406 189.63499450683594 36.081199645996094
v 165.69500732421875 187.35899353027344 36.930301666259766
v 131.45599365234375 261.0509948730469 48.647098541259766
v 133.86300659179688 260.9010009765625 50.84239959716797
v 133.0019989013672 241.4290008544922 49.05649948120117
v 133.0679931640625 242.04600524902344 46.56930160522461
v 164.3280029296875 186.77699279785156 33.451698303222656
v 161.8179931640625 186.02099609375 31.74519920349121
v 129.677001953125 260.989990234375 46.145999908447266
v 144.39999389648438 243.39599609375 40.73789978027344
v 142.60499572753906 240.83200073242188 41.59170150756836
v 146.39300537109375 215.48899841308594 66.07620239257812
v 112.75700378417969 235.59800720214844 41.358299255371094
v 112.24800109863281 236.29100036621094 42.571998596191406
v 127.35299682617188 216.2989959716797 38.24209976196289
v 129.30799865722656 215.4499969482422 37.542999267578125
v 98.81179809570312 228.53900146484375 54.54140090942383
v 98.67179870605469 225.43499755859375 52.067501068115234
v 138.8699951171875 210.44700622558594 50.93080139160156
v 141.3489990234375 211.13800048828125 51.19049835205078
v 147.927001953125 191.3820037841797 14.168800354003906
v 147.33299255371094 189.90199279785156 16.25469970703125
v 140.6439971923828 202.73899841308594 66.54900360107422
v 138.57699584960938 203.76400756835938 66.72309875488281
v 138.02000427246094 206.1820068359375 67.07879638671875
v 136.1020050048828 209.04200744628906 67.11609649658203
v 151.0489959716797 201.2209930419922 41.29650115966797
v 152.9969940185547 201.1840057373047 42.57809829711914
v 152.2760009765625 213.75799560546875 62.41450119018555
v 150.6320037841797 213.6739959716797 65.17939758300781
v 169.08299255371094 203.46200561523438 50.01060104370117
v 167.49200439453125 205.99899291992188 52.347801208496094
v 155.3820037841797 208.89999389648438 47.23540115356445
v 155.1840057373047 210.75 45.20989990234375
v 135.5030059814453 217.6790008544922 52.84870147705078
v 136.80499267578125 215.90499877929688 52.19139862060547
v 132.99899291992188 232 32.65810012817383
v 131.04600524902344 233.4739990234375 32.78020095825195
v 166.7530059814453 189.9010009765625 42.532100677490234
v 166.79200744628906 188.6439971923828 39.2421989440918
v 144.3280029296875 227.48899841308594 19.484899520874023
v 143.875 224.48399353027344 16.881399154663086
v 137.2209930419922 254.05999755859375 62.34659957885742
v 136.56500244140625 256.0379943847656 62.01900100708008
v 155.83599853515625 218.98699951171875 23.9419002532959
v 117.11599731445312 229.76300048828125 49.20370101928711
v 117.20099639892578 231.31700134277344 49.78839874267578
v 104.15399932861328 225.73899841308594 57.24129867553711
v 101.68000030517578 224.82699584960938 54.522300720214844
v 96.40730285644531 235.67100524902344 29.372900009155273
v 96.99870300292969 232.6790008544922 26.930999755859375
v 157.6649932861328 196.41299438476562 56.03260040283203
v 155.8249969482422 194.05799865722656 54.66780090332031
v 109.81999969482422 204.86199951171875 33.893798828125
v 108.45500183105469 207.65699768066406 30.032699584960938
v 142.06500244140625 192.3350067138672 54.10929870605469
v 137.61500549316406 190.2030029296875 48.83890151977539
v 141.1230010986328 201.51600646972656 8.00883960723877
v 134.125 238.7519989013672 42.97740173339844
v 131.80999755859375 238.98699951171875 42.99340057373047
v 173.36900329589844 195.2790069580078 35.63560104370117
v 173.75900268554688 197.53599548339844 38.724700927734375
v 135.82200622558594 239.0030059814453 43.950199127197266
v 165.86700439453125 204.56399536132812 17.378599166870117
v 165.2239990234375 202.7100067138672 15.296600341796875
v 127.63300323486328 192.81500244140625 24.09980010986328
v 125.48799896240234 194.7449951171875 23.019899368286133
v 170.6999969482422 191.59100341796875 31.85110092163086
v 171.61000061035156 191.9510040283203 34.885799407958984
v 144.40899658203125 211.79200744628906 51.20000076293945
v 103.16000366210938 255.27099609375 32.20479965209961
v 102.18000030517578 258.1679992675781 34.06209945678711
v 135.23399353027344 215.84100341796875 33.08340072631836
v 133.52999877929688 216.25100708007812 32.52289962768555
v 168.22999572753906 213.01100158691406 37.84870147705078
v 169.9980010986328 210.9320068359375 36.701900482177734
v 133.56900024414062 225.64700317382812 13.463700294494629
v 136.64700317382812 226.7270050048828 14.414899826049805
v 141.66900634765625 217.95199584960938 64.63790130615234
v 144.052001953125 217.572998046875 64.21160125732422
v 132.19900512695312 225.2729949951172 58.2661018371582
v 131.27499389648438 224.50799560546875 61.12160110473633
v 108.33100128173828 263.8169860839844 41.125
v 110.5009994506836 263.99798583984375 39.29610061645508
v 131.33700561523438 214.4739990234375 32.307899475097656
v 102.11900329589844 262.3059997558594 53.94960021972656
v 104.36499786376953 262.86700439453125 55.22700119018555
v 173.2899932861328 202.06700134277344 40.69160079956055
v 173.0449981689453 199.33999633789062 40.96049880981445
v 167.0189971923828 199.51199340820312 15.374500274658203
v 168.53599548339844 199.43299865722656 16.956600189208984
v 142.14500427246094 254.6790008544922 58.16419982910156
v 143.16799926757812 253.18299865722656 58.11180114746094
v 129.8090057373047 197.41299438476562 55.26449966430664
v 126.70800018310547 197.38400268554688 52.416900634765625
v 136.22300720214844 203.4510040283203 8.160280227661133
v 136.18299865722656 200.88099670410156 8.566060066223145
v 112.86399841308594 231.6060028076172 46.26129913330078
v 112.77899932861328 230.28399658203125 45.17490005493164
v 115.85299682617188 201.65499877929688 19.589099884033203
v 113.3499984741211 203.4600067138672 20.702199935913086
v 154.29299926757812 217.62600708007812 53.98379898071289
v 153.03399658203125 217.6230010986328 52.969600677490234
v 160.16799926757812 186.97500610351562 26.053300857543945
v 158.79100036621094 221.41600036621094 41.540401458740234
v 159.61599731445312 221.18099975585938 42.804298400878906
v 105.96600341796875 265.06298828125 51.08649826049805
v 107.7030029296875 264.8970031738281 46.45719909667969
v 141.48599243164062 254.447998046875 39.3213005065918
v 135.9530029296875 209.8260040283203 35.561100006103516
v 173.01199340820312 198.65199279785156 27.081600189208984
v 172.2209930419922 196.05499267578125 25.829700469970703
v 137.48800659179688 208.0050048828125 48.03129959106445
v 138.90199279785156 206.1199951171875 47.2223014831543
v 103.01100158691406 256.89300537109375 60.35300064086914
v 103.27200317382812 258.906005859375 59.1870002746582
v 103.84600067138672 242.0469970703125 24.217899322509766
v 106.6709976196289 240.46499633789062 22.475000381469727
v 154.03700256347656 201.90899658203125 42.374900817871094
v 154.8699951171875 203.16600036621094 42.18360137939453
v 143.52499389648438 201.91700744628906 42.3494987487793
v 143.00100708007812 202.67999267578125 40.760398864746094
v 112.08100128173828 230.70599365234375 41.25510025024414
v 112.74400329589844 230.6840057373047 40.420799255371094
v 127.20899963378906 240.08700561523438 39.19770050048828
v 125.75299835205078 240.20799255371094 39.769798278808594
v 118.36100006103516 233.8560028076172 50.14080047607422
v 132.76600646972656 235.97300720214844 61.46049880981445
v 131.86500549316406 234.09800720214844 60.87310028076172
v 134.822998046875 207.06900024414062 66.60320281982422
v 133.1300048828125 209.53399658203125 66.2667007446289
v 160.28700256347656 196.54600524902344 54.74879837036133
v 124.8030014038086 217.83200073242188 34.72079849243164
v 124.47599792480469 219.13400268554688 36.68870162963867
v 96.02079772949219 243.50900268554688 31.650699615478516
v 97.00090026855469 245.32400512695312 31.13450050354004
v 125.9229965209961 216.69000244140625 33.73210144042969
v 126.12300109863281 216.2989959716797 35.130401611328125
v 114.38099670410156 227.0240020751953 44.38890075683594
v 116.28700256347656 225.3730010986328 46.30459976196289
v 153.7949981689453 201.7570037841797 46.601200103759766
v 153.53500366210938 201.02499389648438 45.19710159301758
v 142.05299377441406 206.3459930419922 8.075750350952148
v 141.41099548339844 204.8090057373047 8.001330375671387
v 153.3249969482422 217.56900024414062 42.557498931884766
v 154.093994140625 219.3000030517578 42.265098571777344
v 101.84200286865234 253.99899291992188 60.49570083618164
v 122.96099853515625 216.93800354003906 43.5265007019043
v 123.84600067138672 216.80299377441406 46.18190002441406
v 127.39099884033203 204.0240020751953 60.82379913330078
v 127.63800048828125 206.46800231933594 62.81169891357422
v 142.3939971923828 203.2779998779297 8.018879890441895
v 154.29400634765625 198.74600219726562 11.745699882507324
v 156.39700317382812 196.7760009765625 12.698200225830078
v 123.55999755859375 211.5 11.247900009155273
v 125.2239990234375 208.0189971923828 11.411999702453613
v 120.0469970703125 196.57400512695312 38.49980163574219
v 119.36499786376953 196.9149932861328 35.176700592041016
v 129.83099365234375 215.66400146484375 50.38560104370117
v 132.2220001220703 215.8000030517578 51.118099212646484
v 138.8719940185547 256.06500244140625 39.73030090332031
v 139.6540069580078 256.2049865722656 43.94110107421875
v 133.22900390625 222.3209991455078 54.644100189208984
v 119.77200317382812 250.0959930419922 63.448299407958984
v 122.02300262451172 244.99099731445312 63.14030075073242
v 134.29400634765625 210.427001953125 9.819239616394043
v 133.8719940185547 213.48800659179688 10.87909984588623
v 125.58899688720703 215.66900634765625 46.902400970458984
v 121.08799743652344 244.0260009765625 45.1442985534668
v 119.91400146484375 243.82400512695312 46.07590103149414
v 150.72000122070312 204.28900146484375 32.13199996948242
v 150.34100341796875 206.24000549316406 32.09280014038086
v 113.1729965209961 228.2519989013672 43.14339828491211
v 113.7239990234375 227.65199279785156 41.94279861450195
v 113.16799926757812 207.73899841308594 15.323200225830078
v 114.9209976196289 207.41600036621094 14.303500175476074
v 129.427001953125 194.5590057373047 15.175800323486328
v 128.04400634765625 195.23599243164062 16.711999893188477
v 152.2169952392578 201.7050018310547 38.00899887084961
v 153.98699951171875 203.447998046875 39.41419982910156
v 142.18099975585938 208.13999938964844 34.31520080566406
v 118.09200286865234 261.3450012207031 34.69620132446289
v 120.90899658203125 262.47698974609375 37.182899475097656
v 132.24000549316406 192.72300720214844 50.82809829711914
v 129.63299560546875 193.01499938964844 49.410301208496094
v 128.08399963378906 239.98500061035156 41.464698791503906
v 127.1780014038086 241.05999755859375 43.405601501464844
v 169.63800048828125 199.16099548339844 18.885499954223633
v 170.06500244140625 196.8800048828125 19.65850067138672
v 152.64100646972656 216.75799560546875 51.62049865722656
v 107.4540023803711 219.20700073242188 55.56549835205078
v 104.53399658203125 222.54800415039062 55.61000061035156
v 115.09400177001953 243.0800018310547 41.14789962768555
v 114.33599853515625 242.53700256347656 40.30759811401367
v 168.33299255371094 213.11700439453125 42.21220016479492
v 167.88600158691406 212.10899353027344 46.45439910888672
v 119.78199768066406 197.61099243164062 24.094600677490234
v 117.02100372314453 199.0970001220703 25.926000595092773
v 142.89100646972656 202.63400268554688 47.55270004272461
v 141.1739959716797 202.24000549316406 46.0713996887207
v 167.13699340820312 200.9709930419922 52.00709915161133
v 165.96099853515625 198.4149932861328 51.72269821166992
v 121.96399688720703 230.85299682617188 15.679200172424316
v 139.20899963378906 203.7989959716797 8.000809669494629
v 140.55599975585938 203.5749969482422 8.000060081481934
v 164.29100036621094 211.01600646972656 24.449499130249023
v 166.1739959716797 211.24400329589844 27.890499114990234
v 142.25999450683594 200.90699768066406 64.81340026855469
v 138.88299560546875 201.39700317382812 64.9802017211914
v 136.57200622558594 247.177001953125 27.99920082092285
v 140.822998046875 248.23399353027344 31.081199645996094
v 99.0593032836914 261.1579895019531 44.924198150634766
v 101.08599853515625 261.3269958496094 40.886199951171875
v 143.66400146484375 202.84500122070312 39.50899887084961
v 131.3509979248047 238.1529998779297 51.64699935913086
v 140.88999938964844 189.29299926757812 21.848499298095703
v 139.7949981689453 188.33599853515625 28.713699340820312
v 146.29600524902344 204.3520050048828 66.6854019165039
v 147.60400390625 206.92999267578125 67.1720962524414
v 147.85000610351562 204.93800354003906 50.720001220703125
v 149.71299743652344 204.43099975585938 49.78269958496094
v 155.1179962158203 202.1510009765625 44.02899932861328
v 155.99400329589844 203.18899536132812 44.22489929199219
v 105.7959976196289 211.7760009765625 29.835100173950195
v 102.2979965209961 214.75399780273438 30.899499893188477
v 138.22000122070312 196.03900146484375 10.296600341796875
v 139.35699462890625 194.38999938964844 11.618599891662598
v 113.63500213623047 266.6860046386719 58.297298431396484
v 115.28199768066406 267.0690002441406 58.05580139160156
v 154.08799743652344 208.58700561523438 64.23970031738281
v 153.83700561523438 206.10699462890625 64.05809783935547
v 131.33599853515625 194.35000610351562 13.73639965057373
v 131.25599670410156 193.30599975585938 15.422599792480469
v 123.17400360107422 261.9309997558594 41.055599212646484
v 125.24700164794922 264.82000732421875 59.339599609375
v 123.87300109863281 264.01300048828125 60.921600341796875
v 108.13899993896484 265.6579895019531 50.30619812011719
v 111.05899810791016 265.9960021972656 49.592899322509766
v 107.83300018310547 210.43499755859375 26.09469985961914
v 109.08999633789062 208.9739990234375 22.82309913635254
v 158.85000610351562 193.43299865722656 14.345800399780273
v 156.36000061035156 193.1199951171875 13.92140007019043
v 153.5330047607422 212.13699340820312 63.05070114135742
v 154.8560028076172 213.1320037841797 60.4453010559082
v 160.45700073242188 192.9429931640625 14.754400253295898
v 135.7270050048828 208.6269989013672 39.02009963989258
v 135.98199462890625 210.08399963378906 37.44889831542969
v 98.1990966796875 261.0220031738281 47.65449905395508
v 155.47799682617188 210.8040008544922 62.301700592041016
v 173.0449981689453 195.24400329589844 32.92219924926758
v 136.2899932861328 205.8179931640625 43.6781005859375
v 145.05799865722656 211.9250030517578 32.08509826660156
v 142.98699951171875 210.20199584960938 32.45690155029297
v 145.23500061035156 247.88900756835938 34.268798828125
v 145.7729949951172 246.52999877929688 34.65620040893555
v 144.67999267578125 215.23699951171875 66.50019836425781
v 157.1790008544922 204.072998046875 60.690399169921875
v 157.96400451660156 201.18299865722656 58.67679977416992
v 126.22200012207031 244.22900390625 46.72169876098633
v 125.19599914550781 243.26300048828125 45.2218017578125
v 147.96800231933594 201.031005859375 40.06460189819336
v 148.7239990234375 201.91799926757812 38.0359992980957
v 143.70899963378906 250.68800354003906 58.28200149536133
v 142.57200622558594 252.05799865722656 59.46670150756836
v 120.8219985961914 259.71099853515625 62.48860168457031
v 118.55000305175781 256.6189880371094 63.19620132446289
v 132.06700134277344 256.77801513671875 35.16059875488281
v 116.2300033569336 230.55499267578125 39.39889907836914
v 114.91899871826172 230.67999267578125 39.96609878540039
v 125.38300323486328 264.9989929199219 56.898799896240234
v 146.3679962158203 227.447998046875 21.297700881958008
v 164.58200073242188 208.4290008544922 21.23080062866211
v 167.15499877929688 207.9040069580078 23.870399475097656
v 128.44500732421875 218.12399291992188 50.7599983215332
v 112.62699890136719 241.47500610351562 40.87480163574219
v 112.25399780273438 240.62600708007812 41.5526008605957
v 144.13800048828125 189.5050048828125 18.376399993896484
v 94.23210144042969 253.0800018310547 37.37689971923828
v 96.40290069580078 255.1959991455078 36.21189880371094
v 149.45799255371094 187.28900146484375 23.169700622558594
v 147.4080047607422 188.6540069580078 19.640100479125977
v 113.9229965209961 243.11199951171875 40.93870162963867
v 105.84500122070312 219.8459930419922 20.338699340820312
v 104.60199737548828 222.125 20.105199813842773
v 146.23199462890625 202.69900512695312 38.450801849365234
v 144.32899475097656 203.6820068359375 38.26070022583008
v 133.68899536132812 211.74000549316406 40.467098236083984
v 133.37399291992188 211.14700317382812 41.52040100097656
v 140.22300720214844 188.697998046875 45.82659912109375
v 137.7830047607422 188.3470001220703 39.466800689697266
v 148.3780059814453 220.5500030517578 34.12089920043945
v 146.85299682617188 223.3070068359375 33.73360061645508
v 132.39700317382812 233.2100067138672 58.15650177001953
v 130.6219940185547 231.80299377441406 59.97779846191406
v 144.09500122070312 217.9669952392578 61.90060043334961
v 143.40499877929688 249.34500122070312 32.36909866333008
v 144.1490020751953 249.61599731445312 33.698001861572266
v 168.44400024414062 201.9600067138672 18.816499710083008
v 168.66000366210938 204.2310028076172 21.514400482177734
v 148.17999267578125 230.302001953125 32.25830078125
v 148.10400390625 217.552001953125 33.62160110473633
v 100.62000274658203 244.7050018310547 27.993799209594727
v 98.47760009765625 247.5290069580078 30.79050064086914
v 145.3560028076172 191.09800720214844 14.643199920654297
v 115.29299926757812 239.26600646972656 40
v 113.67500305175781 239.78199768066406 40.16510009765625
v 125.66100311279297 252.60000610351562 62.763099670410156
v 154.8470001220703 209.7050018310547 14.073599815368652
v 164.2570037841797 212.11300659179688 54.16749954223633
v 164.90899658203125 210.1230010986328 54.750701904296875
v 144.1280059814453 254.1300048828125 55.224098205566406
v 143.26699829101562 254.36300659179688 56.75149917602539
v 116.84400177001953 224.94900512695312 15.368599891662598
v 120.86000061035156 227.39300537109375 15.026100158691406
v 116.23500061035156 265.8659973144531 50.59400177001953
v 117.49700164794922 265.02301025390625 47.62300109863281
v 111.78600311279297 232.47799682617188 42.91350173950195
v 111.74099731445312 231.0189971923828 42.3286018371582
v 137.37100219726562 240.2570037841797 50.77669906616211
v 134.93899536132812 239.37600708007812 51.24470138549805
v 113.51000213623047 228.84300231933594 45.12620162963867
v 113.56800079345703 229.98500061035156 46.17409896850586
v 118.59400177001953 227.6529998779297 49.259498596191406
v 118.57099914550781 225.2969970703125 48.56800079345703
v 114.54000091552734 227.35000610351562 40.69900131225586
v 114.53600311279297 235.7220001220703 17.664400100708008
v 118.36299896240234 238.71400451660156 18.125600814819336
v 143.74200439453125 255.31300354003906 50.120601654052734
v 145.37899780273438 251.63299560546875 55.07170104980469
v 145.1009979248047 250.61199951171875 56.47999954223633
v 133.8350067138672 194.5330047607422 12.61240005493164
v 132.59500122070312 195.6739959716797 12.199399948120117
v 99.97239685058594 255.98399353027344 33.825199127197266
v 146.4320068359375 219.31199645996094 33.326499938964844
v 145.52099609375 201.8300018310547 39.610599517822266
v 132.71099853515625 193.4810028076172 13.929499626159668
v 133.9320068359375 192.32000732421875 15.337900161743164
v 106.48100280761719 231.19700622558594 61.214500427246094
v 104.19300079345703 230.39999389648438 59.4453010559082
v 127.83399963378906 259.9530029296875 62.13690185546875
v 123.85099792480469 255.6840057373047 62.6348991394043
v 154.6649932861328 210.16200256347656 33.979000091552734
v 153.00900268554688 210.9340057373047 32.99409866333008
v 122.72200012207031 225.78599548339844 33.426998138427734
v 124.16500091552734 224.6009979248047 33.04100036621094
v 156.2169952392578 221.23300170898438 28.757299423217773
v 110.22100067138672 253.2779998779297 63.9817008972168
v 108.93499755859375 256.6579895019531 63.037601470947266
v 101.72899627685547 240.70599365234375 61.3400993347168
v 98.95829772949219 240.13499450683594 59.02000045776367
v 97.89720153808594 235.8520050048828 26.58329963684082
v 137.83900451660156 204.4600067138672 8.0031099319458
v 113.58100128173828 263.5329895019531 36.90719985961914
v 112.5979995727539 261.5360107421875 34.31809997558594
v 114.08200073242188 238.12100219726562 40.04520034790039
v 113.5790023803711 236.94500732421875 40.26639938354492
v 145.1699981689453 197.67100524902344 9.646989822387695
v 155.0449981689453 211.2270050048828 48.4276008605957
v 101.4000015258789 235.9429931640625 23.494600296020508
v 104.49500274658203 235.6269989013672 21.807600021362305
v 139.10899353027344 213.67100524902344 32.096900939941406
v 137.62600708007812 215.56500244140625 32.59349822998047
v 104.17500305175781 217.30499267578125 25.082399368286133
v 102.04100036621094 220.1320037841797 24.008699417114258
v 121.09500122070312 224.13699340820312 49.874000549316406
v 167.5240020751953 188.8769989013672 30.93429946899414
v 169.4239959716797 190.0070037841797 33.406700134277344
v 116.0510025024414 266.3190002441406 60.54669952392578
v 115.91300201416016 267.30499267578125 59.59700012207031
v 119.43099975585938 208.24099731445312 12.399499893188477
v 120.06199645996094 211.18699645996094 11.83180046081543
v 145.63900756835938 245.32000732421875 34.66460037231445
v 122.75399780273438 193.92300415039062 38.03260040283203
v 171.16099548339844 196.30999755859375 22.36989974975586
v 169.86399841308594 194.58099365234375 21.014799118041992
v 161.3509979248047 198.7480010986328 55.37139892578125
v 159.8070068359375 201.13999938964844 57.654998779296875
v 97.98560333251953 259.7200012207031 52.473899841308594
v 97.92949676513672 260.6579895019531 50.3588981628418
v 136.53399658203125 194.70899963378906 11.77180004119873
v 120.9209976196289 261.02801513671875 34.83530044555664
v 156.5540008544922 186.93600463867188 24.159700393676758
v 153.1199951171875 186.0330047607422 25.951900482177734
v 170.0030059814453 211.41200256347656 41.17620086669922
v 145.87899780273438 204.802001953125 50.73550033569336
v 146.13900756835938 203.9080047607422 50.11349868774414
v 155.90499877929688 202.67100524902344 34.80580139160156
v 111.91400146484375 209.3679962158203 16.09149932861328
v 145.36599731445312 214.63600158691406 32.108299255371094
v 142.08900451660156 216.23899841308594 32.1776008605957
v 128.0590057373047 216.59300231933594 32.37459945678711
v 113.87799835205078 201.38099670410156 26.934099197387695
v 114.78399658203125 201.24899291992188 23.223499298095703
v 92.58769989013672 230.91200256347656 42.34830093383789
v 92.51210021972656 235.00100708007812 44.04779815673828
v 101.12899780273438 214.54299926757812 39.70669937133789
v 99.97599792480469 215.68800354003906 34.667301177978516
v 99.99739837646484 219.38099670410156 27.193199157714844
v 98.28569793701172 222.39199829101562 26.50659942626953
v 167.6929931640625 201.2030029296875 16.62459945678711
v 131.60800170898438 221.19500732421875 52.222900390625
v 132.58099365234375 218.48599243164062 51.70069885253906
v 131.77499389648438 217.8470001220703 32.11790084838867
v 168.6699981689453 209.1020050048828 48.486900329589844
v 100.23300170898438 258.53900146484375 35.55039978027344
v 112.32099914550781 240.66600036621094 43.089599609375
v 112.24199676513672 241.38299560546875 42.06959915161133
v 127.99400329589844 263.8429870605469 55.21659851074219
v 131.1540069580078 262.4729919433594 57.110801696777344
v 113.36499786376953 211.23599243164062 14.678799629211426
v 116.27200317382812 212.2989959716797 13.229299545288086
v 123.00700378417969 240.38400268554688 63.03580093383789
v 120.7699966430664 235.94400024414062 63.14889907836914
v 142.53799438476562 230.60499572753906 33.59769821166992
v 143.08099365234375 232.8990020751953 33.51559829711914
v 118.23899841308594 237.60400390625 38.858001708984375
v 116.8030014038086 238.18800354003906 39.78269958496094
v 120.65699768066406 242.7100067138672 40.65340042114258
v 120.41699981689453 240.71800231933594 40.00239944458008
v 106.61199951171875 233.5279998779297 19.87459945678711
v 102.75299835205078 251.31100463867188 61.909000396728516
v 106.05699920654297 252.1479949951172 63.46500015258789
v 136.7949981689453 206.1999969482422 8.036470413208008
v 149.82200622558594 206.13900756835938 66.2925033569336
v 171.58900451660156 209.4709930419922 39.112998962402344
v 120.63600158691406 226.05799865722656 37.49530029296875
v 121.25900268554688 224.75399780273438 38.97309875488281
v 121.8010025024414 241.593994140625 49.741798400878906
v 122.78199768066406 239.87399291992188 50.62770080566406
v 157.18499755859375 190.11900329589844 16.623300552368164
v 158.94700622558594 191.44500732421875 15.432999610900879
v 150.03599548339844 201.656005859375 33.859500885009766
v 150.23599243164062 201.41700744628906 35.42150115966797
v 151.42599487304688 217.02000427246094 16.993799209594727
v 155.26400756835938 214.0279998779297 17.77549934387207
v 135.8560028076172 228.70700073242188 32.44340133666992
v 154.84500122070312 205.7310028076172 48.292301177978516
v 153.83399963378906 207.11099243164062 49.479400634765625
v 141.6840057373047 217.1999969482422 12.198200225830078
v 141.1269989013672 240.7239990234375 44.55979919433594
v 142.3040008544922 242.39700317382812 47.805599212646484
v 140.40899658203125 205.4669952392578 8.001049995422363
v 137.50100708007812 213.70399475097656 67.16799926757812
v 136.79299926757812 215.8179931640625 67.02259826660156
v 145.32699584960938 212.2550048828125 11.138199806213379
v 147.41000366210938 210.218994140625 11.237199783325195
v 140.69500732421875 215.39199829101562 66.65679931640625
v 102.08300018310547 262.3039855957031 43.77090072631836
v 112.23999786376953 234.85499572753906 42.81480026245117
v 112.35199737548828 233.822998046875 41.882999420166016
v 130.0469970703125 241.2469940185547 44.95100021362305
v 129.4010009765625 242.73899841308594 45.9193000793457
v 114.59300231933594 226.0959930419922 42.21200180053711
v 130.23800659179688 254.98500061035156 32.668701171875
v 133.24400329589844 252.8300018310547 31.596900939941406
v 160.5760040283203 212.8769989013672 56.74760055541992
v 161.36199951171875 210.51600646972656 57.995399475097656
v 146.22999572753906 189.5749969482422 49.09149932861328
v 143.24600219726562 187.6649932861328 41.61069869995117
v 144.11900329589844 205.05299377441406 50.5635986328125
v 170.531005859375 207.7209930419922 29.192100524902344
v 170.17999267578125 209.39700317382812 32.56829833984375
v 154.07000732421875 217.3820037841797 51.23189926147461
v 154.93099975585938 217.14100646972656 49.8916015625
v 152.51600646972656 201.35899353027344 36.0005989074707
v 153.52699279785156 201.50599670410156 35.852298736572266
v 158.48699951171875 195.33200073242188 13.589699745178223
v 97.08399963378906 252.4250030517578 33.91279983520508
v 97.7771987915039 254.8350067138672 34.51169967651367
v 119.28199768066406 242.82899475097656 47.93090057373047
v 118.44999694824219 241.35800170898438 48.988800048828125
v 142.43699645996094 196.50100708007812 9.73583984375
v 142.33399963378906 195.49000549316406 10.440999984741211
v 152.37600708007812 217.51699829101562 40.7672004699707
v 153.0500030517578 219.33799743652344 40.33509826660156
v 111.98100280761719 222.1320037841797 60.28340148925781
v 108.80999755859375 221.97799682617188 58.42959976196289
v 152.1699981689453 219.9499969482422 37.97930145263672
v 153.99600219726562 220.98500061035156 39.38859939575195
v 147.75900268554688 203.33099365234375 49.21590042114258
v 125.95500183105469 225.63699340820312 32.259300231933594
v 124.50700378417969 226.9550018310547 32.34550094604492
v 149.11199951171875 215.56399536132812 33.2947998046875
v 138.23699951171875 250.24899291992188 31.14240074157715
v 141.56300354003906 251.04299926757812 32.637699127197266
v 99.08460235595703 234.8350067138672 57.92100143432617
v 97.63780212402344 236.48599243164062 56.86249923706055
v 113.05599975585938 240.78500366210938 43.93090057373047
v 142.02200317382812 212.0070037841797 9.974929809570312
v 140.24099731445312 210.22500610351562 8.575420379638672
v 169.22900390625 206.3780059814453 49.300498962402344
v 145.4429931640625 206.32000732421875 36.10060119628906
v 143.68800354003906 206.32400512695312 36.92210006713867
v 96.8761978149414 259.2929992675781 46.79010009765625
v 145.20799255371094 247.53900146484375 55.61819839477539
v 143.89199829101562 244.99600219726562 55.942901611328125
v 113.87100219726562 235.45399475097656 48.36180114746094
v 115.56199645996094 237.03399658203125 49.31079864501953
v 129.8979949951172 214.00100708007812 35.44850158691406
v 131.0260009765625 214.33599853515625 37.03239822387695
v 139.00399780273438 237.86300659179688 39.4640998840332
v 140.26100158691406 239.33799743652344 41.98400115966797
v 132.42599487304688 214.1719970703125 39.06570053100586
v 115.7249984741211 239.01400756835938 48.31050109863281
v 113.95500183105469 238.26800537109375 46.52370071411133
v 154.9949951171875 215.8040008544922 48.75270080566406
v 154.7550048828125 216.86399841308594 46.630001068115234
v 115.03299713134766 228.96299743652344 40.125999450683594
v 93.26290130615234 225.0959930419922 39.32749938964844
v 93.37239837646484 226.90699768066406 34.923099517822266
v 144.0229949951172 204.93899536132812 8.24431037902832
v 144.3679962158203 187.90499877929688 24.286399841308594
v 143.66200256347656 239.77699279785156 32.28950119018555
v 127.86100006103516 215.49000549316406 33.33620071411133
v 128.2519989013672 214.8280029296875 34.5276985168457
v 101.38600158691406 239.42100524902344 24.538999557495117
v 160.69200134277344 220.64500427246094 40.835601806640625
v 115.05999755859375 221.08599853515625 61.314701080322266
v 113.2020034790039 217.97300720214844 59.03099822998047
v 118.22000122070312 223.6699981689453 62.37879943847656
v 133.0989990234375 212.5189971923828 40.99319839477539
v 132.03700256347656 213.07699584960938 42.27690124511719
v 102.3010025024414 234.81100463867188 60.19139862060547
v 159.90699768066406 219.56300354003906 46.17430114746094
v 162.41000366210938 218.78399658203125 45.410400390625
v 155.406005859375 203.95399475097656 47.073299407958984
v 155.0749969482422 202.7030029296875 46.657501220703125
v 109.64900207519531 213.96499633789062 17.931100845336914
v 111.23100280761719 215.5399932861328 16.344100952148438
v 152.70799255371094 216.96200561523438 54.214698791503906
v 151.42599487304688 215.98500061035156 55.088401794433594
v 117.75199890136719 240.38299560546875 39.990299224853516
v 163.125 218.7989959716797 41.924400329589844
v 156.13499450683594 205.08700561523438 44.5885009765625
v 155.9040069580078 207.35800170898438 44.719200134277344
v 135.23199462890625 238.2270050048828 61.640899658203125
v 133.6439971923828 237.56500244140625 61.94070053100586
v 167.7760009765625 212.07699584960938 33.85060119628906
v 139.8040008544922 210.27099609375 67.19999694824219
v 139.10499572753906 259.3599853515625 54.579498291015625
v 139.8249969482422 258.12200927734375 56.5526008605957
v 98.81950378417969 261.7080078125 48.8848991394043
v 100.16300201416016 262.38299560546875 46.49140167236328
v 140.0919952392578 244.7729949951172 28.88159942626953
v 161.0290069580078 220.2480010986328 43.70949935913086
v 133.81399536132812 213.23699951171875 50.70000076293945
v 133.06199645996094 211.3470001220703 49.00859832763672
v 160.22000122070312 204.08999633789062 13.6850004196167
v 160.5279998779297 201.5449981689453 13.2052001953125
v 110.57499694824219 265.3330078125 57.72489929199219
v 111.30500030517578 265.4049987792969 54.500999450683594
v 133.0919952392578 205.57699584960938 9.26121997833252
v 134.99000549316406 206.91000366210938 8.367179870605469
v 146.23599243164062 186.4250030517578 38.17409896850586
v 110.68900299072266 208.47300720214844 18.382999420166016
v 112.19499969482422 230.87600708007812 44.05440139770508
v 112.12899780273438 258.0320129394531 31.64419937133789
v 131.58200073242188 213.51699829101562 49.825599670410156
v 151.13499450683594 188.5260009765625 19.29360008239746
v 150.55999755859375 189.75799560546875 16.482900619506836
v 113.25599670410156 233.52699279785156 40.5098991394043
v 112.22200012207031 231.96400451660156 40.75339889526367
v 174.29299926757812 202.4929962158203 36.4734001159668
v 173.4669952392578 205.6820068359375 38.3916015625
v 142.4149932861328 235.4600067138672 21.72909927368164
v 142.11700439453125 233.32699584960938 20.47909927368164
v 120.64099884033203 243.7570037841797 41.88119888305664
v 118.7040023803711 243.875 41.51969909667969
v 148.66900634765625 228.50399780273438 32.68280029296875
v 147.8699951171875 226.7519989013672 33.126800537109375
v 115.33100128173828 229.3350067138672 47.6593017578125
v 115.72899627685547 227.56399536132812 46.89400100708008
v 142.0800018310547 249.39300537109375 60.21730041503906
v 141.39500427246094 247.09300231933594 60.77190017700195
v 155.63400268554688 216.54800415039062 20.736499786376953
v 164.8699951171875 203.98800659179688 55.07389831542969
v 134.1230010986328 189.55799865722656 43.94150161743164
v 161.34300231933594 204.11000061035156 57.66899871826172
v 116.49600219726562 223.7220001220703 43.277801513671875
v 144.5279998779297 236.97300720214844 31.96739959716797
v 145.4739990234375 235.27099609375 30.271900177001953
v 151.75999450683594 214.68899536132812 59.04119873046875
v 130.79600524902344 205.49000549316406 10.504199981689453
v 132.51499938964844 207.7790069580078 9.875590324401855
v 133.78399658203125 222.5070037841797 61.76900100708008
v 140.29299926757812 207.4980010986328 36.16640090942383
v 139.302001953125 206.56300354003906 37.44089889526367
v 128.0749969482422 238.45899963378906 51.23659896850586
v 111.71399688720703 266.010009765625 58.52180099487305
v 122.4800033569336 223.5919952392578 38.59469985961914
v 149.6230010986328 215.86399841308594 56.12189865112305
v 121.8740005493164 221.41200256347656 40.29280090332031
v 109.11299896240234 216.79800415039062 18.0625
v 147.1929931640625 193.17300415039062 12.761500358581543
v 147.91200256347656 196.00999450683594 11.07509994506836
v 143.65899658203125 241.73599243164062 38.17470169067383
v 123.4540023803711 211.9080047607422 62.30690002441406
v 125.43599700927734 213.50999450683594 63.78160095214844
v 104.2770004272461 261.677001953125 57.24039840698242
v 140.5240020751953 187.6199951171875 35.251800537109375
v 152.8560028076172 202.7570037841797 47.8849983215332
v 113.76100158691406 241.98800659179688 40.0974006652832
v 113.41100311279297 242.25799560546875 40.400699615478516
v 167.93299865722656 202.39300537109375 51.64440155029297
v 126.27100372314453 219.3040008544922 32.3390998840332
v 121.34100341796875 265.52801513671875 59.768699645996094
v 120.06300354003906 265.5249938964844 60.56610107421875
v 153.66700744628906 210.35499572753906 38.35029983520508
v 152.85000610351562 212.7050018310547 36.06489944458008
v 138.218994140625 200.5469970703125 8.136150360107422
v 153.5659942626953 187.76699829101562 21.421499252319336
v 110.29100036621094 207.54100036621094 20.59149932861328
v 143.1580047607422 201.96299743652344 45.74169921875
v 141.91700744628906 201.85299682617188 44.122798919677734
v 130.93800354003906 232.56199645996094 15.745800018310547
v 143.802001953125 254.1649932861328 46.457298278808594
v 144.48800659179688 253.00399780273438 44.11289978027344
v 130.66600036621094 242.7010040283203 48.65890121459961
v 134.53900146484375 208.36300659179688 8.862500190734863
v 119.04199981689453 244.5749969482422 42.698001861572266
v 106.94200134277344 257.25799560546875 32.2140998840332
v 109.33799743652344 257.1919860839844 31.421199798583984
v 94.70010375976562 225.50799560546875 45.91339874267578
v 95.44640350341797 227.2790069580078 49.40250015258789
v 117.87799835205078 244.58099365234375 42.65399932861328
v 159.33399963378906 212.01600646972656 19.841400146484375
v 112.25299835205078 239.97300720214844 19.97450065612793
v 114.40599822998047 238.18499755859375 18.67300033569336
v 164.46099853515625 204.24099731445312 15.69849967956543
v 154.93800354003906 194.30599975585938 13.126700401306152
v 98.96649932861328 222.61300659179688 50.43769836425781
v 96.5958023071289 223.69500732421875 47.81480026245117
v 153.91299438476562 211.8730010986328 50.46419906616211
v 153.177001953125 214.47500610351562 50.734901428222656
v 169.0260009765625 197.36700439453125 17.495100021362305
v 168.92100524902344 195.36000061035156 18.417499542236328
v 97.78189849853516 249.93299865722656 57.944698333740234
v 96.81839752197266 253.06300354003906 55.63059997558594
v 132.37399291992188 214 32.450199127197266
v 138.73599243164062 208.31900024414062 8.04701042175293
v 138.4770050048828 206.4720001220703 8.000080108642578
v 140.0959930419922 207.2050018310547 8.00924015045166
v 156.26600646972656 203.7239990234375 34.29909896850586
v 113.9540023803711 265.3970031738281 60.939701080322266
v 115.9540023803711 263.87200927734375 61.592201232910156
v 112.13600158691406 203.5489959716797 23.648399353027344
v 111.47899627685547 205.41700744628906 20.93720054626465
v 142.99200439453125 231.56100463867188 20.342599868774414
v 145.26300048828125 231.49600219726562 21.965299606323242
v 106.07099914550781 260.052001953125 34.21849822998047
v 107.64700317382812 261.74200439453125 35.21820068359375
v 140.06500244140625 234.57400512695312 19.852500915527344
v 127.17900085449219 263.2959899902344 50.91849899291992
v 121.01499938964844 219.87100219726562 47.21139907836914
v 121.48600006103516 220.90199279785156 48.817901611328125
v 119.6969985961914 254.00900268554688 63.615501403808594
v 130.99600219726562 232.14700317382812 56.165401458740234
v 129.11500549316406 230.4669952392578 54.813201904296875
v 110.54399871826172 265.5320129394531 47.46649932861328
v 112.87799835205078 264.99798583984375 46.20819854736328
v 165.11199951171875 191.0260009765625 46.66790008544922
v 164.49600219726562 192.6959991455078 49.038299560546875
v 141.28900146484375 218.3419952392578 58.53559875488281
v 141.85000610351562 218.03399658203125 56.40850067138672
v 93.04219818115234 231.49899291992188 46.2406005859375
v 144.71400451660156 202.2779998779297 47.63639831542969
v 149.78500366210938 202.07000732421875 36.145599365234375
v 115.35800170898438 233.59500122070312 39.22330093383789
v 113.62899780273438 231.7429962158203 40.10919952392578
v 113.70700073242188 233.5760040283203 48.68389892578125
v 114.62100219726562 234.60899353027344 49.30649948120117
v 153.0489959716797 223.593994140625 28.730100631713867
v 153.65899658203125 221.57400512695312 24.717500686645508
v 144.62600708007812 186.73899841308594 31.2814998626709
v 124.49299621582031 215.87899780273438 44.84920120239258
v 147.23599243164062 230.822998046875 33.1974983215332
v 147.38400268554688 228.9510040283203 33.28850173950195
v 131.0469970703125 235.2429962158203 34.13570022583008
v 128.37600708007812 234.2220001220703 33.65190124511719
v 143.73399353027344 242.56500244140625 44.68470001220703
v 154.22999572753906 209.4010009765625 33.000701904296875
v 152.9320068359375 209.4980010986328 32.31529998779297
v 141.95899963378906 197.46299743652344 9.093890190124512
v 105.98899841308594 227.67999267578125 59.561100006103516
v 130.81700134277344 231.06900024414062 32.020301818847656
v 128.552001953125 228.1699981689453 32
v 119.01200103759766 263.3529968261719 44.8827018737793
v 120.802001953125 264.8659973144531 48.950199127197266
v 130.81100463867188 209.593994140625 10.818900108337402
v 137.80999755859375 219.80099487304688 60.37110137939453
v 138.23399353027344 219.5050048828125 63.229801177978516
v 115.6969985961914 202.1179962158203 44.4906005859375
v 141.25100708007812 208.58799743652344 8.245789527893066
v 143.63600158691406 207.70799255371094 8.733420372009277
v 149.9980010986328 222.322998046875 20.754199981689453
v 148.68899536132812 219.8159942626953 17.05459976196289
v 117.03500366210938 267.1449890136719 58.37289810180664
v 119.0530014038086 266.7139892578125 59.71329879760742
v 137.7449951171875 208.86300659179688 32.36109924316406
v 137.3769989013672 210.41799926757812 32.13290023803711
v 152.5540008544922 205.01300048828125 32.023399353027344
v 152.07899475097656 205.99600219726562 32.02109909057617
v 97.64299774169922 238.0850067138672 27.9596004486084
v 99.33489990234375 238.80799865722656 26.03219985961914
v 129.0050048828125 243.51300048828125 48.35449981689453
v 127.56700134277344 244.03700256347656 47.57440185546875
v 103.0999984741211 263.5840148925781 46.09489822387695
v 123.52400207519531 248.5679931640625 25.156400680541992
v 127.1050033569336 248.1060028076172 25.224300384521484
v 118.00499725341797 262.96600341796875 61.98099899291992
v 127.76699829101562 253.66299438476562 30.612499237060547
v 135.5050048828125 237.06300354003906 60.00040054321289
v 135.86399841308594 236.4720001220703 57.69409942626953
v 163.05799865722656 210.5449981689453 56.39139938354492
v 174.05499267578125 200.8939971923828 33.338401794433594
v 112.86499786376953 208.8159942626953 50.81169891357422
v 112.51000213623047 207.28500366210938 48.54119873046875
v 98.60009765625 260.0360107421875 41.63410186767578
v 99.95819854736328 260.2309875488281 38.45050048828125
v 168.87100219726562 208.19000244140625 26.78350067138672
v 108.45800018310547 237.60400390625 20.50119972229004
v 159.2899932861328 190.01600646972656 17.28510093688965
v 161.2480010986328 189.98300170898438 18.2992000579834
v 138.47999572753906 255.4770050048828 61.262699127197266
v 124.7300033569336 235.76699829101562 62.430999755859375
v 168.14199829101562 210.41799926757812 30.28339958190918
v 164.52999877929688 187.74099731445312 40.83890151977539
v 163.0469970703125 186.25900268554688 37.210601806640625
v 145.87600708007812 217.11300659179688 62.96440124511719
v 147.86300659179688 216.2550048828125 61.59629821777344
v 150.97000122070312 215.88299560546875 51.47650146484375
v 130.4409942626953 225.5989990234375 13.014900207519531
v 138.03199768066406 204.82400512695312 44.7864990234375
v 120.45099639892578 227.73300170898438 35.72529983520508
v 121.01000213623047 237.50599670410156 35.63460159301758
v 119.9520034790039 238.03900146484375 36.624000549316406
v 128.9739990234375 214.73699951171875 35.860198974609375
v 156.41000366210938 215.33200073242188 56.55720138549805
v 157.0989990234375 216.44400024414062 55.16469955444336
v 112.6259994506836 203.53799438476562 41.49679946899414
v 109.41500091552734 206.4219970703125 42.26580047607422
v 139.9040069580078 219.89300537109375 12.798999786376953
v 144.63600158691406 195.0570068359375 11.10260009765625
v 145.70899963378906 196.33200073242188 10.440199851989746
v 116.96800231933594 202.4080047607422 16.43720054626465
v 114.56400299072266 203.83200073242188 17.6742000579834
v 108.86199951171875 231.82000732421875 18.100000381469727
v 112.4520034790039 205.46600341796875 18.570100784301758
v 111.26599884033203 206.76600646972656 18.941600799560547
v 120.59200286865234 220.4499969482422 42.12260055541992
v 122.64199829101562 219.70599365234375 40.51860046386719
v 129.3730010986328 239.47500610351562 39.859100341796875
v 131.22300720214844 199.33999633789062 59.386199951171875
v 131.08399963378906 201.156005859375 61.277400970458984
v 111.7770004272461 262.8940124511719 35.92300033569336
v 116.43099975585938 248.5019989013672 64
v 113.55799865722656 252.3070068359375 64
v 149.26800537109375 204.46200561523438 32.76959991455078
v 148.99899291992188 206.51699829101562 32.296199798583984
v 141.45599365234375 215.38400268554688 52.85300064086914
v 143.53799438476562 214.84800720214844 52.34370040893555
v 116.5250015258789 208.13600158691406 53.45709991455078
v 114.31900024414062 210.03700256347656 52.68600082397461
v 137.60899353027344 194.6580047607422 55.96110153198242
v 133.85699462890625 194.9550018310547 54.7130012512207
v 131.66700744628906 242.63600158691406 47.648799896240234
v 149.30999755859375 203.03500366210938 65.18489837646484
v 146.093994140625 201.90699768066406 65.33930206298828
v 149.21099853515625 225.5590057373047 32.80830001831055
v 149.3990020751953 227.4239959716797 31.454099655151367
v 120.95999908447266 238.63900756835938 36.951900482177734
v 138.08999633789062 241.8090057373047 23.93869972229004
v 140.21600341796875 241.65499877929688 26.24799919128418
v 101.13200378417969 216.19200134277344 45.7421989440918
v 98.57679748535156 217.6320037841797 41.441200256347656
v 159.0800018310547 216.2480010986328 54.52880096435547
v 114.11000061035156 249.2050018310547 24.53809928894043
v 116.74700164794922 251.47500610351562 26.50830078125
v 117.70800018310547 232.8159942626953 35.55739974975586
v 117.51100158691406 234.1750030517578 36.04059982299805
v 105.88400268554688 224.56199645996094 18.474300384521484
v 107.50399780273438 226.38099670410156 17.43090057373047
v 141.3070068359375 241.90899658203125 50.70209884643555
v 140.07899475097656 240.68600463867188 52.48970031738281
v 143.91099548339844 207.53599548339844 35.856998443603516
v 101.0979995727539 259.9859924316406 36.3744010925293
v 134.76699829101562 211.1009979248047 38.72549819946289
v 134.4709930419922 209.4010009765625 40.58140182495117
v 145.83999633789062 247.70599365234375 51.009700775146484
v 145.55099487304688 246.9969940185547 52.823699951171875
v 120.31199645996094 235.58999633789062 50.91360092163086
v 117.45899963378906 236.03500366210938 49.842498779296875
v 107.40699768066406 208.62100219726562 42.017601013183594
v 96.12229919433594 257.5899963378906 41.36589813232422
v 97.41459655761719 259.3290100097656 43.57789993286133
v 151.81199645996094 204.3780059814453 49.266998291015625
v 154.22500610351562 189.5989990234375 17.141000747680664
v 132.72999572753906 258.1679992675781 37.737098693847656
v 161.98599243164062 217.2689971923828 50.8922004699707
v 160.50599670410156 217.6820068359375 51.46739959716797
v 128.65499877929688 249.88099670410156 27.36090087890625
v 130.20899963378906 247.0290069580078 24.82990074157715
v 154.84500122070312 206.58200073242188 40.67850112915039
v 154.58599853515625 208.09300231933594 41.39849853515625
v 136.6719970703125 210.3350067138672 8.809670448303223
v 138.21299743652344 209.7689971923828 8.254449844360352
v 146.03900146484375 232.63999938964844 24.03849983215332
v 155.1510009765625 206.4199981689453 32.6682014465332
v 155.73699951171875 207.29600524902344 33.4656982421875
v 170.70899963378906 192.4149932861328 28.0585994720459
v 172.1269989013672 193.78599548339844 31.17639923095703
v 117.46299743652344 257.7099914550781 31.49049949645996
v 98.42479705810547 231.0290069580078 24.573699951171875
v 141.52499389648438 238.45599365234375 23.997100830078125
v 146.83900451660156 198.24099731445312 9.785639762878418
v 147.58099365234375 200.24200439453125 9.439419746398926
v 136.5 241.2969970703125 47.97959899902344
v 134.9550018310547 240.58200073242188 45.53160095214844
v 141.0330047607422 202.37899780273438 42.31050109863281
v 128.89300537109375 215.36300659179688 32.802398681640625
v 131.052001953125 196.77099609375 12.077500343322754
v 129.86000061035156 195.43099975585938 13.560500144958496
v 135.1199951171875 211.0850067138672 36.23360061645508
v 121.4280014038086 218.47000122070312 42.652000427246094
v 127.53600311279297 202.06300354003906 58.839599609375
v 122.8290023803711 221.27699279785156 62.742000579833984
v 121.63899993896484 226.20899963378906 62.400001525878906
v 148.96800231933594 215.21499633789062 64.57240295410156
v 98.68460083007812 223.9980010986328 24.839399337768555
v 100.61599731445312 222.6999969482422 23.424699783325195
v 125.74299621582031 259.593994140625 34.717899322509766
v 125.50700378417969 257.9670104980469 32.977901458740234
v 141.91000366210938 234.48300170898438 34.4744987487793
v 141.32200622558594 237.49899291992188 36.491600036621094
v 135.2449951171875 211.42100524902344 50.2942008972168
v 136.03399658203125 209.5290069580078 48.82929992675781
v 134.8159942626953 233.83900451660156 34.255401611328125
v 134.3260040283203 235.55299377441406 35.64970016479492
v 133.34800720214844 189.73399353027344 26.538299560546875
v 134.64700317382812 190.33399963378906 21.658899307250977
v 151.13400268554688 210.51199340820312 32.183799743652344
v 148.51600646972656 210.1820068359375 32.09510040283203
v 120.76899719238281 199.02000427246094 18.657400131225586
v 118.31999969482422 199.26100158691406 21.3887996673584
v 93.31439971923828 226.84500122070312 43.13779830932617
v 93.78620147705078 228.58299255371094 46.48979949951172
v 134.8040008544922 241.14599609375 48.550899505615234
v 138.14500427246094 236.21200561523438 19.561899185180664
v 140.16000366210938 237.2989959716797 21.411500930786133
v 144.33299255371094 195.375 58.34880065917969
v 141.4949951171875 197.14199829101562 60.097599029541016
v 118.13899993896484 233.51600646972656 63.48059844970703
v 112.85800170898438 233.156005859375 63.84299850463867
v 123.2239990234375 222.52099609375 50.4370002746582
v 123.18199920654297 220.30099487304688 49.361000061035156
v 147.31199645996094 216.41700744628906 32.73400115966797
v 139.69700622558594 197.92999267578125 60.975799560546875
v 138.71200561523438 195.9040069580078 57.70859909057617
v 154.65499877929688 204.43899536132812 32.30839920043945
v 153.18899536132812 204.40199279785156 32.03779983520508
v 119.73300170898438 222.36399841308594 48.28129959106445
v 140.2010040283203 240.08399963378906 56.429100036621094
v 138.6490020751953 239.1750030517578 53.702301025390625
v 126.80899810791016 239.9759979248047 37.093101501464844
v 133.45199584960938 237.08599853515625 37.3026008605957
v 125.93699645996094 205.91400146484375 60.749298095703125
v 124.57099914550781 207.3990020751953 59.925498962402344
v 122.63700103759766 218.63400268554688 47.57160186767578
v 115.14399719238281 266.31298828125 54.97650146484375
v 120.46700286865234 219.4040069580078 44.39099884033203
v 123.19000244140625 215.14300537109375 62.640899658203125
v 121.96800231933594 217.73699951171875 62.41019821166992
v 162.06500244140625 210.46499633789062 21.037500381469727
v 133.93499755859375 198.447998046875 59.90739822387695
v 132.92100524902344 200.05299377441406 61.40370178222656
v 107.50900268554688 263.2929992675781 59.43790054321289
v 109.58100128173828 264.8330078125 57.147300720214844
v 95.09130096435547 235.94700622558594 53.07339859008789
v 95.63749694824219 237.99400329589844 54.91419982910156
v 132.04100036621094 236.41299438476562 35.44419860839844
v 128.5959930419922 237.0500030517578 35.082801818847656
v 116.61699676513672 248.20799255371094 23.968299865722656
v 116.70800018310547 244.66700744628906 21.640499114990234
v 138.9770050048828 215.0679931640625 52.33720016479492
v 139.30499267578125 212.33299255371094 51.305198669433594
v 145.4199981689453 201.31100463867188 43.402801513671875
v 146.25599670410156 200.7899932861328 42.34920120239258
v 145.0449981689453 250.24400329589844 38.91590118408203
v 145.85000610351562 249.6820068359375 42.08290100097656
v 114.05899810791016 263.9639892578125 38.39680099487305
v 117.18499755859375 263.4639892578125 39.092899322509766
v 155.3939971923828 219.1750030517578 44.719600677490234
v 154.45399475097656 218.3260040283203 43.9556999206543
v 114.51699829101562 233.16600036621094 49.304901123046875
v 116.13099670410156 233.91600036621094 49.58980178833008
v 103.55999755859375 239.16200256347656 23.376800537109375
v 149.29600524902344 212.90899658203125 66.693603515625
v 154.54200744628906 205.06300354003906 40.65869903564453
v 115.72200012207031 256.7449951171875 63.264198303222656
v 118.1719970703125 260.1369934082031 62.432701110839844
v 123.10700225830078 217.9459991455078 41.195701599121094
v 152.99200439453125 201.72799682617188 11.150799751281738
v 120.83000183105469 266.2250061035156 56.18360137939453
v 122.70500183105469 265.4649963378906 54.903900146484375
v 153.02000427246094 204.9219970703125 11.643799781799316
v 137.19700622558594 213.0489959716797 10.16409969329834
v 140.29100036621094 214.3509979248047 10.782400131225586
v 141.0070037841797 195.8489990234375 10.155500411987305
v 131.07200622558594 252.62899780273438 62.400001525878906
v 142.781005859375 246.3979949951172 31.55389976501465
v 144.3769989013672 244.6510009765625 32.85900115966797
v 149.73199462890625 218.41600036621094 34.88629913330078
v 146.62600708007812 214.50599670410156 12.501199722290039
v 154.6540069580078 209.94900512695312 36.45309829711914
v 124.19499969482422 262.2359924316406 61.943199157714844
v 122.79100036621094 262.3039855957031 62.10820007324219
v 134.156005859375 212.07000732421875 37.08570098876953
v 146.14700317382812 233.68600463867188 27.09269905090332
v 117.98100280761719 242.49600219726562 47.01359939575195
v 128.31399536132812 206.5019989013672 11.186800003051758
v 113.22200012207031 239.67599487304688 44.69070053100586
v 141.36700439453125 226.98699951171875 16.6830997467041
v 152.0229949951172 218.25399780273438 38.52149963378906
v 151.35299682617188 219.37100219726562 36.43170166015625
v 155.36099243164062 208.84300231933594 33.90570068359375
v 155.38299560546875 209.3979949951172 35.25419998168945
v 139.94400024414062 196.59800720214844 9.666899681091309
v 127.56199645996094 243.1580047607422 45.91809844970703
v 122.677001953125 238.5540008544922 35.89609909057617
v 122.74700164794922 239.5399932861328 38.03889846801758
v 98.57019805908203 217.00900268554688 37.70949935913086
v 145.15499877929688 253.0469970703125 53.35279846191406
v 152.36000061035156 212.05999755859375 64.62670135498047
v 145.406005859375 246.24400329589844 38.213600158691406
v 145.71099853515625 247.281005859375 35.83110046386719
v 119.00800323486328 221.2830047607422 43.269100189208984
v 135.75900268554688 188.88900756835938 32.627899169921875
v 132.4510040283203 189.45599365234375 38.30500030517578
v 141.197998046875 196.82200622558594 9.499139785766602
v 144.8470001220703 208.1490020751953 33.805301666259766
v 146.13099670410156 207.15699768066406 33.964500427246094
v 92.86900329589844 252.66600036621094 43.60710144042969
v 93.41169738769531 253.656005859375 40.00979995727539
v 144.5540008544922 248.65199279785156 57.411399841308594
v 154.17799377441406 223.02000427246094 31.943199157714844
v 156.2220001220703 222.11099243164062 34.279998779296875
v 111.00499725341797 226.22500610351562 61.207698822021484
v 106.7239990234375 225.47500610351562 58.934600830078125
v 121.34500122070312 262.4670104980469 62.17279815673828
v 113.64299774169922 205.94200134277344 16.156200408935547
v 155.75999450683594 206.06700134277344 43.09130096435547
v 133.56300354003906 212.08799743652344 34.91230010986328
v 126.427001953125 235.6490020751953 51.22119903564453
v 127.63099670410156 232.70899963378906 52.34429931640625
v 137.6999969482422 204.2469940185547 42.49440002441406
v 123.91100311279297 220.9340057373047 37.32789993286133
v 124.27300262451172 220.03700256347656 35.250701904296875
v 99.98419952392578 262.5369873046875 49.714599609375
v 102.23799896240234 263.8290100097656 48.989200592041016
v 147.40199279785156 230.90499877929688 25.274999618530273
v 148.69400024414062 228.2239990234375 25.218700408935547
v 143.1649932861328 208.82000732421875 51.177799224853516
v 146.27699279785156 210.44500732421875 51.20000076293945
v 152.40199279785156 208.7729949951172 65.63980102539062
v 152.36199951171875 210.26699829101562 65.57969665527344
v 124.78600311279297 235.6909942626953 34.96049880981445
v 118.52799987792969 228.197998046875 39.08810043334961
v 117.5719985961914 226.34800720214844 40.02130126953125
v 152.25799560546875 214.32899475097656 36.46760177612305
v 152.1479949951172 215.64500427246094 36.472801208496094
v 138.95599365234375 230.04800415039062 16.82550048828125
v 119.37999725341797 237.927001953125 50.13330078125
v 163.87100219726562 194.11300659179688 15.078800201416016
v 165.9239959716797 193.19000244140625 17.032499313354492
v 123.49700164794922 261.46099853515625 36.242401123046875
v 112.5739974975586 264.0050048828125 38.285301208496094
v 117.33599853515625 266.6789855957031 60.2046012878418
v 119.2030029296875 214.75 12.122400283813477
v 155.30099487304688 208.58700561523438 36.75310134887695
v 154.43099975585938 208.6649932861328 38.18429946899414
v 96.62930297851562 257.36700439453125 38.343299865722656
v 134.33399963378906 219.56900024414062 53.553199768066406
v 110.80500030517578 264.6000061035156 43.21440124511719
v 133.55999755859375 212.7729949951172 39.23889923095703
v 132.36500549316406 213.947998046875 40.693599700927734
v 135.74400329589844 230.64500427246094 15.816900253295898
v 137.093994140625 229.0290069580078 15.424500465393066
v 131.85000610351562 225.0240020751953 55.396400451660156
v 138.91000366210938 227.9340057373047 15.630399703979492
v 153.2519989013672 191.73399353027344 14.307000160217285
v 127.52100372314453 215.44900512695312 35.54750061035156
v 145.9770050048828 251.02999877929688 53.676700592041016
v 166.4429931640625 197.5260009765625 15.051600456237793
v 166.05499267578125 195.22300720214844 15.52180004119873
v 135.21600341796875 222.96499633789062 12.887900352478027
v 163.86199951171875 188.03500366210938 26.645599365234375
v 108.0199966430664 245.57899475097656 24.240299224853516
v 110.41899871826172 245.78399658203125 23.6072998046875
v 158.0709991455078 219.802001953125 46.345298767089844
v 116.7020034790039 231.58700561523438 37.130699157714844
v 117.99199676513672 230.9669952392578 36.073001861572266
v 138.36500549316406 204.16099548339844 40.67679977416992
v 139.6219940185547 204.18499755859375 39.64780044555664
v 141.7469940185547 203.65499877929688 39.51919937133789
v 143.82200622558594 196.08399963378906 10.207599639892578
v 111.3030014038086 217.75599670410156 57.553001403808594
v 109.0999984741211 216.3280029296875 54.57809829711914
v 139.91200256347656 241.1269989013672 46.94449996948242
v 138.9530029296875 241.4409942626953 49.31949996948242
v 126.36299896240234 214.9459991455078 11.220499992370605
v 127.29499816894531 210.80999755859375 11.190099716186523
v 94.12159729003906 240.9290008544922 52.80820083618164
v 98.78299713134766 247.75900268554688 59.496299743652344
v 116.8219985961914 253.5760040283203 63.980201721191406
v 154.9739990234375 209.16000366210938 43.777000427246094
v 146.22999572753906 232.79600524902344 32.493499755859375
v 112.93099975585938 238.60299682617188 40.541900634765625
v 148.81500244140625 186.1580047607422 27.89550018310547
v 132.3070068359375 228.62100219726562 32.02799987792969
v 164.5330047607422 195.5229949951172 51.33539962768555
v 113.5469970703125 246.0449981689453 22.953800201416016
v 154.6199951171875 204.63800048828125 48.15829849243164
v 154.14199829101562 203.18899536132812 47.65800094604492
v 126.18399810791016 216.5 40.50559997558594
v 125.3219985961914 215.94400024414062 41.79010009765625
v 101.36000061035156 227.552001953125 21.907899856567383
v 103.95700073242188 227.90899658203125 19.945199966430664
v 166.9149932861328 203.05799865722656 17.201900482177734
v 108.12699890136719 219.6269989013672 18.153799057006836
v 169.0800018310547 190.47500610351562 28.76020050048828
v 140.31199645996094 231.947998046875 18.818500518798828
v 130.4199981689453 241.02999877929688 62.400001525878906
v 135.6479949951172 198.74400329589844 9.497819900512695
v 153.89199829101562 202.3260040283203 32.6442985534668
v 152.9969940185547 202.55599975585938 32.2052001953125
v 126.24299621582031 195.86599731445312 18.930999755859375
v 122.69100189208984 196.90699768066406 21.25860023498535
v 151.57899475097656 206.62399291992188 50.702301025390625
v 130.13299560546875 213.4969940185547 45.7765007019043
v 131.09500122070312 212.8280029296875 44.54880142211914
v 96.76640319824219 219.55999755859375 34.636199951171875
v 94.66490173339844 223.19500732421875 34.91680145263672
v 135.71499633789062 200.6510009765625 63.46969985961914
v 134.08299255371094 200.66299438476562 62.825599670410156
v 134.39999389648438 254.91099548339844 33.850399017333984
v 137.46400451660156 254.6020050048828 34.444698333740234
v 130.98399353027344 213.8820037841797 32.891998291015625
v 129.6479949951172 215.91400146484375 39.8306999206543
v 131.02699279785156 215.22799682617188 38.93519973754883
v 142.0970001220703 239.81700134277344 38.89830017089844
v 101.0790023803711 231.9669952392578 58.25469970703125
v 132.03399658203125 202.61300659179688 9.932680130004883
v 134.2100067138672 202.9709930419922 8.84613037109375
v 134.00399780273438 209.75999450683594 47.869598388671875
v 153.64100646972656 202.1199951171875 37.06740188598633
v 112.33699798583984 234.06100463867188 44.407100677490234
v 148.42599487304688 216 58.79899978637695
v 149.77999877929688 215.02699279785156 62.44499969482422
v 121.29399871826172 199.1009979248047 47.71220016479492
v 119.93499755859375 198.61900329589844 43.87779998779297
v 145.81100463867188 246.20799255371094 36.044898986816406
v 142.25900268554688 255.87399291992188 47.800899505615234
v 141.8470001220703 254.88600158691406 42.84859848022461
v 137.16099548339844 237.61599731445312 58.08300018310547
v 137.20799255371094 238.6999969482422 60.375701904296875
v 130.58099365234375 226.86900329589844 56.51580047607422
v 149.22000122070312 193.7270050048828 12.597800254821777
v 152.156005859375 194.60899353027344 12.607199668884277
v 144.6179962158203 207.59100341796875 35.32109832763672
v 142.9980010986328 243.15499877929688 50.29069900512695
v 110.28700256347656 206.1009979248047 23.198200225830078
v 124.81400299072266 264.12200927734375 50.469600677490234
v 126.41699981689453 215.73899841308594 64.20490264892578
v 109.44200134277344 205.6529998779297 38.35100173950195
v 172.98199462890625 196.2790069580078 29.76729965209961
v 98.98249816894531 231.9770050048828 56.829200744628906
v 117.40299987792969 210.66600036621094 56.67020034790039
v 114.23600006103516 214.1020050048828 56.60300064086914
v 99.30650329589844 219.531005859375 47.867698669433594
v 119.7969970703125 226.1750030517578 39.301998138427734
v 137.73899841308594 193.33299255371094 12.824600219726562
v 101.71399688720703 248.48500061035156 29.135400772094727
v 145.9459991455078 248.343994140625 53.8843994140625
v 104.02200317382812 242.6300048828125 62.89099884033203
v 100.68800354003906 243.9459991455078 61.00600051879883
v 153.48399353027344 202.86900329589844 41.4911994934082
v 122.07599639892578 258.22698974609375 62.6692008972168
v 161.87899780273438 214.17100524902344 54.66790008544922
v 139.82400512695312 199.22300720214844 62.91910171508789
v 129.65899658203125 193.802001953125 17.140899658203125
v 150.57899475097656 225.76400756835938 29.91990089416504
v 150.72900390625 225.0070037841797 25.45829963684082
v 154.11300659179688 201.55299377441406 34.2504997253418
v 143.447998046875 214.3730010986328 11.443599700927734
v 142.7519989013672 212.4949951171875 67.19149780273438
v 108.5719985961914 248.68600463867188 63.9901008605957
v 106.13300323486328 250.1959991455078 63.700801849365234
v 123.5719985961914 237.5449981689453 35.236698150634766
v 130.54200744628906 236.2220001220703 62.262901306152344
v 114.56900024414062 231.39300537109375 48.611000061035156
v 116.7979965209961 243.8249969482422 41.75299835205078
v 112.95600128173828 228.7310028076172 41.56010055541992
v 112.35399627685547 229.57899475097656 42.124900817871094
v 121.25599670410156 204.28799438476562 54.75659942626953
v 117.68199920654297 204.2899932861328 51.94269943237305
v 172.27099609375 208.21800231933594 35.980098724365234
v 114.81300354003906 240.48300170898438 45.72840118408203
v 131.0590057373047 238.60299682617188 62.400001525878906
v 115.79100036621094 206.49400329589844 51.884300231933594
v 139.16000366210938 253.42599487304688 61.67369842529297
v 140.46099853515625 252.3459930419922 61.17250061035156
v 97.20269775390625 225.66799926757812 26.37030029296875
v 125.23500061035156 217.3419952392578 37.76240158081055
v 100.13500213623047 237.08999633789062 59.3213005065918
v 147.5570068359375 216.89500427246094 55.40599822998047
v 112.79399871826172 264.47198486328125 42.57889938354492
v 113.56199645996094 264.2300109863281 41.32720184326172
v 109.89299774169922 240.88499450683594 21.258699417114258
v 134.41299438476562 236.03799438476562 60.06890106201172
v 133.50900268554688 234.63400268554688 59.259498596191406
v 136.31199645996094 220.2270050048828 57.121700286865234
v 146.58700561523438 224.8489990234375 19.57939910888672
v 131.26100158691406 215.05799865722656 40.60369873046875
v 129.60299682617188 215.52000427246094 41.485599517822266
v 151.8459930419922 203.68499755859375 64.54550170898438
v 113.63500213623047 229.95199584960938 40.246498107910156
v 92.5801010131836 228.6580047607422 38.45859909057617
v 101.2300033569336 241.8699951171875 25.90369987487793
v 132.1999969482422 225.49200439453125 32.007301330566406
v 92.46009826660156 246.88900756835938 47.81159973144531
v 113.36499786376953 232.78900146484375 47.96080017089844
v 113.78700256347656 231.3470001220703 47.55339813232422
v 156.03900146484375 204.13400268554688 46.119998931884766
v 112.61499786376953 240.3040008544922 40.839500427246094
v 153.18800354003906 208.66400146484375 50.552101135253906
v 95.07669830322266 236.51100158691406 32.57720184326172
v 93.36109924316406 237.71299743652344 37.253299713134766
v 139.17599487304688 207.0019989013672 35.56639862060547
v 139.4530029296875 207.5229949951172 33.15829849243164
v 124.73200225830078 232.2100067138672 33.70759963989258
v 124.93900299072266 229.1719970703125 32.465599060058594
v 131.9290008544922 240.63299560546875 44.81330108642578
v 155.16299438476562 220.11599731445312 43.111698150634766
v 137.51499938964844 259.510986328125 50.87379837036133
v 140.79200744628906 258.70599365234375 52.95800018310547
v 144.36300659179688 252.3159942626953 56.680599212646484
v 148.77099609375 229.2429962158203 30.665599822998047
v 162.7480010986328 215.45399475097656 52.48059844970703
v 155.5279998779297 203.7899932861328 32.885101318359375
v 126.5790023803711 215.47999572753906 42.111900329589844
v 127.76699829101562 215.14999389648438 42.52539825439453
v 155.08299255371094 203.46099853515625 36.7942008972168
v 155.5570068359375 202.53399658203125 35.463401794433594
v 118.57099914550781 222.8489990234375 41.7317008972168
v 129.96200561523438 213.9010009765625 34.01599884033203
v 128.87100219726562 214.58200073242188 33.7765007019043
v 125.01399993896484 260.4150085449219 62.24760055541992
v 169.5760040283203 195.0469970703125 45.087398529052734
v 124.81999969482422 238.8260040283203 35.59199905395508
v 124.18000030517578 239.5590057373047 36.99100112915039
v 139.16900634765625 252.65199279785156 33.157100677490234
v 162.45199584960938 205.46299743652344 15.622699737548828
v 164.4530029296875 206.31700134277344 18.101699829101562
v 120.61499786376953 264.0369873046875 61.4380989074707
v 103.66999816894531 230.822998046875 20.800899505615234
v 143.59500122070312 236.27099609375 24.221500396728516
v 144.31300354003906 233.56700134277344 22.21619987487793
v 95.70349884033203 252.95799255371094 35.55609893798828
v 124.58100128173828 264.6780090332031 53.459598541259766
v 137.36900329589844 233.1750030517578 17.7096004486084
v 125.12000274658203 237.72799682617188 51.20000076293945
v 104.0199966430664 214.87399291992188 48.750301361083984
v 152.81100463867188 212.427001953125 39.9099006652832
v 152.31700134277344 214.96499633789062 39.35710144042969
v 155.68299865722656 204.3209991455078 12.273099899291992
v 155.99200439453125 201.822998046875 11.92870044708252
v 150.47000122070312 201.7169952392578 36.986900329589844
v 105.09700012207031 214.50799560546875 27.4552001953125
v 123.33999633789062 200.13999938964844 52.02320098876953
v 120.28299713134766 202.98199462890625 52.464500427246094
v 174.64700317382812 199.93499755859375 35.657798767089844
v 136.406005859375 252.593994140625 32.35660171508789
v 135.55499267578125 213.92999267578125 51.24800109863281
v 154.1439971923828 215.68899536132812 44.498600006103516
v 152.7550048828125 214.47000122070312 42.24140167236328
v 168.04400634765625 197.94200134277344 15.99530029296875
v 129.16700744628906 234.96800231933594 16.52359962463379
v 132.03799438476562 235.61500549316406 17.290000915527344
v 131.53700256347656 191.12399291992188 46.992801666259766
v 129.302001953125 190.93600463867188 42.21369934082031
v 139.72900390625 250.49600219726562 61.986698150634766
v 162.9239959716797 190.98399353027344 17.783100128173828
v 160.8730010986328 191.14599609375 16.211999893188477
v 155.79400634765625 217.73500061035156 53.785400390625
v 156.16600036621094 218.1060028076172 52.05179977416992
v 163.75 218.0399932861328 37.04130172729492
v 163.9949951171875 216.5290069580078 33.216800689697266
v 138.54100036621094 255.16799926757812 36.12919998168945
v 125.5479965209961 223.71499633789062 32.700199127197266
v 112.19200134277344 239.15699768066406 41.512901306152344
v 108.54100036621094 259.9460144042969 33.3838005065918
v 152.947998046875 186.62100219726562 43.82379913330078
v 148.14100646972656 187.00900268554688 43.38819885253906
v 148.85400390625 198.43699645996094 10.206299781799316
v 145.03399658203125 207.10299682617188 51.155601501464844
v 122.05699920654297 264.2250061035156 60.97800064086914
v 123.45099639892578 265.22900390625 59.01319885253906
v 130.92799377441406 212.4980010986328 47.83430099487305
v 151.01300048828125 214.18099975585938 51.20000076293945
v 129.66600036621094 239.4219970703125 42.18939971923828
v 128.66299438476562 240.36700439453125 43.49800109863281
v 136.69700622558594 208.218994140625 37.747100830078125
v 147.531005859375 200.90699768066406 44.42369842529297
v 149.4250030517578 201.38699340820312 45.967498779296875
v 126.5530014038086 230.06700134277344 52.118900299072266
v 120.30500030517578 239.06900024414062 38.56560134887695
v 171.99200439453125 195.57400512695312 40.442501068115234
v 125.45999908447266 251.4669952392578 28.19700050354004
v 143.84100341796875 252.16000366210938 38.67839813232422
v 144.3699951171875 250.65199279785156 36.09519958496094
v 112.0469970703125 232.68499755859375 41.432701110839844
v 148.54400634765625 198.70700073242188 61.43659973144531
v 145.12100219726562 198.55599975585938 62.15409851074219
v 141.0800018310547 206.04400634765625 67.17220306396484
v 112.90499877929688 242.38600158691406 41.0702018737793
v 170.58900451660156 207.78799438476562 45.45589828491211
v 172.1439971923828 205.41200256347656 43.19110107421875
v 124.677001953125 241.125 40.97679901123047
v 124.72799682617188 218.88800048828125 34.041099548339844
v 124.60099792480469 220.25999450683594 33.6234016418457
v 121.74299621582031 237.66400146484375 50.85530090332031
v 155.95199584960938 208.02499389648438 35.09479904174805
v 151.21600341796875 202.59100341796875 47.971500396728516
v 159.6699981689453 188.18600463867188 22.56410026550293
v 157.03599548339844 188.86000061035156 19.523099899291992
v 148.39100646972656 205.20899963378906 10.059599876403809
v 155.85499572753906 205.7779998779297 46.7327995300293
v 124.6050033569336 221.78799438476562 33.32149887084961
v 123.50199890136719 223.26100158691406 34.25
v 129.39599609375 204.4949951171875 63.29309844970703
v 92.86080169677734 250.89999389648438 48.032501220703125
v 131.26300048828125 238.6280059814453 39.18830108642578
v 172.92999267578125 203.28199768066406 29.154600143432617
v 135.97900390625 206.76400756835938 39.746700286865234
v 136.89100646972656 205.41200256347656 40.62590026855469
v 129.6719970703125 263.1990051269531 58.37099838256836
v 128.88699340820312 262.43499755859375 60.777198791503906
v 159.218994140625 198.1490020751953 56.450401306152344
v 131.01400756835938 242.6269989013672 46.11709976196289
v 119.78600311279297 240.21600341796875 49.75749969482422
v 115.04299926757812 264.04998779296875 44.911598205566406
v 103.53900146484375 212.1199951171875 39.233299255371094
v 103.13700103759766 213.7310028076172 44.524898529052734
v 95.15339660644531 225.10899353027344 31.501699447631836
v 99.57630157470703 236.7100067138672 24.8572998046875
v 134.3560028076172 259.1180114746094 46.734901428222656
v 102.01799774169922 225.16099548339844 21.45549964904785
v 131.47000122070312 199.34100341796875 10.848400115966797
v 126.71800231933594 215.656005859375 48.12950134277344
v 128.49099731445312 215.35000610351562 49.32550048828125
v 137.08200073242188 240.19000244140625 61.90650177001953
v 134.03900146484375 240.31300354003906 62.3927001953125
v 145.71499633789062 213.61500549316406 67.08049774169922
v 170.0399932861328 205.22999572753906 24.429100036621094
v 170.92799377441406 202.26499938964844 23.083099365234375
v 118.8740005493164 242.25599670410156 40.2151985168457
v 106.71600341796875 253.73300170898438 29.96739959716797
v 149.52699279785156 202.4510040283203 34.3031005859375
v 151.5030059814453 212.23399353027344 32.8218994140625
v 130.2050018310547 214.97999572753906 32.4380989074707
v 95.94670104980469 227.1739959716797 28.827999114990234
v 116.31300354003906 263.49200439453125 42.327999114990234
v 165.88400268554688 208.29100036621094 54.09479904174805
v 94.67720031738281 228.62899780273438 31.755399703979492
v 93.77330017089844 232.12399291992188 35.05970001220703
v 143.00900268554688 217.55799865722656 54.397098541259766
v 106.29499816894531 262.3840026855469 37.1161994934082
v 107.84500122070312 263.24200439453125 38.29999923706055
v 116.80400085449219 228.64199829101562 39.85580062866211
v 133.98300170898438 248.15499877929688 62.400001525878906
v 126.66500091552734 247.68899536132812 62.400001525878906
v 145.82400512695312 202.99400329589844 49.149898529052734
v 124.39800262451172 243.71299743652344 48.61130142211914
v 125.12200164794922 242.96800231933594 49.64799880981445
v 149.78599548339844 208.5399932861328 32.05229949951172
v 113.91899871826172 265.3529968261719 47.57550048828125
v 144.91900634765625 246.52099609375 33.2765007019043
v 156.07699584960938 205.8730010986328 36.44329833984375
v 156.0469970703125 207.29299926757812 36.278900146484375
v 121.52100372314453 195.2740020751953 32.17959976196289
v 125.73600006103516 192.72500610351562 29.03260040283203
v 135.1649932861328 208.68699645996094 46.99879837036133
v 134.0780029296875 258.12298583984375 40.935298919677734
v 135.43499755859375 256.4020080566406 36.12189865112305
v 129.80499267578125 199.2989959716797 57.881900787353516
v 172.3090057373047 200.6649932861328 24.78190040588379
v 173.0229949951172 201.41099548339844 27.192699432373047
v 103.06300354003906 260.1080017089844 35.047698974609375
v 102.74299621582031 261.0220031738281 36.80799865722656
v 165.98500061035156 215.24899291992188 45.577598571777344
v 163.54800415039062 216.53399658203125 49.252601623535156
v 153.47900390625 197.15499877929688 58.067901611328125
v 142.59300231933594 255.8489990234375 56.06449890136719
v 140.8070068359375 256.5050048828125 58.08620071411133
v 142.4720001220703 204.86199951171875 8.021349906921387
v 125.39800262451172 219.22000122070312 32.9547004699707
v 142.18600463867188 241.56100463867188 29.91080093383789
v 172.19400024414062 198.0850067138672 24.260499954223633
v 106.04000091552734 262.5459899902344 58.378299713134766
v 133.73800659179688 200.43099975585938 9.592619895935059
v 120.69499969482422 223.27099609375 13.607600212097168
v 157.96600341796875 218.14599609375 51.488800048828125
v 92.7926025390625 251.66600036621094 39.865501403808594
v 93.85559844970703 251.49899291992188 36.84230041503906
v 144.27099609375 210.16400146484375 9.992959976196289
v 140.781005859375 254.72500610351562 59.805301666259766
v 149.07000732421875 211.23800659179688 67.16439819335938
v 147.5540008544922 212.60400390625 67.17459869384766
v 109.59600067138672 229.16000366210938 61.671600341796875
v 112.19999694824219 231.26300048828125 63.12419891357422
v 122.73899841308594 228.06100463867188 33.11149978637695
v 134.53799438476562 191.22999572753906 49.69049835205078
v 136.83999633789062 192.197998046875 52.505001068115234
v 171.98399353027344 201.95399475097656 44.092498779296875
v 170.20399475097656 200.91099548339844 47.733299255371094
v 164.6820068359375 207.8470001220703 55.51110076904297
v 162.28399658203125 207.9010009765625 57.68709945678711
v 146.8820037841797 201.57200622558594 46.06010055541992
v 149.04600524902344 202.3939971923828 47.82080078125
v 165.41900634765625 213.3419952392578 50.373600006103516
v 148.03399658203125 202.427001953125 9.4721097946167
v 150.02000427246094 200.54200744628906 10.229599952697754
v 169.9530029296875 201.18499755859375 20.69420051574707
v 171.0500030517578 199.16099548339844 21.677200317382812
v 141.89100646972656 218.58700561523438 61.49729919433594
v 129.34100341796875 239.427001953125 37.74089813232422
v 150.4409942626953 209.927001953125 66.63860321044922
v 115.49600219726562 201.1929931640625 40.62009811401367
v 111.86900329589844 240.81300354003906 64
v 107.26699829101562 238.6269989013672 63.52939987182617
v 94.53240203857422 249.86000061035156 35.58679962158203
v 123.87899780273438 216.58599853515625 42.157501220703125
v 125.30400085449219 215.33099365234375 43.425899505615234
v 146.02200317382812 250.1300048828125 49.06840133666992
v 145.25100708007812 248.86599731445312 36.88909912109375
v 145.73300170898438 247.7209930419922 40.369598388671875
v 167.42599487304688 194.39599609375 17.17799949645996
v 128.0330047607422 209.17599487304688 64.03379821777344
v 125.6500015258789 209.9429931640625 62.90650177001953
v 137.02499389648438 202.54200744628906 65.33280181884766
v 135.2830047607422 202.2480010986328 64.52339935302734
v 129.30499267578125 199.38499450683594 11.630599975585938
v 154.78399658203125 210.34500122070312 35.23249816894531
v 124.48999786376953 229.14199829101562 62.139198303222656
v 120.05699920654297 230.5919952392578 62.712398529052734
v 171.80099487304688 198.38999938964844 43.624900817871094
v 170.3820037841797 195.03500366210938 43.39360046386719
v 118.81999969482422 242.1060028076172 19.727100372314453
v 144.6649932861328 242.27099609375 36.145301818847656
v 143.468994140625 240.22500610351562 36.85900115966797
v 145.88999938964844 249.4709930419922 55.093299865722656
v 120.91300201416016 262.52099609375 40.298099517822266
v 138.3470001220703 207.50399780273438 32.844200134277344
v 138.9040069580078 208.65199279785156 32.2046012878418
v 114.83899688720703 266.9739990234375 59.71979904174805
v 110.71399688720703 235.61099243164062 18.881900787353516
v 120.6729965209961 244.45799255371094 21.166099548339844
v 122.87899780273438 246.18499755859375 22.623199462890625
v 129.65499877929688 202.23599243164062 11.004300117492676
v 151.14599609375 214.2550048828125 33.9828987121582
v 91.98709869384766 246.39700317382812 43.82490158081055
v 92.09190368652344 249.88099670410156 43.59629821777344
v 146.02699279785156 214.6199951171875 52.07899856567383
v 148.5189971923828 212.64500427246094 51.218101501464844
v 131.5850067138672 213.18299865722656 34.90850067138672
v 102.18000030517578 217.7830047607422 50.00189971923828
v 114.1760025024414 228.7969970703125 62.56159973144531
v 117.83000183105469 227.5679931640625 62.49140167236328
v 141.8979949951172 190.63600158691406 16.427400588989258
v 109.32599639892578 264.2980041503906 59.78070068359375
v 138.72300720214844 225.197998046875 14.463199615478516
v 137.43600463867188 221.1739959716797 12.769800186157227
v 140.44200134277344 203.74200439453125 47.122501373291016
v 118.86299896240234 235.37399291992188 16.64349937438965
v 135.4929962158203 237.2899932861328 53.63970184326172
v 135.38999938964844 236.34800720214844 55.44269943237305
v 154.79100036621094 217.79100036621094 45.59980010986328
v 165.67100524902344 206.0229949951172 54.52349853515625
v 161.63099670410156 213.03599548339844 23.641000747680664
v 126.05699920654297 262.58599853515625 47.541099548339844
v 96.1812973022461 230.13400268554688 52.66680145263672
v 118.8499984741211 229.36599731445312 36.77450180053711
v 138.01600646972656 257.77899169921875 47.26250076293945
v 123.53099822998047 241.06700134277344 40.38199996948242
v 122.78399658203125 243.22300720214844 42.95750045776367
v 131.677001953125 241.97799682617188 49.02450180053711
v 128.4929962158203 260.2340087890625 37.94449996948242
v 131.16200256347656 259.6929931640625 41.13330078125
v 113.35800170898438 256.072998046875 63.459598541259766
v 146.01100158691406 204.14500427246094 8.856430053710938
v 124.1709976196289 262.1669921875 45.08729934692383
v 168.73300170898438 200.98599243164062 50.26390075683594
v 169.2480010986328 197.9929962158203 48.249900817871094
v 127.39399719238281 223.34800720214844 32.029598236083984
v 128.63900756835938 225.60699462890625 32
v 94.14700317382812 243.44400024414062 53.45500183105469
v 121.11299896240234 243.53900146484375 47.625701904296875
v 120.39600372314453 242.1300048828125 49.15169906616211
v 124.08799743652344 200.59100341796875 14.205100059509277
v 121.34300231933594 200.60899353027344 15.766599655151367
v 172.19700622558594 205.75100708007812 29.71109962463379
v 143.96299743652344 225.56300354003906 33.561500549316406
v 139.66299438476562 227.53700256347656 33.36439895629883
v 170.80799865722656 199.06900024414062 46.17599868774414
v 141.9149932861328 253.30999755859375 59.624000549316406
v 159.41700744628906 193.5240020751953 52.89870071411133
v 159.0540008544922 190.63099670410156 49.89390182495117
v 150.7209930419922 216.29100036621094 34.941200256347656
v 129.40699768066406 214.54400634765625 43.22489929199219
v 125.23600006103516 238.8780059814453 17.947399139404297
v 122.50599670410156 237.2239990234375 17.114500045776367
v 118.58799743652344 220.11300659179688 62.136600494384766
v 149.88099670410156 202.80299377441406 32.805198669433594
v 144.04600524902344 247.01400756835938 57.829898834228516
v 147.93499755859375 207.83999633789062 32.42679977416992
v 117.30000305175781 229.95199584960938 38.36669921875
v 143.1750030517578 220.36900329589844 33.034698486328125
v 147.63999938964844 214.14199829101562 66.88639831542969
v 143.2169952392578 216.22000122070312 65.97209930419922
v 95.38009643554688 221.74400329589844 40.44810104370117
v 130.0659942626953 213.4810028076172 48.38859939575195
v 95.1676025390625 256.3280029296875 49.196998596191406
v 153.45700073242188 210.18600463867188 64.55970001220703
v 114.40699768066406 225.2010040283203 62.14910125732422
v 92.38849639892578 240.89100646972656 39.3942985534668
v 92.010498046875 243.51800537109375 42.72100067138672
v 153.86500549316406 211.3260040283203 35.668800354003906
v 92.61199951171875 238.25799560546875 42.73740005493164
v 92.38939666748047 241.093994140625 44.92359924316406
v 125.1719970703125 217.24099731445312 34.7234992980957
v 126.7490005493164 214.58900451660156 44.52289962768555
v 107.63300323486328 214.75999450683594 22.340999603271484
v 108.83000183105469 213.11399841308594 20.077199935913086
v 142.4929962158203 218.33399963378906 63.40449905395508
v 140.26699829101562 218.89500427246094 62.30179977416992
v 111.47200012207031 245.7899932861328 64
v 119.54199981689453 201.27200317382812 48.50699996948242
v 142.2740020751953 204.8800048828125 38.110599517822266
v 96.8843994140625 225.69500732421875 50.30889892578125
v 143.19200134277344 256.4460144042969 51.88370132446289
v 99.02570343017578 261.4320068359375 51.482200622558594
v 143.0749969482422 194.85699462890625 11.100299835205078
v 117.51100158691406 236.38299560546875 37.834598541259766
v 115.30000305175781 235.08900451660156 39.35029983520508
v 103.9229965209961 219.86199951171875 22.36639976501465
v 132.7760009765625 259.2460021972656 44.445499420166016
v 161.55999755859375 194.95799255371094 14.326700210571289
v 170.7169952392578 193.8209991455078 24.455900192260742
v 162.73300170898438 187.9499969482422 43.609500885009766
v 123.2300033569336 222.67999267578125 36.47949981689453
v 123.84400177001953 221.37100219726562 35.00299835205078
v 165.0540008544922 189.7530059814453 44.65520095825195
v 115.58100128173828 236.7530059814453 39.59550094604492
v 132.15899658203125 192.08399963378906 18.264400482177734
v 153.76600646972656 206.07400512695312 32.122798919677734
v 153.91299438476562 207.1790008544922 32.34659957885742
v 120.65799713134766 218.46200561523438 12.150500297546387
v 122.64199829101562 215.51400756835938 11.336199760437012
v 96.0635986328125 248.79600524902344 33.169898986816406
v 98.8062973022461 250.843994140625 31.82080078125
v 126.70700073242188 220.6269989013672 50.729000091552734
v 127.22899627685547 217.14599609375 49.49079895019531
v 130.7830047607422 259.0039978027344 37.62670135498047
v 131.01300048828125 191.6269989013672 21.319400787353516
v 94.27290344238281 224.44400024414062 42.90999984741211
v 125.25299835205078 228.9040069580078 14.603699684143066
v 126.91699981689453 232.5570068359375 15.619400024414062
v 146.92599487304688 211.17599487304688 32.11629867553711
v 111.28600311279297 203.98500061035156 25.904800415039062
v 109.68299865722656 262.76800537109375 36.23189926147461
v 115.80500030517578 243.7949981689453 43.51539993286133
v 145.05499267578125 205.9969940185547 8.758660316467285
v 98.99150085449219 233.82200622558594 24.659700393676758
v 101.03299713134766 231.4340057373047 22.714599609375
v 156.60800170898438 219.73899841308594 45.41899871826172
v 162.11399841308594 192.6790008544922 15.302900314331055
v 150.43699645996094 203.4040069580078 10.39579963684082
v 139.18499755859375 211.64300537109375 9.21798038482666
v 156.8560028076172 185.61300659179688 28.178800582885742
v 130.5399932861328 260.7919921875 61.5702018737793
v 129.322998046875 257.0929870605469 62.400001525878906
v 113.60299682617188 214.1490020751953 14.76509952545166
v 116.20999908447266 215.60000610351562 13.587400436401367
v 119.94999694824219 216.406005859375 61.928001403808594
v 153.41700744628906 204.38900756835938 48.93050003051758
v 104.56700134277344 258.1409912109375 33.02450180053711
v 144.45799255371094 244.95700073242188 52.79330062866211
v 142.78199768066406 242.7779998779297 52.76890182495117
v 136.07000732421875 237.63099670410156 40.220298767089844
v 144.68299865722656 193.55499267578125 12.311100006103516
v 109.48699951171875 206.8419952392578 26.000499725341797
v 135.9669952392578 204.3560028076172 66.15630340576172
v 132.8280029296875 205.44500732421875 65.0145034790039
v 126.27999877929688 240.61300659179688 41.645198822021484
v 151.64700317382812 217.0229949951172 36.607200622558594
v 129.26100158691406 221.08599853515625 51.30189895629883
v 101.33300018310547 259.73199462890625 56.27130126953125
v 146.6009979248047 201.59800720214844 39.15129852294922
v 146.19500732421875 201.1199951171875 40.898799896240234
v 140.177001953125 209.36700439453125 32.268001556396484
v 138.7050018310547 210.2729949951172 32.038700103759766
v 151.052001953125 200.8260040283203 42.87879943847656
v 124.802001953125 217.05799865722656 47.66389846801758
v 129.18899536132812 237.89999389648438 17.899900436401367
v 169.8159942626953 210.54100036621094 44.462799072265625
v 153.88600158691406 211.26499938964844 34.36240005493164
v 127.52200317382812 242.81100463867188 62.400001525878906
v 95.18879699707031 232.531005859375 52.19960021972656
v 93.47149658203125 233.78399658203125 48.56380081176758
v 118.72799682617188 237.05099487304688 36.737701416015625
v 123.37899780273438 194.75799560546875 27.530500411987305
v 133.60400390625 245.7550048828125 24.953800201416016
v 142.8000030517578 243.27499389648438 31.358299255371094
v 143.9080047607422 242.15199279785156 32.62070083618164
v 155.42300415039062 217.8459930419922 50.77640151977539
v 155.73599243164062 218.00599670410156 49.00859832763672
v 139.281005859375 239.69000244140625 22.792400360107422
v 128.99899291992188 195.35499572753906 52.05139923095703
v 128.7830047607422 230.04400634765625 60.483299255371094
v 155.5780029296875 201.48899841308594 60.340301513671875
v 150.6529998779297 201.2169952392578 34.21770095825195
v 151.20599365234375 201.50900268554688 32.96139907836914
v 130.00900268554688 235.1820068359375 52.787200927734375
v 133.11099243164062 234.73599243164062 55.42679977416992
v 156.65199279785156 206.65699768066406 34.87699890136719
v 135.29600524902344 214.26400756835938 32.82659912109375
v 133.6020050048828 214.718994140625 32.55889892578125
v 155.42799377441406 218.29400634765625 46.61349868774414
v 133.80099487304688 223.52999877929688 57.55099868774414
v 134.8280029296875 222.35800170898438 59.281700134277344
v 100.06400299072266 217.9949951171875 28.946199417114258
v 129.46600341796875 202.843994140625 61.845699310302734
v 119.99299621582031 265.9580078125 53.0619010925293
v 122.62899780273438 265.1239929199219 51.52280044555664
v 144.56700134277344 229.01400756835938 33.55939865112305
v 132.14700317382812 202.6790008544922 63.358299255371094
v 154.6269989013672 217.95199584960938 52.565799713134766
v 112.71299743652344 229.12600708007812 43.395999908447266
v 141.15199279785156 194.68099975585938 56.84170150756836
v 111.97699737548828 207.23199462890625 17.04050064086914
v 145.7729949951172 229.5659942626953 21.755199432373047
v 147.281005859375 229.05499267578125 23.19700050354004
v 134.8800048828125 205.06700134277344 8.389169692993164
v 145.66799926757812 217.625 55.617801666259766
v 147.40199279785156 216.14300537109375 53.26129913330078
v 138.40499877929688 207.45899963378906 37.21080017089844
v 142.7790069580078 199.1929931640625 63.03110122680664
v 167.0679931640625 204.38800048828125 19.157899856567383
v 119.29299926757812 202.2760009765625 14.88640022277832
v 139.0050048828125 203.02000427246094 42.4818000793457
v 151.4759979248047 216.96299743652344 52.984100341796875
v 130.8719940185547 195.74099731445312 54.01850128173828
v 151.53700256347656 224.30499267578125 32.143798828125
v 147.99899291992188 202.6909942626953 37.396400451660156
v 153.7259979248047 203.1719970703125 62.8203010559082
v 116.27300262451172 237.843994140625 63.992698669433594
v 109.6259994506836 235.3719940185547 63.80329895019531
v 119.8280029296875 227.60400390625 37.67890167236328
v 147.10899353027344 210.04100036621094 67.19999694824219
v 145.4530029296875 204.656005859375 37.45949935913086
v 129.36000061035156 229.42300415039062 14.412199974060059
v 134.04600524902344 232.88900756835938 16.45560073852539
v 124.19499969482422 218.91200256347656 39.18550109863281
v 135.25599670410156 236.58900451660156 37.46480178833008
v 136.947998046875 235.14599609375 35.783599853515625
v 125.00900268554688 204.5229949951172 58.05910110473633
v 156.7239990234375 213.53500366210938 58.61709976196289
v 122.0739974975586 196.13699340820312 24.952299118041992
v 119.65399932861328 197.05299377441406 29.425600051879883
v 96.58090209960938 259.1610107421875 49.36899948120117
v 105.48300170898438 261.3009948730469 59.82379913330078
v 145.03500366210938 216.76699829101562 64.9989013671875
v 153.94200134277344 185.02000427246094 30.64430046081543
v 113.13400268554688 241.28599548339844 40.2765007019043
v 156.28700256347656 220.5240020751953 43.96080017089844
v 157.3419952392578 221.17100524902344 43.28139877319336
v 118.2509994506836 244.58700561523438 43.69380187988281
v 118.50599670410156 243.70599365234375 45.51860046386719
v 160.11399841308594 206.58900451660156 14.932499885559082
v 158.2899932861328 214.5749969482422 56.70909881591797
v 142.21499633789062 210.0590057373047 9.027939796447754
v 162.93899536132812 200.47900390625 14.059599876403809
v 165.97900390625 201.281005859375 15.324000358581543
v 135.55599975585938 196.8040008544922 58.01649856567383
v 111.77400207519531 265.2430114746094 60.61289978027344
v 112.73899841308594 266.2539978027344 59.929298400878906
v 158.78199768066406 214.55099487304688 22.010900497436523
v 105.12300109863281 264.9079895019531 48.8755989074707
v 111.23100280761719 230.37399291992188 16.688499450683594
v 105.28800201416016 261.4809875488281 35.9286003112793
v 115.39600372314453 232.55299377441406 49.35609817504883
v 149.44000244140625 210.59300231933594 51.20000076293945
v 117.04000091552734 244.27200317382812 43.64149856567383
v 148.2989959716797 207.8470001220703 51.18429946899414
v 100.70800018310547 219.41700744628906 50.1703987121582
v 136.6439971923828 207.2740020751953 46.37179946899414
v 167.89300537109375 196.0260009765625 48.29819869995117
v 117.71399688720703 199.14199829101562 38.64950180053711
v 159.02200317382812 211.96600341796875 58.72269821166992
v 132.16900634765625 189.51800537109375 32.365299224853516
v 148.44200134277344 229.78700256347656 27.617000579833984
v 124.58899688720703 221.46800231933594 50.542701721191406
v 164.0019989013672 193.75900268554688 50.59400177001953
v 162.40699768066406 194.50999450683594 52.16510009765625
v 114.59600067138672 232.927001953125 16.582000732421875
v 152.05799865722656 202.10699462890625 32.37929916381836
v 165.89700317382812 210.3040008544922 53.141700744628906
v 124.1510009765625 243.62399291992188 45.66790008544922
v 122.01699829101562 217.8249969482422 44.96540069580078
v 112.72100067138672 229.5760040283203 40.97840118408203
v 120.0530014038086 249.49600219726562 25.402099609375
v 106.41000366210938 209.1820068359375 35.08940124511719
v 102.6729965209961 213.19700622558594 34.29759979248047
v 126.40699768066406 197.1909942626953 15.397299766540527
v 127.26399993896484 198.83599853515625 12.978099822998047
v 162.0760040283203 191.8769989013672 49.93370056152344
v 113.85099792480469 201.47900390625 36.35850143432617
v 109.43499755859375 210.13600158691406 20.304399490356445
v 144.69000244140625 217.1060028076172 12.979399681091309
v 145.9239959716797 250.9010009765625 44.0625
v 135.4770050048828 235.98199462890625 18.358600616455078
v 153.11099243164062 201.18899536132812 34.6703987121582
v 133.04600524902344 213.08900451660156 37.01319885253906
v 129.4739990234375 197.8090057373047 12.163000106811523
v 105.447998046875 213.35899353027344 48.37799835205078
v 131.0959930419922 213.3489990234375 33.638099670410156
v 135.406005859375 217.9810028076172 32.48970031738281
v 114.2959976196289 217.9250030517578 14.901599884033203
v 144.28199768066406 244.1840057373047 47.75510025024414
v 150.947998046875 202.78500366210938 32.22880172729492
v 109.68499755859375 265.5570068359375 52.015899658203125
v 172.47500610351562 193.60000610351562 34.09619903564453
v 147.6510009765625 217.20599365234375 14.47029972076416
v 150.37600708007812 214.66099548339844 14.48550033569336
v 130.88099670410156 240.16400146484375 19.34830093383789
v 133.3489990234375 241.56700134277344 20.97640037536621
v 130.91799926757812 221.48899841308594 63.46620178222656
v 153.64100646972656 208.4409942626953 32.364200592041016
v 124.43199920654297 202.55299377441406 55.93840026855469
v 114.12699890136719 232.40199279785156 48.78730010986328
v 149.01800537109375 202.97900390625 35.4635009765625
v 173.58700561523438 203.94700622558594 32.73419952392578
v 124.48400115966797 219.125 49.06629943847656
v 141.46099853515625 251.22000122070312 60.61949920654297
v 137.6540069580078 216.8800048828125 11.552900314331055
v 94.85700225830078 255.46600341796875 39.47269821166992
v 147.90899658203125 205.94900512695312 33.026798248291016
v 133.56399536132812 223.75599670410156 59.61750030517578
v 102.677001953125 222.5240020751953 21.665700912475586
v 140.10499572753906 207.59500122070312 34.4276008605957
v 140.8520050048828 208.2220001220703 33.298301696777344
v 123.47000122070312 242.4980010986328 49.65760040283203
v 152.61099243164062 201.03700256347656 45.67470169067383
v 152.48800659179688 200.9239959716797 44.1151008605957
v 121.76200103759766 210.23699951171875 60.19390106201172
v 128.76600646972656 218.17100524902344 32.03310012817383
v 136.07200622558594 260.72100830078125 53.657501220703125
v 105.76300048828125 259.8689880371094 60.935699462890625
v 131.1790008544922 223.71200561523438 53.22650146484375
v 154.19400024414062 217.0070037841797 44.33089828491211
v 154.7969970703125 213.572998046875 49.479801177978516
v 153.4770050048828 221.54100036621094 37.20439910888672
v 171.19000244140625 205.79299926757812 27.006000518798828
v 145.24400329589844 217.6179962158203 32.59749984741211
v 117.2040023803711 242.08299255371094 40.1775016784668
v 116.42900085449219 242.77000427246094 40.974098205566406
v 96.26709747314453 219.84800720214844 38.193599700927734
v 154.32000732421875 215.9810028076172 50.215999603271484
v 142.9550018310547 247.38099670410156 59.23640060424805
v 141.0780029296875 245.43299865722656 60.52899932861328
v 133.5989990234375 197.77200317382812 10.65719985961914
v 132.24400329589844 197.4759979248047 57.247100830078125
v 159.18600463867188 220.8000030517578 44.13479995727539
v 127.38400268554688 199.906005859375 56.093101501464844
v 154.74200439453125 208.29400634765625 33.01959991455078
v 144.9550018310547 251.78799438476562 41.81570053100586
v 113.1259994506836 221.79600524902344 15.75160026550293
v 117.46499633789062 220.8979949951172 14.110300064086914
v 123.74400329589844 220.28399658203125 39.032100677490234
v 146.8090057373047 202.1649932861328 47.9718017578125
v 118.61000061035156 200.71200561523438 17.61680030822754
v 136.08999633789062 212.9320068359375 32.493900299072266
v 107.625 262.39599609375 36.329898834228516
v 158.60699462890625 199.81700134277344 12.727800369262695
v 144.15699768066406 201.72999572753906 44.380001068115234
v 150.7969970703125 197.4199981689453 11.251899719238281
v 129.89199829101562 214.41299438476562 49.43870162963867
v 116.80999755859375 223.65199279785156 45.60150146484375
v 118.92400360107422 221.30499267578125 45.726600646972656
v 156.281005859375 204.10800170898438 35.80220031738281
v 157.36900329589844 221.5 40.76319885253906
v 149.63400268554688 195.46200561523438 57.639400482177734
v 152.11599731445312 208.13900756835938 51.13479995727539
v 152.968994140625 210.1269989013672 50.9817008972168
v 144.5590057373047 254.52200317382812 51.76449966430664
v 136.81199645996094 237.3769989013672 55.21549987792969
v 125.81999969482422 224.29299926757812 62.804100036621094
v 128.41600036621094 223.9409942626953 62.78990173339844
v 158.55299377441406 206.156005859375 60.29880142211914
v 110.14800262451172 210.94700622558594 18.028099060058594
v 128.61500549316406 243.65699768066406 47.02479934692383
v 122.77100372314453 243.22300720214844 48.75640106201172
v 119.87799835205078 246.94500732421875 23.23080062866211
v 99.8302993774414 250.52200317382812 59.97529983520508
v 164.15899658203125 196.531005859375 14.526700019836426
v 103.52100372314453 264.1080017089844 51.660301208496094
v 132.38400268554688 248.3520050048828 27.006799697875977
v 154.71099853515625 184.90899658203125 36.06949996948242
v 150.0260009765625 185.5469970703125 34.42319869995117
v 128.68699645996094 228.5030059814453 54.517799377441406
v 120.4990005493164 256.9429931640625 31.495100021362305
v 122.06999969482422 258.58099365234375 32.692100524902344
v 148.86000061035156 214.43800354003906 51.66429901123047
v 149.42300415039062 215.322998046875 51.75310134887695
v 168.1199951171875 198.98500061035156 50.18239974975586
v 142.08599853515625 193.822998046875 12.019200325012207
v 96.50129699707031 239.98300170898438 56.53419876098633
v 135.5449981689453 196.3730010986328 10.793499946594238
v 118.95899963378906 213.25999450683594 59.995601654052734
v 96.27549743652344 221.69200134277344 31.726600646972656
v 153.64700317382812 203.43800354003906 32.1161003112793
v 137.2030029296875 189.4080047607422 24.65089988708496
v 92.67109680175781 234.56399536132812 39.705101013183594
v 160.38999938964844 207.10299682617188 59.060001373291016
v 158.3300018310547 209.14100646972656 60.48460006713867
v 123.10800170898438 220.4320068359375 11.926199913024902
v 133.68899536132812 238.48399353027344 51.82809829711914
v 133.86399841308594 236.68699645996094 53.5718994140625
v 109.37699890136719 251.00100708007812 26.980300903320312
v 130.3179931640625 208.43699645996094 64.8864974975586
v 131.6490020751953 211.79400634765625 65.79720306396484
v 148.18600463867188 204.48199462890625 34.07630157470703
v 114.50399780273438 243.4949951171875 41.643001556396484
v 114.36199951171875 243.33299255371094 42.68190002441406
v 173.48199462890625 199.73199462890625 29.998199462890625
v 137.98800659179688 206.14100646972656 38.42919921875
v 152.20199584960938 216.51699829101562 39.145301818847656
v 145.25599670410156 244.13600158691406 36.0906982421875
v 119.43299865722656 266.7279968261719 57.633399963378906
v 120.76200103759766 266.3089904785156 58.50669860839844
v 127.77999877929688 217.20799255371094 64.5895004272461
v 146.24899291992188 194.82699584960938 11.539400100708008
v 136.54299926757812 208.4199981689453 8.162610054016113
v 126.8550033569336 223.86199951171875 51.50699996948242
v 117.28399658203125 243.8459930419922 63.93190002441406
v 96.60549926757812 221.38299560546875 44.40840148925781
v 151.6929931640625 203.927001953125 32.00859832763672
v 121.08000183105469 235.4010009765625 35.20000076293945
v 118.87200164794922 234.33700561523438 35.22819900512695
v 165.99400329589844 202.24000549316406 53.51860046386719
v 120.46800231933594 229.53399658203125 35.09920120239258
v 121.55400085449219 228.74400329589844 34.18949890136719
v 136.8249969482422 197.61599731445312 59.88169860839844
v 117.85800170898438 217.4969940185547 13.103899955749512
v 149.77699279785156 201.18600463867188 63.45589828491211
v 143.59800720214844 218.05499267578125 56.256900787353516
v 128.1999969482422 231.32200622558594 32.2041015625
v 96.97769927978516 243.77200317382812 57.40250015258789
v 115.78299713134766 242.7760009765625 44.52180099487305
v 155.67100524902344 205.30099487304688 32.93989944458008
v 154.41099548339844 205.4669952392578 32.25790023803711
v 156.33299255371094 207.28399658203125 62.061100006103516
v 154.21600341796875 208.35400390625 49.457801818847656
v 132.83900451660156 260.1180114746094 61.214698791503906
v 132.7220001220703 258.42498779296875 62.22760009765625
v 123.52200317382812 198.25399780273438 17.488800048828125
v 126.72100067138672 242.19700622558594 50.3484992980957
v 139.64100646972656 195.45799255371094 10.532099723815918
v 112.44999694824219 235.9459991455078 44.0098991394043
v 122.54000091552734 243.81700134277344 47.060699462890625
v 157.93899536132812 205.8679962158203 13.493599891662598
v 141.17999267578125 194.91099548339844 11.007800102233887
v 143.06700134277344 247.89100646972656 32.027801513671875
v 144.2030029296875 248.0590057373047 32.5974006652832
v 139.62399291992188 234.12899780273438 35.20920181274414
v 138.07400512695312 235.91299438476562 36.85150146484375
v 105.26799774169922 234.4550018310547 61.757198333740234
v 155.4149932861328 213.46099853515625 48.18339920043945
v 144.8260040283203 249.23800659179688 34.572898864746094
v 137.08399963378906 231.05599975585938 33.64569854736328
v 134.16600036621094 211.60899353027344 66.72139739990234
v 134.05799865722656 214.2449951171875 66.41519927978516
v 109.30500030517578 222.07200622558594 16.878999710083008
v 152.53399658203125 201.58299255371094 46.938899993896484
v 98.82720184326172 218.1490020751953 31.340900421142578
v 112.72000122070312 235.60699462890625 45.40530014038086
v 124.50199890136719 217.2469940185547 40.658599853515625
v 138.8979949951172 211.90699768066406 32.00590133666992
v 108.50499725341797 248.3000030517578 25.479000091552734
v 105.53399658203125 249.82400512695312 27.75200080871582
v 105.97200012207031 246.75399780273438 25.550800323486328
v 94.48419952392578 230.2100067138672 49.40510177612305
v 151.21200561523438 211.6300048828125 66.13259887695312
v 120.86299896240234 206.36500549316406 12.506400108337402
v 119.08899688720703 237.98300170898438 37.93090057373047
v 104.19000244140625 225.1999969482422 19.742000579833984
v 149.5489959716797 212.71600341796875 32.44670104980469
v 135.8520050048828 219.97900390625 64.25309753417969
v 134.88999938964844 221.42599487304688 62.858001708984375
v 127.947998046875 216.2010040283203 40.84870147705078
v 119.71099853515625 222.01800537109375 41.605201721191406
v 143.5989990234375 208.28900146484375 33.98939895629883
v 119.85900115966797 262.78900146484375 62.23609924316406
v 142.87399291992188 218.23500061035156 59.587100982666016
v 132.27499389648438 240.4029998779297 50.313499450683594
v 96.86810302734375 229.31500244140625 26.465700149536133
v 145.61000061035156 245.81500244140625 41.61330032348633
v 167.86599731445312 196.23500061035156 16.400800704956055
v 110.8280029296875 218.86199951171875 16.516300201416016
v 130.2209930419922 229.89599609375 57.83140182495117
v 165.57400512695312 194.75799560546875 49.89970016479492
v 115.4530029296875 242.05799865722656 40.36159896850586
v 114.10900115966797 241.3509979248047 40.063499450683594
v 113.41799926757812 228.73399353027344 40.81330108642578
v 133.81199645996094 238.68899536132812 19.318500518798828
v 111.4800033569336 260.10699462890625 62.22520065307617
v 112.63999938964844 263.3219909667969 61.59550094604492
v 159.1999969482422 185.31199645996094 35.535301208496094
v 116.44999694824219 216.2259979248047 59.82740020751953
v 123.54900360107422 259.71099853515625 33.88970184326172
v 167.08399963378906 210.4080047607422 50.435298919677734
v 167.13499450683594 208.156005859375 52.217098236083984
v 140.1959991455078 231.85299682617188 34.18199920654297
v 155.76499938964844 221.0050048828125 42.38079833984375
v 117.52400207519531 222.53500366210938 43.80849838256836
v 141.93800354003906 229.53500366210938 18.710800170898438
v 136.6540069580078 256.8070068359375 38.55830001831055
v 131.73899841308594 244.3699951171875 22.725000381469727
v 135.2030029296875 243.16799926757812 23.281600952148438
v 152.86900329589844 216.2779998779297 42.33440017700195
v 132.3489990234375 213.13600158691406 33.39099884033203
v 125.93299865722656 239.3820037841797 36.122798919677734
v 142.8939971923828 197.8419952392578 8.970640182495117
v 156.53900146484375 190.73599243164062 50.71110153198242
v 103.70700073242188 244.46099853515625 25.430099487304688
v 104.34300231933594 239.8780059814453 62.72200012207031
v 149.48800659179688 216.36900329589844 53.26129913330078
v 119.46800231933594 204.49000549316406 13.378499984741211
v 118.46499633789062 206.02099609375 13.201700210571289
v 157.06900024414062 217.62899780273438 53.46120071411133
v 110.73600006103516 254.0959930419922 28.998300552368164
v 128.91200256347656 190.48399353027344 35.6068000793457
v 126.48500061035156 191.55499267578125 38.96979904174805
v 138.04100036621094 259.218994140625 56.58449935913086
v 106.03500366210938 227.45199584960938 18.394500732421875
v 100.49199676513672 262.28900146484375 52.2859992980957
v 101.43099975585938 263.22601318359375 51.366600036621094
v 129.7169952392578 226.34300231933594 60.329498291015625
v 146.63699340820312 230.88400268554688 23.29319953918457
v 113.46399688720703 236.31199645996094 46.83489990234375
v 150.83599853515625 185.8459930419922 40.206298828125
v 146.38400268554688 217.19400024414062 58.05870056152344
v 106.74800109863281 264.85400390625 52.755401611328125
v 108.60600280761719 264.69500732421875 54.79869842529297
v 112.64099884033203 237.47500610351562 41.15610122680664
v 137.2169952392578 199.61399841308594 62.777099609375
v 105.42900085449219 263.75201416015625 44.372798919677734
v 163.43299865722656 190.8040008544922 47.71200180053711
v 128.3040008544922 243.34300231933594 49.0797004699707
v 137.36199951171875 211.8090057373047 32.10100173950195
v 123.55699920654297 204.9810028076172 12.374899864196777
v 115.8030014038086 241.1490020751953 19.620399475097656
v 160.11000061035156 218.56300354003906 48.7505989074707
v 162.1479949951172 217.9010009765625 48.7400016784668
v 128.12399291992188 239.78199768066406 37.58039855957031
v 139.1699981689453 205.58700561523438 8
v 137.89700317382812 239.06700134277344 43.227901458740234
v 159.10000610351562 204.52499389648438 59.3916015625
v 126.86599731445312 228.3179931640625 32
v 112.02200317382812 240.13699340820312 42.421600341796875
v 129.94500732421875 226.1820068359375 53.73569869995117
v 121.43199920654297 203.24600219726562 13.485600471496582
v 131.00999450683594 214.35499572753906 42.42300033569336
v 172.3780059814453 206.7689971923828 32.51179885864258
v 113.98500061035156 243.031005859375 21.062700271606445
v 117.5719985961914 243.0189971923828 40.812400817871094
v 154.12600708007812 215.1540069580078 56.924598693847656
v 142.09300231933594 212.98899841308594 32.0255012512207
v 132.28799438476562 256.0530090332031 62.400001525878906
v 125.99099731445312 244.19700622558594 47.97420120239258
v 151.99600219726562 208.0469970703125 32.049598693847656
v 135.8090057373047 221.2689971923828 61.548099517822266
v 154.17999267578125 210.04299926757812 49.8114013671875
v 119.51599884033203 232.906005859375 35.20000076293945
v 162.38800048828125 218.57000732421875 33.95320129394531
v 96.2603988647461 239.4600067138672 30.45870018005371
v 138.4409942626953 251.79800415039062 62.34920120239258
v 148.39500427246094 226.01100158691406 22.409400939941406
v 95.23560333251953 256.9119873046875 43.898399353027344
v 93.79869842529297 254.93600463867188 41.78150177001953
v 139.41900634765625 224.01300048828125 32.54460144042969
v 137.44900512695312 212.7169952392578 51.281898498535156
v 128.55799865722656 192.16700744628906 46.217498779296875
v 134.71200561523438 255.94900512695312 62.367698669433594
v 171.94700622558594 194.322998046875 27.71269989013672
v 168.843994140625 191.23399353027344 25.859699249267578
v 113.61100006103516 235.1699981689453 40.52320098876953
v 106.63700103759766 222.10299682617188 18.386600494384766
v 127.92900085449219 200.7989959716797 11.846400260925293
v 137.22799682617188 217.99200439453125 65.55840301513672
v 139.0709991455078 217.26699829101562 66.16000366210938
v 152.6959991455078 207.84300231933594 12.542099952697754
v 128.49400329589844 214.0330047607422 45.652000427246094
v 139.54200744628906 247.04600524902344 61.82820129394531
v 163.0050048828125 197.25599670410156 53.29309844970703
v 94.10910034179688 223.33099365234375 37.705101013183594
v 122.13999938964844 241.13499450683594 19.044300079345703
v 118.63899993896484 222.75399780273438 47.45320129394531
v 142.41700744628906 257.2980041503906 53.24449920654297
v 155.4029998779297 185.4199981689453 40.03919982910156
v 155.50799560546875 206.9810028076172 13.166199684143066
v 124.91600036621094 241.7209930419922 19.37579917907715
v 122.87899780273438 229.85800170898438 33.5255012512207
v 129.9810028076172 243.2429962158203 47.39649963378906
v 129.47900390625 190.64300537109375 29.154199600219727
v 155.43699645996094 207.34500122070312 47.46879959106445
v 158.7480010986328 187.13499450683594 44.029998779296875
v 160.26800537109375 189.50799560546875 47.6859016418457
v 136.69200134277344 225.96499633789062 32.02349853515625
v 173.7729949951172 205.51400756835938 35.718299865722656
v 137.31500244140625 207.7779998779297 33.513999938964844
v 156.76400756835938 205.48300170898438 35.14569854736328
v 108.05699920654297 224.41799926757812 17.169700622558594
v 102.63899993896484 245.03399658203125 62.52199935913086
v 104.16100311279297 246.82400512695312 63.25640106201172
v 117.48100280761719 228.77000427246094 15.885000228881836
v 98.28150177001953 241.26499938964844 28.511499404907227
v 129.34100341796875 220.90199279785156 32.004398345947266
v 156.44400024414062 206.15199279785156 33.903099060058594
v 96.92630004882812 233.73199462890625 55.42110061645508
v 129.52699279785156 242.78399658203125 49.29899978637695
v 140.1999969482422 217.39500427246094 54.70759963989258
v 125.23799896240234 233.04299926757812 51.24800109863281
v 125.3550033569336 229.6699981689453 51.32500076293945
v 155.0469970703125 217.39599609375 48.09389877319336
v 145.91900634765625 217.2760009765625 60.41529846191406
v 108.41699981689453 228.7519989013672 17.344900131225586
v 150.27999877929688 201.5570068359375 39.41889953613281
v 132.26499938964844 261.50299072265625 59.329200744628906
v 134.01300048828125 260.31298828125 59.452701568603516
v 127.62100219726562 219.73199462890625 63.985599517822266
v 124.81500244140625 217.98399353027344 63.22819900512695
v 118.33300018310547 265.989990234375 50.66899871826172
v 136.74600219726562 238.18299865722656 53.07109832763672
v 92.3187026977539 243.322998046875 46.61880111694336
v 169.20899963378906 191.4980010986328 40.378501892089844
v 119.04900360107422 238.92300415039062 39.49209976196289
v 121.11199951171875 213.20899963378906 61.40039825439453
v 130.6020050048828 190.93099975585938 24.452299118041992
v 133.5919952392578 251.15199279785156 62.400001525878906
v 152.3979949951172 201.25 33.4208984375
v 153.2030029296875 201.6510009765625 32.9281005859375
v 129.68600463867188 214.49899291992188 33.07529830932617
v 127.5790023803711 226.93699645996094 52.248199462890625
v 129.8470001220703 224.13499450683594 52.3843994140625
v 156.5659942626953 221.70199584960938 38.33359909057617
v 124.44200134277344 240.08299255371094 38.796600341796875
v 130.8159942626953 262.4209899902344 52.66749954223633
v 127.43900299072266 227.67599487304688 61.470298767089844
v 146.406005859375 247.88499450683594 44.147499084472656
v 145.48199462890625 244.94900512695312 44.31230163574219
v 141.19500732421875 257.76800537109375 50.76729965209961
v 116.71299743652344 262.9779968261719 36.72129821777344
v 126.6500015258789 203.9720001220703 11.719799995422363
v 133.1230010986328 216.75900268554688 65.64620208740234
v 130.96800231933594 218.0749969482422 65.05609893798828
v 144.1300048828125 208.2169952392578 67.19999694824219
v 146.697998046875 192.28199768066406 54.383399963378906
v 108.1989974975586 212.06199645996094 22.92639923095703
v 110.13400268554688 227.04100036621094 16.484600067138672
v 127.51100158691406 264.2099914550781 58.433998107910156
v 121.80500030517578 252.67799377441406 28.531700134277344
v 145.0229949951172 243.19500732421875 34.31079864501953
v 140.60400390625 241.47300720214844 58.975101470947266
v 138.8730010986328 241.10000610351562 60.76190185546875
v 155.4149932861328 212.68800354003906 46.46670150756836
v 116.7229995727539 233.16000366210938 37.19110107421875
v 115.6520004272461 232.0050048828125 39.044700622558594
v 136.78900146484375 208.16600036621094 36.12990188598633
v 122.22200012207031 208.64100646972656 11.661700248718262
v 133.031005859375 209.447998046875 45.313201904296875
v 136.62899780273438 207.92300415039062 34.76890182495117
v 137.98800659179688 206.81900024414062 34.43109893798828
v 125.87799835205078 246.13800048828125 22.940399169921875
v 106.27799987792969 215.73699951171875 24.27359962463379
v 107.1760025024414 217.32200622558594 20.797100067138672
v 151.0489959716797 201.19900512695312 35.71780014038086
v 128.6929931640625 245.39700317382812 22.748699188232422
v 126.8949966430664 243.52000427246094 20.772600173950195
v 122.68499755859375 265.82501220703125 57.283199310302734
v 157.6020050048828 211.39999389648438 60.249900817871094
v 99.94670104980469 261.2590026855469 53.43349838256836
v 151.75900268554688 201.03199768066406 34.54970169067383
v 126.56800079345703 242.33900451660156 45.00320053100586
v 116.80500030517578 234.73399353027344 37.619998931884766
v 142.322998046875 252.55999755859375 35.4281005859375
v 143.39599609375 250.94500732421875 34.23379898071289
v 103.58599853515625 246.80099487304688 26.905899047851562
v 109.0719985961914 232.22500610351562 62.87810134887695
v 137.072998046875 242.78700256347656 62.35179901123047
v 106.83200073242188 236.48199462890625 63.176300048828125
v 156.56700134277344 198.47500610351562 57.710899353027344
v 139.6439971923828 202.55799865722656 44.23820114135742
v 152.6929931640625 212.30799865722656 33.994300842285156
v 106.2300033569336 243.8070068359375 23.976999282836914
v 166.9149932861328 188.06199645996094 33.96820068359375
v 117.90499877929688 203.70399475097656 14.391799926757812
v 116.13899993896484 204.95599365234375 14.82229995727539
v 127.85700225830078 239.68299865722656 62.400001525878906
v 155.17300415039062 207.16299438476562 38.09189987182617
v 116.6500015258789 199.1840057373047 32.11800003051758
v 124.15699768066406 226.50100708007812 51.28710174560547
v 137.4199981689453 210.1009979248047 50.05929946899414
v 165.85000610351562 216.00100708007812 40.5994987487793
v 132.21200561523438 211.2169952392578 44.140499114990234
v 132.78399658203125 211.0540008544922 42.9828987121582
v 164.50399780273438 199.0030059814453 14.537099838256836
v 143.01100158691406 190.2519989013672 50.667701721191406
v 138.82699584960938 242.95899963378906 61.813201904296875
v 150.3520050048828 206.76699829101562 51.13370132446289
v 118.00499725341797 235.4770050048828 36.11320114135742
v 132.125 210.9340057373047 46.48540115356445
v 158.0590057373047 203 12.714200019836426
v 139.68600463867188 218.61399841308594 64.2229995727539
v 155.16099548339844 214.93299865722656 46.665401458740234
v 106.0989990234375 244.64999389648438 63.629600524902344
v 112.23699951171875 225.40199279785156 16.183500289916992
v 146.21499633789062 200.0590057373047 63.69380187988281
v 112.41400146484375 239.14700317382812 43.606998443603516
v 133.52000427246094 209.26499938964844 42.848201751708984
v 139.06100463867188 208.0540008544922 49.30120086669922
v 140.66099548339844 205.7220001220703 37.839900970458984
v 137.64300537109375 206.97900390625 36.14149856567383
v 128.7570037841797 193.63800048828125 19.909900665283203
v 141.79800415039062 209.13400268554688 32.7692985534668
v 140.5850067138672 211.00999450683594 32.06880187988281
v 150.8040008544922 200.96400451660156 44.75270080566406
v 168.08599853515625 193.36199951171875 19.410999298095703
v 168.58900451660156 192.29800415039062 22.58919906616211
v 152.09100341796875 211.97799682617188 51.10689926147461
v 110.93299865722656 211.45899963378906 51.481300354003906
v 142.74400329589844 203.3470001220703 66.79010009765625
v 150.7899932861328 205.96499633789062 11.19320011138916
v 159.5030059814453 219.78500366210938 30.947500228881836
v 114.21199798583984 229.50799560546875 16.087200164794922
v 119.57499694824219 236.38699340820312 35.73759841918945
v 115.72200012207031 240.8509979248047 40.0182991027832
v 143.78399658203125 255.54800415039062 53.644100189208984
v 136.77099609375 209.16700744628906 32.89139938354492
v 121.88200378417969 224.93499755859375 34.85710144042969
v 141.61399841308594 241.94900512695312 55.56990051269531
v 123.97100067138672 241.19400024414062 50.614498138427734
v 142.4029998779297 244.5850067138672 58.65950012207031
v 102.55799865722656 263.05999755859375 53.06169891357422
v 126.89700317382812 243.7310028076172 48.829200744628906
v 137.26800537109375 240.50599670410156 45.9989013671875
v 140.81700134277344 205.68299865722656 48.71900177001953
v 159.86599731445312 189.27000427246094 19.462099075317383
v 120.15299987792969 230.9759979248047 35.28239822387695
v 108.34600067138672 215.49400329589844 19.726699829101562
v 129.94900512695312 242.5229949951172 20.653799057006836
v 99.80380249023438 225.08599853515625 23.26219940185547
v 127.07599639892578 215.61300659179688 33.808101654052734
v 112.2760009765625 237.1790008544922 43.33399963378906
v 140.81199645996094 248.87600708007812 61.45439910888672
v 137.83700561523438 202.23399353027344 8.053019523620605
v 129.09500122070312 214.26499938964844 34.76580047607422
v 107.2229995727539 262.27899169921875 60.66960144042969
v 160.08700561523438 209.91200256347656 59.24760055541992
v 98.27559661865234 257.177001953125 35.831298828125
v 122.86699676513672 230.48500061035156 51.20000076293945
v 118.3270034790039 266.32501220703125 54.94599914550781
v 140.35000610351562 243.15699768066406 60.275299072265625
v 134.84500122070312 199.21400451660156 61.508399963378906
v 135.97000122070312 210.85800170898438 32.77690124511719
v 162.73699951171875 189.25900268554688 45.8848991394043
v 154.91000366210938 216.7480010986328 54.9114990234375
v 172.54299926757812 205.8300018310547 41.0088005065918
v 153.093994140625 205.51400756835938 49.609798431396484
v 111.41000366210938 212.156005859375 16.168100357055664
v 126.27400207519531 192.42100524902344 43.020301818847656
v 125.62799835205078 240.02699279785156 37.6703987121582
v 140.83900451660156 208.52499389648438 50.68370056152344
v 136.54200744628906 257.4110107421875 43.17169952392578
v 148.02099609375 231.13800048828125 29.930999755859375
v 122.22699737548828 262.67498779296875 44.73189926147461
v 156.73500061035156 218.2449951171875 50.438899993896484
v 156.65199279785156 218.73800659179688 48.049598693847656
v 137.3090057373047 191.91400146484375 14.70300006866455
v 135.08200073242188 193.29100036621094 13.404000282287598
v 122.18199920654297 241.77000427246094 40.69419860839844
v 114.90599822998047 206.0030059814453 50.47560119628906
v 111.58799743652344 205.6840057373047 44.30939865112305
v 167.02099609375 196.36300659179688 49.65119934082031
v 144.9029998779297 217.20799255371094 54.13520050048828
v 154.4149932861328 201.92999267578125 35.78889846801758
v 141.2949981689453 252.68800354003906 34.32279968261719
v 106.43199920654297 211.36300659179688 45.88050079345703
v 151.2239990234375 201.6840057373047 46.74470138549805
v 126.38400268554688 263.1549987792969 61.1161994934082
v 139.49899291992188 218.55799865722656 58.03260040283203
v 151.4429931640625 209.30599975585938 51.190101623535156
v 145.0959930419922 201.85000610351562 46.278099060058594
v 152.781005859375 219.09300231933594 20.340700149536133
v 92.69010162353516 244.30799865722656 37.43280029296875
v 114.9990005493164 260.12200927734375 62.456199645996094
v 172.92599487304688 194.4969940185547 36.900699615478516
v 172.01199340820312 203.23300170898438 25.769899368286133
v 126.01499938964844 240.13699340820312 51.1703987121582
v 129.37899780273438 228.072998046875 58.529701232910156
v 148.2429962158203 200.72799682617188 41.690101623535156
v 121.80799865722656 239.79600524902344 39.29899978637695
v 97.05460357666016 257.6679992675781 53.46590042114258
v 113.02100372314453 234.15499877929688 47.18450164794922
v 143.4040069580078 253.53500366210938 41.548301696777344
v 157.78599548339844 220.73300170898438 44.54180145263672
v 149.63900756835938 223.2899932861328 34.1510009765625
v 160.7689971923828 186.30499267578125 29.013999938964844
v 126.302001953125 238.20399475097656 35.2338981628418
v 118.4010009765625 259.947998046875 32.91339874267578
v 144.5240020751953 217.96200561523438 58.8307991027832
v 152.6219940185547 199.89999389648438 60.72209930419922
v 167.82699584960938 192.2100067138672 44.59619903564453
v 122.53700256347656 243.90499877929688 45.121700286865234
v 102.53700256347656 228.6060028076172 57.57379913330078
v 140.82699584960938 223.2969970703125 14.444000244140625
v 105.49700164794922 217.85800170898438 22.828899383544922
v 118.43699645996094 206.11900329589844 54.1161994934082
v 121.54399871826172 195.6199951171875 41.46379852294922
v 134.1649932861328 219.95199584960938 64.61419677734375
v 133.4929962158203 221.7550048828125 63.1708984375
v 111.67500305175781 231.8800048828125 41.476200103759766
v 162.76199340820312 202.74600219726562 14.24530029296875
v 166.3679962158203 206.15699768066406 20.38129997253418
v 147.51100158691406 231.63900756835938 27.67009925842285
v 133.6719970703125 221.86099243164062 32.05619812011719
v 115.24400329589844 225.18600463867188 44.14780044555664
v 149.8769989013672 191.5 14.198800086975098
v 130.1060028076172 214.09300231933594 11.166999816894531
v 126.07599639892578 235.90199279785156 16.672199249267578
v 97.30660247802734 230.89199829101562 54.6775016784668
v 119.65599822998047 244.39700317382812 43.98910140991211
v 120.70700073242188 244.16900634765625 43.042301177978516
v 96.94760131835938 227.76199340820312 52.04840087890625
v 111.93599700927734 203.17799377441406 30.27440071105957
v 114.53399658203125 237.25999450683594 48.38710021972656
v 93.81620025634766 238.69400024414062 51.60300064086914
v 132.79299926757812 234.5260009765625 33.894901275634766
v 115.80999755859375 231.3560028076172 63.280601501464844
v 104.68800354003906 263.9570007324219 53.09519958496094
v 106.23699951171875 263.76300048828125 55.055599212646484
v 145.89999389648438 247.052001953125 47.28329849243164
v 144.69500732421875 245.2969970703125 49.960601806640625
v 115.9209976196289 241.9510040283203 45.1265983581543
v 117.18499755859375 243.36900329589844 44.82099914550781
v 124.93599700927734 244.17100524902344 47.00339889526367
v 136.42799377441406 190.87100219726562 17.77739906311035
v 124.06400299072266 244.2259979248047 20.986299514770508
v 155.46600341796875 221.32899475097656 40.433799743652344
v 158.23500061035156 185.18099975585938 32.257999420166016
v 125.80699920654297 201.78900146484375 12.583900451660156
v 154.6739959716797 220.7779998779297 41.2047004699707
v 137.2689971923828 244.1269989013672 25.752399444580078
v 96.69819641113281 223.50900268554688 28.87350082397461
v 130.2530059814453 217.57899475097656 51.06480026245117
v 123.79000091552734 224.81100463867188 13.313799858093262
v 108.9729995727539 243.15199279785156 22.794599533081055
v 130.447998046875 262.19000244140625 60.04059982299805
v 121.76100158691406 224.69400024414062 36.78850173950195
v 154.67300415039062 201.8800048828125 45.46950149536133
v 151.322998046875 210.36000061035156 12.842000007629395
v 139.06700134277344 239.5260009765625 58.610599517822266
v 150.3520050048828 221.40899658203125 35.27130126953125
v 127.72799682617188 239.0469970703125 35.89939880371094
v 148.79200744628906 200.6739959716797 43.47650146484375
v 123.93599700927734 243.96800231933594 47.06159973144531
v 161.2830047607422 197.56900024414062 13.847299575805664
v 123.09500122070312 234.6269989013672 51.19150161743164
v 154.25900268554688 213.09100341796875 44.14189910888672
v 156.0679931640625 188.3300018310547 47.448001861572266
v 112.87000274658203 237.50100708007812 44.78900146484375
v 113.02799987792969 266.0469970703125 56.8129997253418
v 170.91000366210938 204.1699981689453 46.29840087890625
v 125.0009994506836 217.90199279785156 36.420101165771484
v 164.4600067138672 187.44900512695312 29.521900177001953
v 112.47200012207031 232.76400756835938 45.77159881591797
v 120.56199645996094 208.13699340820312 57.094200134277344
v 133.4980010986328 261.5530090332031 55.579898834228516
v 126.95099639892578 220.51300048828125 32.06660079956055
v 125.68800354003906 221.99200439453125 32.254798889160156
v 134.58200073242188 254.07200622558594 62.400001525878906
v 131.7239990234375 221.8990020751953 11.940600395202637
v 123.80599975585938 263.5880126953125 48.24879837036133
v 171.2169952392578 209.1230010986328 42.20309829711914
v 132.50799560546875 220.3769989013672 64.23429870605469
v 156.4409942626953 191.31500244140625 15.10830020904541
v 155.75799560546875 203.11500549316406 46.14350128173828
v 98.72899627685547 227.59500122070312 24.14310073852539
v 133.39700317382812 218.07000732421875 11.541399955749512
v 125.03700256347656 255.66000366210938 31.60140037536621
v 113.00900268554688 241.75799560546875 43.20349884033203
v 134.46800231933594 216.12100219726562 51.62889862060547
v 115.08399963378906 261.9129943847656 34.92110061645508
v 153.78199768066406 201.23899841308594 43.6431999206543
v 139.2270050048828 245.34800720214844 61.895301818847656
v 127.64800262451172 240.62100219726562 19.07349967956543
v 135.06399536132812 217.2010040283203 66.06739807128906
v 106.14199829101562 230.08099365234375 18.901599884033203
v 128.25 241.3780059814453 44.5713996887207
v 111.99099731445312 238.57000732421875 42.606201171875
v 112.08499908447266 237.64500427246094 42.139400482177734
v 113.29399871826172 242.8209991455078 42.01620101928711
v 110.66300201416016 260.0369873046875 32.96289825439453
v 98.11609649658203 220.7469940185547 28.55109977722168
v 146.19200134277344 249.7519989013672 52.71030044555664
v 134.24000549316406 235.12600708007812 57.60369873046875
v 144.75999450683594 209.5050048828125 32.62950134277344
v 122.07099914550781 196.781005859375 45.4203987121582
v 92.77140045166016 240.94500732421875 48.72710037231445
v 133.15499877929688 238.03199768066406 39.920501708984375
v 125.55599975585938 220.56399536132812 32.538299560546875
v 112.87300109863281 266.0360107421875 50.736698150634766
v 151.49600219726562 205.48399353027344 65.42759704589844
v 171.53700256347656 192.50399780273438 37.37710189819336
v 144.08999633789062 229.92999267578125 20.502899169921875
v 152.34300231933594 203.32699584960938 32.03049850463867
v 150.35699462890625 201.86900329589844 32.89699935913086
v 129.5489959716797 218.46299743652344 11.284099578857422
v 93.39969635009766 249.81700134277344 50.94770050048828
v 123.97200012207031 196.70399475097656 48.64400100708008
v 122.33899688720703 232.36900329589844 62.5447998046875
v 147.58200073242188 213.6269989013672 32.24369812011719
v 92.410400390625 249.72300720214844 39.23059844970703
v 155.63499450683594 204.34100341796875 62.0547981262207
v 153.82899475097656 210.43299865722656 42.071998596191406
v 107.33399963378906 233.88699340820312 62.779701232910156
v 137.6719970703125 217.39700317382812 53.906700134277344
v 120.36699676513672 232.38499450683594 50.9281005859375
v 127.19300079345703 225.52999877929688 13.0246000289917
v 107.72699737548828 263.99700927734375 57.03820037841797
v 156.4429931640625 204.81100463867188 33.88610076904297
v 117.01000213623047 207.2100067138672 13.314499855041504
v 144.9709930419922 201.6790008544922 41.13710021972656
v 125.56500244140625 191.95399475097656 33.83940124511719
v 107.77899932861328 241.75399780273438 63.89590072631836
v 138.156005859375 233.18099975585938 34.76259994506836
v 144.83799743652344 244.42799377441406 38.000999450683594
v 111.64399719238281 243.16900634765625 21.852100372314453
v 95.62830352783203 231.71800231933594 30.1835994720459
v 114.11000061035156 204.36199951171875 46.459999084472656
v 159.56199645996094 210.03199768066406 17.871700286865234
v 126.00900268554688 220.24200439453125 11.677300453186035
v 142.8769989013672 206.37899780273438 50.5458984375
v 110.11100006103516 261.5690002441406 34.206199645996094
v 108.78700256347656 261.95098876953125 61.32699966430664
v 146.31500244140625 208.97000122070312 32.522701263427734
v 110.66600036621094 264.2040100097656 60.88970184326172
v 164.2779998779297 217.28799438476562 45.564701080322266
v 160.2989959716797 186.12399291992188 40.02510070800781
v 116.19000244140625 203.65899658203125 48.81990051269531
v 135.1929931640625 258.1809997558594 61.49959945678711
v 122.57499694824219 206.08299255371094 56.973201751708984
v 121.947998046875 194.47900390625 34.597801208496094
v 138.66299438476562 238.6580047607422 56.36119842529297
v 125.89399719238281 207.531005859375 62.19499969482422
v 104.87200164794922 255.1959991455078 62.074501037597656
v 128.8159942626953 222.36099243164062 11.785699844360352
v 106.8759994506836 213.33700561523438 25.794599533081055
v 128.44500732421875 196.67799377441406 13.435999870300293
v 111.46299743652344 233.32400512695312 17.596099853515625
v 157.8509979248047 218.74000549316406 49.3671989440918
v 138.9239959716797 189.9929962158203 19.90730094909668
v 152.34100341796875 222.70799255371094 34.88570022583008
v 135.06700134277344 260.7699890136719 56.4822998046875
v 118.26300048828125 254.67300415039062 29.390100479125977
v 141.08099365234375 257.6099853515625 55.3672981262207
v 149.47900390625 227.6739959716797 28.222700119018555
v 151.7570037841797 221.13499450683594 36.41569900512695
v 155.5489959716797 204.34500122070312 42.42250061035156
v 139.36900329589844 190.87100219726562 16.375099182128906
v 151.7969970703125 188.63299560546875 47.82170104980469
v 166.93899536132812 204.13600158691406 52.98979949951172
v 110.8759994506836 265.5169982910156 59.91590118408203
v 152.572998046875 191.656005859375 52.63309860229492
v 128.13400268554688 195.76300048828125 14.714300155639648
v 174.302001953125 200.61700439453125 38.21390151977539
v 139.64100646972656 203.73300170898438 46.069801330566406
v 93.04830169677734 237.61099243164062 48.0276985168457
v 155.125 205.38900756835938 38.260799407958984
v 100.08200073242188 220.86199951171875 25.39069938659668
v 152.39100646972656 202.15699768066406 40.50680160522461

g grp1
usemtl mtl1
f 1341 2 1 
f 2270 1 2 
f 336 4 3 
f 2316 3 4 
f 622 6 5 
f 2135 5 6 
f 1906 8 7 
f 1545 7 8 
f 11 10 9 
f 14 9 10 
f 104 10 11 
f 377 13 12 
f 612 12 13 
f 884 9 14 
f 656 16 15 
f 1918 15 16 
f 1235 18 17 
f 56 17 18 
f 1382 20 19 
f 451 19 20 
f 1032 22 21 
f 655 21 22 
f 1607 24 23 
f 1331 23 24 
f 1300 26 25 
f 162 25 26 
f 789 28 27 
f 2142 27 28 
f 1217 30 29 
f 2296 29 30 
f 1175 32 31 
f 1393 31 32 
f 2107 34 33 
f 1197 33 34 
f 104 36 35 
f 90 35 36 
f 935 38 37 
f 2261 37 38 
f 66 40 39 
f 348 39 40 
f 1970 42 41 
f 689 41 42 
f 777 44 43 
f 779 43 44 
f 1648 46 45 
f 893 45 46 
f 1034 48 47 
f 781 47 48 
f 1398 50 49 
f 179 49 50 
f 2444 52 51 
f 2316 51 52 
f 1119 54 53 
f 1367 53 54 
f 588 56 55 
f 18 55 56 
f 526 58 57 
f 1169 57 58 
f 1208 60 59 
f 1373 59 60 
f 654 61 58 
f 93 58 61 
f 1507 63 62 
f 338 62 63 
f 1728 65 64 
f 2026 64 65 
f 1708 67 66 
f 2324 66 67 
f 647 69 68 
f 1437 68 69 
f 2044 71 70 
f 132 70 71 
f 1359 73 72 
f 1808 72 73 
f 1537 75 74 
f 1081 74 75 
f 693 77 76 
f 1943 76 77 
f 1274 79 78 
f 1942 78 79 
f 791 81 80 
f 793 80 81 
f 1580 83 82 
f 1927 82 83 
f 838 85 84 
f 24 84 85 
f 33 87 86 
f 1435 86 87 
f 275 89 88 
f 286 88 89 
f 811 35 90 
f 604 91 89 
f 1471 89 91 
f 1169 93 92 
f 1355 92 93 
f 920 95 94 
f 1182 94 95 
f 1020 97 96 
f 1204 96 97 
f 787 99 98 
f 382 98 99 
f 2441 101 100 
f 2292 100 101 
f 2282 103 102 
f 524 102 103 
f 35 105 104 
f 10 104 105 
f 1561 47 106 
f 714 106 47 
f 1602 108 107 
f 1598 107 108 
f 1398 110 109 
f 739 109 110 
f 272 112 111 
f 1671 111 112 
f 2462 114 113 
f 1790 113 114 
f 243 116 115 
f 137 115 116 
f 1585 118 117 
f 404 117 118 
f 62 120 119 
f 592 119 120 
f 261 122 121 
f 1411 121 122 
f 918 124 123 
f 2309 123 124 
f 71 14 125 
f 10 125 14 
f 672 127 126 
f 705 126 127 
f 2462 113 128 
f 509 128 113 
f 2292 101 129 
f 2340 129 101 
f 2115 131 130 
f 1233 130 131 
f 197 132 71 
f 1893 134 133 
f 2042 133 134 
f 1682 136 135 
f 1302 135 136 
f 1830 115 137 
f 59 139 138 
f 2252 138 139 
f 2324 141 140 
f 1633 140 141 
f 1460 143 142 
f 1642 142 143 
f 461 145 144 
f 1429 144 145 
f 2102 147 146 
f 1838 146 147 
f 2241 149 148 
f 452 148 149 
f 2472 151 150 
f 2055 150 151 
f 1633 153 152 
f 1442 152 153 
f 758 155 154 
f 1013 154 155 
f 1845 157 156 
f 2382 156 157 
f 250 159 158 
f 1577 158 159 
f 1029 161 160 
f 213 160 161 
f 1730 25 162 
f 1508 164 163 
f 53 163 164 
f 310 166 165 
f 2207 165 166 
f 2047 168 167 
f 724 167 168 
f 1545 170 169 
f 1831 169 170 
f 2286 172 171 
f 311 171 172 
f 105 35 173 
f 811 173 35 
f 1178 175 174 
f 911 174 175 
f 1187 177 176 
f 278 176 177 
f 49 179 178 
f 1798 178 179 
f 1940 181 180 
f 978 180 181 
f 259 10 105 
f 2268 183 182 
f 400 182 183 
f 1322 185 184 
f 1183 184 185 
f 718 187 186 
f 190 186 187 
f 599 189 188 
f 564 188 189 
f 2096 190 187 
f 196 71 125 
f 1001 192 191 
f 977 191 192 
f 1961 43 193 
f 577 193 43 
f 1165 195 194 
f 625 194 195 
f 197 71 196 
f 1483 199 198 
f 183 198 199 
f 649 201 200 
f 1478 200 201 
f 241 203 202 
f 2217 202 203 
f 2169 205 204 
f 1457 204 205 
f 967 207 206 
f 1048 206 207 
f 2029 209 208 
f 2396 208 209 
f 854 204 210 
f 1657 210 204 
f 881 212 211 
f 797 211 212 
f 1629 160 213 
f 2066 215 214 
f 650 214 215 
f 1249 217 216 
f 1192 216 217 
f 2355 219 218 
f 250 218 219 
f 1086 221 220 
f 2294 220 221 
f 2349 223 222 
f 505 222 223 
f 1425 225 224 
f 410 224 225 
f 740 227 226 
f 331 226 227 
f 1713 229 228 
f 1287 228 229 
f 1259 231 230 
f 1134 230 231 
f 692 233 232 
f 2493 232 233 
f 559 235 234 
f 1216 234 235 
f 2448 237 236 
f 2413 236 237 
f 2359 239 238 
f 886 238 239 
f 928 241 240 
f 2157 240 241 
f 259 105 173 
f 1323 243 242 
f 1123 242 243 
f 925 245 244 
f 2402 244 245 
f 547 178 246 
f 776 246 178 
f 1301 248 247 
f 102 247 248 
f 2336 250 249 
f 393 249 250 
f 552 252 251 
f 2460 251 252 
f 1503 254 253 
f 1617 253 254 
f 1823 256 255 
f 2356 255 256 
f 1524 258 257 
f 2229 257 258 
f 125 10 259 
f 1343 261 260 
f 2431 260 261 
f 20 263 262 
f 2318 262 263 
f 1019 260 264 
f 1700 264 260 
f 1229 266 265 
f 830 265 266 
f 1722 268 267 
f 2245 267 268 
f 1843 270 269 
f 568 269 270 
f 962 271 221 
f 1163 221 271 
f 534 273 272 
f 1697 272 273 
f 1838 275 274 
f 1738 274 275 
f 585 277 276 
f 739 276 277 
f 177 279 278 
f 1196 278 279 
f 1630 281 280 
f 1645 280 281 
f 2059 283 282 
f 1859 282 283 
f 1184 285 284 
f 1479 284 285 
f 840 88 286 
f 800 288 287 
f 2265 287 288 
f 1557 290 289 
f 2497 289 290 
f 601 292 291 
f 1387 291 292 
f 1616 294 293 
f 513 293 294 
f 1885 296 295 
f 1729 295 296 
f 2277 298 297 
f 1254 297 298 
f 523 300 299 
f 757 299 300 
f 594 302 301 
f 947 301 302 
f 1748 304 303 
f 731 303 304 
f 1197 305 87 
f 1435 87 305 
f 1884 307 306 
f 718 306 307 
f 438 309 308 
f 1799 308 309 
f 362 310 165 
f 2190 171 311 
f 1276 313 312 
f 1509 312 313 
f 2242 315 314 
f 1807 314 315 
f 1869 317 316 
f 39 316 317 
f 2216 319 318 
f 1097 318 319 
f 423 321 320 
f 1287 320 321 
f 2454 323 322 
f 1020 322 323 
f 1821 325 324 
f 763 324 325 
f 1705 327 326 
f 2293 326 327 
f 2449 248 328 
f 1802 328 248 
f 1300 330 329 
f 1321 329 330 
f 227 332 331 
f 1704 331 332 
f 1449 253 333 
f 1617 333 253 
f 1430 335 334 
f 2395 334 335 
f 3 337 336 
f 2138 336 337 
f 353 125 259 
f 1641 339 338 
f 2274 338 339 
f 773 341 340 
f 2348 340 341 
f 2381 343 342 
f 1864 342 343 
f 1506 345 344 
f 643 344 345 
f 1094 347 346 
f 676 346 347 
f 1915 348 40 
f 1820 350 349 
f 876 349 350 
f 1441 352 351 
f 1067 351 352 
f 406 353 259 
f 1895 355 354 
f 1269 354 355 
f 1212 357 356 
f 2191 356 357 
f 1809 359 358 
f 2474 358 359 
f 2376 361 360 
f 759 360 361 
f 2295 363 362 
f 1264 362 363 
f 1740 184 364 
f 1183 364 184 
f 957 366 365 
f 1482 365 366 
f 890 368 367 
f 1107 367 368 
f 1714 369 350 
f 876 350 369 
f 1608 371 370 
f 2353 370 371 
f 903 373 372 
f 959 372 373 
f 340 375 374 
f 1303 374 375 
f 13 377 376 
f 1151 376 377 
f 1291 379 378 
f 2496 378 379 
f 2502 381 380 
f 1256 380 381 
f 986 382 99 
f 2174 384 383 
f 582 383 384 
f 1729 386 385 
f 1390 385 386 
f 1412 388 387 
f 1705 387 388 
f 1535 390 389 
f 836 389 390 
f 1762 304 391 
f 664 391 304 
f 678 393 392 
f 158 392 393 
f 483 395 394 
f 2023 394 395 
f 1501 397 396 
f 1716 396 397 
f 1780 399 398 
f 1045 398 399 
f 814 401 400 
f 182 400 401 
f 193 403 402 
f 1926 402 403 
f 2137 117 404 
f 406 173 405 
f 2277 405 173 
f 259 173 406 
f 50 408 407 
f 474 407 408 
f 224 410 409 
f 1290 409 410 
f 685 412 411 
f 745 411 412 
f 649 414 413 
f 919 413 414 
f 1205 323 415 
f 2454 415 323 
f 2016 416 27 
f 789 27 416 
f 713 418 417 
f 1933 417 418 
f 625 420 419 
f 2178 419 420 
f 2231 422 421 
f 681 421 422 
f 2408 424 423 
f 321 423 424 
f 1824 426 425 
f 1379 425 426 
f 1979 428 427 
f 581 427 428 
f 1566 430 429 
f 2393 429 430 
f 194 432 431 
f 1973 431 432 
f 537 434 433 
f 378 433 434 
f 1602 107 435 
f 1176 435 107 
f 1408 437 436 
f 2311 436 437 
f 1842 439 438 
f 860 438 439 
f 2180 441 440 
f 1702 440 441 
f 2407 443 442 
f 668 442 443 
f 450 445 444 
f 230 444 445 
f 1658 446 442 
f 632 442 446 
f 1413 448 447 
f 988 447 448 
f 744 413 449 
f 695 449 413 
f 2202 445 450 
f 1843 451 262 
f 20 262 451 
f 1807 452 149 
f 2089 454 453 
f 2428 453 454 
f 1136 456 455 
f 1488 455 456 
f 1464 213 457 
f 1783 457 213 
f 1731 459 458 
f 2079 458 459 
f 2367 461 460 
f 2205 460 461 
f 2149 463 462 
f 1709 462 463 
f 294 465 464 
f 774 464 465 
f 1101 467 466 
f 1288 466 467 
f 1674 468 22 
f 655 22 468 
f 2189 470 469 
f 709 469 470 
f 2182 471 436 
f 1408 436 471 
f 1752 472 242 
f 1323 242 472 
f 407 474 473 
f 2345 473 474 
f 2376 360 475 
f 1673 475 360 
f 608 477 476 
f 1335 476 477 
f 482 478 223 
f 505 223 478 
f 1857 480 479 
f 1369 479 480 
f 713 482 481 
f 760 481 482 
f 1944 483 394 
f 1656 485 484 
f 2109 484 485 
f 1771 487 486 
f 536 486 487 
f 722 489 488 
f 989 488 489 
f 778 491 490 
f 660 490 491 
f 2328 493 492 
f 535 492 493 
f 330 495 494 
f 858 494 495 
f 1645 281 496 
f 930 496 281 
f 2208 498 497 
f 1985 497 498 
f 1759 500 499 
f 1534 499 500 
f 2296 30 501 
f 877 501 30 
f 1113 492 502 
f 535 502 492 
f 337 504 503 
f 1283 503 504 
f 2258 507 506 
f 556 506 507 
f 857 365 508 
f 1482 508 365 
f 2122 509 113 
f 915 511 510 
f 1818 510 511 
f 1504 513 512 
f 1347 512 513 
f 2137 515 514 
f 1512 514 515 
f 2154 517 516 
f 1487 516 517 
f 757 519 518 
f 2343 518 519 
f 2155 521 520 
f 1048 520 521 
f 300 523 522 
f 773 522 523 
f 103 525 524 
f 773 524 525 
f 2025 375 526 
f 654 526 375 
f 829 528 527 
f 1585 527 528 
f 1906 7 529 
f 817 529 7 
f 1347 531 530 
f 1562 530 531 
f 433 533 532 
f 1929 532 533 
f 670 534 111 
f 272 111 534 
f 2454 536 415 
f 487 415 536 
f 2301 538 537 
f 434 537 538 
f 2064 438 308 
f 340 374 522 
f 1749 522 374 
f 1988 540 539 
f 885 539 540 
f 1358 542 541 
f 1692 541 542 
f 1717 544 543 
f 882 543 544 
f 1440 546 545 
f 683 545 546 
f 2255 178 547 
f 1600 549 548 
f 623 548 549 
f 1286 551 550 
f 1315 550 551 
f 904 552 251 
f 2077 405 553 
f 2277 553 405 
f 2414 555 554 
f 956 554 555 
f 1218 557 556 
f 1664 556 557 
f 1016 558 132 
f 70 132 558 
f 2094 559 234 
f 1097 561 560 
f 1685 560 561 
f 591 563 562 
f 1893 562 563 
f 189 565 564 
f 1656 564 565 
f 2223 566 103 
f 525 103 566 
f 269 568 567 
f 2217 567 568 
f 1178 570 569 
f 1566 569 570 
f 12 572 571 
f 2191 571 572 
f 1262 573 456 
f 1488 456 573 
f 1506 353 345 
f 406 345 353 
f 2340 358 574 
f 2474 574 358 
f 1659 576 575 
f 390 575 576 
f 43 578 577 
f 1449 577 578 
f 1652 580 579 
f 1781 579 580 
f 1929 427 581 
f 1176 582 384 
f 1690 584 583 
f 812 583 584 
f 1716 585 396 
f 276 396 585 
f 421 587 586 
f 198 586 587 
f 1354 588 55 
f 611 13 589 
f 376 589 13 
f 1875 591 590 
f 2089 590 591 
f 1867 592 91 
f 1021 91 592 
f 847 594 593 
f 399 593 594 
f 866 596 595 
f 1934 595 596 
f 1132 598 597 
f 1824 597 598 
f 2425 600 599 
f 2501 599 600 
f 1794 601 291 
f 1183 603 602 
f 1707 602 603 
f 1838 604 275 
f 89 275 604 
f 2032 605 397 
f 1716 397 605 
f 2281 606 534 
f 273 534 606 
f 2081 608 607 
f 2412 607 608 
f 1447 610 609 
f 2169 609 610 
f 1693 612 611 
f 13 611 612 
f 1767 614 613 
f 926 613 614 
f 1217 616 615 
f 2034 615 616 
f 2158 618 617 
f 1664 617 618 
f 1467 620 619 
f 2302 619 620 
f 922 621 561 
f 1366 561 621 
f 5 623 622 
f 2477 622 623 
f 553 297 624 
f 1754 624 297 
f 195 420 625 
f 2405 626 585 
f 277 585 626 
f 1281 628 627 
f 2380 627 628 
f 2263 630 629 
f 1451 629 630 
f 2407 632 631 
f 923 631 632 
f 1183 236 603 
f 2413 603 236 
f 1469 634 633 
f 1732 633 634 
f 776 636 635 
f 1845 635 636 
f 1991 238 637 
f 1220 637 238 
f 2290 639 638 
f 2127 638 639 
f 943 115 640 
f 1830 640 115 
f 881 642 641 
f 1209 641 642 
f 2077 643 405 
f 406 405 643 
f 345 406 643 
f 2112 645 644 
f 1993 644 645 
f 156 647 646 
f 1516 646 647 
f 2112 644 648 
f 740 648 644 
f 200 414 649 
f 1257 651 650 
f 214 650 651 
f 1450 653 652 
f 2420 652 653 
f 58 526 654 
f 1246 656 655 
f 15 655 656 
f 1810 658 657 
f 915 657 658 
f 490 660 659 
f 1404 659 660 
f 1406 586 661 
f 198 661 586 
f 927 663 662 
f 2085 662 663 
f 1726 665 664 
f 1879 664 665 
f 1256 667 666 
f 1833 666 667 
f 831 668 443 
f 1369 670 669 
f 111 669 670 
f 1609 672 671 
f 1120 671 672 
f 1206 674 673 
f 1109 673 674 
f 346 676 675 
f 1124 675 676 
f 1148 678 677 
f 1207 677 678 
f 676 680 679 
f 1873 679 680 
f 587 421 681 
f 2080 683 682 
f 546 682 683 
f 1619 502 684 
f 1057 684 502 
f 1362 686 685 
f 412 685 686 
f 1315 688 687 
f 2141 687 688 
f 2412 41 689 
f 1792 691 690 
f 1689 690 691 
f 2033 692 605 
f 1427 605 692 
f 986 694 693 
f 1771 693 694 
f 1781 449 695 
f 1625 697 696 
f 1698 696 697 
f 2357 699 698 
f 872 698 699 
f 938 701 700 
f 1576 700 701 
f 1251 703 702 
f 2078 702 703 
f 1250 704 701 
f 1834 701 704 
f 2357 706 705 
f 1308 705 706 
f 2157 241 202 
f 2146 708 707 
f 2236 707 708 
f 2025 526 709 
f 57 709 526 
f 1328 711 710 
f 2117 710 711 
f 1506 712 353 
f 196 353 712 
f 875 418 713 
f 781 714 47 
f 2274 716 715 
f 1357 715 716 
f 1097 560 717 
f 1456 717 560 
f 306 718 186 
f 677 720 719 
f 2030 719 720 
f 1635 719 721 
f 1623 721 719 
f 1186 723 722 
f 2227 722 723 
f 1315 724 168 
f 2074 726 725 
f 746 725 726 
f 2408 728 727 
f 1224 727 728 
f 794 730 729 
f 2291 729 730 
f 1762 732 731 
f 2088 731 732 
f 2258 506 733 
f 618 733 506 
f 718 734 187 
f 1397 187 734 
f 1438 736 735 
f 1152 735 736 
f 1463 738 737 
f 913 737 738 
f 277 663 739 
f 927 739 663 
f 895 712 344 
f 1506 344 712 
f 644 227 740 
f 2055 742 741 
f 2487 741 742 
f 1159 744 743 
f 449 743 744 
f 1111 745 412 
f 1884 725 746 
f 1036 748 747 
f 759 747 748 
f 2344 750 749 
f 2234 749 750 
f 2393 752 751 
f 1078 751 752 
f 820 754 753 
f 1754 753 754 
f 1404 660 755 
f 801 755 660 
f 1911 589 756 
f 1751 756 589 
f 2397 299 757 
f 2052 758 154 
f 1898 360 759 
f 482 761 760 
f 998 760 761 
f 1422 763 762 
f 870 762 763 
f 2131 765 764 
f 289 764 765 
f 1368 767 766 
f 853 766 767 
f 821 769 768 
f 619 768 769 
f 878 771 770 
f 971 770 771 
f 524 773 772 
f 523 772 773 
f 2276 775 774 
f 1880 774 775 
f 1798 776 178 
f 1589 44 777 
f 1390 778 258 
f 490 258 778 
f 1528 779 44 
f 2348 780 61 
f 93 61 780 
f 48 782 781 
f 164 781 782 
f 2088 732 783 
f 792 783 732 
f 890 785 784 
f 753 784 785 
f 1848 786 283 
f 1859 283 786 
f 1339 788 787 
f 2243 787 788 
f 1400 682 546 
f 1797 429 790 
f 2393 790 429 
f 1661 791 80 
f 2048 792 732 
f 1890 80 793 
f 2020 730 794 
f 1953 796 795 
f 1268 795 796 
f 2458 211 797 
f 1550 799 798 
f 1072 798 799 
f 1510 288 800 
f 1298 548 623 
f 1138 418 801 
f 875 801 418 
f 1224 342 802 
f 1995 802 342 
f 395 804 803 
f 1785 803 804 
f 1961 402 805 
f 1603 805 402 
f 2400 806 119 
f 62 119 806 
f 1951 808 807 
f 1365 807 808 
f 1374 810 809 
f 1638 809 810 
f 2277 173 811 
f 1436 583 812 
f 1829 756 813 
f 950 813 756 
f 1896 815 814 
f 401 814 815 
f 1773 176 816 
f 1772 816 176 
f 169 818 817 
f 1264 817 818 
f 1597 27 819 
f 2142 819 27 
f 1006 820 367 
f 785 367 820 
f 826 769 821 
f 1402 823 822 
f 1468 822 823 
f 833 825 824 
f 1047 824 825 
f 1804 135 826 
f 1302 826 135 
f 1798 827 636 
f 128 636 827 
f 2073 829 828 
f 1567 828 829 
f 2344 830 266 
f 1191 831 443 
f 1650 833 832 
f 1280 832 833 
f 2251 835 834 
f 1872 834 835 
f 390 837 836 
f 2019 836 837 
f 40 839 838 
f 85 838 839 
f 1248 840 286 
f 843 842 841 
f 624 841 842 
f 2077 842 843 
f 1350 56 844 
f 588 844 56 
f 2028 846 845 
f 569 845 846 
f 1272 848 847 
f 302 847 848 
f 1368 850 849 
f 2436 849 850 
f 1801 852 851 
f 1402 851 852 
f 1050 766 853 
f 1370 609 854 
f 2169 854 609 
f 1062 856 855 
f 1069 855 856 
f 1288 467 857 
f 1215 857 467 
f 2021 859 858 
f 1155 858 859 
f 1487 861 860 
f 1184 860 861 
f 72 863 862 
f 2069 862 863 
f 2015 865 864 
f 2143 864 865 
f 1047 866 595 
f 199 867 400 
f 814 400 867 
f 1765 463 868 
f 1378 868 463 
f 762 870 869 
f 2189 869 870 
f 698 872 871 
f 1095 871 872 
f 547 874 873 
f 1293 873 874 
f 755 801 875 
f 1746 878 877 
f 501 877 878 
f 1082 880 879 
f 239 879 880 
f 641 212 881 
f 544 883 882 
f 1849 882 883 
f 1819 145 461 
f 2068 201 649 
f 2044 884 14 
f 1520 539 885 
f 1968 887 886 
f 1220 886 887 
f 1954 754 820 
f 517 889 888 
f 2297 888 889 
f 2350 368 890 
f 2093 892 891 
f 1646 891 892 
f 2471 893 46 
f 1792 895 894 
f 344 894 895 
f 2315 897 896 
f 116 896 897 
f 1178 899 898 
f 1950 898 899 
f 1712 901 900 
f 2260 900 901 
f 1666 903 902 
f 372 902 903 
f 2138 905 904 
f 552 904 905 
f 2070 907 906 
f 1912 906 907 
f 2068 649 908 
f 744 908 649 
f 1419 910 909 
f 2195 909 910 
f 2317 911 846 
f 175 846 911 
f 21 655 912 
f 15 912 655 
f 1320 914 913 
f 1265 913 914 
f 1528 915 658 
f 1382 19 916 
f 1946 916 19 
f 124 918 917 
f 2303 917 918 
f 414 920 919 
f 94 919 920 
f 927 662 921 
f 1874 921 662 
f 319 922 561 
f 1394 924 923 
f 2269 923 924 
f 245 925 151 
f 1517 151 925 
f 2442 926 614 
f 2470 929 928 
f 203 928 929 
f 2066 214 557 
f 2108 557 214 
f 161 931 930 
f 2147 930 931 
f 1218 556 507 
f 1762 391 932 
f 835 932 391 
f 1772 176 933 
f 278 933 176 
f 1807 315 934 
f 2498 934 315 
f 1769 627 935 
f 38 935 627 
f 972 937 936 
f 2257 936 937 
f 701 938 217 
f 1192 217 938 
f 1791 940 939 
f 2288 939 940 
f 2304 942 941 
f 1275 941 942 
f 1856 943 640 
f 1206 945 944 
f 1953 944 945 
f 301 947 946 
f 2219 946 947 
f 1219 713 481 
f 1567 948 621 
f 2419 621 948 
f 848 950 949 
f 1751 949 950 
f 1025 952 951 
f 793 951 952 
f 2220 926 26 
f 162 26 926 
f 387 326 953 
f 2076 953 326 
f 1076 955 954 
f 1496 954 955 
f 2465 956 555 
f 1215 958 957 
f 1647 957 958 
f 373 960 959 
f 1858 959 960 
f 1477 962 961 
f 221 961 962 
f 1278 964 963 
f 1310 963 964 
f 1795 966 965 
f 1524 965 966 
f 1597 967 206 
f 419 969 968 
f 1966 968 969 
f 1292 971 970 
f 771 970 971 
f 1130 972 936 
f 2374 974 973 
f 1728 973 974 
f 1957 976 975 
f 597 975 976 
f 2051 977 192 
f 181 979 978 
f 1083 978 979 
f 1960 981 980 
f 2188 980 981 
f 2056 983 982 
f 2134 982 983 
f 2262 985 984 
f 1210 984 985 
f 1270 986 693 
f 1500 987 920 
f 95 920 987 
f 488 989 988 
f 447 988 989 
f 1284 991 990 
f 2364 990 991 
f 328 993 992 
f 1173 992 993 
f 123 994 942 
f 1275 942 994 
f 2100 996 995 
f 94 995 996 
f 1239 997 422 
f 1434 422 997 
f 1436 998 631 
f 2407 631 998 
f 1495 468 999 
f 1674 999 468 
f 2075 1001 1000 
f 191 1000 1001 
f 555 155 758 
f 1918 1003 1002 
f 910 1002 1003 
f 1152 1005 1004 
f 1181 1004 1005 
f 1689 1007 1006 
f 1954 1006 1007 
f 1119 1008 54 
f 1368 54 1008 
f 2140 1010 1009 
f 1667 1009 1010 
f 2106 1012 1011 
f 269 1011 1012 
f 2331 1013 155 
f 1007 691 841 
f 894 841 691 
f 1684 1014 252 
f 2017 252 1014 
f 974 163 1015 
f 1367 1015 163 
f 1282 581 428 
f 132 1017 1016 
f 1405 1016 1017 
f 1048 1019 1018 
f 2267 1018 1019 
f 1566 570 430 
f 898 430 570 
f 322 1020 815 
f 2214 815 1020 
f 945 558 1016 
f 715 1021 592 
f 533 1023 1022 
f 2480 1022 1023 
f 1118 988 1024 
f 448 1024 988 
f 1102 952 1025 
f 1743 1026 955 
f 1496 955 1026 
f 1908 1028 1027 
f 721 1027 1028 
f 161 1029 931 
f 1259 931 1029 
f 2273 1031 1030 
f 2501 1030 1031 
f 21 1033 1032 
f 2031 1032 1033 
f 47 1035 1034 
f 1986 1034 1035 
f 2224 1037 1036 
f 1255 1036 1037 
f 1776 1039 1038 
f 2359 1038 1039 
f 2160 1041 1040 
f 1933 1040 1041 
f 2008 1043 1042 
f 1486 1042 1043 
f 1238 1045 1044 
f 1892 1044 1045 
f 824 1047 1046 
f 595 1046 1047 
f 1018 520 1048 
f 65 1050 1049 
f 853 1049 1050 
f 1311 925 244 
f 1424 1052 1051 
f 1750 1051 1052 
f 1767 1054 1053 
f 2360 1053 1054 
f 1689 691 1007 
f 1813 1056 1055 
f 856 1055 1056 
f 502 535 1057 
f 1875 1057 535 
f 1964 1059 1058 
f 1052 1058 1059 
f 1972 1061 1060 
f 1932 1060 1061 
f 566 856 1062 
f 1690 583 305 
f 1435 305 583 
f 2475 1064 1063 
f 985 1063 1064 
f 2076 326 1065 
f 2293 1065 326 
f 1775 1066 1039 
f 1081 1039 1066 
f 2476 1068 1067 
f 1777 1067 1068 
f 856 1056 1069 
f 1854 1069 1056 
f 2283 1070 898 
f 430 898 1070 
f 1900 855 1071 
f 1820 1071 855 
f 2153 1073 1072 
f 1695 1072 1073 
f 114 1074 473 
f 407 473 1074 
f 2285 1076 1075 
f 954 1075 1076 
f 1581 1078 1077 
f 2451 1077 1078 
f 688 1080 1079 
f 2358 1079 1080 
f 75 1082 1081 
f 879 1081 1082 
f 1914 1084 1083 
f 1222 1083 1084 
f 961 1086 1085 
f 2103 1085 1086 
f 1414 1088 1087 
f 2454 1087 1088 
f 1887 1090 1089 
f 1547 1089 1090 
f 2472 245 151 
f 1318 1092 1091 
f 2174 1091 1092 
f 1344 1094 1093 
f 1588 1093 1094 
f 872 1096 1095 
f 1802 1095 1096 
f 318 1097 717 
f 160 1098 231 
f 2004 231 1098 
f 2040 973 64 
f 1728 64 973 
f 2490 1004 1099 
f 2221 1099 1004 
f 467 1101 1100 
f 2317 1100 1101 
f 1774 952 1102 
f 497 412 686 
f 1377 354 1103 
f 1897 1103 354 
f 2201 1105 1104 
f 1744 1104 1105 
f 1376 1103 1106 
f 1688 1106 1103 
f 1856 1108 1107 
f 1689 1107 1108 
f 1140 673 1109 
f 2090 508 1110 
f 1482 1110 508 
f 1488 1112 1111 
f 1724 1111 1112 
f 2384 492 1113 
f 1295 1114 646 
f 156 646 1114 
f 1181 809 1115 
f 1638 1115 809 
f 437 1117 1116 
f 1288 1116 1117 
f 1185 988 1118 
f 2346 1119 29 
f 782 29 1119 
f 672 126 1120 
f 2366 1120 126 
f 890 784 1121 
f 1570 1121 784 
f 42 1122 689 
f 2240 689 1122 
f 2037 242 1123 
f 679 1125 1124 
f 1706 1124 1125 
f 1433 1127 1126 
f 543 1126 1127 
f 11 1128 427 
f 1979 427 1128 
f 1912 907 1129 
f 460 1129 907 
f 1361 1131 1130 
f 972 1130 1131 
f 1878 1132 976 
f 597 976 1132 
f 2259 512 1133 
f 530 1133 512 
f 444 230 1134 
f 1262 1136 1135 
f 1546 1135 1136 
f 1623 1073 1027 
f 2153 1027 1073 
f 1071 951 1137 
f 2012 1137 951 
f 491 1139 1138 
f 1811 1138 1139 
f 2146 707 665 
f 1879 665 707 
f 1128 1140 1109 
f 1270 1142 1141 
f 2467 1141 1142 
f 884 673 1140 
f 2101 1144 1143 
f 1514 1143 1144 
f 2044 673 884 
f 464 1145 531 
f 1562 531 1145 
f 1961 193 402 
f 2484 1147 1146 
f 547 1146 1147 
f 1520 1149 1148 
f 678 1148 1149 
f 2044 70 673 
f 1206 673 70 
f 1407 1150 1117 
f 466 1117 1150 
f 2219 1151 377 
f 109 408 50 
f 2490 735 1152 
f 1024 172 1153 
f 133 1153 172 
f 1734 1155 1154 
f 2144 1154 1155 
f 934 1156 452 
f 1446 452 1156 
f 335 1158 1157 
f 1662 1157 1158 
f 2058 1160 1159 
f 744 1159 1160 
f 1812 1162 1161 
f 1753 1161 1162 
f 1220 238 886 
f 271 1164 1163 
f 1406 1163 1164 
f 1634 1166 1165 
f 1538 1165 1166 
f 1880 464 774 
f 2330 1167 1082 
f 880 1082 1167 
f 1480 1169 1168 
f 1281 1168 1169 
f 1375 1171 1170 
f 1619 1170 1171 
f 2037 1123 1172 
f 1190 1172 1123 
f 1451 1173 127 
f 993 127 1173 
f 1195 1175 1174 
f 31 1174 1175 
f 1563 1176 384 
f 1318 1091 1177 
f 554 1177 1091 
f 898 570 1178 
f 1694 1179 612 
f 572 612 1179 
f 2221 1181 1180 
f 1115 1180 1181 
f 94 1182 995 
f 1857 995 1182 
f 348 316 39 
f 185 236 1183 
f 309 860 1184 
f 704 1186 1185 
f 722 1185 1186 
f 247 524 772 
f 2199 910 1003 
f 1172 1188 1187 
f 177 1187 1188 
f 1740 364 1189 
f 1870 1189 364 
f 1172 1190 1188 
f 279 1188 1190 
f 1269 831 1191 
f 1107 1006 367 
f 1927 83 428 
f 1282 428 83 
f 1133 1193 8 
f 2426 8 1193 
f 9 1140 1128 
f 1996 426 598 
f 1824 598 426 
f 2019 1195 1194 
f 1916 1194 1195 
f 2403 278 1196 
f 2396 1197 34 
f 2000 1199 1198 
f 2378 1198 1199 
f 2482 725 1200 
f 1884 1200 725 
f 1627 1202 1201 
f 980 1201 1202 
f 1446 1156 1203 
f 1761 1203 1156 
f 97 1205 1204 
f 2243 1204 1205 
f 70 558 1206 
f 945 1206 558 
f 392 1208 1207 
f 138 1207 1208 
f 984 1210 1209 
f 2267 1209 1210 
f 2350 1212 1211 
f 356 1211 1212 
f 1928 1213 1080 
f 2358 1080 1213 
f 1634 1134 1166 
f 2004 1166 1134 
f 2042 1153 133 
f 838 84 1214 
f 1969 1214 84 
f 1100 1215 467 
f 2446 1216 235 
f 877 30 1217 
f 2066 557 1218 
f 1784 1219 584 
f 481 584 1219 
f 1606 1220 887 
f 2116 1221 403 
f 2305 403 1221 
f 1083 1222 978 
f 180 978 1222 
f 727 1224 1223 
f 1696 1223 1224 
f 1928 688 551 
f 1315 551 688 
f 1302 136 394 
f 1944 394 136 
f 1998 1226 1225 
f 1351 1225 1226 
f 1366 1228 1227 
f 1458 1227 1228 
f 499 601 1229 
f 1794 1229 601 
f 1364 265 830 
f 2109 1230 484 
f 2197 484 1230 
f 567 1231 269 
f 1011 269 1231 
f 853 767 1232 
f 849 1232 767 
f 1463 130 1233 
f 90 36 1234 
f 1929 1234 36 
f 1932 1236 1235 
f 2163 1235 1236 
f 268 1238 1237 
f 1977 1237 1238 
f 2231 1239 422 
f 1867 91 604 
f 1409 1241 1240 
f 2084 1240 1241 
f 1878 1243 1242 
f 1931 1242 1243 
f 1883 1075 954 
f 270 202 568 
f 2217 568 202 
f 1552 1245 1244 
f 2285 1244 1245 
f 1495 1247 1246 
f 1383 1246 1247 
f 1471 1248 286 
f 1180 1115 1127 
f 1554 1127 1115 
f 1324 1250 1249 
f 217 1249 1250 
f 703 1251 212 
f 797 212 1251 
f 1277 1252 687 
f 724 687 1252 
f 753 1254 1253 
f 1511 1253 1254 
f 1128 11 9 
f 748 1036 1255 
f 2307 667 1256 
f 1140 9 884 
f 1980 1257 650 
f 931 1259 1258 
f 783 1258 1259 
f 1648 1261 1260 
f 2429 1260 1261 
f 1949 573 1262 
f 1634 431 450 
f 1973 450 431 
f 817 1264 1263 
f 363 1263 1264 
f 2383 1266 1265 
f 913 1265 1266 
f 2059 282 1267 
f 1189 1267 282 
f 1897 1269 1268 
f 2349 1268 1269 
f 2013 986 1270 
f 1840 1271 642 
f 984 642 1271 
f 813 848 1272 
f 1370 854 1273 
f 1591 1273 854 
f 1072 799 1274 
f 79 1274 799 
f 19 451 1276 
f 1012 1276 451 
f 2141 1277 687 
f 2030 1279 1278 
f 964 1278 1279 
f 1957 1280 833 
f 2301 532 581 
f 1929 581 532 
f 92 628 1281 
f 2301 581 1282 
f 2209 503 1283 
f 309 438 860 
f 696 991 1284 
f 2135 1286 1285 
f 550 1285 1286 
f 229 320 1287 
f 510 1289 915 
f 657 915 1289 
f 1758 1290 1058 
f 2067 1058 1290 
f 1019 1048 207 
f 434 1291 378 
f 873 1293 1292 
f 2488 1292 1293 
f 2307 1294 667 
f 1833 667 1294 
f 138 964 1279 
f 505 795 222 
f 1268 222 795 
f 1830 1295 640 
f 1108 640 1295 
f 1630 648 1296 
f 740 1296 648 
f 2415 320 229 
f 548 1298 1297 
f 2136 1297 1298 
f 1360 1130 1299 
f 936 1299 1130 
f 330 1300 25 
f 772 1301 247 
f 1821 1304 1303 
f 1749 1303 1304 
f 2339 1306 1305 
f 1381 1305 1306 
f 1324 1186 704 
f 626 1307 277 
f 663 277 1307 
f 2365 1308 42 
f 1122 42 1308 
f 26 1300 1309 
f 329 1309 1300 
f 2339 1310 1306 
f 2303 1306 1310 
f 2098 1312 1311 
f 1517 1311 1312 
f 2409 1030 1313 
f 600 1313 1030 
f 1225 216 1314 
f 339 1314 216 
f 550 1315 168 
f 1258 792 1316 
f 2048 1316 792 
f 1452 1318 1317 
f 1177 1317 1318 
f 2459 828 1319 
f 922 1319 828 
f 329 1321 1320 
f 2427 1320 1321 
f 1741 1322 184 
f 2375 1313 600 
f 1249 1325 1324 
f 2084 1324 1325 
f 2434 968 1326 
f 1966 1326 968 
f 870 1327 470 
f 709 470 1327 
f 595 1328 1046 
f 710 1046 1328 
f 717 1329 318 
f 2046 318 1329 
f 1220 1330 637 
f 2130 637 1330 
f 2156 23 1331 
f 1851 1333 1332 
f 299 1332 1333 
f 2408 1334 424 
f 735 424 1334 
f 299 1333 523 
f 772 523 1333 
f 1401 1218 1335 
f 507 1335 1218 
f 1239 1336 639 
f 1974 639 1336 
f 1476 1338 1337 
f 4 1337 1338 
f 1861 1340 1339 
f 2194 1339 1340 
f 1988 167 724 
f 2124 1342 1341 
f 1968 1341 1342 
f 1450 652 1343 
f 122 1343 652 
f 347 1094 1344 
f 1689 1006 1107 
f 741 1346 1345 
f 2173 1345 1346 
f 408 927 921 
f 530 512 1347 
f 501 770 1348 
f 971 1348 770 
f 1946 1276 312 
f 1289 510 1349 
f 1531 1349 510 
f 1381 1306 46 
f 2471 46 1306 
f 17 56 1350 
f 1642 1352 1351 
f 2011 1351 1352 
f 1901 1354 1353 
f 2307 1353 1354 
f 2036 1137 1355 
f 2012 1355 1137 
f 2164 1357 1356 
f 2278 1356 1357 
f 2311 1116 1358 
f 1288 1358 1116 
f 2334 1359 72 
f 2043 1361 1360 
f 1130 1360 1361 
f 2158 733 618 
f 1383 1362 685 
f 114 1364 1363 
f 830 1363 1364 
f 1407 807 1365 
f 349 1102 1025 
f 1685 1366 1227 
f 987 273 606 
f 54 1368 1367 
f 766 1367 1368 
f 1295 690 1108 
f 1689 1108 690 
f 480 670 1369 
f 471 609 1370 
f 1232 1172 1371 
f 1187 1371 1172 
f 789 1154 1372 
f 2389 1372 1154 
f 1577 975 1373 
f 1454 1373 975 
f 1386 1375 1374 
f 1170 1374 1375 
f 1680 1272 847 
f 2234 1377 1376 
f 1103 1376 1377 
f 634 868 1378 
f 2196 1379 564 
f 188 564 1379 
f 1850 1381 1380 
f 1648 1380 1381 
f 1247 1362 1383 
f 2413 1384 747 
f 1036 747 1384 
f 2041 1386 1385 
f 2390 1385 1386 
f 292 836 1387 
f 2019 1387 836 
f 1715 1389 1388 
f 816 1388 1389 
f 2104 1391 1390 
f 778 1390 1391 
f 2098 1392 1312 
f 1855 1312 1392 
f 924 1394 1393 
f 1687 1393 1394 
f 2051 1396 1395 
f 1748 1395 1396 
f 114 473 1364 
f 2345 1364 473 
f 110 1398 1397 
f 2096 1397 1398 
f 2308 1362 1399 
f 1247 1399 1362 
f 1606 682 1400 
f 477 1401 1335 
f 2424 823 1402 
f 2492 1404 1403 
f 2062 1403 1404 
f 1533 1405 1017 
f 1805 1406 1164 
f 437 1408 1407 
f 807 1407 1408 
f 2490 1152 1004 
f 1632 1409 1240 
f 932 835 1410 
f 2251 1410 835 
f 122 1412 1411 
f 387 1411 1412 
f 1445 1413 447 
f 1529 1415 1414 
f 2386 1414 1415 
f 859 1416 1155 
f 2144 1155 1416 
f 972 1417 937 
f 2006 937 1417 
f 1545 169 7 
f 817 7 169 
f 290 1418 263 
f 2318 263 1418 
f 2183 1419 909 
f 97 323 1205 
f 1089 1421 1420 
f 166 1420 1421 
f 651 518 1422 
f 2343 1422 518 
f 2239 1424 1423 
f 1903 1423 1424 
f 226 225 1425 
f 2423 1426 483 
f 804 483 1426 
f 2394 1428 1427 
f 2405 1427 1428 
f 1595 1429 145 
f 1507 1431 1430 
f 1158 1430 1431 
f 95 987 606 
f 1173 1432 992 
f 2389 992 1432 
f 1180 1127 1433 
f 802 1434 997 
f 583 1436 1435 
f 2269 1435 1436 
f 2254 1437 69 
f 2127 736 1438 
f 1400 1440 1439 
f 1662 1439 1440 
f 1743 1441 351 
f 1185 488 988 
f 2440 152 1442 
f 1537 74 1443 
f 1066 1443 74 
f 1853 916 1444 
f 1946 1444 916 
f 1662 1158 1431 
f 148 1446 1445 
f 1947 1445 1446 
f 2182 1448 1447 
f 2379 1447 1448 
f 325 1327 870 
f 2213 253 1449 
f 1432 1173 1451 
f 2041 346 675 
f 861 1452 1317 
f 2309 1454 1453 
f 597 1453 1454 
f 711 1455 1243 
f 1931 1243 1455 
f 905 1456 552 
f 1684 552 1456 
f 1657 204 1457 
f 1860 1031 1458 
f 2273 1458 1031 
f 1511 1459 1253 
f 1570 1253 1459 
f 1673 1461 1460 
f 143 1460 1461 
f 2211 1463 1462 
f 737 1462 1463 
f 1296 1464 457 
f 2319 1466 1465 
f 500 1465 1466 
f 769 1467 619 
f 822 1468 272 
f 112 272 1468 
f 634 1469 868 
f 1852 868 1469 
f 1590 407 1074 
f 1042 544 1470 
f 2215 1470 544 
f 1021 1471 91 
f 2346 1161 1119 
f 1008 1119 1161 
f 1367 766 1015 
f 1050 1015 766 
f 2375 1472 1313 
f 2017 1313 1472 
f 1452 1473 1318 
f 1092 1318 1473 
f 1818 511 1474 
f 1527 1474 511 
f 711 1476 1475 
f 2460 1475 1476 
f 865 1477 961 
f 201 1479 1478 
f 1894 1478 1479 
f 1018 1210 520 
f 985 520 1210 
f 1823 425 256 
f 440 256 425 
f 57 1169 1480 
f 1742 599 188 
f 2161 1482 1481 
f 1718 1481 1482 
f 1055 856 566 
f 1534 389 499 
f 292 499 389 
f 681 1483 587 
f 198 587 1483 
f 2091 1485 1484 
f 1863 1484 1485 
f 1626 1486 1043 
f 1452 861 1487 
f 2079 578 779 
f 43 779 578 
f 1985 455 1488 
f 2221 1490 1489 
f 1736 1489 1490 
f 1722 1492 1491 
f 2474 1491 1492 
f 1037 314 1493 
f 1807 1493 314 
f 1490 1180 1433 
f 1343 122 261 
f 2501 600 1030 
f 2488 1348 971 
f 2038 1495 1494 
f 999 1494 1495 
f 1883 954 1496 
f 2319 1498 1497 
f 312 1497 1498 
f 987 1500 1499 
f 1801 1499 1500 
f 2469 1502 1501 
f 1531 1501 1502 
f 2213 1503 253 
f 1259 1029 231 
f 160 231 1029 
f 2178 1296 1425 
f 740 1425 1296 
f 2487 1505 1504 
f 293 1504 1505 
f 2432 1431 1507 
f 974 1508 163 
f 1497 312 1509 
f 2286 133 172 
f 2362 288 1510 
f 1234 1511 298 
f 1254 298 1511 
f 1889 514 1512 
f 1001 1513 192 
f 2051 192 1513 
f 479 1515 1514 
f 2444 1514 1515 
f 646 1516 690 
f 1792 690 1516 
f 1505 1517 293 
f 1616 293 1517 
f 1098 1519 1518 
f 1770 1518 1519 
f 1578 1521 1520 
f 2210 1520 1521 
f 37 545 1522 
f 683 1522 545 
f 258 1524 1523 
f 385 1523 1524 
f 1143 1442 153 
f 2394 1526 1525 
f 1615 1525 1526 
f 915 1528 1527 
f 44 1527 1528 
f 146 563 591 
f 1891 1530 1529 
f 1415 1529 1530 
f 1471 286 89 
f 2307 1256 1353 
f 381 1353 1256 
f 2032 397 1531 
f 1501 1531 397 
f 1871 1094 346 
f 1688 1533 1532 
f 1017 1532 1533 
f 1466 1535 1534 
f 389 1534 1535 
f 1149 249 393 
f 2312 1536 864 
f 2015 864 1536 
f 953 1537 1443 
f 2004 1538 1166 
f 848 949 302 
f 947 302 949 
f 25 495 330 
f 893 941 1539 
f 1828 1539 941 
f 2456 1541 1540 
f 1768 1540 1541 
f 2393 1070 752 
f 2433 752 1070 
f 1369 669 1542 
f 1670 1542 669 
f 876 1544 1543 
f 1226 1543 1544 
f 2426 1545 8 
f 1089 1547 1546 
f 1135 1546 1547 
f 493 970 771 
f 2249 1175 1548 
f 1195 1548 1175 
f 79 1550 1549 
f 2476 1549 1550 
f 1703 1552 1551 
f 1244 1551 1552 
f 1875 590 1057 
f 2443 1057 590 
f 1570 1459 1553 
f 1835 1553 1459 
f 2304 123 942 
f 1699 984 1271 
f 543 1127 1554 
f 2442 1556 1555 
f 1028 1555 1556 
f 73 1558 1557 
f 1418 1557 1558 
f 2073 1559 528 
f 2118 528 1559 
f 797 1561 1560 
f 106 1560 1561 
f 2446 1374 809 
f 696 1284 1562 
f 2426 1562 1284 
f 1473 888 1563 
f 2297 1563 888 
f 1340 1565 1564 
f 900 1564 1565 
f 828 1567 922 
f 621 922 1567 
f 1914 1569 1568 
f 2369 1568 1569 
f 81 92 1355 
f 1170 1571 810 
f 2215 810 1571 
f 782 1119 53 
f 2175 1121 1570 
f 1331 1573 1572 
f 2444 1572 1573 
f 1581 751 1078 
f 1924 1575 1574 
f 271 1574 1575 
f 1740 1189 282 
f 1834 1576 701 
f 60 1577 1373 
f 2497 290 263 
f 1520 1148 1578 
f 1635 1578 1148 
f 532 537 433 
f 2360 1579 1556 
f 1028 1556 1579 
f 2491 83 1580 
f 2337 1583 1582 
f 1196 1582 1583 
f 2268 1584 315 
f 2498 315 1584 
f 1816 1585 117 
f 1907 1587 1586 
f 1939 1586 1587 
f 1871 1588 1094 
f 1474 1589 233 
f 2493 233 1589 
f 827 1590 1074 
f 210 1591 854 
f 2355 1592 825 
f 2003 825 1592 
f 1769 935 1593 
f 1962 1593 935 
f 955 1076 1245 
f 2285 1245 1076 
f 2173 1263 1594 
f 363 1594 1263 
f 145 1596 1595 
f 2302 1595 1596 
f 967 1597 819 
f 1703 1551 225 
f 410 225 1551 
f 108 1599 1598 
f 1674 1598 1599 
f 1100 1600 958 
f 548 958 1600 
f 1437 1532 1601 
f 197 1601 1532 
f 2404 1591 1602 
f 108 1602 1591 
f 921 474 408 
f 1926 1604 1603 
f 1526 1603 1604 
f 1330 1606 1605 
f 1400 1605 1606 
f 1309 738 1463 
f 1969 84 1607 
f 24 1607 84 
f 1913 1609 1608 
f 671 1608 1609 
f 1977 1611 1610 
f 2083 1610 1611 
f 1853 1444 1612 
f 1874 1612 1444 
f 1615 1526 1604 
f 1746 1614 1613 
f 2102 1613 1614 
f 1343 1019 207 
f 753 1253 784 
f 1570 784 1253 
f 294 1616 465 
f 1855 465 1616 
f 2045 1618 1617 
f 1827 1617 1618 
f 1749 757 300 
f 1571 1619 684 
f 2114 1240 1620 
f 2084 1620 1240 
f 2351 1622 1621 
f 2118 1621 1622 
f 2030 1623 719 
f 959 1624 372 
f 1841 372 1624 
f 1659 575 313 
f 1509 313 575 
f 2264 697 1625 
f 1858 1626 1142 
f 2467 1142 1626 
f 469 1480 1627 
f 1168 1627 1480 
f 1613 1628 493 
f 535 493 1628 
f 1701 795 505 
f 2261 545 37 
f 1935 779 1528 
f 2398 1278 963 
f 1464 1519 1629 
f 1098 1629 1519 
f 1783 281 1630 
f 1957 1631 976 
f 1878 976 1631 
f 759 1409 1632 
f 938 716 1192 
f 2274 1192 716 
f 1781 1633 141 
f 1165 431 1634 
f 448 1413 311 
f 2190 311 1413 
f 1579 1578 1635 
f 1640 1637 1636 
f 2316 1636 1637 
f 2499 1640 1639 
f 1636 1639 1640 
f 712 1601 196 
f 197 196 1601 
f 1314 339 1641 
f 2114 1642 143 
f 1165 194 431 
f 93 1169 58 
f 2271 1644 1643 
f 2180 1643 1644 
f 2252 139 124 
f 2309 124 139 
f 1536 1646 1645 
f 280 1645 1646 
f 1467 733 620 
f 2158 620 733 
f 1956 1647 1540 
f 2456 1540 1647 
f 1261 1648 45 
f 415 487 1649 
f 694 1649 487 
f 2355 825 1650 
f 833 1650 825 
f 529 1263 1651 
f 2173 1651 1263 
f 157 128 509 
f 2278 716 938 
f 2203 1652 579 
f 944 1653 1206 
f 674 1206 1653 
f 1664 1655 1654 
f 2206 1654 1655 
f 1593 1627 1168 
f 1860 485 1656 
f 210 1657 1599 
f 1494 1599 1657 
f 668 1658 442 
f 1663 1660 928 
f 2470 928 1660 
f 99 1649 694 
f 2065 1078 752 
f 1157 1662 1661 
f 1440 1661 1662 
f 1509 575 1535 
f 390 1535 575 
f 736 1005 1152 
f 240 1663 928 
f 2108 1655 1664 
f 1675 1665 1041 
f 2368 1041 1665 
f 1009 1667 1666 
f 903 1666 1667 
f 2013 1270 1141 
f 1937 1669 1668 
f 1179 1668 1669 
f 669 1671 1670 
f 504 1670 1671 
f 1928 1607 1213 
f 23 1213 1607 
f 475 1673 1672 
f 1854 1672 1673 
f 2057 1159 1652 
f 743 1652 1159 
f 22 1598 1674 
f 2160 1675 1041 
f 824 1046 1676 
f 710 1676 1046 
f 404 1678 1677 
f 1772 1677 1678 
f 55 18 1294 
f 1235 1294 18 
f 2008 1679 1043 
f 2467 1043 1679 
f 1702 1272 1680 
f 989 148 1445 
f 1572 51 1637 
f 2316 1637 51 
f 1177 956 1681 
f 2465 1681 956 
f 1804 1682 135 
f 68 1601 1683 
f 712 1683 1601 
f 1783 213 161 
f 560 1685 1684 
f 1014 1684 1685 
f 2299 1200 1686 
f 2327 1686 1200 
f 31 1393 1687 
f 2214 401 815 
f 2149 1378 463 
f 2254 1106 1688 
f 500 1466 1534 
f 80 1157 1661 
f 1626 960 1486 
f 373 1486 960 
f 1784 584 1690 
f 541 1692 1691 
f 1976 1691 1692 
f 1839 1694 1693 
f 612 1693 1694 
f 1805 586 1406 
f 2159 1072 1695 
f 2290 638 1696 
f 1223 1696 638 
f 851 1697 1499 
f 273 1499 1697 
f 697 1699 1698 
f 1271 1698 1699 
f 1463 1233 1309 
f 2220 1309 1233 
f 2431 1700 260 
f 805 1603 232 
f 1526 232 1603 
f 1469 633 1624 
f 2438 1624 633 
f 1653 944 1701 
f 1953 1701 944 
f 2356 1702 1680 
f 331 1704 1703 
f 1552 1703 1704 
f 441 1272 1702 
f 388 144 1705 
f 1429 1705 144 
f 1125 1113 1706 
f 1619 1706 1113 
f 2376 1707 603 
f 2203 67 1708 
f 1437 1601 68 
f 2304 918 123 
f 536 1710 1709 
f 462 1709 1710 
f 2247 1712 1711 
f 1565 1711 1712 
f 1297 1647 958 
f 2322 1713 228 
f 1673 1460 1714 
f 369 1714 1460 
f 2417 1715 1621 
f 2351 1621 1715 
f 1717 1554 1638 
f 1115 1638 1554 
f 217 1250 701 
f 2014 1101 1150 
f 466 1150 1101 
f 2097 4 336 
f 2215 544 1717 
f 2220 1718 613 
f 366 613 1718 
f 1862 98 382 
f 1079 1720 1719 
f 2003 1719 1720 
f 2006 1654 1721 
f 2232 1721 1654 
f 1492 1722 267 
f 1728 974 1015 
f 1918 1723 1003 
f 2039 1003 1723 
f 1272 441 813 
f 1829 813 441 
f 1112 1725 1724 
f 714 1724 1725 
f 2223 1055 566 
f 2298 1727 1726 
f 665 1726 1727 
f 1092 1563 384 
f 1340 1711 1565 
f 1050 1728 1015 
f 1763 295 1729 
f 25 1730 495 
f 2021 495 1730 
f 2255 547 1147 
f 1527 511 915 
f 2445 1731 458 
f 2204 1733 1732 
f 2438 1732 1733 
f 1785 1335 507 
f 1412 122 652 
f 677 719 1635 
f 1517 925 1311 
f 1939 1735 1734 
f 858 1734 1735 
f 2133 1489 1736 
f 274 1738 1737 
f 134 1737 1738 
f 2077 553 842 
f 624 842 553 
f 1686 1093 1739 
f 1588 1739 1093 
f 1859 1741 1740 
f 184 1740 1741 
f 1718 1233 131 
f 618 556 1664 
f 1438 1223 638 
f 196 125 353 
f 744 649 413 
f 2425 599 1742 
f 1977 1238 1044 
f 1747 1441 1743 
f 1105 1745 1744 
f 889 1744 1745 
f 1770 195 1538 
f 1165 1538 195 
f 878 1746 1613 
f 2243 1649 99 
f 1441 1747 1704 
f 1552 1704 1747 
f 2011 1225 1351 
f 1396 1726 1748 
f 664 1748 1726 
f 522 1749 300 
f 1148 677 1635 
f 1052 1059 1750 
f 965 1750 1059 
f 2253 969 419 
f 1912 1129 653 
f 2420 653 1129 
f 950 756 1751 
f 2060 1753 1752 
f 472 1752 1753 
f 483 804 395 
f 624 1754 754 
f 720 1207 1279 
f 138 1279 1207 
f 1316 1756 1755 
f 2306 1755 1756 
f 1947 1757 1413 
f 2190 1413 1757 
f 1424 1758 1052 
f 1058 1052 1758 
f 2345 500 1759 
f 2337 1123 243 
f 2210 539 1520 
f 808 899 174 
f 1178 174 899 
f 2218 1760 946 
f 1892 946 1760 
f 1203 1761 96 
f 1020 96 1761 
f 1329 717 905 
f 1456 905 717 
f 731 304 1762 
f 1883 295 1763 
f 2484 1146 1764 
f 873 1764 1146 
f 1838 274 563 
f 1737 563 274 
f 463 1765 1709 
f 486 1709 1765 
f 1326 1766 432 
f 2445 432 1766 
f 1540 1768 1767 
f 1054 1767 1768 
f 1593 1168 1769 
f 1281 1769 1168 
f 195 1770 420 
f 2178 420 1770 
f 486 77 1771 
f 693 1771 77 
f 2450 1677 1772 
f 199 400 183 
f 1630 1296 457 
f 2169 204 854 
f 1187 1773 1371 
f 1832 1371 1773 
f 2184 1560 106 
f 2454 1710 536 
f 1890 1774 335 
f 2395 335 1774 
f 1039 1776 1775 
f 1987 1775 1776 
f 1067 1777 351 
f 1026 351 1777 
f 2202 1778 445 
f 2088 445 1778 
f 1281 1169 92 
f 1722 1780 1779 
f 398 1779 1780 
f 580 449 1781 
f 1510 800 1782 
f 317 1782 800 
f 930 281 1783 
f 804 476 1785 
f 1335 1785 476 
f 2327 1787 1786 
f 2035 1786 1787 
f 2353 1789 1788 
f 2366 1788 1789 
f 1245 1552 1747 
f 1363 1790 114 
f 1778 1791 939 
f 1516 895 1792 
f 68 895 1516 
f 266 1794 1793 
f 2228 1793 1794 
f 1883 966 1795 
f 845 1797 1796 
f 2494 1796 1797 
f 179 1590 1798 
f 827 1798 1590 
f 2271 794 729 
f 1123 1582 1190 
f 279 1190 1582 
f 1917 308 1799 
f 2481 1800 948 
f 2148 948 1800 
f 851 1499 1801 
f 993 328 1096 
f 1802 1096 328 
f 2174 554 1091 
f 11 427 36 
f 1929 36 427 
f 2344 1793 750 
f 1895 750 1793 
f 567 34 1231 
f 2107 1231 34 
f 1301 1802 248 
f 1575 1803 1164 
f 1805 1164 1803 
f 1970 1682 1804 
f 2313 1805 1803 
f 159 832 1806 
f 1280 1806 832 
f 2360 1578 1579 
f 149 1493 1807 
f 73 1604 1808 
f 2305 1808 1604 
f 45 1539 1809 
f 1828 1809 1539 
f 1778 1810 1791 
f 657 1791 1810 
f 847 302 594 
f 2126 1040 1811 
f 1138 1811 1040 
f 987 1499 273 
f 2346 1812 1161 
f 1955 1672 1813 
f 1854 1813 1672 
f 1221 1815 1814 
f 1827 1814 1815 
f 1585 1816 527 
f 2481 527 1816 
f 1841 1733 1817 
f 2162 1817 1733 
f 2224 314 1037 
f 2033 1818 1474 
f 1901 844 588 
f 2367 1819 461 
f 1025 1071 1820 
f 1475 1455 711 
f 1002 910 1419 
f 1304 519 757 
f 324 1304 1821 
f 2183 909 1822 
f 1914 1822 909 
f 994 1823 1275 
f 255 1275 1823 
f 597 1824 1453 
f 1823 1453 1824 
f 183 661 198 
f 1878 1242 1132 
f 598 1132 1242 
f 1610 1826 1825 
f 2480 1825 1826 
f 2016 1597 206 
f 1815 1617 1827 
f 2042 840 1248 
f 1582 1196 279 
f 1642 1351 1544 
f 1226 1544 1351 
f 1911 756 1829 
f 953 1411 387 
f 561 1097 319 
f 1859 786 1741 
f 2093 1741 786 
f 161 930 1783 
f 2171 1831 170 
f 65 1049 1832 
f 1371 1832 1049 
f 2231 421 1805 
f 586 1805 421 
f 1260 1380 1648 
f 1118 1153 1834 
f 1576 1834 1153 
f 2483 1580 417 
f 478 417 1580 
f 2085 663 1307 
f 1781 695 1633 
f 2100 1633 695 
f 1022 1835 1459 
f 1373 1454 1836 
f 2309 1836 1454 
f 2042 1248 1837 
f 1356 1837 1248 
f 2488 1293 1162 
f 2099 1162 1293 
f 693 76 1142 
f 1858 1142 76 
f 2347 604 1838 
f 2012 951 793 
f 2340 574 129 
f 2054 129 574 
f 2020 1839 730 
f 1693 730 1839 
f 2172 1840 881 
f 642 881 1840 
f 1958 372 1841 
f 2064 1842 438 
f 2318 270 1843 
f 635 1845 1844 
f 1114 1844 1845 
f 1171 1706 1619 
f 2272 1847 1846 
f 2026 1846 1847 
f 1909 1848 283 
f 1886 1849 1667 
f 2092 1667 1849 
f 1026 1777 1850 
f 1305 1850 1777 
f 1802 1301 1851 
f 1333 1851 1301 
f 1943 1852 1469 
f 764 916 1853 
f 1069 1854 1714 
f 1673 1714 1854 
f 1616 1312 1855 
f 118 1678 404 
f 943 1856 1583 
f 2410 1583 1856 
f 480 1857 1182 
f 2197 1230 794 
f 2020 794 1230 
f 843 344 643 
f 1943 1858 76 
f 1481 1718 131 
f 1740 282 1859 
f 1031 1860 565 
f 1656 565 1860 
f 98 1862 1861 
f 1340 1861 1862 
f 1913 1484 1863 
f 699 705 127 
f 343 1865 1864 
f 2248 1864 1865 
f 2159 1866 798 
f 1550 798 1866 
f 2042 1576 1153 
f 119 592 1867 
f 2068 284 201 
f 1479 201 284 
f 1577 1280 975 
f 1957 975 1280 
f 1897 1405 1533 
f 741 1345 1868 
f 205 1868 1345 
f 1782 317 1869 
f 2078 641 1209 
f 1966 1766 1326 
f 2166 1870 602 
f 364 602 1870 
f 708 1588 1871 
f 2481 1816 1800 
f 2256 1800 1816 
f 559 834 1872 
f 3 1542 1670 
f 2484 1873 1147 
f 2167 1147 1873 
f 662 1612 1874 
f 2184 1725 1112 
f 2087 1877 1876 
f 2023 1876 1877 
f 871 1851 1332 
f 2117 1878 1631 
f 664 1879 391 
f 835 391 1879 
f 775 1881 1880 
f 2264 1880 1881 
f 1929 533 1882 
f 1022 1882 533 
f 966 1883 1763 
f 2161 1110 1482 
f 2364 1698 1271 
f 1850 1380 1885 
f 296 1885 1380 
f 1126 1886 1010 
f 1667 1010 1886 
f 2253 1425 224 
f 1831 1090 1887 
f 514 1889 1888 
f 1839 1888 1889 
f 999 1599 1494 
f 335 1157 1890 
f 80 1890 1157 
f 542 1288 857 
f 681 1891 1483 
f 867 1483 1891 
f 1611 1892 1760 
f 2080 1342 683 
f 1522 683 1342 
f 1287 1099 381 
f 2500 381 1099 
f 1573 1143 1514 
f 2286 1893 133 
f 1478 1894 852 
f 1681 852 1894 
f 2427 1587 914 
f 1907 914 1587 
f 2234 750 1895 
f 2314 1529 1896 
f 1087 1896 1529 
f 796 1405 1897 
f 1035 1561 1251 
f 797 1251 1561 
f 1461 360 1898 
f 2119 1900 1899 
f 2036 1899 1900 
f 588 1354 1901 
f 1514 1144 479 
f 1857 479 1144 
f 1728 1050 65 
f 306 186 1902 
f 2167 1902 186 
f 1051 1903 1424 
f 2313 1905 1904 
f 1336 1904 1905 
f 2412 689 607 
f 2240 607 689 
f 1133 8 1906 
f 2475 1265 1907 
f 914 1907 1265 
f 1126 882 1886 
f 1849 1886 882 
f 109 739 927 
f 2152 1909 1908 
f 2170 1908 1909 
f 45 1809 1261 
f 358 1261 1809 
f 1973 458 1910 
f 2079 1910 458 
f 1644 729 1911 
f 2291 1911 729 
f 2338 564 1656 
f 2387 1484 1913 
f 481 812 584 
f 1083 1822 1914 
f 622 348 1915 
f 2106 313 1276 
f 1658 1916 1174 
f 1195 1174 1916 
f 203 241 928 
f 1160 1917 1799 
f 1365 1150 1407 
f 1002 15 1918 
f 2062 1920 1919 
f 1784 1919 1920 
f 517 1452 1487 
f 2321 1267 1921 
f 2082 1921 1267 
f 579 1781 141 
f 2331 1923 1922 
f 2411 1922 1923 
f 1756 1925 1924 
f 1410 1924 1925 
f 402 1926 1603 
f 82 1927 1701 
f 1653 1701 1927 
f 338 120 62 
f 1724 714 1508 
f 164 1508 714 
f 2155 520 1064 
f 985 1064 520 
f 782 53 164 
f 2124 1522 1342 
f 2159 1930 1866 
f 1278 1866 1930 
f 1737 134 1893 
f 422 1434 1530 
f 2310 1530 1434 
f 996 919 94 
f 2437 1236 1932 
f 1872 1879 707 
f 1138 1933 418 
f 1328 595 1934 
f 6 622 1915 
f 2280 1936 1935 
f 1910 1935 1936 
f 1550 79 799 
f 628 81 791 
f 2377 1937 1512 
f 1668 1512 1937 
f 1586 1939 1938 
f 416 1938 1939 
f 2052 1940 1468 
f 2001 1468 1940 
f 332 1942 1941 
f 79 1941 1942 
f 77 1852 1943 
f 136 1945 1944 
f 2423 1944 1945 
f 1444 1946 1498 
f 312 1498 1946 
f 788 1947 1204 
f 1203 1204 1947 
f 1402 822 851 
f 1697 851 822 
f 298 811 90 
f 2041 1948 1375 
f 1171 1375 1948 
f 1983 1653 1927 
f 2413 237 1384 
f 2103 1384 237 
f 2458 1949 1262 
f 2319 1444 1498 
f 899 1951 1950 
f 1104 1950 1951 
f 78 1952 1274 
f 2153 1274 1952 
f 841 624 1954 
f 754 1954 624 
f 1455 1475 1472 
f 2460 1472 1475 
f 2223 1955 1055 
f 1813 1055 1955 
f 613 1956 1767 
f 1540 1767 1956 
f 2227 489 722 
f 1061 902 1958 
f 372 1958 902 
f 2257 1960 1959 
f 2095 1959 1960 
f 777 43 1961 
f 2280 658 1810 
f 2475 1907 1064 
f 2155 1064 1907 
f 1023 433 378 
f 935 1963 1962 
f 1 1962 1963 
f 1117 437 1407 
f 2285 1075 1964 
f 1795 1964 1075 
f 1844 1830 137 
f 1425 740 226 
f 1668 1179 1965 
f 1694 1965 1179 
f 1780 1722 1491 
f 2333 1966 1423 
f 2239 1423 1966 
f 2277 811 298 
f 2084 723 1186 
f 2337 1582 1123 
f 959 1858 1943 
f 2015 1967 865 
f 1477 865 1967 
f 664 304 1748 
f 880 1341 1968 
f 1557 1525 1615 
f 1286 1214 1969 
f 1083 979 1822 
f 2183 1822 979 
f 2366 1970 1804 
f 2004 1098 1518 
f 1009 1972 1971 
f 1060 1971 1972 
f 2499 1720 1079 
f 1936 1973 1910 
f 2094 234 1974 
f 2127 1974 234 
f 1388 816 1678 
f 1772 1678 816 
f 696 1698 991 
f 2364 991 1698 
f 1691 1976 1975 
f 2472 1975 1976 
f 977 1791 657 
f 2263 1485 1978 
f 2266 1978 1485 
f 1983 428 1979 
f 2275 1980 215 
f 650 215 1980 
f 2387 1913 1981 
f 1608 1981 1913 
f 1536 1645 496 
f 2122 113 1982 
f 1790 1982 113 
f 763 325 870 
f 469 1627 1201 
f 1109 1983 1979 
f 497 1985 1984 
f 1111 1984 1985 
f 1035 1987 1986 
f 1776 1986 1987 
f 641 703 212 
f 2447 1988 539 
f 466 1288 1117 
f 1983 1109 674 
f 1653 1983 674 
f 707 1989 1872 
f 559 1872 1989 
f 1546 1990 1421 
f 498 1421 1990 
f 615 1991 1614 
f 637 1614 1991 
f 644 1993 1992 
f 1942 1992 1993 
f 2238 1888 1994 
f 2020 1994 1888 
f 2483 1933 1041 
f 342 1864 1995 
f 2310 1995 1864 
f 1931 1996 1242 
f 598 1242 1996 
f 2392 1997 1980 
f 1257 1980 1997 
f 1314 1774 1998 
f 1102 1998 1774 
f 1738 275 88 
f 2071 901 1999 
f 1712 1999 901 
f 143 1461 1898 
f 2281 95 606 
f 2108 1664 557 
f 1940 180 2000 
f 1199 2000 180 
f 927 408 109 
f 1619 1571 1170 
f 2000 2002 2001 
f 2209 2001 2002 
f 1592 1719 2003 
f 1134 231 2004 
f 2050 571 2005 
f 2191 2005 571 
f 897 1844 137 
f 2095 980 1202 
f 2158 2006 1417 
f 1458 2007 1860 
f 485 1860 2007 
f 1571 2008 1470 
f 1042 1470 2008 
f 736 1216 1005 
f 2446 1005 1216 
f 1432 1451 630 
f 2093 2010 2009 
f 2341 2009 2010 
f 1249 216 2011 
f 1225 2011 216 
f 793 81 2012 
f 1355 2012 81 
f 382 986 2013 
f 797 1560 1949 
f 2184 1949 1560 
f 2003 1047 825 
f 87 33 1197 
f 2407 998 1191 
f 761 1191 998 
f 174 911 2014 
f 1101 2014 911 
f 2215 1571 1470 
f 27 1597 2016 
f 2409 1313 2017 
f 2172 211 2018 
f 1135 2018 211 
f 1230 1994 2020 
f 843 841 894 
f 859 2021 1921 
f 2321 1921 2021 
f 2305 2022 1808 
f 72 1808 2022 
f 395 2024 2023 
f 2258 2023 2024 
f 1303 2025 1821 
f 1327 1821 2025 
f 1721 937 2006 
f 1715 2026 1389 
f 1832 1389 2026 
f 2317 2028 2027 
f 2468 2027 2028 
f 929 2029 208 
f 1930 2030 1278 
f 1923 2031 1033 
f 1818 2033 2032 
f 605 2032 2033 
f 1034 2034 616 
f 1786 2035 1344 
f 2373 1344 2035 
f 1899 2036 780 
f 1355 780 2036 
f 671 1120 1789 
f 2366 1789 1120 
f 1861 787 98 
f 2295 362 2038 
f 1399 2038 362 
f 1749 1304 757 
f 478 1580 505 
f 82 505 1580 
f 1008 850 1368 
f 1723 2040 2039 
f 1847 2039 2040 
f 2262 1063 985 
f 2268 182 1584 
f 401 1584 182 
f 1871 346 2041 
f 1438 1334 727 
f 2408 727 1334 
f 2138 337 503 
f 840 2042 134 
f 2293 1361 2043 
f 580 1652 743 
f 1617 254 2045 
f 2495 2045 254 
f 2119 525 1062 
f 566 1062 525 
f 503 2046 1329 
f 168 2047 550 
f 1285 550 2047 
f 1517 1312 1616 
f 392 1207 678 
f 1016 1405 796 
f 2218 2050 2049 
f 2005 2049 2050 
f 2374 411 745 
f 2270 1593 1962 
f 326 387 1705 
f 940 2051 1395 
f 154 181 2052 
f 1940 2052 181 
f 1445 447 989 
f 1098 160 1629 
f 1391 2054 2053 
f 2455 2053 2054 
f 858 495 2021 
f 2485 150 2055 
f 2148 983 2056 
f 2265 2058 2057 
f 1159 2057 2058 
f 1761 1156 934 
f 1161 2060 1008 
f 850 1008 2060 
f 2397 757 518 
f 2357 2061 706 
f 2392 706 2061 
f 2353 1788 821 
f 826 821 1788 
f 871 1095 1851 
f 1802 1851 1095 
f 841 1954 1007 
f 2004 1518 1538 
f 1770 1538 1518 
f 1746 615 1614 
f 1404 755 2062 
f 1920 2062 755 
f 931 1258 2063 
f 1316 2063 1258 
f 2362 2065 2064 
f 1842 2064 2065 
f 762 651 1422 
f 2225 110 1397 
f 852 1801 1478 
f 200 1478 1801 
f 1551 1244 2067 
f 2285 2067 1244 
f 2415 229 1865 
f 1713 1865 229 
f 1799 2068 908 
f 1827 2069 863 
f 28 1978 2070 
f 2266 2070 1978 
f 1999 562 2071 
f 1893 2071 562 
f 2083 2072 1610 
f 2372 1610 2072 
f 957 1647 1956 
f 2086 1084 2073 
f 1559 2073 1084 
f 1632 1898 759 
f 2317 846 2028 
f 1001 2075 2074 
f 726 2074 2075 
f 1915 40 838 
f 703 641 2078 
f 2415 423 320 
f 2433 516 1487 
f 1897 354 1269 
f 2250 576 1659 
f 1935 2079 779 
f 2286 2071 1893 
f 477 2081 1401 
f 2421 1401 2081 
f 1189 2082 1267 
f 2072 2083 2005 
f 2049 2005 2083 
f 1186 1324 2084 
f 1853 1612 2085 
f 662 2085 1612 
f 2259 1133 1906 
f 1199 180 1222 
f 293 513 1504 
f 2459 2086 828 
f 2073 828 2086 
f 769 1302 2087 
f 1877 2087 1302 
f 159 219 832 
f 1650 832 219 
f 939 2088 1778 
f 2018 1135 1547 
f 562 1999 2089 
f 2247 2089 1999 
f 365 1215 957 
f 1692 2090 1976 
f 2105 1976 2090 
f 2367 2091 1484 
f 1553 1835 1826 
f 2480 1826 1835 
f 398 1045 1238 
f 188 1379 426 
f 1042 2092 883 
f 1849 883 2092 
f 1741 2093 1322 
f 891 1322 2093 
f 2067 1290 410 
f 1336 2094 1974 
f 1321 330 494 
f 1550 1866 1068 
f 2398 1068 1866 
f 1941 1549 352 
f 2476 352 1549 
f 2419 2056 1228 
f 2007 1228 2056 
f 1938 416 2016 
f 2270 2095 1202 
f 1398 49 2096 
f 2255 2096 49 
f 1337 4 2097 
f 877 615 1746 
f 1481 1392 2098 
f 956 1177 554 
f 472 2099 1323 
f 896 1323 2099 
f 1857 2101 2100 
f 153 2100 2101 
f 233 692 2033 
f 2130 147 2102 
f 1114 1295 1830 
f 1384 2103 1036 
f 2224 1036 2103 
f 2292 1391 2104 
f 332 1992 1942 
f 2472 1976 2105 
f 1659 313 2106 
f 2250 2107 33 
f 1879 1872 835 
f 2134 1994 2109 
f 1230 2109 1994 
f 1826 2110 1553 
f 1570 1553 2110 
f 645 2112 2111 
f 2235 2111 2112 
f 2382 509 2113 
f 2122 2113 509 
f 1632 1240 2114 
f 2276 131 2115 
f 2127 639 1974 
f 577 2116 193 
f 403 193 2116 
f 1243 1878 2117 
f 2258 1876 2023 
f 648 1630 280 
f 848 813 950 
f 2384 1113 1125 
f 2369 2118 1568 
f 1559 1568 2118 
f 1062 855 2119 
f 1900 2119 855 
f 2259 1651 2120 
f 2173 2120 1651 
f 1403 2062 2121 
f 1919 2121 2062 
f 333 2116 577 
f 1323 116 243 
f 2283 516 1070 
f 2433 1070 516 
f 1779 398 1238 
f 893 1539 45 
f 949 1151 947 
f 2219 947 1151 
f 1982 1376 2122 
f 1106 2122 1376 
f 2369 2123 2118 
f 1621 2118 2123 
f 1963 1522 2124 
f 906 1912 2125 
f 653 2125 1912 
f 2455 1492 2126 
f 2160 2126 1492 
f 736 2127 234 
f 327 1705 1429 
f 1736 1490 1433 
f 2287 2129 2128 
f 2391 2128 2129 
f 2347 2130 1330 
f 1336 1239 1904 
f 2231 1904 1239 
f 1307 765 2131 
f 669 111 1671 
f 2314 1896 814 
f 2022 1221 1814 
f 1040 1933 1138 
f 2260 2132 900 
f 1564 900 2132 
f 1910 2079 1935 
f 1489 2133 1901 
f 844 1901 2133 
f 2243 788 1204 
f 2238 1994 2134 
f 1903 254 1503 
f 2237 2136 2135 
f 5 2135 2136 
f 715 592 120 
f 404 515 2137 
f 336 2138 2097 
f 904 2097 2138 
f 1330 1605 2139 
f 2400 2139 1605 
f 1591 210 108 
f 1599 108 210 
f 1782 1077 1510 
f 2451 1510 1077 
f 1009 1971 2140 
f 2452 2140 1971 
f 2300 1282 83 
f 2266 2091 907 
f 460 907 2091 
f 690 1295 646 
f 2361 308 1917 
f 819 2142 906 
f 2070 906 2142 
f 36 104 11 
f 1750 965 257 
f 1524 257 965 
f 961 2143 865 
f 2327 1200 1884 
f 1416 2145 2144 
f 2282 2144 2145 
f 2146 665 1727 
f 2249 32 1175 
f 1758 409 1290 
f 1208 392 60 
f 158 60 392 
f 1588 708 2146 
f 2332 2147 2063 
f 931 2063 2147 
f 2419 2148 2056 
f 525 2119 341 
f 1899 341 2119 
f 410 1551 2067 
f 1975 2151 2150 
f 2399 2150 2151 
f 2222 399 1780 
f 1027 2153 2152 
f 1952 2152 2153 
f 889 2154 1744 
f 2283 1744 2154 
f 309 2068 1799 
f 2351 118 1622 
f 1585 1622 118 
f 2430 23 2156 
f 1753 2060 1161 
f 2320 1978 28 
f 416 1939 1734 
f 1558 2157 1418 
f 2435 1418 2157 
f 694 487 1771 
f 1417 620 2158 
f 875 713 1219 
f 1456 560 1684 
f 2263 1863 1485 
f 1695 1930 2159 
f 1492 267 2160 
f 1675 2160 267 
f 208 203 929 
f 1676 1957 824 
f 833 824 1957 
f 244 2161 2098 
f 1481 2098 2161 
f 1889 1512 1668 
f 1833 2163 2162 
f 1817 2162 2163 
f 840 1738 88 
f 1021 2164 1471 
f 1248 1471 2164 
f 2457 1038 1991 
f 238 1991 1038 
f 796 1953 945 
f 2427 1321 494 
f 2082 2166 2165 
f 1955 2165 2166 
f 2163 1294 1235 
f 1234 298 90 
f 680 2167 1873 
f 1429 2168 327 
f 2293 327 2168 
f 1730 162 2170 
f 1555 2170 162 
f 2363 2172 2171 
f 2018 2171 2172 
f 1549 1941 79 
f 2109 982 2134 
f 384 2174 1092 
f 2470 2029 929 
f 1570 2110 2175 
f 2372 2175 2110 
f 2165 1921 2082 
f 199 1483 867 
f 541 1691 1448 
f 2379 1448 1691 
f 1150 1365 2014 
f 174 2014 1365 
f 1985 1488 1111 
f 1341 1 2124 
f 1963 2124 1 
f 1515 479 1369 
f 2434 625 968 
f 419 968 625 
f 872 993 1096 
f 2460 1476 1337 
f 2341 2177 2176 
f 78 2176 2177 
f 888 1473 1452 
f 2253 2178 1425 
f 1051 2179 1903 
f 2495 1903 2179 
f 1829 441 2180 
f 2146 1727 1739 
f 2299 1739 1727 
f 2453 12 571 
f 478 482 713 
f 2148 1800 2181 
f 2256 2181 1800 
f 322 1896 1087 
f 609 2182 1447 
f 2411 1419 2183 
f 2031 582 1176 
f 908 1160 1799 
f 344 843 894 
f 106 1725 2184 
f 2467 1626 1043 
f 1205 415 1649 
f 2284 2186 2185 
f 2383 2185 2186 
f 559 1989 2187 
f 2236 2187 1989 
f 1001 2074 1513 
f 2482 1513 2074 
f 858 1155 1734 
f 529 817 1263 
f 1438 638 2127 
f 869 2189 2188 
f 1201 2188 2189 
f 2436 242 2037 
f 2102 1614 637 
f 1695 1073 1623 
f 1497 1535 1466 
f 572 356 2191 
f 2241 2192 149 
f 1493 149 2192 
f 2354 821 768 
f 1765 77 486 
f 2189 870 470 
f 1852 77 1765 
f 2190 2193 171 
f 2260 171 2193 
f 1340 1564 2194 
f 2132 2194 1564 
f 909 2195 1569 
f 2369 1569 2195 
f 234 1216 736 
f 2338 2197 2196 
f 1643 2196 2197 
f 2244 1339 2194 
f 696 1562 1145 
f 380 666 2198 
f 2204 2198 666 
f 2272 2200 2199 
f 2195 2199 2200 
f 1951 807 2201 
f 1408 2201 807 
f 19 1276 1946 
f 631 923 1436 
f 2269 1436 923 
f 450 1936 2202 
f 2280 2202 1936 
f 896 2099 1293 
f 67 2203 579 
f 2198 2204 1732 
f 2000 1198 2002 
f 2216 2002 1198 
f 460 2205 1129 
f 2420 1129 2205 
f 869 2188 2206 
f 981 2206 2188 
f 1493 1255 1037 
f 982 2109 485 
f 142 876 369 
f 2267 1019 264 
f 166 2208 2207 
f 2308 2207 2208 
f 2487 2120 1346 
f 2173 1346 2120 
f 2001 2209 1283 
f 2306 962 1477 
f 1768 2210 1054 
f 1521 1054 2210 
f 2230 2211 1462 
f 1541 2212 1768 
f 2447 1768 2212 
f 2411 912 1419 
f 1002 1419 912 
f 765 1307 626 
f 1820 855 1069 
f 2312 1322 891 
f 2425 1996 1931 
f 1449 333 577 
f 788 1757 1947 
f 63 1430 334 
f 1731 2213 459 
f 1449 459 2213 
f 1761 2214 1020 
f 745 1111 1724 
f 2388 355 1895 
f 2046 2002 2216 
f 1385 1871 2041 
f 1188 279 177 
f 1968 886 239 
f 1707 475 1672 
f 1831 2171 1090 
f 1547 1090 2171 
f 203 208 2217 
f 567 2217 208 
f 946 2219 2218 
f 2050 2218 2219 
f 360 1461 1673 
f 1126 1010 1433 
f 1736 1433 1010 
f 2457 1776 1038 
f 613 926 2220 
f 1345 1594 1457 
f 2295 1457 1594 
f 250 158 393 
f 1920 875 1219 
f 908 744 1160 
f 1627 1593 1202 
f 2270 1202 1593 
f 1180 1490 2221 
f 2246 1711 1862 
f 1340 1862 1711 
f 359 2222 1780 
f 955 1245 1747 
f 1343 260 1019 
f 2126 2160 1040 
f 1963 37 1522 
f 2494 751 1581 
f 2242 314 2224 
f 1501 396 2225 
f 276 2225 396 
f 2192 2227 2226 
f 723 2226 2227 
f 2388 1793 2228 
f 1170 810 1374 
f 1658 1174 1687 
f 31 1687 1174 
f 2352 1277 2141 
f 659 2179 2229 
f 257 2229 2179 
f 2446 809 1005 
f 1181 1005 809 
f 1532 1017 197 
f 132 197 1017 
f 2006 617 1654 
f 1664 1654 617 
f 2401 1400 1439 
f 366 957 1956 
f 1118 1024 1153 
f 1963 935 37 
f 506 556 618 
f 2186 2230 1462 
f 1948 675 1124 
f 97 1020 323 
f 63 1507 1430 
f 601 499 292 
f 413 996 695 
f 2100 695 996 
f 310 1420 166 
f 693 1142 1270 
f 2237 1647 1297 
f 2206 2232 1654 
f 1339 787 1861 
f 1255 2192 2233 
f 2226 2233 2192 
f 1228 2007 1458 
f 1377 2234 1895 
f 386 2104 1390 
f 1708 39 317 
f 1255 1493 2192 
f 280 1646 2235 
f 892 2235 1646 
f 1072 1274 2153 
f 707 2236 1989 
f 2456 1647 2237 
f 404 1677 515 
f 2377 515 1677 
f 2256 2238 2181 
f 2134 2181 2238 
f 877 1217 615 
f 771 1613 493 
f 1424 2239 1758 
f 409 1758 2239 
f 607 2240 2081 
f 2421 2081 2240 
f 1445 1947 1413 
f 989 489 2241 
f 2227 2241 489 
f 2395 1774 1314 
f 979 181 154 
f 1105 471 1370 
f 280 2235 2112 
f 325 1821 1327 
f 561 1366 1685 
f 734 2225 1397 
f 1649 2243 1205 
f 2334 862 1663 
f 2287 1663 862 
f 2190 2244 2193 
f 2194 2193 2244 
f 543 882 1126 
f 1372 1432 630 
f 1234 1882 1511 
f 1459 1511 1882 
f 2229 490 659 
f 1675 267 2245 
f 454 2247 2246 
f 1711 2246 2247 
f 81 628 92 
f 745 1508 974 
f 826 1302 769 
f 1713 2248 1865 
f 2087 1467 769 
f 576 2250 2249 
f 32 2249 2250 
f 1905 2251 834 
f 964 2252 917 
f 124 917 2252 
f 2177 1952 78 
f 2254 1688 1437 
f 1532 1437 1688 
f 419 2178 2253 
f 178 2255 49 
f 1026 1850 1885 
f 117 2137 2256 
f 2238 2256 2137 
f 1464 1770 1519 
f 1721 2232 2257 
f 1960 2257 2232 
f 2024 507 2258 
f 1651 2259 1906 
f 2286 171 2260 
f 1948 2041 675 
f 1920 755 875 
f 563 1737 1893 
f 1440 545 2261 
f 2500 1353 381 
f 1608 370 1981 
f 2335 1981 370 
f 2185 1063 2262 
f 1863 2263 629 
f 849 2037 1232 
f 1172 1232 2037 
f 2040 64 1847 
f 2026 1847 64 
f 1632 143 1898 
f 2185 2262 2264 
f 697 2264 2262 
f 735 1334 1438 
f 2343 519 324 
f 1304 324 519 
f 1917 2058 2265 
f 1513 1396 2051 
f 2418 645 2111 
f 2438 1841 1624 
f 1485 2091 2266 
f 17 1060 1932 
f 2013 2246 382 
f 1862 382 2246 
f 1734 789 416 
f 86 2269 924 
f 5 1298 623 
f 1962 1 2270 
f 1643 2197 2271 
f 794 2271 2197 
f 2356 593 2222 
f 399 2222 593 
f 2333 1766 1966 
f 2039 2272 2199 
f 837 2249 1548 
f 2320 630 2263 
f 120 338 2274 
f 2319 1874 1444 
f 2391 1403 2128 
f 2121 2128 1403 
f 2422 2275 215 
f 1392 131 2276 
f 1676 1631 1957 
f 553 2277 297 
f 1209 642 984 
f 1716 605 1427 
f 764 1382 916 
f 700 1356 2278 
f 958 548 1297 
f 1615 73 1557 
f 186 190 2167 
f 1147 2167 190 
f 1906 529 1651 
f 452 1446 148 
f 1715 1846 2026 
f 1077 2279 1581 
f 2466 1581 2279 
f 1632 2114 143 
f 1935 1528 2280 
f 658 2280 1528 
f 1529 1414 1087 
f 528 1622 1585 
f 2057 287 2265 
f 722 488 1185 
f 670 2281 534 
f 2188 1201 980 
f 2223 103 2282 
f 2326 310 1264 
f 362 1264 310 
f 1104 1744 2283 
f 810 2215 1638 
f 1717 1638 2215 
f 1881 2284 2264 
f 2185 2264 2284 
f 1950 2283 898 
f 2071 2286 901 
f 2260 901 2286 
f 163 53 1367 
f 2332 1967 2015 
f 2443 684 1057 
f 1337 2097 251 
f 904 251 2097 
f 1624 959 1469 
f 1943 1469 959 
f 2423 608 1426 
f 476 1426 608 
f 1977 1825 1237 
f 379 1237 1825 
f 340 522 773 
f 2392 2240 1122 
f 2024 803 1785 
f 1663 2287 1660 
f 2128 1660 2287 
f 2432 1507 806 
f 62 806 1507 
f 303 2288 1395 
f 940 1395 2288 
f 117 2256 1816 
f 41 136 1682 
f 1525 289 2289 
f 765 2289 289 
f 997 2290 1696 
f 1693 2291 730 
f 2054 2292 129 
f 1361 2293 2168 
f 1233 1718 2220 
f 1289 977 657 
f 1408 471 2201 
f 1105 2201 471 
f 2379 610 1447 
f 1608 671 371 
f 1789 371 671 
f 468 1495 1246 
f 2255 190 2096 
f 2479 2196 1643 
f 1371 1049 853 
f 287 2203 1708 
f 2191 357 2072 
f 2175 2072 357 
f 1543 1102 349 
f 2242 2294 2268 
f 2464 2268 2294 
f 2465 852 1681 
f 778 1139 491 
f 2282 2145 2223 
f 2165 2223 2145 
f 980 2095 1960 
f 1494 2295 2038 
f 2346 2296 1812 
f 1348 1812 2296 
f 2482 2299 2298 
f 1727 2298 2299 
f 608 2081 477 
f 1024 448 311 
f 2242 220 2294 
f 668 831 355 
f 1269 355 831 
f 2230 2186 2284 
f 569 1566 845 
f 1797 845 1566 
f 538 2301 2300 
f 1282 2300 2301 
f 1542 3 52 
f 2316 52 3 
f 2323 1595 2302 
f 2204 2162 1733 
f 2471 1306 2303 
f 2067 2285 1964 
f 1681 1479 285 
f 1345 2173 1594 
f 637 2130 2102 
f 445 2088 783 
f 1221 2022 2305 
f 1026 1743 351 
f 1967 2306 1477 
f 2288 731 2088 
f 1880 2264 1625 
f 1736 1010 2140 
f 2459 1199 1222 
f 1027 721 1623 
f 476 804 1426 
f 1576 2042 1837 
f 1636 4 1338 
f 55 1294 2307 
f 2178 1770 1464 
f 131 1392 1481 
f 1373 1836 59 
f 139 59 1836 
f 1504 512 2259 
f 2089 591 562 
f 1220 1606 1330 
f 686 2308 2208 
f 1288 542 1358 
f 1968 1342 2080 
f 2089 2247 454 
f 157 1845 636 
f 559 2187 235 
f 2390 235 2187 
f 2383 1063 2185 
f 681 422 1530 
f 65 1832 2026 
f 2192 2241 2227 
f 521 206 1048 
f 2248 2310 1864 
f 1116 2311 437 
f 1257 518 651 
f 366 1956 613 
f 738 1320 913 
f 1536 2312 1646 
f 891 1646 2312 
f 1750 257 1051 
f 2179 1051 257 
f 2231 2313 1904 
f 945 1016 796 
f 867 1891 2314 
f 1529 2314 1891 
f 2453 2050 2219 
f 246 776 2315 
f 635 2315 776 
f 1357 716 2278 
f 1307 2131 2085 
f 1853 2085 2131 
f 1423 1903 1503 
f 4 1636 2316 
f 1600 1100 2317 
f 2434 1326 432 
f 1843 262 2318 
f 1857 1144 2101 
f 2105 2090 1110 
f 50 407 1590 
f 1947 1446 1203 
f 2048 932 1925 
f 1410 1925 932 
f 1281 627 1769 
f 1978 2320 2263 
f 303 731 2288 
f 226 1703 225 
f 2464 661 183 
f 2283 1950 1104 
f 272 1697 822 
f 468 1246 655 
f 2033 1474 233 
f 187 1397 2096 
f 889 517 2154 
f 2170 2059 2321 
f 1267 2321 2059 
f 2114 1352 1642 
f 890 1121 1212 
f 357 1212 1121 
f 1710 1088 2322 
f 2386 2322 1088 
f 2324 67 579 
f 1595 2323 1131 
f 972 1131 2323 
f 1531 1818 2032 
f 2154 516 2283 
f 895 1683 712 
f 2466 2279 1869 
f 1782 1869 2279 
f 141 2324 579 
f 1644 2271 729 
f 2087 1876 1467 
f 733 1467 1876 
f 1257 1997 2325 
f 2061 2325 1997 
f 1246 1383 656 
f 16 656 1383 
f 1494 1457 2295 
f 774 465 1855 
f 2113 2254 69 
f 1154 789 1734 
f 434 538 1665 
f 2368 1665 538 
f 1818 1531 510 
f 453 590 2089 
f 818 2326 1264 
f 491 1138 801 
f 2428 2013 1141 
f 1283 1671 112 
f 1984 1111 412 
f 1884 1787 2327 
f 1764 970 2328 
f 493 2328 970 
f 1197 2329 305 
f 1690 305 2329 
f 1853 2131 764 
f 2385 2043 2330 
f 1360 2330 2043 
f 1686 1739 2299 
f 1435 2269 86 
f 1684 252 552 
f 2289 765 626 
f 383 582 2331 
f 1923 2331 582 
f 1389 1773 816 
f 2041 1375 1386 
f 48 1217 782 
f 29 782 1217 
f 321 1099 1287 
f 1309 329 738 
f 1320 738 329 
f 1610 1825 1977 
f 2479 2180 440 
f 207 1450 1343 
f 494 858 1735 
f 2063 1755 2332 
f 1967 2332 1755 
f 1239 639 2290 
f 2325 698 871 
f 1731 2333 2213 
f 1503 2213 2333 
f 1558 1359 2334 
f 2354 2335 370 
f 218 250 2336 
f 296 100 1729 
f 386 1729 100 
f 115 2337 243 
f 2348 1899 780 
f 1797 1566 429 
f 2116 333 1815 
f 1617 1815 333 
f 564 2338 2196 
f 1988 724 540 
f 1252 540 724 
f 963 1310 2339 
f 1965 1889 1668 
f 2464 1163 1406 
f 2429 1261 2340 
f 358 2340 1261 
f 535 1628 1875 
f 591 1875 1628 
f 1682 1970 41 
f 2010 2342 2341 
f 2406 2341 2342 
f 763 1422 2343 
f 1162 2099 1753 
f 472 1753 2099 
f 1027 2152 1908 
f 2060 1752 850 
f 2436 850 1752 
f 1927 428 1983 
f 1502 1349 1531 
f 2251 1803 1575 
f 2025 709 1327 
f 1363 2344 749 
f 1915 838 1214 
f 1791 977 940 
f 2051 940 977 
f 2164 1021 1357 
f 715 1357 1021 
f 1902 2035 1787 
f 283 2059 1909 
f 2170 1909 2059 
f 2462 1074 114 
f 120 2274 715 
f 2498 1584 401 
f 147 2130 2347 
f 191 977 1289 
f 513 294 1347 
f 464 1347 294 
f 1502 1000 1349 
f 191 1349 1000 
f 2422 2066 1401 
f 1218 1401 2066 
f 1191 2349 1269 
f 1809 1828 2222 
f 2356 2222 1828 
f 890 1212 2350 
f 1388 1678 2351 
f 118 2351 1678 
f 2141 1592 2352 
f 2355 2352 1592 
f 1353 1489 1901 
f 2253 224 409 
f 2001 1283 112 
f 821 2354 2353 
f 370 2353 2354 
f 2029 2121 1919 
f 2382 647 156 
f 301 1045 594 
f 399 594 1045 
f 514 1888 2238 
f 2078 1209 2267 
f 1650 219 2355 
f 2298 1396 1513 
f 1303 1749 374 
f 2458 1135 211 
f 1013 2331 1922 
f 496 930 2147 
f 1959 936 2257 
f 2474 359 1491 
f 1780 1491 359 
f 705 699 2357 
f 389 836 292 
f 2181 983 2148 
f 464 531 1347 
f 999 1674 1599 
f 879 239 2359 
f 1556 1053 2360 
f 33 32 2250 
f 288 2362 2361 
f 2064 2361 2362 
f 2177 2152 1952 
f 106 714 1725 
f 1081 2359 1039 
f 290 1557 1418 
f 990 2364 2363 
f 1840 2363 2364 
f 2044 14 71 
f 720 1279 2030 
f 1970 2366 2365 
f 126 2365 2366 
f 1832 1773 1389 
f 1465 1874 2319 
f 2387 2367 1484 
f 538 2300 2368 
f 2491 2368 2300 
f 2291 1693 611 
f 2200 2369 2195 
f 2373 2035 2370 
f 1902 2370 2035 
f 1919 2371 2029 
f 209 2029 2371 
f 2072 2175 2372 
f 1344 2373 347 
f 676 347 2373 
f 1723 2374 2040 
f 973 2040 2374 
f 1266 2186 1462 
f 1845 156 1114 
f 2361 2265 288 
f 2103 220 2224 
f 2242 2224 220 
f 1108 1856 640 
f 439 1487 860 
f 704 1185 1834 
f 1118 1834 1185 
f 2413 747 361 
f 759 361 747 
f 2454 1088 1710 
f 50 1590 179 
f 308 2361 2064 
f 1579 721 1028 
f 1455 2375 1931 
f 2425 1931 2375 
f 361 2376 603 
f 998 1436 812 
f 1671 1283 504 
f 2463 1937 2377 
f 2230 2284 1881 
f 2489 1125 679 
f 1847 2272 2039 
f 2125 967 819 
f 2459 1319 2378 
f 319 2378 1319 
f 1691 2150 2379 
f 610 2379 2150 
f 627 2380 38 
f 2261 38 2380 
f 1990 1985 498 
f 2018 1547 2171 
f 1128 1109 1979 
f 411 2374 1723 
f 2408 2381 728 
f 342 728 2381 
f 69 647 2382 
f 2186 1266 2383 
f 455 1985 1990 
f 1500 414 200 
f 2204 666 1833 
f 530 1562 1193 
f 2426 1193 1562 
f 464 1880 1145 
f 1625 1145 1880 
f 720 677 1207 
f 1968 2080 887 
f 682 887 2080 
f 1286 1969 551 
f 1928 551 1969 
f 265 1364 2345 
f 1059 1964 1795 
f 654 340 2348 
f 705 1308 126 
f 2365 126 1308 
f 2158 617 2006 
f 2411 1033 21 
f 1368 849 767 
f 1523 1390 258 
f 1838 147 2347 
f 2308 165 2207 
f 454 2246 2013 
f 897 635 1844 
f 2433 1487 439 
f 1815 1221 2116 
f 2442 1555 162 
f 994 123 2309 
f 708 1871 1385 
f 1574 1756 1924 
f 499 1229 1759 
f 265 1759 1229 
f 2489 2384 1125 
f 1082 2385 2330 
f 1975 2150 1691 
f 1713 2322 2386 
f 342 1224 728 
f 380 2198 1378 
f 634 1378 2198 
f 1882 1234 1929 
f 96 1204 1203 
f 2070 2266 907 
f 1235 17 1932 
f 72 862 2334 
f 350 1069 1714 
f 107 1032 1176 
f 2031 1176 1032 
f 291 1194 2228 
f 1916 2228 1194 
f 1655 869 2206 
f 1416 2165 2145 
f 876 1543 349 
f 1681 1894 1479 
f 1981 2335 2387 
f 1819 2387 2335 
f 2125 819 906 
f 1011 2107 1659 
f 2250 1659 2107 
f 1658 668 2388 
f 355 2388 668 
f 1154 2144 2389 
f 2282 2389 2144 
f 1662 1431 1439 
f 2432 1439 1431 
f 1969 1607 1928 
f 1686 2327 1786 
f 1350 1060 17 
f 2182 609 471 
f 1053 614 1767 
f 2446 235 2390 
f 1137 2036 1900 
f 2129 1618 2391 
f 2045 2391 1618 
f 1465 921 1874 
f 2061 1997 2392 
f 654 375 340 
f 1786 1344 1093 
f 961 221 1086 
f 1070 2393 430 
f 829 527 1567 
f 2481 1567 527 
f 2098 1311 244 
f 2429 2340 101 
f 887 682 1606 
f 698 2325 2061 
f 29 2296 2346 
f 1428 2394 1525 
f 630 2320 1372 
f 789 1372 2320 
f 2347 1330 2139 
f 208 2396 567 
f 34 567 2396 
f 2325 2397 1257 
f 518 1257 2397 
f 1325 1620 2084 
f 2410 368 2350 
f 2473 2398 2339 
f 963 2339 2398 
f 610 2150 2399 
f 1032 1598 22 
f 1451 672 1609 
f 1605 2401 2400 
f 2432 2400 2401 
f 1237 379 2245 
f 1291 2245 379 
f 481 760 812 
f 998 812 760 
f 2161 244 2402 
f 2452 844 2133 
f 1972 1666 902 
f 1075 1883 1795 
f 1747 1743 955 
f 1548 2019 837 
f 2438 633 1732 
f 278 2403 933 
f 2478 933 2403 
f 1786 1093 1686 
f 1273 1591 2404 
f 2289 626 2405 
f 1756 2048 1925 
f 2177 2341 2406 
f 528 829 2073 
f 1726 1396 2298 
f 442 632 2407 
f 1266 1462 737 
f 2452 1971 1350 
f 1060 1350 1971 
f 2017 1014 2409 
f 1685 2409 1014 
f 1533 1688 1103 
f 1669 572 1179 
f 356 572 1669 
f 246 874 547 
f 1720 596 866 
f 1268 2349 222 
f 680 2373 2370 
f 301 1892 1045 
f 2125 653 1450 
f 66 39 1708 
f 699 993 872 
f 910 2199 2195 
f 2497 764 289 
f 2311 2182 436 
f 1856 368 2410 
f 981 1960 2232 
f 2077 843 643 
f 1661 1440 2261 
f 912 2411 21 
f 1972 1009 1666 
f 1160 2058 1917 
f 1225 1314 1998 
f 2464 183 2268 
f 1496 295 1883 
f 2241 148 989 
f 2005 2191 2072 
f 647 68 1516 
f 1934 1476 1328 
f 711 1328 1476 
f 734 746 726 
f 155 555 2414 
f 2381 423 2415 
f 2395 1641 334 
f 63 334 1641 
f 820 753 785 
f 791 2380 628 
f 1701 505 82 
f 200 1801 1500 
f 1122 706 2392 
f 2267 264 2078 
f 1700 2078 264 
f 2143 961 1085 
f 1409 748 2233 
f 1255 2233 748 
f 2230 1881 2416 
f 775 2416 1881 
f 2142 28 2070 
f 2123 2417 1621 
f 1512 515 2377 
f 2228 1916 2388 
f 1658 2388 1916 
f 2214 1761 934 
f 620 2323 2302 
f 2341 2418 2009 
f 2111 2009 2418 
f 2477 1869 316 
f 702 1987 1035 
f 948 2148 2419 
f 1054 1521 2360 
f 1578 2360 1521 
f 169 1831 818 
f 1887 818 1831 
f 785 890 367 
f 2276 774 1855 
f 2275 2422 2421 
f 1401 2421 2422 
f 2402 1110 2161 
f 834 559 2094 
f 1423 1503 2333 
f 1945 136 41 
f 1945 2412 2423 
f 608 2423 2412 
f 2465 2424 1402 
f 874 246 2315 
f 2497 263 20 
f 600 2425 2375 
f 967 2125 1450 
f 2473 1777 1068 
f 1440 1400 546 
f 1284 990 2426 
f 1545 2426 990 
f 752 1842 2065 
f 2464 1406 661 
f 1320 2427 914 
f 2240 2392 2275 
f 1980 2275 2392 
f 462 1710 2322 
f 993 699 127 
f 1955 1707 1672 
f 2293 2043 1065 
f 2385 1065 2043 
f 1530 2310 1415 
f 2248 1415 2310 
f 1685 1227 2409 
f 2273 2409 1227 
f 709 57 1480 
f 1836 2309 139 
f 454 2013 2428 
f 110 2225 276 
f 2415 343 2381 
f 1482 366 1718 
f 2416 130 2211 
f 1463 2211 130 
f 2272 2417 2200 
f 2123 2200 2417 
f 2245 1291 1665 
f 434 1665 1291 
f 232 2394 692 
f 1427 692 2394 
f 2490 424 735 
f 762 1655 2108 
f 2442 162 926 
f 2441 2429 101 
f 710 2117 1631 
f 1103 1897 1533 
f 2233 1241 1409 
f 2118 1622 528 
f 2448 2143 1085 
f 2476 1067 352 
f 1213 2430 2358 
f 2499 2358 2430 
f 2469 734 726 
f 964 138 2252 
f 1700 2431 1775 
f 1066 1775 2431 
f 953 121 1411 
f 1557 289 1525 
f 2401 1439 2432 
f 1840 2172 2363 
f 1817 2163 1236 
f 170 2363 2171 
f 1086 220 2103 
f 745 974 2374 
f 41 2412 1945 
f 853 1232 1371 
f 1124 676 679 
f 2132 2193 2194 
f 752 2433 1842 
f 439 1842 2433 
f 194 625 2434 
f 1252 1277 2336 
f 218 2336 1277 
f 866 1047 2003 
f 1991 615 2034 
f 2332 496 2147 
f 602 364 1183 
f 2473 2339 1305 
f 727 1223 1438 
f 1784 1920 1219 
f 1670 337 3 
f 2438 1733 1841 
f 990 2363 1545 
f 170 1545 2363 
f 317 800 1708 
f 287 1708 800 
f 144 388 2205 
f 2420 2205 388 
f 2445 1766 1731 
f 2333 1731 1766 
f 2157 202 2435 
f 270 2435 202 
f 2440 24 85 
f 521 1586 1938 
f 2311 541 1448 
f 2037 849 2436 
f 1022 1459 1882 
f 2449 328 992 
f 966 1763 385 
f 1729 385 1763 
f 1586 2155 1907 
f 1061 1958 2437 
f 1841 2437 1958 
f 1899 2348 341 
f 2334 2157 1558 
f 1399 165 2308 
f 521 2016 206 
f 1315 687 724 
f 2463 2439 1211 
f 2350 1211 2439 
f 2039 2199 1003 
f 2046 503 2209 
f 2483 417 1933 
f 152 2440 85 
f 2419 1366 621 
f 1372 2389 1432 
f 2138 503 1329 
f 296 1380 2441 
f 1260 2441 1380 
f 1053 2442 614 
f 684 2443 2008 
f 1679 2008 2443 
f 839 66 140 
f 2324 140 66 
f 2216 1198 2378 
f 1573 1514 2444 
f 2388 1895 1793 
f 1505 151 1517 
f 508 2090 1692 
f 2251 1575 1410 
f 1924 1410 1575 
f 432 2445 1973 
f 458 1973 2445 
f 2134 983 2181 
f 2253 409 969 
f 2239 969 409 
f 700 1576 1356 
f 1837 1356 1576 
f 975 597 1454 
f 2229 258 490 
f 2210 1768 2447 
f 237 2448 1085 
f 1395 1748 303 
f 1745 1370 1273 
f 2421 2240 2275 
f 1628 2102 146 
f 1333 1301 772 
f 871 1332 2325 
f 2397 2325 1332 
f 2441 100 296 
f 1495 2038 1399 
f 1331 24 2440 
f 102 248 2449 
f 1515 1542 2444 
f 52 2444 1542 
f 1996 2425 1742 
f 339 1192 2274 
f 2159 798 1072 
f 876 142 1544 
f 1642 1544 142 
f 2326 818 1887 
f 2376 475 1707 
f 2477 348 622 
f 1317 1177 285 
f 1681 285 1177 
f 933 2450 1772 
f 2483 1041 2368 
f 2501 565 189 
f 1434 802 1995 
f 435 1176 1563 
f 1350 844 2452 
f 2372 2110 1826 
f 873 1146 547 
f 469 1201 2189 
f 1618 2129 1827 
f 2069 1827 2129 
f 2050 2453 571 
f 1779 1238 268 
f 299 2397 1332 
f 2479 1379 2196 
f 582 2031 1923 
f 1258 783 792 
f 857 508 542 
f 1692 542 508 
f 1941 1704 332 
f 1613 771 878 
f 2236 2390 2187 
f 2061 2357 698 
f 1292 1764 873 
f 1745 1105 1370 
f 2474 1492 2455 
f 2237 1297 2136 
f 1923 1033 2411 
f 2092 903 1667 
f 733 1876 2258 
f 1359 1558 73 
f 2310 1434 1995 
f 962 1574 271 
f 787 2243 99 
f 417 478 713 
f 2469 2225 734 
f 164 714 781 
f 2407 1191 443 
f 2334 1663 240 
f 1460 142 369 
f 678 1149 393 
f 1285 2456 2237 
f 1341 880 1167 
f 580 743 449 
f 1828 255 2356 
f 2401 1605 1400 
f 700 2278 938 
f 1986 1776 2457 
f 1949 2458 797 
f 1231 2107 1011 
f 788 1339 1757 
f 2244 1757 1339 
f 635 897 2315 
f 2086 2459 1222 
f 1100 958 1215 
f 237 1085 2103 
f 2017 1472 2460 
f 46 1648 1381 
f 2471 2461 893 
f 941 893 2461 
f 2233 2226 1241 
f 723 1241 2226 
f 48 1034 616 
f 949 1751 1151 
f 376 1151 1751 
f 1182 95 2281 
f 912 15 1002 
f 1360 1299 2330 
f 1167 2330 1299 
f 2414 383 155 
f 2331 155 383 
f 2091 2367 460 
f 2442 1053 1556 
f 1390 1523 385 
f 2485 1868 2399 
f 205 2399 1868 
f 1745 1273 2404 
f 1182 2281 480 
f 670 480 2281 
f 1289 1349 191 
f 913 1266 737 
f 2450 2463 2377 
f 2115 130 2416 
f 1755 2306 1967 
f 1754 297 1254 
f 1187 176 1773 
f 1275 255 1828 
f 1107 368 1856 
f 1739 1588 2146 
f 1982 1790 749 
f 1363 749 1790 
f 2297 2404 1602 
f 1337 251 2460 
f 2248 1713 2386 
f 2468 1581 2466 
f 1789 2353 371 
f 2105 2402 245 
f 1030 2409 2273 
f 284 2068 309 
f 1181 2221 1004 
f 1391 2053 1139 
f 1811 1139 2053 
f 1885 295 1496 
f 2317 1101 911 
f 2423 483 1944 
f 1385 2236 708 
f 2335 1596 1819 
f 145 1819 1596 
f 2451 1078 2065 
f 2100 995 1857 
f 2399 2169 610 
f 2420 1412 652 
f 952 1890 793 
f 1732 634 2198 
f 2223 2165 1955 
f 524 247 102 
f 2466 2027 2468 
f 1700 702 2078 
f 2313 1803 2251 
f 1236 2437 1817 
f 1841 1817 2437 
f 686 1362 2308 
f 2225 2469 1501 
f 684 2008 1571 
f 885 249 1149 
f 1254 753 1754 
f 486 536 1709 
f 2113 2122 1106 
f 319 1319 922 
f 74 1081 1066 
f 205 1345 1457 
f 2034 1034 1986 
f 2370 1902 2167 
f 1884 306 1787 
f 1902 1787 306 
f 2502 1287 381 
f 1917 2265 2361 
f 1628 1613 2102 
f 1000 1502 2075 
f 2469 2075 1502 
f 2047 1541 2456 
f 1393 86 924 
f 2461 2304 941 
f 986 99 694 
f 2151 1975 2472 
f 2475 1063 2383 
f 1508 745 1724 
f 414 1500 920 
f 863 1814 1827 
f 337 1670 504 
f 830 2344 1363 
f 209 2371 2329 
f 1690 2329 2371 
f 2106 1011 1659 
f 1884 746 307 
f 718 307 746 
f 1399 362 165 
f 1178 569 175 
f 846 175 569 
f 802 997 1696 
f 868 1852 1765 
f 1338 1639 1636 
f 2076 1065 2385 
f 2104 386 100 
f 2451 2065 2362 
f 116 897 137 
f 775 2115 2416 
f 1735 2427 494 
f 2268 315 2242 
f 2345 1759 265 
f 2257 937 1721 
f 2473 1305 1777 
f 1735 1939 1587 
f 981 2232 2206 
f 1742 426 1996 
f 2245 268 1237 
f 2262 1699 697 
f 651 762 2108 
f 2384 2328 492 
f 1683 895 68 
f 514 2238 2137 
f 1381 1850 1305 
f 801 660 491 
f 1706 1171 1948 
f 1695 2030 1930 
f 2377 1677 2450 
f 2003 1720 866 
f 507 2024 1785 
f 1080 688 1928 
f 2329 1197 2396 
f 1679 453 2428 
f 2351 1715 1388 
f 2287 2069 2129 
f 1068 2398 2473 
f 1285 2237 2135 
f 1891 681 1530 
f 611 589 2291 
f 1911 2291 589 
f 1629 213 1464 
f 2383 1265 2475 
f 2493 1589 777 
f 917 1310 964 
f 228 462 2322 
f 2313 2251 1905 
f 1675 2245 1665 
f 496 2015 1536 
f 946 1892 301 
f 413 919 996 
f 1442 1331 2440 
f 1855 1392 2276 
f 1164 271 1575 
f 2356 1680 593 
f 847 593 1680 
f 373 903 2092 
f 2492 659 1404 
f 2416 2211 2230 
f 348 2477 316 
f 2139 604 2347 
f 2176 2418 2341 
f 26 1309 2220 
f 1317 1184 861 
f 2402 2105 1110 
f 1611 1044 1892 
f 1546 455 1990 
f 2472 2105 245 
f 1277 2352 218 
f 2355 218 2352 
f 2009 2111 892 
f 2235 892 2111 
f 2362 1510 2451 
f 2025 1303 375 
f 2439 2410 2350 
f 1299 1959 1167 
f 2 1167 1959 
f 1561 1035 47 
f 150 2151 2472 
f 780 1355 93 
f 2190 1757 2244 
f 2323 620 1417 
f 28 789 2320 
f 1122 1308 706 
f 1196 2410 2403 
f 2439 2403 2410 
f 1918 411 1723 
f 1934 1639 1338 
f 1993 2418 2176 
f 1982 2234 1376 
f 1195 2019 1548 
f 1541 2047 167 
f 2338 1656 484 
f 2180 1644 1829 
f 1911 1829 1644 
f 1104 1951 2201 
f 2076 2385 75 
f 1082 75 2385 
f 33 86 32 
f 1393 32 86 
f 1870 2082 1189 
f 573 2184 1112 
f 2443 453 1679 
f 2139 1867 604 
f 1804 826 1788 
f 2364 1271 1840 
f 2156 1640 2430 
f 2499 2430 1640 
f 2403 2439 2478 
f 2463 2478 2439 
f 159 1806 1577 
f 1280 1577 1806 
f 933 2478 2450 
f 2463 2450 2478 
f 823 758 2052 
f 1325 2011 1352 
f 1018 2267 1210 
f 2209 2002 2046 
f 1081 879 2359 
f 2456 1285 2047 
f 2461 918 2304 
f 2498 401 2214 
f 266 1793 2344 
f 2095 2 1959 
f 2128 2470 1660 
f 1634 444 1134 
f 1730 2321 2021 
f 2389 2282 2449 
f 102 2449 2282 
f 2216 318 2046 
f 2307 1354 55 
f 2459 2378 1199 
f 61 654 2348 
f 2460 252 2017 
f 1293 874 896 
f 2315 896 874 
f 238 1038 2359 
f 1012 2106 1276 
f 1386 1374 2390 
f 2446 2390 1374 
f 1702 256 440 
f 2497 20 1382 
f 1379 2479 425 
f 440 425 2479 
f 2272 1846 2417 
f 1715 2417 1846 
f 629 1609 1913 
f 159 250 219 
f 2305 1926 403 
f 2441 1260 2429 
f 388 1412 2420 
f 2476 1550 1068 
f 377 2453 2219 
f 1602 435 2297 
f 1563 2297 435 
f 1452 517 888 
f 2496 1825 2480 
f 1568 1559 1084 
f 952 1774 1890 
f 2466 1869 549 
f 2477 549 1869 
f 537 532 2301 
f 1594 363 2295 
f 455 1546 1136 
f 446 1687 1394 
f 1322 2448 185 
f 236 185 2448 
f 1524 966 385 
f 1356 1248 2164 
f 1316 1755 2063 
f 1366 2419 1228 
f 1833 1294 2163 
f 1139 778 1391 
f 1716 2405 585 
f 1495 1399 1247 
f 1006 1954 820 
f 2487 1346 741 
f 2337 943 1583 
f 1992 227 644 
f 2430 1213 23 
f 1589 1527 44 
f 1823 1824 425 
f 2381 2408 423 
f 2136 1298 5 
f 2435 270 2318 
f 2279 1077 1782 
f 2375 1455 1472 
f 450 444 1634 
f 51 1572 2444 
f 2170 1555 1908 
f 1028 1908 1555 
f 2498 2214 934 
f 2001 112 1468 
f 2342 1848 2406 
f 2177 2406 1848 
f 2467 1679 2428 
f 1546 1421 1089 
f 167 1988 2212 
f 2447 2212 1988 
f 2467 2428 1141 
f 2371 1784 1690 
f 574 2455 2054 
f 2455 574 2474 
f 2088 939 2288 
f 1537 953 2076 
f 2434 432 194 
f 948 1567 2481 
f 1071 1137 1900 
f 1473 1563 1092 
f 140 152 839 
f 85 839 152 
f 311 172 1024 
f 1398 109 50 
f 1719 1592 2141 
f 2203 287 2057 
f 1941 352 1441 
f 1657 1457 1494 
f 1149 1520 885 
f 1609 629 1451 
f 2168 1429 1595 
f 2121 2029 2470 
f 1026 1885 1496 
f 1427 2405 1716 
f 2437 1932 1061 
f 1505 742 2055 
f 59 138 1208 
f 2074 725 2482 
f 2465 1402 852 
f 12 2453 377 
f 256 1702 2356 
f 2491 2483 2368 
f 1600 2317 2027 
f 500 2345 474 
f 1707 1955 2166 
f 732 1762 2048 
f 932 2048 1762 
f 2296 501 1348 
f 837 390 576 
f 905 2138 1329 
f 1700 1987 702 
f 2112 648 280 
f 2354 1596 2335 
f 1145 1625 696 
f 1712 2247 1999 
f 982 485 2007 
f 1987 1700 1775 
f 2175 357 1121 
f 2462 128 827 
f 2128 2121 2470 
f 2380 1661 2261 
f 190 2255 1147 
f 2027 2466 549 
f 110 276 739 
f 1936 450 1973 
f 2022 1814 863 
f 2489 2484 2384 
f 2328 2384 2484 
f 1993 2176 78 
f 2414 554 2174 
f 2140 2133 1736 
f 2100 153 1633 
f 2151 2485 2399 
f 350 1820 1069 
f 1542 1515 1369 
f 1738 840 134 
f 2055 741 1868 
f 1391 2292 2054 
f 1922 2183 2486 
f 979 2486 2183 
f 1972 902 1061 
f 1745 2404 889 
f 2297 889 2404 
f 666 380 1256 
f 1572 2156 1331 
f 2424 555 758 
f 984 1699 2262 
f 2500 2221 1489 
f 2418 1993 645 
f 1023 533 433 
f 2011 1325 1249 
f 1453 994 2309 
f 1796 2028 845 
f 239 880 1968 
f 2499 596 1720 
f 759 748 1409 
f 1764 1292 970 
f 426 1742 188 
f 1703 226 331 
f 2117 711 1243 
f 209 2329 2396 
f 596 1639 1934 
f 2306 1574 962 
f 1828 941 1275 
f 2312 864 2143 
f 960 1626 1858 
f 530 1193 1133 
f 2294 1163 2464 
f 969 2239 1966 
f 2311 1358 541 
f 16 1383 685 
f 2079 459 578 
f 1449 578 459 
f 951 1071 1025 
f 540 2336 885 
f 249 885 2336 
f 2413 361 603 
f 2371 1919 1784 
f 1084 1914 1568 
f 2326 1420 310 
f 1443 121 953 
f 1707 2166 602 
f 343 2415 1865 
f 2094 1905 834 
f 525 341 773 
f 1652 2203 2057 
f 1820 349 1025 
f 1687 446 1658 
f 1416 1921 2165 
f 1722 1779 268 
f 2486 1013 1922 
f 2488 971 1292 
f 230 783 1259 
f 709 1480 469 
f 1600 2027 549 
f 1877 1302 394 
f 2149 380 1378 
f 1079 2141 688 
f 676 2373 680 
f 1812 2488 1162 
f 1717 543 1554 
f 2152 2177 1848 
f 2007 2056 982 
f 965 1059 1795 
f 1610 2372 1826 
f 1513 2482 2298 
f 1450 207 967 
f 814 867 2314 
f 167 2212 1541 
f 746 734 718 
f 321 424 2490 
f 2140 2452 2133 
f 2496 2480 1023 
f 632 1394 923 
f 1701 1953 795 
f 2500 1099 2221 
f 354 1377 1895 
f 324 763 2343 
f 1760 2218 2049 
f 1669 1937 2463 
f 2495 2492 2045 
f 2391 2045 2492 
f 2436 1752 242 
f 563 146 1838 
f 2422 215 2066 
f 2484 2489 1873 
f 679 1873 2489 
f 2208 166 1421 
f 823 2424 758 
f 154 1013 2486 
f 2431 121 1443 
f 549 2477 623 
f 2468 1796 2494 
f 1854 1056 1813 
f 863 72 2022 
f 83 2491 2300 
f 2202 2280 1810 
f 1909 2152 1848 
f 1486 373 2092 
f 2034 2457 1991 
f 1903 2495 254 
f 1812 1348 2488 
f 2336 540 1252 
f 6 1286 2135 
f 379 1825 2496 
f 1465 500 474 
f 1977 1044 1611 
f 1535 1497 1509 
f 918 2461 2303 
f 2471 2303 2461 
f 2496 1023 378 
f 702 1035 1251 
f 1341 1167 2 
f 680 2370 2167 
f 1317 285 1184 
f 1587 2427 1735 
f 1114 1830 1844 
f 2494 1581 2468 
f 1416 859 1921 
f 2435 2318 1418 
f 2048 1756 1316 
f 6 1915 1214 
f 2028 1796 2468 
f 1669 2463 1211 
f 2400 119 1867 
f 446 1394 632 
f 1951 899 808 
f 2369 2200 2123 
f 786 2010 2093 
f 2378 319 2216 
f 461 144 2205 
f 2259 2120 1504 
f 2487 1504 2120 
f 1696 1224 802 
f 1464 1296 2178 
f 2490 1099 321 
f 1751 589 376 
f 2342 786 1848 
f 1352 1620 1325 
f 2479 1643 2180 
f 2015 496 2332 
f 2386 1415 2248 
f 2387 1819 2367 
f 1262 1135 2458 
f 768 619 2302 
f 1970 2365 42 
f 837 576 2249 
f 783 230 445 
f 2499 1639 596 
f 997 1239 2290 
f 2149 462 228 
f 1403 2391 2492 
f 1839 1965 1694 
f 457 1783 1630 
f 803 2024 395 
f 2236 1385 2390 
f 1184 284 309 
f 2299 2482 1200 
f 1486 2092 1042 
f 883 544 1042 
f 2354 768 1596 
f 2302 1596 768 
f 1084 2086 1222 
f 2431 1443 1066 
f 790 751 2494 
f 1079 2358 2499 
f 100 2292 2104 
f 1338 1476 1934 
f 1719 2141 1079 
f 1217 48 616 
f 2069 2287 862 
f 1823 994 1453 
f 1615 1604 73 
f 943 2337 115 
f 2157 2334 240 
f 1124 1706 1948 
f 878 770 501 
f 1655 762 869 
f 2075 2469 726 
f 153 2101 1143 
f 12 612 572 
f 121 2431 261 
f 2502 380 2149 
f 2052 1468 823 
f 1497 1466 2319 
f 1262 456 1136 
f 223 761 482 
f 1323 896 116 
f 1336 1905 2094 
f 1839 2020 1888 
f 1458 2273 1227 
f 1805 2313 2231 
f 2443 590 453 
f 1867 2139 2400 
f 1572 1637 2156 
f 1640 2156 1637 
f 790 2393 751 
f 805 232 2493 
f 1573 1442 1143 
f 174 1365 808 
f 723 2084 1241 
f 2168 1595 1131 
f 1897 1268 796 
f 2493 1961 805 
f 1628 146 591 
f 2321 1730 2170 
f 1569 1914 909 
f 1196 1583 2410 
f 749 2234 1982 
f 2053 2126 1811 
f 66 839 40 
f 2432 806 2400 
f 1414 2386 1088 
f 1420 1887 1089 
f 2349 761 223 
f 60 158 1577 
f 1194 291 1387 
f 2501 189 599 
f 498 2208 1421 
f 2276 2115 775 
f 1797 790 2494 
f 1843 1012 451 
f 2502 228 1287 
f 2312 2143 2448 
f 1031 565 2501 
f 1113 502 1619 
f 2009 892 2093 
f 1192 339 216 
f 1764 2328 2484 
f 1441 1704 1941 
f 1635 721 1579 
f 979 154 2486 
f 2210 2447 539 
f 2448 1322 2312 
f 1863 629 1913 
f 2108 214 651 
f 2055 1868 2485 
f 2019 1194 1387 
f 2169 2399 205 
f 2183 1922 2411 
f 1992 332 227 
f 2193 2132 2260 
f 157 636 128 
f 1012 1843 269 
f 2398 1866 1278 
f 16 411 1918 
f 1998 1543 1226 
f 2197 2338 484 
f 2491 1580 2483 
f 2457 2034 1986 
f 411 16 685 
f 2114 1620 1352 
f 2174 383 2414 
f 1428 1525 2289 
f 1984 412 497 
f 509 2382 157 
f 1807 934 452 
f 2155 1586 521 
f 1131 1361 2168 
f 1870 2166 2082 
f 2184 573 1949 
f 2113 1106 2254 
f 1527 1589 1474 
f 1712 900 1565 
f 2010 786 2342 
f 151 1505 2055 
f 2405 1428 2289 
f 1661 2380 791 
f 2023 1877 394 
f 1286 6 1214 
f 1353 2500 1489 
f 1631 1676 710 
f 1942 1993 78 
f 573 1112 1488 
f 221 1163 2294 
f 1442 1573 1331 
f 704 1250 1324 
f 1451 127 672 
f 2162 2204 1833 
f 2270 2 2095 
f 322 815 1896 
f 659 2492 2495 
f 555 2424 2465 
f 1574 2306 1756 
f 1420 2326 1887 
f 1961 2493 777 
f 1611 1760 2083 
f 2049 2083 1760 
f 2182 2311 1448 
f 2395 1314 1641 
f 2389 2449 992 
f 1998 1102 1543 
f 936 1959 1299 
f 338 63 1641 
f 2454 322 1087 
f 2480 1835 1022 
f 2495 2179 659 
f 1695 1623 2030 
f 2222 359 1809 
f 1382 764 2497 
f 1792 894 691 
f 2305 1604 1926 
f 857 1215 365 
f 474 921 1465 
f 1417 972 2323 
f 827 1074 2462 
f 2487 742 1505 
f 1965 1839 1889 
f 1804 1788 2366 
f 636 776 1798 
f 2126 2053 2455 
f 881 211 2172 
f 1430 1158 335 
f 1938 2016 521 
f 2349 1191 761 
f 356 1669 1211 
f 2502 2149 228 
f 686 2208 497 
f 1810 1778 2202 
f 2113 69 2382 
f 1526 2394 232 
f 2303 1310 917 
f 150 2485 2151 
f 2228 1794 291 
f 266 1229 1794 
f 75 1537 2076 
f 1598 1032 107 
f 1964 1058 2067 
f 2001 1940 2000 
f 152 140 1633 
