#  wavefront obj file written by the visualization toolkit

mtllib spleen.mtl

v 275.32598876953125 240.4499969482422 158.093994140625
v 272.5880126953125 240.2740020751953 161.0590057373047
v 271.79901123046875 265.5220031738281 172.30999755859375
v 272.52099609375 262.7980041503906 172.2209930419922
v 260.9729919433594 282.34600830078125 167.36700439453125
v 265.7409973144531 282.5870056152344 167.28500366210938
v 305.2699890136719 253.7429962158203 159.08700561523438
v 307.114990234375 252.95199584960938 158.60499572753906
v 280.8919982910156 303.43798828125 133.51800537109375
v 284.1419982910156 304.156005859375 131.06100463867188
v 277.4880065917969 298.5090026855469 130.50799560546875
v 277.9209899902344 300.75 131.55999755859375
v 249.49600219726562 270.9100036621094 147.88400268554688
v 251.51100158691406 275.4849853515625 146.96499633789062
v 327.510009765625 214.2740020751953 124.65799713134766
v 326.9460144042969 211.34500122070312 123.59700012207031
v 298.2799987792969 229.46800231933594 138.0030059814453
v 298.239990234375 233.58099365234375 135.63699340820312
v 300.86700439453125 246.3459930419922 128.15699768066406
v 300.58599853515625 248.04600524902344 126.41899871826172
v 323.6830139160156 236.71299743652344 142.2050018310547
v 320.8890075683594 236.406005859375 147.0540008544922
v 297.4809875488281 295.7139892578125 107.5
v 300.1470031738281 294.8110046386719 107.3949966430664
v 248.32200622558594 235.8699951171875 166.41600036621094
v 251.42300415039062 236.7169952392578 166.2259979248047
v 257.81201171875 266.5270080566406 130.9709930419922
v 258.48199462890625 270.1820068359375 130.98800659179688
v 308.2439880371094 292.6610107421875 116.4219970703125
v 309.64801025390625 291.03399658203125 115.5459976196289
v 268.468994140625 279.3659973144531 125.83200073242188
v 271.7179870605469 280.8890075683594 124.02400207519531
v 300.8609924316406 253.75599670410156 113.73500061035156
v 300.8999938964844 256.239990234375 110.85800170898438
v 260.90399169921875 233.62600708007812 171.83799743652344
v 260.9320068359375 233.5679931640625 173.40699768066406
v 228.6199951171875 244.4550018310547 162.2899932861328
v 229.54800415039062 246.48199462890625 161.99000549316406
v 292.1679992675781 294.6650085449219 108.62899780273438
v 293.7250061035156 293.9729919433594 107.43599700927734
v 239.86900329589844 256.97698974609375 144.10899353027344
v 241.0330047607422 258.30999755859375 141.80099487304688
v 242.20799255371094 238.52000427246094 183.48599243164062
v 244.10699462890625 235.03199768066406 181.81900024414062
v 307.5299987792969 244.25100708007812 117.80400085449219
v 308.22900390625 245.552001953125 114.7969970703125
v 243.2220001220703 265.614013671875 166.4239959716797
v 244.60800170898438 268.6109924316406 166.96299743652344
v 327.8240051269531 219.78500366210938 111.55799865722656
v 327.572998046875 217.02499389648438 113.4749984741211
v 286.2130126953125 238.38800048828125 153.22000122070312
v 283.47601318359375 238.76499938964844 155.04200744628906
v 295.76800537109375 297.7640075683594 138.6739959716797
v 298.5639953613281 297.0929870605469 135.9499969482422
v 262.0950012207031 292.489990234375 153.29600524902344
v 261.91400146484375 292.4570007324219 149.2480010986328
v 327.5830078125 215.4029998779297 128.91200256347656
v 326.3529968261719 213.656005859375 132.42999267578125
v 255.00900268554688 276.9530029296875 137.9340057373047
v 257.41900634765625 280.8550109863281 137.5679931640625
v 301.8949890136719 281.2200012207031 151.8300018310547
v 304.38800048828125 281.9230041503906 149.5500030517578
v 287.03399658203125 299.0419921875 114.29399871826172
v 287.6969909667969 301.02801513671875 114.88400268554688
v 305.177001953125 240.7239990234375 160.97500610351562
v 306.25299072265625 237.6060028076172 159.4149932861328
v 316.7560119628906 245.10800170898438 101.61499786376953
v 317.7279968261719 245.6020050048828 100.86699676513672
v 307.4800109863281 235.93899536132812 158.3040008544922
v 309.6449890136719 238.41600036621094 157.7259979248047
v 263.2439880371094 274.9949951171875 128.6230010986328
v 266.9620056152344 275.3900146484375 125.80999755859375
v 315.5260009765625 216.718994140625 112.94100189208984
v 316.2030029296875 217.8979949951172 109.71700286865234
v 317.7560119628906 250.20799255371094 97.73139953613281
v 317.864990234375 249.07000732421875 98.14340209960938
v 318.7619934082031 250.21800231933594 97.6980972290039
v 323.5830078125 208.5760040283203 133.33700561523438
v 323.7850036621094 207.53399658203125 131.66700744628906
v 318.96600341796875 248.8990020751953 98.05079650878906
v 241.19000244140625 263.2430114746094 166.76199340820312
v 320.4540100097656 248.99200439453125 98.06210327148438
v 327.7250061035156 241.64700317382812 107.7040023803711
v 328.0369873046875 236.82699584960938 108.40799713134766
v 300.2139892578125 265.5400085449219 106.24400329589844
v 303.83099365234375 264.385009765625 104.5790023803711
v 315.64599609375 283.4570007324219 117.16799926757812
v 315.072998046875 283.37298583984375 113.13500213623047
v 320.135986328125 250.23899841308594 97.73429870605469
v 253.81700134277344 283.2030029296875 152.0229949951172
v 255.9770050048828 285.47698974609375 150.18099975585938
v 321.83099365234375 249.41600036621094 98.50240325927734
v 266.7120056152344 262.66900634765625 174.71600341796875
v 266.81500244140625 262.0530090332031 173.94500732421875
v 277.4150085449219 287.8529968261719 160.0919952392578
v 281.23699951171875 286.9330139160156 159.10299682617188
v 290.06298828125 233.4499969482422 152.73899841308594
v 287.97601318359375 236.30299377441406 153.8719940185547
v 261.3429870605469 289.38299560546875 159.03700256347656
v 258.3590087890625 287.3909912109375 160.052001953125
v 311.385009765625 226.12899780273438 158.07699584960938
v 311.9440002441406 224.2969970703125 157.35699462890625
v 297.3269958496094 295.9259948730469 140.26499938964844
v 295.6470031738281 294.7099914550781 144.08099365234375
v 296.4830017089844 259.3819885253906 162.66099548339844
v 292.8320007324219 260.3869934082031 163.50900268554688
v 303.97900390625 268.5480041503906 155.55599975585938
v 304.11199951171875 263.2909851074219 157.1300048828125
v 298.197998046875 256.9530029296875 111.3290023803711
v 298.7080078125 255.14700317382812 112.98600006103516
v 315.9930114746094 249.4409942626953 98.4990005493164
v 316.8399963378906 250.7259979248047 97.78739929199219
v 292.5090026855469 291.9309997558594 107.80599975585938
v 293.7659912109375 289.95098876953125 106.66500091552734
v 303.6570129394531 244.21600341796875 161.62600708007812
v 237.75100708007812 249.6219940185547 151.8489990234375
v 237.16900634765625 252.7429962158203 150.77699279785156
v 311.364990234375 288.72698974609375 114.15599822998047
v 313.2130126953125 286.1679992675781 113.43299865722656
v 303.0069885253906 224.1510009765625 150.8260040283203
v 302.5780029296875 225.05299377441406 152.7169952392578
v 318.6830139160156 225.03799438476562 105.49199676513672
v 320.9930114746094 226.84800720214844 104.33200073242188
v 316.6409912109375 210.3520050048828 136.97300720214844
v 314.2149963378906 211.8730010986328 137.08399963378906
v 321.0480041503906 229.62399291992188 104.51799774169922
v 280.10400390625 250.16099548339844 166.88600158691406
v 278.07000732421875 249.7050018310547 168.13400268554688
v 325.87799072265625 259.2820129394531 107.10900115966797
v 326.5790100097656 259.27301025390625 110.49400329589844
v 316.9960021972656 249.54400634765625 98.09510040283203
v 284.50299072265625 234.6219940185547 165.1230010986328
v 282.8299865722656 234.3209991455078 164.0019989013672
v 290.052001953125 249.9949951171875 130.23500061035156
v 290.3739929199219 251.38099670410156 126.4749984741211
v 318.75201416015625 229.76499938964844 106.06600189208984
v 318.1619873046875 232.73699951171875 106.60199737548828
v 263.03399658203125 242.7429962158203 160.93099975585938
v 261.7309875488281 242.07400512695312 162.42100524902344
v 266.7380065917969 260.5060119628906 174.71800231933594
v 266.64599609375 258.16400146484375 175.0800018310547
v 322.9320068359375 214.0919952392578 106.64099884033203
v 321.593994140625 212.63699340820312 107.2249984741211
v 322.3370056152344 224.55799865722656 104.08899688720703
v 323.9389953613281 226.85400390625 104.23200225830078
v 287.4209899902344 242.1529998779297 138.531005859375
v 284.9649963378906 245.0229949951172 140.00399780273438
v 320.44500732421875 231.86199951171875 104.95899963378906
v 322.92498779296875 231.83900451660156 104.19000244140625
v 297.04400634765625 301.0450134277344 124.1240005493164
v 300.7590026855469 299.02301025390625 122.56999969482422
v 320.9200134277344 214.32899475097656 106.53600311279297
v 322.5429992675781 216.29100036621094 105.57499694824219
v 303.5849914550781 257.3890075683594 158.7740020751953
v 303.84698486328125 253.2530059814453 160.031005859375
v 289.8320007324219 290.0360107421875 111.06900024414062
v 287.5899963378906 292.02801513671875 113.9520034790039
v 270.5870056152344 268.5260009765625 172.33099365234375
v 269.7929992675781 265.1300048828125 172.78199768066406
v 315.468994140625 250.47500610351562 98.30509948730469
v 291.1419982910156 262.1700134277344 111.80999755859375
v 294.8219909667969 261.625 110.44300079345703
v 316.30499267578125 251.4290008544922 97.76930236816406
v 325.34100341796875 231.4429931640625 104.84300231933594
v 314.8280029296875 224.46099853515625 113.77300262451172
v 314.7279968261719 228.0679931640625 113.38700103759766
v 260.9020080566406 291.0260009765625 155.11399841308594
v 264.510009765625 291.5509948730469 157.2310028076172
v 284.5989990234375 235.42799377441406 166.1959991455078
v 249.50599670410156 228.4739990234375 172.70700073242188
v 247.90699768066406 229.07400512695312 171.41099548339844
v 323.0769958496094 251.5989990234375 137.30299377441406
v 324.6319885253906 245.73500061035156 137.01199340820312
v 322.8269958496094 258.2149963378906 100.8550033569336
v 323.0360107421875 256.468994140625 100.25399780273438
v 275.9729919433594 271.7449951171875 168.9029998779297
v 275.2380065917969 266.5669860839844 169.4459991455078
v 318.3840026855469 251.51800537109375 97.60679626464844
v 319.9620056152344 251.7209930419922 97.64779663085938
v 314.7030029296875 242.37399291992188 108.51300048828125
v 314.7070007324219 240.3470001220703 109.64099884033203
v 326.2170104980469 207.86700439453125 125.52799987792969
v 325.8590087890625 207.5050048828125 122.9010009765625
v 319.3940124511719 274.3080139160156 108.5260009765625
v 319.8940124511719 275.8999938964844 112.47599792480469
v 321 208.76100158691406 137.7790069580078
v 319.2200012207031 209.41900634765625 134.1479949951172
v 271.1520080566406 296.6090087890625 151.8719940185547
v 271.1520080566406 298.3479919433594 148.28199768066406
v 272.6210021972656 300.0740051269531 141.25599670410156
v 275.30499267578125 301.4939880371094 140.7030029296875
v 316.60101318359375 220.71200561523438 108.50900268554688
v 315.5979919433594 222.43099975585938 110.87300109863281
v 303.92401123046875 296.72601318359375 120.18000030517578
v 304.9280090332031 295.5350036621094 125.29399871826172
v 321.2850036621094 251.4739990234375 97.94210052490234
v 293.9549865722656 234.22900390625 139.26699829101562
v 296.260986328125 234.13800048828125 137.88299560546875
v 265.54400634765625 266.0849914550781 174.56700134277344
v 265.21099853515625 265.3299865722656 176.99400329589844
v 325.9599914550781 262.7349853515625 113.33100128173828
v 325.114990234375 266.3869934082031 115.51899719238281
v 283.760009765625 254.11199951171875 133.48800659179688
v 283.35198974609375 254.64500427246094 135.88099670410156
v 318.04400634765625 215.56199645996094 150.05999755859375
v 316.2149963378906 216.65699768066406 151.78399658203125
v 315.4840087890625 251.91000366210938 98.16230010986328
v 247.6269989013672 229.1199951171875 178.3419952392578
v 248.55499267578125 231.32899475097656 179.23699951171875
v 282.0320129394531 303.4360046386719 130.42799377441406
v 244.68499755859375 264.75201416015625 142.1840057373047
v 245.718994140625 264.2799987792969 140.843994140625
v 316.6059875488281 252.44700622558594 97.6958999633789
v 317.43499755859375 252.1300048828125 97.61289978027344
v 254.38299560546875 266.02801513671875 134.9739990234375
v 255.79400634765625 268.9590148925781 133.5970001220703
v 317.1090087890625 237.6790008544922 152.55999755859375
v 318.4930114746094 235.718994140625 150.51699829101562
v 255.0330047607422 230.34500122070312 174.75100708007812
v 254.4949951171875 230.7689971923828 175.74099731445312
v 242.1820068359375 262.47198486328125 143.31199645996094
v 244.14100646972656 262.7099914550781 140.88800048828125
v 231.61000061035156 237.41200256347656 179.35299682617188
v 229.1719970703125 238.4010009765625 177.17100524902344
v 299.197998046875 293.2489929199219 142.45199584960938
v 319.4150085449219 252.5229949951172 97.60649871826172
v 263.4070129394531 260.7760009765625 128.781005859375
v 261.5589904785156 262.302001953125 128.81700134277344
v 284.5260009765625 295.6610107421875 117.86900329589844
v 285.3999938964844 297.97698974609375 116.03399658203125
v 296.6050109863281 236.86199951171875 135.3939971923828
v 295.0220031738281 240.1269989013672 134.54299926757812
v 255.63699340820312 272.8240051269531 134.7969970703125
v 257.4620056152344 273.1059875488281 132.58200073242188
v 294.59100341796875 243.10400390625 133.58200073242188
v 252.07699584960938 272.9530029296875 171.94400024414062
v 254.36199951171875 275.9469909667969 171.0330047607422
v 255.93600463867188 284.3240051269531 147.47900390625
v 293 264.2929992675781 110.26000213623047
v 296.3089904785156 264.1789855957031 108.76899719238281
v 264.8760070800781 264.3680114746094 178.32000732421875
v 321.35198974609375 252.65499877929688 98.00180053710938
v 322.4570007324219 252.44500732421875 98.75350189208984
v 301.4280090332031 223.65899658203125 143.53399658203125
v 299.4129943847656 226.01100158691406 140.50599670410156
v 281.65399169921875 300.0379943847656 144.0469970703125
v 285.4389953613281 299.8760070800781 142.66799926757812
v 281.1400146484375 282.77398681640625 118.90899658203125
v 282.98699951171875 280.2619934082031 116.78399658203125
v 315.5830078125 253.3560028076172 98.10340118408203
v 316.7040100097656 253.88699340820312 97.73860168457031
v 317.92498779296875 253.59800720214844 97.61620330810547
v 314.4020080566406 239.28399658203125 155.28799438476562
v 253.94700622558594 253.0500030517578 147.5709991455078
v 256.072998046875 252.58599853515625 147.38400268554688
v 318.4779968261719 214.85499572753906 107.71600341796875
v 316.6369934082031 214.8939971923828 110.31300354003906
v 295.46600341796875 257.364990234375 162.77499389648438
v 298.0350036621094 254.42799377441406 162.36199951171875
v 227.17599487304688 228.61099243164062 169.73399353027344
v 228.552001953125 227.72300720214844 169.5229949951172
v 227.1490020751953 231.62399291992188 167.26100158691406
v 226.01699829101562 233.81700134277344 167.1300048828125
v 273.0480041503906 283.52301025390625 165.13299560546875
v 271.3349914550781 285.7850036621094 163.7519989013672
v 225.23199462890625 235.4080047607422 167.50399780273438
v 283.3059997558594 239.47500610351562 151.8780059814453
v 279.8999938964844 239.9949951171875 152.59100341796875
v 268.27301025390625 245.56300354003906 153.41700744628906
v 265.0740051269531 246.3040008544922 151.2740020751953
v 318.885986328125 253.0709991455078 97.60890197753906
v 241.7740020751953 244.08999633789062 156.61199951171875
v 238.2790069580078 241.99200439453125 159.3459930419922
v 258.4519958496094 288.7090148925781 157.20599365234375
v 322.47698974609375 269.1449890136719 108.96499633789062
v 323.4209899902344 265.83599853515625 107.54100036621094
v 300.5169982910156 283.74798583984375 103.06700134277344
v 300.9460144042969 281.29400634765625 102.99199676513672
v 260.77801513671875 251.9530029296875 181.49600219726562
v 258.0039978027344 253.30499267578125 182.38499450683594
v 306.3689880371094 248.4810028076172 114.08699798583984
v 262.572998046875 265.4429931640625 177.7729949951172
v 263.66900634765625 266.6619873046875 176.8679962158203
v 259.5889892578125 259.2439880371094 180.85499572753906
v 258.2619934082031 261.41900634765625 179.4949951171875
v 239.83299255371094 236.91200256347656 163.6320037841797
v 241.56900024414062 234.2469940185547 166.21200561523438
v 282.9169921875 234.28599548339844 165.99099731445312
v 283.0159912109375 235.2310028076172 166.85899353027344
v 296.52398681640625 254.3159942626953 117.17400360107422
v 294.8789978027344 255.00900268554688 116.03199768066406
v 313.04901123046875 245.35299682617188 104.32099914550781
v 313.8529968261719 246.25399780273438 102.0739974975586
v 299.5870056152344 234.02000427246094 163.48800659179688
v 298.0090026855469 232.8300018310547 163.8489990234375
v 294.3009948730469 228.8820037841797 157.0800018310547
v 291.96600341796875 231.07899475097656 154.43299865722656
v 267.79400634765625 255.31100463867188 173.3249969482422
v 268.0790100097656 257.5769958496094 172.9949951171875
v 265.6860046386719 238.85299682617188 164.6020050048828
v 265.364990234375 241.76499938964844 162.3719940185547
v 322.0010070800781 273.2799987792969 114.0270004272461
v 322.60101318359375 272.91900634765625 117.73200225830078
v 322.0249938964844 206.13600158691406 127.80699920654297
v 323.39801025390625 206.70899963378906 129.59500122070312
v 257.50299072265625 254.0469970703125 146.56900024414062
v 285.39898681640625 273.7829895019531 163.53900146484375
v 281.78900146484375 273.80999755859375 164.6230010986328
v 320.2099914550781 212.64300537109375 146.25900268554688
v 319.1050109863281 212.6529998779297 147.177001953125
v 302.1709899902344 288.1239929199219 103.84500122070312
v 299.6300048828125 286.031005859375 103.73699951171875
v 244.3520050048828 242.2899932861328 183.49200439453125
v 243.2949981689453 240.7530059814453 183.77499389648438
v 301.50201416015625 270.2850036621094 104.05999755859375
v 305.5710144042969 270.2460021972656 102.11100006103516
v 281.9620056152344 254.49200439453125 138.12899780273438
v 324.6440124511719 234.3730010986328 104.53299713134766
v 283.9729919433594 298.2760009765625 118.0739974975586
v 310.1289978027344 265.6189880371094 151.83999633789062
v 309.53900146484375 261.5169982910156 154.04800415039062
v 242.2050018310547 264.6419982910156 170.35499572753906
v 320.4729919433594 253.49899291992188 97.82879638671875
v 236.0590057373047 256.3529968261719 170.13299560546875
v 238.21400451660156 259.1189880371094 171.30299377441406
v 295.6659851074219 300.8190002441406 113.29299926757812
v 297.6090087890625 300.6239929199219 115.3290023803711
v 299.1700134277344 238.88999938964844 163.1909942626953
v 295.4590148925781 237.91799926757812 164.25900268554688
v 300.8580017089844 229.54100036621094 159.66799926757812
v 299.7229919433594 229.8699951171875 161.3820037841797
v 246.38999938964844 230.11300659179688 179.39700317382812
v 247.69500732421875 233.281005859375 180.28799438476562
v 325.9209899902344 211.7519989013672 113.50900268554688
v 324.9620056152344 210.02999877929688 114.05599975585938
v 303.5880126953125 233.91900634765625 128.23300170898438
v 301.40899658203125 235.99600219726562 130.54600524902344
v 269.43798828125 293.7820129394531 135.29800415039062
v 271.0849914550781 292.8009948730469 132.77099609375
v 265.2139892578125 289.68701171875 159.8560028076172
v 266.6619873046875 288.3940124511719 161.4949951171875
v 308.97198486328125 261.04901123046875 103.25599670410156
v 312.8290100097656 262.10101318359375 101.4020004272461
v 287.7860107421875 237.09500122070312 142.3990020751953
v 289.64599609375 235.61500549316406 140.32000732421875
v 315.9739990234375 254.90499877929688 98.1864013671875
v 291.00201416015625 285.0199890136719 109.99299621582031
v 292.2340087890625 288.77099609375 108.1050033569336
v 228.45599365234375 246.83900451660156 167.54600524902344
v 227.9409942626953 245.572998046875 164.30499267578125
v 284.4880065917969 250.16299438476562 166.28700256347656
v 282.4519958496094 248.10499572753906 166.6699981689453
v 315.07000732421875 220.20700073242188 113.87000274658203
v 326.885009765625 217.24099731445312 132.0989990234375
v 299.5010070800781 231.13900756835938 162.70799255371094
v 319.28399658203125 227.64300537109375 105.33200073242188
v 229.8090057373047 241.1929931640625 161.46200561523438
v 230.96200561523438 243.625 160.14300537109375
v 325.8789978027344 210.60499572753906 116.5459976196289
v 290.79901123046875 233.87600708007812 161.6959991455078
v 290.0780029296875 235.41600036621094 161.6790008544922
v 226.53900146484375 235.61599731445312 165.74600219726562
v 270.2149963378906 293.635986328125 155.80099487304688
v 274.3760070800781 292.6679992675781 156.4010009765625
v 268.14599609375 256.41400146484375 137.4759979248047
v 265.9119873046875 256.9739990234375 133.25599670410156
v 291.9490051269531 238.15899658203125 164.79400634765625
v 290.7080078125 240.99099731445312 165.9040069580078
v 254.427001953125 281.0570068359375 165.3249969482422
v 255.16799926757812 283.1499938964844 162.43099975585938
v 319.7149963378906 254.7689971923828 97.86620330810547
v 285.1579895019531 256.7850036621094 165.82000732421875
v 281.3900146484375 254.67100524902344 166.39999389648438
v 294.6629943847656 296.22601318359375 108.09500122070312
v 295.9960021972656 294.2239990234375 106.73100280761719
v 269.6780090332031 242.45799255371094 159.7480010986328
v 266.1990051269531 242.68499755859375 160.40699768066406
v 322.2439880371094 253.9600067138672 98.80509948730469
v 231.58099365234375 243.197998046875 179
v 231.24200439453125 244.85400390625 178.39500427246094
v 312.6520080566406 216.81399536132812 124.8030014038086
v 311.4620056152344 217.4810028076172 128.3090057373047
v 234.4029998779297 237.74400329589844 162.73300170898438
v 229.27499389648438 243.1699981689453 161.4429931640625
v 283.4259948730469 297.4930114746094 147.9739990234375
v 285.8869934082031 297.510009765625 146.79800415039062
v 314.13299560546875 276.99200439453125 138.35400390625
v 316.2590026855469 272.2969970703125 138.5500030517578
v 323.8139953613281 210.2689971923828 110.29000091552734
v 323.1570129394531 209.61199951171875 111.04199981689453
v 236.09500122070312 251.82400512695312 152.4029998779297
v 278.24200439453125 256.4700012207031 135.73699951171875
v 276.6470031738281 256.3869934082031 132.64100646972656
v 242.41200256347656 259.9670104980469 140.6230010986328
v 269.8219909667969 247.91900634765625 173.16099548339844
v 266.10198974609375 249.56900024414062 174.58599853515625
v 281.0929870605469 276.7799987792969 117.0250015258789
v 284.54400634765625 277.3160095214844 115.0989990234375
v 286.9179992675781 251.78799438476562 128.81700134277344
v 289.0840148925781 252.36199951171875 124.072998046875
v 267.3320007324219 243.9720001220703 157.49099731445312
v 318.4110107421875 255.1230010986328 97.67179870605469
v 307.1300048828125 255.86399841308594 157.6739959716797
v 314.3420104980469 252.7030029296875 98.9728012084961
v 285.5989990234375 239.61500549316406 149.35899353027344
v 284.5719909667969 241.50100708007812 145.4739990234375
v 293.09100341796875 249.2209930419922 164.39300537109375
v 295.3789978027344 246.11000061035156 164.4250030517578
v 300.67498779296875 298.8349914550781 115.10299682617188
v 303.00799560546875 297.50299072265625 117.12100219726562
v 321.7569885253906 255.13600158691406 98.85590362548828
v 287.093994140625 263.2950134277344 164.38999938964844
v 284.364990234375 264.9750061035156 165.177001953125
v 328.4729919433594 245.65199279785156 120.73799896240234
v 329.1029968261719 242.0570068359375 116.28199768066406
v 320.552001953125 255.11300659179688 141.26199340820312
v 323.2149963378906 254.75399780273438 135.7169952392578
v 229.51499938964844 238.83299255371094 162.46600341796875
v 229.57200622558594 237.02200317382812 163.27499389648438
v 263.3240051269531 263.02801513671875 127.27300262451172
v 265.1629943847656 264.38299560546875 125.82499694824219
v 230.77499389648438 231.16299438476562 178.09300231933594
v 228.70199584960938 229.73800659179688 176.1009979248047
v 317.4800109863281 255.4459991455078 97.72200012207031
v 318.9909973144531 245.57000732421875 101.2030029296875
v 319.89599609375 246.5240020751953 100.1500015258789
v 317.49700927734375 256.87701416015625 98.17890167236328
v 234.6510009765625 239.11300659179688 181.2729949951172
v 232.35400390625 240.4340057373047 179.6060028076172
v 277.5090026855469 292.54998779296875 127.38700103759766
v 277.9750061035156 295.2550048828125 128.48800659179688
v 320.5979919433594 245.64100646972656 101.93599700927734
v 242.7469940185547 263.8190002441406 172.60299682617188
v 245.51199340820312 267.3169860839844 172.177001953125
v 318.4469909667969 256.1839904785156 97.79869842529297
v 319.4320068359375 256.2980041503906 98.10980224609375
v 261.47698974609375 247.29400634765625 178.11500549316406
v 260.3550109863281 248.75900268554688 180.33200073242188
v 263.9209899902344 248.14300537109375 148.36000061035156
v 260.9649963378906 249.6269989013672 147.66900634765625
v 327.9020080566406 251.19900512695312 118.78800201416016
v 328.0559997558594 251.80299377441406 111.26699829101562
v 294.7799987792969 232.3780059814453 164.3300018310547
v 293.68798828125 231.67999267578125 163.23399353027344
v 291.75799560546875 233.60400390625 162.81700134277344
v 267.4410095214844 293.22698974609375 156.00399780273438
v 271.27398681640625 291.8659973144531 157.46200561523438
v 271.6390075683594 242.875 157.7779998779297
v 247.10899353027344 253.8979949951172 180.80099487304688
v 245.5240020751953 257.23699951171875 178.77000427246094
v 305.16900634765625 230.80299377441406 128.2239990234375
v 301.9830017089844 232.9980010986328 130.8820037841797
v 303.3160095214844 244.197998046875 125.86299896240234
v 304.1619873046875 244.8209991455078 123.20700073242188
v 301.7309875488281 246.3300018310547 162.48800659179688
v 261.62200927734375 287.3290100097656 161.86700439453125
v 237.302001953125 237.76800537109375 182.5749969482422
v 239.8780059814453 240.28799438476562 183.26800537109375
v 242.8699951171875 254.81300354003906 179.19500732421875
v 238.88999938964844 253.8800048828125 177.93600463867188
v 296.8580017089844 259.0169982910156 110.72200012207031
v 293.98199462890625 259.5480041503906 111.91000366210938
v 298.47198486328125 293.70098876953125 106.0510025024414
v 298.59100341796875 291.37799072265625 104.89299774169922
v 318.760986328125 257.1669921875 98.27729797363281
v 261.6610107421875 234.7530059814453 174.0500030517578
v 288.3689880371094 276.1239929199219 161.88999938964844
v 289.82598876953125 273.28900146484375 162.81199645996094
v 279.5669860839844 296.11199951171875 151.2760009765625
v 284.0740051269531 293.65301513671875 152.81500244140625
v 294.5799865722656 292.0580139160156 106.54900360107422
v 295.9580078125 290.2349853515625 105.38500213623047
v 255.15899658203125 284.7829895019531 159.40899658203125
v 256.2900085449219 286.7019958496094 157.875
v 294.8160095214844 266.1289978027344 108.82499694824219
v 297.4339904785156 267.760986328125 106.9540023803711
v 296.5559997558594 228.36300659179688 160.50599670410156
v 294.9169921875 228.67100524902344 160.10499572753906
v 263.6780090332031 256.47900390625 179.46299743652344
v 262.739013671875 254.98399353027344 180.87899780273438
v 323.56500244140625 240.24899291992188 104.69999694824219
v 323.89599609375 242.68800354003906 105.29900360107422
v 245.4320068359375 227.57200622558594 172.01100158691406
v 242.59800720214844 227.197998046875 171.7310028076172
v 322.8080139160156 250.94700622558594 99.1156005859375
v 322.6210021972656 249.09300231933594 99.58550262451172
v 305.5360107421875 251.48599243164062 111.4530029296875
v 306.2340087890625 253.89500427246094 108.54299926757812
v 280.4939880371094 301.8999938964844 140.3769989013672
v 279.89599609375 302.89599609375 137.7100067138672
v 321.1239929199219 256.66900634765625 99.01180267333984
v 288.5830078125 282.760986328125 112.86199951171875
v 290.8900146484375 280.3320007324219 110.24099731445312
v 303.5799865722656 222.03199768066406 143.41900634765625
v 303.0400085449219 223.13800048828125 148.05299377441406
v 280.25201416015625 271.7149963378906 165.28900146484375
v 278.62298583984375 269.90301513671875 166.5749969482422
v 314.51300048828125 217.86199951171875 152.86300659179688
v 311.9649963378906 217.49200439453125 151.89599609375
v 313.11199951171875 251.29200744628906 99.9354019165039
v 312.968994140625 252.66400146484375 100.11299896240234
v 320.0679931640625 250.9340057373047 144.20399475097656
v 322.1619873046875 234.41799926757812 104.36900329589844
v 310.4939880371094 245.70399475097656 108.50800323486328
v 309.2669982910156 248.10000610351562 108.5270004272461
v 316.2510070800781 209.64100646972656 124.51799774169922
v 315.1029968261719 211.65199279785156 125.64099884033203
v 266.25799560546875 264.9670104980469 173.39300537109375
v 266.1600036621094 264.3630065917969 174.71400451660156
v 322.00799560546875 241.18800354003906 144.29600524902344
v 320.14898681640625 241.71800231933594 147.68699645996094
v 317.5249938964844 250.8090057373047 148.4219970703125
v 318.95599365234375 245.9409942626953 148.26600646972656
v 318.48699951171875 246.3730010986328 100.02100372314453
v 317.989013671875 247.04800415039062 99.40879821777344
v 317.5740051269531 246.33200073242188 100.05699920654297
v 287.781005859375 302.43701171875 117.05899810791016
v 289.92999267578125 301.82000732421875 114.947998046875
v 319.1719970703125 247.59500122070312 98.89640045166016
v 269.4490051269531 241.0850067138672 161.98599243164062
v 281.72698974609375 235.15899658203125 161.927001953125
v 233.90499877929688 226.26300048828125 177.27200317382812
v 233.05299377441406 228.8159942626953 178.71600341796875
v 310.0190124511719 285.4809875488281 104.6449966430664
v 310.4989929199219 286.58599853515625 106.4520034790039
v 296.1180114746094 246.42799377441406 130.64199829101562
v 298.5 247.98899841308594 128.41400146484375
v 270.2770080566406 287.1709899902344 162.69000244140625
v 315.6809997558594 248.1269989013672 99.36499786376953
v 315.4549865722656 246.697998046875 100.45999908447266
v 298.14898681640625 240.968994140625 132.20899963378906
v 300.9330139160156 241.88699340820312 129.90699768066406
v 315.9429931640625 256.2120056152344 148.5469970703125
v 251.70199584960938 244.9739990234375 182.66700744628906
v 248.85000610351562 244.72300720214844 182.39999389648438
v 288.8349914550781 261.49700927734375 112.9010009765625
v 287.8890075683594 264.43499755859375 112.69100189208984
v 256.19000244140625 268.1629943847656 176.18099975585938
v 250.98399353027344 266.39801025390625 175.73300170898438
v 299.9590148925781 261.3789978027344 159.4149932861328
v 297.62799072265625 260.00201416015625 161.41000366210938
v 269.7690124511719 246.52699279785156 151.03900146484375
v 266.89599609375 247.4250030517578 149.29800415039062
v 299.87799072265625 231.7779998779297 134.3159942626953
v 271.50299072265625 247.01600646972656 149.7220001220703
v 276.30499267578125 299.74700927734375 132.8800048828125
v 276.031005859375 301.2749938964844 135.78399658203125
v 225.4340057373047 233.87600708007812 172.02200317382812
v 225.18099975585938 232.5989990234375 170.4029998779297
v 311.9939880371094 284.3370056152344 105.70500183105469
v 310.9490051269531 283.6180114746094 104.00900268554688
v 255.0189971923828 250.60899353027344 148.52000427246094
v 240.05799865722656 255.28500366210938 144.42799377441406
v 303.99200439453125 234.41099548339844 160.02999877929688
v 301.260986328125 236.8179931640625 162.54400634765625
v 284.64801025390625 262.5379943847656 114.66699981689453
v 283.78900146484375 265.2980041503906 114.36100006103516
v 313.906005859375 215.5800018310547 122.01200103759766
v 314.385986328125 217.26100158691406 119.73799896240234
v 295.5889892578125 228.31700134277344 155.31199645996094
v 296.1189880371094 228.19000244140625 158.4530029296875
v 318.614990234375 254.35400390625 145.14100646972656
v 282.1499938964844 292.3320007324219 122.73300170898438
v 280.7650146484375 294.8819885253906 124.35900115966797
v 248.9290008544922 242.53599548339844 182.56300354003906
v 246.7760009765625 243.3489990234375 182.86399841308594
v 296.5480041503906 297.62701416015625 109.19000244140625
v 298.281005859375 298.260009765625 110.71399688720703
v 321.7019958496094 245.8459930419922 143.65899658203125
v 323.5669860839844 242.72000122070312 141.05299377441406
v 308.53900146484375 284.8999938964844 103.36000061035156
v 309.73699951171875 282.08599853515625 102.76300048828125
v 316.9419860839844 240.93099975585938 107.60600280761719
v 316.2560119628906 243.0679931640625 106.56199645996094
v 315.010009765625 212.8719940185547 128.9929962158203
v 313.43701171875 214.9239959716797 130.11099243164062
v 316.4230041503906 213.35000610351562 113.2239990234375
v 323.35198974609375 218.781005859375 104.6449966430664
v 324.7430114746094 221.28199768066406 104.69300079345703
v 281.7489929199219 233.88499450683594 165.44400024414062
v 281.6619873046875 234.36700439453125 167.08299255371094
v 316.9100036621094 224.00599670410156 107.74400329589844
v 315.65399169921875 226.9759979248047 110.25599670410156
v 258.0780029296875 246.92300415039062 181.3780059814453
v 257.21099853515625 243.2469940185547 180.53900146484375
v 279.2309875488281 279.7619934082031 118.94999694824219
v 261.75 257.3009948730469 133.60699462890625
v 265.25 258.73199462890625 130.2429962158203
v 310.9700012207031 230.81900024414062 122.54499816894531
v 310.4630126953125 233.24099731445312 121.5530014038086
v 315.1579895019531 217.77699279785156 116.36100006103516
v 273.4360046386719 275.5419921875 121.7490005493164
v 269.73199462890625 273.43701171875 123.66899871826172
v 248.10299682617188 269.49200439453125 150.69000244140625
v 250.1540069580078 274.1510009765625 150.9499969482422
v 226.6820068359375 228.51499938964844 171.2209930419922
v 244 260.92498779296875 139.6840057373047
v 246.03799438476562 261.5509948730469 139.25900268554688
v 316.9070129394531 248.41099548339844 98.7842025756836
v 316.93701171875 247.093994140625 99.59359741210938
v 317.9360046386719 247.93299865722656 98.81069946289062
v 229.68800354003906 242.0709991455078 177.22799682617188
v 230.04100036621094 244.8040008544922 176.93800354003906
v 279.6499938964844 295.9419860839844 126.08999633789062
v 280.9590148925781 298.08099365234375 123.6760025024414
v 310.7669982910156 223.4499969482422 125.25299835205078
v 308.79400634765625 225.24000549316406 127.31300354003906
v 273.51300048828125 265.1090087890625 121.38600158691406
v 271.11700439453125 267.57501220703125 122.41799926757812
v 253.6750030517578 260.33599853515625 179.35899353027344
v 251.18600463867188 255.18800354003906 181.2100067138672
v 260.5249938964844 254.81399536132812 144.83299255371094
v 261.91400146484375 253.03900146484375 145.53399658203125
v 262.4179992675781 259.0459899902344 130.96400451660156
v 280.45599365234375 233.8459930419922 166.25599670410156
v 278.85699462890625 234.39700317382812 164.36099243164062
v 275.21600341796875 243.4239959716797 171.05799865722656
v 273.1759948730469 242.7010040283203 172.74099731445312
v 251.66600036621094 266.60198974609375 140.2570037841797
v 253.26699829101562 268.2590026855469 137.36500549316406
v 289.46099853515625 238.66400146484375 165.88999938964844
v 288.281005859375 236.7469940185547 165.22900390625
v 311.885009765625 249.15899658203125 102.23999786376953
v 312.677001953125 249.14100646972656 101.06800079345703
v 265.64599609375 279.1700134277344 169.84800720214844
v 325.78399658203125 228.46099853515625 104.95999908447266
v 327.3919982910156 230.09300231933594 106.94100189208984
v 294.8340148925781 254.46099853515625 118.19200134277344
v 292.0090026855469 303.3290100097656 124.03700256347656
v 294.5249938964844 302.2489929199219 118.26699829101562
v 318.3080139160156 209.5070037841797 138.1280059814453
v 316.32000732421875 210.64999389648438 139.86500549316406
v 320.9620056152344 247.9669952392578 98.98639678955078
v 321.8219909667969 247.06300354003906 100.68499755859375
v 255.96200561523438 258.27801513671875 137.15699768066406
v 256.260986328125 260.0379943847656 134.0030059814453
v 283.114990234375 302.135009765625 121.52300262451172
v 283.9779968261719 303.2980041503906 122.58699798583984
v 277.6369934082031 270.4930114746094 118.30999755859375
v 280.7179870605469 270.87701416015625 116.13700103759766
v 266.7690124511719 261.2139892578125 176.3000030517578
v 250.23500061035156 236.0959930419922 180.67799377441406
v 323.67498779296875 248.2530059814453 101.69100189208984
v 291.5690002441406 274.5719909667969 161.18099975585938
v 292.6969909667969 271.5119934082031 162.35899353027344
v 248.0260009765625 272.5740051269531 161.40699768066406
v 246.5570068359375 269.5060119628906 158.1840057373047
v 309.8760070800781 218.2550048828125 151.11099243164062
v 310.2550048828125 217.24400329589844 146.6230010986328
v 272.06298828125 286.2619934082031 125.99600219726562
v 274.9429931640625 287.5050048828125 124.89299774169922
v 261.2309875488281 244.41799926757812 177.15499877929688
v 261.5159912109375 242.2689971923828 175.70599365234375
v 270.3110046386719 255.49400329589844 141.86000061035156
v 272.69000244140625 255.1230010986328 142.59800720214844
v 320.3389892578125 271.4599914550781 130.4080047607422
v 321.8080139160156 266.06298828125 132.37100219726562
v 240.1580047607422 252.8470001220703 147.13099670410156
v 261.04400634765625 254.25399780273438 182.33900451660156
v 309.8919982910156 291.23199462890625 119.77100372314453
v 257.21600341796875 232.0030059814453 174.33799743652344
v 256.3039855957031 233.05999755859375 175.86099243164062
v 289.93499755859375 236.7760009765625 163.5800018310547
v 258.8900146484375 255.76300048828125 139.03700256347656
v 257.9729919433594 255.41900634765625 143.35400390625
v 254.88800048828125 234.78199768066406 177.5399932861328
v 252.4040069580078 235.1739959716797 179.38299560546875
v 275.6679992675781 246.4669952392578 170.5330047607422
v 273.84698486328125 245.58200073242188 172.38999938964844
v 295.22601318359375 228.66700744628906 151.1510009765625
v 294.7590026855469 229.16099548339844 147.3990020751953
v 328.6830139160156 247.2740020751953 113.91400146484375
v 253.7530059814453 238.66799926757812 180.3090057373047
v 254.85800170898438 241.45399475097656 181.156005859375
v 269.614990234375 261.61700439453125 172.80999755859375
v 259.0469970703125 256.1709899902344 137.1540069580078
v 257.0480041503906 256.54998779296875 138.9949951171875
v 256.5639953613281 243.3780059814453 159.3209991455078
v 255.29600524902344 244.76600646972656 156.02000427246094
v 247.79100036621094 254.4320068359375 143.13400268554688
v 247.3990020751953 252.4949951171875 144.906005859375
v 287.12298583984375 260.9219970703125 113.96299743652344
v 286.3269958496094 263.6319885253906 113.58100128173828
v 238.94900512695312 231.5540008544922 167.5050048828125
v 243.71299743652344 232.4759979248047 167.86900329589844
v 244.13299560546875 229.7550048828125 179.97900390625
v 243.01699829101562 227.91099548339844 179.14100646972656
v 268.83099365234375 295.0740051269531 153.9320068359375
v 282.79901123046875 291.0010070800781 155.78700256347656
v 309.5690002441406 279.64300537109375 101.86199951171875
v 310.947998046875 277.82501220703125 101.5989990234375
v 312.69000244140625 239.7689971923828 156.58299255371094
v 235.07200622558594 253.8489990234375 174.36099243164062
v 282.0669860839844 255.34800720214844 134.56100463867188
v 279.8760070800781 255.94700622558594 133.2779998779297
v 297.7619934082031 250.05499267578125 126.41500091552734
v 302.52099609375 259.4309997558594 107.48999786376953
v 301.4110107421875 262.43499755859375 106.66699981689453
v 329.3210144042969 233.41200256347656 124.00299835205078
v 329.34698486328125 228.18899536132812 119.5530014038086
v 263.3030090332031 237.66600036621094 166.2050018310547
v 314.6050109863281 249.39500427246094 99.19090270996094
v 246.5570068359375 241.3990020751953 183.4010009765625
v 246.8209991455078 237.51199340820312 182.16400146484375
v 264.1000061035156 268.87799072265625 175.20599365234375
v 264.4739990234375 267.29400634765625 175.60899353027344
v 318.10198974609375 257.947998046875 144.39999389648438
v 254.58200073242188 270.4540100097656 174.3489990234375
v 309.968994140625 217.21400451660156 144.1739959716797
v 312.9440002441406 233.3990020751953 115.41400146484375
v 311.0710144042969 237.75599670410156 115.84300231933594
v 246.75100708007812 259.9010009765625 139.2989959716797
v 245.4250030517578 257.88299560546875 139.3509979248047
v 321.65301513671875 250.52699279785156 98.20050048828125
v 255.45399475097656 231.375 171.89100646972656
v 256.81298828125 232.81500244140625 170.83799743652344
v 329.281005859375 233.1529998779297 114.35399627685547
v 328.4630126953125 232.32200622558594 109.4010009765625
v 314.0790100097656 244.5 154.28599548339844
v 315.62799072265625 240.82400512695312 153.5279998779297
v 298.7070007324219 282.4119873046875 103.89700317382812
v 314.73699951171875 211.8179931640625 139.25900268554688
v 256.41900634765625 276.87701416015625 170.76800537109375
v 259.8429870605469 278.02801513671875 170.5469970703125
v 227.03799438476562 237.38800048828125 175.0469970703125
v 227.33599853515625 239.86900329589844 174.95199584960938
v 274.9330139160156 279.98199462890625 121.79000091552734
v 303.3330078125 251.62100219726562 161.00900268554688
v 312.15399169921875 227.97999572753906 157.6230010986328
v 309.4800109863281 229.18800354003906 159.31100463867188
v 287.49798583984375 294.4200134277344 150.20399475097656
v 318.5249938964844 272.5589904785156 105.53099822998047
v 315.4530029296875 264.1709899902344 100.9469985961914
v 318.5350036621094 265.0329895019531 101.56500244140625
v 266.302001953125 259.4700012207031 176.95399475097656
v 314.1719970703125 250.70700073242188 99.12370300292969
v 315.6099853515625 279.79901123046875 107.13300323486328
v 317.70001220703125 277.9779968261719 109.89199829101562
v 279.54901123046875 254.70399475097656 140.04200744628906
v 280.37200927734375 252.76400756835938 140.7259979248047
v 255.5989990234375 237.50799560546875 178.5659942626953
v 274.02398681640625 294.4020080566406 132.08200073242188
v 275.6659851074219 294.2279968261719 130.38900756835938
v 302.6289978027344 225.54400634765625 155.05499267578125
v 303.6400146484375 224.6750030517578 157.30999755859375
v 322.88800048828125 214.94400024414062 143.24899291992188
v 321.29998779296875 212.8350067138672 145.1820068359375
v 250.13600158691406 262.18798828125 140.71200561523438
v 252.0540008544922 261.76800537109375 139.91600036621094
v 229.31300354003906 245.64999389648438 174.96600341796875
v 227.76199340820312 245.01699829101562 171.14100646972656
v 286.6300048828125 256.9960021972656 116.52999877929688
v 286.5169982910156 255.4040069580078 118.21199798583984
v 289.2090148925781 300.1050109863281 113.1989974975586
v 313.3710021972656 227.71800231933594 119.5719985961914
v 313.9209899902344 229.52999877929688 116.30500030517578
v 314.2909851074219 224.38600158691406 155.47799682617188
v 315.7309875488281 222.13400268554688 154.0330047607422
v 295.46099853515625 249.05099487304688 128.74600219726562
v 271.1619873046875 299.322998046875 144.1199951171875
v 248.3000030517578 268.1289978027344 173.44200134277344
v 302.41400146484375 295.635009765625 110.06700134277344
v 303.15301513671875 296.8810119628906 113.90799713134766
v 329.0169982910156 228.302001953125 127.5009994506836
v 326.85101318359375 226.70899963378906 135.5229949951172
v 319.1610107421875 210.447998046875 110.93800354003906
v 319.3819885253906 211.72799682617188 109.00499725341797
v 326.6910095214844 214.60000610351562 111.49600219726562
v 287.4909973144531 271.14898681640625 163.3769989013672
v 294.0429992675781 230.00999450683594 144.72799682617188
v 295.3869934082031 230.93499755859375 141.947998046875
v 270.9429931640625 277.4230041503906 123.6729965209961
v 295.3169860839844 301.6549987792969 115.34500122070312
v 296.5580139160156 252.51600646972656 123.96499633789062
v 297.7799987792969 252.60499572753906 122.61100006103516
v 230.07000732421875 247.68899536132812 173.2310028076172
v 231.10899353027344 246.51499938964844 177.11300659179688
v 272.4129943847656 257.0409851074219 139.41799926757812
v 272.1300048828125 256.7569885253906 136.18299865722656
v 323.6300048828125 252.6179962158203 99.88259887695312
v 322.9630126953125 270.4259948730469 111.78900146484375
v 266.7239990234375 271.55999755859375 125.03900146484375
v 264.6960144042969 272.3349914550781 126.46099853515625
v 257.3909912109375 244.31500244140625 157.02200317382812
v 256.4599914550781 246.87100219726562 152.32400512695312
v 290.3680114746094 234.24899291992188 141.47900390625
v 306.8429870605469 279.8160095214844 148.7550048828125
v 305.5150146484375 283.1300048828125 147.57899475097656
v 241.78199768066406 240.96600341796875 160.156005859375
v 256.4259948730469 248.22000122070312 182.37600708007812
v 254.14999389648438 247.16799926757812 182.85899353027344
v 320.47100830078125 276.36199951171875 116.8479995727539
v 266.83599853515625 239.7469940185547 173.37600708007812
v 265.2120056152344 237.86199951171875 174.18499755859375
v 327.7359924316406 222.27499389648438 130.93899536132812
v 288.8009948730469 296.08099365234375 147.2989959716797
v 292.46600341796875 292.4419860839844 149.36300659179688
v 318.4880065917969 269.8340148925781 136.31199645996094
v 286.6340026855469 295.96600341796875 114.61000061035156
v 288.8500061035156 294.2569885253906 111.95500183105469
v 321.7640075683594 237.9080047607422 104.62000274658203
v 321.57000732421875 241.18499755859375 105.26499938964844
v 306.37701416015625 259.9840087890625 157.20899963378906
v 257.5249938964844 239.26199340820312 165.2760009765625
v 255.20700073242188 237.56900024414062 166.1529998779297
v 310.4490051269531 235.48599243164062 119.44100189208984
v 308.97698974609375 240.3489990234375 118.38600158691406
v 319.5530090332031 213.91900634765625 147.968994140625
v 258.5469970703125 251.88099670410156 147.02099609375
v 236.38099670410156 254.24899291992188 153.01199340820312
v 238.12399291992188 255.55499267578125 149.33099365234375
v 323.47601318359375 245.28599548339844 104.37699890136719
v 325.7560119628906 244.14999389648438 105.60800170898438
v 289.239990234375 259.1910095214844 113.79100036621094
v 286.9580078125 258.7330017089844 115.1259994506836
v 296.260986328125 242.6929931640625 164.36900329589844
v 245.66900634765625 250.97999572753906 146.47900390625
v 248.927001953125 250.79100036621094 147.64100646972656
v 232.5030059814453 234.30099487304688 179.79200744628906
v 313.7430114746094 212.5279998779297 135.1490020751953
v 278.16900634765625 302.9549865722656 135.88900756835938
v 291.3819885253906 252.406005859375 164.51699829101562
v 294.47198486328125 254.3800048828125 163.4969940185547
v 226.91099548339844 244.29800415039062 167.47500610351562
v 226.84100341796875 243.30799865722656 165.0970001220703
v 317.49700927734375 208.7779998779297 121.98600006103516
v 319.37799072265625 208.5590057373047 118.20500183105469
v 279.1700134277344 293.7460021972656 126.41400146484375
v 244.01400756835938 238.1739959716797 163.4320068359375
v 295.68499755859375 261.8399963378906 162.8489990234375
v 286.50299072265625 288.8280029296875 116.11199951171875
v 325.7279968261719 212.55099487304688 110.61799621582031
v 283.20599365234375 240.7449951171875 148.1649932861328
v 280.7590026855469 240.71400451660156 149.1540069580078
v 241.67799377441406 256.7279968261719 140.89700317382812
v 242.2519989013672 256.12701416015625 140.82400512695312
v 278.40399169921875 262.40899658203125 166.6909942626953
v 278.3659973144531 259.9070129394531 166.82699584960938
v 259.28399658203125 242.4199981689453 178.24000549316406
v 264.90899658203125 258.3680114746094 178.4510040283203
v 264.50201416015625 259.5559997558594 180.13299560546875
v 247.56100463867188 237.9969940185547 164.4149932861328
v 264.18798828125 262.22900390625 179.63699340820312
v 265.4880065917969 261.44500732421875 179.91700744628906
v 301.8169860839844 223.28599548339844 140.1790008544922
v 303.8909912109375 222.822998046875 136.3990020751953
v 281.9849853515625 303.65899658203125 134.92100524902344
v 311.75 245.23199462890625 106.45700073242188
v 267.45098876953125 285.3590087890625 164.8300018310547
v 258.89801025390625 270.3179931640625 175.33999633789062
v 300.843994140625 250.02499389648438 162.42599487304688
v 298.3949890136719 246.66400146484375 163.552001953125
v 303.52301025390625 229.63499450683594 157.9759979248047
v 305.27301025390625 232.03700256347656 158.16200256347656
v 233.86399841308594 249.11099243164062 156.8179931640625
v 233.88600158691406 251.2429962158203 156.78199768066406
v 293.2460021972656 277.4960021972656 108.11499786376953
v 295.05999755859375 279.7659912109375 106.43199920654297
v 276.8590087890625 251.79400634765625 169.0850067138672
v 276.593994140625 248.8090057373047 169.56199645996094
v 292.75 247.656005859375 131.10400390625
v 323.44500732421875 253.8489990234375 99.76439666748047
v 272.75 294.6440124511719 154.21299743652344
v 283.4469909667969 289.406005859375 120.83399963378906
v 318.17999267578125 213.2779998779297 108.95899963378906
v 274.0880126953125 283.88299560546875 123.5999984741211
v 277.114013671875 285.7170104980469 122.66300201416016
v 275.989013671875 278.3169860839844 167.3489990234375
v 276.8070068359375 280.1029968261719 165.96800231933594
v 321.4330139160156 208.88699340820312 112.63300323486328
v 319.7690124511719 209.2779998779297 113.0979995727539
v 244.69900512695312 256.3179931640625 139.7550048828125
v 244.61700439453125 255.4459991455078 140.9720001220703
v 264.2590026855469 261.0190124511719 180.43800354003906
v 289.34600830078125 257.0409851074219 115.52999877929688
v 311.9599914550781 253.48800659179688 101.49500274658203
v 314.1520080566406 254.79400634765625 99.39099884033203
v 293.4469909667969 233.30299377441406 140.1929931640625
v 291.5159912109375 233.99200439453125 140.14700317382812
v 326.32000732421875 210.03399658203125 119.65299987792969
v 278.8710021972656 256.7900085449219 167.0709991455078
v 315.4599914550781 281.7770080566406 110.09200286865234
v 299.6910095214844 278.79901123046875 103.75800323486328
v 300.6440124511719 274.82501220703125 103.7020034790039
v 277.3489990234375 298.2229919433594 149.0070037841797
v 266.7749938964844 263.5480041503906 173.18299865722656
v 298.85198974609375 227.05299377441406 144.61300659179688
v 268.68701171875 289.968994140625 132.1490020751953
v 270.7460021972656 290.5220031738281 130.7030029296875
v 316.52301025390625 213.01400756835938 115.8949966430664
v 315.7349853515625 214.89999389648438 118.06900024414062
v 286.28900146484375 246.17100524902344 137.14599609375
v 284.7550048828125 248.9810028076172 137.92100524902344
v 270.9100036621094 237.22999572753906 172.75999450683594
v 270.81298828125 239.3520050048828 172.8260040283203
v 305.7959899902344 251.4510040283203 159.91700744628906
v 288.4230041503906 287.3689880371094 113.25700378417969
v 260.60101318359375 286.8429870605469 138.95700073242188
v 261.8290100097656 286.35198974609375 136.14999389648438
v 267.08099365234375 262.072998046875 176.802001953125
v 267.1109924316406 261.50799560546875 178.00599670410156
v 275.8890075683594 255.89599609375 141.10499572753906
v 274.406005859375 256.125 141.70199584960938
v 297.8389892578125 228.4029998779297 151.7220001220703
v 295.4100036621094 228.4530029296875 153.23399353027344
v 291.6470031738281 235.35699462890625 163.37899780273438
v 324.6709899902344 211.35499572753906 109.62999725341797
v 324.9219970703125 210.7239990234375 111.63099670410156
v 320.8190002441406 210.46600341796875 109.37200164794922
v 320.45098876953125 209.49600219726562 111.12999725341797
v 304.9960021972656 226.22300720214844 130.91099548339844
v 302.6080017089844 228.67799377441406 132.50100708007812
v 321.95098876953125 209.46400451660156 110.77200317382812
v 286.9100036621094 246.95899963378906 166.31199645996094
v 284.0400085449219 245.24400329589844 166.39999389648438
v 231.88099670410156 225.02699279785156 170.98399353027344
v 230.3979949951172 226.1699981689453 170.03500366210938
v 312.635009765625 274.4179992675781 101.30699920654297
v 314.4110107421875 275.8609924316406 102.50299835205078
v 303.72198486328125 254.48199462890625 110.61399841308594
v 302.8940124511719 257.20098876953125 108.86199951171875
v 253.74400329589844 278.34600830078125 142.1320037841797
v 255.84300231933594 281.4930114746094 141.66799926757812
v 233.89500427246094 227.81700134277344 169.2010040283203
v 236.15499877929688 227.2050018310547 170.12399291992188
v 290.5509948730469 255.18299865722656 117.53500366210938
v 288.33099365234375 255.80599975585938 117.08599853515625
v 283.2569885253906 260.7439880371094 116.08200073242188
v 325.9289855957031 238.90499877929688 136.84800720214844
v 265.0509948730469 234.17300415039062 170.02699279785156
v 263.1929931640625 234.0540008544922 170.6929931640625
v 283.4169921875 251.93699645996094 138.41200256347656
v 249.5540008544922 267.9280090332031 144.16900634765625
v 249.0469970703125 265.8760070800781 142.5489959716797
v 252.8300018310547 278.2250061035156 145.8979949951172
v 254.1719970703125 280.6759948730469 145.54299926757812
v 324.72100830078125 253.91400146484375 101.25299835205078
v 325.4339904785156 252.78700256347656 102.11499786376953
v 243.2209930419922 254.0489959716797 143.29600524902344
v 241.52099609375 254.86099243164062 142.9550018310547
v 266.89898681640625 286.56298828125 131.31399536132812
v 270.2569885253906 287.9330139160156 128.83299255371094
v 248.67300415039062 258.4020080566406 179.3820037841797
v 252.21800231933594 245.1199951171875 155.4219970703125
v 246.20199584960938 245.00399780273438 155.25900268554688
v 323.8320007324219 255.23599243164062 100.552001953125
v 308.1759948730469 286.9159851074219 104.62799835205078
v 264.64300537109375 241.69200134277344 174.2429962158203
v 299.4800109863281 273.02899169921875 156.9669952392578
v 297.0419921875 273.1579895019531 158.3509979248047
v 308.48699951171875 231.98500061035156 124.56300354003906
v 252.01499938964844 251.6300048828125 182.25900268554688
v 248.85000610351562 247.9810028076172 182.39999389648438
v 285.2460021972656 267.6159973144531 113.56999969482422
v 287.3680114746094 267.9429931640625 112.5
v 314.5690002441406 257.0509948730469 99.6531982421875
v 254.7570037841797 233.25399780273438 169.68099975585938
v 311.0159912109375 271.9859924316406 100.94100189208984
v 311.3320007324219 268.88800048828125 101.00700378417969
v 320.6449890136719 208.62399291992188 115.01000213623047
v 322.2489929199219 208.18600463867188 116.36000061035156
v 291.0690002441406 232.4340057373047 145.03799438476562
v 291.52899169921875 232.531005859375 143.0229949951172
v 287.47198486328125 243.11500549316406 166.39999389648438
v 284.62298583984375 240.4770050048828 166.45599365234375
v 254.9929962158203 255.82000732421875 181.56500244140625
v 326.85101318359375 213.64999389648438 115.50900268554688
v 262.2820129394531 259.0719909667969 181.2480010986328
v 261.62298583984375 256.7030029296875 182.05499267578125
v 276.781005859375 258.24700927734375 168.65499877929688
v 277.864990234375 254.7469940185547 168.1699981689453
v 322.35101318359375 208.62600708007812 114.36000061035156
v 317.3450012207031 243.1790008544922 151.46200561523438
v 323.5199890136719 205.7050018310547 124.16999816894531
v 321.4849853515625 205.7550048828125 124.49700164794922
v 259.5769958496094 241.1199951171875 163.79400634765625
v 318.66400146484375 232.093994140625 149.8209991455078
v 316.5459899902344 231.44700622558594 152.74000549316406
v 228.26499938964844 243.21499633789062 175.26300048828125
v 286.05999755859375 304.00799560546875 133.19400024414062
v 288.50799560546875 302.7690124511719 135.41799926757812
v 308.77801513671875 217.8070068359375 140.2689971923828
v 307.3689880371094 219.406005859375 145.05599975585938
v 325.3559875488281 215.11000061035156 135.94000244140625
v 324.0840148925781 218.73399353027344 141.4149932861328
v 327.9830017089844 218.4530029296875 126.06999969482422
v 287.0360107421875 292.2250061035156 152.77099609375
v 257.5220031738281 249.31399536132812 148.94500732421875
v 273.7099914550781 240.63800048828125 172.43099975585938
v 241.8000030517578 256.7460021972656 177.5540008544922
v 244.39300537109375 259.6860046386719 176.84500122070312
v 318.2149963378906 244.96099853515625 102.0989990234375
v 307.3240051269531 219.82400512695312 150.4739990234375
v 305.53900146484375 221.54299926757812 153.13299560546875
v 305.30499267578125 235.00399780273438 159.17100524902344
v 304.125 237.4669952392578 160.94000244140625
v 312.4209899902344 262.0889892578125 150.89700317382812
v 316.28900146484375 270.10198974609375 101.85399627685547
v 316.447998046875 266.8659973144531 101.2490005493164
v 272.0719909667969 271.2650146484375 122.01100158691406
v 247.66400146484375 227.572998046875 172.98199462890625
v 315.8340148925781 212.22300720214844 145.4600067138672
v 315.7829895019531 213.49099731445312 148.17799377441406
v 264.5469970703125 269.3030090332031 125.83999633789062
v 295.87701416015625 254.0749969482422 119.98100280761719
v 248.78399658203125 272.0169982910156 154.21200561523438
v 307.0010070800781 219.28799438476562 136.6750030517578
v 268.7749938964844 256.8999938964844 133.51300048828125
v 238.1269989013672 259.4309997558594 156.17300415039062
v 238.8520050048828 259.15399169921875 150.56900024414062
v 269.84600830078125 252.8070068359375 143.6060028076172
v 272.31298828125 252.1750030517578 143.7259979248047
v 306.3210144042969 243.94000244140625 160.1649932861328
v 245.2270050048828 228.0399932861328 178.26699829101562
v 305.3900146484375 286.1600036621094 103.25199890136719
v 255.82200622558594 265.14898681640625 132.88600158691406
v 255.85000610351562 274.3909912109375 172.38999938964844
v 307.9779968261719 251.4429931640625 108.1510009765625
v 256.40899658203125 256.40399169921875 140.66799926757812
v 322.625 209.1699981689453 135.71200561523438
v 310.4490051269531 247.19000244140625 106.34300231933594
v 309.8680114746094 249.9239959716797 105.65399932861328
v 304.8080139160156 295.0299987792969 112.18399810791016
v 305.7019958496094 295.02899169921875 115.96600341796875
v 280.5270080566406 255.8730010986328 138.10499572753906
v 239.21099853515625 256.0159912109375 146.5540008544922
v 263.9530029296875 234.1719970703125 173.2209930419922
v 262.4410095214844 233.40899658203125 172.70700073242188
v 266.15899658203125 233.98800659179688 171.4429931640625
v 322.7539978027344 272.5 120.32099914550781
v 292.885986328125 254.32400512695312 118.5469970703125
v 292.3489990234375 255.88400268554688 115.90499877929688
v 321.18499755859375 207.32699584960938 118.61199951171875
v 319.3479919433594 207.51499938964844 120.46800231933594
v 305.09600830078125 220.9290008544922 140.66200256347656
v 252.0019989013672 257.7239990234375 142.5749969482422
v 249.16400146484375 256.76800537109375 142.3179931640625
v 292.4530029296875 237.96800231933594 136.86599731445312
v 291.7030029296875 241.75999450683594 135.28799438476562
v 274.0320129394531 236.41700744628906 164.2519989013672
v 275.65399169921875 234.33299255371094 166.00100708007812
v 300.3370056152344 252.0240020751953 117.14199829101562
v 297.4320068359375 271.7229919433594 105.90599822998047
v 296.6719970703125 276.5299987792969 105.64099884033203
v 290.85101318359375 244.41799926757812 134.50100708007812
v 287.8869934082031 246.4010009765625 135.3730010986328
v 321.1419982910156 226.0760040283203 147.8040008544922
v 317.9360046386719 224.781005859375 152.00999450683594
v 310.9729919433594 237.2949981689453 157.468994140625
v 327.1080017089844 246.5659942626953 106.37200164794922
v 318.5350036621094 258.46600341796875 98.91239929199219
v 319.9419860839844 257.7650146484375 98.91339874267578
v 237.093994140625 234.58799743652344 181.9080047607422
v 257.09100341796875 285.4179992675781 161.6649932861328
v 234.02699279785156 253.41900634765625 168.32200622558594
v 236.01699829101562 256.1789855957031 163.947998046875
v 280.1990051269531 234.48599243164062 167.91400146484375
v 282.1809997558594 250.07200622558594 140.1230010986328
v 268.3280029296875 251.66000366210938 173.2239990234375
v 242.98199462890625 265.3760070800781 155.947998046875
v 245.91799926757812 268.2449951171875 153.12399291992188
v 305.84100341796875 223.39300537109375 158.33599853515625
v 306.2560119628906 224.0050048828125 159.23199462890625
v 316.6210021972656 215.16900634765625 150.6649932861328
v 270.6780090332031 264.0830078125 123.49400329589844
v 312.0740051269531 222.71600341796875 156.79600524902344
v 310.4540100097656 222.96299743652344 157.44200134277344
v 239.8679962158203 229.17799377441406 169.25100708007812
v 251.90499877929688 229.64999389648438 175.61300659179688
v 250.0570068359375 228.24000549316406 174.63800048828125
v 296.7980041503906 255.91400146484375 112.81700134277344
v 276.7380065917969 252.99099731445312 141.89300537109375
v 277.4460144042969 254.92300415039062 140.7779998779297
v 245.6490020751953 235.63499450683594 166.0959930419922
v 311.21600341796875 216.70799255371094 130.3939971923828
v 308.9649963378906 217.6529998779297 132.76100158691406
v 310.90899658203125 255.43499755859375 103.02100372314453
v 312.47698974609375 257.27398681640625 101.49299621582031
v 280.885986328125 302.0150146484375 126.31400299072266
v 282.74200439453125 303.3179931640625 125.30699920654297
v 303.2449951171875 290.5119934082031 104.84100341796875
v 305.8420104980469 288.4339904785156 104.61100006103516
v 301.8819885253906 229.92599487304688 158.86700439453125
v 309.5679931640625 235.2310028076172 158.29100036621094
v 305.04998779296875 221.4600067138672 148.91099548339844
v 316.4209899902344 282.95098876953125 124.0459976196289
v 315.6510009765625 284.0419921875 120.8499984741211
v 251.68099975585938 232.15699768066406 169.85299682617188
v 249.61900329589844 233.8489990234375 168.04400634765625
v 316.0010070800781 256.635009765625 98.6592025756836
v 316.5429992675781 258.5469970703125 99.17520141601562
v 309.2760009765625 291.47601318359375 125.30799865722656
v 311.7080078125 289.0690002441406 123.19000244140625
v 280.0530090332031 281.9909973144531 162.9320068359375
v 281.8320007324219 284.3680114746094 160.7480010986328
v 308.3680114746094 221.78199768066406 156.927001953125
v 306.5299987792969 222.85800170898438 158.0489959716797
v 239.9340057373047 261.6650085449219 170.30799865722656
v 248.2209930419922 227.7220001220703 175.71299743652344
v 259.08599853515625 288.7900085449219 148.18099975585938
v 259.0639953613281 287.9200134277344 145.4459991455078
v 299.1889953613281 245.1300048828125 129.86500549316406
v 243.9459991455078 266.4079895019531 147.92300415039062
v 243.2030029296875 266.20599365234375 151.2270050048828
v 292.89599609375 230.28199768066406 146.92999267578125
v 292.427001953125 231.10000610351562 144.73699951171875
v 250.36399841308594 253.26600646972656 146.0659942626953
v 279.70098876953125 235.38600158691406 168.0540008544922
v 315.5690002441406 215.38800048828125 151.32200622558594
v 240.0919952392578 258.989013671875 144.14700317382812
v 283.14599609375 247.01600646972656 141.0659942626953
v 239.68600463867188 235.7480010986328 182.58700561523438
v 275.8039855957031 296.156005859375 131.46499633789062
v 225.98399353027344 236.29200744628906 173.54600524902344
v 269.50299072265625 247.91000366210938 148.0679931640625
v 325.4859924316406 220.40699768066406 137.72000122070312
v 323.5360107421875 225.30999755859375 143.61900329589844
v 238.3090057373047 232.33299255371094 181.10000610351562
v 297.7860107421875 228.62100219726562 140.94000244140625
v 307.3869934082031 275.1889953613281 101.24299621582031
v 310.26300048828125 275.7449951171875 101.05799865722656
v 322.5679931640625 222.43800354003906 145.60000610351562
v 326.87200927734375 212.35800170898438 119.69000244140625
v 241.10000610351562 259.0979919433594 175.51400756835938
v 295.6390075683594 257.4320068359375 112.4000015258789
v 319.14599609375 266.0610046386719 138.04100036621094
v 317.8599853515625 264.01800537109375 141.5749969482422
v 282.5400085449219 299.0950012207031 120.38300323486328
v 264.3320007324219 235.57400512695312 168.16900634765625
v 307.6780090332031 225.58200073242188 159.79400634765625
v 307.3340148925781 228.6020050048828 159.65499877929688
v 258.7040100097656 255.54299926757812 182.03500366210938
v 231.5070037841797 248.49899291992188 175.83200073242188
v 307.3739929199219 228.21200561523438 127.37699890136719
v 313.8290100097656 280.0719909667969 104.625
v 313.2900085449219 277.8919982910156 102.72799682617188
v 237.06100463867188 256.4909973144531 173.82200622558594
v 275.46099853515625 272.7239990234375 120.06700134277344
v 325.26800537109375 247.93899536132812 103.8239974975586
v 275.1610107421875 238.13600158691406 161.9080047607422
v 273.2659912109375 292.4849853515625 130.5850067138672
v 225.31199645996094 232.97799682617188 168.6909942626953
v 224.9949951171875 235.3730010986328 169.60699462890625
v 304.8580017089844 261.6549987792969 105.04299926757812
v 308.0379943847656 278.1300048828125 101.48500061035156
v 316.7929992675781 214.35899353027344 149.6540069580078
v 225.74600219726562 241.56399536132812 167.5800018310547
v 313.510009765625 258.7770080566406 150.92999267578125
v 321.2850036621094 258.40399169921875 99.65010070800781
v 320.06201171875 259.3659973144531 99.58989715576172
v 279.6969909667969 299.35198974609375 146.66900634765625
v 303.0069885253906 231.42599487304688 159.66700744628906
v 269.2539978027344 279.0719909667969 169.39300537109375
v 273.0190124511719 278.00799560546875 169.0850067138672
v 266.7170104980469 266.4960021972656 172.90699768066406
v 265.72198486328125 267.56201171875 173.64199829101562
v 291.9960021972656 231.30999755859375 148.24200439453125
v 254.74600219726562 260.0929870605469 135.91000366210938
v 253.41000366210938 260.5090026855469 138.39199829101562
v 258.0989990234375 275.6260070800781 132.8249969482422
v 294.22698974609375 298.4830017089844 109.9209976196289
v 295.875 251.6269989013672 163.63999938964844
v 239.31399536132812 258.80499267578125 174.11099243164062
v 240.5489959716797 260.91900634765625 173.13900756835938
v 240.62100219726562 227.20399475097656 171.22999572753906
v 241.36399841308594 226.01600646972656 173.552001953125
v 258.3070068359375 275.093994140625 172.5590057373047
v 318.2049865722656 260.1510009765625 99.5531005859375
v 312.35101318359375 281.8919982910156 104.27799987792969
v 311.614990234375 279.6679992675781 102.66100311279297
v 282.7959899902344 237.68299865722656 157.61000061035156
v 270.8999938964844 239.18800354003906 163.43600463867188
v 250.2030029296875 276.27301025390625 160.1719970703125
v 250.7010040283203 276.73699951171875 155.00799560546875
v 268.1189880371094 282.135986328125 167.40199279785156
v 269.6059875488281 284.114013671875 165.61900329589844
v 232.46299743652344 246.10400390625 178.73599243164062
v 252.71600341796875 264.7359924316406 138.13299560546875
v 272.9209899902344 236.0959930419922 171.80999755859375
v 271.6050109863281 234.26300048828125 171.5399932861328
v 290.9859924316406 253.322998046875 120.81400299072266
v 287.75 253.74600219726562 120.61499786376953
v 258.4989929199219 232.8719940185547 171.6649932861328
v 257.1059875488281 231.76100158691406 172.3040008544922
v 249.5970001220703 233.75100708007812 179.8249969482422
v 244.41000366210938 232.29600524902344 180.6820068359375
v 246.2010040283203 256.26300048828125 140.5330047607422
v 239.24200439453125 251.593994140625 179.1060028076172
v 242.89300537109375 249.94000244140625 181.01400756835938
v 308.7510070800781 218.97999572753906 151.62899780273438
v 309.0979919433594 219.98899841308594 154.43499755859375
v 244.10299682617188 243.91900634765625 182.7449951171875
v 325.1109924316406 224.21299743652344 104.53700256347656
v 318.94500732421875 244.2449951171875 103.98999786376953
v 253.13299560546875 259.55499267578125 140.04200744628906
v 313.4750061035156 214.64300537109375 127.37000274658203
v 305.7239990234375 288.57598876953125 140.9969940185547
v 309.3680114746094 287.1369934082031 137.10400390625
v 298.2959899902344 251.4340057373047 124.12000274658203
v 299.64300537109375 250.88299560546875 122.12899780273438
v 257.4429931640625 240.07699584960938 178.61399841308594
v 247.1020050048828 258.22698974609375 139.4080047607422
v 250.28599548339844 258.6340026855469 141.1790008544922
v 281.9289855957031 254.4459991455078 130.85400390625
v 277.14801025390625 256.3070068359375 129.46800231933594
v 307.6199951171875 282.89801025390625 144.93299865722656
v 310.62298583984375 282.09600830078125 140.6510009765625
v 316 218.57899475097656 152.91700744628906
v 292.1059875488281 297.14801025390625 109.64900207519531
v 324.2200012207031 212.08599853515625 108.30999755859375
v 291.7139892578125 232.06700134277344 161.99200439453125
v 292.0979919433594 231.0469970703125 160.8730010986328
v 300.093994140625 227.96200561523438 149.86300659179688
v 298.7239990234375 228.3159942626953 147.6230010986328
v 232.4980010986328 228.8769989013672 168.54299926757812
v 247.1219940185547 272.65301513671875 168.0240020751953
v 248.4810028076172 274.8699951171875 165.86000061035156
v 273.1059875488281 234.9459991455078 171.052001953125
v 321.5169982910156 259.9280090332031 100.64600372314453
v 287.6319885253906 254.36000061035156 165.34300231933594
v 288.42401123046875 249.54600524902344 165.4429931640625
v 306.1839904785156 221.73800659179688 155.60499572753906
v 241.55499267578125 244.28199768066406 182.531005859375
v 238.41799926757812 242.72500610351562 182.09300231933594
v 301.9960021972656 244.1739959716797 128.2169952392578
v 305.114013671875 293.17498779296875 108.93499755859375
v 307.5409851074219 290.8609924316406 108.60399627685547
v 253.37100219726562 231.23899841308594 171.32000732421875
v 326.41900634765625 209.11900329589844 122.65899658203125
v 326.7200012207031 209.80799865722656 126.69000244140625
v 239.41900634765625 225.41099548339844 175.10699462890625
v 237.35499572753906 225.91700744628906 172.8090057373047
v 315.5379943847656 219.1280059814453 111.27100372314453
v 240.0709991455078 245.9669952392578 154.2899932861328
v 240.0540008544922 247.66900634765625 152.07000732421875
v 313.4729919433594 221.1540069580078 155.35800170898438
v 301.802001953125 249.66600036621094 119.56900024414062
v 293.4849853515625 229.81500244140625 150.61099243164062
v 284.3590087890625 304.12298583984375 127.11499786376953
v 287.5830078125 304.34600830078125 124.87899780273438
v 294.86199951171875 251.84500122070312 125.2959976196289
v 294.02301025390625 250.45199584960938 127.62699890136719
v 227.42599487304688 242.5019989013672 163.4810028076172
v 225.69000244140625 240.1909942626953 166.17100524902344
v 268.72198486328125 239.1510009765625 163.968994140625
v 267.7560119628906 236.28500366210938 166.48899841308594
v 324.1449890136719 262.3900146484375 105.72100067138672
v 324.6310119628906 259.7690124511719 104.28700256347656
v 243.66299438476562 255.6320037841797 140.5709991455078
v 326.0169982910156 236.77000427246094 105.44200134277344
v 326.9330139160156 233.79299926757812 106.37000274658203
v 301.1390075683594 225.96099853515625 147.9010009765625
v 234.875 225.41400146484375 172.0970001220703
v 260.85400390625 272.2130126953125 174.54299926757812
v 264.62298583984375 273.135009765625 173.875
v 314.2909851074219 268.65301513671875 101.01799774169922
v 323.3900146484375 222.56300354003906 104.10399627685547
v 262.9599914550781 285.0169982910156 164.94900512695312
v 275.114990234375 273.7619934082031 169.77099609375
v 276.65399169921875 275.7650146484375 167.76800537109375
v 265.9849853515625 251.5760040283203 145.13999938964844
v 268.0270080566406 253.0229949951172 143.91099548339844
v 267.8529968261719 263.3800048828125 125.11399841308594
v 302.9179992675781 293.1080017089844 106.88400268554688
v 314.447998046875 245.04400634765625 102.94499969482422
v 260.53399658203125 291.2019958496094 151.4080047607422
v 281.7850036621094 256.39801025390625 120.23500061035156
v 284.468994140625 256.72100830078125 117.85900115966797
v 238.677001953125 227.427001953125 170.38600158691406
v 239.76499938964844 226.11700439453125 172.78799438476562
v 329.07598876953125 238.99600219726562 111.94499969482422
v 316.0820007324219 280.55999755859375 130.23300170898438
v 319.3210144042969 276.5820007324219 127.13200378417969
v 257.8009948730469 288.3039855957031 153.09800720214844
v 271.0539855957031 280.5979919433594 168.00999450683594
v 317.3699951171875 217.06700134277344 107.9020004272461
v 248.9510040283203 262.72900390625 177.20700073242188
v 272.8340148925781 289.3630065917969 127.66500091552734
v 324.27301025390625 267.06500244140625 111.68000030517578
v 252.5290069580078 262.8840026855469 138.5330047607422
v 255.4759979248047 256.135009765625 143.56300354003906
v 307.6719970703125 249.03599548339844 111.052001953125
v 304.8169860839844 273.22198486328125 102.08300018310547
v 308.71099853515625 272.74700927734375 101.12899780273438
v 269.09698486328125 233.89100646972656 171.69400024414062
v 267.02899169921875 234.12399291992188 170.19900512695312
v 328.1960144042969 247.84300231933594 108.82099914550781
v 307.4119873046875 247.20899963378906 159.343994140625
v 310.55499267578125 244.84800720214844 157.09500122070312
v 292.2820129394531 266.06201171875 163.13999938964844
v 278.760009765625 255.9600067138672 138.94000244140625
v 321.6990051269531 218.13999938964844 104.66500091552734
v 318.31500244140625 280.0849914550781 120.27300262451172
v 301.60400390625 296.656005859375 132.3560028076172
v 253.7449951171875 229.8820037841797 175.093994140625
v 323.4219970703125 211.02200317382812 108.76899719238281
v 257.66400146484375 261.00799560546875 132.15499877929688
v 258.302001953125 258.2080078125 134.37899780273438
v 226.8090057373047 229.78500366210938 168.8419952392578
v 225.5 230.98800659179688 169.64300537109375
v 259.07000732421875 232.73599243164062 172.93899536132812
v 258.593994140625 233.76699829101562 174.79600524902344
v 271.15301513671875 243.73399353027344 172.80799865722656
v 283.55999755859375 236.46600341796875 159.85000610351562
v 325.3380126953125 260.4739990234375 125.21099853515625
v 323.6000061035156 259.1510009765625 132.15499877929688
v 317.71600341796875 212.18600463867188 110.7959976196289
v 311.9739990234375 220.17799377441406 123.64099884033203
v 313.2640075683594 221.01600646972656 120.2979965209961
v 287.25799560546875 237.29200744628906 149.3990020751953
v 271.3819885253906 297.48199462890625 137.3459930419922
v 262.3330078125 240.43800354003906 164.12600708007812
v 307.52801513671875 293.47900390625 120.33300018310547
v 259.6940002441406 250.77099609375 181.77699279785156
v 255.5800018310547 250.17799377441406 182.56199645996094
v 316.6719970703125 245.92300415039062 100.5979995727539
v 298.4100036621094 228.86300659179688 160.91200256347656
v 324.1570129394531 206.0399932861328 127.20700073242188
v 322.3890075683594 205.64999389648438 126.19599914550781
v 255.3520050048828 254.85400390625 146.4980010986328
v 253.14500427246094 235.4499969482422 167.51400756835938
v 281.56500244140625 236.98399353027344 167.51800537109375
v 281.52099609375 235.2969970703125 167.74400329589844
v 323.72100830078125 207.63800048828125 118.14900207519531
v 324.18499755859375 206.84500122070312 119.99099731445312
v 260.8479919433594 238.60899353027344 166.17999267578125
v 326.1199951171875 256.5610046386719 105.10600280761719
v 327.2019958496094 251.7729949951172 106.41100311279297
v 312.385986328125 243.7449951171875 108.63700103759766
v 303.7080078125 248.30599975585938 161.47900390625
v 261.8429870605469 236.0989990234375 168.4929962158203
v 315.4179992675781 245.48800659179688 101.56199645996094
v 263.7250061035156 246.02000427246094 175.22500610351562
v 278.7149963378906 236.70599365234375 168.26400756835938
v 298.3160095214844 228.2729949951172 159.20899963378906
v 303.864990234375 227.2790069580078 158.11700439453125
v 302.42999267578125 228.38400268554688 156.69700622558594
v 232.7209930419922 245.95799255371094 158.55599975585938
v 233.13499450683594 244.593994140625 158.61500549316406
v 318.3630065917969 268.2820129394531 102.58599853515625
v 241.0290069580078 246.5500030517578 181.83700561523438
v 259.79400634765625 284.60101318359375 164.84800720214844
v 256.8280029296875 284.4360046386719 144.39300537109375
v 311.3349914550781 287.5069885253906 109.8010025024414
v 325.0580139160156 219.0240020751953 105.63899993896484
v 326.62298583984375 219.17100524902344 107.69300079345703
v 320.0740051269531 216.54100036621094 105.85600280761719
v 274.4519958496094 257.0260009765625 140.22999572753906
v 265.3380126953125 245.4219970703125 153.6009979248047
v 262.0220031738281 247.06500244140625 150.2259979248047
v 240.1300048828125 249.46299743652344 149.8699951171875
v 242.572998046875 250.33399963378906 147.72999572753906
v 261.2799987792969 274.7430114746094 172.88900756835938
v 263.01300048828125 278.8269958496094 170.16900634765625
v 313.2430114746094 286.8580017089844 117.91500091552734
v 328.87701416015625 223.41900634765625 123.56600189208984
v 234.9219970703125 245.98500061035156 156.91600036621094
v 234.8459930419922 243.53199768066406 158.60499572753906
v 290.79998779296875 292.5580139160156 109.6259994506836
v 312.4880065917969 219.28799438476562 154.18499755859375
v 311.10101318359375 221.2729949951172 156.38900756835938
v 275.81201171875 262.48699951171875 169.18699645996094
v 277.20098876953125 260.6369934082031 167.6219940185547
v 298.3999938964844 253.656005859375 116.3759994506836
v 317.7070007324219 279.7040100097656 114.54000091552734
v 258.8080139160156 247.5749969482422 150.322998046875
v 260.9219970703125 245.84500122070312 152.30799865722656
v 317.9339904785156 208.01800537109375 125.47899627685547
v 318.67999267578125 208.47000122070312 128.5469970703125
v 309.9070129394531 228.1790008544922 124.98100280761719
v 286.635009765625 238.7169952392578 145.9040069580078
v 241.89199829101562 260.468994140625 141.76400756835938
v 291.7300109863281 299.2460021972656 111.3290023803711
v 291.6189880371094 300.8070068359375 112.96399688720703
v 267.9519958496094 290.7510070800781 158.61500549316406
v 297.92999267578125 235.58399963378906 164.25
v 268.02899169921875 269.21600341796875 124.0459976196289
v 310.6050109863281 276.1679992675781 145.55999755859375
v 313.27801513671875 271.3370056152344 144.4040069580078
v 303.135009765625 250.97000122070312 115.25499725341797
v 271.4079895019531 254.281005859375 142.86399841308594
v 314.8089904785156 230.30299377441406 155.26100158691406
v 322.4639892578125 206.58599853515625 119.75199890136719
v 323.3039855957031 206.09100341796875 121.46299743652344
v 239.2989959716797 256.5690002441406 176.3300018310547
v 326.04400634765625 226.1540069580078 104.94200134277344
v 326.843994140625 224.63099670410156 106.04100036621094
v 283.4049987792969 301.25299072265625 119.82099914550781
v 225.36199951171875 239.406005859375 170.90199279785156
v 225.177001953125 239.68699645996094 168.5189971923828
v 298.5119934082031 269.34100341796875 158.58200073242188
v 295.86199951171875 269.60101318359375 160.6439971923828
v 312.5509948730469 247.5030059814453 102.4219970703125
v 313.90301513671875 248.12899780273438 100.47599792480469
v 313.26300048828125 249.8719940185547 100.0459976196289
v 319.1180114746094 210.656005859375 144.3070068359375
v 317.59100341796875 210.94900512695312 144.51300048828125
v 311.2669982910156 216.83900451660156 149.2830047607422
v 251.27699279785156 264.7799987792969 140.82000732421875
v 251.2570037841797 246.98500061035156 182.6929931640625
v 269.4330139160156 298.1709899902344 142.53199768066406
v 323.3340148925781 229.38999938964844 104.1729965209961
v 278.89300537109375 273.5769958496094 117.83300018310547
v 277.14801025390625 276.6910095214844 119.5510025024414
v 278.0530090332031 288.9469909667969 124.13600158691406
v 297.3789978027344 228.40699768066406 148.86199951171875
v 295.9960021972656 231.4510040283203 163.70599365234375
v 257.91900634765625 237.80499267578125 176.58900451660156
v 326.8479919433594 217.2899932861328 109.13899993896484
v 298.6759948730469 256.9570007324219 161.3470001220703
v 267.3399963378906 261.5870056152344 173.13800048828125
v 270.0270080566406 236.7209930419922 165.7220001220703
v 277.7070007324219 278.6189880371094 165.93899536132812
v 280.2019958496094 277.2340087890625 164.94200134277344
v 256.4179992675781 235.2740020751953 168.3419952392578
v 272.11199951171875 282.1650085449219 166.53500366210938
v 235.57699584960938 233.6999969482422 181.11500549316406
v 253.75900268554688 256.57598876953125 144.65899658203125
v 226.11399841308594 232.44400024414062 173.1959991455078
v 230.1490020751953 248.64300537109375 164.25999450683594
v 305.91900634765625 294.1470031738281 129.69500732421875
v 229.625 225.75599670410156 174.78799438476562
v 229.52999877929688 227.73300170898438 176.14300537109375
v 278.6579895019531 241.5260009765625 150.49899291992188
v 276.6319885253906 244.07000732421875 148.76699829101562
v 275.1159973144531 246.8159942626953 146.8719940185547
v 256.4100036621094 235.02499389648438 176.6179962158203
v 312.24700927734375 250.9510040283203 101.06700134277344
v 299.59100341796875 235.6510009765625 132.97500610351562
v 281.8550109863281 268.7619934082031 165.34300231933594
v 280.0669860839844 265.62799072265625 166.3730010986328
v 282.531005859375 286.3900146484375 119.98200225830078
v 234.10299682617188 253.0489959716797 160.6300048828125
v 234.4459991455078 252.78199768066406 156.5800018310547
v 302.0830078125 227.4969940185547 155.08900451660156
v 324.8340148925781 206.61199951171875 122.10700225830078
v 265.34698486328125 249.43699645996094 146.72900390625
v 314.52398681640625 279.14801025390625 134.85000610351562
v 317.4469909667969 276.5669860839844 131.82400512695312
v 317.4540100097656 227.1719970703125 107.0739974975586
v 298.531005859375 287.0469970703125 150.11500549316406
v 296.18701171875 290.42401123046875 148.86199951171875
v 227.83200073242188 233.3350067138672 165.96099853515625
v 275.34698486328125 281.24200439453125 166.01600646972656
v 277.60699462890625 281.5899963378906 164.66400146484375
v 325.8999938964844 262.760986328125 118.70600128173828
v 310.69000244140625 256.1570129394531 155.28199768066406
v 310.3080139160156 253.3179931640625 156.41600036621094
v 262.67401123046875 284.5710144042969 134.11099243164062
v 259.125 283.6709899902344 137.70599365234375
v 319.031005859375 209.6199951171875 142.4199981689453
v 316.8280029296875 210.74000549316406 142.48300170898438
v 296.7300109863281 240.78900146484375 163.89700317382812
v 279.0249938964844 251.73300170898438 167.156005859375
v 293.8940124511719 244.65899658203125 132.88499450683594
v 279.02398681640625 248.58200073242188 167.70799255371094
v 300.5740051269531 254.50100708007812 160.9530029296875
v 247.35000610351562 240.6959991455078 161.66600036621094
v 327.22900390625 255.7100067138672 108.947998046875
v 263.56500244140625 250.49000549316406 146.34300231933594
v 233.58799743652344 225.73800659179688 170.6739959716797
v 242.21400451660156 255.48300170898438 141.60299682617188
v 306.6929931640625 234.0260009765625 158.4759979248047
v 311.3800048828125 247.68499755859375 104.24199676513672
v 302.0419921875 289.5379943847656 144.5189971923828
v 305.46600341796875 286.2250061035156 144.30599975585938
v 251.07400512695312 272.3070068359375 144.2760009765625
v 252.67799377441406 275.4200134277344 141.50100708007812
v 319.9100036621094 212.875 107.71700286865234
v 278.8529968261719 234.0989990234375 168.0050048828125
v 277.8479919433594 265.57598876953125 166.93899536132812
v 239.54600524902344 226.35800170898438 177.98399353027344
v 239.61199951171875 228.2570037841797 180.20899963378906
v 284.3219909667969 237.04800415039062 166.53399658203125
v 282.61199951171875 240.09300231933594 167.0050048828125
v 275.34600830078125 291.1940002441406 127.6510009765625
v 324.5429992675781 252.41299438476562 100.85800170898438
v 282.11700439453125 273.989990234375 115.76100158691406
v 236.33999633789062 228.96200561523438 168.7550048828125
v 274.9010009765625 254.01699829101562 142.51400756835938
v 294.64801025390625 234.41400146484375 164.7429962158203
v 293.3330078125 233.53399658203125 164.19000244140625
v 327.60101318359375 215.88400268554688 119.58100128173828
v 299.8219909667969 258.3949890136719 109.60099792480469
v 298.3489990234375 261.32000732421875 108.83499908447266
v 315.1839904785156 277.64898681640625 104.39900207519531
v 289.9639892578125 280.28399658203125 159.40899658203125
v 293.8970031738281 278.9219970703125 158.46800231933594
v 233.3300018310547 248.1219940185547 178.10499572753906
v 234.5030059814453 249.9010009765625 178.13600158691406
v 327.24798583984375 257.1029968261719 114.62899780273438
v 304.9159851074219 222.8459930419922 156.06700134277344
v 313.06500244140625 238.06700134277344 112.22599792480469
v 294.052001953125 240.36900329589844 164.8040008544922
v 272.87200927734375 296.33099365234375 134.375
v 322.9169921875 267.78900146484375 127.13500213623047
v 288.5880126953125 238.52699279785156 139.53500366210938
v 261.1029968261719 260.5849914550781 130.35299682617188
v 305.40899658203125 256.64801025390625 107.51499938964844
v 290.90301513671875 244.82000732421875 165.50100708007812
v 273.15301513671875 257.0409851074219 129.88299560546875
v 269.5360107421875 258.3789978027344 129.3419952392578
v 254.2830047607422 278.0920104980469 169.30799865722656
v 312.9649963378906 255.6300048828125 100.61299896240234
v 253.6790008544922 230.70399475097656 175.83200073242188
v 235.2779998779297 254.48500061035156 159.6490020751953
v 313.84600830078125 286.22100830078125 123.46499633789062
v 315.27099609375 283.3760070800781 128.1840057373047
v 306.9330139160156 224.8280029296875 129.3769989013672
v 241.56399536132812 242.51400756835938 182.96499633789062
v 300.94000244140625 230.65499877929688 161.26600646972656
v 317.6510009765625 212.2570037841797 147.0290069580078
v 287.51300048828125 236.86500549316406 158.4980010986328
v 286.7349853515625 237.75 156.44200134277344
v 324.1990051269531 210.36500549316406 135.16299438476562
v 278.10198974609375 300.406005859375 145.38099670410156
v 315.04400634765625 230.78500366210938 111.58399963378906
v 265.5530090332031 283.2090148925781 130.5229949951172
v 267.4599914550781 281.7380065917969 127.52999877929688
v 259.5559997558594 242.41700744628906 161.58999633789062
v 304.6919860839844 241.8459930419922 125.32599639892578
v 324.3190002441406 256.8219909667969 101.70899963378906
v 324.5950012207031 258.1130065917969 102.94000244140625
v 309.6919860839844 289.79998779296875 111.16699981689453
v 309.7969970703125 232.8520050048828 158.47000122070312
v 307.6449890136719 231.54200744628906 158.73399353027344
v 252.33399963378906 246.76699829101562 152.68600463867188
v 295.0429992675781 288.6759948730469 150.96600341796875
v 272.85198974609375 238.56100463867188 163.01499938964844
v 225.81399536132812 238.53399658203125 165.33200073242188
v 225.0590057373047 238.7530059814453 167.19400024414062
v 232.02499389648438 234.69200134277344 164.47000122070312
v 236.11500549316406 233.5260009765625 165.64199829101562
v 234.49600219726562 231.04400634765625 167.35899353027344
v 303.9320068359375 278.1960144042969 151.72900390625
v 309.4010009765625 279.4209899902344 145.4810028076172
v 260.68499755859375 255.5260009765625 138.43899536132812
v 260.7340087890625 255.56300354003906 141.2469940185547
v 292.1300048828125 301.41900634765625 134.93800354003906
v 295.6180114746094 300.3179931640625 132.2209930419922
v 270.3269958496094 283.0329895019531 125.68900299072266
v 258.885986328125 234.41900634765625 169.95799255371094
v 320.5889892578125 222.68800354003906 148.79400634765625
v 298.28900146484375 228.52499389648438 154.36199951171875
v 279.90899658203125 291.7239990234375 124.64299774169922
v 321.24700927734375 257.1419982910156 139.2010040283203
v 325.2799987792969 255.91900634765625 102.7030029296875
v 284.62799072265625 254.87899780273438 119.93699645996094
v 317.46600341796875 271.4079895019531 103.4209976196289
v 240.82699584960938 256.1289978027344 142.0449981689453
v 249.38999938964844 273.760986328125 158.1840057373047
v 322.2460021972656 264.5790100097656 104.47200012207031
v 320.9679870605469 263.75799560546875 102.4749984741211
v 310.5400085449219 244.28700256347656 111.35299682617188
v 308.8840026855469 246.677001953125 111.5479965209961
v 320.22198486328125 243.0500030517578 105.2959976196289
v 315.875 247.802001953125 151.93099975585938
v 314.1780090332031 258.60198974609375 100.40599822998047
v 308.1610107421875 255.32899475097656 106.00399780273438
v 327.6400146484375 221.7469940185547 109.4469985961914
v 294.1839904785156 253.56500244140625 120.625
v 292.9570007324219 252.83200073242188 121.5999984741211
v 236.8350067138672 225.5989990234375 176.03500366210938
v 279.25299072265625 291.2919921875 156.67599487304688
v 280.52301025390625 293.2590026855469 154.5290069580078
v 324.4280090332031 213.72500610351562 107.51899719238281
v 277.9020080566406 237.88900756835938 160.28700256347656
v 316.91900634765625 210.6300048828125 119.7760009765625
v 280.3420104980469 254.85299682617188 126.28600311279297
v 281.84600830078125 300.47100830078125 122.43399810791016
v 313.85699462890625 214.06500244140625 146.81100463867188
v 313.6600036621094 213.55999755859375 143.12600708007812
v 297.4320068359375 301.04400634765625 118.46099853515625
v 327.3080139160156 248.1269989013672 126.13600158691406
v 231.97999572753906 232.66299438476562 166.031005859375
v 298.5249938964844 275.77899169921875 156.7209930419922
v 295.0580139160156 275.614013671875 158.79100036621094
v 302.05999755859375 245.9810028076172 126.64099884033203
v 312.6839904785156 256.4590148925781 153.03799438476562
v 314.76800537109375 253.6790008544922 151.41000366210938
v 316.41900634765625 233.48199462890625 108.49199676513672
v 323.81500244140625 250.96499633789062 100.27200317382812
v 299.43798828125 252.33099365234375 162.3260040283203
v 319.9849853515625 223.52000427246094 104.46099853515625
v 319.5639953613281 220.86399841308594 104.83100128173828
v 277.7690124511719 282.9809875488281 121.04399871826172
v 294.0480041503906 297.20001220703125 141.843994140625
v 319.5 269.42498779296875 104.56500244140625
v 320.5350036621094 270.81201171875 107.05799865722656
v 317.82501220703125 209.65899658203125 140.65899658203125
v 259.75 273.8949890136719 131.06500244140625
v 271.1090087890625 233.81399536132812 170.0970001220703
v 270.1239929199219 234.08700561523438 172.16900634765625
v 291.0050048828125 257.12200927734375 163.91799926757812
v 314.0820007324219 225.61399841308594 117.20700073242188
v 244.35899353027344 242.31300354003906 158.96299743652344
v 297.2590026855469 229.94400024414062 141.68699645996094
v 319.5929870605469 244.9530029296875 102.6969985961914
v 243.3209991455078 256.4159851074219 139.8719940185547
v 313.04901123046875 285.0169982910156 109.03099822998047
v 324.9540100097656 212.2570037841797 135.13800048828125
v 325.33099365234375 210.5970001220703 132.593994140625
v 285.69000244140625 292.4949951171875 116.9209976196289
v 248.00900268554688 271.13800048828125 171.02999877929688
v 250.80999755859375 269.72698974609375 173.4290008544922
v 259.03900146484375 286.05999755859375 162.6060028076172
v 301.02099609375 265.4840087890625 158.15899658203125
v 282.697998046875 254.48199462890625 122.5770034790039
v 263.6090087890625 255.0019989013672 178.81199645996094
v 262.70001220703125 253.08299255371094 179.00399780273438
v 286.8970031738281 235.77000427246094 164.55999755859375
v 312.1619873046875 259.427001953125 101.89399719238281
v 315.51300048828125 260.5010070800781 100.30899810791016
v 259.5190124511719 281.09698486328125 168.22999572753906
v 312.37298583984375 215.28399658203125 146.0070037841797
v 255.7790069580078 230.76800537109375 173.06900024414062
v 299.1719970703125 243.55499267578125 163.39999389648438
v 316.3999938964844 234.22000122070312 153.07200622558594
v 317.156005859375 274.0849914550781 134.9040069580078
v 227.718994140625 227.20899963378906 170.60499572753906
v 228.822998046875 225.5489959716797 172.3509979248047
v 275.02899169921875 250.34100341796875 143.79200744628906
v 315.7749938964844 237.3679962158203 108.89800262451172
v 264.4339904785156 294.8800048828125 147.4739990234375
v 266.5539855957031 296.63800048828125 147.6320037841797
v 236.4199981689453 251.32200622558594 178.0590057373047
v 252.0279998779297 271.1650085449219 140.46099853515625
v 292.531005859375 295.51300048828125 145.75799560546875
v 284.6130065917969 284.5429992675781 159.13699340820312
v 294.0270080566406 235.76400756835938 137.75
v 277.0780029296875 293.52099609375 154.94500732421875
v 228.00799560546875 231.75599670410156 175.8769989013672
v 260.7200012207031 263.1239929199219 178.78399658203125
v 252.08299255371094 257.01300048828125 144.13900756835938
v 250.38499450683594 255.1490020751953 144.84500122070312
v 260.4410095214844 264.33599853515625 128.7779998779297
v 262.8330078125 265.4280090332031 126.69100189208984
v 304.9410095214844 224.07200622558594 158.33299255371094
v 316.531005859375 268.8550109863281 140.79600524902344
v 323.83599853515625 209.11099243164062 114.52300262451172
v 263.5329895019531 257.8190002441406 180.3459930419922
v 320.802001953125 211.64999389648438 108.06800079345703
v 300.7690124511719 295.4490051269531 136.6300048828125
v 242.0850067138672 229.13099670410156 169.91400146484375
v 231.59500122070312 225.52699279785156 175.68699645996094
v 301.1340026855469 274.5360107421875 155.302001953125
v 300.7510070800781 270.5329895019531 156.76699829101562
v 325.5 253.89199829101562 129.35000610351562
v 287.02398681640625 236.09300231933594 162.31100463867188
v 307.0929870605469 220.29100036621094 132.54400634765625
v 309.3169860839844 219.06500244140625 130.29600524902344
v 254.822998046875 244.88400268554688 182.3040008544922
v 249.80599975585938 248.77999877929688 150.04400634765625
v 254.0050048828125 248.95399475097656 149.95399475097656
v 304.0050048828125 223.47000122070312 154.927001953125
v 292.09100341796875 262.4649963378906 163.56300354003906
v 288.114990234375 259.7550048828125 164.58700561523438
v 247.91700744628906 261.9840087890625 139.86599731445312
v 267.2980041503906 268.5660095214844 173.13400268554688
v 286.4410095214844 303.9389953613281 122.21299743652344
v 315.2309875488281 273.2359924316406 102.19100189208984
v 283.9670104980469 292.4989929199219 120.10099792480469
v 324.4320068359375 266.09100341796875 123.11900329589844
v 300.6929931640625 283.48199462890625 151.26699829101562
v 291.9649963378906 267.54400634765625 110.0989990234375
v 285.47198486328125 260.3399963378906 115.10700225830078
v 296.18499755859375 233.31900024414062 164.64700317382812
v 260.781005859375 277.7099914550781 131.91099548339844
v 269.5159912109375 269.864013671875 172.61399841308594
v 268.3139953613281 270.62200927734375 173.63299560546875
v 254.2530059814453 261.63800048828125 135.6649932861328
v 267.09698486328125 272.5679931640625 173.73300170898438
v 321.2569885253906 221.7570037841797 104.1510009765625
v 316.7130126953125 210.46099853515625 133.73500061035156
v 315.3529968261719 212.3800048828125 131.70700073242188
v 229.5330047607422 224.88299560546875 172.9739990234375
v 228.82699584960938 225.5959930419922 173.8179931640625
v 321.43701171875 261.7030029296875 101.73400115966797
v 311.80499267578125 214.3459930419922 137.3350067138672
v 310.7969970703125 215.98699951171875 140.49899291992188
v 305.5679931640625 229.4239959716797 158.64199829101562
v 266.0419921875 255.66099548339844 175.4600067138672
v 264.8680114746094 256.77301025390625 177.656005859375
v 233.3769989013672 243.97900390625 179.9239959716797
v 320.92999267578125 211.14500427246094 143.62899780273438
v 225.98500061035156 238.66900634765625 173.20599365234375
v 301.375 233.07200622558594 162.02000427246094
v 229.08099365234375 226.06700134277344 170.68899536132812
v 268.4179992675781 255 142.86000061035156
v 249.46400451660156 229.5760040283203 177.59100341796875
v 284.8080139160156 287.60400390625 156.87100219726562
v 280.8429870605469 289.4070129394531 157.3800048828125
v 318.0639953613281 261.6709899902344 100.27400207519531
v 319.5679931640625 262.7539978027344 101.15699768066406
v 276.48699951171875 264.9360046386719 119.27200317382812
v 278.61199951171875 267.75 117.42900085449219
v 311.0989990234375 287.5660095214844 132.5749969482422
v 313.53900146484375 283.32598876953125 132.4980010986328
v 282.5920104980469 253.05599975585938 166.39599609375
v 278.4909973144531 252.76300048828125 141.54400634765625
v 278.0190124511719 250.01800537109375 142.83599853515625
v 239.7779998779297 260.53399658203125 147.62399291992188
v 304.8030090332031 246.04100036621094 120.37899780273438
v 305.375 247.38900756835938 117.44599914550781
v 231.4969940185547 250.48699951171875 169.07699584960938
v 233.03599548339844 252.06300354003906 163.1269989013672
v 262.1780090332031 269.0140075683594 175.99000549316406
v 264.93798828125 266.84600830078125 125.3949966430664
v 310.7359924316406 219.6199951171875 127.23899841308594
v 276.677001953125 256.6130065917969 139.1300048828125
v 225.3719940185547 237.1529998779297 171.875
v 284.86700439453125 304.07000732421875 124.2770004272461
v 245.36700439453125 268.5159912109375 162.73899841308594
v 281.2460021972656 279.7179870605469 163.35499572753906
v 285.25299072265625 279.37701416015625 161.88499450683594
v 251.49400329589844 231.98800659179688 177.93699645996094
v 272.0559997558594 299.45098876953125 139.54200744628906
v 274.9519958496094 301.3500061035156 138.46499633789062
v 314.21099853515625 213.6909942626953 123.58999633789062
v 274.3070068359375 279.6780090332031 167.4409942626953
v 325.14599609375 212.89300537109375 108.75599670410156
v 318.031005859375 238.1909942626953 106.66600036621094
v 277.5920104980469 301.62701416015625 142.0760040283203
v 288.4159851074219 236.10400390625 162.35000610351562
v 226.91900634765625 230.59300231933594 174.13800048828125
v 226.77499389648438 233.98699951171875 174.83200073242188
v 248.24200439453125 268.9670104980469 148.62600708007812
v 290.3070068359375 275.84600830078125 110.6709976196289
v 245.0500030517578 259.8039855957031 139.2100067138672
v 297.1369934082031 279.9309997558594 104.96499633789062
v 296.12799072265625 229.7550048828125 162.4409942626953
v 294.34100341796875 229.36099243164062 161.08999633789062
v 226.98899841308594 236.86399841308594 164.55099487304688
v 227.5240020751953 237.8300018310547 163.8040008544922
v 273.7179870605469 234.63900756835938 170.08900451660156
v 272.46099853515625 233.94700622558594 170.10899353027344
v 297.2229919433594 298.7080078125 134.2740020751953
v 242.51300048828125 257.9410095214844 140.2830047607422
v 250.02499389648438 264.36700439453125 141.58799743652344
v 252.97900390625 279.13800048828125 167.2969970703125
v 320.2229919433594 266.447998046875 103.36100006103516
v 321.51800537109375 267.5979919433594 105.8219985961914
v 265.0140075683594 256.03399658203125 137.40499877929688
v 280.6210021972656 234.25799560546875 163.802001953125
v 276.0589904785156 235.85299682617188 163.93800354003906
v 277.5660095214844 236.61599731445312 162.22799682617188
v 279.37298583984375 264.68701171875 117.16300201416016
v 235.79800415039062 227.84100341796875 179.47900390625
v 252.16200256347656 251.21400451660156 148.58200073242188
v 318.7980041503906 228.7830047607422 150.2949981689453
v 284.489990234375 252.93899536132812 131.1959991455078
v 284.6780090332031 253.36199951171875 134.5500030517578
v 327.18798828125 222.96200561523438 107.17400360107422
v 326.2749938964844 222.73899841308594 105.55899810791016
v 272.17999267578125 271.3630065917969 171.67300415039062
v 318.9070129394531 218.3419952392578 105.89099884033203
v 297.0840148925781 228.2209930419922 156.30299377441406
v 272.6189880371094 256.68798828125 132.85299682617188
v 275.7669982910156 261.9750061035156 120.91600036621094
v 278.4840087890625 261.7760009765625 118.78399658203125
v 281.12701416015625 236.61500549316406 160.02099609375
v 288.0409851074219 304.3190002441406 128.61199951171875
v 250.48199462890625 266.406005859375 142.3820037841797
v 241.5489959716797 226.89199829101562 178.86199951171875
v 241.5279998779297 225.54400634765625 176.031005859375
v 243.2270050048828 254.8280029296875 141.9759979248047
v 308.44500732421875 221.89199829101562 129.26600646972656
v 321.8900146484375 243.5229949951172 105.20999908447266
v 246.85699462890625 263.64599609375 140.2030029296875
v 266.9079895019531 252.97900390625 174.375
v 322.1000061035156 218.76800537109375 145.66299438476562
v 297.4739990234375 231.21299743652344 138.75999450683594
v 296.1919860839844 232.281005859375 140.11599731445312
v 316.66400146484375 262.6990051269531 100.79900360107422
v 308.8059997558594 218.59300231933594 148.3820037841797
v 281.2409973144531 289.09100341796875 122.37200164794922
v 303.7869873046875 224.156005859375 156.5679931640625
v 307.3389892578125 292.6839904785156 112.43000030517578
v 282.0400085449219 263.8160095214844 115.6259994506836
v 264.0360107421875 293.6990051269531 152.86500549316406
v 315.1159973144531 212.0919952392578 142.2830047607422
v 285.4830017089844 268.31298828125 164.08099365234375
v 230.2949981689453 225.1529998779297 171.47799682617188
v 276.6440124511719 234.61700439453125 169.3040008544922
v 275.05499267578125 234.8990020751953 169.52499389648438
v 324.50299072265625 208.99400329589844 116.23600006103516
v 277.7049865722656 234.16299438476562 168.71400451660156
v 281.75799560546875 255.66900634765625 136.48199462890625
v 310.80999755859375 272.4010009765625 147.10800170898438
v 312.0419921875 268.6789855957031 147.87100219726562
v 276.2919921875 233.81700134277344 168.04400634765625
v 242.4929962158203 261.385986328125 174.48199462890625
v 314.4880065917969 213.1739959716797 145.44500732421875
v 266.9079895019531 292.0849914550781 136.63499450683594
v 264.3590087890625 292.6440124511719 141.58200073242188
v 239.13800048828125 230.81100463867188 180.8280029296875
v 241.19000244140625 232.95399475097656 181.21200561523438
v 325.8320007324219 240.16299438476562 105.62000274658203
v 277.2760009765625 238.0590057373047 168.9459991455078
v 296.2019958496094 299.3340148925781 111.18599700927734
v 232.302001953125 242.49099731445312 159.86700439453125
v 272.00201416015625 256.48199462890625 141.25399780273438
v 274.1159973144531 245.95599365234375 149.5449981689453
v 265.47900390625 236.56199645996094 166.69400024414062
v 323.95098876953125 264.0450134277344 127.58100128173828
v 299.2539978027344 296.7279968261719 109.30500030517578
v 289.5260009765625 303.9460144042969 122.47799682617188
v 290.1610107421875 240.2689971923828 136.8489990234375
v 259.906005859375 240.22900390625 176.20700073242188
v 271.1570129394531 235.6649932861328 172.59800720214844
v 272.8890075683594 237.4709930419922 172.28799438476562
v 309.8139953613281 253.0290069580078 104.64800262451172
v 276.2489929199219 236.91799926757812 169.6909942626953
v 274.49700927734375 236.4239959716797 170.53500366210938
v 297.3340148925781 249.98500061035156 163.3280029296875
v 311.5639953613281 215.21499633789062 133.5050048828125
v 318.38800048828125 242.8209991455078 105.88200378417969
v 234.01499938964844 231.2949981689453 180.08299255371094
v 266.54400634765625 263.677001953125 176.48300170898438
v 257.22900390625 272.92999267578125 173.73199462890625
v 300.97900390625 298.1400146484375 128.7480010986328
v 305.59600830078125 226.375 159.75399780273438
v 296.4809875488281 228.8509979248047 161.4459991455078
v 273.3380126953125 261.6180114746094 123.1050033569336
v 249.57400512695312 269.8349914550781 146.29299926757812
v 251.40899658203125 279.22698974609375 161.4739990234375
v 252.4409942626953 280.5830078125 162.30799865722656
v 282.1260070800781 302.14801025390625 123.84500122070312
v 260.58599853515625 267.07598876953125 128.42999267578125
v 317.9320068359375 280.20098876953125 125.5260009765625
v 265.3179931640625 253.9250030517578 176.11399841308594
v 292.5780029296875 251.2969970703125 126.11199951171875
v 274.9639892578125 268.5419921875 120.01799774169922
v 274.9100036621094 290.5190124511719 158.2989959716797
v 321.8340148925781 208.5240020751953 133.74200439453125
v 319.8320007324219 208.93099975585938 131.20599365234375
v 227.6929931640625 226.88600158691406 172.9239959716797
v 265.9930114746094 263.66900634765625 178.70899963378906
v 267.10101318359375 263.0249938964844 177.8979949951172
v 294.2980041503906 228.92799377441406 154.125
v 321.23199462890625 214.47000122070312 146.1320037841797
v 261.822998046875 260.43798828125 180.2779998779297
v 311.97601318359375 227.50900268554688 122.36000061035156
v 286.77099609375 249.31300354003906 135.13900756835938
v 246.25799560546875 271.3240051269531 165.60299682617188
v 274.3009948730469 242.80099487304688 154.94700622558594
v 253.1179962158203 282.5169982910156 158.7220001220703
v 262.8599853515625 254.90499877929688 144.72900390625
v 264.92498779296875 255.28199768066406 143.69500732421875
v 249.85299682617188 240.03700256347656 162.9219970703125
v 283.4339904785156 253.30299377441406 128.2899932861328
v 317.5369873046875 221.12399291992188 152.32200622558594
v 288.1210021972656 236.51499938964844 160.33999633789062
v 238.3990020751953 259.92999267578125 167.8070068359375
v 297.2170104980469 253.74000549316406 119.37300109863281
v 264.52899169921875 233.69700622558594 171.97900390625
v 246.78599548339844 245.6490020751953 182.43299865722656
v 244.2169952392578 246.18499755859375 182.38699340820312
v 312.74200439453125 241.93699645996094 110.6719970703125
v 266.4939880371094 254.25 143.98699951171875
v 232.35499572753906 249.75599670410156 160.18499755859375
v 293.8110046386719 242.427001953125 164.98500061035156
v 267.61199951171875 234.5229949951172 172.20700073242188
v 327.3330078125 226.98599243164062 106.76100158691406
v 321.3550109863281 272.4639892578125 110.39900207519531
v 294.7090148925781 256.0660095214844 114.18699645996094
v 296.77801513671875 254.8209991455078 114.54299926757812
v 245.4149932861328 266.6210021972656 145.64700317382812
v 247.26800537109375 266.40399169921875 143.48500061035156
v 289.5 234.22999572753906 148.05299377441406
v 287.97900390625 235.93299865722656 146.13099670410156
v 310.1369934082031 224.71499633789062 158.74899291992188
v 272.2099914550781 245.0760040283203 152.78500366210938
v 311.0190124511719 259.8179931640625 153.5019989013672
v 308.5889892578125 258.4419860839844 156.2449951171875
v 279.7619934082031 256.37298583984375 136.3470001220703
v 311.8290100097656 230.19000244140625 157.90699768066406
v 309.9010009765625 231.093994140625 158.8350067138672
v 328.489990234375 231.8699951171875 131.197998046875
v 325.59100341796875 230.2760009765625 139.16900634765625
v 268.1300048828125 263.3680114746094 172.83700561523438
v 266.1619873046875 261.3280029296875 127.15699768066406
v 306.6719970703125 266.489013671875 154.5850067138672
v 307.6419982910156 263.78399658203125 154.73399353027344
v 311.7030029296875 215.5970001220703 143.6490020751953
v 327.0589904785156 242.81700134277344 131.14300537109375
v 251.42599487304688 263.5950012207031 140.23300170898438
v 273.031005859375 246.79100036621094 172.76400756835938
v 272.11700439453125 249.80999755859375 172.75999450683594
v 271.0069885253906 235.0469970703125 166.99000549316406
v 272.0849914550781 236.48300170898438 165.2220001220703
v 309.7690124511719 216.3719940185547 136.4080047607422
v 319.97198486328125 209.0399932861328 140.24000549316406
v 238.43899536132812 244.98399353027344 181.61199951171875
v 297.302001953125 262.3919982910156 161.55499267578125
v 296.0920104980469 282.2200012207031 105.48799896240234
v 313.85198974609375 226.60299682617188 155.95199584960938
v 325.5 208.03900146484375 120.13200378417969
v 281.92401123046875 267.64898681640625 115.21099853515625
v 293.8609924316406 230.6540069580078 162.31500244140625
v 319.57501220703125 206.76499938964844 123.18099975585938
v 298.6510009765625 252.44200134277344 120.18499755859375
v 226.99899291992188 228.47999572753906 173.5019989013672
v 226.17100524902344 229.83799743652344 172.2689971923828
v 305.15899658203125 291.968994140625 136.50999450683594
v 279.2149963378906 233.4080047607422 167
v 267.8810119628906 266.0140075683594 124.23100280761719
v 273.44000244140625 238.64700317382812 172.3090057373047
v 238.70700073242188 247.6230010986328 180.55499267578125
v 236.45399475097656 249.42599487304688 179.16200256347656
v 300.7590026855469 226.72799682617188 136.61199951171875
v 322.3450012207031 246.04299926757812 102.66899871826172
v 251.48300170898438 279.3710021972656 157.16000366210938
v 252.48399353027344 281.0050048828125 152.84300231933594
v 285.4389953613281 289.92999267578125 155.43099975585938
v 322.3550109863281 271.6679992675781 123.6729965209961
v 252.9499969482422 282.5320129394531 154.82899475097656
v 252.95399475097656 258.572998046875 141.38400268554688
v 254.38400268554688 257.5260009765625 141.1999969482422
v 324.35699462890625 213.72000122070312 138.81500244140625
v 323.114990234375 212.00799560546875 141.08999633789062
v 282.27398681640625 258.8940124511719 165.8560028076172
v 275.57501220703125 259.35101318359375 170.03799438476562
v 275.64300537109375 255.86599731445312 170.66299438476562
v 325.88299560546875 249.38699340820312 131.11900329589844
v 300.93499755859375 292.5270080566406 105.5479965209961
v 262.7879943847656 255.7550048828125 143.11300659179688
v 323.37298583984375 210.38400268554688 138.16900634765625
v 318.64898681640625 209.70700073242188 116.24099731445312
v 296.52099609375 251.5709991455078 125.48400115966797
v 298.4320068359375 290.56201171875 146.88999938964844
v 302.5450134277344 286 147.8419952392578
v 267.8110046386719 236.63400268554688 172.96200561523438
v 312.2619934082031 232.2830047607422 157.56500244140625
v 287.5989990234375 303.427001953125 119.88300323486328
v 253.89599609375 257.1679992675781 142.49200439453125
v 238.0749969482422 244.94200134277344 156.44900512695312
v 266.89599609375 245.1580047607422 173.6439971923828
v 267.7950134277344 250.2050018310547 145.63099670410156
v 263.927001953125 250.65899658203125 176.781005859375
v 317.3529968261719 235.73500061035156 107.11499786376953
v 279.9639892578125 285.88800048828125 121.1760025024414
v 232.83399963378906 224.59800720214844 172.3679962158203
v 317.9119873046875 210.88299560546875 113.83899688720703
v 263.2799987792969 281.7300109863281 131.85000610351562
v 265.1059875488281 278.9419860839844 128.63600158691406
v 294.24700927734375 272.8940124511719 160.2969970703125
v 230.56199645996094 224.75599670410156 173.91900634765625
v 263.8800048828125 293.3559875488281 144.71800231933594
v 290.4570007324219 233.0030059814453 160.16600036621094
v 289.71099853515625 233.35699462890625 156.84800720214844
v 256.3940124511719 230.96600341796875 174.07400512695312
v 288.8059997558594 254.56900024414062 118.7490005493164
v 321.0069885253906 244.66400146484375 103.98899841308594
v 280.739990234375 246.71200561523438 167.18499755859375
v 279.3219909667969 244.1230010986328 167.88699340820312
v 270.2950134277344 249.52999877929688 145.82200622558594
v 272.0849914550781 247.718994140625 147.8520050048828
v 293.4949951171875 236.53199768066406 164.4739990234375
v 324.0660095214844 217.2469940185547 105.63300323486328
v 235.45399475097656 254.43899536132812 156.73899841308594
v 263.5589904785156 244.11399841308594 156.81300354003906
v 246.73399353027344 247.1719970703125 151.51100158691406
v 316.8330078125 211.9510040283203 117.75
v 291.02801513671875 303.0740051269531 118.61900329589844
v 230.22000122070312 245.13900756835938 160.5679931640625
v 278.43798828125 280.2439880371094 164.8000030517578
v 313.0660095214844 217.91799926757812 122.0989990234375
v 278.7950134277344 242.80599975585938 147.35499572753906
v 281.25799560546875 242.22300720214844 146.1580047607422
v 313.6159973144531 271.6080017089844 101.16500091552734
v 304.5270080566406 267.3970031738281 103.29000091552734
v 308.18701171875 268.8299865722656 101.55400085449219
v 325.7340087890625 215.0330047607422 108.38600158691406
v 300.61700439453125 242.30799865722656 162.76100158691406
v 274.3389892578125 252.00100708007812 171.70799255371094
v 270.9110107421875 253.4980010986328 172.8000030517578
v 239.0709991455078 257.3179931640625 147.0919952392578
v 314.4049987792969 221.1719970703125 117.11699676513672
v 275.0480041503906 276.0780029296875 169.07200622558594
v 273.2080078125 275.97198486328125 170.20599365234375
v 316.5830078125 228.14199829101562 153
v 280.67401123046875 300.3659973144531 125
v 289.39801025390625 234.98199462890625 159.9239959716797
v 288.6889953613281 235.322998046875 157.29200744628906
v 283.7300109863281 276.3219909667969 163.85400390625
v 313.79901123046875 233.3679962158203 156.18600463867188
v 316.2049865722656 262.6510009765625 145.39700317382812
v 314.7179870605469 260.7200012207031 148.4550018310547
v 287.38299560546875 286.5039978027344 156.38900756835938
v 287.60101318359375 284.01300048828125 157.98500061035156
v 328.5769958496094 240.33200073242188 124.46299743652344
v 298.24700927734375 288.69000244140625 104.37699890136719
v 284.64801025390625 302.7120056152344 137.7480010986328
v 246.01600646972656 264.17999267578125 174.9759979248047
v 284.0929870605469 300.44500732421875 118.1449966430664
v 289.6719970703125 300.8710021972656 138.4600067138672
v 283.89898681640625 283.8599853515625 117.53600311279297
v 286.0140075683594 281.6570129394531 115.14600372314453
v 235.31199645996094 241.7169952392578 181.23599243164062
v 313.17498779296875 252.7209930419922 153.78500366210938
v 313.7640075683594 248.74000549316406 154.0399932861328
v 286.37799072265625 236.70199584960938 160.1199951171875
v 284.4429931640625 235.49200439453125 161.9600067138672
v 278.0920104980469 235.3260040283203 168.875
v 293.3810119628906 281.7690124511719 107.75599670410156
v 273.1050109863281 269.5679931640625 171.23199462890625
v 273.33599853515625 272.50201416015625 171.18800354003906
v 242.7790069580078 264.5950012207031 145.47300720214844
v 304.3710021972656 222.6219940185547 153.11199951171875
v 252.04200744628906 241.3699951171875 181.81199645996094
v 240.75900268554688 263.2279968261719 151.80499267578125
v 230.23300170898438 227.8209991455078 169.156005859375
v 231.84300231933594 226.78399658203125 169.6199951171875
v 319.5299987792969 235.3699951171875 105.53500366210938
v 297.0270080566406 285.53399658203125 104.63800048828125
v 231.49400329589844 227.38699340820312 177.08200073242188
v 230.2100067138672 229.1959991455078 177.19500732421875
v 240.54600524902344 262.49700927734375 156.47900390625
v 292.4280090332031 302.5459899902344 130.02000427246094
v 255.2259979248047 264.6990051269531 177.61500549316406
v 322.52899169921875 210.19700622558594 109.44300079345703
v 298.218994140625 299.5190124511719 112.87699890136719
v 227.60899353027344 229.5449981689453 174.80999755859375
v 286.6199951171875 251.24099731445312 133.06900024414062
v 245.7010040283203 270.3219909667969 169.22799682617188
v 287.2430114746094 272.27398681640625 112.63300323486328
v 311.4460144042969 289.3269958496094 118.85299682617188
v 240.96200561523438 262.4020080566406 146.08900451660156
v 285.8630065917969 237.4199981689453 158.00399780273438
v 276.7359924316406 247.51300048828125 144.8990020751953
v 309.2120056152344 241.6649932861328 158.19000244140625
v 291.4949951171875 276.87298583984375 160.13499450683594
v 305.614990234375 222.92100524902344 157.50999450683594
v 304.9429931640625 223.47000122070312 157.54600524902344
v 260.6369934082031 244.1439971923828 156.93699645996094
v 308.3800048828125 285.3580017089844 141.31300354003906
v 318.28399658203125 222.26499938964844 105.85900115966797
v 281.6470031738281 243.69500732421875 167.01600646972656
v 324.1310119628906 269.00201416015625 118.74500274658203
v 228.38900756835938 227.49600219726562 174.88099670410156
v 236.57000732421875 254.14999389648438 176.218994140625
v 315.2489929199219 213.47900390625 120.75
v 323.10400390625 212.32400512695312 107.59400177001953
v 274.2720031738281 237.80499267578125 171.10499572753906
v 235.32200622558594 251.7010040283203 177.21400451660156
v 258.50201416015625 245.9600067138672 152.83999633789062
v 251.7469940185547 242.17599487304688 161.3489990234375
v 255.0590057373047 242.9720001220703 160.50799560546875
v 286.0769958496094 253.38499450683594 122.25599670410156
v 293.8500061035156 299.1570129394531 138.23399353027344
v 275.1830139160156 298.88299560546875 133.69200134277344
v 308.2080078125 223.35000610351562 158.66000366210938
v 254.58799743652344 284.8800048828125 155.01499938964844
v 268.6619873046875 296.9230041503906 150.83200073242188
v 268.5379943847656 297.7019958496094 146.20599365234375
v 318.84100341796875 239.13800048828125 150.37100219726562
v 294.4150085449219 267.27899169921875 162.70399475097656
v 298.0419921875 264.8760070800781 160.51499938964844
v 257.5249938964844 263.5429992675781 131.43800354003906
v 275 285.6629943847656 162.85699462890625
v 276.18499755859375 283.2690124511719 164.2480010986328
v 255.70399475097656 231.38900756835938 175.7030029296875
v 254.17599487304688 232.47000122070312 176.74000549316406
v 274.16400146484375 288.1090087890625 160.83700561523438
v 231.22799682617188 224.5850067138672 172.4250030517578
v 323.0169982910156 230.00900268554688 144.52099609375
v 324.36199951171875 212.16400146484375 137.7779998779297
v 320.2919921875 211.61199951171875 145.052001953125
v 297.58099365234375 230.69200134277344 163.06300354003906
v 273.8659973144531 258.3580017089844 172.0070037841797
v 270.1390075683594 257.2449951171875 172.83599853515625
v 247.73500061035156 273.4679870605469 164.3820037841797
v 236.36500549316406 231.0050048828125 180.81399536132812
v 261.4169921875 290.72601318359375 145.08599853515625
v 317.0119934082031 243.98500061035156 104.49299621582031
v 303.6419982910156 224.83599853515625 133.67799377441406
v 274.8529968261719 295.90399169921875 152.31700134277344
v 225.2779998779297 237.28700256347656 166.39100646972656
v 277.73199462890625 233.48199462890625 167.35499572753906
v 284.8240051269531 253.1320037841797 125.24199676513672
v 268.6730041503906 284.85699462890625 128.16400146484375
v 328.593994140625 223.6510009765625 115.14600372314453
v 279.75201416015625 235.78500366210938 161.90199279785156
v 279.74700927734375 301.7879943847656 129.08599853515625
v 288.677001953125 244.00399780273438 135.90699768066406
v 279.5539855957031 240.10400390625 167.97999572753906
v 228.5989990234375 229.2740020751953 168.3000030517578
v 269.3599853515625 234.98599243164062 172.62399291992188
v 273.9410095214844 260.75201416015625 171.77200317382812
v 274.3919982910156 298.42401123046875 148.89100646972656
v 268.0840148925781 267.69500732421875 172.822998046875
v 303.8190002441406 273.3810119628906 153.45199584960938
v 308.07501220703125 270.0429992675781 151.42599487304688
v 302.8210144042969 240.08799743652344 161.906005859375
v 235.26400756835938 229.38499450683594 180.18899536132812
v 257.99700927734375 284.41400146484375 140.90499877929688
v 259.781005859375 287.68499755859375 142.43099975585938
v 302.9599914550781 226.16099548339844 156.57400512695312
v 315.0679931640625 244.18099975585938 104.5790023803711
v 245.4669952392578 262.6549987792969 139.7779998779297
v 326.37701416015625 220.9510040283203 106.49199676513672
v 249.08299255371094 259.9360046386719 140.281005859375
v 321.489990234375 231.0260009765625 146.6280059814453
v 289.4389953613281 234.24200439453125 144.10400390625
v 266.46600341796875 261.4169921875 179.03700256347656
v 266.7799987792969 262.40899658203125 178.89100646972656
v 285.39300537109375 302.0769958496094 118.25700378417969
v 273.70001220703125 299.76300048828125 136.64100646972656
v 291.9620056152344 272.260009765625 109.54100036621094
v 317.2229919433594 276.1610107421875 106.43299865722656
v 247.91099548339844 268.1780090332031 146.7270050048828
v 283.15301513671875 244.25799560546875 142.9010009765625
v 313.8659973144531 243.7570037841797 106.74199676513672
v 286.90399169921875 236.72900390625 166.20700073242188
v 327.08599853515625 212.4530029296875 128.7239990234375
v 312.6319885253906 213.95700073242188 140.093994140625
v 239.22000122070312 260.6990051269531 162.65199279785156
v 304.5379943847656 280.8420104980469 102.36399841308594
v 245.4010009765625 230.11700439453125 169.80299377441406
v 312.3420104980469 230.99400329589844 119.81800079345703
v 236.42999267578125 256.5329895019531 159.2790069580078
v 284.3269958496094 272.4309997558594 114.27100372314453
v 259.50299072265625 245.55999755859375 179.58799743652344
v 250.7429962158203 269.14599609375 143.0500030517578
v 273.4939880371094 258.56201171875 126.23100280761719
v 312.54901123046875 276.48699951171875 101.6449966430664
v 323.76800537109375 269.90399169921875 114.73200225830078
v 313.7070007324219 215.2550048828125 149.44700622558594
v 278.6669921875 258.8370056152344 120.64700317382812
v 276.0530090332031 258.92999267578125 123.09100341796875
v 276.5669860839844 290.4519958496094 157.99200439453125
v 284.864013671875 258.55999755859375 116.3280029296875
v 247.08700561523438 233.8090057373047 167.48899841308594
v 277.9460144042969 245.88499450683594 168.43499755859375
v 300.10198974609375 249.5500030517578 124.09200286865234
v 306.4739990234375 242.30099487304688 121.73500061035156
v 303.9469909667969 277.1809997558594 102.36699676513672
v 256.7919921875 241.45700073242188 162.85899353027344
v 299.6029968261719 228.64100646972656 157.41400146484375
v 300.22601318359375 228.91200256347656 159.28900146484375
v 264.28900146484375 263.6860046386719 178.97300720214844
v 308.2090148925781 235.30599975585938 123.28700256347656
v 300.4830017089844 299.302001953125 118.2959976196289
v 296.7349853515625 292.34698486328125 105.68699645996094
v 289.4110107421875 270.4809875488281 111.31500244140625
v 289.7799987792969 265.7869873046875 111.55799865722656
v 246.85899353027344 265.2349853515625 141.5399932861328
v 237.2239990234375 240.20399475097656 182.3350067138672
v 270.8710021972656 272.0790100097656 172.36500549316406
v 268.7080078125 272.60699462890625 173.25799560546875
v 296.00299072265625 253.3520050048828 122.22100067138672
v 273.3819885253906 273.9930114746094 170.85400390625
v 283.1929931640625 271.0870056152344 164.21600341796875
v 311.6090087890625 278.1929931640625 142.54800415039062
v 315.13299560546875 219.79400634765625 153.7259979248047
v 305.7640075683594 234.24899291992188 126.0530014038086
v 225.53500366210938 230.8679962158203 171.3520050048828
v 277.3689880371094 240.74200439453125 154.69500732421875
v 279.4320068359375 298.0899963378906 126.677001953125
v 234.02200317382812 224.9530029296875 174.45700073242188
v 232.03399658203125 224.5500030517578 173.78799438476562
v 281.3659973144531 302.9570007324219 128.04100036621094
v 301.5830078125 227.3419952392578 152.99000549316406
v 289.4179992675781 247.13400268554688 133.65699768066406
v 315.8450012207031 244.66000366210938 102.7750015258789
v 245.97799682617188 226.56500244140625 174.35000610351562
v 246.60400390625 227.43299865722656 176.93899536132812
v 241.91400146484375 230.36300659179688 180.59500122070312
v 317.2669982910156 244.58799743652344 102.89299774169922
v 301.3550109863281 226.6840057373047 150.20599365234375
v 257.01300048828125 279.3210144042969 169.08799743652344
v 328.60699462890625 228.3300018310547 111.32099914550781
v 294.4259948730469 269.125 108.32599639892578
v 315.0830078125 214.58299255371094 149.7989959716797
v 243.4290008544922 226.13900756835938 176.7449951171875
v 294.2919921875 252.43299865722656 123.46099853515625
v 261.6189880371094 250.51300048828125 179.37600708007812
v 312.7279968261719 224.2270050048828 121.18699645996094
v 274.1860046386719 234.4219970703125 166.7480010986328
v 275.2879943847656 233.99600219726562 168.61500549316406
v 302.20098876953125 292.6210021972656 139.94900512695312
v 250.1699981689453 237.79200744628906 164.947998046875
v 232.10499572753906 247.1510009765625 159.03199768066406
v 297.17401123046875 243.61900329589844 131.81300354003906
v 329.4419860839844 236.8730010986328 117.8740005493164
v 237.66900634765625 246.98399353027344 154.19000244140625
v 232.35299682617188 250.2030029296875 175.3090057373047
v 291.22100830078125 283.1369934082031 157.0260009765625
v 294.8500061035156 281.1669921875 156.8699951171875
v 241.54100036621094 264.0249938964844 148.71200561523438
v 263.03900146484375 236.9720001220703 174.39999389648438
v 251.88699340820312 260.0480041503906 141.0240020751953
v 305.3710021972656 293.4280090332031 132.7480010986328
v 248.1199951171875 242.67100524902344 159.4980010986328
v 238.5749969482422 252.6479949951172 149.1300048828125
v 235.0760040283203 252.83299255371094 154.3209991455078
v 244.83999633789062 226.31900024414062 175.96099853515625
v 225.78199768066406 241.38999938964844 169.81700134277344
v 321.7669982910156 210.0970001220703 141.531005859375
v 301.135009765625 229.12899780273438 157.61700439453125
v 276.52899169921875 242.5590057373047 152.08700561523438
v 301.9230041503906 279.35198974609375 102.97200012207031
v 311.05499267578125 250.93899536132812 103.03500366210938
v 312.4110107421875 287.1889953613281 128.41299438476562
v 310.2619934082031 241.97999572753906 114.4219970703125
v 320.625 206.71099853515625 120.6259994506836
v 313.4010009765625 264.6189880371094 148.6060028076172
v 265.9620056152344 256.08599853515625 141.19900512695312
v 266.6369934082031 255.43600463867188 142.8990020751953
v 284.71099853515625 286.9129943847656 118.37100219726562
v 313.17498779296875 265.5530090332031 101.04299926757812
v 309.2430114746094 290.8089904785156 129.9239959716797
v 259.10699462890625 237.11399841308594 167.49899291992188
v 274.19500732421875 247.8939971923828 172.21200561523438
v 324.9639892578125 250.98800659179688 101.79499816894531
v 257.0820007324219 276.822998046875 134.5500030517578
v 236.18600463867188 244.3509979248047 181.0570068359375
v 322.0400085449219 211.2449951171875 108.19200134277344
v 252.9980010986328 240.6179962158203 162.9980010986328
v 326.0559997558594 254.00799560546875 103.52999877929688
v 303.614990234375 236.6020050048828 127.62100219726562
v 305.79998779296875 238.3249969482422 125.0260009765625
v 300.7090148925781 297.7900085449219 112.052001953125
v 319.885009765625 261.0450134277344 100.36199951171875
v 321.93499755859375 207.61300659179688 131.10000610351562
v 320.74798583984375 207.34100341796875 129.26600646972656
v 264.17999267578125 253.2949981689453 145.09300231933594
v 326.739013671875 255.87600708007812 122.33999633789062
v 262.6549987792969 239.69000244140625 174.8179931640625
v 286.1050109863281 241.468994140625 141.61300659179688
v 322.8489990234375 262.0480041503906 103.39900207519531
v 296.6929931640625 228.93899536132812 144.98500061035156
v 311.8590087890625 247.82699584960938 156.0290069580078
v 293.1700134277344 301.7449951171875 114.54900360107422
v 268.6199951171875 254.21099853515625 173.0189971923828
v 268.6470031738281 296.06201171875 139.91299438476562
v 284.8320007324219 302.84698486328125 120.19300079345703
v 315.77301025390625 215.1929931640625 115.41400146484375
v 298.9339904785156 238.031005859375 132.87899780273438
v 319.0039978027344 211.5449981689453 145.67300415039062
v 277.10400390625 302.6080017089844 138.6790008544922
v 281.114990234375 262.4110107421875 166.01800537109375
v 266.3940124511719 260.37200927734375 178.16299438476562
v 289.1449890136719 297.61700439453125 112.04499816894531
v 231.44500732421875 249.78500366210938 173.89100646972656
v 262.0580139160156 290.0069885253906 140.93699645996094
v 315.4729919433594 211.29299926757812 122.572998046875
v 248.87399291992188 273.43499755859375 169.54299926757812
v 262.7569885253906 267.6619873046875 126.63800048828125
v 254.71499633789062 257.9200134277344 139.89300537109375
v 234.60800170898438 247.81500244140625 156.24200439453125
v 251.1959991455078 278.60198974609375 164.8300018310547
v 317.9519958496094 209.9290008544922 130.5780029296875
v 285.54400634765625 235.11700439453125 163.7689971923828
v 290.2090148925781 298.1889953613281 143.01199340820312
v 234.53599548339844 236.8179931640625 181.2239990234375
v 281.8789978027344 258.8819885253906 117.98999786376953
v 245.6280059814453 249.02200317382812 148.947998046875
v 255.8820037841797 262.3710021972656 133.27000427246094
v 243.5240020751953 225.99400329589844 173.69900512695312
v 300.6709899902344 257.2850036621094 159.92300415039062
v 229.2169952392578 231.4980010986328 166.70799255371094
v 297.0509948730469 253.51699829101562 121.39199829101562
v 242.69500732421875 246.39300537109375 153.11000061035156
v 244.33099365234375 267.7749938964844 169.8679962158203
v 288.93798828125 267.6029968261719 163.58599853515625
v 237.06300354003906 256.4830017089844 154.0240020751953
v 294.52899169921875 272.9519958496094 107.58999633789062
v 308.7929992675781 290.06500244140625 133.35899353027344
v 323.0450134277344 260.1629943847656 102.28099822998047
v 313.8340148925781 282.57598876953125 106.80799865722656
v 295.406005859375 263.8479919433594 162.69700622558594
v 274.47900390625 300.2250061035156 144.36099243164062
v 259.375 267.0530090332031 176.88400268554688
v 312.0450134277344 283.0880126953125 136.33399963378906
v 277.92401123046875 244.84800720214844 145.97900390625
v 255.43499755859375 280.4230041503906 167.55599975585938
v 235.97999572753906 248.7100067138672 154.17100524902344
v 279.3160095214844 238.927001953125 156.69700622558594
v 252.46099853515625 255.40699768066406 146.1300048828125
v 249.3040008544922 229.98199462890625 170.8820037841797
v 251.56199645996094 229.92799377441406 171.87100219726562
v 291.7099914550781 235.31199645996094 138.89100646972656
v 262.7799987792969 255.843994140625 181.4499969482422
v 271.4259948730469 289.95001220703125 159.41200256347656
v 230.94500732421875 230.06700134277344 167.7790069580078
v 317.8789978027344 218.5590057373047 151.40199279785156
v 319.9830017089844 216.55999755859375 148.41400146484375
v 273.2950134277344 233.99099731445312 168.79400634765625
v 320.135009765625 206.61900329589844 126.44100189208984
v 233.0449981689453 241.06300354003906 160.59300231933594
v 240.58399963378906 260.5 144.11599731445312
v 265.697998046875 288.6369934082031 133.7550048828125
v 297.3500061035156 282.6050109863281 154.10499572753906
v 320.9010009765625 275.8760070800781 121.6719970703125
v 270.9880065917969 259.62298583984375 172.66400146484375
v 301.9739990234375 285.8059997558594 103.14800262451172
v 322.49798583984375 212.89300537109375 143.28500366210938
v 271.43701171875 255.51699829101562 172.62600708007812
v 233.22500610351562 249.86399841308594 176.88900756835938
v 276.6400146484375 256.9419860839844 125.57599639892578
v 318.1189880371094 213.61099243164062 148.70199584960938
v 307.2279968261719 220.11500549316406 152.76199340820312
v 293.5469970703125 284.3970031738281 155.0970001220703
v 289.6830139160156 287.989990234375 154.38900756835938
v 285.75 300.3940124511719 116.3740005493164
v 245.05799865722656 252.8699951171875 144.45899963378906
v 245.17999267578125 254.49600219726562 142.447998046875
v 290.4259948730469 237.02999877929688 138.40499877929688
v 280.2070007324219 243.7949981689453 145.14199829101562
v 237.0970001220703 228.93600463867188 180.55999755859375
v 290.39801025390625 295.5050048828125 110.30699920654297
v 292.656005859375 232.21600341796875 141.93099975585938
v 266.13299560546875 264.3840026855469 177.97999572753906
v 325.3810119628906 209.01100158691406 117.99099731445312
v 280.10400390625 246.10499572753906 143.6840057373047
v 282.77398681640625 282.3900146484375 161.31500244140625
v 318.35400390625 216.45799255371094 106.91000366210938
v 277.5539855957031 233.9759979248047 165.77699279785156
v 285.8179931640625 235.5229949951172 165.41900634765625
v 300.5950012207031 228.1999969482422 152.63800048828125
v 227.73300170898438 240.42100524902344 163.2570037841797
v 314.6289978027344 234.20199584960938 111.1780014038086
v 323.41900634765625 211.3560028076172 140.34500122070312
v 242.81900024414062 264.51800537109375 161.60699462890625
v 299.4219970703125 278.8599853515625 154.9530029296875
v 294.9779968261719 288.04998779296875 105.72599792480469
v 310.0469970703125 264.8089904785156 101.77300262451172
v 249.30499267578125 252.07699584960938 182.05999755859375
v 286.30999755859375 281.4219970703125 160.58299255371094
v 242.50999450683594 253.0449981689453 144.92300415039062
v 271.19000244140625 274.27301025390625 171.82899475097656
v 235.59800720214844 246.3260040283203 180.11399841308594
v 278.7969970703125 274.260986328125 166.18299865722656
v 270.27099609375 260.97900390625 125.49600219726562
v 234.20399475097656 251.91000366210938 175.91400146484375
v 325.20001220703125 206.98300170898438 128.7449951171875
v 325.2340087890625 207.8260040283203 130.3070068359375
v 270.8800048828125 276.1239929199219 170.91700744628906
v 285.65399169921875 251.73699951171875 135.677001953125
v 253.57000732421875 238.76300048828125 164.72900390625
v 275.2619934082031 256.89300537109375 136.66900634765625
v 266.1510009765625 295.5379943847656 143.63699340820312
v 226.11000061035156 229.6909942626953 170.4199981689453
v 254.05099487304688 263.8089904785156 135.44200134277344
v 243.00399780273438 248.25399780273438 150.16200256347656
v 284.2019958496094 253.31900024414062 136.5919952392578
v 253.4340057373047 273.06500244140625 138.2740020751953
v 251.27200317382812 243.83399963378906 158.41099548339844
v 317.8609924316406 219.77000427246094 106.70999908447266
v 325.13800048828125 263.0150146484375 109.17400360107422
v 264.28900146484375 275.6969909667969 172.2519989013672
v 323.9830017089844 237.4199981689453 104.39199829101562
v 269.8659973144531 256.4540100097656 139.13299560546875
v 302.02398681640625 248.16099548339844 122.15499877929688
v 319.29901123046875 240.73300170898438 106.06099700927734
v 320.0400085449219 238.4550018310547 105.42400360107422
v 324.9119873046875 233.46800231933594 140.3560028076172
v 327.43798828125 235.87399291992188 132.77200317382812
v 325.2900085449219 206.52699279785156 124.91899871826172
v 267.7040100097656 276.60699462890625 171.34800720214844
v 259.72698974609375 259.39300537109375 132.24400329589844
v 247.52499389648438 231.052001953125 169.51699829101562
v 318.89300537109375 260.7040100097656 141.94000244140625
v 259.760986328125 237.0189971923828 175.13999938964844
v 277.19000244140625 301.4909973144531 134.02200317382812
v 279.3210144042969 302.5350036621094 132.3260040283203
v 313.87799072265625 236.68099975585938 155.7779998779297
v 253.54400634765625 281.20001220703125 149.3520050048828
v 233.29600524902344 251.9250030517578 174.36700439453125
v 252.2480010986328 277.3760070800781 168.60499572753906
v 287.5589904785156 239.37899780273438 166.39999389648438
v 295.8609924316406 285.9159851074219 152.5659942626953
v 268.31298828125 256.0190124511719 141.177001953125
v 313.6130065917969 216.343994140625 151.46099853515625
v 246.3990020751953 269.54901123046875 171.05099487304688
v 313.72601318359375 274.0780029296875 141.88999938964844
v 304.4440002441406 225.18099975585938 158.50599670410156
v 261.81500244140625 270.6340026855469 128.18699645996094
v 265.70599365234375 260.25299072265625 179.25100708007812
v 308.6860046386719 278.0639953613281 147.4080047607422
v 309.91900634765625 257.8819885253906 103.7239990234375
v 257.5199890136719 282.5849914550781 166.3719940185547
v 287.739013671875 277.8349914550781 112.97699737548828
v 279.1310119628906 256.39801025390625 123.12999725341797
v 307.7749938964844 275.6709899902344 149.0749969482422
v 268.68499755859375 234.91900634765625 168.00399780273438
v 303.5570068359375 239.802001953125 127.63700103759766
v 225.76300048828125 231.7220001220703 168.2989959716797
v 279.2590026855469 300.3429870605469 128.156005859375
v 306.58099365234375 258.739013671875 105.51799774169922
v 267.1860046386719 265.2829895019531 172.85400390625
v 288.6449890136719 278.77301025390625 160.63999938964844
v 324.8810119628906 208.69700622558594 131.88400268554688
v 298.1369934082031 229.7740020751953 162.33900451660156
v 277.00799560546875 241.4600067138672 168.96800231933594
v 246.27200317382812 268.0580139160156 149.23899841308594
v 315.09100341796875 266.7099914550781 144.63600158691406
v 309.7200012207031 226.97000122070312 159.33299255371094
v 289.52801513671875 303.3399963378906 132.38999938964844
v 300.77099609375 290.3169860839844 104.37000274658203
v 257.9460144042969 284.1199951171875 164.4980010986328
v 229.1490020751953 234.4340057373047 164.8800048828125
v 303.0950012207031 283.7929992675781 102.63099670410156
v 250.01199340820312 277.4110107421875 163.59300231933594
v 238.0050048828125 227.5050048828125 179.697998046875
v 265.99700927734375 295.43499755859375 151.7169952392578
v 282.614013671875 295.9859924316406 121.16600036621094
v 316.8089904785156 230.15899658203125 108.18299865722656
v 243.93499755859375 259.14300537109375 139.4810028076172
v 244.2259979248047 257.19500732421875 139.29100036621094
v 249.07899475097656 239.6020050048828 181.91200256347656
v 266.36700439453125 236.54200744628906 173.2530059814453
v 305.8869934082031 222.90499877929688 131.7050018310547
v 275.3599853515625 239.71299743652344 170.60400390625
v 323.0400085449219 209.1230010986328 112.73100280761719
v 326.27398681640625 209.64999389648438 130.05599975585938
v 246.86199951171875 249.20599365234375 182.12100219726562
v 324.36700439453125 215.63499450683594 106.61900329589844
v 312.4809875488281 241.9759979248047 156.04200744628906
v 259.3169860839844 280.5840148925781 134.94200134277344
v 272.6180114746094 249.0469970703125 145.7969970703125
v 307.7449951171875 281.0830078125 102.13300323486328
v 291.5870056152344 270.25 163.1699981689453
v 292.14599609375 251.9739990234375 123.80599975585938
v 265.4469909667969 262.76300048828125 179.29400634765625
v 293.2279968261719 287.47100830078125 152.8090057373047
v 286.5539855957031 285.1059875488281 115.50800323486328
v 307.0740051269531 264.5580139160156 102.91699981689453
v 309.73199462890625 250.57200622558594 157.46499633789062
v 306.5299987792969 250.09300231933594 159.71200561523438
v 303.2690124511719 242.25 127.63899993896484
v 229.0709991455078 234.77200317382812 177.34300231933594
v 294.1669921875 285.12799072265625 106.64299774169922
v 320.0320129394531 220.156005859375 149.29400634765625
v 261.80999755859375 253.42100524902344 181.23199462890625
v 224.8280029296875 237.1529998779297 167.8090057373047
v 224.94700622558594 238.30299377441406 169.4040069580078
v 302.1099853515625 246.97900390625 124.53500366210938
v 325.45599365234375 217.2570037841797 106.81900024414062
v 226.90499877929688 241.93299865722656 172.93800354003906
v 249.6219940185547 276.07000732421875 167.031005859375
v 325.6340026855469 206.9239959716797 127.13899993896484
v 300.93798828125 228.66000366210938 155.42799377441406
v 272.11700439453125 234.4600067138672 167.40499877929688
v 307.97698974609375 238.52200317382812 121.95500183105469
v 263.7430114746094 271.25299072265625 174.9080047607422
v 263.5360107421875 289.82598876953125 137.9149932861328
v 234.86399841308594 250.7209930419922 154.6699981689453
v 251.48300170898438 275.0679931640625 170.21400451660156
v 280.3070068359375 249.58299255371094 141.92799377441406
v 293.95599365234375 300.2510070800781 111.98200225830078
v 308.6809997558594 288.6029968261719 107.02200317382812
v 292.3479919433594 230.58200073242188 158.89100646972656
v 326.125 208.09800720214844 128.375
v 326.1619873046875 251.01100158691406 103.81400299072266
v 291.0119934082031 290.6340026855469 151.60800170898438
v 312.0679931640625 251.06399536132812 155.375
v 266.10101318359375 270.3389892578125 174.10800170898438
v 248.95700073242188 274.7749938964844 162.23599243164062
v 262.7829895019531 255.74000549316406 140.53900146484375
v 320.7749938964844 261.6300048828125 137.68499755859375
v 327.9230041503906 224.85499572753906 109.2300033569336
v 320.5060119628906 219.11399841308594 104.68000030517578
v 285.8169860839844 236.55099487304688 166.38299560546875
v 316.2950134277344 274.4670104980469 103.82599639892578
v 294.8810119628906 293.2619934082031 146.90699768066406
v 322.3659973144531 220.26800537109375 104.18000030517578
v 262.427001953125 256.1289978027344 135.70399475097656
v 328.6189880371094 243.93099975585938 110.26899719238281
v 285.02398681640625 289.5419921875 118.66400146484375
v 324.0830078125 209.7259979248047 112.38099670410156
v 253.91700744628906 230.21400451660156 173.13900756835938
v 251.8979949951172 229.21299743652344 173.48300170898438
v 306.5299987792969 283.6080017089844 102.55500030517578
v 264.60101318359375 235.802001953125 173.81700134277344
v 322.22698974609375 209.73500061035156 140.29400634765625
v 259.59600830078125 257.67401123046875 181.63099670410156
v 270.031005859375 244.5570068359375 155.8470001220703
v 301.3909912109375 238.6300048828125 130.13800048828125
v 248.38800048828125 264.09698486328125 141.0570068359375
v 296.4949951171875 278.89898681640625 157.00999450683594
v 280.760986328125 261.84600830078125 117.0469970703125
v 266.2040100097656 234.91400146484375 168.55999755859375
v 269.85101318359375 234.17599487304688 169.19900512695312
v 311.6029968261719 234.70599365234375 157.72000122070312
v 305.6549987792969 290.7449951171875 106.23200225830078
v 236.93899536132812 226.7519989013672 178.3280029296875
v 266.0790100097656 234.7030029296875 172.677001953125
v 278.42401123046875 284.64898681640625 162.22500610351562
v 316.7539978027344 210.11599731445312 128.08399963378906
v 259.2309875488281 262.1839904785156 130.51100158691406
v 328.27301025390625 219.7480010986328 118.33100128173828
v 291.1499938964844 259.760986328125 112.76399993896484
v 266.4179992675781 274.60400390625 172.78900146484375
v 257.1000061035156 258.85101318359375 180.4770050048828
v 268.5539855957031 274.2489929199219 172.66400146484375
v 267.5570068359375 259.6340026855469 173.26199340820312
v 252.20199584960938 279.3059997558594 151.1999969482422
v 292.34600830078125 257.76800537109375 113.81300354003906
v 321.6919860839844 205.97799682617188 122.15499877929688

g grp1
usemtl mtl1
f 1140 2 1 
f 448 1 2 
f 159 4 3 
f 177 3 4 
f 1354 6 5 
f 1258 5 6 
f 896 8 7 
f 403 7 8 
f 847 10 9 
f 210 9 10 
f 546 12 11 
f 2391 11 12 
f 595 14 13 
f 1467 13 14 
f 2116 16 15 
f 1123 15 16 
f 1772 18 17 
f 544 17 18 
f 527 20 19 
f 1578 19 20 
f 510 22 21 
f 2104 21 22 
f 1806 24 23 
f 463 23 24 
f 2183 26 25 
f 1089 25 26 
f 216 28 27 
f 1829 27 28 
f 660 30 29 
f 1778 29 30 
f 1541 32 31 
f 772 31 32 
f 110 34 33 
f 920 33 34 
f 1028 36 35 
f 1301 35 36 
f 350 38 37 
f 1966 37 38 
f 374 40 39 
f 113 39 40 
f 1110 42 41 
f 1550 41 42 
f 1112 44 43 
f 704 43 44 
f 1704 46 45 
f 2206 45 46 
f 2266 48 47 
f 1713 47 48 
f 2494 50 49 
f 1409 49 50 
f 1514 52 51 
f 267 51 52 
f 103 54 53 
f 1737 53 54 
f 1780 56 55 
f 1266 55 56 
f 354 58 57 
f 2116 57 58 
f 923 60 59 
f 2217 59 60 
f 1535 62 61 
f 1664 61 62 
f 2307 64 63 
f 754 63 64 
f 996 66 65 
f 2032 65 66 
f 1316 68 67 
f 992 67 68 
f 1049 70 69 
f 66 69 70 
f 1946 72 71 
f 783 71 72 
f 1233 74 73 
f 257 73 74 
f 77 76 75 
f 131 75 76 
f 80 76 77 
f 1835 79 78 
f 2395 78 79 
f 89 80 77 
f 322 47 81 
f 2326 81 47 
f 89 82 80 
f 519 80 82 
f 1271 84 83 
f 1798 83 84 
f 1972 86 85 
f 698 85 86 
f 1365 88 87 
f 119 87 88 
f 714 82 89 
f 2054 91 90 
f 238 90 91 
f 714 92 82 
f 633 82 92 
f 641 94 93 
f 886 93 94 
f 2491 96 95 
f 1692 95 96 
f 1985 98 97 
f 1870 97 98 
f 274 100 99 
f 456 99 100 
f 1872 102 101 
f 1897 101 102 
f 1587 104 103 
f 225 103 104 
f 830 106 105 
f 258 105 106 
f 1607 108 107 
f 1883 107 108 
f 34 110 109 
f 1071 109 110 
f 160 112 111 
f 131 111 112 
f 471 114 113 
f 348 113 114 
f 1013 115 65 
f 2095 65 115 
f 391 117 116 
f 2196 116 117 
f 1355 119 118 
f 1344 118 119 
f 1655 121 120 
f 2171 120 121 
f 356 123 122 
f 1584 122 123 
f 722 125 124 
f 1674 124 125 
f 356 126 123 
f 1402 123 126 
f 1454 128 127 
f 1456 127 128 
f 2352 130 129 
f 1459 129 130 
f 112 75 131 
f 288 133 132 
f 2255 132 133 
f 399 135 134 
f 1832 134 135 
f 178 77 75 
f 2410 137 136 
f 148 136 137 
f 301 139 138 
f 1520 138 139 
f 735 141 140 
f 2499 140 141 
f 2044 143 142 
f 152 142 143 
f 123 145 144 
f 1193 144 145 
f 2231 147 146 
f 892 146 147 
f 503 149 148 
f 126 148 149 
f 1821 151 150 
f 1573 150 151 
f 1347 153 152 
f 142 152 153 
f 2262 155 154 
f 7 154 155 
f 897 157 156 
f 800 156 157 
f 2092 159 158 
f 3 158 159 
f 163 112 160 
f 239 162 161 
f 462 161 162 
f 207 163 160 
f 318 164 149 
f 1402 149 164 
f 1595 166 165 
f 583 165 166 
f 99 168 167 
f 55 167 168 
f 178 75 112 
f 2321 169 132 
f 288 132 169 
f 1001 171 170 
f 2282 170 171 
f 569 173 172 
f 1925 172 173 
f 1522 175 174 
f 491 174 175 
f 2007 177 176 
f 497 176 177 
f 214 178 112 
f 179 77 178 
f 89 77 179 
f 573 181 180 
f 1859 180 181 
f 2361 183 182 
f 1229 182 183 
f 738 185 184 
f 1865 184 185 
f 631 187 186 
f 1835 186 187 
f 2091 189 188 
f 2055 188 189 
f 2274 191 190 
f 1718 190 191 
f 1233 193 192 
f 582 192 193 
f 151 195 194 
f 1313 194 195 
f 179 196 89 
f 714 89 196 
f 1630 198 197 
f 1773 197 198 
f 706 200 199 
f 509 199 200 
f 1279 202 201 
f 1446 201 202 
f 1752 204 203 
f 694 203 204 
f 2288 206 205 
f 1064 205 206 
f 213 163 207 
f 1690 209 208 
f 332 208 209 
f 1239 210 10 
f 2148 212 211 
f 222 211 212 
f 214 163 213 
f 112 163 214 
f 620 216 215 
f 1016 215 216 
f 1618 218 217 
f 2057 217 218 
f 2063 220 219 
f 1295 219 220 
f 211 222 221 
f 1372 221 222 
f 271 178 214 
f 429 224 223 
f 2434 223 224 
f 226 179 178 
f 1643 103 225 
f 271 226 178 
f 1498 228 227 
f 420 227 228 
f 319 230 229 
f 799 229 230 
f 1038 232 231 
f 2240 231 232 
f 1160 234 233 
f 216 233 234 
f 1039 235 232 
f 531 232 235 
f 1017 237 236 
f 2451 236 237 
f 242 196 179 
f 1100 238 91 
f 475 240 239 
f 162 239 240 
f 283 241 200 
f 2315 200 241 
f 243 196 242 
f 714 196 243 
f 887 245 244 
f 845 244 245 
f 386 247 246 
f 489 246 247 
f 1998 249 248 
f 586 248 249 
f 251 207 250 
f 404 250 207 
f 213 207 251 
f 252 214 213 
f 252 213 251 
f 720 253 217 
f 2369 217 253 
f 1320 255 254 
f 552 254 255 
f 865 257 256 
f 1276 256 257 
f 823 259 258 
f 1410 258 259 
f 1299 261 260 
f 1620 260 261 
f 2390 263 262 
f 1443 262 263 
f 2061 265 264 
f 1176 264 265 
f 1142 266 263 
f 362 263 266 
f 52 268 267 
f 834 267 268 
f 1349 270 269 
f 543 269 270 
f 252 271 214 
f 789 273 272 
f 1937 272 273 
f 167 274 99 
f 1279 276 275 
f 1742 275 276 
f 2405 278 277 
f 721 277 278 
f 659 280 279 
f 1314 279 280 
f 1704 281 46 
f 1555 46 281 
f 241 283 282 
f 1707 282 283 
f 1842 285 284 
f 2497 284 285 
f 829 287 286 
f 1533 286 287 
f 169 289 288 
f 581 288 289 
f 628 291 290 
f 1867 290 291 
f 1393 293 292 
f 1265 292 293 
f 1376 295 294 
f 355 294 295 
f 2455 297 296 
f 1840 296 297 
f 2072 299 298 
f 1682 298 299 
f 1312 301 300 
f 1245 300 301 
f 792 303 302 
f 2128 302 303 
f 1318 305 304 
f 2227 304 305 
f 1320 306 255 
f 809 255 306 
f 1986 308 307 
f 2154 307 308 
f 808 310 309 
f 2241 309 310 
f 2298 312 311 
f 1993 311 312 
f 1510 314 313 
f 703 313 314 
f 1283 316 315 
f 1972 315 316 
f 1788 204 317 
f 2348 317 204 
f 503 318 149 
f 2307 230 319 
f 1884 321 320 
f 997 320 321 
f 1098 322 81 
f 271 323 226 
f 179 226 323 
f 1137 325 324 
f 1854 324 325 
f 773 327 326 
f 2023 326 327 
f 1453 329 328 
f 1376 328 329 
f 1511 331 330 
f 2141 330 331 
f 378 242 323 
f 179 323 242 
f 209 333 332 
f 1186 332 333 
f 359 335 334 
f 908 334 335 
f 452 337 336 
f 2222 336 337 
f 1495 339 338 
f 888 338 339 
f 456 341 340 
f 1375 340 341 
f 2329 343 342 
f 1612 342 343 
f 1497 345 344 
f 786 344 345 
f 251 250 346 
f 404 346 250 
f 156 348 347 
f 2435 347 348 
f 1420 350 349 
f 824 349 350 
f 127 352 351 
f 914 351 352 
f 591 353 73 
f 1233 73 353 
f 986 354 57 
f 2396 331 355 
f 1511 355 331 
f 1440 136 356 
f 126 356 136 
f 599 111 131 
f 384 358 357 
f 1801 357 358 
f 1786 335 359 
f 445 361 360 
f 1984 360 361 
f 2079 362 266 
f 447 364 363 
f 863 363 364 
f 371 323 271 
f 1743 366 365 
f 1008 365 366 
f 1494 368 367 
f 621 367 368 
f 2403 370 369 
f 1827 369 370 
f 411 323 371 
f 1922 373 372 
f 1699 372 373 
f 23 375 374 
f 40 374 375 
f 520 377 376 
f 401 376 377 
f 411 378 323 
f 1684 380 379 
f 602 379 380 
f 1196 382 381 
f 1709 381 382 
f 286 383 273 
f 2292 273 383 
f 1966 384 37 
f 1243 37 384 
f 731 386 385 
f 246 385 386 
f 216 234 28 
f 1591 28 234 
f 2378 388 387 
f 1619 387 388 
f 2473 390 389 
f 2022 389 390 
f 810 117 391 
f 2343 393 392 
f 695 392 393 
f 1738 42 394 
f 1372 394 42 
f 1687 294 355 
f 1059 396 395 
f 1938 395 396 
f 249 398 397 
f 1478 397 398 
f 2081 400 399 
f 135 399 400 
f 1962 401 377 
f 424 402 251 
f 252 251 402 
f 154 7 403 
f 371 252 402 
f 833 406 405 
f 1371 405 406 
f 1500 408 407 
f 1815 407 408 
f 2144 410 409 
f 763 409 410 
f 491 411 371 
f 2267 413 412 
f 2243 412 413 
f 2328 348 114 
f 1992 415 414 
f 672 414 415 
f 172 417 416 
f 1546 416 417 
f 383 419 418 
f 1734 418 419 
f 1637 421 420 
f 1882 420 421 
f 1632 423 422 
f 2018 422 423 
f 427 424 346 
f 251 346 424 
f 514 426 425 
f 432 425 426 
f 1090 427 346 
f 2000 429 428 
f 223 428 429 
f 743 431 430 
f 828 430 431 
f 1598 425 432 
f 435 402 424 
f 1995 434 433 
f 322 433 434 
f 427 435 424 
f 436 371 402 
f 436 402 435 
f 1587 103 53 
f 491 371 436 
f 2178 438 437 
f 2124 437 438 
f 1350 440 439 
f 1460 439 440 
f 672 442 441 
f 1491 441 442 
f 1482 444 443 
f 1407 443 444 
f 1211 445 360 
f 1375 447 446 
f 363 446 447 
f 2 376 448 
f 401 448 376 
f 943 450 449 
f 459 449 450 
f 912 452 451 
f 336 451 452 
f 2440 454 453 
f 1521 453 454 
f 1330 455 115 
f 1975 115 455 
f 1113 11 431 
f 2160 431 11 
f 1258 341 456 
f 1112 458 457 
f 2149 457 458 
f 465 435 427 
f 990 460 459 
f 1188 459 460 
f 1125 462 461 
f 162 461 462 
f 1926 464 463 
f 2145 463 464 
f 436 435 465 
f 1302 36 466 
f 1028 466 36 
f 307 468 467 
f 644 467 468 
f 1565 470 469 
f 385 469 470 
f 314 458 43 
f 1112 43 458 
f 2145 472 471 
f 114 471 472 
f 1054 474 473 
f 2054 473 474 
f 2174 476 475 
f 240 475 476 
f 1823 478 477 
f 561 477 478 
f 2285 480 479 
f 1609 479 480 
f 802 482 481 
f 1798 481 482 
f 2261 484 483 
f 2120 483 484 
f 1582 486 485 
f 92 485 486 
f 920 488 487 
f 1018 487 488 
f 1994 490 489 
f 2242 489 490 
f 1149 174 491 
f 347 493 492 
f 2385 492 493 
f 1052 436 465 
f 1085 495 494 
f 244 494 495 
f 2335 497 496 
f 1430 496 497 
f 1360 499 498 
f 2376 498 499 
f 1428 501 500 
f 404 500 501 
f 562 502 416 
f 172 416 502 
f 1555 505 504 
f 1021 504 505 
f 2492 507 506 
f 2248 506 507 
f 199 509 508 
f 886 508 509 
f 569 511 510 
f 22 510 511 
f 1557 513 512 
f 502 512 513 
f 516 515 514 
f 519 514 515 
f 600 515 516 
f 1965 518 517 
f 64 517 518 
f 426 514 519 
f 2 520 376 
f 1744 521 133 
f 2004 133 521 
f 2015 503 148 
f 736 500 404 
f 1748 523 522 
f 2017 522 523 
f 947 525 524 
f 550 524 525 
f 759 527 526 
f 1102 526 527 
f 849 528 341 
f 2286 341 528 
f 620 233 216 
f 600 530 529 
f 1394 529 530 
f 2185 532 531 
f 2481 531 532 
f 1580 512 533 
f 562 533 512 
f 1400 535 534 
f 565 534 535 
f 683 537 536 
f 161 536 537 
f 708 539 538 
f 2021 538 539 
f 1895 541 540 
f 2262 540 541 
f 269 543 542 
f 1115 542 543 
f 1911 17 544 
f 1873 542 545 
f 1115 545 542 
f 2052 547 546 
f 2367 546 547 
f 1143 549 548 
f 2158 548 549 
f 1169 551 550 
f 524 550 551 
f 1749 254 552 
f 1026 41 553 
f 1550 553 41 
f 996 555 554 
f 1687 554 555 
f 1779 557 556 
f 683 556 557 
f 1968 559 558 
f 2043 558 559 
f 1757 561 560 
f 296 560 561 
f 707 533 562 
f 1545 564 563 
f 2409 563 564 
f 535 566 565 
f 703 565 566 
f 1800 568 567 
f 1806 567 568 
f 510 570 569 
f 173 569 570 
f 551 572 571 
f 2476 571 572 
f 180 574 573 
f 1817 573 574 
f 1675 576 575 
f 1196 575 576 
f 73 257 577 
f 1307 577 257 
f 2469 579 578 
f 1345 578 579 
f 288 581 580 
f 615 580 581 
f 193 583 582 
f 1440 582 583 
f 1652 585 584 
f 2124 584 585 
f 397 586 249 
f 2323 384 357 
f 614 588 587 
f 366 587 588 
f 951 590 589 
f 2121 589 590 
f 2239 591 73 
f 1000 593 592 
f 772 592 593 
f 1006 595 594 
f 13 594 595 
f 2345 260 596 
f 1620 596 260 
f 2101 598 597 
f 1729 597 598 
f 601 600 599 
f 529 599 600 
f 515 600 601 
f 380 603 602 
f 979 602 603 
f 2160 605 604 
f 564 604 605 
f 515 601 519 
f 80 519 601 
f 1767 607 606 
f 1370 606 607 
f 1065 609 608 
f 1833 608 609 
f 2052 546 11 
f 943 611 610 
f 966 610 611 
f 1848 613 612 
f 809 612 613 
f 588 614 227 
f 1498 227 614 
f 1906 616 615 
f 1744 615 616 
f 669 618 617 
f 989 617 618 
f 1627 620 619 
f 1178 619 620 
f 2115 622 621 
f 663 621 622 
f 1428 624 623 
f 1393 623 624 
f 1354 625 6 
f 1175 6 625 
f 1335 477 561 
f 164 627 626 
f 1864 626 627 
f 1005 628 290 
f 150 630 629 
f 1965 629 630 
f 1590 632 631 
f 124 631 632 
f 486 634 633 
f 426 633 634 
f 1158 636 635 
f 1298 635 636 
f 1828 638 637 
f 2238 637 638 
f 1403 640 639 
f 1696 639 640 
f 735 140 641 
f 94 641 140 
f 704 333 642 
f 1185 642 333 
f 486 643 634 
f 1912 634 643 
f 468 645 644 
f 1947 644 645 
f 1551 647 646 
f 1713 646 647 
f 1775 649 648 
f 1398 648 649 
f 1278 651 650 
f 866 650 651 
f 2368 9 210 
f 839 653 652 
f 1333 652 653 
f 1802 655 654 
f 1381 654 655 
f 502 569 172 
f 2025 399 134 
f 798 657 656 
f 1496 656 657 
f 1026 553 658 
f 2332 658 553 
f 1132 280 659 
f 2028 30 660 
f 529 111 599 
f 1302 662 661 
f 2063 661 662 
f 1724 663 622 
f 1538 665 664 
f 1019 664 665 
f 76 599 131 
f 601 599 76 
f 741 667 666 
f 2064 666 667 
f 80 601 76 
f 2215 669 668 
f 617 668 669 
f 1238 671 670 
f 1406 670 671 
f 441 414 672 
f 1201 674 673 
f 2011 673 674 
f 159 675 4 
f 2297 4 675 
f 664 677 676 
f 635 676 677 
f 944 679 678 
f 784 678 679 
f 1107 681 680 
f 2309 680 681 
f 556 683 682 
f 536 682 683 
f 287 685 684 
f 1068 684 685 
f 2169 687 686 
f 1014 686 687 
f 863 688 363 
f 446 363 688 
f 1565 689 470 
f 1915 470 689 
f 1170 691 690 
f 1145 690 691 
f 2032 70 692 
f 1049 692 70 
f 1137 324 693 
f 1055 693 324 
f 1876 695 694 
f 1204 694 695 
f 759 696 527 
f 20 527 696 
f 1485 698 697 
f 1144 697 698 
f 764 700 699 
f 717 699 700 
f 1312 300 701 
f 1804 701 300 
f 529 702 111 
f 160 111 702 
f 1394 702 529 
f 314 704 703 
f 2413 703 704 
f 283 706 705 
f 1156 705 706 
f 416 707 562 
f 1359 113 348 
f 1017 236 708 
f 1605 708 236 
f 1775 709 649 
f 1885 649 709 
f 1636 420 228 
f 806 711 710 
f 1493 710 711 
f 1202 713 712 
f 1729 712 713 
f 485 714 243 
f 957 716 715 
f 1184 715 716 
f 99 340 168 
f 1375 168 340 
f 2173 718 717 
f 84 717 718 
f 2421 720 719 
f 973 719 720 
f 1170 690 572 
f 2424 572 690 
f 312 277 721 
f 2117 125 722 
f 1167 724 723 
f 2172 723 724 
f 224 726 725 
f 1686 725 726 
f 772 727 592 
f 1404 592 727 
f 1457 728 155 
f 896 155 728 
f 1877 730 729 
f 2400 729 730 
f 796 386 731 
f 2111 184 732 
f 1589 732 184 
f 2425 645 468 
f 999 734 733 
f 1774 733 734 
f 2244 735 641 
f 736 160 702 
f 207 160 736 
f 882 738 737 
f 2111 737 738 
f 714 485 92 
f 317 740 739 
f 1700 739 740 
f 1201 673 741 
f 667 741 673 
f 1113 743 742 
f 1141 742 743 
f 1777 745 744 
f 2099 744 745 
f 1841 747 746 
f 2299 746 747 
f 1887 749 748 
f 2193 748 749 
f 776 751 750 
f 2442 750 751 
f 1395 500 736 
f 927 753 752 
f 1268 752 753 
f 1374 754 518 
f 64 518 754 
f 2121 756 755 
f 1595 755 756 
f 1236 758 757 
f 1048 757 758 
f 2274 190 760 
f 1401 760 190 
f 1995 539 761 
f 1605 761 539 
f 2224 763 762 
f 1023 762 763 
f 404 207 736 
f 1879 765 764 
f 795 764 765 
f 1307 767 766 
f 909 766 767 
f 967 768 50 
f 1409 50 768 
f 307 769 468 
f 2425 468 769 
f 2314 771 770 
f 2233 770 771 
f 72 31 772 
f 1573 773 630 
f 2235 630 773 
f 2152 775 774 
f 1199 774 775 
f 750 777 776 
f 1133 776 777 
f 2355 779 778 
f 2343 778 779 
f 862 780 243 
f 485 243 780 
f 1279 275 781 
f 1865 781 275 
f 1004 783 782 
f 72 782 783 
f 679 785 784 
f 2047 784 785 
f 879 786 345 
f 1206 788 787 
f 62 787 788 
f 829 286 789 
f 273 789 286 
f 1315 791 790 
f 1652 790 791 
f 302 185 792 
f 1365 792 185 
f 948 794 793 
f 2414 793 794 
f 1356 764 795 
f 731 797 796 
f 1628 796 797 
f 1126 657 798 
f 777 750 603 
f 979 603 750 
f 2245 800 799 
f 157 799 800 
f 2358 802 801 
f 481 801 802 
f 1875 803 403 
f 154 403 803 
f 2214 805 804 
f 2342 804 805 
f 2447 807 806 
f 711 806 807 
f 2289 205 808 
f 2303 808 205 
f 1582 485 780 
f 988 809 440 
f 613 440 809 
f 2268 811 810 
f 117 810 811 
f 1139 813 812 
f 482 812 813 
f 875 815 814 
f 682 814 815 
f 852 408 816 
f 1862 816 408 
f 681 818 817 
f 2259 817 818 
f 2257 223 819 
f 2434 819 223 
f 1679 820 125 
f 1674 125 820 
f 1360 648 499 
f 1398 499 648 
f 847 9 821 
f 2368 821 9 
f 1162 823 822 
f 1594 822 823 
f 350 825 824 
f 1147 824 825 
f 1568 827 826 
f 1034 826 827 
f 431 604 828 
f 564 828 604 
f 1596 829 789 
f 541 830 105 
f 1603 157 831 
f 897 831 157 
f 334 832 768 
f 1974 768 832 
f 267 834 833 
f 1970 833 834 
f 1599 836 835 
f 1550 835 836 
f 1363 838 837 
f 2243 837 838 
f 2124 585 839 
f 1201 839 585 
f 2381 841 840 
f 1641 840 841 
f 470 731 385 
f 2183 25 842 
f 1074 842 25 
f 874 844 843 
f 2427 843 844 
f 1911 846 845 
f 1035 845 846 
f 1021 848 504 
f 1329 504 848 
f 1176 849 6 
f 1258 6 849 
f 2275 850 538 
f 708 538 850 
f 1815 852 851 
f 455 851 852 
f 1681 854 853 
f 1152 853 854 
f 1861 856 855 
f 2450 855 856 
f 845 494 244 
f 2006 858 857 
f 1044 857 858 
f 1976 860 859 
f 128 859 860 
f 1242 759 861 
f 526 861 759 
f 378 862 243 
f 1776 563 864 
f 1662 864 563 
f 1307 257 865 
f 651 867 866 
f 1586 866 867 
f 1413 869 868 
f 1720 868 869 
f 960 871 870 
f 910 870 871 
f 1187 873 872 
f 1249 872 873 
f 841 844 874 
f 2501 875 814 
f 1504 877 876 
f 501 876 877 
f 2314 879 878 
f 2284 878 879 
f 1123 880 359 
f 2316 359 880 
f 1922 881 373 
f 971 373 881 
f 1365 738 882 
f 2138 884 883 
f 1044 883 884 
f 2078 469 885 
f 1151 885 469 
f 2393 508 886 
f 1252 887 244 
f 339 889 888 
f 942 888 889 
f 1964 891 890 
f 2239 890 891 
f 147 893 892 
f 1844 892 893 
f 1908 895 894 
f 1933 894 895 
f 7 155 896 
f 347 897 156 
f 2449 899 898 
f 1450 898 899 
f 2185 531 235 
f 1839 901 900 
f 641 900 901 
f 1480 903 902 
f 1348 902 903 
f 1544 905 904 
f 670 904 905 
f 1959 367 906 
f 663 906 367 
f 832 908 907 
f 389 907 908 
f 913 910 909 
f 766 909 910 
f 2077 912 911 
f 451 911 912 
f 870 910 913 
f 352 915 914 
f 964 914 915 
f 1783 917 916 
f 2014 916 917 
f 2127 919 918 
f 1661 918 919 
f 200 706 283 
f 34 921 920 
f 1499 920 921 
f 936 923 922 
f 59 922 923 
f 1479 925 924 
f 1461 924 925 
f 1953 927 926 
f 875 926 927 
f 1666 928 556 
f 1779 556 928 
f 570 929 173 
f 1886 173 929 
f 1856 931 930 
f 1129 930 931 
f 1058 932 893 
f 2341 893 932 
f 1763 934 933 
f 1869 933 934 
f 2370 936 935 
f 922 935 936 
f 2221 938 937 
f 1477 937 938 
f 2332 940 939 
f 1766 939 940 
f 888 942 941 
f 2082 941 942 
f 991 450 943 
f 2350 945 944 
f 1963 944 945 
f 411 946 378 
f 862 378 946 
f 571 947 524 
f 2230 794 948 
f 1576 950 949 
f 1391 949 950 
f 1370 951 589 
f 2330 953 952 
f 1400 952 953 
f 2027 955 954 
f 537 954 955 
f 1090 877 956 
f 1504 956 877 
f 1228 957 715 
f 1971 959 958 
f 1973 958 959 
f 972 961 960 
f 827 960 961 
f 2105 963 962 
f 1106 962 963 
f 915 965 964 
f 2373 964 965 
f 1132 966 280 
f 952 280 966 
f 1533 383 286 
f 1483 967 50 
f 2479 969 968 
f 1641 968 969 
f 2370 90 238 
f 1924 971 970 
f 881 970 971 
f 870 972 960 
f 2057 973 720 
f 1319 975 974 
f 2502 974 975 
f 2139 976 804 
f 1326 804 976 
f 1618 978 977 
f 1750 977 978 
f 726 602 979 
f 1994 981 980 
f 2401 980 981 
f 709 983 982 
f 1035 982 983 
f 1116 985 984 
f 1920 984 985 
f 795 354 986 
f 1915 987 470 
f 731 470 987 
f 1366 785 988 
f 1654 988 785 
f 2416 617 989 
f 450 991 990 
f 1124 990 991 
f 175 946 411 
f 425 992 68 
f 2304 994 993 
f 1085 993 994 
f 66 996 995 
f 554 995 996 
f 1874 997 321 
f 1340 999 998 
f 1256 998 999 
f 1377 593 1000 
f 483 171 1001 
f 1512 1003 1002 
f 1793 1002 1003 
f 1377 1004 782 
f 1855 1005 290 
f 1061 1006 594 
f 1035 846 1007 
f 1650 1007 846 
f 588 1008 366 
f 2019 1010 1009 
f 2268 1009 1010 
f 1381 1012 1011 
f 1957 1011 1012 
f 1288 115 1013 
f 332 686 1014 
f 947 571 1015 
f 2476 1015 571 
f 2346 215 1016 
f 723 237 1017 
f 1559 1018 488 
f 1394 530 293 
f 1332 293 530 
f 677 664 1019 
f 1515 1020 78 
f 1835 78 1020 
f 478 296 561 
f 505 1022 1021 
f 1464 1021 1022 
f 763 1024 1023 
f 1778 1023 1024 
f 739 1025 317 
f 1788 317 1025 
f 410 194 1024 
f 1313 1024 194 
f 2215 668 860 
f 2135 860 668 
f 2196 1026 658 
f 466 1028 1027 
f 1856 1027 1028 
f 1856 930 1029 
f 1286 1029 930 
f 2296 1030 303 
f 2040 303 1030 
f 926 1032 1031 
f 291 1031 1032 
f 2207 1034 1033 
f 827 1033 1034 
f 494 1035 983 
f 1634 1037 1036 
f 1203 1036 1037 
f 1808 1039 1038 
f 232 1038 1039 
f 1745 1041 1040 
f 2180 1040 1041 
f 1364 33 1042 
f 1380 1042 33 
f 2335 496 308 
f 2154 308 496 
f 2269 1044 1043 
f 884 1043 1044 
f 2086 1046 1045 
f 2165 1045 1046 
f 1750 1048 1047 
f 1543 1047 1048 
f 2471 83 1050 
f 813 1050 83 
f 1052 465 1051 
f 427 1051 465 
f 2257 1053 457 
f 1112 457 1053 
f 100 474 1054 
f 324 1056 1055 
f 1433 1055 1056 
f 491 436 1052 
f 581 1057 615 
f 1906 615 1057 
f 1882 227 420 
f 2452 740 1058 
f 932 1058 740 
f 1889 1059 395 
f 647 1061 1060 
f 1104 1060 1061 
f 1097 1063 1062 
f 1638 1062 1063 
f 1109 1064 206 
f 1824 1065 608 
f 1535 787 62 
f 102 1067 1066 
f 1361 1066 1067 
f 1479 684 1068 
f 1690 1070 1069 
f 2475 1069 1070 
f 1125 109 1071 
f 902 1073 1072 
f 1700 1072 1073 
f 2134 685 1074 
f 287 1074 685 
f 1816 1076 1075 
f 1651 1075 1076 
f 2383 1078 1077 
f 1504 1077 1078 
f 2163 1080 1079 
f 1828 1079 1080 
f 2488 1082 1081 
f 311 1081 1082 
f 1152 1083 853 
f 1337 853 1083 
f 69 1084 1049 
f 2487 1049 1084 
f 993 1085 983 
f 494 983 1085 
f 1293 1087 1086 
f 1507 1086 1087 
f 311 1082 1015 
f 947 1015 1082 
f 2282 1089 1088 
f 1321 1088 1089 
f 956 1091 1090 
f 427 1090 1091 
f 2205 1093 1092 
f 660 1092 1093 
f 2318 1095 1094 
f 2491 1094 1095 
f 2053 1097 1096 
f 1222 1096 1097 
f 1164 1098 325 
f 1854 325 1098 
f 1051 427 1091 
f 2167 1001 1099 
f 170 1099 1001 
f 2075 1101 1100 
f 238 1100 1101 
f 1225 532 1102 
f 2185 1102 532 
f 2191 1104 1103 
f 2398 1103 1104 
f 1815 408 852 
f 1149 491 1052 
f 1150 1052 1051 
f 1157 1106 1105 
f 770 1105 1106 
f 1635 1107 680 
f 1323 1108 1057 
f 1470 1057 1108 
f 2376 1109 206 
f 1372 42 1110 
f 2113 1111 147 
f 893 147 1111 
f 1495 1113 742 
f 883 721 278 
f 18 198 231 
f 1630 231 198 
f 1686 1114 725 
f 1726 725 1114 
f 1958 545 1115 
f 910 871 766 
f 1944 766 871 
f 51 267 405 
f 833 405 267 
f 765 1117 1116 
f 985 1116 1117 
f 1112 1053 1118 
f 1417 1118 1053 
f 1772 17 1119 
f 245 1119 17 
f 1145 1121 1120 
f 1284 1120 1121 
f 1543 1122 1047 
f 1117 1047 1122 
f 880 1123 16 
f 1385 990 1124 
f 1866 1125 1071 
f 1639 1127 1126 
f 2463 1126 1127 
f 2409 1128 319 
f 1996 319 1128 
f 1331 1129 931 
f 2400 1131 1130 
f 1822 1130 1131 
f 969 1132 659 
f 2246 776 1133 
f 451 951 1134 
f 1370 1134 951 
f 1486 1136 1135 
f 1170 1135 1136 
f 524 551 571 
f 2314 1106 963 
f 2042 1137 693 
f 1403 639 1138 
f 1833 1138 639 
f 812 643 1139 
f 2216 1139 643 
f 1529 1140 1040 
f 1745 1040 1140 
f 339 1141 889 
f 1278 889 1141 
f 1221 351 914 
f 549 1143 1142 
f 266 1142 1143 
f 2392 697 1144 
f 1121 1145 691 
f 205 1064 1146 
f 2175 1146 1064 
f 1244 1147 825 
f 1874 1148 997 
f 1989 997 1148 
f 1757 560 905 
f 1840 905 560 
f 1150 1149 1052 
f 1219 1149 1150 
f 1516 885 1151 
f 1219 174 1149 
f 1511 1083 1152 
f 2340 1154 1153 
f 1275 1153 1154 
f 1659 1156 1155 
f 199 1155 1156 
f 937 862 946 
f 1870 962 1157 
f 1106 1157 962 
f 635 1159 1158 
f 1671 1158 1159 
f 1591 234 1160 
f 567 374 1161 
f 1209 1161 374 
f 407 1162 822 
f 1124 1164 1163 
f 325 1163 1164 
f 484 1166 1165 
f 1270 1165 1166 
f 1293 87 1087 
f 1355 1087 87 
f 1353 724 1167 
f 1613 1168 1091 
f 1051 1091 1168 
f 1135 1170 1169 
f 572 1169 1170 
f 2030 1171 52 
f 2280 52 1171 
f 2 1172 520 
f 1245 520 1172 
f 1913 1174 1173 
f 1551 1173 1174 
f 1416 1176 1175 
f 6 1175 1176 
f 1489 777 1177 
f 380 1177 777 
f 215 1178 620 
f 1810 1180 1179 
f 1218 1179 1180 
f 400 1182 1181 
f 1953 1181 1182 
f 1301 1184 1183 
f 716 1183 1184 
f 209 1185 333 
f 333 44 1186 
f 1797 1186 44 
f 713 1187 872 
f 1909 1189 1188 
f 459 1188 1189 
f 648 1191 1190 
f 2304 1190 1191 
f 566 1192 313 
f 1510 313 1192 
f 1386 1193 145 
f 1598 1194 992 
f 2170 992 1194 
f 749 1159 1195 
f 2251 1195 1159 
f 507 575 1196 
f 2037 1198 1197 
f 1905 1197 1198 
f 775 1200 1199 
f 2136 1199 1200 
f 1683 141 735 
f 674 1201 585 
f 2103 1203 1202 
f 1037 1202 1203 
f 695 1205 1204 
f 1569 1204 1205 
f 1536 1207 1206 
f 2037 1206 1207 
f 2156 498 1208 
f 206 1208 498 
f 2313 1209 39 
f 374 39 1209 
f 1721 907 1210 
f 1296 1210 907 
f 1950 1212 1211 
f 1900 1211 1212 
f 1406 1214 1213 
f 1252 1213 1214 
f 2014 1215 924 
f 1479 924 1215 
f 2249 1217 1216 
f 2073 1216 1217 
f 1720 1154 868 
f 1980 868 1154 
f 1736 1218 1180 
f 1738 835 42 
f 1550 42 835 
f 906 663 361 
f 1724 361 663 
f 2225 1219 1150 
f 351 1221 1220 
f 822 1220 1221 
f 1191 1096 1222 
f 1894 1224 1223 
f 1510 1223 1224 
f 19 1225 1102 
f 1778 1227 1226 
f 2488 1226 1227 
f 2474 1228 715 
f 16 1230 1229 
f 182 1229 1230 
f 1563 1232 1231 
f 1270 1231 1232 
f 353 193 1233 
f 2187 1235 1234 
f 2265 1234 1235 
f 757 1066 1236 
f 1361 1236 1066 
f 1902 1237 1200 
f 2356 1200 1237 
f 297 1157 1238 
f 1105 1238 1157 
f 1762 1240 1239 
f 1712 1239 1240 
f 1930 1242 1241 
f 1832 1241 1242 
f 2323 1244 1243 
f 825 1243 1244 
f 1412 1246 1245 
f 300 1245 1246 
f 129 1248 1247 
f 2232 1247 1248 
f 1599 872 1249 
f 84 1251 1250 
f 318 1250 1251 
f 2239 577 890 
f 1944 890 577 
f 120 1252 495 
f 244 495 1252 
f 1461 925 1253 
f 1232 1253 925 
f 2448 1255 1254 
f 1353 1254 1255 
f 2212 1256 999 
f 144 1193 1257 
f 579 1257 1193 
f 849 341 1258 
f 176 1260 1259 
f 1980 1259 1260 
f 1860 1262 1261 
f 1939 1261 1262 
f 1882 421 1263 
f 1907 1263 421 
f 2488 1081 1264 
f 1926 1264 1081 
f 1332 1265 293 
f 2413 704 642 
f 1274 1266 1100 
f 56 1100 1266 
f 2258 1268 1267 
f 1548 1267 1268 
f 1165 1270 1269 
f 1232 1269 1270 
f 2186 717 1271 
f 84 1271 717 
f 1439 1273 1272 
f 1830 1272 1273 
f 1231 1270 1166 
f 1603 229 799 
f 474 274 1274 
f 167 1274 274 
f 1720 1275 1154 
f 74 1276 257 
f 2021 539 1277 
f 1995 1277 539 
f 1476 1278 1141 
f 2352 276 1279 
f 1887 1280 749 
f 1159 749 1280 
f 1639 798 388 
f 1619 388 798 
f 1320 1281 665 
f 1019 665 1281 
f 1018 505 1282 
f 1555 1282 505 
f 1120 1284 1283 
f 316 1283 1284 
f 1863 1286 1285 
f 2486 1285 1286 
f 672 1287 442 
f 1328 442 1287 
f 1013 1289 1288 
f 2234 1288 1289 
f 1960 153 578 
f 1292 578 153 
f 2267 412 1290 
f 1656 1290 412 
f 1073 1291 739 
f 1025 739 1291 
f 1347 1292 153 
f 2296 792 1293 
f 1365 1293 792 
f 1643 1294 54 
f 1737 54 1294 
f 1505 1069 1295 
f 2475 1295 1069 
f 389 1296 907 
f 2363 1298 1297 
f 636 1297 1298 
f 2345 1300 1299 
f 2390 1299 1300 
f 36 1302 1301 
f 661 1301 1302 
f 669 1303 618 
f 895 618 1303 
f 2030 1304 1171 
f 1761 1171 1304 
f 1805 1306 1305 
f 1648 1305 1306 
f 187 631 124 
f 2179 1309 1308 
f 1968 1308 1309 
f 51 405 1310 
f 1371 1310 405 
f 2237 1311 338 
f 1495 338 1311 
f 751 776 349 
f 1705 349 776 
f 2433 532 1225 
f 1798 482 813 
f 2335 1260 176 
f 660 29 1313 
f 1024 1313 29 
f 280 1315 1314 
f 790 1314 1315 
f 68 1316 516 
f 600 516 1316 
f 2396 1317 331 
f 2141 331 1317 
f 68 516 514 
f 425 68 514 
f 1730 883 1044 
f 304 1319 1318 
f 974 1318 1319 
f 665 306 1320 
f 805 1321 26 
f 1089 26 1321 
f 1108 1323 1322 
f 289 1322 1323 
f 1898 1325 1324 
f 1383 1324 1325 
f 1312 701 1326 
f 1331 1326 701 
f 1459 1328 1327 
f 2221 1327 1328 
f 1554 504 1329 
f 851 1330 728 
f 2432 728 1330 
f 2214 1326 1331 
f 2166 1332 67 
f 1316 67 1332 
f 1938 1333 948 
f 653 948 1333 
f 1322 1334 1108 
f 2005 1108 1334 
f 2141 1317 1335 
f 477 1335 1317 
f 853 1337 1336 
f 2099 1336 1337 
f 2135 668 617 
f 1357 1339 1338 
f 358 1338 1339 
f 734 999 1340 
f 1858 1341 1223 
f 1894 1223 1341 
f 1258 456 1342 
f 1606 1342 456 
f 1101 1343 238 
f 936 238 1343 
f 1524 118 1344 
f 2102 1346 1345 
f 2441 1345 1346 
f 476 315 85 
f 1972 85 315 
f 385 1151 469 
f 1802 1348 903 
f 1367 1350 1349 
f 270 1349 1350 
f 658 1352 1351 
f 2347 1351 1352 
f 1144 698 86 
f 2353 1354 1353 
f 724 1353 1354 
f 119 1355 87 
f 700 764 1356 
f 1937 1358 1357 
f 1339 1357 1358 
f 2313 1359 800 
f 156 800 1359 
f 1236 1361 1360 
f 1191 1360 1361 
f 1923 1363 1362 
f 837 1362 1363 
f 1809 839 1201 
f 1855 290 1364 
f 1867 1364 290 
f 88 1365 882 
f 1350 1367 1366 
f 2047 1366 1367 
f 2134 1074 25 
f 1408 1201 741 
f 2291 1369 1368 
f 2492 1368 1369 
f 1843 606 1370 
f 2231 1371 406 
f 597 394 1372 
f 754 1374 1373 
f 2453 1373 1374 
f 328 1376 555 
f 294 555 1376 
f 782 593 1377 
f 1789 1379 1378 
f 2378 1378 1379 
f 1704 1380 281 
f 487 281 1380 
f 654 1381 1011 
f 1987 1382 978 
f 1982 978 1382 
f 1325 1384 1383 
f 2502 1383 1384 
f 1163 1137 1385 
f 2042 1385 1137 
f 1864 1387 1386 
f 1193 1386 1387 
f 1770 396 1059 
f 1570 1388 1128 
f 1996 1128 1388 
f 2199 1390 1389 
f 2439 1389 1390 
f 950 1392 1391 
f 2059 1391 1392 
f 1394 1393 624 
f 2328 114 472 
f 624 1395 1394 
f 702 1394 1395 
f 2241 1397 1396 
f 1451 1396 1397 
f 487 1018 1282 
f 2376 499 1398 
f 619 1178 1399 
f 1887 1399 1178 
f 1315 952 1400 
f 2138 1283 884 
f 315 884 1283 
f 1717 1401 190 
f 164 626 1402 
f 145 1402 626 
f 1138 1404 1403 
f 397 1403 1404 
f 609 1377 1000 
f 1476 430 1405 
f 1545 1405 430 
f 2233 1214 1406 
f 1667 443 1407 
f 1427 1408 741 
f 1974 1409 768 
f 1136 691 1170 
f 105 1410 541 
f 2262 541 1410 
f 886 94 1411 
f 140 1411 94 
f 1891 1412 1172 
f 1245 1172 1412 
f 2335 1414 1413 
f 1967 1413 1414 
f 2214 1415 805 
f 1321 805 1415 
f 1720 1416 1275 
f 1175 1275 1416 
f 1455 861 526 
f 2257 1417 1053 
f 1320 1418 1281 
f 1936 1281 1418 
f 1726 1114 1419 
f 548 1419 1114 
f 1861 38 1420 
f 350 1420 38 
f 1821 1421 195 
f 1092 195 1421 
f 1645 1423 1422 
f 2041 1422 1423 
f 2202 1425 1424 
f 1969 1424 1425 
f 1803 1426 1425 
f 2277 1425 1426 
f 1428 500 1395 
f 741 666 1427 
f 662 1427 666 
f 624 1428 1395 
f 544 1429 452 
f 337 452 1429 
f 880 16 1229 
f 1429 544 18 
f 1380 33 920 
f 497 1431 1430 
f 413 1430 1431 
f 1776 864 1432 
f 2211 1432 864 
f 1506 1434 1433 
f 856 1433 1434 
f 2099 1435 744 
f 2164 744 1435 
f 1384 1325 1436 
f 1898 1436 1325 
f 1939 543 1437 
f 439 1437 543 
f 1619 1439 1438 
f 1272 1438 1439 
f 597 1372 222 
f 356 122 1440 
f 582 1440 122 
f 1931 1442 1441 
f 1528 1441 1442 
f 263 362 1443 
f 2404 1443 362 
f 1096 1361 1067 
f 869 1445 1444 
f 2062 1444 1445 
f 1551 1174 1006 
f 595 1006 1174 
f 2040 1446 202 
f 1300 549 1142 
f 403 1448 1447 
f 2001 1447 1448 
f 2422 1450 1449 
f 899 1449 1450 
f 1397 1452 1451 
f 1590 1451 1452 
f 1494 329 1453 
f 971 859 1454 
f 128 1454 859 
f 1045 1455 235 
f 2185 235 1455 
f 860 1456 128 
f 1583 728 1457 
f 1850 842 1458 
f 829 1458 842 
f 1491 1459 130 
f 2390 1300 1142 
f 613 1460 440 
f 2465 1292 1347 
f 2014 924 1461 
f 1550 1462 940 
f 1766 940 1462 
f 69 1463 1084 
f 1525 1084 1463 
f 848 1021 1464 
f 1932 1466 1465 
f 1197 1465 1466 
f 14 1468 1467 
f 1627 1467 1468 
f 570 510 21 
f 1050 813 1139 
f 865 1469 767 
f 1642 767 1469 
f 2005 1470 1108 
f 1982 757 1048 
f 497 1471 1431 
f 837 1431 1471 
f 1764 1473 1472 
f 2407 1472 1473 
f 965 1475 1474 
f 1322 1474 1475 
f 743 430 1476 
f 1582 780 1477 
f 937 1477 780 
f 397 1478 1403 
f 640 1403 1478 
f 902 1072 1480 
f 1622 1480 1072 
f 1959 1482 1481 
f 443 1481 1482 
f 2494 1483 50 
f 2216 1477 938 
f 461 1485 1484 
f 697 1484 1485 
f 737 1486 1135 
f 2033 1488 1487 
f 2189 1487 1488 
f 1910 1490 1489 
f 2301 1489 1490 
f 2229 441 1491 
f 2034 1492 1222 
f 994 1222 1492 
f 2206 1493 711 
f 1959 1494 367 
f 1805 1496 657 
f 2231 146 1497 
f 1808 1497 146 
f 1459 1491 442 
f 920 1499 488 
f 1559 488 1499 
f 2491 1095 96 
f 1629 96 1095 
f 914 964 1500 
f 368 1500 964 
f 1758 1502 1501 
f 2126 1501 1502 
f 2172 1503 723 
f 237 723 1503 
f 1077 1504 876 
f 2064 1505 220 
f 1295 220 1505 
f 1961 1434 1506 
f 2205 1508 1507 
f 1086 1507 1508 
f 780 862 937 
f 911 1134 1509 
f 607 1509 1134 
f 1192 1223 1510 
f 1083 1511 330 
f 1397 1512 1002 
f 2030 1514 1513 
f 98 1513 1514 
f 1928 1020 1515 
f 2091 885 1516 
f 710 1517 756 
f 166 756 1517 
f 2082 1519 1518 
f 1946 1518 1519 
f 976 1520 139 
f 2137 1521 454 
f 174 1523 1522 
f 1547 1522 1523 
f 30 118 1524 
f 334 768 967 
f 1463 1526 1525 
f 1878 1525 1526 
f 679 944 1527 
f 1963 1527 944 
f 797 1528 1442 
f 1891 1529 1040 
f 2186 699 717 
f 2079 1531 1530 
f 1244 1530 1531 
f 383 1533 1532 
f 1575 1532 1533 
f 2126 1205 1501 
f 393 1501 1205 
f 1479 1534 684 
f 1533 684 1534 
f 2387 787 1535 
f 51 98 1514 
f 1558 1091 956 
f 2033 467 644 
f 1741 734 1340 
f 2155 1207 1536 
f 306 665 612 
f 1538 612 665 
f 2462 1538 1537 
f 664 1537 1538 
f 2051 1540 1539 
f 2020 1539 1540 
f 1519 1541 31 
f 35 1542 1331 
f 2214 1331 1542 
f 1088 957 1228 
f 1757 905 1544 
f 1776 1545 563 
f 2365 707 1546 
f 416 1546 707 
f 1522 1547 946 
f 937 946 1547 
f 1727 594 13 
f 1244 1531 1390 
f 2439 1390 1531 
f 753 1548 1268 
f 1661 1549 998 
f 1340 998 1549 
f 647 1551 1006 
f 2232 1553 1552 
f 1741 1552 1553 
f 46 1555 1554 
f 504 1554 1555 
f 1954 1556 1194 
f 1817 1194 1556 
f 973 513 1557 
f 1613 1091 1558 
f 1812 1018 1559 
f 2102 1560 1346 
f 49 1346 1560 
f 2177 1562 1561 
f 1031 1561 1562 
f 2489 1563 1472 
f 1231 1472 1563 
f 689 1565 1564 
f 1631 1564 1565 
f 1721 1210 1566 
f 2044 1566 1210 
f 1746 1140 1567 
f 1 1567 1140 
f 1213 904 1406 
f 670 1406 904 
f 2303 1512 310 
f 2241 310 1512 
f 40 471 113 
f 1929 827 1568 
f 1558 956 1078 
f 1504 1078 956 
f 2302 1569 1205 
f 605 1570 1128 
f 1615 1572 1571 
f 1793 1571 1572 
f 2144 1573 151 
f 2229 1574 441 
f 414 441 1574 
f 1533 1534 1575 
f 2287 1575 1534 
f 2483 1577 1576 
f 950 1576 1577 
f 2440 1578 20 
f 505 1018 1022 
f 1812 1022 1018 
f 2001 1580 1579 
f 1148 1579 1580 
f 946 175 1522 
f 2324 1581 1517 
f 2410 1517 1581 
f 1312 976 139 
f 643 486 1582 
f 1162 1583 259 
f 1457 259 1583 
f 2021 1277 610 
f 943 610 1277 
f 1138 592 1404 
f 534 791 1400 
f 1315 1400 791 
f 1673 1585 1584 
f 2038 1584 1585 
f 866 1586 727 
f 586 727 1586 
f 732 1589 1588 
f 1742 1588 1589 
f 632 1590 1452 
f 1668 71 1591 
f 2380 1591 71 
f 150 1573 630 
f 1180 1593 1592 
f 1285 1592 1593 
f 106 1594 258 
f 823 258 1594 
f 166 1595 756 
f 272 1596 789 
f 887 1597 1119 
f 1772 1119 1597 
f 1954 1194 1598 
f 1685 1396 1451 
f 1738 1599 835 
f 1344 119 1600 
f 88 1600 119 
f 1529 1172 2 
f 1249 1462 836 
f 1550 836 1462 
f 2208 320 997 
f 1828 1080 638 
f 1712 638 1080 
f 1515 1602 1601 
f 58 1601 1602 
f 1662 229 1603 
f 761 1605 1604 
f 236 1604 1605 
f 676 1537 664 
f 828 1545 430 
f 2403 1342 1606 
f 1647 1391 1607 
f 2059 1607 1391 
f 2386 1608 1569 
f 2081 1569 1608 
f 480 1610 1609 
f 1831 1609 1610 
f 2115 1611 622 
f 1724 622 1611 
f 1005 1561 628 
f 1031 628 1561 
f 343 1613 1612 
f 1558 1612 1613 
f 2473 389 908 
f 1354 5 1614 
f 2384 1614 5 
f 1398 649 1615 
f 1885 1615 649 
f 2466 965 1474 
f 1952 219 1616 
f 2474 1616 219 
f 455 852 1617 
f 816 1617 852 
f 218 1618 977 
f 656 1619 798 
f 185 738 1365 
f 1688 1621 1620 
f 1837 1620 1621 
f 2031 1426 1622 
f 2423 1622 1426 
f 2053 1063 1097 
f 2324 1493 1623 
f 181 1623 1493 
f 2408 1625 1624 
f 2344 1624 1625 
f 2437 1610 480 
f 1910 1626 1490 
f 2046 1490 1626 
f 134 1242 861 
f 2175 1571 1003 
f 1793 1003 1571 
f 2349 620 1627 
f 2468 104 1628 
f 1587 1628 104 
f 1691 96 1629 
f 1690 1099 1070 
f 170 1070 1099 
f 231 1630 1038 
f 2284 1038 1630 
f 364 1631 863 
f 2078 863 1631 
f 2434 1632 422 
f 2142 282 1633 
f 2275 1633 282 
f 651 1278 1476 
f 2281 1635 1634 
f 1037 1634 1635 
f 1829 1637 1636 
f 420 1636 1637 
f 2379 1638 1063 
f 798 1639 1126 
f 961 972 1640 
f 2417 1640 972 
f 1594 1220 822 
f 2251 677 1019 
f 167 55 1266 
f 1254 1353 1167 
f 2285 1641 969 
f 909 767 1642 
f 103 1643 54 
f 685 1644 1068 
f 1165 1068 1644 
f 1948 1645 1422 
f 949 1647 1646 
f 2093 1646 1647 
f 2229 1305 1648 
f 1724 1611 1649 
f 2255 1649 1611 
f 1767 1651 1650 
f 1076 1650 1651 
f 2361 974 1436 
f 1384 1436 974 
f 2011 674 1652 
f 585 1652 674 
f 1749 1654 1653 
f 1527 1653 1654 
f 2010 1655 120 
f 412 1657 1656 
f 106 1656 1657 
f 1769 1658 598 
f 712 598 1658 
f 2092 1659 1155 
f 2493 1636 228 
f 2271 1248 1523 
f 1327 1523 1248 
f 1807 1660 1240 
f 1712 1240 1660 
f 2467 1661 919 
f 2409 1662 563 
f 1916 1496 1663 
f 1805 1663 1496 
f 1932 1664 62 
f 2147 1665 239 
f 475 239 1665 
f 1153 1175 625 
f 1930 1241 774 
f 2177 774 1241 
f 2260 1297 636 
f 682 815 1666 
f 2133 1666 815 
f 2438 266 1143 
f 295 1376 1667 
f 1481 1667 1376 
f 1160 1668 1591 
f 2150 1670 1669 
f 1659 1669 1670 
f 2346 1671 1280 
f 1159 1280 1671 
f 2151 1672 1670 
f 2460 1670 1672 
f 757 102 1066 
f 144 1673 1584 
f 929 570 21 
f 820 1675 1674 
f 2254 1674 1675 
f 1422 1677 1676 
f 1621 1676 1677 
f 2225 1678 1219 
f 2271 1219 1678 
f 2117 1680 1679 
f 1892 1679 1680 
f 2272 882 737 
f 1822 1131 1681 
f 1526 1681 1131 
f 1346 49 1409 
f 141 1683 1682 
f 1609 1682 1683 
f 722 124 632 
f 2432 8 896 
f 429 1684 379 
f 2200 1685 1451 
f 1037 680 1187 
f 2309 1187 680 
f 2092 1669 1659 
f 294 1687 555 
f 1620 261 1688 
f 917 1688 261 
f 1860 1689 1262 
f 1011 1262 1689 
f 689 1692 1691 
f 96 1691 1692 
f 1774 1694 1693 
f 2225 1693 1694 
f 1833 1696 1695 
f 1747 1695 1696 
f 2276 1698 1697 
f 2205 1697 1698 
f 373 1454 1699 
f 127 1699 1454 
f 954 683 557 
f 2197 810 391 
f 2452 1701 1700 
f 1072 1700 1701 
f 2293 1110 1702 
f 1978 1702 1110 
f 1460 1261 1437 
f 1939 1437 1261 
f 1237 1704 1703 
f 45 1703 1704 
f 1055 1706 1705 
f 1420 1705 1706 
f 2336 1263 1065 
f 1907 1065 1263 
f 2448 1707 705 
f 283 705 1707 
f 1004 1377 1708 
f 1907 1708 1377 
f 1767 606 1709 
f 1308 1709 606 
f 1348 1710 902 
f 1073 902 1710 
f 1686 1389 1711 
f 2439 1711 1389 
f 1660 638 1712 
f 2326 47 1713 
f 1986 1715 1714 
f 2318 1714 1715 
f 333 704 44 
f 1185 209 1716 
f 1690 1716 209 
f 190 1718 1717 
f 2109 1717 1718 
f 2132 95 1564 
f 1692 1564 95 
f 381 558 1719 
f 2043 1719 558 
f 1974 832 1721 
f 907 1721 832 
f 2357 1722 573 
f 1623 573 1722 
f 1516 246 1723 
f 489 1723 246 
f 1775 648 1190 
f 1853 1724 1649 
f 2367 12 546 
f 2142 241 282 
f 1632 1726 1725 
f 1419 1725 1726 
f 922 59 1468 
f 2349 1468 59 
f 1438 1272 1698 
f 1508 1698 1272 
f 2470 1537 676 
f 1741 1553 734 
f 1694 734 1553 
f 2212 733 343 
f 1774 343 733 
f 663 367 621 
f 1825 1727 13 
f 2385 493 1728 
f 857 1728 493 
f 712 1729 598 
f 1402 145 123 
f 1896 1730 858 
f 1044 858 1730 
f 1900 1732 1731 
f 1823 1731 1732 
f 224 602 726 
f 2356 1703 454 
f 2137 454 1703 
f 1530 1734 1733 
f 419 1733 1734 
f 1218 1736 1735 
f 2290 1735 1736 
f 2051 1737 1540 
f 1821 1540 1737 
f 1887 748 1739 
f 2482 1739 748 
f 2278 369 1740 
f 2253 1740 369 
f 1588 1742 1741 
f 1552 1741 1742 
f 2462 1537 1743 
f 2470 1743 1537 
f 2084 1744 616 
f 1140 1746 1745 
f 616 1745 1746 
f 1760 1695 1747 
f 2489 1748 522 
f 254 1749 1107 
f 818 1107 1749 
f 2104 1750 1047 
f 2025 1752 1751 
f 203 1751 1752 
f 2219 909 1642 
f 2102 1754 1753 
f 1387 1753 1754 
f 2150 1669 1755 
f 158 1755 1669 
f 2351 1585 1756 
f 2465 1756 1585 
f 2345 1299 260 
f 393 1758 1501 
f 828 564 1545 
f 2082 650 1541 
f 866 1541 650 
f 2057 720 217 
f 1695 1760 1759 
f 2130 1759 1760 
f 1602 1515 78 
f 288 580 133 
f 1744 133 580 
f 2280 1171 1761 
f 2319 1756 1347 
f 2465 1347 1756 
f 980 1762 10 
f 1239 10 1762 
f 1399 1739 1763 
f 934 1763 1739 
f 1472 1765 1764 
f 2176 1764 1765 
f 1249 1766 1462 
f 2362 1153 625 
f 2411 394 597 
f 716 957 1415 
f 1321 1415 957 
f 1954 1768 1556 
f 802 1556 1768 
f 2148 1769 212 
f 2101 212 1769 
f 1940 396 1770 
f 1543 1771 1122 
f 985 1122 1771 
f 1902 1200 775 
f 1597 1773 1772 
f 198 1772 1773 
f 734 1694 1774 
f 676 1298 587 
f 2363 587 1298 
f 2083 700 1356 
f 976 1312 1326 
f 993 1775 1190 
f 1942 1776 1432 
f 121 1777 744 
f 2363 614 587 
f 1023 1778 1226 
f 1111 1058 893 
f 1457 1410 259 
f 1624 56 1780 
f 1793 1572 1781 
f 722 1781 1572 
f 718 1251 84 
f 2154 1782 769 
f 2267 769 1782 
f 2307 517 64 
f 2066 1783 916 
f 1074 287 829 
f 1970 406 833 
f 2101 222 212 
f 1813 1785 1784 
f 2181 1784 1785 
f 2175 1064 1109 
f 2110 1728 857 
f 1947 1392 950 
f 1596 272 945 
f 2265 945 272 
f 1657 1594 106 
f 2316 1786 359 
f 2005 1787 1470 
f 2080 1470 1787 
f 264 1176 1416 
f 1114 1686 1711 
f 2094 1790 1789 
f 1379 1789 1790 
f 1323 1057 581 
f 2180 1041 1791 
f 2080 1791 1041 
f 1613 1693 1168 
f 2225 1168 1693 
f 842 1074 829 
f 1124 991 1792 
f 1995 1792 991 
f 1781 1002 1793 
f 338 888 1794 
f 2294 1794 888 
f 2237 1794 1795 
f 2449 1795 1794 
f 2169 1797 1796 
f 1118 1796 1797 
f 1840 670 905 
f 2047 785 1366 
f 2354 481 1798 
f 2005 1334 1799 
f 2087 1799 1334 
f 2453 326 1800 
f 2023 1800 326 
f 2292 1801 1358 
f 1339 1358 1801 
f 1348 1802 778 
f 2355 778 1802 
f 1958 1426 1803 
f 2485 1129 1804 
f 701 1804 1129 
f 657 1306 1805 
f 2224 1806 568 
f 993 983 1775 
f 709 1775 983 
f 1240 629 1807 
f 1965 1807 629 
f 2086 1808 146 
f 2366 1809 1408 
f 1201 1408 1809 
f 1179 1811 1810 
f 894 1810 1811 
f 2460 1672 1255 
f 2496 1255 1672 
f 2417 870 913 
f 1077 1812 1559 
f 2045 1814 1813 
f 1785 1813 1814 
f 1162 1815 1583 
f 851 1583 1815 
f 32 866 727 
f 1225 19 1578 
f 1527 785 679 
f 875 1032 926 
f 576 1816 1075 
f 2076 1817 574 
f 1182 1548 753 
f 819 1818 1417 
f 2074 1417 1818 
f 2315 1819 200 
f 509 200 1819 
f 1386 145 626 
f 850 1254 1820 
f 1167 1820 1254 
f 1294 1421 1821 
f 1063 1130 1822 
f 358 1339 1801 
f 2396 1731 1823 
f 608 1759 1824 
f 2131 1824 1759 
f 2125 933 1825 
f 2112 1825 933 
f 2253 1827 1826 
f 1847 1826 1827 
f 2250 1637 1829 
f 1637 1708 421 
f 1907 421 1708 
f 1508 1272 1830 
f 1968 558 381 
f 1682 1609 1831 
f 2322 904 1213 
f 2426 1832 135 
f 1000 1138 1833 
f 2286 1834 447 
f 364 447 1834 
f 187 1836 1835 
f 2226 1835 1836 
f 1153 1275 1175 
f 168 1780 55 
f 2041 1837 1677 
f 1621 1677 1837 
f 2107 1839 1838 
f 2315 1838 1839 
f 1684 1177 380 
f 296 1840 560 
f 2289 1841 1771 
f 746 1771 1841 
f 874 1842 968 
f 284 968 1842 
f 1370 589 1843 
f 2121 1843 589 
f 1491 130 201 
f 2352 201 130 
f 892 1844 1046 
f 2165 1046 1844 
f 2274 1723 191 
f 2242 191 1723 
f 2026 1216 1845 
f 2073 1845 1216 
f 968 841 874 
f 2032 66 70 
f 448 1846 1 
f 2159 1 1846 
f 370 473 1847 
f 2054 1847 473 
f 2314 770 1106 
f 1927 1849 1848 
f 2228 1848 1849 
f 2048 1850 1458 
f 2149 428 457 
f 2257 457 428 
f 1204 1569 1851 
f 2081 1851 1569 
f 1820 708 850 
f 1048 758 1852 
f 2156 1852 758 
f 1984 1724 1853 
f 1543 1048 1852 
f 2133 752 1268 
f 1433 1706 1055 
f 2264 1005 1855 
f 1992 414 1574 
f 1494 1453 816 
f 1617 816 1453 
f 931 1856 1028 
f 2419 1858 1857 
f 1192 1857 1858 
f 1823 477 1317 
f 1493 1859 181 
f 2210 1689 1860 
f 2184 38 1861 
f 1494 816 1862 
f 554 1152 854 
f 1029 1286 1863 
f 2464 1387 1864 
f 185 302 1865 
f 781 1865 302 
f 1071 1867 1866 
f 291 1866 1867 
f 2112 1869 1868 
f 211 1868 1869 
f 1603 799 157 
f 1310 1871 1870 
f 2105 1870 1871 
f 1479 1068 1269 
f 1165 1269 1068 
f 2400 1872 101 
f 694 1204 203 
f 1751 203 1204 
f 953 1857 535 
f 566 535 1857 
f 1151 246 1516 
f 949 1391 1647 
f 2038 192 582 
f 2480 269 1873 
f 542 1873 269 
f 321 1875 1874 
f 1447 1874 1875 
f 1025 1876 1788 
f 694 1788 1876 
f 1934 1878 1877 
f 730 1877 1878 
f 1342 5 1258 
f 2360 1880 1879 
f 765 1879 1880 
f 886 1411 1881 
f 675 1881 1411 
f 108 1884 1883 
f 320 1883 1884 
f 709 1680 1885 
f 2117 1885 1680 
f 1576 949 1646 
f 2360 1886 929 
f 1596 1458 829 
f 1739 1399 1887 
f 2215 1889 1888 
f 395 1888 1889 
f 2158 549 1300 
f 1412 1891 1890 
f 2446 1890 1891 
f 982 1007 1892 
f 1076 1892 1007 
f 1667 1407 295 
f 2070 295 1407 
f 1451 1590 1893 
f 631 1893 1590 
f 2497 966 1132 
f 2059 1895 540 
f 1831 298 1682 
f 2016 721 1896 
f 1730 1896 721 
f 729 1897 1382 
f 1982 1382 1897 
f 1229 183 1898 
f 1436 1898 183 
f 1877 729 1382 
f 27 1016 216 
f 1779 1899 557 
f 954 557 1899 
f 1407 1900 1731 
f 1735 1785 1814 
f 2291 1901 975 
f 2502 975 1901 
f 2264 1855 1902 
f 1364 1902 1855 
f 1725 1904 1903 
f 596 1903 1904 
f 2270 1905 1198 
f 2320 616 1906 
f 609 1065 1907 
f 1636 27 1829 
f 474 100 274 
f 894 1811 1908 
f 2045 1908 1811 
f 1188 1910 1909 
f 2334 1909 1910 
f 2463 1306 657 
f 544 912 1911 
f 2077 1911 912 
f 432 634 1912 
f 1917 1914 1913 
f 1174 1913 1914 
f 1962 1367 1349 
f 689 1691 1915 
f 1990 1915 1691 
f 656 1496 1916 
f 90 1914 1917 
f 1195 1919 1918 
f 1936 1918 1919 
f 2156 1360 498 
f 2299 1921 1920 
f 2068 1920 1921 
f 635 1298 676 
f 2243 1922 412 
f 1657 412 1922 
f 1589 184 1865 
f 1806 23 567 
f 374 567 23 
f 2071 1924 1923 
f 970 1923 1924 
f 1825 13 1467 
f 1648 1925 1574 
f 1886 1574 1925 
f 2402 464 1926 
f 612 1538 1927 
f 2462 1927 1538 
f 2409 319 229 
f 2366 1302 466 
f 2068 1928 1515 
f 1964 1929 1568 
f 696 1930 1199 
f 774 1199 1930 
f 1441 1932 1931 
f 1465 1931 1932 
f 2414 1863 1933 
f 2089 1933 1863 
f 2487 1525 1934 
f 1878 1934 1525 
f 954 537 683 
f 2470 366 1743 
f 1815 1162 407 
f 1674 187 124 
f 1965 517 1935 
f 2108 1935 517 
f 1418 1634 1936 
f 1036 1936 1634 
f 273 1358 1937 
f 193 165 583 
f 627 1251 718 
f 439 270 1350 
f 1303 395 1938 
f 2499 141 299 
f 1682 299 141 
f 1366 988 440 
f 2156 1236 1360 
f 2408 1624 1780 
f 1262 1011 1939 
f 1957 1939 1011 
f 396 1940 1333 
f 437 1333 1940 
f 2015 137 1941 
f 1581 1941 137 
f 2266 322 434 
f 88 882 1600 
f 2272 1600 882 
f 2089 1285 1593 
f 1485 162 240 
f 1709 382 1651 
f 1075 1651 382 
f 248 1942 1432 
f 2161 1943 1253 
f 1461 1253 1943 
f 1307 766 1944 
f 1518 1946 1945 
f 1668 1945 1946 
f 1676 1621 1783 
f 1688 1783 1621 
f 2283 1088 1228 
f 1392 1947 645 
f 1422 1676 1948 
f 2066 1948 1676 
f 56 1624 1949 
f 2344 1949 1624 
f 1984 1951 1950 
f 2455 1950 1951 
f 1184 1952 1616 
f 1778 30 1524 
f 753 927 1953 
f 812 1954 1912 
f 432 1912 1954 
f 2135 1956 1955 
f 2039 1955 1956 
f 2250 1004 1708 
f 1382 1934 1877 
f 2423 1958 1957 
f 1115 1957 1958 
f 1792 1164 1124 
f 1964 890 1944 
f 1176 528 849 
f 1494 1959 329 
f 1481 329 1959 
f 520 1245 301 
f 1365 87 1293 
f 2420 153 1960 
f 2122 1961 1506 
f 2036 1367 1962 
f 1527 1963 1653 
f 2259 1653 1963 
f 2043 891 1964 
f 2035 1062 1638 
f 2235 518 1965 
f 289 1323 581 
f 580 615 1744 
f 2184 1338 1966 
f 358 1966 1338 
f 1695 1759 608 
f 1445 869 1967 
f 1413 1967 869 
f 2311 1970 1969 
f 834 1969 1970 
f 1971 1256 959 
f 2212 959 1256 
f 998 1256 1971 
f 2323 418 1734 
f 771 1773 1597 
f 914 1500 1221 
f 407 1221 1500 
f 2263 262 1443 
f 316 1973 1972 
f 2430 1972 1973 
f 2095 115 1975 
f 2300 1977 1976 
f 1889 1976 1977 
f 566 1857 1192 
f 1110 41 1978 
f 1026 1978 41 
f 1654 785 1527 
f 1667 1481 443 
f 2294 888 941 
f 2354 1250 318 
f 1940 1770 1831 
f 298 1831 1770 
f 611 943 449 
f 1309 1595 1979 
f 165 1979 1595 
f 1154 1981 1980 
f 2153 1980 1981 
f 378 243 242 
f 757 1982 1897 
f 2433 453 1521 
f 2391 1079 1983 
f 1828 1983 1079 
f 1853 1985 1984 
f 1951 1984 1985 
f 1414 1986 1714 
f 2163 210 1239 
f 2487 1934 1987 
f 1382 1987 1934 
f 2208 1989 1988 
f 707 1988 1989 
f 1691 1991 1990 
f 2189 1990 1991 
f 2016 1993 312 
f 2252 1357 1338 
f 1997 981 1994 
f 1277 1995 991 
f 2039 1475 965 
f 2348 204 1752 
f 272 1937 1234 
f 2187 1234 1937 
f 2304 1191 1222 
f 2108 1996 1388 
f 1112 1797 44 
f 247 1997 1994 
f 2484 1747 1779 
f 1899 1779 1747 
f 2429 1999 1998 
f 249 1998 1999 
f 2149 2000 428 
f 2459 2002 2001 
f 1557 2001 2002 
f 1649 2004 2003 
f 1304 2003 2004 
f 107 1647 1607 
f 493 347 2006 
f 2435 2006 347 
f 176 2008 2007 
f 1755 2007 2008 
f 2075 1100 56 
f 1742 276 1552 
f 1247 1552 276 
f 586 397 1404 
f 99 456 340 
f 467 1715 1986 
f 1103 1868 2009 
f 211 2009 1868 
f 1492 2010 994 
f 1085 994 2010 
f 2055 688 188 
f 863 188 688 
f 1652 534 2011 
f 565 2011 534 
f 2019 1060 2012 
f 1104 2012 1060 
f 1679 1892 1816 
f 1076 1816 1892 
f 1696 1899 1747 
f 1215 2014 2013 
f 917 2013 2014 
f 1444 264 1416 
f 2293 221 1372 
f 148 137 2015 
f 62 788 1932 
f 1466 1932 788 
f 2435 2016 1896 
f 523 2018 2017 
f 1423 2017 2018 
f 1010 2019 2012 
f 1975 1617 1453 
f 702 1395 736 
f 1542 716 1415 
f 442 1328 1459 
f 2401 1539 2020 
f 285 1633 2021 
f 2275 2021 1633 
f 913 2022 390 
f 69 66 995 
f 533 1148 1580 
f 2041 2024 1903 
f 1725 1903 2024 
f 1751 399 2025 
f 48 2026 1845 
f 2123 2027 954 
f 486 633 92 
f 30 2028 118 
f 1355 118 2028 
f 2493 228 1498 
f 925 1479 1269 
f 2005 1784 1787 
f 1791 1787 1784 
f 1301 1183 35 
f 1542 35 1183 
f 40 375 471 
f 2145 471 375 
f 2191 2029 1702 
f 2293 1702 2029 
f 2003 2030 1513 
f 967 1123 359 
f 1606 100 1054 
f 2044 1210 1296 
f 1701 2031 1622 
f 2394 2033 1487 
f 1062 2035 2034 
f 1492 2034 2035 
f 230 63 799 
f 2245 799 63 
f 2357 1556 802 
f 159 1881 675 
f 1520 784 2036 
f 2047 2036 784 
f 2244 641 901 
f 1562 1181 1031 
f 926 1031 1181 
f 1197 1466 2037 
f 1206 2037 1466 
f 122 2038 582 
f 915 1955 2039 
f 1831 1610 1940 
f 2178 1940 1610 
f 1446 2040 1663 
f 1916 1663 2040 
f 2011 642 673 
f 667 673 642 
f 1903 1837 2041 
f 2343 1710 1348 
f 2248 1719 2043 
f 57 15 986 
f 1483 986 15 
f 814 682 536 
f 1898 880 1229 
f 1566 2044 142 
f 1179 1814 2045 
f 136 148 126 
f 460 2042 2046 
f 2337 2046 2042 
f 2350 2049 2048 
f 2220 2048 2049 
f 231 1429 18 
f 1833 609 1000 
f 1608 1548 2050 
f 1182 2050 1548 
f 1994 847 490 
f 821 490 847 
f 327 773 1573 
f 2187 116 1235 
f 1351 1235 116 
f 53 1737 2051 
f 1495 2052 1113 
f 11 1113 2052 
f 1623 181 573 
f 1067 2053 1096 
f 2406 1826 1173 
f 1913 1173 1826 
f 189 2056 2055 
f 1625 2055 2056 
f 865 767 1307 
f 2273 2059 2058 
f 1392 2058 2059 
f 1113 431 743 
f 1016 27 2060 
f 1636 2060 27 
f 1974 1721 1566 
f 264 2062 2061 
f 2491 2061 2062 
f 662 2064 2063 
f 220 2063 2064 
f 265 2061 2065 
f 95 2065 2061 
f 1676 1783 2066 
f 1880 2067 1117 
f 1047 1117 2067 
f 1076 1007 1650 
f 460 2046 1626 
f 2325 2068 1921 
f 747 309 2069 
f 2241 2069 309 
f 2419 1857 953 
f 2153 2008 1259 
f 176 1259 2008 
f 2036 138 1520 
f 1407 1731 2070 
f 2396 2070 1731 
f 2297 2072 2071 
f 2300 2071 2072 
f 728 1583 851 
f 37 1243 825 
f 2461 646 2073 
f 1845 2073 646 
f 1118 1417 2074 
f 1368 826 1901 
f 1034 1901 826 
f 2098 1101 2075 
f 2100 2076 574 
f 1984 1950 360 
f 1211 360 1950 
f 1911 2077 846 
f 2415 846 2077 
f 2408 2055 1625 
f 511 2057 22 
f 218 22 2057 
f 1798 84 1250 
f 2242 821 547 
f 2367 547 821 
f 2091 188 2078 
f 863 2078 188 
f 895 989 618 
f 1733 2079 1530 
f 400 2050 1182 
f 1906 1470 2080 
f 399 1851 2081 
f 650 2082 942 
f 2149 1224 2000 
f 2218 2000 1224 
f 2079 1733 362 
f 2404 362 1733 
f 2494 2083 1356 
f 616 1746 2084 
f 1567 2084 1746 
f 2368 2085 12 
f 2391 12 2085 
f 1039 2086 1045 
f 2397 1799 2087 
f 1329 180 1859 
f 1364 110 33 
f 1299 262 2088 
f 2263 2088 262 
f 1863 1285 2089 
f 2297 2071 2090 
f 1923 2090 2071 
f 2274 189 2091 
f 2393 2092 1155 
f 985 1117 1122 
f 1476 1141 743 
f 107 2094 2093 
f 2387 2093 2094 
f 1386 626 1864 
f 996 65 2095 
f 1866 291 1032 
f 1818 2096 2074 
f 2312 2074 2096 
f 1343 2098 2097 
f 898 2097 2098 
f 2379 1336 2099 
f 292 1265 2100 
f 2166 2100 1265 
f 1769 598 2101 
f 579 2102 1345 
f 2349 233 620 
f 1658 748 2103 
f 2193 2103 748 
f 977 2104 22 
f 1767 1509 607 
f 2024 423 1632 
f 2359 929 21 
f 1871 344 2105 
f 786 2105 344 
f 1773 878 197 
f 2284 197 878 
f 2128 303 2040 
f 901 2107 2106 
f 2427 2106 2107 
f 772 593 72 
f 782 72 593 
f 2495 814 536 
f 1586 248 586 
f 1030 1916 2040 
f 553 1550 940 
f 1883 320 2094 
f 1790 2094 320 
f 916 1461 1943 
f 2307 2108 517 
f 1311 1717 2109 
f 2269 2110 857 
f 2467 2111 732 
f 1231 1765 1472 
f 2398 2112 1868 
f 2317 1111 2113 
f 2100 2114 292 
f 848 292 2114 
f 2373 2115 621 
f 15 57 2116 
f 1118 1797 1112 
f 1466 788 1206 
f 1572 2117 722 
f 1854 81 2118 
f 2326 2118 81 
f 933 1869 2112 
f 162 1485 461 
f 1350 1366 440 
f 2281 1320 254 
f 843 1633 1842 
f 285 1842 1633 
f 681 1107 818 
f 2405 2119 278 
f 2203 278 2119 
f 171 483 2120 
f 1964 1944 1929 
f 871 1929 1944 
f 806 2121 590 
f 379 602 429 
f 224 429 602 
f 1056 2122 1506 
f 1899 2123 954 
f 1822 1681 1336 
f 853 1336 1681 
f 847 980 10 
f 1787 1791 2080 
f 438 584 2124 
f 271 252 371 
f 1467 2125 1825 
f 2336 1824 2126 
f 2131 2126 1824 
f 691 1136 2127 
f 919 2127 1136 
f 202 2128 2040 
f 2226 79 1835 
f 973 2057 511 
f 2376 1398 2129 
f 1615 2129 1398 
f 1744 2084 521 
f 1761 521 2084 
f 2256 1628 1587 
f 2386 2131 2130 
f 1759 2130 2131 
f 1623 1941 1581 
f 2500 595 1174 
f 2065 95 2132 
f 2116 1230 16 
f 58 1602 2116 
f 2418 2116 1602 
f 1763 933 2125 
f 255 809 552 
f 988 552 809 
f 1196 1075 382 
f 2361 1436 183 
f 2258 2133 1268 
f 2058 1392 645 
f 1196 381 1719 
f 1456 2135 1955 
f 2006 1896 858 
f 2102 1753 1560 
f 2464 1560 1753 
f 2244 901 2106 
f 1199 2136 696 
f 20 696 2136 
f 2013 917 261 
f 2030 52 1514 
f 2450 856 1434 
f 2447 2137 807 
f 45 807 2137 
f 101 1897 729 
f 2315 1839 1819 
f 900 1819 1839 
f 1608 2050 2081 
f 400 2081 2050 
f 2119 1145 2138 
f 1120 2138 1145 
f 2342 2139 804 
f 2201 2141 2140 
f 1335 2140 2141 
f 843 2142 1633 
f 2447 806 2143 
f 590 2143 806 
f 2460 705 1156 
f 327 1573 2144 
f 2260 2060 1297 
f 2493 1297 2060 
f 450 990 459 
f 463 2145 375 
f 569 502 513 
f 2127 1121 691 
f 2336 2126 1502 
f 1666 556 682 
f 984 58 354 
f 1665 2147 2146 
f 955 2146 2147 
f 513 511 569 
f 1869 2148 211 
f 701 1129 1331 
f 2333 2151 2150 
f 1670 2150 2151 
f 2264 775 2152 
f 1902 1042 1237 
f 1380 1237 1042 
f 2150 2008 2153 
f 2331 1991 1629 
f 1691 1629 1991 
f 935 1468 14 
f 387 1619 1438 
f 1430 2154 496 
f 1378 2155 1536 
f 2049 678 2139 
f 1520 2139 678 
f 1852 2156 1208 
f 451 336 2157 
f 2222 2157 336 
f 2215 1976 1889 
f 2345 2158 1300 
f 1088 1321 957 
f 329 1481 1376 
f 2202 2159 1846 
f 2204 1022 1812 
f 431 2160 604 
f 2045 1811 1179 
f 1645 2162 2161 
f 1943 2161 2162 
f 891 2043 559 
f 152 1469 256 
f 865 256 1469 
f 633 426 519 
f 845 245 1911 
f 17 1911 245 
f 1080 2163 1239 
f 2445 2164 1435 
f 1264 1926 24 
f 463 24 1926 
f 1844 2025 2165 
f 134 2165 2025 
f 2100 2166 2076 
f 2170 2076 2166 
f 2036 2047 1367 
f 803 321 1884 
f 1099 2168 2167 
f 2198 2167 2168 
f 2063 1952 661 
f 1184 661 1952 
f 548 1711 1143 
f 2439 1143 1711 
f 1383 1033 1324 
f 961 1324 1033 
f 1473 2169 1796 
f 1486 919 1136 
f 1880 1117 765 
f 2170 2166 67 
f 2089 1810 894 
f 1252 120 2171 
f 2313 39 1359 
f 113 1359 39 
f 2170 67 992 
f 1614 2172 724 
f 867 1942 1586 
f 248 1586 1942 
f 2464 1864 2173 
f 627 2173 1864 
f 2003 1853 1649 
f 992 425 1598 
f 1468 935 922 
f 2413 565 703 
f 1043 476 2174 
f 1014 2168 208 
f 1099 208 2168 
f 1109 2129 2175 
f 1571 2175 2129 
f 2402 1993 464 
f 472 464 1993 
f 2411 1729 713 
f 2261 2176 1765 
f 1891 1172 1529 
f 2429 831 897 
f 1954 1598 432 
f 1274 91 2054 
f 535 1400 953 
f 2152 774 2177 
f 2166 1265 1332 
f 1517 583 166 
f 903 655 1802 
f 1750 1982 1048 
f 1213 1252 2171 
f 2423 1012 1622 
f 1480 1622 1012 
f 459 1189 449 
f 2419 449 1189 
f 2437 2178 1610 
f 2215 1888 669 
f 1303 669 1888 
f 426 634 432 
f 755 1595 2179 
f 1309 2179 1595 
f 1791 2181 2180 
f 2290 2180 2181 
f 1465 2182 225 
f 1643 225 2182 
f 530 1316 1332 
f 1056 324 1854 
f 842 1850 2183 
f 2220 2183 1850 
f 1966 38 2184 
f 2344 1625 2056 
f 699 2186 1992 
f 415 1992 2186 
f 1278 942 889 
f 2301 2188 1133 
f 2246 1133 2188 
f 1488 2190 2189 
f 2305 2189 2190 
f 2009 2029 2191 
f 1089 2134 25 
f 2230 2192 794 
f 2477 794 2192 
f 2148 1869 934 
f 2441 1960 1345 
f 578 1345 1960 
f 1643 2194 1294 
f 1421 1294 2194 
f 1364 1867 110 
f 1071 110 1867 
f 2210 1860 1849 
f 2228 1849 1860 
f 1057 1470 1906 
f 2343 1758 393 
f 2415 911 1509 
f 1097 1062 2034 
f 2200 1451 1893 
f 640 2123 1899 
f 1458 1596 2195 
f 945 2195 1596 
f 811 2196 117 
f 1657 1922 372 
f 1283 2138 1120 
f 2452 1058 1111 
f 2386 1267 1608 
f 1548 1608 1267 
f 2450 2197 391 
f 2168 1014 2198 
f 2176 2198 1014 
f 1147 1390 2199 
f 1971 918 1661 
f 2128 1279 781 
f 1002 1452 1397 
f 819 422 1818 
f 523 1818 422 
f 715 1184 1616 
f 906 361 445 
f 2478 2200 1893 
f 2312 2096 1748 
f 523 1748 2096 
f 2399 1988 1127 
f 2365 1127 1988 
f 1186 1797 2169 
f 2363 1498 614 
f 2371 693 1055 
f 169 1474 289 
f 1322 289 1474 
f 2253 369 1827 
f 2323 1734 1530 
f 2203 2119 2138 
f 330 2201 1083 
f 1337 1083 2201 
f 2420 1566 142 
f 1017 708 1820 
f 2023 568 1800 
f 1425 2202 1803 
f 1873 1803 2202 
f 1859 1554 1329 
f 2064 1716 1505 
f 1069 1505 1716 
f 2292 383 418 
f 2276 1438 1698 
f 31 72 1946 
f 2236 1770 1059 
f 278 2203 883 
f 2138 883 2203 
f 1428 623 2204 
f 1464 2204 623 
f 911 451 1134 
f 2221 937 1547 
f 458 1224 2149 
f 1875 403 1447 
f 2270 1198 1697 
f 2276 1697 1198 
f 1813 2005 1799 
f 2468 1628 797 
f 1508 2205 1698 
f 1973 316 1284 
f 361 1724 1984 
f 2409 229 1662 
f 1433 1056 1506 
f 45 2206 807 
f 711 807 2206 
f 1463 995 554 
f 492 897 347 
f 1654 1749 552 
f 2068 1515 1601 
f 2502 1901 2207 
f 1034 2207 1901 
f 320 2208 1790 
f 2399 1790 2208 
f 2017 1645 522 
f 2161 522 1645 
f 2250 1708 1637 
f 2395 1602 78 
f 2375 2210 2209 
f 1849 2209 2210 
f 2120 484 1644 
f 1165 1644 484 
f 1186 686 332 
f 2472 864 1662 
f 1832 1242 134 
f 2032 1289 1013 
f 832 334 908 
f 2107 901 1839 
f 1432 2211 1998 
f 2429 1998 2211 
f 2089 894 1933 
f 151 194 2144 
f 410 2144 194 
f 999 733 2212 
f 2259 1352 817 
f 2332 817 1352 
f 2270 1697 2213 
f 2205 2213 1697 
f 358 384 1966 
f 1244 1390 1147 
f 1584 2038 122 
f 716 1542 1183 
f 1542 1415 2214 
f 703 566 313 
f 2251 1159 635 
f 1985 97 1951 
f 297 1951 97 
f 576 1075 1196 
f 1577 644 1947 
f 1823 1732 478 
f 2455 478 1732 
f 1920 2068 1601 
f 2457 2216 938 
f 1891 1040 2180 
f 59 2217 233 
f 1160 233 2217 
f 351 1699 127 
f 706 199 1156 
f 2264 2152 1005 
f 1561 1005 2152 
f 1484 697 921 
f 1499 921 697 
f 751 349 824 
f 1786 961 1640 
f 1894 2218 1224 
f 1296 2219 2044 
f 143 2044 2219 
f 1242 696 759 
f 2284 879 345 
f 2342 2183 2220 
f 2457 938 2221 
f 2389 2223 2222 
f 2157 2222 2223 
f 2411 1738 394 
f 1430 1782 2154 
f 1187 1202 1037 
f 2123 640 1478 
f 1477 2216 1582 
f 643 1582 2216 
f 2024 1632 1725 
f 2023 2224 568 
f 2256 1587 2051 
f 53 2051 1587 
f 467 1986 307 
f 1845 1713 48 
f 1836 2227 2226 
f 305 2226 2227 
f 613 2228 1460 
f 1261 1460 2228 
f 892 2086 146 
f 1446 2229 1491 
f 2114 574 180 
f 1163 1385 1124 
f 302 2128 781 
f 381 1308 1968 
f 2366 2192 2230 
f 2113 2231 406 
f 463 375 23 
f 1678 1553 2232 
f 2153 1259 1980 
f 928 1666 2133 
f 307 2154 769 
f 962 1870 2105 
f 2434 422 819 
f 2146 1728 2110 
f 671 2233 1406 
f 839 1809 653 
f 2230 653 1809 
f 1465 225 1931 
f 104 1931 225 
f 2431 1288 2234 
f 301 1312 139 
f 630 2235 1965 
f 1579 1447 2001 
f 1189 1341 1858 
f 1356 795 986 
f 2300 2236 1977 
f 1059 1977 2236 
f 1763 619 1399 
f 1717 1311 2237 
f 2398 1061 594 
f 637 2238 1388 
f 2108 1388 2238 
f 1429 2240 337 
f 2481 337 2240 
f 1943 2066 916 
f 2324 1623 1581 
f 2 1140 1529 
f 1718 191 2242 
f 1431 837 2243 
f 2473 908 335 
f 2162 2066 1943 
f 754 2245 63 
f 2371 1705 2246 
f 776 2246 1705 
f 1203 2103 2193 
f 982 1035 1007 
f 199 508 1155 
f 2393 1155 508 
f 1918 1936 1036 
f 2442 2199 1389 
f 2098 2247 898 
f 2449 898 2247 
f 531 2240 232 
f 2459 2234 2002 
f 719 2002 2234 
f 826 506 2248 
f 1604 2249 1216 
f 2120 685 2134 
f 2380 1004 2250 
f 1335 1757 2140 
f 1544 2140 1757 
f 677 2251 635 
f 1635 680 1037 
f 2184 855 2252 
f 2450 2252 855 
f 2406 2253 1826 
f 2492 575 507 
f 433 1098 1164 
f 187 2254 1836 
f 1369 1836 2254 
f 2321 132 2255 
f 1680 982 1892 
f 1718 547 2109 
f 2052 2109 547 
f 221 2029 2009 
f 819 1417 2257 
f 154 803 108 
f 1884 108 803 
f 2208 997 1989 
f 526 1102 2185 
f 2133 2258 928 
f 2484 928 2258 
f 2346 1178 215 
f 2304 993 1190 
f 2347 1352 2259 
f 2060 2260 1016 
f 2346 1016 2260 
f 2087 1475 2039 
f 453 1225 1578 
f 1166 484 2261 
f 1185 667 642 
f 317 932 740 
f 540 2262 154 
f 2018 523 422 
f 423 2041 1423 
f 1028 35 931 
f 1331 931 35 
f 2404 2263 1443 
f 2427 844 2106 
f 2381 2106 844 
f 945 2265 1963 
f 2347 1963 2265 
f 1405 1942 867 
f 47 322 2266 
f 2435 1896 2006 
f 385 246 1151 
f 2425 769 2267 
f 811 2268 1010 
f 195 151 1821 
f 143 2219 1642 
f 2110 2269 2174 
f 1043 2174 2269 
f 2352 1279 201 
f 2224 409 763 
f 1848 2228 613 
f 1882 588 227 
f 1905 2270 2194 
f 2213 2194 2270 
f 1967 1414 1714 
f 1949 2075 56 
f 1523 174 2271 
f 1219 2271 174 
f 550 1600 2272 
f 1290 1656 2273 
f 830 2273 1656 
f 2201 330 2141 
f 2020 1540 150 
f 1821 150 1540 
f 830 541 1895 
f 824 1147 2199 
f 1798 813 83 
f 2296 1916 1030 
f 2402 311 1993 
f 1707 850 2275 
f 1257 1673 144 
f 387 2276 1207 
f 1198 1207 2276 
f 297 97 1157 
f 1870 1157 97 
f 2317 2277 2031 
f 1426 2031 2277 
f 2177 1561 2152 
f 2442 751 2199 
f 824 2199 751 
f 1347 152 256 
f 1614 2278 2172 
f 1503 2172 2278 
f 2187 1357 2279 
f 2252 2279 1357 
f 1567 1 2280 
f 2159 2280 1 
f 526 2185 1455 
f 458 1510 1224 
f 1977 1059 1889 
f 254 1107 2281 
f 1635 2281 1107 
f 1371 2231 344 
f 1497 344 2231 
f 2425 1290 2058 
f 2273 2058 1290 
f 2500 935 14 
f 1997 1539 981 
f 2401 981 1539 
f 1380 1704 1237 
f 1088 2283 2282 
f 170 2282 2283 
f 2130 1760 2258 
f 2484 2258 1760 
f 2277 1969 1425 
f 1630 197 2284 
f 2437 480 2285 
f 727 772 32 
f 341 2286 1375 
f 447 1375 2286 
f 2400 1130 1872 
f 2053 1872 1130 
f 1975 328 2095 
f 555 2095 328 
f 2263 1575 2287 
f 2271 1678 2232 
f 2437 659 279 
f 138 377 301 
f 520 301 377 
f 2371 2246 2188 
f 2398 1868 1103 
f 205 2289 2288 
f 2436 2288 2289 
f 2181 1785 2290 
f 1735 2290 1785 
f 2227 2291 304 
f 1319 304 2291 
f 2423 1957 1012 
f 357 2292 418 
f 1110 2293 1372 
f 899 2294 1449 
f 941 1449 2294 
f 773 326 2235 
f 2453 2235 326 
f 2305 2190 2295 
f 2327 2295 2190 
f 1917 1847 2054 
f 2499 299 2297 
f 2072 2297 299 
f 1294 1821 1737 
f 2287 1215 2013 
f 1015 2298 311 
f 1921 2299 1685 
f 747 1685 2299 
f 2482 748 1658 
f 1886 1992 1574 
f 2475 170 2283 
f 2008 2150 1755 
f 2072 298 2300 
f 2236 2300 298 
f 2357 1817 1556 
f 1133 1489 2301 
f 2126 2302 1205 
f 1092 2213 2205 
f 1360 1191 648 
f 310 808 2303 
f 857 493 2006 
f 2206 1554 1859 
f 1039 1045 235 
f 2110 1665 2146 
f 2415 1509 1767 
f 2428 2306 2305 
f 2189 2305 2306 
f 2108 2307 1996 
f 319 1996 2307 
f 2131 2302 2126 
f 939 2309 2308 
f 681 2308 2309 
f 2451 2249 236 
f 1604 236 2249 
f 2241 1396 2069 
f 1685 2069 1396 
f 352 1955 915 
f 1038 2310 1808 
f 1497 1808 2310 
f 380 777 603 
f 2380 28 1591 
f 712 2103 1202 
f 2341 1844 893 
f 2102 579 1754 
f 1193 1754 579 
f 2070 355 295 
f 2014 1461 916 
f 2351 1756 1276 
f 2319 1276 1756 
f 2277 2311 1969 
f 1678 2225 1694 
f 2244 840 735 
f 1683 735 840 
f 970 838 1363 
f 1518 941 2082 
f 1796 2074 2312 
f 2139 2220 2049 
f 1031 291 628 
f 2245 2313 800 
f 1482 445 444 
f 1211 444 445 
f 1119 245 887 
f 737 1135 2272 
f 1169 2272 1135 
f 2121 710 756 
f 892 1046 2086 
f 793 895 1303 
f 1291 1710 392 
f 2343 392 1710 
f 878 771 2314 
f 241 1838 2315 
f 1189 1909 1341 
f 1894 1341 1909 
f 868 1980 1260 
f 2345 596 1904 
f 1588 1340 1549 
f 1020 186 1835 
f 2311 2277 2317 
f 1714 2318 1094 
f 2380 783 1004 
f 2434 725 1726 
f 85 240 476 
f 988 1654 552 
f 2028 1507 1355 
f 1087 1355 1507 
f 1792 433 1164 
f 256 1276 2319 
f 2454 1344 525 
f 1600 525 1344 
f 1044 2269 857 
f 2469 578 1292 
f 1362 177 4 
f 1745 616 2320 
f 1063 2053 1130 
f 2096 1818 523 
f 2022 2219 1296 
f 2445 2322 2164 
f 2171 2164 2322 
f 352 1456 1955 
f 2124 652 437 
f 1333 437 652 
f 1243 384 2323 
f 995 1463 69 
f 2393 886 1881 
f 2323 357 418 
f 177 1471 497 
f 2023 409 2224 
f 2342 2220 2139 
f 710 2324 1517 
f 372 1699 1220 
f 351 1220 1699 
f 1929 960 827 
f 2383 1077 1559 
f 2200 2325 1921 
f 1713 647 2326 
f 1060 2326 647 
f 2295 2327 61 
f 1535 61 2327 
f 2442 726 979 
f 2467 919 1486 
f 2430 342 1144 
f 2392 1144 342 
f 2435 2328 2016 
f 1993 2016 2328 
f 129 1459 1327 
f 2334 1894 1909 
f 1184 1301 661 
f 2380 2250 1829 
f 1463 554 854 
f 1895 2273 830 
f 2430 1973 2329 
f 959 2329 1973 
f 1535 1646 2093 
f 1631 469 2078 
f 2419 953 2330 
f 1371 1871 1310 
f 1991 2331 1487 
f 2394 1487 2331 
f 1495 742 339 
f 1141 339 742 
f 545 1803 1873 
f 2308 817 2332 
f 2323 1530 1244 
f 2458 797 731 
f 1363 1923 970 
f 2404 1575 2263 
f 1722 2015 1941 
f 2490 1027 1856 
f 655 1480 1012 
f 1246 1804 300 
f 2340 2333 1981 
f 2153 1981 2333 
f 730 1526 1131 
f 2039 1956 2087 
f 2397 2087 1956 
f 1824 2336 1065 
f 1765 1231 1166 
f 584 790 1652 
f 1322 1475 2087 
f 2492 506 1368 
f 826 1368 506 
f 1061 647 1006 
f 1901 2291 1368 
f 1482 906 445 
f 2265 272 1234 
f 1014 687 2176 
f 1764 2176 687 
f 762 1023 1226 
f 2420 1974 1566 
f 2046 2337 2301 
f 2188 2301 2337 
f 2187 2279 116 
f 391 116 2279 
f 2456 2339 2338 
f 305 2338 2339 
f 208 1099 1690 
f 2394 467 2033 
f 1008 588 1502 
f 1882 1502 588 
f 1154 2340 1981 
f 2348 1752 2341 
f 2025 2341 1752 
f 2369 1987 1618 
f 978 1618 1987 
f 2352 129 1247 
f 1783 1688 917 
f 778 2343 1348 
f 739 1700 1073 
f 1313 1092 660 
f 1056 2118 2122 
f 1009 2122 2118 
f 1664 1932 1441 
f 1401 2344 2056 
f 1904 2158 2345 
f 2461 1551 646 
f 1178 2346 1280 
f 2308 2332 939 
f 1163 325 1137 
f 1235 2347 2265 
f 1781 722 632 
f 1878 1526 730 
f 932 317 2348 
f 1146 1003 2303 
f 1512 2303 1003 
f 2147 161 537 
f 721 883 1730 
f 1990 2189 2306 
f 2492 2254 1675 
f 2037 1207 1198 
f 1627 1468 2349 
f 34 1484 921 
f 1067 1872 2053 
f 1251 627 164 
f 696 1242 1930 
f 2195 2350 2048 
f 2374 1664 1441 
f 1781 1452 1002 
f 192 2351 74 
f 1276 74 2351 
f 2446 1891 2180 
f 1685 747 2069 
f 855 2184 1861 
f 760 1401 2056 
f 787 1536 1206 
f 2034 1222 1097 
f 2369 1618 217 
f 2496 2353 1255 
f 1353 1255 2353 
f 1687 1152 554 
f 1250 2354 1798 
f 2375 2355 654 
f 1802 654 2355 
f 487 1282 281 
f 1555 281 1282 
f 951 2143 590 
f 59 233 2349 
f 2136 1200 2356 
f 2430 2329 342 
f 268 52 2280 
f 1767 1709 1651 
f 419 383 1532 
f 1810 2089 1593 
f 2400 730 1131 
f 1092 1313 195 
f 2248 2043 1568 
f 1964 1568 2043 
f 1645 2017 1423 
f 1314 790 584 
f 802 2358 2357 
f 1722 2357 2358 
f 1880 2360 2359 
f 929 2359 2360 
f 2431 1448 8 
f 403 8 1448 
f 2441 1409 1974 
f 1153 2362 2340 
f 2498 2340 2362 
f 413 1431 2243 
f 2427 2107 1838 
f 2282 2364 1089 
f 2134 1089 2364 
f 2463 1127 2365 
f 2344 1795 1949 
f 2075 1949 1795 
f 2192 2366 466 
f 2214 804 1326 
f 821 2368 2367 
f 12 2367 2368 
f 1859 1493 2206 
f 1349 401 1962 
f 1042 1902 1364 
f 1917 2054 90 
f 545 1958 1803 
f 90 2370 1914 
f 2500 1914 2370 
f 693 2371 2337 
f 2188 2337 2371 
f 1503 1740 2372 
f 2253 2372 1740 
f 2386 1569 2302 
f 2422 2217 60 
f 1978 1026 811 
f 2196 811 1026 
f 1133 777 1489 
f 368 2373 621 
f 2443 2372 2253 
f 749 1195 2193 
f 1918 2193 1195 
f 1439 1619 656 
f 1493 2324 710 
f 1446 1491 201 
f 2295 1664 2374 
f 365 2355 2375 
f 206 498 2376 
f 1580 1557 512 
f 1095 2318 1629 
f 2331 1629 2318 
f 1845 646 1713 
f 2026 2377 1604 
f 761 1604 2377 
f 2421 2032 692 
f 1579 1148 1874 
f 1405 1776 1942 
f 607 1134 1370 
f 277 312 2298 
f 1979 591 559 
f 891 559 591 
f 1378 2378 2155 
f 387 2155 2378 
f 2482 2148 934 
f 1822 1336 2379 
f 2384 2278 1614 
f 2086 1039 1808 
f 1829 28 2380 
f 1414 2335 308 
f 2244 2381 840 
f 1166 2261 1765 
f 880 1898 2316 
f 1324 2316 1898 
f 2387 1378 2382 
f 1536 2382 1378 
f 2128 202 1279 
f 1800 567 1161 
f 709 982 1680 
f 350 37 825 
f 1899 1696 640 
f 342 1612 2383 
f 1078 2383 1612 
f 654 1011 1689 
f 1342 2384 5 
f 2477 466 1027 
f 327 2144 409 
f 2137 1703 45 
f 413 1782 1430 
f 2123 2385 2027 
f 1728 2027 2385 
f 2405 2298 1015 
f 1176 265 528 
f 2065 528 265 
f 2046 2301 1490 
f 2411 597 1729 
f 2094 1789 2387 
f 1378 2387 1789 
f 275 1742 1589 
f 1890 2388 1412 
f 1246 1412 2388 
f 2213 1421 2194 
f 1564 1692 689 
f 2361 1318 974 
f 406 1970 2113 
f 2311 2113 1970 
f 2379 745 1638 
f 1777 1638 745 
f 108 540 154 
f 1465 1197 2182 
f 1905 2182 1197 
f 927 752 875 
f 815 875 752 
f 1607 2059 540 
f 1067 102 1872 
f 1604 1216 2026 
f 2371 1055 1705 
f 2189 1991 1487 
f 2481 2389 2222 
f 2358 2015 1722 
f 263 2390 1142 
f 381 1709 1308 
f 2300 1976 1924 
f 859 1924 1976 
f 1351 2347 1235 
f 1626 1188 460 
f 1946 1519 31 
f 2254 187 1674 
f 2004 2255 133 
f 1983 2160 2391 
f 11 2391 2160 
f 1634 1418 2281 
f 1320 2281 1418 
f 175 411 491 
f 771 878 1773 
f 2165 861 1455 
f 26 2183 2342 
f 2383 1559 2392 
f 1499 2392 1559 
f 1215 2287 1534 
f 2092 2393 159 
f 1881 159 2393 
f 521 1304 2004 
f 1203 1918 1036 
f 1888 395 1303 
f 2360 699 1992 
f 1564 1631 2132 
f 364 2132 1631 
f 1613 1774 1693 
f 841 968 1641 
f 1844 2341 2025 
f 2382 1536 787 
f 643 812 1912 
f 1732 1900 1212 
f 2184 2252 1338 
f 2331 1715 2394 
f 467 2394 1715 
f 1419 548 2158 
f 2009 211 221 
f 1273 1439 656 
f 2337 2042 693 
f 879 2314 786 
f 963 786 2314 
f 1186 2169 686 
f 2070 2396 355 
f 2307 63 230 
f 1118 2074 1796 
f 2005 1813 1784 
f 2161 1253 1232 
f 1260 2335 1413 
f 1939 1957 1115 
f 925 1269 1232 
f 2373 368 964 
f 1393 1464 623 
f 1429 231 2240 
f 2398 1727 2112 
f 1825 2112 1727 
f 2409 605 1128 
f 617 2397 2135 
f 1956 2135 2397 
f 1168 2225 1150 
f 1842 874 843 
f 2049 2350 944 
f 923 1343 2097 
f 2481 2240 531 
f 1324 961 1786 
f 2469 1257 579 
f 1814 1218 1735 
f 2287 2088 2263 
f 2442 979 750 
f 2438 1531 2079 
f 977 22 218 
f 1469 143 1642 
f 2420 142 153 
f 2208 1988 2399 
f 2368 210 2163 
f 952 966 611 
f 1375 446 168 
f 1780 168 446 
f 2235 1374 518 
f 1238 1105 671 
f 770 671 1105 
f 2461 2073 1217 
f 2383 2392 342 
f 2012 1104 2191 
f 2021 2275 538 
f 1606 1054 2403 
f 370 2403 1054 
f 2476 2119 2405 
f 1387 1754 1193 
f 2224 762 1806 
f 24 1806 762 
f 2174 1665 2110 
f 1782 413 2267 
f 1010 1702 1978 
f 177 1362 1471 
f 837 1471 1362 
f 2298 2405 277 
f 1486 737 2111 
f 876 501 1428 
f 1273 656 1916 
f 2461 2406 1173 
f 1772 198 18 
f 783 2380 71 
f 2022 1296 389 
f 1516 1723 2274 
f 2426 135 400 
f 2453 1161 1373 
f 1209 1373 1161 
f 2312 1748 2407 
f 2489 2407 1748 
f 2219 2022 909 
f 913 909 2022 
f 2055 2408 688 
f 446 688 2408 
f 564 605 2409 
f 559 1968 1309 
f 650 942 1278 
f 1575 2404 1532 
f 419 1532 2404 
f 1882 2336 1502 
f 1847 1917 1913 
f 1768 812 482 
f 2003 1304 2030 
f 2325 1928 2068 
f 1517 2410 583 
f 1440 583 2410 
f 713 2412 2411 
f 1738 2411 2412 
f 1979 165 353 
f 193 353 165 
f 2490 1863 2414 
f 1876 1025 1291 
f 619 1763 2125 
f 871 960 1929 
f 2161 1232 1563 
f 911 2415 2077 
f 2319 1347 256 
f 2195 945 2350 
f 1990 2306 1915 
f 987 1915 2306 
f 2470 676 587 
f 1799 2416 1813 
f 2045 1813 2416 
f 2395 79 2339 
f 305 2339 79 
f 2473 2417 390 
f 913 390 2417 
f 2395 2418 1602 
f 2296 303 792 
f 2455 296 478 
f 1657 1220 1594 
f 2366 2230 1809 
f 550 525 1600 
f 208 332 1014 
f 1876 1291 392 
f 1983 605 2160 
f 533 707 1989 
f 1786 2316 1324 
f 1452 1781 632 
f 147 2231 2113 
f 1750 978 1982 
f 2312 1473 1796 
f 2256 796 1628 
f 692 253 2421 
f 720 2421 253 
f 1687 355 1511 
f 1945 2422 1449 
f 2260 636 1671 
f 1158 1671 636 
f 2150 2153 2333 
f 2364 2282 171 
f 1456 860 2135 
f 2007 1755 158 
f 2146 955 2027 
f 2461 1173 1551 
f 1420 349 1705 
f 1751 1204 1851 
f 1329 848 2114 
f 1220 1657 372 
f 1302 1427 662 
f 1145 2424 690 
f 1853 1513 1985 
f 98 1985 1513 
f 708 1605 539 
f 2076 1194 1817 
f 1290 2425 2267 
f 745 2379 2099 
f 839 652 2124 
f 975 1319 2291 
f 2430 86 1972 
f 1181 1562 2426 
f 2177 2426 1562 
f 507 1719 2248 
f 2458 2428 1528 
f 2374 1528 2428 
f 492 2429 897 
f 86 2430 1144 
f 2443 2253 2406 
f 1919 1195 2251 
f 1702 1010 2012 
f 534 1652 791 
f 1162 259 823 
f 765 1116 795 
f 354 795 1116 
f 2159 268 2280 
f 2182 1905 1643 
f 2194 1643 1905 
f 8 2432 2431 
f 1288 2431 2432 
f 1601 984 1920 
f 2009 2191 1103 
f 2426 400 1181 
f 1495 2109 2052 
f 2389 2433 1521 
f 1402 126 149 
f 1741 1340 1588 
f 2181 1791 1784 
f 2377 2026 2266 
f 48 2266 2026 
f 1895 2059 2273 
f 1841 808 309 
f 965 915 2039 
f 2142 1838 241 
f 699 2360 1879 
f 1358 273 2292 
f 1385 460 990 
f 1541 1519 2082 
f 1726 1632 2434 
f 1786 1640 335 
f 2473 335 1640 
f 2041 1677 1422 
f 2433 1225 453 
f 1238 1840 297 
f 3 2007 158 
f 662 666 2064 
f 1852 2288 2436 
f 1143 2439 2438 
f 1531 2438 2439 
f 1578 2440 453 
f 2276 387 1438 
f 1008 2355 365 
f 2238 1935 2108 
f 1346 1409 2441 
f 2434 224 725 
f 2261 2167 2198 
f 1702 2012 2191 
f 315 476 1043 
f 1935 2238 1660 
f 638 1660 2238 
f 2202 1424 268 
f 834 268 1424 
f 1328 1287 1050 
f 2471 1050 1287 
f 2088 261 1299 
f 2091 2078 885 
f 1209 2313 2245 
f 1720 1444 1416 
f 2249 2443 1217 
f 2406 1217 2443 
f 1241 1832 2177 
f 2426 2177 1832 
f 2456 2444 182 
f 2361 182 2444 
f 989 1908 2416 
f 2045 2416 1908 
f 1343 923 936 
f 1883 2094 107 
f 472 2145 464 
f 357 1801 2292 
f 1337 2445 1435 
f 2290 2446 2180 
f 2163 2085 2368 
f 2467 1549 1661 
f 419 2404 1733 
f 487 1380 920 
f 73 577 2239 
f 2223 2447 2143 
f 2120 2134 2364 
f 561 1757 1335 
f 2460 1255 2448 
f 365 2209 1743 
f 2462 1743 2209 
f 1830 2296 1293 
f 1405 867 651 
f 1464 1022 2204 
f 2353 2362 625 
f 2423 1426 1958 
f 1820 1167 1017 
f 723 1017 1167 
f 2033 1577 1488 
f 2483 1488 1577 
f 2468 1931 104 
f 1678 1694 1553 
f 1599 1249 836 
f 1483 15 1123 
f 2228 1860 1261 
f 407 822 1221 
f 2130 2258 1267 
f 262 1299 2390 
f 2247 1795 2449 
f 2457 1050 1139 
f 1935 1660 1807 
f 1722 1941 1623 
f 2159 2202 268 
f 1192 1858 1223 
f 869 1444 1720 
f 2372 2451 237 
f 1766 873 2309 
f 1187 2309 873 
f 247 796 2256 
f 2356 454 2440 
f 1008 779 2355 
f 2317 2452 1111 
f 2288 1852 1208 
f 2271 2232 1248 
f 219 1952 2063 
f 428 223 2257 
f 726 2442 1686 
f 1389 1686 2442 
f 2303 205 1146 
f 2295 61 1664 
f 2279 2450 391 
f 1377 609 1907 
f 2477 2192 466 
f 2235 2453 1374 
f 458 314 1510 
f 1524 1344 2454 
f 537 955 2147 
f 2418 2339 2456 
f 1050 2457 1328 
f 2221 1328 2457 
f 1239 1712 1080 
f 1433 856 1861 
f 1369 2291 2227 
f 2432 1330 1288 
f 115 1288 1330 
f 987 2306 2458 
f 2428 2458 2306 
f 2336 1882 1263 
f 138 2036 1962 
f 327 409 2023 
f 1928 186 1020 
f 1571 2129 1615 
f 2330 952 611 
f 1318 2361 2444 
f 844 841 2381 
f 172 1648 417 
f 1306 417 1648 
f 1810 1593 1180 
f 497 2335 176 
f 820 1816 1675 
f 576 1675 1816 
f 2399 1379 1790 
f 2021 610 285 
f 2497 285 610 
f 1109 2376 2129 
f 637 1388 1570 
f 1260 1413 868 
f 343 1774 1613 
f 1963 2347 2259 
f 854 1526 1463 
f 1054 473 370 
f 2321 2255 1611 
f 2476 2405 1015 
f 1448 2431 2459 
f 2234 2459 2431 
f 173 1886 1925 
f 2201 2140 2445 
f 1544 2445 2140 
f 1919 2251 1019 
f 1213 2171 2322 
f 370 1847 1827 
f 1865 275 1589 
f 1706 1433 1861 
f 2227 1836 1369 
f 2353 625 1354 
f 2244 2106 2381 
f 1441 1528 2374 
f 1236 2156 758 
f 764 699 1879 
f 2475 1070 170 
f 2210 2375 1689 
f 654 1689 2375 
f 606 2179 1308 
f 1761 2084 1567 
f 2489 522 1563 
f 2161 1563 522 
f 1357 2187 1937 
f 2065 2132 1834 
f 364 1834 2132 
f 2093 2387 1535 
f 2472 1662 1603 
f 2455 1951 297 
f 1913 1826 1847 
f 368 1494 1862 
f 1639 1379 2399 
f 544 452 912 
f 2117 1679 125 
f 2334 1684 2218 
f 2000 2218 1684 
f 348 2328 2435 
f 1455 1045 2165 
f 667 1716 2064 
f 1307 1944 577 
f 2286 528 2065 
f 1707 2448 1254 
f 2322 2445 1544 
f 2320 1041 1745 
f 2365 1546 2463 
f 1306 2463 1546 
f 2083 1560 2464 
f 1649 2255 2004 
f 167 1266 1274 
f 2003 1513 1853 
f 1565 469 1631 
f 1673 2465 1585 
f 2469 2465 1673 
f 965 2466 2373 
f 2115 2373 2466 
f 936 2370 238 
f 657 1126 2463 
f 1549 2467 732 
f 1230 2456 182 
f 1012 1381 655 
f 1758 779 1008 
f 1212 1950 2455 
f 707 2365 1988 
f 2274 2091 1516 
f 972 870 2417 
f 1570 1983 1828 
f 573 1817 2357 
f 1222 994 2304 
f 1762 2401 2020 
f 2437 279 2178 
f 438 2178 279 
f 2386 2130 1267 
f 797 1442 2468 
f 1931 2468 1442 
f 2098 1343 1101 
f 1841 309 747 
f 1939 1115 543 
f 2294 899 2449 
f 1098 433 322 
f 1489 2334 1910 
f 2469 1673 1257 
f 695 393 1205 
f 1927 2209 1849 
f 653 2230 948 
f 1492 1655 2010 
f 1387 2464 1753 
f 2116 2418 1230 
f 2456 1230 2418 
f 2483 2327 2190 
f 2118 2019 1009 
f 2067 1880 2359 
f 2245 1373 1209 
f 728 2432 896 
f 2318 1715 2331 
f 2399 1127 1639 
f 338 1794 2237 
f 444 1900 1407 
f 1521 2137 2223 
f 2447 2223 2137 
f 587 366 2470 
f 672 415 2471 
f 1271 2471 415 
f 1761 1567 2280 
f 1254 850 1707 
f 1383 2207 1033 
f 1544 904 2322 
f 2241 1512 1397 
f 2211 864 2472 
f 2105 786 963 
f 1322 2087 1334 
f 744 2164 121 
f 2171 121 2164 
f 2500 1174 1914 
f 1658 2103 712 
f 1935 1807 1965 
f 237 1503 2372 
f 483 1001 2167 
f 2352 1247 276 
f 1843 2121 755 
f 266 2438 2079 
f 784 1520 678 
f 1337 2201 2445 
f 719 973 1557 
f 1558 1078 1612 
f 727 586 1404 
f 144 1584 123 
f 2389 532 2433 
f 1641 2285 479 
f 2356 1237 1703 
f 2284 2310 1038 
f 1196 1719 507 
f 249 1999 398 
f 2385 398 1999 
f 1295 2475 2474 
f 2283 2474 2475 
f 1576 1646 2327 
f 1535 2327 1646 
f 655 903 1480 
f 1669 2092 158 
f 1329 2114 180 
f 2299 1920 746 
f 985 746 1920 
f 2478 2325 2200 
f 172 1925 1648 
f 1902 775 2264 
f 2395 2339 2418 
f 2498 1672 2151 
f 1450 2097 898 
f 1327 1248 129 
f 2041 423 2024 
f 1908 989 895 
f 2414 794 2477 
f 186 2478 1893 
f 2071 2300 1924 
f 2213 1092 1421 
f 2466 2321 2115 
f 1611 2115 2321 
f 1132 969 2479 
f 1997 2256 2051 
f 448 2480 1846 
f 1873 1846 2480 
f 532 2389 2481 
f 1483 1123 967 
f 1739 2482 934 
f 1926 1081 2402 
f 311 2402 1081 
f 2190 1488 2483 
f 1580 2001 1557 
f 1833 1695 608 
f 1647 107 2093 
f 2237 1795 2344 
f 46 1554 2206 
f 2169 1473 1764 
f 1747 2484 1760 
f 1768 482 802 
f 2494 986 1483 
f 192 2038 2351 
f 1585 2351 2038 
f 1668 2217 2422 
f 1246 2485 1804 
f 1524 2454 1227 
f 2488 1227 2454 
f 2458 731 987 
f 2310 2284 345 
f 591 1979 353 
f 1385 2042 460 
f 43 704 314 
f 408 1500 1862 
f 368 1862 1500 
f 312 721 2016 
f 352 127 1456 
f 287 684 1533 
f 2302 2131 2386 
f 2051 1539 1997 
f 627 718 2173 
f 2446 2486 1890 
f 2388 1890 2486 
f 1592 2290 1736 
f 1401 2237 2344 
f 2080 2320 1906 
f 796 247 386 
f 2369 2487 1987 
f 877 1090 346 
f 1486 2111 2467 
f 2348 2341 932 
f 1520 976 2139 
f 2176 2261 2198 
f 998 1971 1661 
f 1435 2099 1337 
f 1800 1161 2453 
f 1139 2216 2457 
f 2147 239 161 
f 1202 1187 713 
f 2035 1655 1492 
f 2495 161 462 
f 1289 2032 2421 
f 511 513 973 
f 2125 1467 1627 
f 247 1994 489 
f 2122 2268 1961 
f 810 1961 2268 
f 2427 2142 843 
f 854 1681 1526 
f 2286 2065 1834 
f 594 1727 2398 
f 694 204 1788 
f 2054 474 1274 
f 1762 2020 629 
f 150 629 2020 
f 1837 596 1620 
f 2493 2363 1297 
f 1822 2379 1063 
f 219 1295 2474 
f 2125 1627 619 
f 1592 1285 2486 
f 2446 2290 1592 
f 455 1617 1975 
f 1653 818 1749 
f 1077 876 1812 
f 2204 1812 876 
f 479 840 1641 
f 1904 1725 1419 
f 1009 2268 2122 
f 2454 1082 2488 
f 2090 4 2297 
f 21 2067 2359 
f 2262 1410 1457 
f 991 943 1277 
f 1639 388 2378 
f 1650 2415 1767 
f 1606 456 100 
f 2167 2261 483 
f 1577 2033 644 
f 1264 762 1226 
f 810 2197 1961 
f 1434 1961 2197 
f 1024 763 410 
f 1286 2485 2388 
f 1246 2388 2485 
f 1948 2162 1645 
f 85 698 1485 
f 449 2419 2330 
f 1716 667 1185 
f 1029 1863 2490 
f 540 108 1607 
f 548 1114 1711 
f 1967 1714 1094 
f 503 2354 318 
f 2162 1948 2066 
f 1770 2236 298 
f 2234 1289 719 
f 2421 719 1289 
f 2501 462 1125 
f 2412 872 1599 
f 1871 1371 344 
f 2420 1960 2441 
f 1393 1394 293 
f 1362 4 2090 
f 1177 1684 2334 
f 1203 2193 1918 
f 1240 1762 629 
f 1521 2223 2389 
f 1073 1710 1291 
f 2157 2143 951 
f 1274 1100 91 
f 1434 2197 2450 
f 2466 169 2321 
f 1093 1507 2028 
f 1823 1317 2396 
f 2456 2338 2444 
f 1318 2444 2338 
f 1927 1848 612 
f 1146 2175 1003 
f 2173 2083 2464 
f 1373 2245 754 
f 808 1841 2289 
f 1369 2254 2492 
f 2494 49 2083 
f 1560 2083 49 
f 958 918 1971 
f 1518 1449 941 
f 1636 2493 2060 
f 2387 2382 787 
f 377 138 1962 
f 1626 1910 1188 
f 2458 1528 797 
f 1306 1546 417 
f 1457 155 2262 
f 596 1837 1903 
f 1379 1639 2378 
f 762 1264 24 
f 1921 1685 2200 
f 2436 1771 1543 
f 2136 2356 2440 
f 968 284 2479 
f 2497 2479 284 
f 1828 637 1570 
f 1212 2455 1732 
f 2146 2027 1728 
f 2294 2449 1794 
f 1033 827 961 
f 2010 120 495 
f 492 2385 1999 
f 2476 2424 2119 
f 1145 2119 2424 
f 318 1251 164 
f 838 970 881 
f 2436 2289 1771 
f 1670 2460 1659 
f 1156 1659 2460 
f 738 184 2111 
f 221 2293 2029 
f 2451 2372 2443 
f 2500 2370 935 
f 2076 2170 1194 
f 1701 2452 2317 
f 1995 433 1792 
f 282 1707 2275 
f 60 2097 1450 
f 279 1314 438 
f 584 438 1314 
f 826 2248 1568 
f 2490 2477 1027 
f 444 1211 1900 
f 102 757 1897 
f 192 74 1233 
f 1482 1959 906 
f 572 551 1169 
f 729 2400 101 
f 1572 1615 1885 
f 2416 2397 617 
f 1616 2474 715 
f 1675 575 2492 
f 860 1976 2215 
f 1547 1327 2221 
f 1342 2403 2384 
f 369 2384 2403 
f 1464 1393 292 
f 93 900 641 
f 2174 475 1665 
f 986 2494 1356 
f 1503 2278 1740 
f 2212 2329 959 
f 2501 2495 462 
f 1427 1302 2366 
f 1764 687 2169 
f 1437 439 1460 
f 1309 1979 559 
f 2148 2482 1769 
f 1658 1769 2482 
f 947 1082 2454 
f 2328 472 1993 
f 606 1843 2179 
f 755 2179 1843 
f 1401 1717 2237 
f 1019 1281 1919 
f 1936 1919 1281 
f 1830 1273 2296 
f 1916 2296 1273 
f 240 85 1485 
f 2422 1945 1668 
f 1086 1830 1293 
f 1226 2488 1264 
f 2446 1592 2486 
f 495 1085 2010 
f 891 591 2239 
f 1035 494 845 
f 2007 3 177 
f 1447 1579 1874 
f 1084 1525 2487 
f 2422 60 1450 
f 2498 2496 1672 
f 1838 2142 2427 
f 2090 1923 1362 
f 2419 1189 1858 
f 2472 831 2211 
f 2429 2211 831 
f 2360 1992 1886 
f 1116 984 354 
f 2330 611 449 
f 1928 2478 186 
f 2097 60 923 
f 2320 2080 1041 
f 1498 2363 2493 
f 1738 2412 1599 
f 1524 1227 1778 
f 280 952 1315 
f 2326 1060 2019 
f 2032 1013 65 
f 2195 2048 1458 
f 1469 152 143 
f 2015 2358 801 
f 1280 1887 1178 
f 2502 2207 1383 
f 1247 2232 1552 
f 2452 1700 740 
f 918 1121 2127 
f 2196 658 1351 
f 2113 2311 2317 
f 1557 2002 719 
f 2325 2478 1928 
f 398 2385 2123 
f 2035 1638 1777 
f 2117 1572 1885 
f 1427 2366 1408 
f 1182 753 1953 
f 1349 269 2480 
f 633 519 82 
f 550 2272 1169 
f 939 1766 2309 
f 1653 2259 818 
f 1310 98 51 
f 434 2377 2266 
f 93 509 1819 
f 1795 2247 2075 
f 2098 2075 2247 
f 877 346 404 
f 1000 592 1138 
f 387 1207 2155 
f 2333 2498 2151 
f 1655 1777 121 
f 1411 140 2499 
f 926 1181 1953 
f 1414 308 1986 
f 1179 1218 1814 
f 969 659 2285 
f 2437 2285 659 
f 1671 2346 2260 
f 1215 1534 1479 
f 1287 672 2471 
f 2340 2498 2333 
f 83 2471 1271 
f 2476 572 2424 
f 2461 1217 2406 
f 2283 1228 2474 
f 1751 1851 399 
f 1549 732 1588 
f 793 1938 948 
f 872 2412 713 
f 98 1310 1870 
f 2448 705 2460 
f 530 600 1316 
f 1478 398 2123 
f 2490 2414 2477 
f 2178 437 1940 
f 501 877 404 
f 1484 34 109 
f 345 1497 2310 
f 1777 1655 2035 
f 2397 2416 1799 
f 980 2401 1762 
f 815 752 2133 
f 2501 1866 1032 
f 1545 1776 1405 
f 1933 895 793 
f 1464 292 848 
f 1489 1177 2334 
f 2062 1445 2491 
f 1094 2491 1445 
f 71 1668 1946 
f 793 2414 1933 
f 996 2095 555 
f 2243 838 1922 
f 881 1922 838 
f 1405 651 1476 
f 887 1214 2233 
f 2278 2384 369 
f 958 1973 1284 
f 2312 2407 1473 
f 724 1354 1614 
f 2049 944 678 
f 947 2454 525 
f 2209 365 2375 
f 1286 930 2485 
f 1129 2485 930 
f 1428 2204 876 
f 1049 2487 2369 
f 1701 2317 2031 
f 761 434 1995 
f 2483 1576 2327 
f 817 2308 681 
f 189 760 2056 
f 1518 1945 1449 
f 1051 1168 1150 
f 373 971 1454 
f 1856 1029 2490 
f 2018 423 1423 
f 461 109 1125 
f 846 2415 1650 
f 270 439 543 
f 1805 1305 1663 
f 1446 1663 1305 
f 1010 1978 811 
f 509 93 886 
f 1474 169 2466 
f 503 2015 801 
f 20 2136 2440 
f 2226 305 79 
f 2196 1351 116 
f 105 258 1410 
f 966 2497 610 
f 985 1771 746 
f 1432 1998 248 
f 1214 887 1252 
f 1994 980 847 
f 2502 1384 974 
f 675 2499 2297 
f 1292 2465 2469 
f 1938 793 1303 
f 1420 1706 1861 
f 2443 2249 2451 
f 2143 2157 2223 
f 1444 2062 264 
f 918 1284 1121 
f 2233 671 770 
f 1484 109 461 
f 1238 670 1840 
f 1424 1969 834 
f 2413 2011 565 
f 887 2233 1597 
f 771 1597 2233 
f 597 222 2101 
f 359 334 967 
f 315 1043 884 
f 2088 2287 2013 
f 2462 2209 1927 
f 1894 2334 2218 
f 328 1975 1453 
f 2109 1495 1311 
f 2061 2491 95 
f 805 26 2342 
f 2338 305 1318 
f 2407 2489 1472 
f 2120 2364 171 
f 1333 1938 396 
f 2186 1271 415 
f 14 595 2500 
f 2028 660 1093 
f 1047 2067 2104 
f 21 2104 2067 
f 1574 2229 1648 
f 2480 401 1349 
f 801 481 2354 
f 521 1761 1304 
f 2425 2058 645 
f 492 1999 2429 
f 1866 2501 1125 
f 1718 2242 547 
f 2486 1286 2388 
f 1687 1511 1152 
f 1854 2118 1056 
f 343 2329 2212 
f 1507 1093 2205 
f 2428 2305 2374 
f 2295 2374 2305 
f 958 1284 918 
f 1581 137 2410 
f 479 1683 840 
f 2496 2362 2353 
f 2274 760 189 
f 859 971 1924 
f 2480 448 401 
f 1723 489 2242 
f 2165 134 861 
f 1947 950 1577 
f 2001 1448 2459 
f 806 710 2121 
f 821 2242 490 
f 1967 1094 1445 
f 1032 875 2501 
f 801 2354 503 
f 2484 1779 928 
f 1850 2048 2220 
f 984 1601 58 
f 1547 1523 1327 
f 605 1983 1570 
f 2104 977 1750 
f 692 2369 253 
f 2413 642 2011 
f 1974 2420 2441 
f 1780 446 2408 
f 1249 873 1766 
f 1352 658 2332 
f 1419 2158 1904 
f 1716 1690 1069 
f 1446 1305 2229 
f 1160 2217 1668 
f 1079 2391 2085 
f 814 2495 2501 
f 1603 831 2472 
f 2343 779 1758 
f 1778 1024 29 
f 1875 321 803 
f 1499 697 2392 
f 2019 2118 2326 
f 1852 2436 1543 
f 186 1893 631 
f 1644 685 2120 
f 1656 106 830 
f 1411 2499 675 
f 1072 1701 1622 
f 2332 553 940 
f 1098 81 1854 
f 1096 1191 1361 
f 32 1541 866 
f 2498 2362 2496 
f 2410 136 1440 
f 1876 392 695 
f 19 1102 527 
f 562 512 502 
f 1086 1508 1830 
f 612 809 306 
f 761 2377 434 
f 1502 1758 1008 
f 2256 1997 247 
f 812 1768 1954 
f 429 2000 1684 
f 2497 1132 2479 
f 455 1330 851 
f 2100 574 2114 
f 2157 951 451 
f 2202 1846 1873 
f 2085 2163 1079 
f 348 156 1359 
f 1819 900 93 
f 1592 1736 1180 
f 692 1049 2369 
f 1989 1148 533 
f 717 700 2173 
f 2083 2173 700 
f 206 2288 1208 
f 2013 261 2088 
f 1679 1816 820 
f 536 161 2495 
f 1609 1683 479 
f 2279 2252 2450 
f 1640 2417 2473 
f 1833 639 1696 
f 1061 2398 1104 
f 2481 2222 337 
