#  wavefront obj file written by the visualization toolkit

mtllib skin.mtl

v 166.19900512695312 90.24130249023438 1.3309299945831299
v 165.74200439453125 90.66300201416016 0.800000011920929
v 165.80799865722656 90.21600341796875 2.673650026321411
v 167.23800659179688 89.9979019165039 2.5794899463653564
v 166.52499389648438 90.53939819335938 0.800000011920929
v 168.2830047607422 90.07779693603516 2.21301007270813
v 167.35699462890625 90.51709747314453 0.800000011920929
v 169.8470001220703 90.03939819335938 2.7936899662017822
v 168.25100708007812 90.51609802246094 0.800000011920929
v 170.10800170898438 90.18489837646484 0.800000011920929
v 169.05099487304688 90.52079772949219 0.800000011920929
v 224.75999450683594 282.4230041503906 0.800000011920929
v 225.84800720214844 282.0270080566406 7.074120044708252
v 223.58999633789062 281.9429931640625 4.559150218963623
v 226.4499969482422 282.9110107421875 0.800000011920929
v 175.6479949951172 89.93109893798828 2.9433600902557373
v 175.12399291992188 90.5188980102539 0.800000011920929
v 174.5229949951172 90.12950134277344 1.7241300344467163
v 177.4219970703125 90.11689758300781 1.8021199703216553
v 175.9810028076172 90.51509857177734 0.800000011920929
v 350.87799072265625 234.51199340820312 41.605098724365234
v 350.510009765625 236.44500732421875 39.32440185546875
v 353.04400634765625 234.9530029296875 37.97840118408203
v 349.6289978027344 236.83200073242188 41.74789810180664
v 181.08299255371094 90.2739028930664 2.757189989089966
v 180.60000610351562 90.57360076904297 0.7155020236968994
v 180.04400634765625 90.17279815673828 0.800000011920929
v 154.3260040283203 90.89299774169922 0.800000011920929
v 153.2519989013672 91.45480346679688 0.800000011920929
v 153.1739959716797 91.01920318603516 2.7006800174713135
v 43.35319900512695 212.25999450683594 98.66220092773438
v 41.47209930419922 215.81199645996094 93.94879913330078
v 43.717201232910156 219.82400512695312 96.51219940185547
v 40.18149948120117 213.03199768066406 91.88040161132812
v 159.55299377441406 90.68800354003906 2.917340040206909
v 158.7030029296875 91.28730010986328 0.800000011920929
v 158.3560028076172 90.84559631347656 0.800000011920929
v 161.31700134277344 90.62139892578125 2.8817200660705566
v 159.6179962158203 91.27110290527344 0.800000011920929
v 162.4720001220703 90.8488998413086 0.800000011920929
v 160.5749969482422 91.27169799804688 0.800000011920929
v 165.0189971923828 91.09559631347656 0.800000011920929
v 164.41900634765625 90.67739868164062 0.800000011920929
v 208.31700134277344 91.04769897460938 0.800000011920929
v 207.85800170898438 91.43810272216797 0.800000011920929
v 207.7239990234375 91.25260162353516 2.5669500827789307
v 206.96600341796875 91.51580047607422 0.800000011920929
v 214.24000549316406 90.98059844970703 3.2177200317382812
v 213.5279998779297 91.3102035522461 0.800000011920929
v 212.99600219726562 90.9885025024414 1.5541599988937378
v 215.68800354003906 91.00370025634766 2.828200101852417
v 214.4149932861328 91.30780029296875 0.800000011920929
v 216.50399780273438 91.13289642333984 0.800000011920929
v 215.22900390625 91.3187026977539 0.800000011920929
v 149.8560028076172 91.52940368652344 2.1640400886535645
v 149.28700256347656 92.09449768066406 0.800000011920929
v 148.33999633789062 91.40380096435547 3.5962400436401367
v 148.38499450683594 92.29769897460938 0.800000011920929
v 151.7220001220703 91.29209899902344 2.9282100200653076
v 150.8939971923828 92.06179809570312 0.800000011920929
v 150.57699584960938 91.51399993896484 2.1220200061798096
v 152.06700134277344 91.55940246582031 1.4174200296401978
v 151.66299438476562 92.02200317382812 0.800000011920929
v 152.4739990234375 91.89620208740234 0.800000011920929
v 188.38099670410156 91.61019897460938 2.5295801162719727
v 188.16900634765625 91.95149993896484 0.800000011920929
v 187.8280029296875 91.38809967041016 0.800000011920929
v 189.02000427246094 92.13330078125 0.800000011920929
v 189.51499938964844 91.58589935302734 4.9686598777771
v 43.800899505615234 198.11599731445312 107.76200103759766
v 46.961299896240234 207.33299255371094 111.81300354003906
v 46.63349914550781 203.23199462890625 114.33200073242188
v 43.972999572753906 205.03599548339844 104.33899688720703
v 219.13999938964844 91.61380004882812 2.5709900856018066
v 218.83099365234375 92.05030059814453 0.800000011920929
v 218.23800659179688 91.58090209960938 0.800000011920929
v 220.15499877929688 91.6719970703125 2.1868999004364014
v 219.67599487304688 92.07959747314453 0.800000011920929
v 231.3260040283203 91.8572998046875 3.9770898818969727
v 231.33099365234375 92.15260314941406 0.800000011920929
v 230.9219970703125 91.8384017944336 0.800000011920929
v 232.13699340820312 92.24749755859375 0.800000011920929
v 233.55799865722656 92.20659637451172 2.9354400634765625
v 144.48199462890625 92.53230285644531 0.800000011920929
v 143.16200256347656 92.94139862060547 0.800000011920929
v 143.68800354003906 92.18229675292969 4.437190055847168
v 142.197998046875 92.94550323486328 0.800000011920929
v 145.91200256347656 92.11669921875 3.011430025100708
v 145.38900756835938 92.84649658203125 0.800000011920929
v 146.21200561523438 92.86640167236328 0.800000011920929
v 147.2740020751953 92.57279968261719 0.800000011920929
v 79.6989974975586 122.48999786376953 15.867600440979004
v 77.21119689941406 124.64299774169922 15.688899993896484
v 81.43730163574219 119.79900360107422 18.24489974975586
v 78.96530151367188 122.85299682617188 12.944199562072754
v 189.6750030517578 92.30059814453125 0.800000011920929
v 232.91900634765625 92.31089782714844 0.800000011920929
v 360.77398681640625 205.05999755859375 32.300498962402344
v 362.2070007324219 202.2469940185547 30.084800720214844
v 359.6130065917969 200.49400329589844 33.585601806640625
v 364.02899169921875 206.51199340820312 29.681699752807617
v 239.94500732421875 93.00569915771484 0.800000011920929
v 238.80599975585938 92.6416015625 0.800000011920929
v 241.031005859375 92.9802017211914 3.431119918823242
v 189.82000732421875 281.2900085449219 92.72209930419922
v 195.34800720214844 278.13800048828125 92.98739624023438
v 193.89100646972656 278.8900146484375 100.48899841308594
v 194.4459991455078 279.20098876953125 88.4845962524414
v 358.6719970703125 185.8730010986328 27.08930015563965
v 357.9200134277344 186.04200744628906 29.378700256347656
v 360.468994140625 190.04200744628906 27.316699981689453
v 357.3739929199219 182.42599487304688 27.651500701904297
v 343.24798583984375 248.9810028076172 46.49359893798828
v 344.9620056152344 244.77200317382812 43.3916015625
v 346.31500244140625 246.73899841308594 47.691898345947266
v 341.7860107421875 247.23699951171875 41.687801361083984
v 329.7950134277344 101.00800323486328 176.13600158691406
v 328.156005859375 100.43900299072266 181.7220001220703
v 333.55499267578125 104.91799926757812 177.39599609375
v 325.2619934082031 96.43910217285156 174.7830047607422
v 241.468994140625 93.19840240478516 0.800000011920929
v 246.3280029296875 93.79969787597656 0.800000011920929
v 245.82000732421875 93.49089813232422 0.800000011920929
v 246.55499267578125 93.68150329589844 4.075530052185059
v 202.50100708007812 94.34490203857422 0.800000011920929
v 203.02200317382812 93.9093017578125 3.9375200271606445
v 203.33200073242188 93.26619720458984 0.800000011920929
v 201.85499572753906 94.74330139160156 2.7931699752807617
v 247.9029998779297 94.0479965209961 0.800000011920929
v 249.36099243164062 94.12190246582031 2.403909921646118
v 248.56700134277344 94.42259979248047 0.800000011920929
v 250.0489959716797 94.09609985351562 0.800000011920929
v 249.3990020751953 94.42870330810547 0.800000011920929
v 251.11599731445312 94.25160217285156 3.0069899559020996
v 251.572998046875 94.48139953613281 0.800000011920929
v 250.8520050048828 94.16670227050781 0.800000011920929
v 252.4709930419922 94.61309814453125 0.800000011920929
v 253.5019989013672 94.64350128173828 4.341189861297607
v 132.8459930419922 94.77780151367188 3.1456899642944336
v 132.11099243164062 95.36910247802734 0.800000011920929
v 131.49400329589844 95.15570068359375 3.525330066680908
v 133.6320037841797 68.63510131835938 87.79340362548828
v 134.6199951171875 65.50460052490234 97.5802993774414
v 137.2270050048828 66.58219909667969 94.22959899902344
v 127.26300048828125 66.96099853515625 94.09010314941406
v 133.91600036621094 94.63899993896484 2.1215500831604004
v 132.89199829101562 95.22250366210938 0.800000011920929
v 201.6479949951172 95.16629791259766 0.800000011920929
v 201.3489990234375 94.99749755859375 1.78711998462677
v 253.78700256347656 94.76570129394531 0.800000011920929
v 257.2170104980469 95.25689697265625 2.949120044708252
v 256.3999938964844 95.27739715576172 0.7400280237197876
v 255.4040069580078 94.88259887695312 0.800000011920929
v 130.37399291992188 95.50579833984375 2.615449905395508
v 129.77000427246094 95.99929809570312 0.800000011920929
v 129.42300415039062 95.66259765625 0.800000011920929
v 131.03500366210938 95.48650360107422 1.9920599460601807
v 130.5749969482422 95.94290161132812 0.800000011920929
v 131.38499450683594 95.80719757080078 0.800000011920929
v 192.5540008544922 94.95860290527344 0.800000011920929
v 192.47799682617188 94.55059814453125 0.800000011920929
v 192.83399963378906 94.69950103759766 3.4936599731445312
v 192.81300354003906 95.74220275878906 0.800000011920929
v 257.3039855957031 95.42150115966797 0.9960839748382568
v 259.0509948730469 95.6594009399414 2.6631500720977783
v 257.8840026855469 95.90619659423828 0.800000011920929
v 259.70098876953125 95.6792984008789 0.800000011920929
v 258.81298828125 95.9740982055664 0.800000011920929
v 300.3399963378906 274.02801513671875 79.70059967041016
v 299.9670104980469 273.7070007324219 71.89309692382812
v 302.7879943847656 272.6809997558594 77.74970245361328
v 291.9570007324219 275.93701171875 69.75509643554688
v 68.47319793701172 130.08299255371094 7.456729888916016
v 66.79100036621094 130.60299682617188 5.646830081939697
v 65.11519622802734 133.0919952392578 6.971310138702393
v 67.80280303955078 128.7989959716797 2.5048398971557617
v 194.02099609375 95.63279724121094 4.152050018310547
v 193.67100524902344 96.62860107421875 0.800000011920929
v 195.28700256347656 96.84439849853516 3.3114700317382812
v 32.70920181274414 222.2570037841797 58.0984992980957
v 33.83729934692383 223.25 65.91929626464844
v 31.718700408935547 212.3509979248047 62.45119857788086
v 34.170501708984375 227.76499938964844 58.966800689697266
v 43.027801513671875 181.59100341796875 22.504899978637695
v 42.65959930419922 178.6719970703125 17.89069938659668
v 41.198001861572266 182.39199829101562 18.399499893188477
v 44.548099517822266 176.08200073242188 21.40489959716797
v 265.7030029296875 96.89520263671875 0.800000011920929
v 264.7049865722656 96.49299621582031 0.800000011920929
v 265.48199462890625 96.80670166015625 3.318690061569214
v 195.3179931640625 97.28089904785156 0.800000011920929
v 194.5760040283203 97.39710235595703 0.800000011920929
v 195.9600067138672 97.60910034179688 0.800000011920929
v 266.6499938964844 97.04989624023438 0.800000011920929
v 268.81201171875 97.68450164794922 0.800000011920929
v 267.8290100097656 97.31739807128906 1.3572499752044678
v 269.06298828125 97.69159698486328 2.993839979171753
v 33.154300689697266 223.62600708007812 54.45819854736328
v 34.04880142211914 223.04400634765625 50.09189987182617
v 34.02909851074219 226.16700744628906 54.665401458740234
v 33.05619812011719 221.09500122070312 51.640201568603516
v 196.8000030517578 97.64459991455078 3.1305599212646484
v 196.875 98.19960021972656 0.800000011920929
v 197.6840057373047 97.8915023803711 2.364720106124878
v 198.68699645996094 97.5386962890625 2.555229902267456
v 197.84500122070312 98.24970245361328 0.800000011920929
v 198.65499877929688 98.0979995727539 0.800000011920929
v 198.97799682617188 97.35030364990234 0.800000011920929
v 269.510986328125 97.79419708251953 1.435789942741394
v 270.26300048828125 98.13300323486328 3.221179962158203
v 269.6159973144531 98.21099853515625 0.800000011920929
v 270.5329895019531 98.39920043945312 0.800000011920929
v 271.593994140625 98.5354995727539 0.800000011920929
v 322.13800048828125 267.7489929199219 110.35800170898438
v 325.7569885253906 266.1969909667969 106.93800354003906
v 326.32501220703125 264.61700439453125 116.10800170898438
v 323.5320129394531 267.5719909667969 102.33899688720703
v 294.0920104980469 272.9219970703125 44.89400100708008
v 299.3489990234375 270.8429870605469 42.34989929199219
v 298.3290100097656 273.04998779296875 47.770198822021484
v 293.73699951171875 271.80999755859375 38.99250030517578
v 333.6000061035156 260.6260070800781 33.39509963989258
v 331.5090026855469 259.1919860839844 36.287899017333984
v 333.4630126953125 262.4809875488281 29.241899490356445
v 335.7179870605469 256.7770080566406 36.19810104370117
v 376.0589904785156 192.802001953125 2.4509999752044678
v 375.8299865722656 193.74600219726562 5.131899833679199
v 376.4739990234375 193.84800720214844 0.800000011920929
v 375.46600341796875 191.69500732421875 2.599669933319092
v 273.5360107421875 99.0635986328125 4.402910232543945
v 272.6050109863281 98.99310302734375 0.800000011920929
v 274.4289855957031 98.9968032836914 0.800000011920929
v 273.6629943847656 99.1613998413086 0.800000011920929
v 218.50399780273438 280.1029968261719 167.56300354003906
v 217.63499450683594 278.59100341796875 154.01600646972656
v 228.99099731445312 280.6210021972656 157.8730010986328
v 206.12100219726562 277.69000244140625 161.4219970703125
v 116.4219970703125 99.63459777832031 0.800000011920929
v 115.63300323486328 100.03800201416016 0.800000011920929
v 114.90499877929688 100.14299774169922 2.453809976577759
v 115.12300109863281 100.01899719238281 0.800000011920929
v 117.25800323486328 99.7343978881836 0.800000011920929
v 117.6989974975586 99.1843032836914 2.708820104598999
v 118.01399993896484 99.28579711914062 0.7215800285339355
v 114.16300201416016 100.76399993896484 0.800000011920929
v 113.69000244140625 100.60900115966797 0.800000011920929
v 114.96399688720703 100.50299835205078 0.800000011920929
v 64.50070190429688 240.0279998779297 163.32400512695312
v 65.23539733886719 237.24400329589844 151.84500122070312
v 68.38050079345703 243.7469940185547 158.96200561523438
v 61.73270034790039 234.0279998779297 158.73300170898438
v 327.4169921875 122.49400329589844 0.800000011920929
v 326.9169921875 122.3010025024414 3.7148900032043457
v 327.989013671875 123.16999816894531 2.5686399936676025
v 326.94000244140625 122.05799865722656 0.800000011920929
v 280.52301025390625 100.81600189208984 0.800000011920929
v 279.7650146484375 100.4540023803711 0.800000011920929
v 280.6090087890625 100.70899963378906 2.697190046310425
v 111.91999816894531 101.28199768066406 3.6812100410461426
v 110.90599822998047 101.66500091552734 0.800000011920929
v 110.34600067138672 101.81800079345703 3.7950499057769775
v 109.98799896240234 101.8030014038086 0.800000011920929
v 113.13200378417969 100.81099700927734 0.800000011920929
v 111.90699768066406 101.46199798583984 0.800000011920929
v 281.22900390625 100.9219970703125 0.800000011920929
v 285.15301513671875 102.06999969482422 2.5726799964904785
v 284.5920104980469 102.25299835205078 0.800000011920929
v 284.1860046386719 101.86199951171875 0.800000011920929
v 285.7439880371094 102.1449966430664 1.9505499601364136
v 285.3559875488281 102.30899810791016 0.800000011920929
v 286.17498779296875 102.42900085449219 0.800000011920929
v 286.35699462890625 102.4469985961914 3.210050106048584
v 108.2760009765625 102.6259994506836 0.800000011920929
v 107.8280029296875 103.15399932861328 0.800000011920929
v 107.51200103759766 103.072998046875 2.4241199493408203
v 233.7989959716797 92.4740982055664 0.800000011920929
v 287.4179992675781 102.7770004272461 0.800000011920929
v 371.31201171875 198.947998046875 77.55339813232422
v 370.72698974609375 201.37100219726562 61.71160125732422
v 371.34100341796875 195.45700073242188 67.5999984741211
v 370.6239929199219 207.99600219726562 67.22820281982422
v 50.97570037841797 254.72000122070312 58.5880012512207
v 55.083900451660156 257.7149963378906 57.509300231933594
v 50.12770080566406 254.9429931640625 65.216796875
v 52.264801025390625 252.70399475097656 52.89820098876953
v 107.08599853515625 103.6520004272461 0.800000011920929
v 106.49099731445312 103.56999969482422 0.800000011920929
v 250.3090057373047 93.15879821777344 12.48490047454834
v 258.2080078125 93.20349884033203 17.437700271606445
v 255.50100708007812 94.64669799804688 9.99209976196289
v 250.72799682617188 90.86720275878906 19.619800567626953
v 290.6180114746094 103.93000030517578 0.800000011920929
v 289.11700439453125 103.31500244140625 0.800000011920929
v 290.3609924316406 103.9739990234375 4.14192008972168
v 105.3239974975586 104.29299926757812 3.512209892272949
v 104.70500183105469 104.76100158691406 0.800000011920929
v 104.02100372314453 104.74600219726562 0.800000011920929
v 348.3659973144531 250.6230010986328 54.423099517822266
v 350.39300537109375 250.04800415039062 58.30889892578125
v 347.510986328125 252.13900756835938 55.9202995300293
v 347.5159912109375 248.50399780273438 50.375099182128906
v 105.5510025024414 104.45700073242188 0.800000011920929
v 105.81199645996094 103.88300323486328 0.800000011920929
v 291.8039855957031 104.22899627685547 0.800000011920929
v 292.9849853515625 104.7020034790039 0.800000011920929
v 292.4309997558594 104.43099975585938 2.8431499004364014
v 48.15890121459961 234.85000610351562 40.275299072265625
v 48.982601165771484 236.21200561523438 40.67390060424805
v 47.82889938354492 233.5449981689453 42.6781005859375
v 47.732398986816406 237.67100524902344 37.451900482177734
v 294.0419921875 104.95700073242188 0.800000011920929
v 295.27398681640625 105.4469985961914 0.800000011920929
v 294.8840026855469 105.21800231933594 2.593780040740967
v 101.70700073242188 105.47799682617188 0.800000011920929
v 100.78299713134766 106.22599792480469 0.800000011920929
v 100.60399627685547 106.07099914550781 2.7204198837280273
v 100.1989974975586 106.23999786376953 0.800000011920929
v 295.7279968261719 105.53900146484375 0.800000011920929
v 297.7919921875 106.4020004272461 0.800000011920929
v 297.02899169921875 105.99199676513672 0.800000011920929
v 297.4219970703125 106.52899932861328 4.528049945831299
v 298.78900146484375 106.9280014038086 3.2832000255584717
v 298.5220031738281 106.88200378417969 0.800000011920929
v 298.8900146484375 106.78600311279297 0.800000011920929
v 299.24700927734375 107.04199981689453 0.800000011920929
v 98.1489028930664 107.27200317382812 0.800000011920929
v 97.65070343017578 107.79900360107422 0.800000011920929
v 97.972900390625 107.37999725341797 2.458940029144287
v 97.19950103759766 107.76699829101562 1.259469985961914
v 299.9360046386719 107.21199798583984 0.800000011920929
v 96.99449920654297 108.03199768066406 2.8171300888061523
v 96.1541976928711 108.6240005493164 0.800000011920929
v 95.50540161132812 108.73300170898438 0.800000011920929
v 96.95449829101562 108.34200286865234 0.800000011920929
v 303.11700439453125 108.57499694824219 2.7167699337005615
v 302.39801025390625 108.41699981689453 0.6013579964637756
v 301.875 107.8949966430664 0.800000011920929
v 57.247398376464844 130.63600158691406 49.18360137939453
v 55.5629997253418 137.2310028076172 41.4900016784668
v 51.5463981628418 140.54200744628906 49.31869888305664
v 60.878299713134766 129.89700317382812 39.09299850463867
v 305.02398681640625 109.14299774169922 1.7854299545288086
v 303.9630126953125 109.14700317382812 0.800000011920929
v 303.1390075683594 108.68499755859375 0.676904022693634
v 94.02960205078125 109.40799713134766 0.800000011920929
v 93.0186996459961 110.18699645996094 0.800000011920929
v 92.9905014038086 110.11000061035156 2.786489963531494
v 92.24079895019531 110.81999969482422 0.800000011920929
v 91.46900177001953 111.01899719238281 0.800000011920929
v 330.4939880371094 130.63800048828125 20.713300704956055
v 329.25799560546875 128.13699340820312 22.77869987487793
v 333.1470031738281 131.78799438476562 24.489900588989258
v 328.6650085449219 129.27200317382812 18.802200317382812
v 90.0363998413086 111.73899841308594 0.800000011920929
v 89.05840301513672 112.4990005493164 0.800000011920929
v 88.77770233154297 112.37999725341797 2.6874499320983887
v 88.44519805908203 112.53600311279297 0.800000011920929
v 311.72698974609375 112.49800109863281 0.800000011920929
v 311.22198486328125 112.10299682617188 0.800000011920929
v 310.7770080566406 112.00599670410156 2.9967000484466553
v 87.95230102539062 112.7509994506836 0.800000011920929
v 87.48880004882812 113.33399963378906 0.800000011920929
v 87.3053970336914 113.3290023803711 2.595089912414551
v 312.4389953613281 112.73300170898438 0.800000011920929
v 313.3299865722656 113.28900146484375 0.800000011920929
v 312.44000244140625 112.87300109863281 3.1374099254608154
v 86.66230010986328 113.95800018310547 0.800000011920929
v 86.03469848632812 114.15299987792969 2.4075798988342285
v 85.87740325927734 114.2020034790039 0.800000011920929
v 314.23699951171875 113.6709976196289 0.800000011920929
v 43.54520034790039 167.01699829101562 114.56500244140625
v 42.07469940185547 172.98300170898438 103.09700012207031
v 41.878700256347656 180.2310028076172 104.66999816894531
v 42.82870101928711 164.322998046875 100.7020034790039
v 85.27429962158203 114.76100158691406 0.800000011920929
v 85.08589935302734 114.88099670410156 3.2778398990631104
v 316.3179931640625 114.83499908447266 0.800000011920929
v 315.3529968261719 114.23899841308594 0.800000011920929
v 315.9649963378906 114.7020034790039 3.336319923400879
v 83.95030212402344 115.36000061035156 2.9428200721740723
v 83.60970306396484 115.68199920654297 0.800000011920929
v 83.06909942626953 115.68900299072266 0.800000011920929
v 84.4613037109375 115.37699890136719 0.800000011920929
v 316.8890075683594 115.15299987792969 0.800000011920929
v 277.4670104980469 62.24700164794922 145.552001953125
v 274.0580139160156 62.92100143432617 150.42999267578125
v 277.14599609375 64.19560241699219 153.5679931640625
v 274.7179870605469 61.539100646972656 143.2949981689453
v 318.82000732421875 116.51699829101562 0.800000011920929
v 317.7770080566406 115.77999877929688 0.800000011920929
v 318.5889892578125 116.60700225830078 3.9949700832366943
v 320.23199462890625 117.43000030517578 2.738539934158325
v 319.6650085449219 117.16999816894531 0.800000011920929
v 320.4859924316406 117.49099731445312 0.800000011920929
v 321.8059997558594 118.59600067138672 0.800000011920929
v 321.44000244140625 118.09300231933594 0.800000011920929
v 322.0060119628906 118.77100372314453 3.0564401149749756
v 322.6719970703125 119.3270034790039 0.800000011920929
v 323.15301513671875 119.26399993896484 1.459689974784851
v 323.54998779296875 119.61699676513672 0.800000011920929
v 323.5989990234375 119.73999786376953 2.413640022277832
v 74.27839660644531 126.88600158691406 17.5132999420166
v 70.3311996459961 131.37600708007812 16.43560028076172
v 71.19059753417969 129.06300354003906 20.951499938964844
v 71.45800018310547 129.6439971923828 12.068300247192383
v 323.93798828125 119.76699829101562 0.800000011920929
v 324.1369934082031 120.1760025024414 0.800000011920929
v 77.52980041503906 120.16699981689453 3.8912599086761475
v 77.42970275878906 120.19300079345703 0.8281970024108887
v 76.58879852294922 121.03099822998047 0.800000011920929
v 75.58100128173828 121.49299621582031 2.4665300846099854
v 324.5069885253906 120.41600036621094 1.8765900135040283
v 324.885009765625 120.96499633789062 0.800000011920929
v 324.2380065917969 120.6760025024414 4.334010124206543
v 75.79119873046875 121.75700378417969 0.800000011920929
v 75.29769897460938 121.68800354003906 0.800000011920929
v 325.7619934082031 121.6780014038086 3.8888099193573
v 325.8280029296875 121.71099853515625 0.800000011920929
v 326.3869934082031 121.7490005493164 0.800000011920929
v 141.94000244140625 84.53690338134766 25.858699798583984
v 138.5469970703125 85.97789764404297 23.472299575805664
v 136.39999389648438 85.3196029663086 27.315500259399414
v 137.80999755859375 88.02439880371094 18.497800827026367
v 327.9729919433594 123.27799987792969 0.800000011920929
v 327.77899169921875 122.81800079345703 0.800000011920929
v 72.56210327148438 124.20099639892578 0.800000011920929
v 72.21640014648438 124.89099884033203 4.4695000648498535
v 73.12329864501953 123.46499633789062 2.4726500511169434
v 71.8198013305664 124.5790023803711 0.800000011920929
v 73.44770050048828 123.36100006103516 0.800000011920929
v 328.802001953125 124.07499694824219 0.800000011920929
v 329.0069885253906 124.33000183105469 3.2125000953674316
v 329.3059997558594 124.36599731445312 0.800000011920929
v 329.5580139160156 124.7969970703125 0.800000011920929
v 330.0060119628906 125.08399963378906 2.388079881668091
v 330.5660095214844 125.91100311279297 4.40949010848999
v 330.43499755859375 125.62200164794922 0.9650939702987671
v 275.9159851074219 276.9909973144531 4.454410076141357
v 277.4010009765625 276.5610046386719 0.800000011920929
v 279.02099609375 276.3070068359375 5.313799858093262
v 303.7909851074219 273.43701171875 58.23189926147461
v 309.8580017089844 272.15399169921875 59.47439956665039
v 306.19500732421875 273.24700927734375 66.17980194091797
v 308.04400634765625 271.43701171875 51.393699645996094
v 68.64600372314453 128.072998046875 0.800000011920929
v 68.80580139160156 127.94200134277344 2.989959955215454
v 68.11299896240234 128.20599365234375 0.9265710115432739
v 69.54209899902344 127.31500244140625 0.8987020254135132
v 67.13140106201172 129.5760040283203 0.800000011920929
v 66.47049713134766 129.9720001220703 0.800000011920929
v 68.00589752197266 128.76600646972656 0.47586700320243835
v 335.052001953125 129.51499938964844 0.800000011920929
v 334.5830078125 128.80799865722656 0.800000011920929
v 335.46600341796875 129.9530029296875 2.4828100204467773
v 335.93798828125 130.3990020751953 0.800000011920929
v 336.46600341796875 130.68499755859375 0.800000011920929
v 65.64540100097656 131.10400390625 0.800000011920929
v 65.60070037841797 131.2010040283203 3.865380048751831
v 65.08100128173828 131.32000732421875 1.746880054473877
v 64.81659698486328 131.92100524902344 0.800000011920929
v 64.66639709472656 131.9320068359375 3.065239906311035
v 64.26460266113281 132.08700561523438 1.4359500408172607
v 337.39599609375 131.89599609375 0.800000011920929
v 337.0039978027344 131.27999877929688 0.800000011920929
v 337.3179931640625 131.802001953125 2.839560031890869
v 64.13619995117188 132.64100646972656 0.800000011920929
v 63.86069869995117 132.89500427246094 2.9682300090789795
v 63.51499938964844 133.23500061035156 0.800000011920929
v 337.87701416015625 132.20799255371094 1.3861000537872314
v 338.04901123046875 132.6699981689453 0.800000011920929
v 337.9570007324219 132.6529998779297 3.009010076522827
v 338.6789855957031 133.54299926757812 0.800000011920929
v 197.52200317382812 64.3687973022461 152.34500122070312
v 192.18699645996094 63.454200744628906 142.20799255371094
v 186.65499877929688 63.05149841308594 151.16200256347656
v 206.4459991455078 64.87879943847656 140.86700439453125
v 61.745601654052734 135.84100341796875 0.800000011920929
v 62.20819854736328 135.0050048828125 2.4000399112701416
v 62.5281982421875 135.02699279785156 0.615742027759552
v 61.41450119018555 135.97999572753906 2.9750900268554688
v 204.18099975585938 283.90899658203125 2.4664299488067627
v 203.4669952392578 283.94000244140625 6.308629989624023
v 202.33999633789062 284.3450012207031 2.8557798862457275
v 206.35699462890625 283.62799072265625 3.3873701095581055
v 340.48699951171875 135.79100036621094 0.800000011920929
v 340.1679992675781 135.2220001220703 0.800000011920929
v 339.74200439453125 135.08399963378906 3.4228200912475586
v 61.030399322509766 136.52699279785156 0.800000011920929
v 60.57389831542969 136.7760009765625 0.800000011920929
v 340.5740051269531 136.26699829101562 3.998539924621582
v 341.3349914550781 136.63499450683594 0.800000011920929
v 341.7959899902344 136.94900512695312 0.800000011920929
v 60.083900451660156 138.1529998779297 0.800000011920929
v 59.82740020751953 137.93899536132812 2.7006900310516357
v 60.27989959716797 137.26100158691406 0.800000011920929
v 59.50790023803711 138.31900024414062 0.800000011920929
v 343.5950012207031 139.66000366210938 0.800000011920929
v 343.302001953125 139.13699340820312 0.800000011920929
v 343.114990234375 139.072998046875 3.2806100845336914
v 343.97198486328125 139.87100219726562 1.9515999555587769
v 344.40399169921875 140.48300170898438 0.800000011920929
v 344.0329895019531 140.14700317382812 3.3629000186920166
v 56.998199462890625 141.35000610351562 0.800000011920929
v 57.15039825439453 141.47000122070312 4.517320156097412
v 57.55160140991211 140.42599487304688 0.800000011920929
v 56.029598236083984 142.1699981689453 0.800000011920929
v 344.7239990234375 140.697998046875 2.029020071029663
v 344.9909973144531 141.2259979248047 0.800000011920929
v 344.4679870605469 140.96099853515625 4.102970123291016
v 345.5849914550781 142.24200439453125 2.5921900272369385
v 345.2439880371094 142.01499938964844 0.800000011920929
v 346.04901123046875 142.86000061035156 0.800000011920929
v 346.3739929199219 143.02999877929688 0.800000011920929
v 346.635009765625 143.5850067138672 0.800000011920929
v 346.5639953613281 143.20799255371094 0.800000011920929
v 346.83599853515625 143.81300354003906 2.5380001068115234
v 303.5679931640625 272.8819885253906 71.21060180664062
v 347.0429992675781 144.093994140625 0.800000011920929
v 54.051998138427734 145.29800415039062 1.123520016670227
v 54.410499572753906 145.21099853515625 4.385119915008545
v 54.73529815673828 144.4929962158203 0.800000011920929
v 53.37929916381836 146.24000549316406 2.8177900314331055
v 363.1919860839844 167.5800018310547 47.349998474121094
v 360.3420104980469 163.4739990234375 43.78139877319336
v 361.2590026855469 160.552001953125 47.404701232910156
v 359.3550109863281 165.49000549316406 41.033599853515625
v 348.1679992675781 145.91600036621094 0.800000011920929
v 347.97100830078125 145.4239959716797 0.800000011920929
v 348.218994140625 145.98199462890625 2.909559965133667
v 237.22000122070312 71.00569915771484 80.95649719238281
v 231.55499267578125 71.3385009765625 77.658203125
v 226.38699340820312 70.21520233154297 84.45010375976562
v 234.36900329589844 72.6958999633789 71.79530334472656
v 348.57000732421875 146.4080047607422 0.800000011920929
v 52.5177001953125 148.00799560546875 3.480649948120117
v 53.19169998168945 146.7949981689453 0.8840299844741821
v 52.932098388671875 147.6790008544922 0.800000011920929
v 349.0799865722656 147.5019989013672 0.800000011920929
v 348.77099609375 146.82400512695312 0.800000011920929
v 348.8389892578125 147.60299682617188 4.607329845428467
v 52.26969909667969 148.4550018310547 0.8959349989891052
v 51.16709899902344 150.11500549316406 4.02016019821167
v 349.5299987792969 147.8509979248047 2.017780065536499
v 349.7969970703125 148.3509979248047 0.800000011920929
v 349.9949951171875 148.8820037841797 3.5135300159454346
v 350.61700439453125 149.42100524902344 0.800000011920929
v 178.4290008544922 61.53340148925781 140.41299438476562
v 180.14999389648438 61.95589828491211 148.46299743652344
v 172.4770050048828 60.62670135498047 146.50399780273438
v 160.17999267578125 63.08919906616211 107.73500061035156
v 149.13499450683594 60.864898681640625 113.57499694824219
v 161.42300415039062 61.56740188598633 115.36000061035156
v 147.28900146484375 63.13930130004883 105.10600280761719
v 99.51270294189453 76.15630340576172 147.4340057373047
v 95.58910369873047 78.91609954833984 145.30999755859375
v 101.35700225830078 76.21309661865234 152.70399475097656
v 95.72669982910156 77.1052017211914 136.21800231933594
v 351.4880065917969 151.3209991455078 0.800000011920929
v 351.66900634765625 150.9759979248047 0.800000011920929
v 351.7279968261719 151.36399841308594 2.596489906311035
v 352.0920104980469 152.20199584960938 0.800000011920929
v 352.2590026855469 152.81300354003906 4.107870101928711
v 352.7449951171875 153.12100219726562 0.800000011920929
v 352.9949951171875 153.73500061035156 0.800000011920929
v 353.2049865722656 154.16200256347656 3.389009952545166
v 353.5979919433594 154.54800415039062 0.9875180125236511
v 146.02999877929688 282.2309875488281 91.01200103759766
v 152.79600524902344 283.4840087890625 91.92060089111328
v 144.4290008544922 282.5769958496094 96.58650207519531
v 149.81900024414062 283.1130065917969 88.47209930419922
v 36.326698303222656 194.30099487304688 80.54049682617188
v 36.71419906616211 204.3489990234375 83.17870330810547
v 38.125099182128906 197.85000610351562 87.52339935302734
v 34.2234992980957 201.20199584960938 74.6707992553711
v 48.0817985534668 154.73500061035156 3.1249899864196777
v 47.50080108642578 156.17100524902344 0.8191689848899841
v 47.17449951171875 156.58299255371094 3.1945900917053223
v 354.33099365234375 156.1479949951172 0.800000011920929
v 354.2279968261719 155.5590057373047 0.800000011920929
v 353.72698974609375 155.83099365234375 5.139689922332764
v 46.94139862060547 157.00799560546875 0.8800020217895508
v 46.31209945678711 158.1529998779297 2.7615599632263184
v 354.77398681640625 158.18299865722656 6.294250011444092
v 354.7120056152344 157.08700561523438 0.800000011920929
v 153.0070037841797 90.14330291748047 6.356820106506348
v 150.70199584960938 90.45230102539062 5.921450138092041
v 356.02398681640625 158.58900451660156 3.3511600494384766
v 355.53900146484375 157.87399291992188 0.800000011920929
v 356.0899963378906 158.23399353027344 0.800000011920929
v 47.996299743652344 250.89100646972656 57.030799865722656
v 45.800498962402344 249.7530059814453 64.80840301513672
v 45.878501892089844 159.26699829101562 0.5679789781570435
v 45.29869842529297 159.6790008544922 2.177069902420044
v 356.8590087890625 159.36500549316406 0.800000011920929
v 356.6099853515625 158.90199279785156 0.800000011920929
v 357.2449951171875 160.00100708007812 2.4094998836517334
v 357.32598876953125 160.01600646972656 0.800000011920929
v 44.68989944458008 160.66299438476562 0.800000011920929
v 44.85369873046875 160.90199279785156 4.0266499519348145
v 44.06290054321289 161.2220001220703 0.800000011920929
v 357.52398681640625 160.64599609375 0.800000011920929
v 357.89801025390625 161.23300170898438 0.800000011920929
v 358.5199890136719 162.38699340820312 0.800000011920929
v 358.3179931640625 161.85499572753906 0.800000011920929
v 358.510986328125 162.33299255371094 3.2056500911712646
v 167.99000549316406 89.05760192871094 6.506010055541992
v 172.0279998779297 87.02619934082031 11.343099594116211
v 170.2469940185547 89.32230377197266 5.671919822692871
v 166.99400329589844 87.99939727783203 9.218839645385742
v 43.541099548339844 162.20799255371094 0.800000011920929
v 43.52109909057617 163.20700073242188 0.800000011920929
v 43.095401763916016 163.3300018310547 2.59948992729187
v 359.1239929199219 162.87399291992188 0.800000011920929
v 42.964698791503906 163.9499969482422 0.800000011920929
v 42.70240020751953 163.98300170898438 2.380229949951172
v 42.235599517822266 165.50100708007812 0.800000011920929
v 42.174198150634766 166.6959991455078 5.180389881134033
v 42.48270034790039 164.60000610351562 0.800000011920929
v 41.64289855957031 166.1929931640625 0.800000011920929
v 327.69500732421875 101.52999877929688 190.3260040283203
v 325.2300109863281 99.59919738769531 194.02099609375
v 327.1889953613281 102.21800231933594 197.60000610351562
v 323.5220031738281 96.83769989013672 187.65899658203125
v 40.597900390625 168.65499877929688 0.800000011920929
v 41.00859832763672 167.49400329589844 2.4548399448394775
v 41.231201171875 167.91700744628906 0.4705590009689331
v 40.002498626708984 169.1020050048828 2.7343599796295166
v 362.29998779296875 168.6529998779297 0.800000011920929
v 361.9700012207031 167.70700073242188 0.800000011920929
v 362.5220031738281 168.97500610351562 3.178489923477173
v 39.955501556396484 169.4199981689453 0.800000011920929
v 39.425899505615234 169.7689971923828 0.800000011920929
v 363.0780029296875 169.6929931640625 0.800000011920929
v 39.096099853515625 170.93800354003906 0.800000011920929
v 39.19160079956055 170.56900024414062 3.1941099166870117
v 39.1619987487793 170.2689971923828 0.800000011920929
v 38.57099914550781 171.65199279785156 1.908769965171814
v 363.8190002441406 170.9669952392578 0.800000011920929
v 363.6099853515625 170.41600036621094 0.800000011920929
v 363.468994140625 170.46499633789062 2.9746100902557373
v 364.2820129394531 171.9080047607422 2.2504899501800537
v 37.584999084472656 174.02000427246094 0.800000011920929
v 37.56060028076172 174.07899475097656 3.9933300018310547
v 38.00960159301758 172.83799743652344 2.4374899864196777
v 37.095001220703125 174.48399353027344 0.800000011920929
v 38.123199462890625 173.35800170898438 0.39561599493026733
v 364.82000732421875 173.30599975585938 0.800000011920929
v 364.989013671875 173.177001953125 1.9046200513839722
v 365.5799865722656 174.4040069580078 2.496799945831299
v 365.385986328125 174.11700439453125 0.7113630175590515
v 36.77130126953125 175.3159942626953 0.800000011920929
v 36.51350021362305 176.447998046875 0.800000011920929
v 36.07680130004883 176.85000610351562 2.866379976272583
v 271.3139953613281 77.72840118408203 63.02510070800781
v 265.7380065917969 78.793701171875 57.94329833984375
v 263.3900146484375 75.95120239257812 65.77429962158203
v 270.3059997558594 79.49230194091797 57.924598693847656
v 35.93579864501953 177.23399353027344 0.800000011920929
v 35.46099853515625 177.61700439453125 0.800000011920929
v 51.54280090332031 240.87399291992188 41.377899169921875
v 53.58110046386719 243.03799438476562 44.630001068115234
v 51.80739974975586 240.53500366210938 44.058799743652344
v 53.01959991455078 244.6999969482422 40.35749816894531
v 367.7820129394531 177.96400451660156 0.800000011920929
v 367.04400634765625 176.83299255371094 0.800000011920929
v 367.8370056152344 178.1750030517578 3.3004000186920166
v 35.22439956665039 178.68299865722656 0.800000011920929
v 35.22159957885742 178.35800170898438 3.0074000358581543
v 34.71160125732422 179.22000122070312 1.4982500076293945
v 368.47900390625 178.8090057373047 0.800000011920929
v 368.552001953125 179.1840057373047 3.701819896697998
v 369.0159912109375 179.52000427246094 0.800000011920929
v 34.44390106201172 180.23399353027344 0.800000011920929
v 34.535400390625 179.77499389648438 3.1507999897003174
v 33.77470016479492 181.13699340820312 0.800000011920929
v 39.732601165771484 214.91200256347656 38.60940170288086
v 40.433799743652344 212.83900451660156 36.991600036621094
v 41.98630142211914 215.99200439453125 36.3474006652832
v 37.8838005065918 212.04600524902344 38.4807014465332
v 359.45098876953125 207.1540069580078 35.047401428222656
v 359.2850036621094 202.75900268554688 36.46070098876953
v 362.0469970703125 208.8090057373047 31.677000045776367
v 33.286399841308594 182.08700561523438 0.800000011920929
v 33.36040115356445 182.75900268554688 0.800000011920929
v 32.837501525878906 183.3560028076172 2.921649932861328
v 32.8828010559082 183.5279998779297 0.8246740102767944
v 32.34320068359375 184.43099975585938 2.6940200328826904
v 32.665000915527344 184.30599975585938 0.800000011920929
v 32.167198181152344 184.89199829101562 0.800000011920929
v 371.59100341796875 183.36900329589844 0.800000011920929
v 371.5530090332031 183.052001953125 0.800000011920929
v 371.5429992675781 183.42999267578125 2.8202199935913086
v 371.7879943847656 184.15899658203125 0.800000011920929
v 372.1809997558594 184.5679931640625 2.722790002822876
v 372.4530029296875 185.1179962158203 0.800000011920929
v 372.8789978027344 186.06900024414062 3.4344100952148438
v 32.05270004272461 185.80799865722656 0.800000011920929
v 31.816999435424805 186.10400390625 3.733259916305542
v 31.536399841308594 186.4429931640625 0.800000011920929
v 372.93701171875 185.78500366210938 0.800000011920929
v 31.312999725341797 187.31300354003906 0.800000011920929
v 31.208999633789062 187.33399963378906 3.5733699798583984
v 30.724899291992188 187.93299865722656 0.800000011920929
v 373.40399169921875 187.36099243164062 0.800000011920929
v 373.3489990234375 186.63400268554688 0.800000011920929
v 373.87200927734375 188.0570068359375 2.6297099590301514
v 373.9010009765625 188.16299438476562 0.800000011920929
v 374.1610107421875 188.96099853515625 0.800000011920929
v 181.13299560546875 62.78499984741211 127.30000305175781
v 374.3800048828125 190.32400512695312 4.652860164642334
v 374.77301025390625 189.87899780273438 0.800000011920929
v 375.1080017089844 190.56300354003906 0.800000011920929
v 203.63900756835938 283.03399658203125 12.599900245666504
v 197.5050048828125 284.2380065917969 7.84188985824585
v 207.99600219726562 283.2669982910156 7.205420017242432
v 374.9540100097656 191.19900512695312 0.800000011920929
v 375.6159973144531 192.15899658203125 0.800000011920929
v 346.1570129394531 129.45199584960938 44.24480056762695
v 345.8949890136719 126.03900146484375 47.49300003051758
v 349.2019958496094 129.2220001220703 50.447200775146484
v 340.3999938964844 124.40599822998047 40.450599670410156
v 376.2279968261719 193.02499389648438 0.800000011920929
v 39.92839813232422 168.61599731445312 78.60040283203125
v 39.060001373291016 174.6840057373047 82.3750991821289
v 40.956298828125 174.64700317382812 93.39029693603516
v 36.545501708984375 177.09300231933594 65.21759796142578
v 376.57000732421875 195.97999572753906 0.800000011920929
v 376.67401123046875 195.26699829101562 0.800000011920929
v 377.2099914550781 196.96099853515625 2.639009952545166
v 377.052001953125 196.7760009765625 0.800000011920929
v 377.3039855957031 197.4929962158203 0.800000011920929
v 45.6416015625 167.1739959716797 13.021699905395508
v 44.20140075683594 168.45799255371094 11.701299667358398
v 45.98500061035156 170.04100036621094 16.187999725341797
v 44.568599700927734 165.0469970703125 9.421050071716309
v 27.78260040283203 196.71800231933594 0.800000011920929
v 27.847999572753906 198.28599548339844 0.800000011920929
v 27.50160026550293 198.3040008544922 2.8380000591278076
v 377.9219970703125 198.0399932861328 0.800000011920929
v 27.366300582885742 199.07400512695312 0.800000011920929
v 26.946199417114258 199.58900451660156 0.800000011920929
v 26.863100051879883 200.21299743652344 0.800000011920929
v 27.06399917602539 201.44500732421875 0.800000011920929
v 26.58810043334961 201.3990020751953 2.440969944000244
v 378.63800048828125 201.42999267578125 0.800000011920929
v 378.61199951171875 200.9739990234375 0.800000011920929
v 378.53399658203125 201.7779998779297 3.8812999725341797
v 26.645200729370117 202.1840057373047 0.800000011920929
v 26.22410011291504 202.51400756835938 0.800000011920929
v 378.97900390625 202.63800048828125 2.7845799922943115
v 378.6730041503906 202.1199951171875 0.800000011920929
v 379.1239929199219 202.95199584960938 0.800000011920929
v 26.12459945678711 203.11300659179688 0.800000011920929
v 26.39389991760254 203.74899291992188 0.800000011920929
v 26.16010093688965 203.46099853515625 2.764039993286133
v 26.262800216674805 204.6820068359375 0.800000011920929
v 25.736400604248047 205.25599670410156 0.800000011920929
v 126.88200378417969 68.14540100097656 175.42100524902344
v 120.8550033569336 70.53230285644531 181.14500427246094
v 125.125 70.33429718017578 187.0959930419922
v 117.76300048828125 69.36820220947266 165.27200317382812
v 380.24798583984375 209.88900756835938 0.800000011920929
v 380.5719909667969 209.37899780273438 0.800000011920929
v 380.5840148925781 210.66000366210938 2.5695700645446777
v 380.2969970703125 210.75399780273438 0.800000011920929
v 380.88800048828125 211.85899353027344 0.800000011920929
v 114.58100128173828 277.9739990234375 141.80799865722656
v 126.96499633789062 280.197998046875 143.92599487304688
v 119.8010025024414 277.9750061035156 156.0229949951172
v 122.13099670410156 279.4729919433594 138.74400329589844
v 24.521699905395508 218.2949981689453 0.800000011920929
v 24.829500198364258 219.3679962158203 0.800000011920929
v 24.61039924621582 220.06399536132812 3.204930067062378
v 24.89430046081543 220.2310028076172 0.6078680157661438
v 142.82899475097656 69.33529663085938 191.28500366210938
v 142.31900024414062 70.91819763183594 197.60000610351562
v 145.8209991455078 70.1863021850586 195.46299743652344
v 24.82550048828125 220.93699645996094 0.800000011920929
v 24.558500289916992 221.968994140625 0.800000011920929
v 130.08399963378906 91.3865966796875 15.925200462341309
v 122.36699676513672 94.2947006225586 15.877400398254395
v 124.6709976196289 90.87950134277344 21.542800903320312
v 129.6649932861328 93.87999725341797 10.799200057983398
v 370.1969909667969 192.64100646972656 98.13629913330078
v 369.2929992675781 184.4949951171875 109.81999969482422
v 368.25799560546875 195.95599365234375 107.625
v 370.94500732421875 192.44000244140625 91.06199645996094
v 381.00201416015625 220.77099609375 0.800000011920929
v 381.3039855957031 220.22500610351562 0.800000011920929
v 381.2539978027344 220.83299255371094 2.894860029220581
v 380.989990234375 221.57899475097656 0.800000011920929
v 381.25799560546875 222.18800354003906 2.791379928588867
v 381.0050048828125 222.38699340820312 0.800000011920929
v 381.3179931640625 222.9219970703125 0.800000011920929
v 380.98199462890625 223.89700317382812 0.800000011920929
v 381.31201171875 223.4320068359375 1.6281800270080566
v 380.968994140625 223.4669952392578 4.126699924468994
v 380.864013671875 224.7169952392578 0.800000011920929
v 24.502500534057617 224.94400024414062 0.800000011920929
v 24.83799934387207 225.63699340820312 0.800000011920929
v 24.53730010986328 225.78500366210938 2.8335299491882324
v 380.343994140625 225.44700622558594 5.777850151062012
v 380.69500732421875 225.61199951171875 0.800000011920929
v 24.83449935913086 226.48399353027344 0.800000011920929
v 24.466699600219727 227.22799682617188 0.800000011920929
v 380.6099853515625 226.9219970703125 3.3544299602508545
v 380.3559875488281 226.26699829101562 0.800000011920929
v 380.6319885253906 227.02000427246094 0.800000011920929
v 140.96800231933594 282.906005859375 79.45050048828125
v 145.6479949951172 281.9309997558594 83.84439849853516
v 142.34500122070312 282.1579895019531 85.75070190429688
v 147.9340057373047 282.0880126953125 80.25309753417969
v 380.04998779296875 230.1790008544922 0.800000011920929
v 379.9840087890625 230.6510009765625 2.4877700805664062
v 379.5740051269531 230.91900634765625 0.800000011920929
v 380.25 229.9149932861328 3.394320011138916
v 380.4639892578125 229.7239990234375 1.9561500549316406
v 24.625699996948242 229.93800354003906 0.800000011920929
v 24.878299713134766 231.4949951171875 0.800000011920929
v 24.87809944152832 231.37100219726562 3.14382004737854
v 379.75201416015625 231.37899780273438 2.5620501041412354
v 379.40399169921875 231.8070068359375 0.800000011920929
v 25.393699645996094 232.4929962158203 0.800000011920929
v 25.11989974975586 232.8470001220703 0.800000011920929
v 379.3810119628906 232.2519989013672 3.3531699180603027
v 379.15899658203125 232.74400329589844 0.800000011920929
v 378.9339904785156 233.41700744628906 3.5081799030303955
v 101.60600280761719 79.42960357666016 75.59940338134766
v 95.85659790039062 83.57219696044922 71.48090362548828
v 98.96279907226562 78.7947006225586 81.38469696044922
v 100.5459976196289 83.50789642333984 65.47219848632812
v 378.1929931640625 234.91900634765625 3.420959949493408
v 377.7229919433594 235.58700561523438 0.9612709879875183
v 378.2309875488281 235.0500030517578 0.800000011920929
v 326.1629943847656 267.0369873046875 95.2750015258789
v 329.2040100097656 265.5830078125 96.4988021850586
v 326.322998046875 266.5559997558594 100.15899658203125
v 328.4830017089844 266.3840026855469 90.4635009765625
v 377.21099853515625 236.3560028076172 0.800000011920929
v 377.7090148925781 236.10000610351562 1.5420199632644653
v 377.6029968261719 236.2030029296875 2.473949909210205
v 376.94500732421875 237.23199462890625 0.7140370011329651
v 377.14300537109375 237.02999877929688 3.244800090789795
v 376.4110107421875 237.96200561523438 0.800000011920929
v 376.8800048828125 237.91000366210938 1.1490399837493896
v 376.3760070800781 238.5800018310547 2.707750082015991
v 376.10101318359375 238.85000610351562 0.800000011920929
v 375.7720031738281 239.8179931640625 2.4011800289154053
v 375.5719909667969 239.6020050048828 0.800000011920929
v 375.135986328125 240.89199829101562 0.800000011920929
v 26.838499069213867 240.05099487304688 2.9041600227355957
v 27.185300827026367 240.9720001220703 0.800000011920929
v 27.751300811767578 241.91299438476562 0.800000011920929
v 27.834199905395508 242.8159942626953 0.800000011920929
v 210.78900146484375 70.2822036743164 186.1929931640625
v 205.39300537109375 70.61859893798828 187.09100341796875
v 209.85800170898438 72.25569915771484 192.10899353027344
v 213.7469940185547 68.82430267333984 179.8260040283203
v 28.681299209594727 244.8260040283203 0.800000011920929
v 28.288299560546875 243.50999450683594 4.054269790649414
v 28.953899383544922 245.45399475097656 2.2577500343322754
v 371.4419860839844 245.6510009765625 2.8668699264526367
v 370.8080139160156 245.78900146484375 0.7551789879798889
v 371.4930114746094 245.58200073242188 0.800000011920929
v 29.659000396728516 246.89199829101562 2.46016001701355
v 29.538400650024414 246.63900756835938 0.800000011920929
v 30.151399612426758 247.43099975585938 0.4385150074958801
v 30.295299530029297 248.15199279785156 0.800000011920929
v 30.378299713134766 248.59800720214844 0.800000011920929
v 77.00340270996094 96.73490142822266 130.69000244140625
v 75.46399688720703 98.36840057373047 126
v 72.63680267333984 101.86599731445312 126.46199798583984
v 75.06780242919922 98.62319946289062 121.60600280761719
v 31.06060028076172 249.9250030517578 0.800000011920929
v 31.85919952392578 251.22999572753906 0.800000011920929
v 32.03950119018555 251.03799438476562 3.9575700759887695
v 364.4100036621094 250.64300537109375 0.800000011920929
v 363.6180114746094 251.64999389648438 3.5313398838043213
v 363.5220031738281 251.33399963378906 0.800000011920929
v 365.0169982910156 250.7969970703125 2.6773200035095215
v 365.4079895019531 250.2949981689453 0.800000011920929
v 365.95001220703125 250.2969970703125 0.800000011920929
v 362.2950134277344 252.63099670410156 2.1614201068878174
v 32.695701599121094 252.85299682617188 1.1575599908828735
v 33.17399978637695 253.1790008544922 3.9591400623321533
v 175.4219970703125 280.9809875488281 178.96499633789062
v 180.35699462890625 280.9339904785156 182.37100219726562
v 171.04100036621094 281.364990234375 184.27099609375
v 179.70599365234375 280.4429931640625 175.75399780273438
v 32.903499603271484 253.41099548339844 0.800000011920929
v 39.32590103149414 216.947998046875 39.69490051269531
v 42.9296989440918 219.29200744628906 37.97269821166992
v 34.332298278808594 254.87100219726562 3.1289000511169434
v 34.68239974975586 255.13499450683594 0.6492210030555725
v 35.065101623535156 255.9929962158203 0.800000011920929
v 35.363399505615234 255.6009979248047 5.480219841003418
v 35.79460144042969 256.8389892578125 2.7367498874664307
v 35.65629959106445 256.6990051269531 0.800000011920929
v 210.06500244140625 282.2919921875 12.048100471496582
v 213.86300659179688 282.614990234375 7.413879871368408
v 216.61300659179688 281.1289978027344 12.689200401306152
v 211.0290069580078 283.2980041503906 4.990729808807373
v 36.39039993286133 257.4739990234375 0.9036949872970581
v 37.12649917602539 258.1820068359375 3.4255099296569824
v 354.0530090332031 258.2130126953125 0.800000011920929
v 355.13299560546875 257.4280090332031 0.800000011920929
v 355.4519958496094 257.5929870605469 3.690959930419922
v 356.35101318359375 257.0820007324219 0.800000011920929
v 37.959598541259766 259.0350036621094 0.800000011920929
v 37.2130012512207 258.24200439453125 0.7930989861488342
v 38.59629821777344 259.63299560546875 3.8824400901794434
v 38.74100112915039 259.864013671875 0.800000011920929
v 39.04499816894531 260.322998046875 0.800000011920929
v 349.9859924316406 259.52899169921875 3.3207600116729736
v 348.9129943847656 259.21600341796875 0.800000011920929
v 349.8909912109375 259.0509948730469 0.800000011920929
v 351.14801025390625 259.2409973144531 0.800000011920929
v 55.375999450683594 244.80099487304688 197.60000610351562
v 56.030601501464844 244.72900390625 194.4459991455078
v 56.04719924926758 246.37100219726562 197.60000610351562
v 55.275299072265625 241.8090057373047 192.38800048828125
v 41.265899658203125 262.3590087890625 2.509999990463257
v 40.433998107910156 261.4670104980469 1.060789942741394
v 41.12310028076172 262.1919860839844 0.49056199193000793
v 344.3890075683594 261.4949951171875 2.4519100189208984
v 342.72100830078125 261.5419921875 0.800000011920929
v 343.62298583984375 261.2250061035156 0.800000011920929
v 91.8147964477539 277.4849853515625 81.42169952392578
v 96.1759033203125 278.1130065917969 76.42849731445312
v 100.3499984741211 277.9079895019531 86.21099853515625
v 90.9448013305664 277.1619873046875 73.15270233154297
v 344.2650146484375 261.3349914550781 0.800000011920929
v 42.667301177978516 263.5260009765625 3.0229499340057373
v 41.85689926147461 262.94500732421875 0.7475230097770691
v 42.73749923706055 263.68499755859375 0.9643639922142029
v 339.42498779296875 263.75799560546875 2.8355801105499268
v 339.3810119628906 263.1610107421875 0.7342640161514282
v 340.36199951171875 262.8890075683594 0.800000011920929
v 340.9700012207031 263.1629943847656 3.9049999713897705
v 341.2139892578125 262.8160095214844 0.800000011920929
v 196.2949981689453 277.6759948730469 167.34800720214844
v 201.375 277.7980041503906 165.58999633789062
v 198.1739959716797 279.2090148925781 171.9239959716797
v 196.63499450683594 278.1029968261719 159.96200561523438
v 161.6199951171875 280.49798583984375 185.7969970703125
v 161.0469970703125 281.81500244140625 190.3820037841797
v 157.99099731445312 280.4779968261719 187.3260040283203
v 164.95700073242188 280.7900085449219 184.94900512695312
v 327.8819885253906 113.63899993896484 36.91339874267578
v 326.5169982910156 112.14900207519531 37.23780059814453
v 331.7720031738281 113.10199737548828 42.015201568603516
v 323.4649963378906 112.7770004272461 33.620399475097656
v 336.4630126953125 264.5350036621094 0.800000011920929
v 336.3599853515625 265.2139892578125 3.541559934616089
v 335.62701416015625 265.15301513671875 0.9424470067024231
v 337.72198486328125 264.4930114746094 2.58420991897583
v 337.12200927734375 264.4419860839844 0.800000011920929
v 44.94919967651367 265.14300537109375 0.800000011920929
v 45.909400939941406 265.4949951171875 0.800000011920929
v 46.18199920654297 265.6669921875 3.893739938735962
v 47.56949996948242 266.531005859375 2.671880006790161
v 46.63100051879883 265.98199462890625 0.800000011920929
v 55.74580001831055 143.4459991455078 5.034749984741211
v 57.74369812011719 143.06500244140625 8.641070365905762
v 334.73199462890625 265.9930114746094 2.7068400382995605
v 334.7510070800781 265.4549865722656 0.5224390029907227
v 47.342899322509766 266.24700927734375 0.800000011920929
v 48.112300872802734 266.9259948730469 0.800000011920929
v 250.0970001220703 94.16950225830078 6.4123101234436035
v 245.13099670410156 93.30670166015625 7.598340034484863
v 330.85198974609375 267.2929992675781 0.800000011920929
v 331.7309875488281 266.73699951171875 0.800000011920929
v 332.5849914550781 266.8500061035156 3.2737600803375244
v 332.5039978027344 266.7560119628906 0.800000011920929
v 325.9419860839844 268.3599853515625 3.262470006942749
v 326.0660095214844 267.84100341796875 0.800000011920929
v 327.0429992675781 267.6669921875 0.800000011920929
v 328.01800537109375 267.9010009765625 4.499969959259033
v 327.9649963378906 267.60400390625 0.800000011920929
v 329.0119934082031 267.85101318359375 0.800000011920929
v 50.50979995727539 268.0799865722656 0.800000011920929
v 51.04779815673828 268.3070068359375 0.800000011920929
v 52.077701568603516 268.72198486328125 3.023560047149658
v 51.90679931640625 268.4880065917969 0.800000011920929
v 273.16900634765625 96.67630004882812 18.973899841308594
v 271.4859924316406 94.82099914550781 22.194000244140625
v 274.1960144042969 93.60340118408203 27.078500747680664
v 267.4129943847656 95.24659729003906 18.35810089111328
v 52.87990188598633 269.1400146484375 0.800000011920929
v 54.443199157714844 269.64300537109375 3.38358998298645
v 321.260986328125 269.0039978027344 3.5364298820495605
v 320.718994140625 268.5989990234375 0.5812069773674011
v 321.59100341796875 268.4630126953125 0.800000011920929
v 322.6929931640625 268.7879943847656 0.800000011920929
v 322.8800048828125 268.74798583984375 0.800000011920929
v 323.1300048828125 268.41400146484375 0.800000011920929
v 323.9639892578125 268.7380065917969 2.652329921722412
v 323.9440002441406 268.4169921875 0.800000011920929
v 324.781005859375 268.67999267578125 0.800000011920929
v 53.924198150634766 269.5830078125 0.800000011920929
v 282.7720031738281 273.885009765625 168.8000030517578
v 282.9230041503906 273.8089904785156 180.3179931640625
v 274.4750061035156 275.4230041503906 179.48199462890625
v 291.364013671875 272.0159912109375 173.43099975585938
v 361.89898681640625 199.9980010986328 29.33489990234375
v 360.3330078125 199.2030029296875 30.913400650024414
v 365.6390075683594 202.35400390625 27.129100799560547
v 54.755699157714844 269.74700927734375 0.800000011920929
v 55.68510055541992 269.9530029296875 0.800000011920929
v 57.16450119018555 270.6570129394531 0.800000011920929
v 311.2820129394531 270.9020080566406 0.3390919864177704
v 312.1400146484375 270.8450012207031 0.800000011920929
v 311.6189880371094 271.4389953613281 2.560770034790039
v 312.8399963378906 271.21600341796875 0.800000011920929
v 60.862701416015625 271.9110107421875 0.800000011920929
v 61.28670120239258 271.69000244140625 0.800000011920929
v 61.59600067138672 272.12799072265625 2.488719940185547
v 62.02690124511719 272.1780090332031 0.800000011920929
v 62.653900146484375 272.4949951171875 0.800000011920929
v 309.0350036621094 271.8500061035156 0.800000011920929
v 309.7130126953125 271.5270080566406 0.800000011920929
v 309.3840026855469 271.90399169921875 3.550920009613037
v 310.5870056152344 271.3900146484375 0.9090480208396912
v 61.7317008972168 256.24798583984375 42.92319869995117
v 64.44139862060547 260.7279968261719 42.07749938964844
v 65.73179626464844 258.58099365234375 44.562801361083984
v 58.44269943237305 260.0140075683594 39.06760025024414
v 348.875 153.61300659179688 14.603599548339844
v 345.0780029296875 150.49200439453125 20.59910011291504
v 347.29998779296875 154.7050018310547 21.061800003051758
v 345.6570129394531 148.5030059814453 14.553400039672852
v 302.77801513671875 272.5 0.800000011920929
v 302.65301513671875 273.10101318359375 2.41621994972229
v 302.0190124511719 272.8590087890625 0.800000011920929
v 304.3590087890625 272.63800048828125 0.800000011920929
v 329.5119934082031 263.8689880371094 106.72599792480469
v 332.9110107421875 260.04998779296875 114.0780029296875
v 328.9630126953125 263.2860107421875 113.30000305175781
v 334.6029968261719 260.25299072265625 106.9489974975586
v 297.2900085449219 273.30499267578125 0.800000011920929
v 297.4150085449219 274.09600830078125 3.1288700103759766
v 296.64300537109375 273.7409973144531 0.800000011920929
v 298.1629943847656 273.6440124511719 1.6365400552749634
v 300.2749938964844 273.4630126953125 0.800000011920929
v 300.4840087890625 273.0920104980469 0.800000011920929
v 301.3349914550781 273.39801025390625 2.41729998588562
v 301.3630065917969 273.0450134277344 0.800000011920929
v 67.59709930419922 273.8269958496094 2.9007599353790283
v 68.19300079345703 273.76800537109375 0.800000011920929
v 68.96759796142578 274.156005859375 1.921589970588684
v 69.88680267333984 274.2170104980469 0.800000011920929
v 70.47319793701172 273.8940124511719 0.800000011920929
v 71.1509017944336 274.36700439453125 2.71205997467041
v 71.33149719238281 273.9049987792969 0.800000011920929
v 72.21040344238281 274.3349914550781 0.800000011920929
v 366.0639953613281 180.875 12.942099571228027
v 363.14898681640625 175.42599487304688 12.204099655151367
v 360.8710021972656 176.625 18.063899993896484
v 367.0530090332031 178.64500427246094 7.3926100730896
v 362.6809997558594 235.61000061035156 32.15010070800781
v 360.39300537109375 240.3300018310547 32.306800842285156
v 361.5780029296875 241.3209991455078 30.816600799560547
v 359.322998046875 236.781005859375 33.969600677490234
v 296.2950134277344 274.25299072265625 0.800000011920929
v 73.71240234375 274.9549865722656 2.7327001094818115
v 73.75749969482422 274.6130065917969 0.800000011920929
v 74.37229919433594 275.1310119628906 0.800000011920929
v 290.77899169921875 275.0220031738281 0.800000011920929
v 291.0459899902344 274.6730041503906 0.800000011920929
v 291.6759948730469 275.0639953613281 2.466249942779541
v 291.86700439453125 274.6709899902344 0.800000011920929
v 293.1709899902344 274.9230041503906 0.800000011920929
v 237.2050018310547 89.16320037841797 18.502500534057617
v 230.2239990234375 90.59100341796875 11.484999656677246
v 226.2779998779297 87.7240982055664 20.00469970703125
v 235.53700256347656 91.7698974609375 8.248950004577637
v 74.74019622802734 275.5589904785156 3.64421010017395
v 75.25019836425781 275.40301513671875 0.800000011920929
v 76.14710235595703 276.0799865722656 0.800000011920929
v 279.1809997558594 276.1679992675781 0.800000011920929
v 280.0849914550781 275.51800537109375 0.800000011920929
v 280.68499755859375 275.9429931640625 2.607680082321167
v 280.9469909667969 275.4670104980469 0.800000011920929
v 281.6940002441406 275.8559875488281 0.800000011920929
v 51.53620147705078 151.82000732421875 8.135040283203125
v 48.45240020751953 156.31199645996094 7.199349880218506
v 50.302799224853516 156.4040069580078 10.971099853515625
v 170.16200256347656 285.7149963378906 6.157649993896484
v 169.16900634765625 285.89599609375 0.800000011920929
v 170.73800659179688 285.9209899902344 0.800000011920929
v 77.34140014648438 276.5400085449219 0.800000011920929
v 78.3750991821289 276.41400146484375 0.800000011920929
v 78.59950256347656 277.072998046875 4.04817008972168
v 79.34989929199219 276.9939880371094 0.800000011920929
v 80.13739776611328 277.52899169921875 4.032159805297852
v 80.66400146484375 277.2340087890625 0.800000011920929
v 82.20349884033203 278.00799560546875 3.8843801021575928
v 82.3145980834961 277.7460021972656 1.0785399675369263
v 82.88130187988281 278.1289978027344 2.075589895248413
v 83.08319854736328 277.7980041503906 0.800000011920929
v 83.8281021118164 278.2669982910156 2.6146199703216553
v 83.86820220947266 277.82598876953125 0.800000011920929
v 84.35150146484375 278.2200012207031 0.800000011920929
v 272.4750061035156 278.1579895019531 2.499880075454712
v 272.21099853515625 277.95098876953125 0.5470460057258606
v 273.0679931640625 277.6889953613281 0.800000011920929
v 273.7279968261719 277.6839904785156 4.026820182800293
v 273.6659851074219 277.6860046386719 0.800000011920929
v 86.11530303955078 278.5899963378906 0.800000011920929
v 87.07129669189453 278.62701416015625 0.800000011920929
v 86.80069732666016 278.91400146484375 3.383699893951416
v 87.9302978515625 279.0379943847656 2.5610098838806152
v 87.86309814453125 278.6340026855469 0.800000011920929
v 88.91539764404297 279.2179870605469 2.1225500106811523
v 268.9410095214844 279.03399658203125 3.434459924697876
v 268.32598876953125 278.7699890136719 0.6162400245666504
v 269.260986328125 278.61700439453125 0.800000011920929
v 270.16900634765625 278.9630126953125 0.800000011920929
v 292.9049987792969 271.3810119628906 163.5019989013672
v 297.4739990234375 270.5559997558594 171.94200134277344
v 299.9389953613281 269.40301513671875 163.4429931640625
v 91.42269897460938 279.6610107421875 0.800000011920929
v 92.3812026977539 279.4989929199219 0.800000011920929
v 91.427001953125 279.7690124511719 3.3582301139831543
v 93.1447982788086 279.989013671875 0.800000011920929
v 93.88289642333984 280.3590087890625 3.299730062484741
v 273.8349914550781 71.56700134277344 82.63200378417969
v 265.4010009765625 71.68099975585938 80.5873031616211
v 271.1990051269531 69.13710021972656 88.76840209960938
v 266.11199951171875 73.86759948730469 73.84310150146484
v 266.1390075683594 279.82000732421875 2.451319932937622
v 265.9100036621094 279.48199462890625 0.560342013835907
v 266.83099365234375 279.3599853515625 0.800000011920929
v 267.6319885253906 279.4209899902344 1.9218900203704834
v 362.5929870605469 148.24899291992188 132.86599731445312
v 359.5799865722656 140.8419952392578 138.0019989013672
v 362.239990234375 149.60299682617188 143.08599853515625
v 360.1629943847656 141.2449951171875 131.40499877929688
v 93.99610137939453 280.11199951171875 0.800000011920929
v 94.5905990600586 280.4880065917969 1.420989990234375
v 76.27760314941406 257.2449951171875 168.66700744628906
v 74.19760131835938 259.1730041503906 176.2209930419922
v 70.71399688720703 254.572998046875 175.0780029296875
v 79.64330291748047 259.5400085449219 167.2740020751953
v 264.8160095214844 97.03040313720703 8.055930137634277
v 267.39300537109375 97.3927993774414 4.382430076599121
v 262.61700439453125 96.2968978881836 4.087309837341309
v 97.07240295410156 280.7539978027344 0.8443599939346313
v 97.9552001953125 280.9070129394531 0.800000011920929
v 97.3280029296875 281.09600830078125 2.756959915161133
v 99.46399688720703 281.5459899902344 1.5838600397109985
v 217.44900512695312 281.156005859375 0.800000011920929
v 217.05799865722656 281.9679870605469 2.550529956817627
v 216.6580047607422 281.7640075683594 0.48301100730895996
v 218.23699951171875 281.37799072265625 2.4782700538635254
v 218.35499572753906 280.9389953613281 0.800000011920929
v 218.86700439453125 281.17498779296875 1.749500036239624
v 219.177001953125 280.802001953125 0.800000011920929
v 219.37600708007812 281.10400390625 2.6912600994110107
v 219.7209930419922 280.87298583984375 0.800000011920929
v 220.60499572753906 281.093994140625 3.9104199409484863
v 220.78700256347656 280.8890075683594 0.8974959850311279
v 221.5330047607422 281.34698486328125 1.575700044631958
v 239.3679962158203 281.10699462890625 0.800000011920929
v 239.4199981689453 281.70599365234375 3.023020029067993
v 238.67100524902344 281.5400085449219 0.800000011920929
v 240.40899658203125 281.4469909667969 2.1870899200439453
v 198.822998046875 64.39649963378906 132.0749969482422
v 189.39700317382812 63.45600128173828 131.55799865722656
v 193.51499938964844 63.763999938964844 134.24099731445312
v 198.17599487304688 65.20850372314453 120.28600311279297
v 198.46299743652344 279.58599853515625 38.80939865112305
v 202.9709930419922 278.1610107421875 47.704200744628906
v 194.2169952392578 279.7439880371094 45.815399169921875
v 204.63499450683594 278.6199951171875 36.9650993347168
v 253.36599731445312 281.6180114746094 0.800000011920929
v 254.19000244140625 280.99700927734375 0.800000011920929
v 254.5050048828125 281.29901123046875 2.781399965286255
v 255.18099975585938 280.9289855957031 0.800000011920929
v 256.9110107421875 281.09600830078125 2.7700300216674805
v 256.0429992675781 280.9169921875 0.800000011920929
v 256.9599914550781 281.18701171875 0.800000011920929
v 193.8679962158203 283.1319885253906 19.246599197387695
v 188.85000610351562 282.65899658203125 26.672000885009766
v 187.08399963378906 283.68701171875 20.30150032043457
v 194.82699584960938 281.4079895019531 29.712600708007812
v 222.2550048828125 281.59698486328125 3.5258901119232178
v 222.32899475097656 281.5899963378906 0.9748470187187195
v 223.03399658203125 281.9739990234375 0.800000011920929
v 238.19000244140625 282.0400085449219 0.800000011920929
v 242.49400329589844 281.5409851074219 5.0975799560546875
v 243.24600219726562 281.5669860839844 0.800000011920929
v 244.1300048828125 281.9110107421875 2.5854499340057373
v 244.17599487304688 281.68798828125 0.800000011920929
v 245.28199768066406 282.05999755859375 2.2920498847961426
v 249.20199584960938 282.0369873046875 0.800000011920929
v 250.3300018310547 281.7099914550781 0.800000011920929
v 250.75399780273438 282.0159912109375 2.705620050430298
v 251.20700073242188 281.70599365234375 0.800000011920929
v 252.10800170898438 281.9289855957031 1.5237900018692017
v 380.9880065917969 219.93899536132812 5.210989952087402
v 369.64801025390625 177.33099365234375 65.67320251464844
v 367.8900146484375 172.927001953125 59.333900451660156
v 369.78399658203125 174.03500366210938 69.46289825439453
v 367.2650146484375 178.79100036621094 52.906700134277344
v 105 282.79901123046875 0.800000011920929
v 106.49400329589844 282.64300537109375 0.800000011920929
v 106.22599792480469 283.0450134277344 3.2938899993896484
v 107.8740005493164 283.2489929199219 0.800000011920929
v 109.57099914550781 283.6520080566406 5.409369945526123
v 56.960899353027344 248.05599975585938 42.739601135253906
v 58.54059982299805 249.4499969482422 44.877899169921875
v 56.85070037841797 247.45799255371094 45.95050048828125
v 57.25680160522461 251.2169952392578 41.6703987121582
v 215.1999969482422 283.02801513671875 0.800000011920929
v 215.9429931640625 282.4169921875 0.800000011920929
v 216.00599670410156 282.6700134277344 2.4391698837280273
v 216.51600646972656 282.3810119628906 1.1259499788284302
v 232.43800354003906 282.63800048828125 0.800000011920929
v 232.7429962158203 283.0220031738281 3.6931800842285156
v 231.58900451660156 283.1319885253906 0.800000011920929
v 233.56500244140625 282.8789978027344 0.800000011920929
v 65.53569793701172 244.81700134277344 117.85299682617188
v 69.36949920654297 250.2010040283203 119.11199951171875
v 70.10160064697266 246.49200439453125 125.65499877929688
v 65.89520263671875 249.17599487304688 113.86100006103516
v 110.53900146484375 283.97900390625 3.067970037460327
v 108.40499877929688 283.2860107421875 0.800000011920929
v 109.79100036621094 283.7690124511719 0.800000011920929
v 350.50299072265625 162.218994140625 25.44729995727539
v 349.60198974609375 158.15899658203125 27.174100875854492
v 351.3559875488281 161.24000549316406 30.074399948120117
v 349.36199951171875 158.468994140625 20.412399291992188
v 318.7130126953125 101.6780014038086 43.362998962402344
v 313.5840148925781 103.10700225830078 37.20069885253906
v 314.65899658203125 97.77989959716797 46.00199890136719
v 319.1919860839844 107.19000244140625 36.37779998779297
v 201.53799438476562 284.3450012207031 0.800000011920929
v 200.5540008544922 284.4639892578125 0.800000011920929
v 202.5240020751953 284.03900146484375 0.800000011920929
v 204.11300659179688 283.3970031738281 0.4623880088329315
v 205.03700256347656 283.32598876953125 0.800000011920929
v 205.91799926757812 283.26800537109375 0.800000011920929
v 206.57000732421875 283.5979919433594 0.800000011920929
v 282.64898681640625 91.46620178222656 37.613800048828125
v 286.4750061035156 89.29080200195312 44.26369857788086
v 289.25201416015625 91.23179626464844 41.77299880981445
v 283.35101318359375 87.10079956054688 47.02239990234375
v 211.01300048828125 283.3590087890625 1.0538500547409058
v 212.06700134277344 283.2349853515625 0.800000011920929
v 212.7949981689453 283.42401123046875 2.4410901069641113
v 212.7969970703125 283.20599365234375 0.800000011920929
v 303.8970031738281 91.99919891357422 48.58420181274414
v 307.22198486328125 90.63710021972656 52.426700592041016
v 315.05499267578125 94.48390197753906 51.44340133666992
v 298.7929992675781 87.68689727783203 53.34389877319336
v 213.5970001220703 283.2030029296875 0.800000011920929
v 214.58099365234375 283.0780029296875 3.3484199047088623
v 214.4550018310547 283.04901123046875 0.800000011920929
v 26.552499771118164 204.68600463867188 6.16457986831665
v 25.466899871826172 207.05799865722656 0.800000011920929
v 49.00279998779297 204.1820068359375 121.8479995727539
v 227.58700561523438 283.2120056152344 0.800000011920929
v 228.45599365234375 283.2650146484375 0.800000011920929
v 228.45899963378906 283.12701416015625 4.192470073699951
v 229.31399536132812 283.4880065917969 2.459739923477173
v 229.41299438476562 283.2539978027344 0.800000011920929
v 230.72999572753906 283.4309997558594 2.3463199138641357
v 350.3070068359375 235.23199462890625 114.0770034790039
v 353.260009765625 230.1580047607422 114.47899627685547
v 352.11700439453125 230.21600341796875 117.7979965209961
v 352.12799072265625 236.58900451660156 106.81999969482422
v 307.9590148925781 102.10900115966797 34.15010070800781
v 308.8290100097656 98.91940307617188 39.820499420166016
v 310.17498779296875 106.33899688720703 29.89109992980957
v 183.91700744628906 284.6579895019531 3.3741400241851807
v 183.8159942626953 284.2309875488281 0.7647479772567749
v 184.65699768066406 284.1029968261719 0.800000011920929
v 185.45199584960938 284.4419860839844 0.800000011920929
v 186.9739990234375 284.3949890136719 0.800000011920929
v 187.90699768066406 284.010986328125 0.800000011920929
v 189.42799377441406 284.218994140625 4.456759929656982
v 188.8000030517578 283.84698486328125 0.800000011920929
v 189.94500732421875 283.9519958496094 0.800000011920929
v 192.31700134277344 284.17401123046875 3.470400094985962
v 192.5500030517578 283.9590148925781 0.8468909859657288
v 193.94900512695312 284.4100036621094 0.800000011920929
v 316.3599853515625 116.14399719238281 23.267499923706055
v 312.4309997558594 112.12200164794922 24.366600036621094
v 318.9330139160156 114.77999877929688 27.211700439453125
v 315.0270080566406 116.93900299072266 20.211599349975586
v 305.6090087890625 271.6820068359375 82.65370178222656
v 306.0679931640625 271.4729919433594 79.86199951171875
v 305.2760009765625 272.4049987792969 86.65740203857422
v 134.11900329589844 280.81298828125 157.927001953125
v 138.4239959716797 281.35198974609375 168.32899475097656
v 126.24700164794922 279.510986328125 167.08399963378906
v 145.9550018310547 282.3070068359375 168.15899658203125
v 203.38900756835938 283.8840026855469 0.823360025882721
v 53.700401306152344 145.42999267578125 33.141300201416016
v 51.49089813232422 143.8560028076172 42.0443000793457
v 58.29439926147461 138.56100463867188 32.01689910888672
v 113.73100280761719 284.5690002441406 3.3176701068878174
v 115.1510009765625 284.7279968261719 0.719327986240387
v 115.49299621582031 284.9339904785156 2.628659963607788
v 115.88400268554688 284.8030090332031 0.800000011920929
v 116.48799896240234 285.1600036621094 0.800000011920929
v 363.6780090332031 168.64700317382812 193.9239959716797
v 362.6610107421875 163.51199340820312 187.08099365234375
v 362.9209899902344 165.72999572753906 197.60000610351562
v 363.489013671875 168.14100646972656 185.55599975585938
v 139.3280029296875 285.05499267578125 0.800000011920929
v 139.76199340820312 285.4849853515625 4.92057991027832
v 138.14599609375 285.55499267578125 0.800000011920929
v 140.93600463867188 285.531005859375 2.5974299907684326
v 140.28799438476562 285.03399658203125 0.800000011920929
v 140.4980010986328 285.4320068359375 0.876941978931427
v 155.6929931640625 285.22601318359375 2.0104000568389893
v 155.8489990234375 284.8380126953125 0.800000011920929
v 157.3159942626953 285.2239990234375 2.4006400108337402
v 156.58399963378906 284.7760009765625 0.800000011920929
v 367.01800537109375 166.6540069580078 128.64999389648438
v 365.1610107421875 158.22500610351562 133.01400756835938
v 365.29998779296875 162.04200744628906 140.98300170898438
v 366.2340087890625 161.06500244140625 127.13300323486328
v 157.35899353027344 284.8450012207031 0.800000011920929
v 158.3000030517578 285.2250061035156 1.9639699459075928
v 181.5489959716797 285.4840087890625 0.800000011920929
v 182.2469940185547 284.885009765625 0.800000011920929
v 182.0399932861328 285.2690124511719 2.7558600902557373
v 183.11300659179688 284.66900634765625 0.800000011920929
v 327.07598876953125 92.40299987792969 66.77079772949219
v 323.8919982910156 93.83789825439453 59.895301818847656
v 319.8169860839844 89.8373031616211 62.603599548339844
v 326.97900390625 95.63030242919922 60.27830123901367
v 183.55999755859375 284.7929992675781 1.9511899948120117
v 121.61299896240234 285.8240051269531 0.800000011920929
v 122.0979995727539 285.6099853515625 0.800000011920929
v 123.12100219726562 285.9209899902344 2.4987499713897705
v 122.92500305175781 285.6130065917969 0.800000011920929
v 123.46800231933594 285.9440002441406 0.800000011920929
v 130.76300048828125 285.9129943847656 3.6354799270629883
v 129.3350067138672 285.5870056152344 0.800000011920929
v 130.18800354003906 285.6300048828125 0.800000011920929
v 131.5 285.9360046386719 0.800000011920929
v 132.3260040283203 285.6310119628906 0.800000011920929
v 133.18499755859375 285.97100830078125 3.541980028152466
v 133.2449951171875 285.63299560546875 0.800000011920929
v 134.2050018310547 285.989013671875 2.663100004196167
v 133.9709930419922 285.6289978027344 0.800000011920929
v 134.7220001220703 285.97698974609375 0.800000011920929
v 244.75 279.2099914550781 27.194400787353516
v 252.76699829101562 278.2279968261719 32.84349822998047
v 245.9510040283203 277.96600341796875 43.87310028076172
v 250.1750030517578 280.1369934082031 16.777999877929688
v 140.94700622558594 285.5090026855469 0.7307699918746948
v 142.07400512695312 285.8999938964844 2.2732601165771484
v 142.3820037841797 285.9649963378906 0.800000011920929
v 142.5469970703125 285.625 0.800000011920929
v 143.33399963378906 286.0060119628906 2.6963000297546387
v 143.2949981689453 285.6199951171875 0.800000011920929
v 143.9040069580078 285.9830017089844 1.5164899826049805
v 147.47500610351562 285.89801025390625 0.800000011920929
v 148.56900024414062 285.59100341796875 0.800000011920929
v 149.0959930419922 285.8039855957031 2.8046700954437256
v 149.48199462890625 285.44000244140625 0.800000011920929
v 150.24099731445312 285.5480041503906 2.2778799533843994
v 336.6610107421875 251.48500061035156 129.468994140625
v 336.4540100097656 254.322998046875 120.55799865722656
v 338.95001220703125 249.49099731445312 125.19400024414062
v 333.1860046386719 258.24700927734375 119.86399841308594
v 108.86100006103516 75.3949966430664 183.8260040283203
v 107.4469985961914 75.7927017211914 178.96600341796875
v 107.37799835205078 76.97699737548828 189.1179962158203
v 115.125 72.60240173339844 182.39700317382812
v 61.81650161743164 115.76000213623047 109.6520004272461
v 62.3656005859375 113.96299743652344 101.61599731445312
v 60.488399505615234 116.87999725341797 101.0780029296875
v 64.65010070800781 111.25900268554688 107.97200012207031
v 90.73729705810547 79.69619750976562 118.43800354003906
v 84.3291015625 86.70050048828125 117.4020004272461
v 85.13790130615234 86.63680267333984 124.87000274658203
v 87.28109741210938 82.90889739990234 110.56700134277344
v 333.77398681640625 252.7729949951172 164.66200256347656
v 337.00799560546875 248.75399780273438 157.26800537109375
v 339.0119934082031 247.93699645996094 166.4239959716797
v 328.6570129394531 255.81300354003906 155.30099487304688
v 352.5350036621094 166.7010040283203 24.551000595092773
v 352.46600341796875 164.63999938964844 30.25480079650879
v 352.91400146484375 168.58999633789062 27.214599609375
v 170.97500610351562 90.17140197753906 0.800000011920929
v 171.9010009765625 90.00279998779297 2.400820016860962
v 171.6840057373047 90.16429901123047 0.800000011920929
v 172.35800170898438 90.1498031616211 0.800000011920929
v 173.03700256347656 90.154296875 0.800000011920929
v 173.64100646972656 90.10669708251953 0.800000011920929
v 172.9720001220703 89.79170227050781 4.058430194854736
v 33.30609893798828 211.21099853515625 71.20850372314453
v 35.198299407958984 213.40699768066406 78.1636962890625
v 31.929800033569336 204.53900146484375 66.1238021850586
v 61.113399505615234 239.11700439453125 115.11000061035156
v 65.51020050048828 241.09300231933594 122.14700317382812
v 63.37120056152344 236.9340057373047 122.4739990234375
v 63.04330062866211 244.66400146484375 113.27799987792969
v 74.10749816894531 101.03399658203125 68.59410095214844
v 73.62870025634766 99.50509643554688 75.95379638671875
v 75.23709869384766 97.78479766845703 75.83920288085938
v 71.93389892578125 103.0250015258789 69.70230102539062
v 43.71770095825195 207.11199951171875 102.21900177001953
v 48.179901123046875 213.76300048828125 110.08499908447266
v 41.206199645996094 204.0919952392578 96.5385971069336
v 155.29600524902344 89.86579895019531 5.867249965667725
v 156.06300354003906 90.79620361328125 0.800000011920929
v 53.31010055541992 236.76600646972656 191.9709930419922
v 53.459598541259766 231.01699829101562 183.1719970703125
v 54.62590026855469 237.9250030517578 189.1929931640625
v 51.568199157714844 232.5 192.61199951171875
v 187.427001953125 90.91470336914062 4.168980121612549
v 185.07699584960938 90.29940032958984 4.671710014343262
v 187.08700561523438 89.46820068359375 9.174280166625977
v 185.7570037841797 90.94819641113281 0.800000011920929
v 157.375 90.91239929199219 0.800000011920929
v 158.27999877929688 90.206298828125 4.700419902801514
v 202.44700622558594 95.07679748535156 6.944759845733643
v 201.06700134277344 95.5969009399414 3.82423996925354
v 31.57819938659668 202.88699340820312 46.39419937133789
v 31.175399780273438 205.3679962158203 55.6682014465332
v 30.644399642944336 201.46800231933594 51.81999969482422
v 32.29180145263672 209.5189971923828 45.14289855957031
v 71.49620056152344 118.47899627685547 35.309200286865234
v 74.24199676513672 118.47200012207031 30.465499877929688
v 71.08049774169922 121.4260025024414 31.520999908447266
v 74.76820373535156 115.28199768066406 34.52939987182617
v 183.6649932861328 90.81680297851562 1.8495899438858032
v 182.4320068359375 90.72579956054688 1.6909300088882446
v 182.60400390625 90.12319946289062 4.435219764709473
v 184.49099731445312 90.91429901123047 0.800000011920929
v 344.1319885253906 139.95599365234375 32.31529998779297
v 347.9590148925781 140.14700317382812 37.56610107421875
v 348.7330017089844 142.63299560546875 36.96269989013672
v 344.31298828125 135.0449981689453 36.12799835205078
v 209.1959991455078 91.0083999633789 0.800000011920929
v 36.34640121459961 189.2760009765625 35.66559982299805
v 38.60089874267578 193.51499938964844 32.47019958496094
v 35.88959884643555 192.39500427246094 35.774600982666016
v 38.81639862060547 186.52099609375 32.420799255371094
v 231.01800537109375 283.02801513671875 5.690269947052002
v 232.37100219726562 281.68499755859375 10.515399932861328
v 40.21860122680664 198.33399963378906 31.072200775146484
v 37.08760070800781 197.38099670410156 34.61989974975586
v 41.0984001159668 196.33099365234375 29.073999404907227
v 212.177001953125 90.98699951171875 0.800000011920929
v 211.24400329589844 90.99590301513672 0.800000011920929
v 211.67999267578125 90.9833984375 3.431770086288452
v 51.82109832763672 246.93699645996094 48.23059844970703
v 54.36050033569336 246.21600341796875 46.82630157470703
v 55.147098541259766 250.75100708007812 48.850799560546875
v 51.850101470947266 243.67300415039062 46.27299880981445
v 363.84600830078125 200.28199768066406 195.5229949951172
v 364.2120056152344 198.0449981689453 197.60000610351562
v 363.86700439453125 199.56900024414062 197.60000610351562
v 51.53139877319336 207.2480010986328 131.38800048828125
v 52.10960006713867 210.86500549316406 146.2480010986328
v 51.08409881591797 205.322998046875 140.25100708007812
v 53.62009811401367 213.01499938964844 139.52000427246094
v 205.85299682617188 91.88459777832031 0.800000011920929
v 217.5399932861328 91.37069702148438 0.800000011920929
v 217.6490020751953 91.243896484375 3.91513991355896
v 29.40880012512207 237.65199279785156 15.060500144958496
v 32.16490173339844 242.875 17.602500915527344
v 30.684799194335938 235.6199951171875 19.156099319458008
v 30.20709991455078 242.83900451660156 12.245100021362305
v 73.24710083007812 257.09100341796875 118.09600067138672
v 71.34760284423828 259.0360107421875 111.66400146484375
v 78.2656021118164 263.0530090332031 119.62799835205078
v 69.18260192871094 253.4669952392578 115.02200317382812
v 221.50999450683594 91.69239807128906 0.800000011920929
v 220.42100524902344 91.1947021484375 6.381229877471924
v 222.83900451660156 91.7041015625 0.800000011920929
v 224.06900024414062 91.52780151367188 3.450429916381836
v 224.70599365234375 91.72460174560547 0.800000011920929
v 223.7689971923828 91.74579620361328 0.800000011920929
v 124.46199798583984 60.79859924316406 117.8280029296875
v 119.28500366210938 62.525299072265625 113.31900024414062
v 120.19400024414062 61.51210021972656 130.97900390625
v 124.4260025024414 63.57939910888672 104.28299713134766
v 225.9770050048828 91.70130157470703 0.800000011920929
v 260.6809997558594 278.906005859375 53.48149871826172
v 266.3070068359375 279.3840026855469 65.85590362548828
v 258.5780029296875 279.5679931640625 58.08449935913086
v 266.1669921875 278.03399658203125 50.207801818847656
v 245.8979949951172 88.53780364990234 23.581899642944336
v 252.76600646972656 88.82460021972656 26.259199142456055
v 243.3470001220703 91.52559661865234 13.509699821472168
v 46.09809875488281 228.7519989013672 40.838401794433594
v 44.98149871826172 227.68600463867188 37.36970138549805
v 46.381500244140625 229.85699462890625 39.59199905395508
v 44.51179885864258 226.83299255371094 40.70669937133789
v 141.4530029296875 82.22989654541016 33.65019989013672
v 164.53500366210938 283.13800048828125 159
v 167.46400451660156 282.7720031738281 170.02499389648438
v 155.36700439453125 282.8609924316406 171.65499877929688
v 172.5050048828125 283.08599853515625 161.26600646972656
v 52.88740158081055 134.22300720214844 122.42400360107422
v 50.07590103149414 140.9199981689453 117.73899841308594
v 52.37879943847656 135.8350067138672 128.3520050048828
v 52.12459945678711 134.40699768066406 111.28800201416016
v 367.1700134277344 224.3780059814453 68.32779693603516
v 368.32000732421875 220.29299926757812 62.4297981262207
v 368.4460144042969 219.73399353027344 73.58209991455078
v 366.9909973144531 225.01199340820312 62.56880187988281
v 333.36199951171875 130.2740020751953 8.643589973449707
v 330.2879943847656 127.2490005493164 8.536029815673828
v 326.82501220703125 126.74199676513672 14.481100082397461
v 333.9599914550781 128.8470001220703 4.28026008605957
v 140.39100646972656 93.29060363769531 0.800000011920929
v 139.4969940185547 93.36090087890625 0.800000011920929
v 140.41799926757812 93.11609649658203 3.236180067062378
v 90.69760131835938 80.64540100097656 127.33499908447266
v 92.00370025634766 79.99659729003906 133.60800170898438
v 95.66699981689453 75.06099700927734 123.31400299072266
v 246.7899932861328 280.9429931640625 63.4995002746582
v 242.3939971923828 279.1130065917969 52.36399841308594
v 248.42999267578125 280.4580078125 57.195098876953125
v 239.1479949951172 279.2200012207031 57.10240173339844
v 141.17599487304688 93.17259979248047 1.7794699668884277
v 92.45539855957031 111.08499908447266 6.473060131072998
v 141.46099853515625 92.5896987915039 5.218180179595947
v 332.2749938964844 106.2969970703125 191.06700134277344
v 238.6840057373047 279.14801025390625 27.24690055847168
v 239.89999389648438 278.15301513671875 37.114200592041016
v 239.74099731445312 280.2860107421875 17.297800064086914
v 81.35569763183594 274.2969970703125 35.31439971923828
v 89.0822982788086 276.0840148925781 35.98509979248047
v 86.22640228271484 274.1969909667969 41.02069854736328
v 87.04900360107422 276.7669982910156 27.05340003967285
v 371.70098876953125 211.36399841308594 23.693300247192383
v 371.625 206.5760040283203 21.86389923095703
v 369.0920104980469 210.031005859375 26.407400131225586
v 375.5159912109375 212.8090057373047 17.98710060119629
v 243.8159942626953 93.31800079345703 0.800000011920929
v 242.75900268554688 93.29039764404297 0.800000011920929
v 243.82000732421875 93.31800079345703 3.7406699657440186
v 245.0260009765625 93.37660217285156 0.800000011920929
v 100.9520034790039 105.97899627685547 14.51930046081543
v 97.71209716796875 107.5199966430664 14.42140007019043
v 102.05999755859375 103.23100280761719 18.143600463867188
v 100.58599853515625 106.91100311279297 11.05739974975586
v 50.62350082397461 149.0760040283203 35.927799224853516
v 136.08999633789062 94.1697006225586 0.800000011920929
v 134.68899536132812 94.48600006103516 0.800000011920929
v 136.30499267578125 94.03119659423828 2.929840087890625
v 137.25 94.00679779052734 0.800000011920929
v 138.25900268554688 93.70800018310547 0.800000011920929
v 106.1050033569336 68.39009857177734 133.86500549316406
v 101.83100128173828 72.74510192871094 140.7429962158203
v 107.2040023803711 68.4728012084961 137.95399475097656
v 102.06700134277344 70.80000305175781 130.7760009765625
v 337.9429931640625 113.0270004272461 194.62600708007812
v 337.8340148925781 113.78800201416016 197.60000610351562
v 338.89599609375 114.49700164794922 197.60000610351562
v 118.86499786376953 66.85769653320312 158.06399536132812
v 114.6989974975586 67.44560241699219 152.8090057373047
v 115.01499938964844 68.93840026855469 158.61700439453125
v 118.07599639892578 65.48690032958984 151.92300415039062
v 81.54340362548828 274.0429992675781 80.029296875
v 83.80899810791016 274.8059997558594 69.8550033569336
v 87.5208969116211 276.4049987792969 75.25569915771484
v 77.22450256347656 272.37799072265625 67.99109649658203
v 201.01400756835938 95.35179901123047 0.800000011920929
v 256.22601318359375 95.07499694824219 5.300960063934326
v 259.3580017089844 95.77790069580078 7.106040000915527
v 331.9010009765625 264.9119873046875 82.55339813232422
v 336.00799560546875 263.1470031738281 78.03589630126953
v 337.614013671875 261.62799072265625 86.47480010986328
v 328.9100036621094 266.20599365234375 73.27729797363281
v 377.864013671875 210.79299926757812 12.270400047302246
v 375.7860107421875 205.48199462890625 14.441200256347656
v 378.5920104980469 207.23300170898438 9.142180442810059
v 355.0710144042969 226.55999755859375 38.72710037231445
v 355.35101318359375 223.47999572753906 39.31999969482422
v 356.55499267578125 224.33900451660156 42.799198150634766
v 357.3039855957031 227.81100463867188 36.212799072265625
v 341.68701171875 137.74600219726562 5.014229774475098
v 339.1440124511719 137.302001953125 10.390299797058105
v 342.4519958496094 139.73599243164062 7.281489849090576
v 88.90399932861328 268.0610046386719 171.99099731445312
v 83.48560333251953 265.8330078125 173.94700622558594
v 87.89959716796875 265.9620056152344 168.56199645996094
v 83.5863037109375 268.7300109863281 179.9320068359375
v 200.38699340820312 96.02770233154297 0.800000011920929
v 127.06999969482422 96.42230224609375 0.800000011920929
v 125.7020034790039 96.68800354003906 0.800000011920929
v 126.48400115966797 96.38020324707031 3.9942500591278076
v 344.34698486328125 119.81099700927734 190.2220001220703
v 342.38800048828125 118.51799774169922 195.94700622558594
v 344.08099365234375 120.74800109863281 197.60000610351562
v 340.91900634765625 115.48100280761719 190.26400756835938
v 34.88669967651367 183.98399353027344 64.98310089111328
v 32.994998931884766 189.16299438476562 54.97200012207031
v 34.690399169921875 191.00100708007812 72.07499694824219
v 34.61520004272461 181.26800537109375 55.54899978637695
v 263.010009765625 96.26840209960938 0.800000011920929
v 261.95001220703125 95.92050170898438 0.800000011920929
v 261.3110046386719 95.83779907226562 2.430540084838867
v 197.64999389648438 92.87870025634766 11.412199974060059
v 200.52200317382812 91.75029754638672 13.34179973602295
v 202.11599731445312 93.13680267333984 12.541899681091309
v 198.46400451660156 88.88510131835938 15.897000312805176
v 304.2179870605469 268.0889892578125 190.51800537109375
v 311.84600830078125 266.2799987792969 183.5850067138672
v 308.8009948730469 266.71600341796875 193.4949951171875
v 306.0820007324219 268.197998046875 177.91099548339844
v 92.88690185546875 111.35399627685547 12.546799659729004
v 93.12200164794922 109.58599853515625 18.023099899291992
v 95.52950286865234 109.19499969482422 6.602409839630127
v 110.7490005493164 102.00800323486328 8.136099815368652
v 108.78900146484375 102.6969985961914 5.007299900054932
v 107.5530014038086 103.60700225830078 9.73095989227295
v 227.02200317382812 67.8988037109375 101.3499984741211
v 217.28900146484375 66.93560028076172 113.2300033569336
v 228.12600708007812 66.08930206298828 115.15599822998047
v 209.38800048828125 68.90560150146484 92.79149627685547
v 45.69889831542969 160.73300170898438 32.75419998168945
v 42.72460174560547 162.197998046875 42.02239990234375
v 46.16239929199219 156.01800537109375 38.7036018371582
v 43.720298767089844 166.16400146484375 31.937999725341797
v 277.5140075683594 87.29229736328125 43.42219924926758
v 271.86700439453125 84.79109954833984 45.729698181152344
v 276.35101318359375 83.80059814453125 50.34149932861328
v 272.19000244140625 88.45120239257812 37.67210006713867
v 196.2209930419922 284.56500244140625 3.477910041809082
v 48.060298919677734 222.00599670410156 192.2429962158203
v 48.313899993896484 224.5489959716797 195.7100067138672
v 47.53409957885742 222.81300354003906 197.60000610351562
v 49.58700180053711 225.5959930419922 190.48899841308594
v 282.614990234375 274.343994140625 193.80599975585938
v 284.239990234375 274.2669982910156 197.54299926757812
v 282.4259948730469 274.5820007324219 197.60000610351562
v 358.46099853515625 177.38499450683594 22.37380027770996
v 357.1239929199219 172.87600708007812 20.72949981689453
v 355.3210144042969 173.16000366210938 25.10140037536621
v 359.197998046875 181.7480010986328 24.27239990234375
v 356.3680114746094 177.92999267578125 26.293500900268555
v 362.6830139160156 182.43299865722656 20.21470069885254
v 251.53700256347656 79.16790008544922 51.01900100708008
v 244.7270050048828 76.69290161132812 57.282501220703125
v 251.0279998779297 76.25150299072266 60.80419921875
v 238.6820068359375 77.51460266113281 52.06949996948242
v 285.68499755859375 99.19339752197266 23.08930015563965
v 287.7969970703125 95.50769805908203 32.170501708984375
v 291.5589904785156 99.74539947509766 26.194900512695312
v 280.0329895019531 94.50520324707031 29.1560001373291
v 35.643001556396484 210.01100158691406 24.142000198364258
v 36.78929901123047 212.0679931640625 25.9468994140625
v 37.62820053100586 207.6529998779297 25.462200164794922
v 32.75189971923828 210.4600067138672 20.665800094604492
v 307.739990234375 113.28600311279297 15.019399642944336
v 305.2080078125 111.58699798583984 11.190799713134766
v 302.8330078125 109.88999938964844 16.810800552368164
v 311.12200927734375 114.34700012207031 9.848360061645508
v 350.77301025390625 246.89700317382812 53.23979949951172
v 353.7229919433594 245.97999572753906 57.03820037841797
v 352.8900146484375 248.42799377441406 60.12200164794922
v 350.7309875488281 244.9600067138672 50.27330017089844
v 181.1999969482422 88.70189666748047 8.459620475769043
v 178.94400024414062 89.69400024414062 4.864940166473389
v 175.30799865722656 88.7416000366211 7.354090213775635
v 43.173301696777344 164.64300537109375 5.6138200759887695
v 44.022499084472656 162.531005859375 4.9546098709106445
v 44.5276985168457 189.04100036621094 117.71700286865234
v 46.4208984375 194.66600036621094 122.31600189208984
v 46.206199645996094 186.8280029296875 129.18899536132812
v 342.85101318359375 144.5260009765625 14.5649995803833
v 340.64300537109375 140.7449951171875 13.360799789428711
v 339.5320129394531 141.72900390625 18.368099212646484
v 344.2049865722656 142.52000427246094 8.120579719543457
v 151.13999938964844 282.4100036621094 82.97750091552734
v 281.88299560546875 101.1719970703125 3.3131699562072754
v 281.84600830078125 101.11399841308594 0.800000011920929
v 282.4119873046875 101.22200012207031 0.800000011920929
v 283.51800537109375 101.66500091552734 0.800000011920929
v 282.9490051269531 101.38999938964844 0.800000011920929
v 283.7130126953125 101.78700256347656 3.7277801036834717
v 69.57730102539062 269.2959899902344 38.139801025390625
v 62.859100341796875 266.44500732421875 36.82609939575195
v 65.54499816894531 269.6300048828125 32.77939987182617
v 64.53500366210938 264.5589904785156 40.063499450683594
v 109.15299987792969 102.18900299072266 0.800000011920929
v 59.582698822021484 241.45899963378906 110.13899993896484
v 236.0290069580078 279.6409912109375 91.12049865722656
v 232.62600708007812 278.6099853515625 83.52970123291016
v 236.6439971923828 280.1029968261719 83.65049743652344
v 231.45399475097656 278.5820007324219 94.21150207519531
v 103 105.00299835205078 0.800000011920929
v 102.53600311279297 105.2770004272461 3.649060010910034
v 58.210201263427734 120.13700103759766 93.39710235595703
v 58.349998474121094 120.92400360107422 104.0530014038086
v 59.82170104980469 117.44300079345703 95.34609985351562
v 54.930599212646484 126.5270004272461 96.15380096435547
v 31.63599967956543 197.16200256347656 47.672698974609375
v 31.4414005279541 197.74899291992188 56.615299224853516
v 32.79140090942383 200.7100067138672 41.862300872802734
v 364.7430114746094 154.90499877929688 68.12660217285156
v 363.4159851074219 153.14500427246094 62.70759963989258
v 361.3840026855469 145.12399291992188 67.55950164794922
v 365.4630126953125 160.89500427246094 60.465999603271484
v 67.87930297851562 261.6099853515625 192.14100646972656
v 69.93789672851562 264.47900390625 194.09500122070312
v 68.3104019165039 263.66400146484375 197.60000610351562
v 70.72570037841797 262.1109924316406 187.6479949951172
v 358.3810119628906 141.56900024414062 155.6580047607422
v 358.5010070800781 144.28599548339844 164.23800659179688
v 360.864013671875 149.38499450683594 158.4340057373047
v 356.2879943847656 137.86099243164062 160.6580047607422
v 255.09300231933594 280.6809997558594 8.039440155029297
v 260.4779968261719 280.0190124511719 7.746789932250977
v 260.1679992675781 279.26300048828125 14.4621000289917
v 259.6210021972656 280.6260070800781 4.8931498527526855
v 99.72039794921875 106.45500183105469 0.800000011920929
v 99.0250015258789 106.87100219726562 0.800000011920929
v 352.82000732421875 129.052001953125 154.38400268554688
v 349.1730041503906 121.26100158691406 147.55499267578125
v 349.29400634765625 123.83399963378906 162.2239990234375
v 352.97100830078125 127.52799987792969 142.96299743652344
v 26.192800521850586 213.77499389648438 9.213279724121094
v 25.00320053100586 214.98899841308594 4.9039201736450195
v 25.550399780273438 219.3260040283203 8.522890090942383
v 25.33009910583496 211.21800231933594 4.1659698486328125
v 110.26699829101562 279.31201171875 119.58899688720703
v 118.14700317382812 279.6449890136719 118.20600128173828
v 115.43199920654297 278.6679992675781 127.72000122070312
v 108.39099884033203 279.3900146484375 113.61599731445312
v 323.1340026855469 88.66790008544922 146.33599853515625
v 325.2359924316406 89.05660247802734 137.67300415039062
v 323.6180114746094 87.82949829101562 140.20899963378906
v 327.5299987792969 92.20130157470703 141.5570068359375
v 359.6820068359375 217.2429962158203 194.29100036621094
v 360.0690002441406 216.9029998779297 197.60000610351562
v 359.5469970703125 218.39700317382812 197.60000610351562
v 345.302001953125 150.44900512695312 25.724199295043945
v 347.6709899902344 149.822998046875 30.496999740600586
v 347.8330078125 153.843994140625 26.91819953918457
v 345.14599609375 148.281005859375 27.674100875854492
v 355.8630065917969 165.22500610351562 35.67789840698242
v 353.3179931640625 160.22799682617188 33.706298828125
v 356.1390075683594 160.71600341796875 37.68550109863281
v 204.36399841308594 90.84770202636719 14.547900199890137
v 190.71600341796875 283.7550048828125 0.800000011920929
v 43.273101806640625 246.43600463867188 65.55570220947266
v 43.635799407958984 244.42999267578125 75.99040222167969
v 40.93069839477539 242.12600708007812 69.44850158691406
v 45.18389892578125 248.16600036621094 72.5177993774414
v 355.9110107421875 134.531005859375 150.093994140625
v 357.5350036621094 136.04600524902344 138.49099731445312
v 45.9556999206543 150.40499877929688 57.464599609375
v 45.77870178222656 153.0570068359375 47.9984016418457
v 45.43320083618164 152.11300659179688 53.65359878540039
v 48.791099548339844 145.14999389648438 53.308998107910156
v 26.566499710083008 226.52999877929688 11.654800415039062
v 28.350200653076172 231.55999755859375 15.371899604797363
v 29.05299949645996 225.89199829101562 17.951799392700195
v 27.376800537109375 235.6280059814453 10.068400382995605
v 310.77099609375 111.8499984741211 0.800000011920929
v 309.7950134277344 111.39600372314453 0.800000011920929
v 88.69550323486328 113.17500305175781 6.072850227355957
v 357.4179992675781 170.05299377441406 17.45669937133789
v 354.3559875488281 170.1959991455078 23.21929931640625
v 353.63299560546875 164.4340057373047 18.487899780273438
v 293.91400146484375 77.75869750976562 190.78399658203125
v 290.8869934082031 77.060302734375 191.44700622558594
v 292.22900390625 78.72339630126953 197.60000610351562
v 293.8059997558594 76.48979949951172 184.3699951171875
v 345.8330078125 145.73699951171875 9.953169822692871
v 346.1029968261719 143.64700317382812 5.200230121612549
v 276.4849853515625 65.84970092773438 98.6321029663086
v 269.85101318359375 65.0197982788086 101.68499755859375
v 274.4389953613281 63.17649841308594 107.88999938964844
v 270.08599853515625 67.33920288085938 94.38520050048828
v 79.70259857177734 118.02400207519531 0.800000011920929
v 78.39230346679688 118.94999694824219 1.9338799715042114
v 80.57360076904297 117.80599975585938 4.4348602294921875
v 198.66200256347656 275.9620056152344 97.40570068359375
v 200.88499450683594 275.0270080566406 105.06099700927734
v 133.98300170898438 67.72979736328125 180.0959930419922
v 130.33799743652344 69.3364028930664 186.88499450683594
v 136.50999450683594 69.16819763183594 189.01300048828125
v 356.7659912109375 240.78500366210938 86.42500305175781
v 358.5570068359375 235.4550018310547 90.82080078125
v 355.2170104980469 237.91900634765625 96.38980102539062
v 359.197998046875 236.24600219726562 87.55039978027344
v 145.06399536132812 72.79930114746094 64.62310028076172
v 136.68099975585938 75.00450134277344 61.877498626708984
v 134.64999389648438 72.87550354003906 71.3573989868164
v 140.28199768066406 77.2300033569336 50.90489959716797
v 151.34500122070312 282.5820007324219 148.5959930419922
v 163.13099670410156 281.7690124511719 146.33799743652344
v 153.56300354003906 281.5140075683594 139.44200134277344
v 40.3671989440918 194.23899841308594 23.766199111938477
v 41.111000061035156 195.69700622558594 26.354299545288086
v 41.46419906616211 190.77699279785156 24.707500457763672
v 38.24169921875 198.27699279785156 23.09480094909668
v 41.11840057373047 191.86300659179688 28.709800720214844
v 40.7848014831543 199.53599548339844 27.892499923706055
v 72.94670104980469 274.9169921875 5.170139789581299
v 73.11139678955078 274.5589904785156 1.7896100282669067
v 355.2049865722656 230.26100158691406 36.67390060424805
v 355.5780029296875 234.322998046875 35.97140121459961
v 358.11199951171875 232.56500244140625 35.17259979248047
v 353.2760009765625 231.29800415039062 37.6786003112793
v 143.70199584960938 67.91400146484375 184.906005859375
v 149.927001953125 68.84259796142578 189.1009979248047
v 367.364990234375 200.5449981689453 24.96579933166504
v 370.9639892578125 200.6840057373047 20.37070083618164
v 366.1090087890625 197.03500366210938 24.63249969482422
v 334.32000732421875 262.0119934082031 98.70809936523438
v 335.2030029296875 262.0429992675781 92.77790069580078
v 338.8949890136719 257.697998046875 102.3479995727539
v 71.05889892578125 125.37000274658203 0.800000011920929
v 60.239601135253906 246.96400451660156 106.23100280761719
v 336.4219970703125 103.96199798583984 152.7760009765625
v 333.947998046875 102.43499755859375 162.35899353027344
v 337.0880126953125 105.43099975585938 158.1959991455078
v 331.3420104980469 98.6249008178711 155.43299865722656
v 253.74400329589844 278.7380065917969 50.74330139160156
v 257.7090148925781 277.7090148925781 46.34989929199219
v 254.46200561523438 277.08599853515625 42.21979904174805
v 358.69000244140625 151.89500427246094 48.008399963378906
v 356.3869934082031 147.71600341796875 46.54800033569336
v 358.7099914550781 149.63299560546875 49.91350173950195
v 355.4639892578125 154.08599853515625 39.90480041503906
v 176.70700073242188 285.6449890136719 7.050380229949951
v 175.00100708007812 285.9949951171875 0.800000011920929
v 178.2169952392578 285.9169921875 3.563539981842041
v 333.3689880371094 127.64700317382812 0.800000011920929
v 248.7969970703125 280.3030090332031 194.7570037841797
v 252.6199951171875 280.385986328125 190.8509979248047
v 250.12399291992188 279.6780090332031 197.60000610351562
v 248.84300231933594 280.9159851074219 185.05999755859375
v 196.67300415039062 95.62129974365234 7.963719844818115
v 197.15499877929688 97.05789947509766 6.3445000648498535
v 257.5539855957031 72.09200286865234 189.24400329589844
v 254.69000244140625 73.49559783935547 195.11099243164062
v 258.635009765625 73.73809814453125 195.85800170898438
v 250.53700256347656 71.35320281982422 187.61700439453125
v 356.2829895019531 132.80099487304688 134.86099243164062
v 365.45599365234375 228.72900390625 74.64779663085938
v 365.9880065917969 225.17300415039062 80.0363998413086
v 365.1659851074219 230.36000061035156 69.23320007324219
v 339.49200439453125 134.54400634765625 0.800000011920929
v 139.42100524902344 92.05390167236328 8.6451997756958
v 138.33599853515625 93.32240295410156 5.248010158538818
v 144.0989990234375 90.81999969482422 8.334219932556152
v 47.361000061035156 149.80299377441406 195.24600219726562
v 46.404300689697266 153.59100341796875 193.76100158691406
v 47.21369934082031 150.82200622558594 197.60000610351562
v 47.87220001220703 148.3209991455078 194.8730010986328
v 204.66700744628906 276.6789855957031 132.9949951171875
v 213.6269989013672 277.135009765625 139.72799682617188
v 208.88099670410156 277.0799865722656 142.80599975585938
v 211.88999938964844 276.5039978027344 130.73699951171875
v 352.7049865722656 248.58200073242188 78.49919891357422
v 354.8590087890625 247.35299682617188 70.99510192871094
v 356.98699951171875 243.16799926757812 79.44020080566406
v 351.177001953125 250.83299255371094 65.14620208740234
v 51.6432991027832 221.6300048828125 111.62899780273438
v 51.32680130004883 216.68899536132812 115.95500183105469
v 48.731201171875 221.86900329589844 105.04299926757812
v 58.928199768066406 138.9080047607422 0.800000011920929
v 58.63759994506836 139.60899353027344 4.244840145111084
v 343.00201416015625 138.718994140625 0.800000011920929
v 330.70098876953125 100.3290023803711 168.1320037841797
v 327.635009765625 96.54229736328125 163.46800231933594
v 324.5249938964844 268.5679931640625 5.913169860839844
v 43.52170181274414 169.51100158691406 185.51100158691406
v 42.69969940185547 176.55799865722656 188.98800659179688
v 43.41490173339844 170.29800415039062 190.58900451660156
v 43.069400787353516 176.18600463867188 180.04299926757812
v 265.76300048828125 80.27660369873047 53.69029998779297
v 262.5950012207031 79.00460052490234 55.90760040283203
v 371.5090026855469 231.21299743652344 23.884300231933594
v 369.29901123046875 227.69900512695312 27.678199768066406
v 368.1650085449219 233.43099975585938 27.48240089416504
v 374.0329895019531 227.00599670410156 20.666200637817383
v 215.875 276.989013671875 125.19599914550781
v 212.36500549316406 275.7139892578125 108.74299621582031
v 226.0469970703125 278.6340026855469 115.38400268554688
v 208.57200622558594 274.8479919433594 119.50499725341797
v 209.79100036621094 275.3900146484375 124.58899688720703
v 45.41320037841797 263.36700439453125 11.004599571228027
v 48.99850082397461 266.72100830078125 6.316530227661133
v 52.55799865722656 267.7900085449219 9.757309913635254
v 44.938499450683594 264.468994140625 6.091430187225342
v 361.6109924316406 212.2259979248047 197.60000610351562
v 362.04901123046875 210.20899963378906 195.29600524902344
v 361.9530029296875 210.8300018310547 197.60000610351562
v 361.2669982910156 210.85699462890625 190.1280059814453
v 343.5820007324219 258.14801025390625 75.5154037475586
v 344.4779968261719 256.6659851074219 84.38099670410156
v 342.3840026855469 258.6940002441406 82.79350280761719
v 346.2040100097656 255.00599670410156 82.88510131835938
v 337.3739929199219 100.90299987792969 117.18900299072266
v 332.5979919433594 95.93070220947266 122.74199676513672
v 334.7120056152344 99.19499969482422 128.95899963378906
v 333.7619934082031 96.53610229492188 116.9749984741211
v 204.79100036621094 67.86730194091797 99.60900115966797
v 209.31100463867188 66.481201171875 117.00199890136719
v 316.3819885253906 270.74700927734375 69.27239990234375
v 314.8940124511719 270.9739990234375 63.06230163574219
v 319.57501220703125 268.7860107421875 64.06950378417969
v 311.7959899902344 272.06201171875 66.28260040283203
v 351.37298583984375 150.406005859375 0.800000011920929
v 112.70600128173828 283.73699951171875 9.851099967956543
v 105.48200225830078 282.614013671875 8.597780227661133
v 353.9859924316406 155.08900451660156 2.0590500831604004
v 204.50399780273438 274.21600341796875 102.18399810791016
v 211.10699462890625 275.0350036621094 101.83699798583984
v 211.70599365234375 274.68798828125 95.6404037475586
v 305.07598876953125 83.86740112304688 197.60000610351562
v 307.3489990234375 83.19619750976562 186.7209930419922
v 303.5419921875 82.9761962890625 195.7949981689453
v 307.92401123046875 84.556396484375 192.46299743652344
v 282.2040100097656 69.99310302734375 87.60449981689453
v 170.5570068359375 283.8080139160156 194.21400451660156
v 174.218994140625 282.718994140625 190.6230010986328
v 173.14500427246094 283.64599609375 197.60000610351562
v 169.92300415039062 283.0199890136719 190.4770050048828
v 96.30380249023438 280.8299865722656 5.698959827423096
v 99.50399780273438 281.6659851074219 4.586170196533203
v 95.49490356445312 280.7309875488281 2.8409600257873535
v 78.18949890136719 121.2969970703125 20.93239974975586
v 74.73860168457031 120.62999725341797 26.77079963684082
v 79.41169738769531 117.052001953125 24.853500366210938
v 72.51640319824219 124.7770004272461 24.696800231933594
v 267.2760009765625 276.8179931640625 165.46299743652344
v 280.93798828125 274.5329895019531 157.58200073242188
v 273.8330078125 275.5060119628906 169.95199584960938
v 273.9599914550781 276.5669860839844 153.7570037841797
v 257.8869934082031 277.8970031738281 168.41099548339844
v 262.6719970703125 277.58099365234375 176.18699645996094
v 260.0270080566406 277.9460144042969 160.91200256347656
v 361.385009765625 166.4510040283203 0.800000011920929
v 360.7080078125 165.27099609375 0.800000011920929
v 361.5989990234375 167.1959991455078 3.313960075378418
v 221.76800537109375 279.2879943847656 22.234100341796875
v 224.53399658203125 280.4570007324219 15.637100219726562
v 230.98300170898438 279.0220031738281 26.095300674438477
v 214.89199829101562 279.9070129394531 21.347400665283203
v 99.87349700927734 94.14459991455078 37.79309844970703
v 102.46900177001953 96.1729965209961 30.317800521850586
v 95.09590148925781 99.04820251464844 32.751399993896484
v 105.68599700927734 92.27860260009766 35.369300842285156
v 67.46759796142578 261.0140075683594 100.99299621582031
v 72.20880126953125 263.34100341796875 105.58200073242188
v 70.09239959716797 260.5769958496094 106.26899719238281
v 67.66719818115234 263.0360107421875 97.54340362548828
v 364.8919982910156 174.4530029296875 5.934490203857422
v 361.9580078125 170.0240020751953 7.288740158081055
v 316.80499267578125 270.3760070800781 0.800000011920929
v 318.1319885253906 269.9830017089844 0.800000011920929
v 316.1099853515625 270.6579895019531 3.3614299297332764
v 277.1000061035156 276.7250061035156 147.23800659179688
v 287.0870056152344 273.9809875488281 149.26400756835938
v 370.8800048828125 185.89300537109375 67.95439910888672
v 371.2820129394531 183.46499633789062 78.1083984375
v 368.7820129394531 178.81399536132812 58.806800842285156
v 129.36599731445312 87.61399841308594 26.262300491333008
v 134.43099975585938 84.07270050048828 32.65679931640625
v 135.5780029296875 87.17030334472656 22.348899841308594
v 334.31500244140625 135.1300048828125 19.30109977722168
v 335.89300537109375 136.0709991455078 23.651899337768555
v 336.9750061035156 137.96499633789062 18.416000366210938
v 332.61199951171875 132.99200439453125 19.827600479125977
v 370.3210144042969 181.50999450683594 2.357180118560791
v 369.94000244140625 180.6790008544922 0.800000011920929
v 369.3370056152344 180.33999633789062 3.900749921798706
v 296.510986328125 71.260498046875 87.89739990234375
v 298.44000244140625 72.81580352783203 84.45880126953125
v 291.22198486328125 72.23780059814453 83.83429718017578
v 302.6759948730469 73.36750030517578 85.35260009765625
v 287.60198974609375 103.29199981689453 5.524010181427002
v 309.2770080566406 95.59390258789062 45.76300048828125
v 301.9519958496094 93.96089935302734 44.226200103759766
v 119.78600311279297 284.2900085449219 12.737700462341309
v 113.10600280761719 282.4209899902344 21.38129997253418
v 117.3740005493164 285.0459899902344 4.806369781494141
v 134.96400451660156 66.18240356445312 174.1179962158203
v 135.78700256347656 67.02359771728516 178.1540069580078
v 130.4459991455078 65.71209716796875 168.6820068359375
v 378.3380126953125 200.3769989013672 0.800000011920929
v 378.156005859375 199.41000366210938 0.800000011920929
v 377.5039978027344 199.95799255371094 6.137519836425781
v 156.2830047607422 67.8750991821289 186.08399963378906
v 265.82598876953125 279.4150085449219 6.02632999420166
v 261.9330139160156 278.7439880371094 23.782499313354492
v 255.9010009765625 279.0459899902344 24.679899215698242
v 265.9750061035156 278.6109924316406 19.11750030517578
v 380.4490051269531 208.19000244140625 0.800000011920929
v 380.09600830078125 206.92599487304688 0.800000011920929
v 379.71600341796875 206.58999633789062 4.594989776611328
v 136.8249969482422 284.9939880371094 13.245699882507324
v 135.53700256347656 284.13800048828125 20.983699798583984
v 130.20799255371094 285.3890075683594 9.545760154724121
v 144.31399536132812 284.4309997558594 20.43199920654297
v 380.0400085449219 209.35800170898438 5.389379978179932
v 25.280399322509766 210.80599975585938 0.800000011920929
v 25.280099868774414 211.92599487304688 0.800000011920929
v 74.54720306396484 271.0769958496094 82.02680206298828
v 71.70339965820312 270.15899658203125 76.7083969116211
v 25.078899383544922 212.6739959716797 3.003849983215332
v 25.199899673461914 213.0749969482422 0.800000011920929
v 24.885299682617188 214.25 0.800000011920929
v 348.4849853515625 253.14300537109375 75.82859802246094
v 381.3389892578125 218.3459930419922 2.11653995513916
v 381.4010009765625 217.32000732421875 0.800000011920929
v 381.31298828125 217.12899780273438 3.647979974746704
v 149.5850067138672 282.0409851074219 39.308101654052734
v 156.51699829101562 281.1659851074219 44.5255012512207
v 148.32200622558594 280.4469909667969 47.19770050048828
v 154.9720001220703 281.97698974609375 40.28779983520508
v 34.204200744628906 193.3520050048828 15.670599937438965
v 32.78310012817383 189.9980010986328 11.143600463867188
v 30.85740089416504 194.90499877929688 11.072600364685059
v 36.40489959716797 189.36599731445312 16.26140022277832
v 335.59698486328125 108.20700073242188 183.54200744628906
v 288.94000244140625 85.54850006103516 52.91310119628906
v 285.9549865722656 82.38089752197266 58.09189987182617
v 290.6960144042969 82.96920013427734 58.850399017333984
v 66.52130126953125 135.5959930419922 17.057899475097656
v 68.12519836425781 133.18499755859375 20.528400421142578
v 66.78569793701172 134.0780029296875 11.490599632263184
v 111.51100158691406 280.29901123046875 79.42669677734375
v 120.01899719238281 281.3089904785156 81.41190338134766
v 117.99700164794922 280.9119873046875 89.02130126953125
v 111.1500015258789 279.843994140625 73.38960266113281
v 349.75 127.66100311279297 182.75599670410156
v 347.0199890136719 122.11799621582031 177.90499877929688
v 348.8550109863281 126.99400329589844 190.406005859375
v 351.7120056152344 131.66299438476562 179.9499969482422
v 45.54140090942383 240.43299865722656 47.94029998779297
v 46.96070098876953 245.1719970703125 50.387298583984375
v 41.71649932861328 240.62399291992188 54.15869903564453
v 49.24789810180664 245.73500061035156 48.8848991394043
v 380.5710144042969 229.0590057373047 0.800000011920929
v 380.635986328125 227.95899963378906 0.800000011920929
v 380.4020080566406 228.8459930419922 4.220699787139893
v 25.287200927734375 234.25999450683594 0.800000011920929
v 25.59469985961914 235.5189971923828 0.800000011920929
v 25.469100952148438 233.26100158691406 5.159259796142578
v 125.8270034790039 60.7057991027832 140.7740020751953
v 119.76399993896484 63.38740158081055 146.0449981689453
v 127.94100189208984 59.11629867553711 126.91100311279297
v 234.56900024414062 282.84100341796875 0.800000011920929
v 234.91200256347656 282.843994140625 3.5585999488830566
v 36.307498931884766 254.3070068359375 12.313400268554688
v 37.55039978027344 252.42300415039062 19.23189926147461
v 34.53099822998047 250.0850067138672 14.934900283813477
v 39.10499954223633 256.8380126953125 14.406700134277344
v 367.1820068359375 217.70599365234375 86.76519775390625
v 367.69500732421875 212.7209930419922 90.6697998046875
v 365.80499267578125 216.093994140625 93.80110168457031
v 368.67999267578125 216.64300537109375 79.90019989013672
v 373.4840087890625 243.26400756835938 0.800000011920929
v 373.93701171875 242.54400634765625 0.800000011920929
v 372.8760070800781 244.11399841308594 2.5635600090026855
v 346.22698974609375 260.8320007324219 3.7140300273895264
v 346.260986328125 260.4389953613281 0.800000011920929
v 347.2430114746094 260.25201416015625 0.800000011920929
v 372.96099853515625 244.0540008544922 0.800000011920929
v 372.1759948730469 244.9499969482422 0.800000011920929
v 315.0320129394531 269.5610046386719 17.388200759887695
v 314.1449890136719 269.385986328125 24.888900756835938
v 308.9859924316406 271.42999267578125 22.138599395751953
v 318.3800048828125 268.0950012207031 21.003999710083008
v 34.449100494384766 185.33799743652344 44.6255989074707
v 83.75540161132812 118.48300170898438 14.399100303649902
v 82.22699737548828 119.0479965209961 10.10509967803955
v 364.3340148925781 231.76499938964844 62.26070022583008
v 364.3349914550781 227.45799255371094 56.065101623535156
v 367.3479919433594 222.0679931640625 59.6156005859375
v 361.1730041503906 236.1320037841797 57.57849884033203
v 134.1179962158203 278.40899658203125 193.177001953125
v 136.9969940185547 278.50299072265625 195.0540008544922
v 135.91600036621094 278.28399658203125 197.60000610351562
v 136.89300537109375 279.6629943847656 188.42599487304688
v 74.82649993896484 273.79998779296875 29.28969955444336
v 78.88770294189453 275.5480041503906 23.210100173950195
v 72.03019714355469 273.90899658203125 21.493499755859375
v 66.98390197753906 108.72899627685547 115.71399688720703
v 67.47049713134766 107.43299865722656 110.05899810791016
v 63.842098236083984 113.4469985961914 116.58699798583984
v 33.539100646972656 254.11199951171875 1.7020000219345093
v 352.2340087890625 228.73399353027344 123.31199645996094
v 77.89579772949219 93.56819915771484 96.97139739990234
v 75.34960174560547 96.07160186767578 96.65599822998047
v 71.70390319824219 100.70500183105469 100.08200073242188
v 76.16899871826172 95.75540161132812 83.2708969116211
v 78.93280029296875 102.4229965209961 52.59769821166992
v 75.41130065917969 104.20999908447266 56.49580001831055
v 80.35600280761719 99.53189849853516 56.60319900512695
v 77.16960144042969 105.0459976196289 50.13059997558594
v 294.3009948730469 93.5239028930664 40.31520080566406
v 294.6579895019531 89.76399993896484 47.666900634765625
v 301.5150146484375 95.98419952392578 40.208900451660156
v 357.4849853515625 256.4739990234375 0.800000011920929
v 358.2460021972656 255.85000610351562 0.800000011920929
v 357.9700012207031 256.12799072265625 2.714550018310547
v 356.6669921875 256.9389953613281 0.800000011920929
v 125.88300323486328 279.8219909667969 133.16900634765625
v 126.36599731445312 279.6659851074219 123.15399932861328
v 136.19000244140625 280.6600036621094 129.90199279785156
v 35.38970184326172 229.8159942626953 63.7943000793457
v 35.835899353027344 232.0260009765625 59.45610046386719
v 37.972999572753906 234.5330047607422 70.66580200195312
v 246.89599609375 68.78459930419922 179.83700561523438
v 245.2760009765625 72.1083984375 191.3730010986328
v 241.05499267578125 71.04859924316406 187.86399841308594
v 300.2300109863281 109.01899719238281 11.504500389099121
v 303.3160095214844 109.55699920654297 7.169439792633057
v 345.5150146484375 260.90899658203125 0.800000011920929
v 49.105201721191406 267.385009765625 0.800000011920929
v 344.7449951171875 261.1340026855469 0.800000011920929
v 339.9339904785156 250.6230010986328 188.8350067138672
v 343.3840026855469 244.58900451660156 180.1959991455078
v 343.0799865722656 246.80799865722656 188.7100067138672
v 339.1310119628906 250.70399475097656 183.92999267578125
v 366.23199462890625 195.61199951171875 123.38800048828125
v 365.3970031738281 202.2310028076172 118.19400024414062
v 368.13299560546875 186.30599975585938 118.25399780273438
v 342.5039978027344 262.2869873046875 0.800000011920929
v 209.5850067138672 274.0169982910156 89.50769805908203
v 212.42599487304688 275.1319885253906 85.58460235595703
v 218.37899780273438 276.2669982910156 88.1978988647461
v 204.64100646972656 274.35101318359375 85.31919860839844
v 278.04901123046875 97.6167984008789 20.499099731445312
v 282.614013671875 100.5790023803711 17.730100631713867
v 288.7449951171875 77.03900146484375 194.11700439453125
v 285.0379943847656 75.8865966796875 192.41799926757812
v 287.1099853515625 77.46199798583984 197.60000610351562
v 287.8349914550781 75.51480102539062 187.64999389648438
v 337.7080078125 264.2250061035156 0.800000011920929
v 338.67498779296875 263.93499755859375 1.5903199911117554
v 333.5539855957031 266.4100036621094 0.800000011920929
v 334.5119934082031 266.0329895019531 1.1354600191116333
v 199.3040008544922 96.81670379638672 7.996319770812988
v 173.37899780273438 70.1094970703125 67.79840087890625
v 181.23300170898438 71.6249008178711 60.53010177612305
v 172.8979949951172 71.39009857177734 60.874298095703125
v 188.33999633789062 70.75029754638672 67.95379638671875
v 179.1929931640625 282.1910095214844 189.1929931640625
v 183.26400756835938 282.3210144042969 190.74099731445312
v 253.58200073242188 82.13480377197266 43.48360061645508
v 256.6239929199219 81.18900299072266 46.932498931884766
v 244.1490020751953 80.02230072021484 45.195098876953125
v 307.4639892578125 72.12590026855469 137.65899658203125
v 302.2850036621094 69.71309661865234 141.09100341796875
v 305.25299072265625 72.3511962890625 143.7550048828125
v 301.9880065917969 68.12590026855469 134.51199340820312
v 296.0060119628906 68.10669708251953 146.08900451660156
v 299.3739929199219 70.49410247802734 148.1510009765625
v 299.197998046875 67.9072036743164 140.10400390625
v 151.36300659179688 88.37960052490234 10.862199783325195
v 157.38999938964844 88.54280090332031 8.98528003692627
v 46.142398834228516 171.2469940185547 22.239599227905273
v 43.58340072631836 171.93099975585938 27.72260093688965
v 46.00749969482422 172.38299560546875 19.280399322509766
v 363.1059875488281 201.22300720214844 188.177001953125
v 363.1180114746094 204.17599487304688 194.7969970703125
v 362.2969970703125 206.91200256347656 191.01100158691406
v 80.84880065917969 99.34439849853516 197.60000610351562
v 80.40399932861328 99.16419982910156 194.3520050048828
v 80.08570098876953 100.15499877929688 197.9219970703125
v 81.56430053710938 98.5281982421875 197.60000610351562
v 345.0050048828125 251.5760040283203 51.34280014038086
v 313.8680114746094 270.98199462890625 5.177879810333252
v 314.125 271.06201171875 0.800000011920929
v 315.5090026855469 270.7969970703125 0.800000011920929
v 59.05970001220703 271.35699462890625 0.800000011920929
v 60.242698669433594 271.7879943847656 1.6676900386810303
v 60.42539978027344 271.427001953125 6.3772101402282715
v 343.96099853515625 241.6929931640625 125.60800170898438
v 346.9989929199219 237.5590057373047 124.73999786376953
v 346.1610107421875 236.97999572753906 137.66900634765625
v 342.4570007324219 246.8719940185547 117.61100006103516
v 305.8609924316406 267.68701171875 154.7270050048828
v 308.5610046386719 266.46600341796875 155.36700439453125
v 308.6679992675781 266.2349853515625 159.59800720214844
v 314.22698974609375 265.2460021972656 148.41600036621094
v 332.34100341796875 258.12799072265625 195.83700561523438
v 333.1780090332031 257.8080139160156 197.60000610351562
v 331.9549865722656 258.135986328125 197.60000610351562
v 44.561100006103516 207.86700439453125 197.60000610351562
v 45.095699310302734 208.4219970703125 189.66700744628906
v 44.672698974609375 209.90699768066406 197.60000610351562
v 44.33340072631836 205.54100036621094 192.1959991455078
v 275.6919860839844 74.03610229492188 75.85030364990234
v 282.281005859375 274.6579895019531 40.34939956665039
v 286.3760070800781 274.36700439453125 39.400699615478516
v 284.9179992675781 275.6130065917969 48.22719955444336
v 280.6789855957031 275.5350036621094 34.38359832763672
v 66.14659881591797 273.4110107421875 0.800000011920929
v 67.3021011352539 273.5979919433594 0.800000011920929
v 300.1470031738281 273.6969909667969 4.725180149078369
v 298.7650146484375 273.52099609375 0.800000011920929
v 299.59100341796875 273.52801513671875 1.8848400115966797
v 300.7170104980469 273.593994140625 3.3958899974823
v 70.06880187988281 274.343994140625 5.278019905090332
v 294.98699951171875 274.40301513671875 0.800000011920929
v 295.25 274.6659851074219 3.2323501110076904
v 376.2380065917969 196.87899780273438 7.418630123138428
v 376.53399658203125 195.8780059814453 5.153679847717285
v 373.39801025390625 193.8520050048828 11.468799591064453
v 352.0270080566406 238.38400268554688 37.03990173339844
v 101.91500091552734 80.54900360107422 192.5850067138672
v 103.72799682617188 80.39309692382812 197.60000610351562
v 104.8290023803711 79.85810089111328 197.60000610351562
v 294.0320129394531 274.7950134277344 0.800000011920929
v 49.28310012817383 229.0469970703125 197.60000610351562
v 49.74879837036133 228.44000244140625 193.83599853515625
v 49.76890182495117 230.2449951171875 197.60000610351562
v 48.97779846191406 226.968994140625 195.13699340820312
v 103.96900177001953 77.88490295410156 178.76699829101562
v 99.72319793701172 81.11039733886719 183.7729949951172
v 103.06900024414062 79.12000274658203 187.42599487304688
v 100.14600372314453 79.82510375976562 168.45899963378906
v 283.135986328125 275.8240051269531 0.800000011920929
v 284.43499755859375 275.8370056152344 0.800000011920929
v 284.1050109863281 275.9169921875 3.5127499103546143
v 282.4960021972656 275.8680114746094 0.800000011920929
v 358.39300537109375 232.05499267578125 96.25920104980469
v 354.468994140625 233.52000427246094 105.04399871826172
v 359.7430114746094 227.802001953125 98.06780242919922
v 60.08359909057617 123.77100372314453 197.60000610351562
v 59.92679977416992 123.34400177001953 194.56199645996094
v 59.32210159301758 124.51399993896484 196.69400024414062
v 61.23820114135742 122.00499725341797 197.60000610351562
v 40.19609832763672 173.38499450683594 33.98740005493164
v 41.057899475097656 177.6540069580078 29.777599334716797
v 39.54719924926758 177.76300048828125 32.23529815673828
v 42.15010070800781 174.25100708007812 29.07469940185547
v 62.82789993286133 118.56999969482422 186.32400512695312
v 59.908599853515625 122.31300354003906 182.22500610351562
v 59.77330017089844 123.06500244140625 189.6719970703125
v 63.32339859008789 117.20500183105469 177.19500732421875
v 348.0899963378906 236.43800354003906 175.33900451660156
v 346.7019958496094 239.89300537109375 181.33099365234375
v 345.2909851074219 239.91600036621094 168.1790008544922
v 69.02970123291016 106.03900146484375 118.30599975585938
v 64.84649658203125 112.6510009765625 126.69300079345703
v 69.25769805908203 106.52899932861328 135.5279998779297
v 81.68789672851562 277.64801025390625 0.800000011920929
v 274.4330139160156 277.4419860839844 0.800000011920929
v 34.27080154418945 186.9720001220703 11.284199714660645
v 32.53810119628906 186.09300231933594 6.689970016479492
v 33.89509963989258 183.21400451660156 6.412370204925537
v 279.6860046386719 275.32598876953125 195.21299743652344
v 279.64300537109375 274.7070007324219 189.26800537109375
v 274.5539855957031 275.8680114746094 189.1909942626953
v 51.714900970458984 256.11199951171875 36.1421012878418
v 48.88880157470703 252.3719940185547 35.73160171508789
v 49.68790054321289 255.73699951171875 34.7599983215332
v 50.03919982910156 250.97000122070312 36.74810028076172
v 360.9750061035156 230.69400024414062 90.73590087890625
v 359.406005859375 233.01199340820312 92.20670318603516
v 46.67300033569336 157.8489990234375 0.46552199125289917
v 85.17389678955078 278.52899169921875 0.800000011920929
v 267.8919982910156 276.64801025390625 182.72500610351562
v 267.6520080566406 276.7929992675781 175.51600646972656
v 274.44500732421875 61.08300018310547 128.11199951171875
v 270.5929870605469 60.694000244140625 136.89500427246094
v 266.4939880371094 60.972801208496094 123.88600158691406
v 271.0039978027344 278.906005859375 0.800000011920929
v 271.5690002441406 278.8269958496094 0.800000011920929
v 270.74200439453125 278.843994140625 3.5097498893737793
v 96.91110229492188 85.75879669189453 64.06230163574219
v 100.38400268554688 86.14029693603516 58.575401306152344
v 271.87799072265625 278.5270080566406 2.1637001037597656
v 347.3590087890625 240.29800415039062 188.37600708007812
v 347.6520080566406 241.61000061035156 194.1199951171875
v 346.6400146484375 243.3679962158203 194.75100708007812
v 349.1759948730469 238.3350067138672 191.677001953125
v 111.13700103759766 65.10079956054688 131.97500610351562
v 115.40799713134766 64.52909851074219 141.677001953125
v 111.80999755859375 64.50769805908203 124.37699890136719
v 339.9800109863281 106.75299835205078 140.1300048828125
v 334.385986328125 99.51850128173828 136.8769989013672
v 335.1990051269531 101.38800048828125 145.08900451660156
v 337.6409912109375 103.1719970703125 132.5229949951172
v 95.27420043945312 280.5169982910156 0.800000011920929
v 312.7239990234375 86.63369750976562 185.61599731445312
v 96.18470001220703 280.6659851074219 0.800000011920929
v 220.15199279785156 280.8909912109375 1.5110399723052979
v 337.5190124511719 264.6600036621094 6.843259811401367
v 338.7950134277344 263.81298828125 12.578700065612793
v 331.1449890136719 266.1310119628906 15.574199676513672
v 66.70490264892578 249.71600341796875 175.77999877929688
v 70.91999816894531 251.3560028076172 169.17799377441406
v 67.67469787597656 246.72799682617188 168.20799255371094
v 331.61700439453125 258.656005859375 197.60000610351562
v 330.7550048828125 259.0719909667969 194.45399475097656
v 167.84800720214844 59.89440155029297 134.87899780273438
v 165.8769989013672 60.64970016479492 124.4209976196289
v 159.37600708007812 59.5629997253418 126.99500274658203
v 172.68699645996094 61.267601013183594 127.71700286865234
v 347.34100341796875 117.13300323486328 63.8838996887207
v 345.4169921875 115.73200225830078 60.76890182495117
v 346.14300537109375 113.54499816894531 67.4478988647461
v 346.00799560546875 118.21900177001953 58.439998626708984
v 237.23500061035156 282.2950134277344 4.043099880218506
v 237.1790008544922 282.31298828125 0.800000011920929
v 92.14240264892578 108.01599884033203 21.26689910888672
v 89.7666015625 111.19300079345703 19.69770050048828
v 96.00800323486328 104.83899688720703 21.71030044555664
v 247.42599487304688 282.0660095214844 0.800000011920929
v 247.9239959716797 282.1260070800781 3.784179925918579
v 50.42290115356445 230.7270050048828 194.64100646972656
v 50.90879821777344 228.3780059814453 189.13800048828125
v 252.6649932861328 281.6610107421875 4.272290229797363
v 297.4179992675781 107.43399810791016 8.359089851379395
v 300.6449890136719 107.88300323486328 4.982079982757568
v 106.27200317382812 74.86669921875 83.59809875488281
v 103.47699737548828 74.55889892578125 87.67070007324219
v 48.24800109863281 147.17300415039062 146.89300537109375
v 46.2942008972168 158.16299438476562 142.78500366210938
v 46.21580123901367 157.3719940185547 151.95399475097656
v 46.63779830932617 154.08700561523438 132.07699584960938
v 76.3822021484375 250.90699768066406 146.7790069580078
v 77.65390014648438 254.1479949951172 156.79600524902344
v 74.6572036743164 250.52999877929688 155.91900634765625
v 80.31529998779297 256.56201171875 144.70700073242188
v 235.86900329589844 282.6929931640625 0.800000011920929
v 51.763099670410156 156.7729949951172 14.482600212097168
v 48.288700103759766 161.29800415039062 12.239700317382812
v 50.06420135498047 160.63099670410156 15.470199584960938
v 372.4119873046875 243.72799682617188 5.863349914550781
v 337.9880065917969 134.6179962158203 7.629209995269775
v 334.6830139160156 133.76800537109375 13.430399894714355
v 336.4909973144531 132.36700439453125 6.757649898529053
v 98.779296875 277.2170104980469 57.67879867553711
v 91.54000091552734 272.6679992675781 50.85110092163086
v 100.7969970703125 276.3450012207031 54.24689865112305
v 92.2886962890625 275.0589904785156 56.45399856567383
v 99.2394027709961 74.9645004272461 94.67780303955078
v 97.8584976196289 77.27230072021484 87.94159698486328
v 95.2406997680664 76.99089813232422 96.36209869384766
v 98.62249755859375 77.64749908447266 85.32420349121094
v 191.63900756835938 283.7860107421875 1.0451799631118774
v 343.05499267578125 113.75 58.78120040893555
v 343.6889953613281 108.44599914550781 71.51909637451172
v 303.0369873046875 79.42369842529297 178.25100708007812
v 300.3840026855469 77.6001968383789 173.80999755859375
v 299.46099853515625 78.43890380859375 183.08700561523438
v 305.5639953613281 80.14320373535156 172.0760040283203
v 209.74600219726562 276.8559875488281 150.01800537109375
v 218.06300354003906 277.4169921875 146.031005859375
v 201.01199340820312 278.5119934082031 145.6750030517578
v 198.4320068359375 277.5270080566406 121.625
v 201.46499633789062 275.989990234375 120.09600067138672
v 198.22300720214844 278.2349853515625 128.41000366210938
v 197.25 277.7460021972656 114.03199768066406
v 208.61000061035156 283.58599853515625 0.800000011920929
v 209.68600463867188 283.5509948730469 1.5846600532531738
v 208.85499572753906 283.5610046386719 3.3887100219726562
v 207.53700256347656 283.5950012207031 0.800000011920929
v 71.93879699707031 245.69700622558594 134.96299743652344
v 73.78730010986328 248.6929931640625 133.77699279785156
v 72.6395034790039 246.33299255371094 142.03500366210938
v 71.06320190429688 245.45199584960938 130.5279998779297
v 82.20050048828125 273.9320068359375 64.23419952392578
v 86.3031005859375 275.489990234375 67.66329956054688
v 374.67999267578125 241.2530059814453 4.002349853515625
v 112.51599884033203 284.2919921875 1.4416899681091309
v 113.26599884033203 284.45001220703125 0.800000011920929
v 111.63200378417969 284.18499755859375 2.5212900638580322
v 163.17999267578125 78.94509887695312 34.97460174560547
v 164.177001953125 77.05780029296875 40.3297004699707
v 169.97999572753906 78.43240356445312 35.27519989013672
v 160.18699645996094 78.04399871826172 38.154598236083984
v 114.50399780273438 284.6440124511719 0.800000011920929
v 275.2409973144531 275.9679870605469 197.60000610351562
v 277.0369873046875 275.8689880371094 195.83999633789062
v 276.2439880371094 275.8280029296875 197.60000610351562
v 274.25201416015625 276.4360046386719 194.71299743652344
v 289.0060119628906 273.72100830078125 33.753700256347656
v 295.2229919433594 273.29998779296875 29.0310001373291
v 286.0400085449219 275.5480041503906 19.46150016784668
v 90.78800201416016 87.97460174560547 176.45899963378906
v 89.95690155029297 89.17489624023438 186.2969970703125
v 94.63249969482422 85.17430114746094 187.64700317382812
v 84.37920379638672 93.58180236816406 173.5260009765625
v 175.2469940185547 281.1669921875 153.7270050048828
v 178.48399353027344 280.64599609375 154.65899658203125
v 178.39300537109375 282.0690002441406 162.03700256347656
v 180.31300354003906 279.9259948730469 151.5050048828125
v 194.6199951171875 284.42999267578125 0.800000011920929
v 195.76499938964844 284.3949890136719 0.800000011920929
v 197.45899963378906 284.4049987792969 0.800000011920929
v 338.6669921875 254.1479949951172 36.80139923095703
v 339.0169982910156 251.3470001220703 38.656700134277344
v 336.9110107421875 252.968994140625 39.484500885009766
v 340.635986328125 251.13800048828125 37.47999954223633
v 282.1520080566406 63.27330017089844 145.91799926757812
v 281.9410095214844 61.698299407958984 138.1820068359375
v 310.1369934082031 271.7449951171875 74.1613998413086
v 117.22000122070312 285.177001953125 0.800000011920929
v 65.61389923095703 253.69700622558594 184.16799926757812
v 90.53700256347656 83.70390319824219 81.1760025024414
v 83.68910217285156 87.46150207519531 89.26470184326172
v 87.8467025756836 84.08419799804688 88.0978012084961
v 85.12169647216797 88.4623031616211 78.06320190429688
v 118.40399932861328 285.1990051269531 0.800000011920929
v 119.97599792480469 285.364990234375 0.800000011920929
v 120.80400085449219 285.6650085449219 0.800000011920929
v 122.4530029296875 285.4119873046875 6.489480018615723
v 151.72300720214844 285.2170104980469 0.800000011920929
v 152.5959930419922 285.22198486328125 1.54066002368927
v 152.69200134277344 285.3760070800781 4.029319763183594
v 151.16700744628906 285.33599853515625 0.800000011920929
v 153.27699279785156 285.1910095214844 0.800000011920929
v 154.42599487304688 285.3450012207031 3.4071600437164307
v 153.9550018310547 285.1910095214844 0.800000011920929
v 154.6320037841797 285.1910095214844 0.800000011920929
v 69.48210144042969 104.3010025024414 77.07039642333984
v 69.18479919433594 106.53199768066406 68.63929748535156
v 71.12339782714844 101.68800354003906 80.9135971069336
v 157.48500061035156 285.3240051269531 6.306940078735352
v 306.55499267578125 82.86209869384766 65.71260070800781
v 304.49200439453125 80.29109954833984 70.1677017211914
v 308.2959899902344 82.36129760742188 67.972900390625
v 302.0369873046875 83.35420227050781 62.73740005493164
v 92.58280181884766 87.37770080566406 194.11000061035156
v 90.83300018310547 88.9437026977539 195.05599975585938
v 158.9429931640625 285.2090148925781 0.800000011920929
v 159.68600463867188 285.2179870605469 0.800000011920929
v 159.94000244140625 285.34600830078125 4.808680057525635
v 367.4309997558594 220.0189971923828 82.60600280761719
v 365.6419982910156 222.6790008544922 86.13800048828125
v 160.8719940185547 285.2139892578125 0.800000011920929
v 162.23500061035156 285.1860046386719 0.800000011920929
v 163.46200561523438 285.3689880371094 5.195970058441162
v 366.1449890136719 219.78700256347656 53.60810089111328
v 365.6300048828125 217.75599670410156 51.32899856567383
v 367.66900634765625 217.47799682617188 56.36539840698242
v 363.6570129394531 221.9969940185547 50.11130142211914
v 139.76400756835938 282.9169921875 33.10070037841797
v 128.44400024414062 282.6709899902344 29.821300506591797
v 143.78700256347656 283.4419860839844 29.53459930419922
v 58.92959976196289 226.9969940185547 126.49600219726562
v 56.48849868774414 228.8040008544922 115.93299865722656
v 60.147098541259766 231.427001953125 121.21600341796875
v 56.2578010559082 224.47500610351562 120.99099731445312
v 374.81298828125 240.19000244140625 6.525179862976074
v 349.7929992675781 241.25799560546875 105.4729995727539
v 352.5409851074219 239.5780029296875 101.22699737548828
v 350.8450012207031 244.156005859375 98.24690246582031
v 42.22800064086914 181.25599670410156 193.0290069580078
v 42.24039840698242 183.22999572753906 195.6699981689453
v 42.347999572753906 180.76800537109375 197.60000610351562
v 42.24919891357422 185.03799438476562 194.7779998779297
v 294.510009765625 66.28520202636719 142.46400451660156
v 296.9909973144531 65.89420318603516 136.13999938964844
v 291.5899963378906 63.871498107910156 135.68899536132812
v 83.41290283203125 95.38269805908203 187.39700317382812
v 82.24030303955078 97.08270263671875 193.08900451660156
v 84.81559753417969 94.56449890136719 194.56300354003906
v 80.36129760742188 98.46700286865234 184.02499389648438
v 117.16200256347656 71.15699768066406 85.6404037475586
v 112.51799774169922 69.96769714355469 91.82140350341797
v 115.60199737548828 68.19180297851562 94.60009765625
v 111.5270004272461 72.83190155029297 84.83879852294922
v 329.1659851074219 259.3210144042969 41.75120162963867
v 327.7239990234375 261.2229919433594 35.81610107421875
v 325.5830078125 260.9259948730469 41.268001556396484
v 343.0979919433594 242.322998046875 161.4810028076172
v 341.1289978027344 246.7760009765625 174.20899963378906
v 144.56500244140625 285.9800109863281 0.800000011920929
v 144.86300659179688 286.0639953613281 3.3248400688171387
v 145.81900024414062 285.9630126953125 0.800000011920929
v 28.849700927734375 243.19900512695312 6.7754597663879395
v 30.587600708007812 247.48899841308594 6.10584020614624
v 220.43699645996094 76.60639953613281 50.529998779296875
v 221.2050018310547 80.36000061035156 36.92919921875
v 213.26400756835938 79.61799621582031 36.893798828125
v 225.3820037841797 77.70970153808594 47.01459884643555
v 41.685001373291016 212.52200317382812 32.543701171875
v 41.074100494384766 214.02200317382812 30.952499389648438
v 41.58489990234375 216.2969970703125 32.57709884643555
v 40.428001403808594 211.3780059814453 29.821800231933594
v 239.8280029296875 280.2229919433594 171.7100067138672
v 237.6320037841797 280.114013671875 162.4770050048828
v 241.74600219726562 279.82501220703125 168.51499938964844
v 233.66700744628906 279.9930114746094 168.44400024414062
v 171.9739990234375 285.9739990234375 0.800000011920929
v 173.36700439453125 285.92498779296875 0.800000011920929
v 172.9290008544922 285.9179992675781 4.399799823760986
v 103.38500213623047 97.84159851074219 25.774700164794922
v 100.03199768066406 100.44100189208984 24.53820037841797
v 108.8550033569336 94.61309814453125 27.246999740600586
v 176.45799255371094 285.9540100097656 0.800000011920929
v 177.89300537109375 285.9700012207031 0.800000011920929
v 179.07400512695312 285.97601318359375 0.800000011920929
v 83.53289794921875 259.9119873046875 159.92599487304688
v 86.3541030883789 261.2820129394531 150.50999450683594
v 91.30740356445312 265.2090148925781 153.11599731445312
v 84.07949829101562 259.82000732421875 146.80499267578125
v 297.18798828125 78.97669982910156 191.0019989013672
v 140.4290008544922 59.62229919433594 115.7760009765625
v 141.7220001220703 57.89419937133789 128.1540069580078
v 143.69500732421875 58.674598693847656 120.11499786376953
v 134.57200622558594 58.31959915161133 122.6729965209961
v 54.93669891357422 224.14500427246094 165.36199951171875
v 55.29790115356445 222.281005859375 158.8509979248047
v 57.72600173950195 228.1959991455078 162.06500244140625
v 52.733299255371094 218.3470001220703 162.29200744628906
v 313.56500244140625 78.96029663085938 144.17999267578125
v 312.8240051269531 75.69159698486328 135.44200134277344
v 308.5989990234375 75.38809967041016 145.60699462890625
v 316.34100341796875 78.9198989868164 135.32699584960938
v 178.83700561523438 90.12370300292969 0.800000011920929
v 179.44200134277344 90.02519989013672 3.0086400508880615
v 306.4230041503906 109.76899719238281 0.800000011920929
v 305.4429931640625 109.73200225830078 4.692309856414795
v 261.4429931640625 74.24720001220703 197.60000610351562
v 264.4570007324219 73.10910034179688 191.4969940185547
v 147.53900146484375 60.54949951171875 162.08299255371094
v 139.13999938964844 60.64789962768555 158.5970001220703
v 143.656005859375 61.185001373291016 163.2270050048828
v 141.2469940185547 59.19350051879883 152.8300018310547
v 294.7130126953125 271.6029968261719 153.03900146484375
v 293.1499938964844 273.2900085449219 142.00799560546875
v 300.3080139160156 270.1809997558594 150.6719970703125
v 52.78519821166992 239.01300048828125 197.60000610351562
v 52.97140121459961 238.53399658203125 195.7760009765625
v 53.40950012207031 240 197.60000610351562
v 52.5181999206543 238.03199768066406 197.60000610351562
v 209.8179931640625 91.26969909667969 6.310760021209717
v 278.8630065917969 67.41609954833984 93.75309753417969
v 118.74800109863281 278.5920104980469 172.80799865722656
v 121.66500091552734 279.8330078125 183.50399780273438
v 113.29399871826172 278.5450134277344 183.78799438476562
v 123.72899627685547 279.9230041503906 175.4499969482422
v 340.16900634765625 252.16799926757812 47.23630142211914
v 341.4840087890625 253.94400024414062 50.292198181152344
v 336.4590148925781 257.21600341796875 49.557899475097656
v 216.1490020751953 90.5989990234375 8.84589958190918
v 146.5290069580078 280.739013671875 134.63800048828125
v 140.14999389648438 281.34100341796875 139.17999267578125
v 75.76490020751953 255.18899536132812 165.9340057373047
v 187.01699829101562 91.10859680175781 0.800000011920929
v 72.02559661865234 266.99200439453125 42.25019836425781
v 75.61070251464844 270.6929931640625 40.71689987182617
v 69.26100158691406 265.2829895019531 41.94070053100586
v 163.08700561523438 283.3659973144531 120.10700225830078
v 167.73500061035156 283.0530090332031 130.43499755859375
v 158.36900329589844 282.8160095214844 127.08300018310547
v 173.5679931640625 283.2349853515625 126.30000305175781
v 207.4290008544922 91.74459838867188 5.6319899559021
v 205.20399475097656 92.6104965209961 5.025869846343994
v 63.19020080566406 270.1449890136719 25.756099700927734
v 69.1990966796875 271.74700927734375 30.67449951171875
v 60.42919921875 267.54901123046875 30.837900161743164
v 84.45220184326172 262.80999755859375 166.57400512695312
v 79.15850067138672 262.1619873046875 173.4929962158203
v 89.408203125 86.78880310058594 72.4823989868164
v 87.75700378417969 88.75309753417969 69.80760192871094
v 90.43779754638672 88.84159851074219 64.86430358886719
v 228.45199584960938 91.716796875 0.800000011920929
v 228.03700256347656 91.58879852294922 4.3808698654174805
v 229.91700744628906 91.74530029296875 0.800000011920929
v 227.29100036621094 91.7240982055664 0.800000011920929
v 362.2439880371094 235.0959930419922 77.44010162353516
v 361.01300048828125 238.70799255371094 67.0947036743164
v 362.57501220703125 235.34100341796875 69.73899841308594
v 358.010986328125 243.4010009765625 68.10880279541016
v 53.11309814453125 134.9149932861328 195.35000610351562
v 52.19179916381836 137.12399291992188 197.60000610351562
v 53.00199890136719 135.85699462890625 197.60000610351562
v 346.3089904785156 122.23600006103516 187.97300720214844
v 366.72100830078125 161.74099731445312 120.68000030517578
v 367.8819885253906 172.38099670410156 121.9010009765625
v 169.40199279785156 283.49700927734375 114.5479965209961
v 235.0189971923828 92.46630096435547 0.800000011920929
v 235.98800659179688 92.38739776611328 3.874150037765503
v 50.91210174560547 159.83999633789062 18.741899490356445
v 52.989200592041016 155.2790069580078 20.65290069580078
v 112.49600219726562 74.29100036621094 187.8159942626953
v 112.53900146484375 75.87979888916016 196.49600219726562
v 82.53500366210938 265.47601318359375 124.15599822998047
v 84.79570007324219 266.44000244140625 127.5459976196289
v 83.33190155029297 262.5329895019531 133.6909942626953
v 85.82589721679688 268.77899169921875 122.79100036621094
v 285.18798828125 272.90301513671875 189.21200561523438
v 291.03900146484375 271.5580139160156 186.33200073242188
v 289.24798583984375 272.0509948730469 193.3179931640625
v 95.16699981689453 81.32369995117188 154.02000427246094
v 92.05590057373047 82.31800079345703 147.3159942626953
v 91.06610107421875 85.0896987915039 155.91900634765625
v 183.83099365234375 62.934200286865234 156.10400390625
v 182.3179931640625 63.344398498535156 162.79800415039062
v 189.74099731445312 64.51069641113281 163.88099670410156
v 176.9499969482422 61.886199951171875 155.36000061035156
v 208.1959991455078 281.2669982910156 194.8419952392578
v 209.93600463867188 281.4939880371094 197.60000610351562
v 208.54200744628906 281.385009765625 197.60000610351562
v 134.85699462890625 94.03269958496094 5.6354498863220215
v 150.03799438476562 280.2239990234375 191.19500732421875
v 150.90499877929688 281.5769958496094 197.60000610351562
v 148.86399841308594 281.0220031738281 197.60000610351562
v 241.74000549316406 281.3420104980469 0.800000011920929
v 129.45799255371094 95.36019897460938 5.619009971618652
v 128.38699340820312 95.96640014648438 0.800000011920929
v 279.7659912109375 76.24739837646484 70.53520202636719
v 281.8810119628906 74.16690063476562 76.7957992553711
v 284.64300537109375 75.15019989013672 74.83820343017578
v 67.19920349121094 273.47100830078125 7.140140056610107
v 64.96949768066406 273.0400085449219 0.800000011920929
v 260.5580139160156 95.72740173339844 0.800000011920929
v 261.3789978027344 95.78559875488281 0.800000011920929
v 170.30999755859375 68.74230194091797 74.81210327148438
v 174.43899536132812 67.20610046386719 85.15059661865234
v 178.97500610351562 68.12770080566406 80.4614028930664
v 165.98399353027344 68.99700164794922 73.92420196533203
v 354.83599853515625 129.05599975585938 128.69000244140625
v 353.5400085449219 127.48999786376953 135.69700622558594
v 350.2770080566406 121.28199768066406 133.2209930419922
v 201.68899536132812 274.6409912109375 99.59110260009766
v 358.20098876953125 147.5260009765625 182.49200439453125
v 360.760986328125 155.95599365234375 185.0399932861328
v 361.24200439453125 155.80299377441406 175.1840057373047
v 359.2560119628906 152.06199645996094 190.2270050048828
v 327.5329895019531 259.5249938964844 180.6580047607422
v 331.9440002441406 257.4939880371094 187.85699462890625
v 328.07598876953125 260.1610107421875 189.28599548339844
v 331.2950134277344 256.9670104980469 179.73699951171875
v 54.81290054321289 234.07400512695312 183.02999877929688
v 56.38050079345703 233.6959991455078 177.6280059814453
v 56.5974006652832 238.13299560546875 183.55599975585938
v 55.13719940185547 229.802001953125 175.27099609375
v 343.4540100097656 112.75700378417969 151.55099487304688
v 340.114013671875 107.5469970703125 145.33999633789062
v 340.43701171875 108.64900207519531 150.86099243164062
v 343.87799072265625 112.11299896240234 141.73399353027344
v 74.33209991455078 124.63300323486328 8.24370002746582
v 72.22669982910156 127.24500274658203 8.958060264587402
v 75.52790069580078 125.3489990234375 11.20460033416748
v 299.69500732421875 274.2879943847656 92.62139892578125
v 301.49200439453125 273.9750061035156 86.49310302734375
v 294.5920104980469 275.2669982910156 82.6323013305664
v 234.16700744628906 280.37200927734375 142.29100036621094
v 242.39199829101562 280.5530090332031 150.76800537109375
v 236.06100463867188 280.9630126953125 153.74600219726562
v 241.30099487304688 279.89898681640625 132.1479949951172
v 268.07598876953125 278.0679931640625 27.977699279785156
v 267.6579895019531 276.8680114746094 35.6963996887207
v 260.93701171875 278.302001953125 31.173099517822266
v 273.9469909667969 276.33099365234375 34.76139831542969
v 99.06539916992188 107.33200073242188 6.451429843902588
v 121.94100189208984 97.53559875488281 5.9959001541137695
v 120.27100372314453 98.23979949951172 0.800000011920929
v 119.3219985961914 98.45719909667969 5.405089855194092
v 288.1570129394531 275.3559875488281 130.5540008544922
v 295.70098876953125 273.8429870605469 130.52200317382812
v 286.5780029296875 275.9419860839844 118.44300079345703
v 131.7050018310547 63.023399353027344 104.85099792480469
v 364.3370056152344 196.82000732421875 194.45399475097656
v 364.51300048828125 196.57200622558594 197.60000610351562
v 35.31769943237305 179.02200317382812 49.65719985961914
v 97.34459686279297 270.69000244140625 168.21800231933594
v 95.47750091552734 273.8789978027344 179.81300354003906
v 89.29930114746094 270.95599365234375 178.4010009765625
v 103.91000366210938 275.2030029296875 175.81500244140625
v 118.83799743652344 98.6969985961914 0.800000011920929
v 110.43099975585938 88.86750030517578 39.12220001220703
v 106.47000122070312 90.3053970336914 39.221500396728516
v 110.63700103759766 91.16300201416016 33.27750015258789
v 207.6999969482422 91.7300033569336 10.60890007019043
v 208.61099243164062 88.6239013671875 17.25819969177246
v 204.11700439453125 93.97160339355469 11.069899559020996
v 290.2300109863281 275.6239929199219 108.1780014038086
v 295.9309997558594 274.2860107421875 119.83999633789062
v 297.75 274.2560119628906 108.9520034790039
v 278.2799987792969 100.16200256347656 0.800000011920929
v 279.614013671875 100.74400329589844 4.934380054473877
v 316.3599853515625 266.25 34.92179870605469
v 319.2149963378906 265.2179870605469 34.135398864746094
v 321.3190002441406 262.7030029296875 39.80149841308594
v 315.7749938964844 267.81201171875 30.525800704956055
v 267.91400146484375 86.09819793701172 40.57440185546875
v 270.14599609375 85.43350219726562 43.48469924926758
v 266.52899169921875 87.96610260009766 35.45840072631836
v 54.04880142211914 224.73699951171875 170.75399780273438
v 207.60299682617188 74.86990356445312 52.65610122680664
v 204.93899536132812 76.60790252685547 44.660301208496094
v 201.91200256347656 75.53199768066406 47.77280044555664
v 213.54299926757812 77.12110137939453 45.84619903564453
v 292.7099914550781 104.93499755859375 5.35699987411499
v 295.5450134277344 105.87899780273438 5.043290138244629
v 101.81999969482422 106.06900024414062 6.898759841918945
v 104.65799713134766 104.86000061035156 7.046020030975342
v 296.42401123046875 105.77200317382812 0.800000011920929
v 343.4580078125 108.0780029296875 110.61900329589844
v 341.96099853515625 105.4000015258789 104.60199737548828
v 345.5820007324219 110.26599884033203 104.79000091552734
v 272.00201416015625 278.10400390625 8.229780197143555
v 300.9100036621094 107.48699951171875 0.800000011920929
v 361.14898681640625 186.4080047607422 24.572099685668945
v 358.9219970703125 184.14599609375 25.795700073242188
v 307.9960021972656 110.75 3.9867498874664307
v 237.0330047607422 279.6390075683594 74.22019958496094
v 344.6260070800781 251.33900451660156 101.30599975585938
v 346.8160095214844 247.61599731445312 102.95700073242188
v 342.6340026855469 252.3979949951172 104.41300201416016
v 344.9679870605469 252.13999938964844 98.04450225830078
v 347.26800537109375 242.56100463867188 110.28099822998047
v 345.31201171875 244.5500030517578 112.58300018310547
v 308.8429870605469 110.93800354003906 0.800000011920929
v 307.8330078125 110.39800262451172 0.800000011920929
v 90.39810180664062 111.90799713134766 4.870699882507324
v 260.5580139160156 279.57501220703125 113.3030014038086
v 264.9100036621094 279.1210021972656 106.46199798583984
v 263.3479919433594 279.24700927734375 118.56300354003906
v 261.7279968261719 279.52899169921875 104.69000244140625
v 199.89199829101562 280.0929870605469 178.45599365234375
v 204.4239959716797 279.4070129394531 173.0970001220703
v 192.93499755859375 279.32501220703125 177.27099609375
v 359.5190124511719 226.76300048828125 47.00640106201172
v 361.65301513671875 223.97900390625 48.126800537109375
v 362.197998046875 226.7689971923828 50.722198486328125
v 359.1159973144531 221.56399536132812 44.448699951171875
v 314.9010009765625 114.94200134277344 6.033390045166016
v 312.6130065917969 113.4800033569336 5.445089817047119
v 28.19849967956543 212.35899353027344 13.79520034790039
v 26.176799774169922 208.79100036621094 6.9631500244140625
v 28.941699981689453 205.4969940185547 12.645000457763672
v 369.8489990234375 206.12600708007812 87.0625991821289
v 370.22698974609375 199.97500610351562 91.02079772949219
v 367.9840087890625 206.27499389648438 97.37310028076172
v 370.0799865722656 209.27999877929688 80.25669860839844
v 355.12200927734375 126.90399932861328 86.40170288085938
v 350.9580078125 119.12000274658203 78.60639953613281
v 351.9590148925781 120.06400299072266 90.01139831542969
v 351.875 121.9280014038086 73.82740020751953
v 370.2430114746094 174.43899536132812 80.0530014038086
v 369.0889892578125 167.49899291992188 92.76480102539062
v 370.8380126953125 181.91200256347656 90.59950256347656
v 369.6369934082031 169.48300170898438 84.30979919433594
v 323.3739929199219 263.885986328125 32.511600494384766
v 151.71499633789062 281.8500061035156 78.27200317382812
v 146.947998046875 282.875 73.7959976196289
v 95.77890014648438 74.43440246582031 115.65399932861328
v 93.48480224609375 76.76750183105469 109.63899993896484
v 96.91629791259766 73.85810089111328 106.78199768066406
v 154.44700622558594 284.697998046875 18.066699981689453
v 152.0919952392578 283.69500732421875 29.409400939941406
v 148.1959991455078 284.8609924316406 15.814200401306152
v 39.094398498535156 241.28199768066406 30.340900421142578
v 42.392601013183594 241.16099548339844 33.35409927368164
v 40.33039855957031 238.04299926757812 32.121700286865234
v 39.04050064086914 245.14599609375 28.76020050048828
v 36.86349868774414 181.01499938964844 75.58460235595703
v 77.08830261230469 266.08599853515625 46.919700622558594
v 77.66680145263672 267.20098876953125 45.07640075683594
v 80.470703125 267.6260070800781 47.903099060058594
v 77.28119659423828 268.32000732421875 43.68510055541992
v 75.36029815673828 122.42900085449219 5.636109828948975
v 74.13880157470703 122.51599884033203 0.800000011920929
v 337.2590026855469 257.97100830078125 34.3468017578125
v 340.95001220703125 253.68099975585938 35.57820129394531
v 31.622900009155273 193.96400451660156 52.941200256347656
v 359.89898681640625 216.2010040283203 43.35409927368164
v 359.4989929199219 213.1699981689453 41.95429992675781
v 361.2669982910156 215.38699340820312 44.4718017578125
v 358.1969909667969 216.9980010986328 41.777198791503906
v 70.26380157470703 262.2749938964844 45.057498931884766
v 273.9110107421875 98.94499969482422 12.295299530029297
v 271.23199462890625 98.65840148925781 7.909510135650635
v 269.0419921875 97.59619903564453 13.039400100708008
v 288.85101318359375 104.3030014038086 10.705599784851074
v 283.50201416015625 102.52899932861328 13.002300262451172
v 287.6289978027344 102.79399871826172 17.160900115966797
v 285.8039855957031 103.4010009765625 9.351320266723633
v 321.9620056152344 264.0950012207031 48.16740036010742
v 323.875 265.34600830078125 54.13990020751953
v 323.4289855957031 266.302001953125 59.44240188598633
v 324.9330139160156 263.2300109863281 48.74599838256836
v 336.2279968261719 130.98199462890625 4.006919860839844
v 310.9320068359375 76.3904037475586 85.50189971923828
v 306.1189880371094 76.57769775390625 79.64240264892578
v 305.7560119628906 74.26190185546875 85.29640197753906
v 311.3009948730469 78.40480041503906 79.37960052490234
v 338.3599853515625 133.72000122070312 4.707560062408447
v 342.39801025390625 137.8800048828125 0.800000011920929
v 360.4020080566406 214.71400451660156 193.1739959716797
v 358.59600830078125 216.43499755859375 183.83900451660156
v 175.08999633789062 62.724098205566406 164.69400024414062
v 169.61000061035156 60.710201263427734 154.31399536132812
v 85.02770233154297 97.54889678955078 51.99829864501953
v 83.83830261230469 95.53679656982422 59.345001220703125
v 91.25160217285156 93.34960174560547 51.99369812011719
v 82.41549682617188 97.8290023803711 56.387901306152344
v 55.18349838256836 143.41600036621094 0.800000011920929
v 232.93099975585938 86.06539916992188 25.478099822998047
v 364.3680114746094 188.6439971923828 165.34100341796875
v 364.7909851074219 182.40199279785156 166.71400451660156
v 364.2380065917969 188.9709930419922 175.86099243164062
v 365.01800537109375 185.7760009765625 155.906005859375
v 50.849700927734375 149.58099365234375 0.800000011920929
v 49.83789825439453 151.7010040283203 3.955049991607666
v 50.27180099487305 150.43499755859375 0.800000011920929
v 350.8999938964844 150.4010009765625 4.182950019836426
v 351.4100036621094 152.08599853515625 6.064149856567383
v 350.1059875488281 151.1490020751953 8.015430450439453
v 351.1619873046875 131.77000427246094 193.4980010986328
v 349.44000244140625 128.96299743652344 197.60000610351562
v 351.1440124511719 131.10499572753906 187.70700073242188
v 55.475101470947266 126.18499755859375 78.39579772949219
v 55.51559829711914 125.65799713134766 85.08429718017578
v 58.05189895629883 121.65799713134766 74.7063980102539
v 54.980899810791016 128.281005859375 71.87799835205078
v 337.3909912109375 251.36500549316406 177.15699768066406
v 87.45359802246094 267.9100036621094 130.3719940185547
v 90.45690155029297 266.9119873046875 141.49000549316406
v 86.5105972290039 264.0069885253906 139.4459991455078
v 90.30570220947266 269.7909851074219 131.4810028076172
v 359.1610107421875 193.41700744628906 33.93980026245117
v 360.1960144042969 191.66900634765625 38.05139923095703
v 359.4200134277344 196.66400146484375 36.932498931884766
v 359.0270080566406 190.7209930419922 33.724700927734375
v 367.385986328125 181.0780029296875 130.6280059814453
v 367.94500732421875 179.32400512695312 123.65599822998047
v 366.75799560546875 171.6320037841797 135.5919952392578
v 85.91999816894531 89.09349822998047 152.2969970703125
v 88.83489990234375 88.43000030517578 163.83099365234375
v 359.5690002441406 163.81700134277344 3.2867701053619385
v 55.02669906616211 129.6009979248047 156.77000427246094
v 51.42620086669922 137.93699645996094 151.63699340820312
v 52.854801177978516 134.96600341796875 165.03700256347656
v 55.09479904174805 129.38800048828125 145.60699462890625
v 32.38959884643555 193.28399658203125 46.00790023803711
v 33.31100082397461 196.72900390625 40.617801666259766
v 71.50599670410156 109.05699920654297 193.9980010986328
v 68.30079650878906 111.96199798583984 187.3470001220703
v 69.1218032836914 111.97100067138672 197.60000610351562
v 73.43250274658203 105.98799896240234 185.14100646972656
v 360.40399169921875 165.8699951171875 5.154099941253662
v 360.02099609375 164.302001953125 0.800000011920929
v 330.010009765625 130.27000427246094 15.762399673461914
v 173.84100341796875 69.02079772949219 73.12249755859375
v 59.47100067138672 120.52200317382812 115.5009994506836
v 38.82899856567383 172.51499938964844 5.82535982131958
v 38.055599212646484 173.156005859375 4.647160053253174
v 329.1080017089844 88.64759826660156 92.69730377197266
v 330.12200927734375 90.0740966796875 100.31600189208984
v 333.25201416015625 93.17410278320312 94.1865005493164
v 327.78399658203125 87.56580352783203 100.91200256347656
v 130.64199829101562 74.92019653320312 66.57620239257812
v 126.37300109863281 73.14109802246094 75.11170196533203
v 126.7030029296875 76.00530242919922 65.34349822998047
v 340.6080017089844 246.26400756835938 128.28500366210938
v 338.5769958496094 247.15899658203125 138.26199340820312
v 36.07659912109375 200.8040008544922 36.4468994140625
v 293.531005859375 97.49929809570312 32.06679916381836
v 148.2729949951172 89.5978012084961 9.096190452575684
v 145.55099487304688 88.44429779052734 12.83430004119873
v 369.3919982910156 180.02200317382812 0.800000011920929
v 34.381900787353516 181.0500030517578 5.298130035400391
v 311.34100341796875 270.85699462890625 14.75570011138916
v 314.67401123046875 270.07000732421875 11.262399673461914
v 370.947998046875 182.4290008544922 0.800000011920929
v 369.6199951171875 181.69000244140625 5.797309875488281
v 124.69000244140625 71.98509979248047 195.4550018310547
v 120.14099884033203 72.34510040283203 191.6320037841797
v 119.08999633789062 73.19270324707031 194.69200134277344
v 127.80500030517578 71.02670288085938 193.42799377441406
v 103.5469970703125 105.01499938964844 12.128800392150879
v 43.528499603271484 201.33999633789062 192.3769989013672
v 44.86819839477539 202.59300231933594 180.77200317382812
v 43.04410171508789 195.4149932861328 188.30099487304688
v 92.60220336914062 279.7309875488281 8.742059707641602
v 368.7040100097656 246.68800354003906 9.162090301513672
v 373.4429931640625 239.76600646972656 11.791099548339844
v 369.6470031738281 243.6540069580078 15.544500350952148
v 29.187700271606445 192.4010009765625 0.800000011920929
v 29.3710994720459 193.98500061035156 6.310649871826172
v 29.725000381469727 191.531005859375 4.642580032348633
v 28.422300338745117 194.55099487304688 0.800000011920929
v 28.17020034790039 196.2310028076172 4.323740005493164
v 28.40530014038086 199.21299743652344 7.920209884643555
v 26.97089958190918 200.96400451660156 4.710879802703857
v 43.56019973754883 158.7740020751953 45.43389892578125
v 58.98540115356445 234.67300415039062 170.57200622558594
v 377.7489929199219 198.4550018310547 3.8797600269317627
v 378.1549987792969 198.61900329589844 0.800000011920929
v 205.96600341796875 73.06089782714844 194.51499938964844
v 204.41700744628906 74.28099822998047 197.60000610351562
v 206.20199584960938 74.32520294189453 197.60000610351562
v 88.78410339355469 109.72100067138672 22.68869972229004
v 85.95600128173828 110.0199966430664 25.716699600219727
v 88.83550262451172 107.27300262451172 26.086599349975586
v 83.92179870605469 114.7490005493164 22.00779914855957
v 37.90629959106445 175.30599975585938 6.995049953460693
v 36.16619873046875 178.57000732421875 6.810850143432617
v 39.96149826049805 175.82000732421875 11.730899810791016
v 317.89898681640625 79.45890045166016 129.2969970703125
v 62.03390121459961 254.35699462890625 46.705501556396484
v 60.18939971923828 252.7989959716797 44.13130187988281
v 64.38310241699219 256.7070007324219 46.0348014831543
v 346.8059997558594 242.75799560546875 38.545501708984375
v 345.3599853515625 245.43299865722656 37.93220138549805
v 347.8030090332031 244.41799926757812 37.090301513671875
v 343.6629943847656 245.63900756835938 39.667301177978516
v 381.2760009765625 212.46200561523438 0.800000011920929
v 381.30499267578125 213.2740020751953 3.1489899158477783
v 381.36700439453125 213.00599670410156 0.800000011920929
v 381.3840026855469 213.59800720214844 0.800000011920929
v 45.76020050048828 163.51100158691406 9.772439956665039
v 381.38800048828125 214.47000122070312 0.800000011920929
v 381.4110107421875 216.08599853515625 0.800000011920929
v 381.21099853515625 214.91400146484375 4.236839771270752
v 329.6409912109375 257.1570129394531 173.42300415039062
v 44.048500061035156 205.13099670410156 196.95899963378906
v 44.2140007019043 206.5240020751953 197.60000610351562
v 24.54159927368164 216.94200134277344 0.800000011920929
v 24.66309928894043 217.77999877929688 4.577559947967529
v 336.82501220703125 106.1760025024414 58.328399658203125
v 341.3450012207031 106.23699951171875 68.5999984741211
v 340.3210144042969 108.82099914550781 60.85169982910156
v 337.0320129394531 102.15699768066406 66.193603515625
v 328.8680114746094 264.56298828125 59.602901458740234
v 381.31298828125 219.5070037841797 0.800000011920929
v 24.903799057006836 224.2989959716797 6.085060119628906
v 24.53660011291504 223.9459991455078 0.800000011920929
v 57.24869918823242 236.91799926757812 109.86399841308594
v 57.93560028076172 233.51300048828125 114.23699951171875
v 24.635099411010742 227.70599365234375 4.479040145874023
v 24.48819923400879 228.60400390625 0.800000011920929
v 186.98699951171875 67.01809692382812 92.90640258789062
v 379.510986328125 230.44000244140625 6.086520195007324
v 64.21749877929688 259.7699890136719 97.4729995727539
v 79.00849914550781 113.3489990234375 30.687299728393555
v 26.250999450683594 236.7449951171875 5.119050025939941
v 42.26459884643555 179.2530059814453 197.57699584960938
v 42.56869888305664 177.38900756835938 195.28799438476562
v 111.26499938964844 67.3373031616211 143.85499572753906
v 378.1400146484375 233.82400512695312 6.177710056304932
v 376.239990234375 236.9669952392578 7.662099838256836
v 176.0590057373047 282.9930114746094 108.27200317382812
v 185.01199340820312 282.05999755859375 115.58399963378906
v 180.7989959716797 282.32000732421875 122.00399780273438
v 182.6959991455078 282.50799560546875 103.9540023803711
v 342.8330078125 143.0489959716797 28.087299346923828
v 346.4960021972656 145.31500244140625 31.708099365234375
v 340.03399658203125 138.46400451660156 27.915599822998047
v 83.73280334472656 272.9880065917969 191.1529998779297
v 88.66320037841797 274.125 188.2989959716797
v 85.43109893798828 274.6130065917969 195.36099243164062
v 85.40869903564453 272.0400085449219 185.5679931640625
v 284.30499267578125 76.60749816894531 197.60000610351562
v 369.760009765625 247.3560028076172 0.800000011920929
v 369.8340148925781 247.02200317382812 4.435349941253662
v 368.5450134277344 248.4040069580078 0.800000011920929
v 370.4389953613281 246.66299438476562 2.039060115814209
v 364.260009765625 226.89700317382812 32.56959915161133
v 362.29998779296875 229.38099670410156 33.44449996948242
v 365.8479919433594 228.7550048828125 31.098400115966797
v 361.8190002441406 224.156005859375 33.69309997558594
v 369.9909973144531 190.06900024414062 59.89870071411133
v 368.72601318359375 183.64199829101562 56.92380142211914
v 64.02330017089844 263.7040100097656 56.46289825439453
v 61.58169937133789 264.0870056152344 61.051300048828125
v 58.16230010986328 261.52398681640625 60.90140151977539
v 66.00389862060547 265.4840087890625 57.791099548339844
v 47.43119812011719 199.46200561523438 120.91600036621094
v 81.10250091552734 91.87699890136719 131.38999938964844
v 80.47109985351562 91.58209991455078 118.94100189208984
v 79.393798828125 93.86640167236328 128.39999389648438
v 359.8550109863281 254.59800720214844 0.800000011920929
v 358.29901123046875 255.63499450683594 5.380370140075684
v 360.92401123046875 253.85800170898438 3.3293299674987793
v 358.8789978027344 255.24899291992188 0.800000011920929
v 339.6709899902344 260.1520080566406 61.70859909057617
v 341.7239990234375 258.34698486328125 59.89120101928711
v 342.9469909667969 258.2359924316406 64.18460083007812
v 341.24798583984375 257.45098876953125 56.602699279785156
v 53.38479995727539 249.99200439453125 38.78900146484375
v 53.27330017089844 252.75799560546875 38.355499267578125
v 358.4840087890625 225.73500061035156 35.421199798583984
v 164.7570037841797 89.90450286865234 4.8142900466918945
v 139.95199584960938 62.745399475097656 166.31500244140625
v 137.44500732421875 64.89830017089844 171.58200073242188
v 145.7729949951172 65.73930358886719 178.20399475097656
v 134.5279998779297 62.03499984741211 159.85899353027344
v 311.19500732421875 114.83599853515625 18.501300811767578
v 307.2300109863281 110.98300170898438 20.78580093383789
v 65.07340240478516 109.1729965209961 84.80680084228516
v 61.9275016784668 114.56300354003906 78.10389709472656
v 61.14360046386719 114.89299774169922 89.07230377197266
v 66.45909881591797 108.37899780273438 75.04949951171875
v 350.4429931640625 232.84800720214844 118.21800231933594
v 350.12298583984375 231.802001953125 127.6760025024414
v 156.78500366210938 283.4389953613281 103.66400146484375
v 149.71600341796875 283.0840148925781 106.93299865722656
v 339.4389953613281 110.87000274658203 174.55999755859375
v 340.35400390625 109.66600036621094 159.97000122070312
v 335.7860107421875 105.74600219726562 168.66900634765625
v 343.2040100097656 113.78700256347656 162.17599487304688
v 83.54949951171875 96.4220962524414 197.60000610351562
v 84.34940338134766 95.6854019165039 197.60000610351562
v 342.5669860839844 109.30699920654297 131.8780059814453
v 340.6189880371094 105.67500305175781 121.61599731445312
v 72.72119903564453 268.0069885253906 94.68379974365234
v 66.56269836425781 266.2200012207031 85.67150115966797
v 72.21189880371094 269.31201171875 86.9738998413086
v 66.1010971069336 264.3869934082031 91.12429809570312
v 193.50799560546875 279.9540100097656 120.302001953125
v 189.41099548339844 281.5360107421875 112.25299835205078
v 319.4549865722656 269.5719909667969 0.800000011920929
v 318.1679992675781 269.8269958496094 5.261940002441406
v 60.637001037597656 120.53700256347656 169.48399353027344
v 62.44380187988281 116.47699737548828 157.26400756835938
v 57.820098876953125 124.87999725341797 165.63900756835938
v 66.902099609375 110.29100036621094 159.69900512695312
v 320.3380126953125 269.25201416015625 0.800000011920929
v 84.16059875488281 88.3010025024414 130.7830047607422
v 87.38059997558594 85.03630065917969 135.21099853515625
v 65.80970001220703 120.46099853515625 44.25510025024414
v 67.9646987915039 125.00599670410156 32.18109893798828
v 63.45280075073242 129.87399291992188 33.56460189819336
v 69.31169891357422 118.52400207519531 39.963401794433594
v 286.5379943847656 74.30280303955078 182.95599365234375
v 282.0249938964844 74.08830261230469 186.32400512695312
v 277.3039855957031 71.62969970703125 179.23399353027344
v 329.36199951171875 110.58499908447266 42.35100173950195
v 333.8970031738281 110.46199798583984 47.940399169921875
v 306.4649963378906 272.218994140625 0.800000011920929
v 308.0260009765625 271.9630126953125 0.800000011920929
v 306.38299560546875 272.4670104980469 6.025710105895996
v 63.471500396728516 272.6650085449219 0.800000011920929
v 63.72209930419922 272.5379943847656 5.659210205078125
v 102.15499877929688 278.5710144042969 72.91110229492188
v 103.65699768066406 278.70001220703125 66.21289825439453
v 108.78299713134766 278.9639892578125 75.11289978027344
v 97.3156967163086 278.1629943847656 61.82429885864258
v 356.1409912109375 221.49899291992188 39.89229965209961
v 355.93798828125 223.4040069580078 37.414798736572266
v 42.551300048828125 184.0260009765625 186.74099731445312
v 43.385501861572266 188.49600219726562 177.3209991455078
v 43.830501556396484 195.24000549316406 181.9949951171875
v 178.49400329589844 283.3609924316406 29.827600479125977
v 179.5290069580078 282.4179992675781 34.180599212646484
v 173.1790008544922 283.10198974609375 32.64139938354492
v 182.98199462890625 283.2900085449219 27.10700035095215
v 78.25150299072266 264.8039855957031 179.54600524902344
v 74.61370086669922 262.3489990234375 181.1649932861328
v 38.00410079956055 177.59800720214844 35.91659927368164
v 37.023101806640625 176.11399841308594 41.51559829711914
v 289.1319885253906 275.4469909667969 0.800000011920929
v 290.0690002441406 275.31500244140625 5.96953010559082
v 287.00299072265625 275.7250061035156 3.8658599853515625
v 290.2539978027344 275.16900634765625 0.800000011920929
v 103.95999908447266 104.77799987792969 3.808490037918091
v 167.57200622558594 85.18900299072266 16.050100326538086
v 161.62399291992188 85.0656967163086 16.5935001373291
v 162.04600524902344 83.5250015258789 21.400699615478516
v 161.73199462890625 87.14700317382812 11.451399803161621
v 294.6579895019531 274.7950134277344 7.366209983825684
v 33.8119010925293 202.9250030517578 19.44099998474121
v 141.6490020751953 280.2749938964844 49.854801177978516
v 142.9810028076172 281.8500061035156 55.747798919677734
v 136.74200439453125 280.3420104980469 51.137001037597656
v 149.54200744628906 281.25201416015625 51.82360076904297
v 245.84800720214844 279.43701171875 163.31100463867188
v 120.47000122070312 279.8550109863281 111.94300079345703
v 123.7770004272461 278.89300537109375 118.33999633789062
v 127.3550033569336 279.5039978027344 117.87699890136719
v 282.25201416015625 276.0050048828125 4.773580074310303
v 294.6260070800781 275.1029968261719 98.12670135498047
v 302.96099853515625 273.239013671875 103.2040023803711
v 285.88299560546875 275.8340148925781 0.800000011920929
v 287.760986328125 275.72100830078125 0.800000011920929
v 58.10169982910156 243.36000061035156 186.83599853515625
v 76.4738998413086 276.322998046875 6.948820114135742
v 141.58099365234375 285.12298583984375 12.389100074768066
v 361.2820129394531 147.71299743652344 61.49169921875
v 359.36700439453125 143.48800659179688 60.82310104370117
v 359.45001220703125 147.4550018310547 54.41279983520508
v 357.5169982910156 220.65499877929688 118.9280014038086
v 359.3789978027344 214.98399353027344 126.5770034790039
v 355.4070129394531 223.24400329589844 122.072998046875
v 362.0199890136719 209.33900451660156 124.19400024414062
v 57.322601318359375 127.13999938964844 192.48800659179688
v 56.020599365234375 130.33099365234375 197.60000610351562
v 57.329898834228516 127.63500213623047 197.60000610351562
v 64.96880340576172 260.54400634765625 197.60000610351562
v 66.01000213623047 260.40899658203125 194.11900329589844
v 65.69920349121094 261.35101318359375 197.60000610351562
v 64.65239715576172 257.5740051269531 192.2010040283203
v 84.81189727783203 277.3080139160156 18.022600173950195
v 92.17500305175781 278.6860046386719 18.373600006103516
v 88.05169677734375 278.4360046386719 12.670599937438965
v 361.9739990234375 231.47500610351562 86.21810150146484
v 282.822998046875 63.31340026855469 111.10099792480469
v 284.1940002441406 62.184600830078125 123.46600341796875
v 293.2919921875 63.791099548339844 125.7249984741211
v 88.55850219726562 279.11700439453125 6.305220127105713
v 90.0604019165039 279.39599609375 0.800000011920929
v 354.0820007324219 127.43800354003906 71.06849670410156
v 356.9849853515625 132.52099609375 74.50550079345703
v 40.59040069580078 186.46499633789062 97.8812026977539
v 41.93519973754883 188.71200561523438 104.26000213623047
v 350.0039978027344 116.7760009765625 89.63749694824219
v 351.8949890136719 119.65299987792969 94.65709686279297
v 258.3500061035156 280.989990234375 0.800000011920929
v 260.0159912109375 280.6470031738281 0.800000011920929
v 263.6520080566406 280.427001953125 0.800000011920929
v 263.53900146484375 280.260009765625 4.078959941864014
v 262.1990051269531 280.4840087890625 0.800000011920929
v 264.86199951171875 280.0769958496094 1.1667900085449219
v 358.5820007324219 166.53799438476562 10.806300163269043
v 356.968994140625 164.56700134277344 11.793600082397461
v 358.40301513671875 163.80099487304688 7.1777801513671875
v 46.70100021362305 230.781005859375 41.778499603271484
v 358.5580139160156 146.218994140625 171.6009979248047
v 216.69500732421875 281.9540100097656 6.37253999710083
v 223.697998046875 282.14300537109375 0.800000011920929
v 379.5740051269531 227.94200134277344 8.066450119018555
v 378.1059875488281 225.86199951171875 12.849200248718262
v 377.0450134277344 231.78799438476562 11.913399696350098
v 246.16799926757812 281.6159973144531 7.062320232391357
v 246.06300354003906 282.0559997558594 0.800000011920929
v 82.54090118408203 113.36299896240234 25.390899658203125
v 60.50310134887695 254.30799865722656 48.553001403808594
v 64.40910339355469 258.5320129394531 49.975101470947266
v 59.366600036621094 256.6619873046875 50.95090103149414
v 111.4260025024414 283.8630065917969 0.800000011920929
v 280.6199951171875 78.30590057373047 65.00669860839844
v 277.6470031738281 80.40239715576172 58.99190139770508
v 289.27301025390625 80.30449676513672 63.515899658203125
v 173.71200561523438 68.7645034790039 187.06300354003906
v 178.4720001220703 70.93949890136719 192.3489990234375
v 183.9080047607422 70.90270233154297 191.22300720214844
v 172.4340057373047 71.05149841308594 193.90499877929688
v 110.58000183105469 73.33380126953125 169.25399780273438
v 106.58699798583984 75.7739028930664 171.4219970703125
v 109.3759994506836 73.04519653320312 162.67799377441406
v 271.75 278.70001220703125 88.59760284423828
v 281.19500732421875 277.0799865722656 106.58300018310547
v 272.9490051269531 278.43499755859375 106.56099700927734
v 284.5740051269531 276.82000732421875 96.62989807128906
v 326.17401123046875 264.1210021972656 30.34869956970215
v 329.4230041503906 263.739013671875 28.53339958190918
v 324.3380126953125 266.4339904785156 22.55769920349121
v 250.2550048828125 281.5159912109375 7.244319915771484
v 185.468994140625 284.4750061035156 5.615479946136475
v 187.3209991455078 284.3009948730469 5.7923197746276855
v 193.64199829101562 284.12799072265625 10.165300369262695
v 199.63099670410156 284.4840087890625 4.53439998626709
v 86.36000061035156 114.63899993896484 18.93560028076172
v 239.1529998779297 92.55560302734375 5.461679935455322
v 119.89299774169922 285.2510070800781 5.5738301277160645
v 180.33399963378906 285.83599853515625 0.800000011920929
v 218.4510040283203 281.3739929199219 4.9572601318359375
v 221.97900390625 281.1050109863281 8.197420120239258
v 151.6020050048828 285.42999267578125 6.972109794616699
v 75.7416000366211 102.49800109863281 175.83799743652344
v 69.25779724121094 109.07599639892578 173.91000366210938
v 73.26740264892578 105.3740005493164 178.52099609375
v 71.14830017089844 106.1050033569336 167.4980010986328
v 164.58799743652344 285.4440002441406 0.800000011920929
v 166.08099365234375 285.8429870605469 0.800000011920929
v 166.7310028076172 285.6440124511719 5.091479778289795
v 349.51800537109375 231.83299255371094 139.23800659179688
v 350.00201416015625 231.3489990234375 153.38999938964844
v 347.510009765625 234.9929962158203 148.8509979248047
v 352.1340026855469 227.88299560546875 138.30099487304688
v 315.4169921875 109.26699829101562 30.491300582885742
v 319.42999267578125 111.56700134277344 31.224199295043945
v 124.75 286.0050048828125 0.800000011920929
v 127.0270004272461 286.00299072265625 3.9373300075531006
v 125.6760025024414 285.6340026855469 7.137139797210693
v 125.96900177001953 286.0169982910156 0.800000011920929
v 135.19900512695312 285.9389953613281 4.759049892425537
v 135.36099243164062 285.96600341796875 0.800000011920929
v 136.47300720214844 285.87701416015625 0.800000011920929
v 87.4094009399414 101.45099639892578 38.578399658203125
v 83.5958023071289 103.56700134277344 40.68119812011719
v 84.01689910888672 101.04399871826172 45.903900146484375
v 84.09639739990234 105.6259994506836 35.582000732421875
v 198.322998046875 97.5728988647461 5.226990222930908
v 144.60699462890625 285.7669982910156 5.766590118408203
v 88.44419860839844 90.92220306396484 194.5229949951172
v 86.94670104980469 92.78359985351562 197.60000610351562
v 87.91539764404297 92.17030334472656 197.60000610351562
v 358.3320007324219 226.14700317382812 45.59510040283203
v 73.177001953125 98.49620056152344 90.82679748535156
v 39.664398193359375 250.0290069580078 26.281600952148438
v 43.61439895629883 253.14300537109375 29.659400939941406
v 44.38119888305664 247.56100463867188 33.24919891357422
v 41.6697998046875 255.66700744628906 23.06529998779297
v 133.843994140625 280.7359924316406 121.78500366210938
v 140.8979949951172 280.4129943847656 123.21900177001953
v 326.2170104980469 92.98719787597656 152.85699462890625
v 322.33599853515625 89.24579620361328 152.61900329589844
v 36.08769989013672 222.41600036621094 45.52069854736328
v 36.70840072631836 225.46200561523438 46.581298828125
v 41.13460159301758 225.7530059814453 42.77750015258789
v 213.1280059814453 73.51080322265625 195.5970001220703
v 211.41000366210938 74.00789642333984 197.60000610351562
v 213.94900512695312 71.79419708251953 190.343994140625
v 347.4389953613281 144.8040008544922 0.800000011920929
v 324.9960021972656 267.5190124511719 69.7771987915039
v 318.010986328125 270.2239990234375 76.93440246582031
v 168.0260009765625 65.30609893798828 178.30999755859375
v 176.822998046875 66.17250061035156 178.48699951171875
v 164.0780029296875 67.18199920654297 183.8719940185547
v 161.8070068359375 89.4749984741211 6.332650184631348
v 289.80499267578125 66.42030334472656 149.1269989013672
v 291.5580139160156 68.71659851074219 153.90499877929688
v 288.7380065917969 64.38349914550781 142.95799255371094
v 81.8915023803711 91.48539733886719 139.5469970703125
v 283.87701416015625 275.6239929199219 28.654699325561523
v 278.2070007324219 276.6080017089844 29.87529945373535
v 62.32500076293945 139.84800720214844 13.378299713134766
v 58.992801666259766 144.25399780273438 13.222700119018555
v 59.52619934082031 140.35499572753906 7.950839996337891
v 121.74099731445312 278.87200927734375 191.55999755859375
v 44.090599060058594 175.81399536132812 163.10800170898438
v 44.92259979248047 176.593994140625 152.6820068359375
v 45.750701904296875 187.1959991455078 153.8800048828125
v 45.2041015625 163.32000732421875 162.26300048828125
v 267.68499755859375 72.20020294189453 186.15199279785156
v 262.8909912109375 70.35489654541016 181.59300231933594
v 268.2619934082031 69.92659759521484 177.85400390625
v 43.278900146484375 186.2259979248047 172.4669952392578
v 44.50830078125 189.14700317382812 165.95199584960938
v 43.329898834228516 179.39700317382812 171.593994140625
v 141.29100036621094 67.43659973144531 90.29640197753906
v 136.11000061035156 69.97460174560547 81.86519622802734
v 367.0199890136719 186.38999938964844 17.22249984741211
v 369.1990051269531 185.2010040283203 12.151300430297852
v 366.00299072265625 183.24899291992188 16.029600143432617
v 371.04901123046875 189.2729949951172 12.411399841308594
v 225.5800018310547 279.1199951171875 128.85499572753906
v 222.39999389648438 278.87200927734375 140.27000427246094
v 224.98500061035156 90.785400390625 9.505800247192383
v 297.6889953613281 106.45700073242188 18.277599334716797
v 302.6719970703125 106.10099792480469 24.024099349975586
v 299.40399169921875 104.24700164794922 24.094999313354492
v 115.93000030517578 79.73300170898438 61.6327018737793
v 118.9469985961914 81.1624984741211 54.16749954223633
v 113.78399658203125 81.96920013427734 56.60179901123047
v 119.36000061035156 79.65760040283203 58.95119857788086
v 303.9419860839844 268.7099914550781 171.6020050048828
v 313.07501220703125 265.1409912109375 167.3090057373047
v 309.9360046386719 267.0740051269531 173.88299560546875
v 220.92100524902344 277.3609924316406 77.78199768066406
v 226.88099670410156 277.7619934082031 86.81780242919922
v 214.43499755859375 276.4100036621094 78.78900146484375
v 237.3730010986328 92.54049682617188 0.800000011920929
v 236.22300720214844 92.55030059814453 0.800000011920929
v 76.13059997558594 254.42999267578125 128.97999572753906
v 75.62629699707031 250.89700317382812 137.04100036621094
v 49.14950180053711 250.46600341796875 81.50090026855469
v 55.200199127197266 254.96299743652344 88.73639678955078
v 52.755001068115234 252.30599975585938 87.9364013671875
v 51.802398681640625 253.99899291992188 81.25389862060547
v 327.6570129394531 87.89939880371094 84.04440307617188
v 325.11700439453125 84.6792984008789 91.69719696044922
v 329.1260070800781 90.38520050048828 78.935302734375
v 114.90299987792969 71.88520050048828 173.23899841308594
v 51.02980041503906 138.8509979248047 143.53799438476562
v 50.2421989440918 247.09800720214844 37.366600036621094
v 46.81489944458008 251.73300170898438 34.07740020751953
v 347.739990234375 250.875 91.51940155029297
v 353.1300048828125 243.5500030517578 92.89759826660156
v 54.41579818725586 247.61000061035156 39.7672004699707
v 55.57509994506836 245.26400756835938 43.487998962402344
v 240.1320037841797 63.61309814453125 127.35199737548828
v 234.64700317382812 63.70930099487305 134.1320037841797
v 251.92599487304688 61.912498474121094 137.58299255371094
v 227.9600067138672 64.6895980834961 127.31600189208984
v 201.14999389648438 96.2605972290039 7.705440044403076
v 361.95001220703125 220.88699340820312 47.27109909057617
v 278.031005859375 100.35399627685547 12.984999656677246
v 351.9070129394531 154.31300354003906 8.366729736328125
v 200.79299926757812 276.12200927734375 112.54499816894531
v 301.85101318359375 273.4519958496094 67.0779037475586
v 124.2979965209961 97.0154037475586 5.083940029144287
v 125.09700012207031 96.07779693603516 8.866350173950195
v 124.58799743652344 97.02140045166016 0.800000011920929
v 199.17300415039062 281.489990234375 24.312299728393555
v 202.3000030517578 281.07000732421875 23.09670066833496
v 202.2550048828125 280.1409912109375 28.79199981689453
v 200.68800354003906 282.24700927734375 19.270099639892578
v 122.96399688720703 97.40519714355469 0.800000011920929
v 199.8800048828125 96.79049682617188 4.810309886932373
v 225.83799743652344 65.56549835205078 162.88999938964844
v 215.2550048828125 66.5613021850586 168.66600036621094
v 226.37100219726562 68.33270263671875 176.8560028076172
v 211.16600036621094 65.41179656982422 157.9739990234375
v 116.59600067138672 99.45680236816406 6.746009826660156
v 333.8349914550781 251.73800659179688 146.9530029296875
v 113.71099853515625 100.60900115966797 7.422679901123047
v 362.843994140625 214.11099243164062 109.36299896240234
v 365.3630065917969 208.6009979248047 106.71499633789062
v 362.9309997558594 209.625 117.18299865722656
v 363.343994140625 216.69200134277344 102.31600189208984
v 276.45098876953125 99.96949768066406 6.005690097808838
v 279.2430114746094 101.24700164794922 9.080750465393066
v 146.2689971923828 71.04199981689453 197.60000610351562
v 147.41900634765625 70.69029998779297 197.60000610351562
v 187.77200317382812 284.2569885253906 10.87030029296875
v 181.93800354003906 285.0299987792969 7.203149795532227
v 43.92720031738281 168.76699829101562 197.60000610351562
v 43.36840057373047 170.8560028076172 195.04400634765625
v 43.94260025024414 169.3780059814453 197.60000610351562
v 43.74369812011719 169.11000061035156 194.677001953125
v 51.29880142211914 219.7830047607422 172.69500732421875
v 50.9197998046875 223.75 181.8209991455078
v 47.66320037841797 216.0679931640625 185.20199584960938
v 282.57000732421875 102.10299682617188 7.842179775238037
v 58.1338996887207 125.25900268554688 184.07699584960938
v 56.827301025390625 127.2770004272461 179.58599853515625
v 285.3479919433594 102.5739974975586 5.695400238037109
v 369.68499755859375 179.4340057373047 104.26200103759766
v 367.5159912109375 164.5189971923828 114.35399627685547
v 368.1940002441406 165.54800415039062 101.26200103759766
v 36.90890121459961 256.74700927734375 7.947319984436035
v 172.10800170898438 281.41400146484375 151.59800720214844
v 310.1650085449219 83.60549926757812 176.77000427246094
v 106.93000030517578 103.7249984741211 5.667610168457031
v 42.35660171508789 231.98800659179688 33.46849822998047
v 42.5630989074707 229.07200622558594 33.63249969482422
v 39.81909942626953 231.531005859375 31.575700759887695
v 44.932098388671875 231.26499938964844 35.8656005859375
v 33.61149978637695 203.61000061035156 40.66120147705078
v 205.4149932861328 281.2699890136719 20.056299209594727
v 263.1570129394531 278.9849853515625 197.60000610351562
v 265.18701171875 278.47698974609375 193.03900146484375
v 265.1000061035156 278.4119873046875 197.60000610351562
v 259.6109924316406 279.6300048828125 191.50999450683594
v 140.50900268554688 89.50540161132812 13.255800247192383
v 145.58599853515625 86.5635986328125 17.55929946899414
v 135.2220001220703 92.20490264892578 10.753899574279785
v 162.9340057373047 283.760986328125 28.518600463867188
v 133.81100463867188 285.6180114746094 7.937829971313477
v 137.41299438476562 285.5710144042969 6.910729885101318
v 251.0570068359375 280.1000061035156 58.36600112915039
v 251.32699584960938 280.59100341796875 72.70960235595703
v 205.1929931640625 275.3349914550781 123.73899841308594
v 151.41000366210938 79.57219696044922 36.835201263427734
v 147.56199645996094 81.5562973022461 32.37820053100586
v 146.31399536132812 78.94580078125 41.22999954223633
v 154.81100463867188 82.00910186767578 28.134000778198242
v 359.614990234375 196.84300231933594 32.0458984375
v 360.010986328125 193.58999633789062 29.829700469970703
v 86.10880279541016 115.31500244140625 7.446310043334961
v 353.5710144042969 231.13699340820312 193.8280029296875
v 354.2439880371094 230.96800231933594 197.60000610351562
v 353.89599609375 231.95599365234375 197.60000610351562
v 25.3080997467041 229.5749969482422 6.850399971008301
v 254.8489990234375 280.2929992675781 144.70700073242188
v 261.8139953613281 279.0249938964844 150.343994140625
v 252.61500549316406 279.3030090332031 157.197998046875
v 270.85400390625 277.9070129394531 141.33700561523438
v 36.2755012512207 227.00999450683594 73.97329711914062
v 34.70130157470703 220.33399963378906 73.58740234375
v 319.9549865722656 117.91100311279297 5.669360160827637
v 317.8290100097656 117.17500305175781 7.362720012664795
v 316.8739929199219 115.59700012207031 4.602709770202637
v 52.350399017333984 132.67100524902344 79.94599914550781
v 49.76860046386719 138.73899841308594 76.55690002441406
v 49.778499603271484 138.12600708007812 87.85310363769531
v 51.98059844970703 134.41200256347656 71.64219665527344
v 154.17999267578125 86.3678970336914 14.65060043334961
v 47.96799850463867 240.38499450683594 91.2927017211914
v 46.6422004699707 242.1580047607422 87.45790100097656
v 49.13359832763672 244.5570068359375 89.65390014648438
v 44.170799255371094 236.61500549316406 87.1249008178711
v 236.29200744628906 80.43070220947266 40.874298095703125
v 237.2469940185547 79.36090087890625 44.654701232910156
v 242.07000732421875 81.38580322265625 40.5713996887207
v 233.59500122070312 79.41280364990234 43.13970184326172
v 338.0270080566406 262.0849914550781 68.35700225830078
v 339.9429931640625 260.89300537109375 76.02330017089844
v 341.17498779296875 260.2489929199219 69.06269836425781
v 336.6239929199219 133.32699584960938 27.770099639892578
v 340.24200439453125 132.89199829101562 32.58330154418945
v 239.156005859375 281.4330139160156 8.827329635620117
v 361.9219970703125 153.93699645996094 55.18429946899414
v 350.31298828125 233.28199768066406 180.5229949951172
v 353.5589904785156 227.22300720214844 181.62899780273438
v 352.0639953613281 231.78199768066406 187.68899536132812
v 350.94000244140625 231.07000732421875 174.5970001220703
v 249.0780029296875 85.50420379638672 33.00469970703125
v 62.84870147705078 134.98599243164062 5.340559959411621
v 262.4469909667969 278.27899169921875 184.0469970703125
v 59.97119903564453 120.39299774169922 127.1449966430664
v 56.0255012512207 127.875 128.58700561523438
v 58.894100189208984 122.03399658203125 138.73899841308594
v 56.495601654052734 126.01599884033203 117.08699798583984
v 113.5770034790039 279.5639953613281 41.239498138427734
v 116.10900115966797 281.7349853515625 31.07819938659668
v 119.90499877929688 281.5400085449219 35.18730163574219
v 110.05599975585938 280.5530090332031 34.08620071411133
v 168.11300659179688 283.36700439453125 192.36199951171875
v 169.17300415039062 283.7449951171875 197.60000610351562
v 265.9670104980469 91.43879699707031 26.997400283813477
v 126.5469970703125 284.3269958496094 16.47439956665039
v 347.2179870605469 145.5330047607422 5.766019821166992
v 347.8890075683594 148.88400268554688 9.972399711608887
v 298.8080139160156 75.93070220947266 168.19200134277344
v 295.85699462890625 72.89679718017578 160.70799255371094
v 292.3590087890625 74.54879760742188 174.81199645996094
v 301.6239929199219 75.42230224609375 159.52200317382812
v 36.50619888305664 181.8979949951172 37.52799987792969
v 42.121299743652344 185.1510009765625 25.54129981994629
v 41.22880172729492 187.2100067138672 28.31529998779297
v 40.67129898071289 186.7239990234375 20.690000534057617
v 321.66900634765625 81.45539855957031 91.3727035522461
v 318.7659912109375 78.63089752197266 96.50080108642578
v 322.35101318359375 81.46320343017578 98.48390197753906
v 315.55999755859375 77.19740295410156 91.2874984741211
v 290.0010070800781 75.62660217285156 185.3159942626953
v 42.92649841308594 218.05799865722656 36.23310089111328
v 42.849700927734375 220.26199340820312 35.28200149536133
v 187.91700744628906 281.81298828125 101.77799987792969
v 192.2830047607422 280.2900085449219 107.89199829101562
v 190.0489959716797 281.052001953125 102.28099822998047
v 350.9949951171875 242.4669952392578 36.424198150634766
v 347.34698486328125 247.61199951171875 36.30030059814453
v 348.6499938964844 241.24200439453125 38.16059875488281
v 46.174800872802734 160.36199951171875 6.953549861907959
v 53.68069839477539 251.87100219726562 50.39440155029297
v 51.49850082397461 249.4669952392578 50.18579864501953
v 298.6940002441406 72.72059631347656 155.8489990234375
v 358.8999938964844 154.32200622558594 46.4718017578125
v 360.80999755859375 152.02099609375 53.054500579833984
v 46.22489929199219 213.2689971923828 189.05499267578125
v 45.789100646972656 214.50599670410156 194.2689971923828
v 45.15800094604492 211.7469940185547 194.7570037841797
v 46.83259963989258 217.81399536132812 193.00599670410156
v 47.519100189208984 146.177001953125 61.54520034790039
v 49.450599670410156 140.9040069580078 66.68730163574219
v 179.48800659179688 279.7770080566406 147.74899291992188
v 188.38400268554688 280.50299072265625 146.69500732421875
v 189.0279998779297 279.843994140625 154.39500427246094
v 177.85699462890625 280.7650146484375 143.86700439453125
v 176.11300659179688 281.6189880371094 172.6199951171875
v 180.96400451660156 280.8389892578125 167.93499755859375
v 313.3059997558594 87.18589782714844 61.85660171508789
v 310.6449890136719 83.9802017211914 66.07939910888672
v 314.6029968261719 83.65989685058594 70.2229995727539
v 307.0190124511719 86.78070068359375 58.883399963378906
v 364.875 195.4550018310547 197.60000610351562
v 346.94000244140625 116.43000030517578 140.30099487304688
v 347.21099853515625 116.13600158691406 133.52200317382812
v 366.5159912109375 176.59100341796875 4.666940212249756
v 366.2149963378906 175.48300170898438 0.800000011920929
v 54.19540023803711 240.17599487304688 193.75
v 231.55099487304688 278.2409973144531 75.16130065917969
v 238.78799438476562 279.68499755859375 67.7947006225586
v 51.459999084472656 228.10499572753906 105.9990005493164
v 54.23979949951172 225.76600646972656 113.96299743652344
v 370.9419860839844 184.22000122070312 6.632719993591309
v 36.93539810180664 180.6179962158203 10.626700401306152
v 98.13130187988281 269.80499267578125 158.12100219726562
v 93.73190307617188 268.45098876953125 166.2760009765625
v 100.84100341796875 270.6029968261719 160.73300170898438
v 213.99200439453125 277.5979919433594 42.21229934692383
v 221.78900146484375 277.48199462890625 37.77870178222656
v 224.27200317382812 277.177001953125 43.94929885864258
v 216.8040008544922 278.64801025390625 28.367799758911133
v 64.7396011352539 256.83599853515625 102.36399841308594
v 61.722900390625 257.6780090332031 96.36859893798828
v 84.0154037475586 274.7330017089844 89.98040008544922
v 92.40180206298828 276.6369934082031 90.57769775390625
v 83.9000015258789 272.7279968261719 99.91570281982422
v 87.05840301513672 276.2300109863281 82.79060363769531
v 352.51800537109375 156.22000122070312 34.02080154418945
v 356.2510070800781 156.98800659179688 39.6864013671875
v 353.2460021972656 148.83799743652344 39.652099609375
v 379.4360046386719 204.3470001220703 3.299329996109009
v 378.8080139160156 204.57200622558594 6.344550132751465
v 39.88610076904297 240.85000610351562 60.535400390625
v 41.59159851074219 244.45399475097656 63.0349006652832
v 38.121299743652344 236.14599609375 57.12649917602539
v 351.3479919433594 235.9600067138672 194.843994140625
v 352.0119934082031 235.41799926757812 197.60000610351562
v 351.51800537109375 236.625 197.60000610351562
v 346.2300109863281 123.20800018310547 193.9250030517578
v 380.385986328125 212.99000549316406 6.326940059661865
v 186.7259979248047 281.302001953125 139.51499938964844
v 366.1409912109375 155.02999877929688 106.96800231933594
v 364.9739990234375 150.63699340820312 101.03700256347656
v 364.05499267578125 148.21800231933594 105.55599975585938
v 366.4859924316406 155.91700744628906 95.41719818115234
v 141.13800048828125 279.2829895019531 195.59100341796875
v 141.85299682617188 279.73199462890625 190.78700256347656
v 144.39999389648438 279.9639892578125 195.92999267578125
v 62.10609817504883 239.22000122070312 169.15899658203125
v 129.84300231933594 69.88469696044922 84.75550079345703
v 129.63499450683594 71.42320251464844 79.46710205078125
v 123.58999633789062 70.55280303955078 84.8998031616211
v 96.54560089111328 276.3869934082031 105.09300231933594
v 99.4645004272461 276.9119873046875 115.0260009765625
v 93.73600006103516 274.8179931640625 112.08699798583984
v 103.72899627685547 278.62298583984375 103.7760009765625
v 72.5863037109375 274.7550048828125 12.616600036621094
v 123.51300048828125 66.72019958496094 164.41000366210938
v 124.80000305175781 65.57939910888672 162.0659942626953
v 317.9989929199219 268.1990051269531 122.95099639892578
v 323.3550109863281 265.74798583984375 121.43399810791016
v 313.5299987792969 270.5589904785156 114.22699737548828
v 378.70098876953125 234.09300231933594 0.800000011920929
v 349.2239990234375 236.35299682617188 184.88900756835938
v 350.84698486328125 235.25399780273438 191.07899475097656
v 291.52899169921875 75.54119873046875 75.82630157470703
v 284.4670104980469 73.10579681396484 80.33540344238281
v 287.52801513671875 78.17520141601562 68.12979888916016
v 256.9739990234375 279.9169921875 192.63600158691406
v 255.21800231933594 279.7720031738281 182.72900390625
v 367.9389953613281 248.55799865722656 4.918980121612549
v 259.61700439453125 280.0950012207031 66.65769958496094
v 264.90899658203125 279.4100036621094 77.07869720458984
v 260.4049987792969 279.8240051269531 81.23690032958984
v 262.3659973144531 62.80379867553711 112.42900085449219
v 261.3689880371094 62.0010986328125 117.30400085449219
v 270.0870056152344 62.032901763916016 114.51499938964844
v 367.3219909667969 207.01499938964844 27.251800537109375
v 365.6579895019531 210.5019989013672 29.419300079345703
v 190.4029998779297 279.0719909667969 161.85800170898438
v 198.04299926757812 278.760986328125 151.4459991455078
v 365.0329895019531 188.29400634765625 197.60000610351562
v 365.125 185.13600158691406 193.61099243164062
v 365.02899169921875 186.1060028076172 197.60000610351562
v 364.8919982910156 189.52000427246094 190.25599670410156
v 361.85198974609375 252.73800659179688 7.424139976501465
v 237.5070037841797 72.92050170898438 194.45899963378906
v 231.83900451660156 72.68499755859375 193.50599670410156
v 234.85400390625 73.68180084228516 197.47300720214844
v 234.31700134277344 71.20130157470703 188.1479949951172
v 231.66400146484375 73.91349792480469 197.60000610351562
v 354.27099609375 257.364013671875 10.795499801635742
v 353.218994140625 258.5379943847656 5.731470108032227
v 364.0190124511719 215.39500427246094 48.036598205566406
v 367.9679870605469 209.7550048828125 54.49919891357422
v 364.8280029296875 210.93299865722656 47.525901794433594
v 55.352901458740234 150.81900024414062 17.794300079345703
v 153.90899658203125 280.239990234375 186.2830047607422
v 156.00100708007812 280.22900390625 188.68099975585938
v 154.9550018310547 281.58099365234375 179.9250030517578
v 139.0749969482422 66.86389923095703 179.677001953125
v 127.3479995727539 282.0539855957031 72.30120086669922
v 134.95799255371094 282.6159973144531 78.78690338134766
v 131.572998046875 282.0899963378906 88.21420288085938
v 138.19400024414062 282.8970031738281 66.87449645996094
v 104.90799713134766 71.9677963256836 146.80999755859375
v 83.68219757080078 116.4000015258789 6.349090099334717
v 82.41380310058594 116.27899932861328 3.4932498931884766
v 90.68620300292969 112.60600280761719 8.594449996948242
v 88.57990264892578 114.47000122070312 11.813699722290039
v 260.2850036621094 73.33999633789062 73.89769744873047
v 271.6289978027344 75.99690246582031 68.4583969116211
v 27.445100784301758 240.19400024414062 5.995910167694092
v 179.89700317382812 68.72090148925781 185.5919952392578
v 289.7049865722656 70.81610107421875 162.62600708007812
v 56.66400146484375 230.44900512695312 171.2570037841797
v 89.45989990234375 113.21299743652344 16.625999450683594
v 86.8677978515625 115.74099731445312 15.698399543762207
v 89.96070098876953 272.6440124511719 52.554901123046875
v 86.54859924316406 271.10101318359375 51.8390998840332
v 149.3040008544922 84.02149963378906 23.433900833129883
v 342.96600341796875 146.4669952392578 24.553199768066406
v 302.9010009765625 273.2439880371094 5.632420063018799
v 319.9840087890625 269.031005859375 10.206000328063965
v 299.72601318359375 273.9739990234375 10.255000114440918
v 305.4989929199219 272.74200439453125 11.822699546813965
v 304.2200012207031 272.9020080566406 4.783840179443359
v 103.07499694824219 275.4320068359375 49.311100006103516
v 109.41400146484375 276.74200439453125 49.78049850463867
v 101.65499877929688 275.2510070800781 50.7593994140625
v 107.15499877929688 277.22900390625 45.36759948730469
v 76.70709991455078 97.43049621582031 139.69700622558594
v 72.2947998046875 102.98300170898438 147.03199768066406
v 317.2080078125 92.48249816894531 197.60000610351562
v 316.3280029296875 90.50350189208984 190.5780029296875
v 314.1700134277344 89.89679718017578 197.60000610351562
v 318.6889953613281 93.2134017944336 194.29800415039062
v 254.22799682617188 279.5989990234375 197.60000610351562
v 255.82699584960938 279.3580017089844 197.60000610351562
v 282.5799865722656 275.9830017089844 9.838069915771484
v 285.89898681640625 275.6910095214844 7.249330043792725
v 366.8529968261719 166.9669952392578 60.194698333740234
v 236.9759979248047 69.1521987915039 90.95189666748047
v 237.41700744628906 67.86070251464844 100.01499938964844
v 218.29400634765625 69.30599975585938 89.62470245361328
v 79.5947036743164 276.7460021972656 13.628999710083008
v 331.1090087890625 258.88299560546875 197.60000610351562
v 363.97900390625 229.60800170898438 81.09030151367188
v 91.64559936523438 78.4666976928711 105.27200317382812
v 77.10690307617188 266.5880126953125 185.27099609375
v 81.89939880371094 271.02899169921875 187.83799743652344
v 74.81189727783203 267.4530029296875 190.71600341796875
v 359.68798828125 187.52499389648438 36.83330154418945
v 360.68499755859375 183.27200317382812 38.880699157714844
v 363.4419860839844 186.88800048828125 43.12730026245117
v 358.8949890136719 185.33900451660156 35.625999450683594
v 172.27000427246094 72.84010314941406 53.93579864501953
v 163.9949951171875 71.83180236816406 60.07490158081055
v 165.47900390625 73.98889923095703 50.3120002746582
v 100.6510009765625 277.5119934082031 197.60000610351562
v 102.64700317382812 277.614013671875 195.0019989013672
v 102.20099639892578 277.4700012207031 197.60000610351562
v 100.09500122070312 277.385986328125 192.20700073242188
v 298.35101318359375 101.2040023803711 28.567100524902344
v 296.09600830078125 102.93199920654297 23.679399490356445
v 333.5740051269531 266.3080139160156 7.286990165710449
v 348.70001220703125 147.0709991455078 33.76599884033203
v 350.42401123046875 146.2779998779297 36.769500732421875
v 102.61000061035156 77.80280303955078 163.90199279785156
v 110.18800354003906 70.51429748535156 153.94200134277344
v 348.9859924316406 233.81700134277344 167.93899536132812
v 72.37169647216797 108.30000305175781 54.22589874267578
v 68.9988021850586 113.45500183105469 51.08060073852539
v 66.30719757080078 114.01899719238281 57.51300048828125
v 74.5115966796875 108.70700073242188 48.01679992675781
v 283.34600830078125 71.96859741210938 174.91099548339844
v 101.61799621582031 282.239990234375 0.800000011920929
v 102.9000015258789 282.47698974609375 4.512330055236816
v 264.2030029296875 68.5552978515625 90.3187026977539
v 258.25299072265625 70.7938003540039 82.75530242919922
v 161.7220001220703 284.9909973144531 13.776399612426758
v 168.9969940185547 285.1319885253906 13.055500030517578
v 168.92799377441406 284.3450012207031 22.765899658203125
v 213.76600646972656 276.6579895019531 59.000701904296875
v 216.49899291992188 276.9070129394531 53.35969924926758
v 222.21499633789062 277.6820068359375 68.24490356445312
v 206.24600219726562 276.5039978027344 52.59199905395508
v 109.88500213623047 279.0799865722656 62.10020065307617
v 117.02300262451172 281.1080017089844 71.93070220947266
v 105.5459976196289 278.5450134277344 65.19439697265625
v 234.63999938964844 282.41400146484375 7.001580238342285
v 367.1470031738281 187.7760009765625 50.075801849365234
v 367.42999267578125 184.29100036621094 51.292598724365234
v 366.24798583984375 182.843994140625 48.525001525878906
v 46.261199951171875 166.76499938964844 25.388900756835938
v 45.29520034790039 168.593994140625 26.160600662231445
v 45.52840042114258 164.86399841308594 28.493799209594727
v 47.64289855957031 166.7270050048828 22.10770034790039
v 82.31099700927734 93.62259674072266 159.9929962158203
v 76.57830047607422 98.5698013305664 155.77099609375
v 78.0020980834961 98.05079650878906 162.3000030517578
v 78.96489715576172 95.44049835205078 149.18899536132812
v 206.73699951171875 278.10400390625 40.313201904296875
v 208.99600219726562 279.2170104980469 29.55500030517578
v 210.2760009765625 90.96890258789062 0.800000011920929
v 376.3399963378906 219.80299377441406 17.464399337768555
v 335.3869934082031 256.1600036621094 197.60000610351562
v 337.2699890136719 254.51199340820312 195.03199768066406
v 337.06201171875 255.02499389648438 197.60000610351562
v 336.7439880371094 253.94200134277344 189.04400634765625
v 361.29998779296875 142.43600463867188 75.86389923095703
v 358.45599365234375 137.83900451660156 68.25450134277344
v 39.34749984741211 216.21099853515625 29.29800033569336
v 155.47300720214844 285.239013671875 9.225170135498047
v 147.72500610351562 285.8269958496094 5.082580089569092
v 167.6840057373047 285.8710021972656 0.800000011920929
v 174.77499389648438 285.25299072265625 12.174699783325195
v 116.59300231933594 278.802001953125 191.19400024414062
v 118.90399932861328 277.9419860839844 195.5760040283203
v 115.41500091552734 277.90399169921875 196.31199645996094
v 99.10009765625 73.18370056152344 131.16099548339844
v 98.36669921875 72.70429992675781 122.3219985961914
v 357.9410095214844 254.6649932861328 13.87720012664795
v 359.6629943847656 252.52200317382812 18.840599060058594
v 356.7749938964844 253.5850067138672 21.933900833129883
v 362.1449890136719 251.0030059814453 15.779999732971191
v 365.75201416015625 176.61099243164062 153.0959930419922
v 365.2239990234375 166.927001953125 150.87100219726562
v 51.491798400878906 248.6820068359375 89.95429992675781
v 52.878700256347656 245.3939971923828 95.58519744873047
v 49.725399017333984 249.03700256347656 86.02760314941406
v 61.19340133666992 118.19999694824219 133.75900268554688
v 351.52899169921875 121.09500122070312 115.02999877929688
v 353.1369934082031 122.87100219726562 104.38099670410156
v 349.33599853515625 117.59200286865234 115.802001953125
v 355.71099853515625 129.1540069580078 115.5989990234375
v 360.0899963378906 245.45700073242188 29.517200469970703
v 358.7860107421875 244.3470001220703 31.527700424194336
v 364.75201416015625 239.125 28.658700942993164
v 334.4219970703125 122.83899688720703 34.31919860839844
v 328.4129943847656 120.78600311279297 29.99519920349121
v 329.1080017089844 117.02899932861328 34.460899353027344
v 332.39898681640625 127.24600219726562 28.175199508666992
v 232.61000061035156 281.4840087890625 191.35299682617188
v 234.50900268554688 281.11199951171875 188.9969940185547
v 236.20700073242188 281.2019958496094 192.95199584960938
v 227.87600708007812 281.62701416015625 181.0229949951172
v 328.5690002441406 256.8710021972656 144.69500732421875
v 333.73199462890625 252.98399353027344 139.26300048828125
v 146.5760040283203 279.78900146484375 192.41299438476562
v 146.2209930419922 280.4010009765625 197.60000610351562
v 354.00201416015625 247.9510040283203 63.7156982421875
v 253.08999633789062 278.7489929199219 174.52499389648438
v 207.2729949951172 281.0710144042969 197.60000610351562
v 206.11300659179688 280.90899658203125 193.76499938964844
v 55.394798278808594 231.3489990234375 111.24199676513672
v 303.2770080566406 270.8429870605469 33.79130172729492
v 311.6319885253906 269.21600341796875 31.2367000579834
v 301.75 273.2229919433594 22.267200469970703
v 139.38400268554688 80.84349822998047 39.359798431396484
v 131.1439971923828 82.30249786376953 40.26259994506836
v 352.9679870605469 245.76600646972656 34.73609924316406
v 350.3970031738281 250.0290069580078 34.10940170288086
v 220.2050018310547 71.14510345458984 187.9459991455078
v 216.65699768066406 73.206298828125 194.48399353027344
v 318.04400634765625 269.6629943847656 92.83820343017578
v 324.55999755859375 268.0159912109375 81.94850158691406
v 313.7950134277344 74.84760284423828 100.78500366210938
v 315.4419860839844 75.91829681396484 98.5093002319336
v 307.9540100097656 73.11239624023438 92.73770141601562
v 229.16799926757812 75.1791000366211 58.398101806640625
v 238.52699279785156 74.65139770507812 63.61539840698242
v 222.6580047607422 72.78720092773438 67.81680297851562
v 40.67649841308594 177.7830047607422 14.301300048828125
v 39.80459976196289 180.77999877929688 15.26729965209961
v 70.14179992675781 127 4.3340301513671875
v 65.86589813232422 111.12899780273438 147.9239959716797
v 63.709800720214844 114.25299835205078 137.9499969482422
v 74.02040100097656 254.71400451660156 122.98899841308594
v 77.82620239257812 260.1289978027344 123.86199951171875
v 194.04100036621094 93.79109954833984 7.606090068817139
v 111.22100067138672 100.15699768066406 14.215900421142578
v 37.25120162963867 214.56300354003906 83.73400115966797
v 39.33940124511719 208.22000122070312 90.5875015258789
v 317.2300109863281 264.0159912109375 173.2729949951172
v 322.9779968261719 97.72329711914062 197.60000610351562
v 321.9429931640625 95.79499816894531 191.0540008544922
v 321.3599853515625 96.44999694824219 197.60000610351562
v 367.61700439453125 162.87100219726562 73.00550079345703
v 365.3529968261719 154.24200439453125 76.71700286865234
v 97.85389709472656 89.59760284423828 52.297698974609375
v 91.93170166015625 90.79060363769531 57.394500732421875
v 95.99669647216797 87.45480346679688 60.55059814453125
v 58.6776008605957 125.4489974975586 195.8990020751953
v 58.516300201416016 126.47100067138672 198.92300415039062
v 59.171600341796875 125.197998046875 197.60000610351562
v 379.572998046875 221.62600708007812 9.955100059509277
v 119.83300018310547 97.46520233154297 10.652700424194336
v 116.09700012207031 98.19770050048828 13.16100025177002
v 39.31290054321289 229.97500610351562 81.25389862060547
v 40.51070022583008 235.18800354003906 79.7134017944336
v 37.326499938964844 231.29299926757812 73.34380340576172
v 120.98300170898438 87.3468017578125 33.54600143432617
v 116.86000061035156 87.33889770507812 37.174198150634766
v 122.98500061035156 84.8667984008789 38.72629928588867
v 118.45099639892578 88.51679992675781 32.657100677490234
v 105.40699768066406 84.11650085449219 58.57270050048828
v 103.96399688720703 87.01899719238281 51.56660079956055
v 283.79998779296875 277.20098876953125 71.53679656982422
v 284.1789855957031 277.1239929199219 56.39139938354492
v 275.6159973144531 278.281005859375 57.3745002746582
v 109.03700256347656 78.71610260009766 70.07929992675781
v 108.10299682617188 81.19300079345703 64.28009796142578
v 106.26399993896484 78.2791976928711 73.79429626464844
v 113.02100372314453 78.59200286865234 67.36100006103516
v 56.92829895019531 270.0929870605469 7.416600227355957
v 58.497100830078125 271.0589904785156 4.575439929962158
v 47.11240005493164 233.27000427246094 39.21889877319336
v 45.526798248291016 237.23899841308594 35.88029861450195
v 269.9779968261719 64.38890075683594 158.197998046875
v 269.68798828125 61.85070037841797 146.9810028076172
v 192.6750030517578 73.12969970703125 56.299598693847656
v 59.37630081176758 117.98400115966797 85.768798828125
v 99.27909851074219 82.6178970336914 195.26699829101562
v 98.52290344238281 82.59850311279297 192.1529998779297
v 97.01069641113281 84.3280029296875 197.60000610351562
v 101.5250015258789 81.16429901123047 195.14300537109375
v 337.9200134277344 259.9490051269531 30.44700050354004
v 182.65699768066406 282.8219909667969 90.17179870605469
v 189.218994140625 282.23199462890625 85.31819915771484
v 174.91000366210938 283.22698974609375 94.07830047607422
v 166.9080047607422 283.68499755859375 98.9395980834961
v 112.05999755859375 83.55180358886719 53.13119888305664
v 109.13899993896484 86.25389862060547 47.85649871826172
v 114.21299743652344 85.310302734375 45.468299865722656
v 356.760009765625 141.3040008544922 54.569400787353516
v 80.03240203857422 119.35700225830078 7.375929832458496
v 268.0950012207031 277.55999755859375 154.78900146484375
v 362.3580017089844 215.25599670410156 32.5900993347168
v 359.1260070800781 215.91000366210938 35.062400817871094
v 360.1610107421875 219.01800537109375 34.13570022583008
v 359.1409912109375 212.59500122070312 37.83420181274414
v 175.3800048828125 282.73199462890625 167.73399353027344
v 321.3630065917969 119.66600036621094 7.433050155639648
v 93.0156021118164 268.39801025390625 143.44000244140625
v 88.83070373535156 263.75 147.36099243164062
v 297.7449951171875 74.81300354003906 79.53610229492188
v 25.341299057006836 209.32400512695312 0.800000011920929
v 327.0950012207031 123.03099822998047 5.372900009155273
v 324.8070068359375 122.05799865722656 7.462870121002197
v 176.76400756835938 281.77099609375 43.89120101928711
v 109.05000305175781 278.3479919433594 190.92300415039062
v 112.66699981689453 278.4670104980469 191.3979949951172
v 110.99199676513672 277.7969970703125 197.60000610351562
v 156.63400268554688 281.71099853515625 51.71080017089844
v 168.02499389648438 283.1369934082031 58.55929946899414
v 155.18699645996094 283.4620056152344 59.96950149536133
v 162.92599487304688 281.0880126953125 49.0547981262207
v 56.315101623535156 220.21499633789062 132.75999450683594
v 57.72209930419922 224.25399780273438 144.96600341796875
v 227.94200134277344 278.0249938964844 79.22930145263672
v 316.9779968261719 88.18440246582031 171.2469940185547
v 313.7040100097656 86.02539825439453 175.00399780273438
v 316.63299560546875 89.44670104980469 183.02499389648438
v 314.6579895019531 85.47850036621094 164.79100036621094
v 312.1059875488281 73.22509765625 117.15299987792969
v 305.96099853515625 68.97250366210938 112.71600341796875
v 304.52899169921875 68.09739685058594 123.91899871826172
v 312.9150085449219 73.69940185546875 109.57599639892578
v 33.85919952392578 191.33900451660156 40.35449981689453
v 367.01800537109375 249.45799255371094 0.800000011920929
v 366.3240051269531 249.79100036621094 4.552800178527832
v 353.05499267578125 226.1699981689453 169.16799926757812
v 355.18499755859375 221.42599487304688 163.12399291992188
v 357.0979919433594 217.5399932861328 170.51100158691406
v 314.6440124511719 265.5409851074219 189.3679962158203
v 322.0429992675781 262.5710144042969 183.51100158691406
v 136.20599365234375 280.864990234375 97.29930114746094
v 134.38499450683594 280.6759948730469 104.12899780273438
v 132.052001953125 281.59100341796875 97.95369720458984
v 137.6820068359375 281.24200439453125 102.55899810791016
v 319.3280029296875 87.68949890136719 157.3520050048828
v 331.2200012207031 263.79998779296875 101.75
v 107.65299987792969 274.0360107421875 156.24600219726562
v 105.04299926757812 274.3299865722656 145.73399353027344
v 140.72500610351562 280.72198486328125 44.871700286865234
v 356.9440002441406 160.88499450683594 5.821889877319336
v 338.43499755859375 118.16000366210938 44.77980041503906
v 337.1940002441406 114.73200225830078 46.97249984741211
v 339.88800048828125 115.22599792480469 50.20940017700195
v 358.73699951171875 215.50799560546875 133.0229949951172
v 361.8760070800781 206.58799743652344 138.22500610351562
v 355.4830017089844 222.49200439453125 126.55699920654297
v 136.57200622558594 58.054298400878906 134.39300537109375
v 131.5800018310547 58.81589889526367 137.91700744628906
v 137.45799255371094 58.74409866333008 146.98399353027344
v 52.22090148925781 136.94400024414062 183.28500366210938
v 54.86589813232422 131.322998046875 189.76600646972656
v 52.88399887084961 135.7779998779297 175.1230010986328
v 332.0849914550781 126.56999969482422 0.800000011920929
v 332.5679931640625 127.48899841308594 4.551559925079346
v 331.260986328125 125.9739990234375 1.2868200540542603
v 86.8198013305664 86.802001953125 143.63699340820312
v 210.5279998779297 280.885986328125 19.27669906616211
v 131.45700073242188 70.12129974365234 191.77499389648438
v 132.0709991455078 71.07279968261719 197.60000610351562
v 135.33999633789062 70.43379974365234 194.99200439453125
v 95.56269836425781 274.6440124511719 123.4800033569336
v 95.25890350341797 272.53399658203125 133.5019989013672
v 91.3823013305664 272.6990051269531 120.53399658203125
v 99.56050109863281 275.83099365234375 127.82599639892578
v 365.2669982910156 204.33999633789062 28.245100021362305
v 103.10199737548828 81.1227035522461 69.04519653320312
v 40.2588005065918 206.28700256347656 33.15769958496094
v 40.88930130004883 207.5399932861328 29.87220001220703
v 41.448699951171875 209.42999267578125 32.45090103149414
v 41.081199645996094 204.66700744628906 30.356700897216797
v 31.563499450683594 188.33099365234375 6.902430057525635
v 30.506500244140625 189.19500732421875 4.254129886627197
v 247.93699645996094 82.05729675292969 41.256099700927734
v 258.8609924316406 85.90160369873047 36.56230163574219
v 30.761199951171875 191.21400451660156 7.87746000289917
v 230.01100158691406 277.72601318359375 51.766700744628906
v 228.0959930419922 277.6440124511719 38.112701416015625
v 197.20599365234375 281.99200439453125 197.60000610351562
v 194.5989990234375 281.27801513671875 191.35699462890625
v 198.1719970703125 281.8039855957031 197.60000610351562
v 194.44900512695312 281.9830017089844 195.74099731445312
v 181.39500427246094 69.14669799804688 74.35199737548828
v 188.427001953125 68.60050201416016 81.13719940185547
v 191.68499755859375 69.58350372314453 76.80760192871094
v 289.2279968261719 87.67749786376953 48.850399017333984
v 244.23500061035156 280.6390075683594 13.786399841308594
v 91.19750213623047 96.25140380859375 45.0276985168457
v 87.0115966796875 92.06629943847656 62.181800842285156
v 338.2049865722656 106.97599792480469 160.48899841308594
v 77.40779876708984 266.19000244140625 110.23300170898438
v 75.93199920654297 263.4599914550781 113.45500183105469
v 75.19229888916016 267.3210144042969 102.04900360107422
v 220.19900512695312 72.95359802246094 193.55299377441406
v 35.5005989074707 180.98199462890625 42.40719985961914
v 342.47198486328125 146.3699951171875 19.005399703979492
v 340.4779968261719 143.71099853515625 19.38409996032715
v 340.7099914550781 144.53900146484375 21.327600479125977
v 365.4530029296875 176.32200622558594 48.9547004699707
v 363.7929992675781 181.18099975585938 43.86909866333008
v 176.13800048828125 282.5539855957031 55.43109893798828
v 178.17599487304688 283.0710144042969 64.17720031738281
v 182.11700439453125 281.81201171875 53.00740051269531
v 144.10699462890625 285.3340148925781 9.167969703674316
v 318.5849914550781 262.3479919433594 154.86599731445312
v 322.35101318359375 260.5799865722656 164.50100708007812
v 343.3699951171875 117.43499755859375 184.5850067138672
v 340.90399169921875 114.57499694824219 186.0970001220703
v 339.47698974609375 112.3030014038086 183.0189971923828
v 374.12701416015625 214.57699584960938 21.062299728393555
v 374.1709899902344 217.85000610351562 21.451400756835938
v 35.03129959106445 216.60499572753906 25.41819953918457
v 218.70399475097656 64.79669952392578 147.19400024414062
v 268.3110046386719 74.18609619140625 195.1490020751953
v 266.0419921875 74.91619873046875 197.60000610351562
v 267.49700927734375 74.97779846191406 197.60000610351562
v 58.99470138549805 264.9150085449219 35.04309844970703
v 60.57939910888672 266.31201171875 34.867401123046875
v 56.93519973754883 264.2619934082031 32.892799377441406
v 351.75799560546875 259.1549987792969 4.3402099609375
v 349.635986328125 259.68798828125 7.743020057678223
v 352.56500244140625 258.7950134277344 0.800000011920929
v 349.77801513671875 119.63099670410156 127.12999725341797
v 346.7380065917969 114.41600036621094 123.79900360107422
v 351.89801025390625 122.47200012207031 119.89199829101562
v 353.0169982910156 252.5919952392578 29.425500869750977
v 350.2900085449219 256.0060119628906 26.43670082092285
v 353.52099609375 254.50799560546875 25.303499221801758
v 349.2799987792969 254.87100219726562 30.282499313354492
v 44.07210159301758 264.5790100097656 0.800000011920929
v 51.5453987121582 268.1390075683594 5.950369834899902
v 310.38800048828125 81.3134994506836 160.7169952392578
v 307.427001953125 79.87550354003906 163.11099243164062
v 310.6730041503906 82.88719940185547 167.30299377441406
v 309.0249938964844 78.71070098876953 154.49600219726562
v 355.031005859375 174.91299438476562 29.225099563598633
v 355.9339904785156 178.94000244140625 29.520000457763672
v 350.7239990234375 122.44599914550781 65.72380065917969
v 347.25 122.2249984741211 55.77170181274414
v 349.36700439453125 119.69200134277344 65.86119842529297
v 350.4549865722656 126.69100189208984 58.392601013183594
v 342.1300048828125 104.63800048828125 77.56780242919922
v 337.62799072265625 100.18000030517578 73.35569763183594
v 89.26799774169922 90.84420013427734 197.60000610351562
v 90.3988037109375 89.84549713134766 197.60000610351562
v 48.70050048828125 148.41099548339844 43.740699768066406
v 48.73749923706055 151.18299865722656 37.992401123046875
v 84.58650207519531 278.2409973144531 8.340880393981934
v 80.470703125 277.572998046875 7.758930206298828
v 117.2490005493164 75.98860168457031 72.10330200195312
v 120.43199920654297 77.8427963256836 64.11029815673828
v 43.96580123901367 167.83700561523438 197.60000610351562
v 43.94129943847656 167.3459930419922 197.60000610351562
v 268.0090026855469 278.97100830078125 6.227950096130371
v 267.9960021972656 278.6940002441406 9.679019927978516
v 194.64999389648438 86.02230072021484 18.863399505615234
v 189.60899353027344 84.32479858398438 20.80699920654297
v 194.2570037841797 84.90229797363281 20.731000900268555
v 191.0850067138672 87.19170379638672 15.74590015411377
v 312.5870056152344 269.9209899902344 53.808998107910156
v 62.57809829711914 231.6230010986328 132.70899963378906
v 66.03790283203125 237.04200744628906 138.21200561523438
v 64.16799926757812 234.38299560546875 142.1280059814453
v 63.67250061035156 234.4429931640625 128.81399536132812
v 70.64839935302734 101.41899871826172 90.53569793701172
v 68.64219665527344 104.14900207519531 87.2593002319336
v 72.38130187988281 99.77909851074219 82.3677978515625
v 298.4490051269531 65.44329833984375 124.02400207519531
v 346.9200134277344 254.2689971923828 62.12110137939453
v 358.2040100097656 230.48699951171875 47.73149871826172
v 363.3940124511719 195.30299377441406 170.28199768066406
v 363.19000244140625 196.79400634765625 178.08900451660156
v 361.875 203.08399963378906 171.3470001220703
v 79.3324966430664 105.20099639892578 45.46289825439453
v 78.21080017089844 107.91000366210938 41.82109832763672
v 360.20098876953125 144.9600067138672 149.2030029296875
v 363.260986328125 155.54299926757812 150.19900512695312
v 359.3819885253906 141.3990020751953 144.22000122070312
v 70.20020294189453 264.8210144042969 53.351200103759766
v 75.87699890136719 266.5010070800781 51.484100341796875
v 73.01129913330078 268.1919860839844 56.62289810180664
v 75.08290100097656 265.197998046875 48.88610076904297
v 219.38299560546875 281.0369873046875 7.727880001068115
v 64.3386001586914 243.9080047607422 171.41400146484375
v 104.87200164794922 69.85320281982422 102.34300231933594
v 99.29850006103516 71.96810150146484 111.39900207519531
v 103.85099792480469 68.79029846191406 113.61699676513672
v 101.14900207519531 72.53260040283203 99.06909942626953
v 106.09200286865234 280.6029968261719 28.876399993896484
v 104.95700073242188 281.4880065917969 18.037799835205078
v 327.5369873046875 123.9739990234375 26.00079917907715
v 323.0710144042969 120.01000213623047 25.54840087890625
v 302.35699462890625 82.7593002319336 197.52999877929688
v 302.8489990234375 83.43219757080078 197.60000610351562
v 368.8210144042969 210.447998046875 88.0708999633789
v 141.43499755859375 281.27301025390625 91.52960205078125
v 99.02639770507812 281.0119934082031 10.656299591064453
v 289.8080139160156 65.28250122070312 104.27899932861328
v 284.0559997558594 65.52649688720703 101.01000213623047
v 292.4100036621094 64.14080047607422 112.68499755859375
v 292.62298583984375 66.7781982421875 100.89700317382812
v 78.56600189208984 109.70899963378906 37.4025993347168
v 81.25050354003906 107.98400115966797 35.81370162963867
v 354.5679931640625 242.56199645996094 53.027400970458984
v 350.99700927734375 242.10699462890625 48.509498596191406
v 217.38800048828125 74.37920379638672 58.420101165771484
v 40.98749923706055 202.45599365234375 29.25160026550293
v 40.35860061645508 205.11900329589844 27.95709991455078
v 38.8400993347168 202.68899536132812 25.406099319458008
v 302.6189880371094 74.57209777832031 82.24220275878906
v 48.897499084472656 144.8679962158203 170.98300170898438
v 48.47700119018555 145.67599487304688 162.51199340820312
v 47.488399505615234 149.4739990234375 170.41200256347656
v 49.7494010925293 142.25 165.88499450683594
v 195.1790008544922 67.76349639892578 93.52580261230469
v 196.7740020751953 66.5176010131836 105.31099700927734
v 189.67599487304688 67.8385009765625 87.44550323486328
v 120.0479965209961 84.33439636230469 42.8651008605957
v 120.3219985961914 82.10590362548828 49.7781982421875
v 125.16999816894531 82.00330352783203 45.60689926147461
v 159.54600524902344 283.07000732421875 195.59800720214844
v 161.1719970703125 283.6730041503906 197.60000610351562
v 159.76400756835938 283.4939880371094 197.60000610351562
v 355.9309997558594 141.25799560546875 181.4429931640625
v 355.13800048828125 138.82400512695312 176.4929962158203
v 330.14599609375 259.3919982910156 197.60000610351562
v 330.09100341796875 259.4859924316406 195.6269989013672
v 330.7349853515625 259.17498779296875 197.60000610351562
v 329.5769958496094 259.6510009765625 197.60000610351562
v 350.29901123046875 161.3159942626953 21.415800094604492
v 351.52801513671875 160.9530029296875 18.148399353027344
v 357.1000061035156 220.68899536132812 41.97079849243164
v 193.8040008544922 281.1440124511719 67.37989807128906
v 196.9770050048828 279.239990234375 75.08619689941406
v 191.5019989013672 281.50799560546875 70.38960266113281
v 196.21099853515625 280.57000732421875 64.45580291748047
v 354.8139953613281 228.39300537109375 193.3300018310547
v 355.864990234375 224.5 189.0489959716797
v 356.30999755859375 225.97000122070312 195.21800231933594
v 308.427001953125 268.65301513671875 143.59100341796875
v 370.10400390625 196.05599975585938 18.96269989013672
v 368.56201171875 191.2030029296875 18.367000579833984
v 364.7560119628906 192.15499877929688 23.744400024414062
v 330.40301513671875 262.32000732421875 52.53710174560547
v 335.5920104980469 260.97100830078125 55.4900016784668
v 335.7699890136719 262.5320129394531 62.327701568603516
v 333.9200134277344 260.5920104980469 51.641700744628906
v 245.36500549316406 70.89119720458984 81.89830017089844
v 145.0030059814453 71.06549835205078 197.60000610351562
v 364.8009948730469 166.16000366210938 52.71440124511719
v 45.0890998840332 161.75799560546875 197.60000610351562
v 44.269901275634766 164.53199768066406 193.5189971923828
v 44.694000244140625 163.51800537109375 197.60000610351562
v 45.07270050048828 160.69200134277344 197.60000610351562
v 70.38259887695312 126.47699737548828 0.800000011920929
v 221.9739990234375 276.8190002441406 95.93569946289062
v 198.9219970703125 281.1319885253906 191.91000366210938
v 323.9549865722656 108.35199737548828 39.42729949951172
v 329.4339904785156 258.6549987792969 133.11500549316406
v 39.90510177612305 201.8800048828125 32.474998474121094
v 83.65509796142578 274.13800048828125 197.60000610351562
v 81.24430084228516 273.1080017089844 195.48599243164062
v 44.051998138427734 166.7760009765625 194.25
v 49.40610122680664 241.92999267578125 37.80289840698242
v 46.085899353027344 242.99600219726562 35.691898345947266
v 138.93299865722656 70.16449737548828 194.67599487304688
v 362.1659851074219 162.49600219726562 193.10699462890625
v 361.4179992675781 160.45799255371094 197.60000610351562
v 362.47900390625 163.37399291992188 195.26300048828125
v 335.6029968261719 107.80999755859375 53.88750076293945
v 332.6719970703125 107.8219985961914 49.817901611328125
v 331.7359924316406 107.25499725341797 49.39390182495117
v 319.3070068359375 84.16799926757812 143.70700073242188
v 46.44269943237305 207.98500061035156 178.24200439453125
v 46.83430099487305 203.24099731445312 167.33799743652344
v 199.48599243164062 65.99359893798828 166.9530029296875
v 29.80820083618164 190.406005859375 0.800000011920929
v 240.88299560546875 73.38800048828125 197.60000610351562
v 239.11199951171875 74.07279968261719 197.60000610351562
v 198.4040069580078 279.0480041503906 137.3300018310547
v 360.8739929199219 152.45799255371094 167.89100646972656
v 39.085899353027344 191.26800537109375 90.61540222167969
v 40.631500244140625 194.2469940185547 97.12470245361328
v 269.4590148925781 277.60198974609375 193.11099243164062
v 267.76800537109375 277.4949951171875 186.86700439453125
v 271.29901123046875 276.87298583984375 189.35499572753906
v 267.7829895019531 277.92401123046875 194.49099731445312
v 77.79029846191406 254.2550048828125 136.75999450683594
v 80.28600311279297 259.39801025390625 131.59100341796875
v 364.26800537109375 193.96400451660156 188.406005859375
v 364.9849853515625 193.57699584960938 195.30299377441406
v 46.49789810180664 151.84300231933594 116.83599853515625
v 45.33190155029297 153.3990020751953 104.05899810791016
v 45.09170150756836 157.47900390625 115.26599884033203
v 47.00090026855469 147.86000061035156 105.95600128173828
v 210.70700073242188 280.6820068359375 175.88600158691406
v 209.5330047607422 281.1340026855469 182.9409942626953
v 210.56900024414062 279.5979919433594 170.78799438476562
v 348.7030029296875 114.75700378417969 79.96119689941406
v 350.1289978027344 119.11799621582031 71.08509826660156
v 67.64309692382812 130.5189971923828 25.142499923706055
v 63.9364013671875 133.74000549316406 27.16390037536621
v 138.5399932861328 281.49798583984375 112.1259994506836
v 144.6699981689453 281.1549987792969 122.84500122070312
v 135.96499633789062 280.7850036621094 114.53199768066406
v 292.0190124511719 275.406005859375 59.54560089111328
v 297.8599853515625 274.1969909667969 62.72959899902344
v 295.1759948730469 275.1210021972656 67.56009674072266
v 294.3429870605469 274.2430114746094 52.779701232910156
v 354.4639892578125 143.3820037841797 46.13520050048828
v 351.9809875488281 143.11500549316406 41.65869903564453
v 308.5880126953125 111.86299896240234 6.771500110626221
v 82.54779815673828 88.09850311279297 109.69499969482422
v 357.739013671875 216.0290069580078 38.77040100097656
v 134.34500122070312 280.9949951171875 177.3820037841797
v 133.04100036621094 279.7569885253906 187.85899353027344
v 141.5590057373047 281.4159851074219 182.43600463867188
v 35.29819869995117 203.57000732421875 37.71689987182617
v 37.124900817871094 206.71400451660156 36.75090026855469
v 110.66500091552734 276.6300048828125 173.78599548339844
v 337.9230041503906 99.4802017211914 100.0270004272461
v 333.21600341796875 94.41310119628906 105.65899658203125
v 336.1090087890625 98.47789764404297 110.41799926757812
v 182.85000610351562 280.4840087890625 159.45599365234375
v 316.54400634765625 118.125 11.164299964904785
v 305.81201171875 272.47100830078125 112.05899810791016
v 158.4810028076172 85.77059936523438 14.947500228881836
v 156.20899963378906 84.29530334472656 19.90999984741211
v 239.6999969482422 72.71150207519531 73.09040069580078
v 106.34100341796875 98.93990325927734 21.275400161743164
v 323.1830139160156 122.87100219726562 11.768099784851074
v 77.77189636230469 122.3219985961914 9.349949836730957
v 120.15499877929688 65.42769622802734 155.57699584960938
v 125.60600280761719 64.30349731445312 158.30999755859375
v 41.78110122680664 213.3459930419922 34.702701568603516
v 54.148101806640625 234.9550018310547 105.7760009765625
v 42.86180114746094 235.0709991455078 33.9098014831543
v 163.6719970703125 283.5820007324219 194.95399475097656
v 163.16700744628906 283.83599853515625 197.60000610351562
v 162.14999389648438 283.7309875488281 197.60000610351562
v 81.70899963378906 262.7179870605469 128.51499938964844
v 344.72100830078125 261.5710144042969 6.813590049743652
v 344.1919860839844 261.30499267578125 14.335800170898438
v 348.0419921875 260.25299072265625 4.967440128326416
v 362.6520080566406 194.5489959716797 26.83530044555664
v 76.54340362548828 103.63700103759766 195.8780059814453
v 75.57649993896484 104.8489990234375 197.60000610351562
v 76.37439727783203 104.03500366210938 197.60000610351562
v 45.8849983215332 215.68800354003906 197.60000610351562
v 45.654300689697266 215.2480010986328 197.60000610351562
v 169.92100524902344 283.7569885253906 72.53929901123047
v 161.2550048828125 283.85400390625 66.38480377197266
v 52.281898498535156 237.1959991455078 197.60000610351562
v 253.57000732421875 279.6709899902344 132.91099548339844
v 247.0800018310547 280.2330017089844 138.05099487304688
v 182.61099243164062 65.84660339355469 98.943603515625
v 171.2989959716797 66.5779037475586 89.80809783935547
v 364.3529968261719 193.06199645996094 150.55799865722656
v 363.83599853515625 193.25 161.4770050048828
v 364.6679992675781 196.58399963378906 137.20700073242188
v 103.5469970703125 279.14898681640625 37.07310104370117
v 102.02100372314453 279.8840026855469 27.629499435424805
v 95.85269927978516 278.0119934082031 31.94860076904297
v 289.4209899902344 275.4309997558594 52.34960174560547
v 114.87200164794922 74.01119995117188 79.12300109863281
v 119.2750015258789 73.53089904785156 77.7311019897461
v 62.89720153808594 136.9980010986328 8.863730430603027
v 60.73699951171875 137.64199829101562 5.590829849243164
v 344.47198486328125 254.88999938964844 56.71649932861328
v 244.6649932861328 67.63369750976562 98.627197265625
v 238.56199645996094 66.2135009765625 108.70899963378906
v 244.75599670410156 65.16529846191406 110.86199951171875
v 360.93798828125 158.2449951171875 193.39300537109375
v 360.59698486328125 156.74200439453125 192.27699279785156
v 360.4070129394531 157.64700317382812 197.60000610351562
v 258.12200927734375 88.80480194091797 29.13360023498535
v 108.52799987792969 71.47699737548828 90.94090270996094
v 107.41500091552734 70.13919830322266 96.01360321044922
v 105.46099853515625 72.92379760742188 89.95159912109375
v 330.80499267578125 96.44640350341797 145.30599975585938
v 192.41299438476562 281.4540100097656 81.65589904785156
v 185.92300415039062 282.0589904785156 64.1968002319336
v 195.42999267578125 279.20098876953125 82.27639770507812
v 73.8853988647461 102.06800079345703 160.5709991455078
v 77.91639709472656 99.5271987915039 170.81399536132812
v 42.163700103759766 181.47799682617188 27.006099700927734
v 39.58140182495117 181.45199584960938 31.47640037536621
v 35.81529998779297 229.7530059814453 53.182098388671875
v 35.44409942626953 226.3520050048828 49.819698333740234
v 224.8090057373047 84.77269744873047 26.398399353027344
v 216.51800537109375 84.77860260009766 24.810699462890625
v 216.33299255371094 82.07099914550781 30.970600128173828
v 347.39898681640625 243.06700134277344 197.60000610351562
v 346.72698974609375 243.90199279785156 198.3260040283203
v 318.1319885253906 120.06500244140625 16.28380012512207
v 206.2570037841797 277.531005859375 46.41189956665039
v 32.6614990234375 220.21800231933594 24.118099212646484
v 31.045499801635742 222.27999877929688 21.712900161743164
v 34.271400451660156 221.49200439453125 26.006200790405273
v 31.02079963684082 217.42799377441406 20.64080047607422
v 32.542999267578125 213.80099487304688 46.672298431396484
v 34.38750076293945 212.19500732421875 41.92279815673828
v 33.707298278808594 216.8249969482422 45.71979904174805
v 63.36539840698242 119.31500244140625 197.60000610351562
v 64.28810119628906 117.93099975585938 197.04299926757812
v 63.31679916381836 118.875 194.84800720214844
v 308.3529968261719 266.45001220703125 197.60000610351562
v 306.822998046875 266.6709899902344 198.18600463867188
v 42.36149978637695 171.0500030517578 11.186400413513184
v 40.68170166015625 169.70799255371094 6.500510215759277
v 206.75100708007812 65.43440246582031 127.50399780273438
v 212.9040069580078 65.331298828125 132.9709930419922
v 217.25 281.6969909667969 180.98800659179688
v 215.3560028076172 282.0639953613281 189.27000427246094
v 40.4276008605957 172.70899963378906 9.796219825744629
v 359.42498779296875 239.21400451660156 79.7030029296875
v 91.94450378417969 88.63529968261719 197.60000610351562
v 91.1404037475586 89.30110168457031 197.60000610351562
v 88.86100006103516 103.93099975585938 31.856599807739258
v 244.3489990234375 279.1659851074219 127.125
v 237.3280029296875 279.9599914550781 126.68599700927734
v 163.072998046875 282.3039855957031 134.46200561523438
v 158 281.7170104980469 132.79600524902344
v 75.13390350341797 272.6409912109375 35.82040023803711
v 67.23169708251953 272.0150146484375 23.683900833129883
v 372.4779968261719 187.47999572753906 7.245190143585205
v 362.01800537109375 143.1179962158203 85.72699737548828
v 360.2200012207031 138.04800415039062 88.49240112304688
v 364.4280090332031 150.34800720214844 81.83470153808594
v 68.50569915771484 264.18701171875 197.60000610351562
v 61.13710021972656 230.42999267578125 127.39700317382812
v 40.526100158691406 259.82598876953125 10.06309986114502
v 40.595001220703125 261.17401123046875 4.957509994506836
v 352.9079895019531 124.87100219726562 124.87699890136719
v 249.63999938964844 63.49489974975586 156.75999450683594
v 227.24400329589844 64.24240112304688 140.31300354003906
v 236.48599243164062 64.26329803466797 156.72000122070312
v 244.32200622558594 62.730098724365234 143.92799377441406
v 42.36320114135742 190.3249969482422 197.60000610351562
v 42.265499114990234 190.68600463867188 195.26800537109375
v 42.36320114135742 191.4550018310547 197.60000610351562
v 42.36320114135742 189.2830047607422 198.38999938964844
v 68.02510070800781 105.55699920654297 99.02880096435547
v 304.52801513671875 77.86630249023438 75.65609741210938
v 297.80999755859375 77.70040130615234 73.072998046875
v 365.14300537109375 170.72999572753906 50.33399963378906
v 43.93280029296875 222.97500610351562 38.17900085449219
v 42.987098693847656 225.40699768066406 34.455101013183594
v 41.03950119018555 220.86399841308594 90.77950286865234
v 39.393798828125 223.10299682617188 85.62480163574219
v 41.17290115356445 226.49600219726562 88.33740234375
v 38.97209930419922 215.30799865722656 88.09310150146484
v 338.218994140625 253.35699462890625 193.2729949951172
v 339.50799560546875 252.5679931640625 197.60000610351562
v 338.7770080566406 253.2760009765625 197.60000610351562
v 358.8890075683594 135.19700622558594 83.39600372314453
v 359.1789855957031 135.16299438476562 99.85929870605469
v 259.7850036621094 84.24839782714844 40.699798583984375
v 261.864990234375 84.07260131835938 42.305198669433594
v 356.7430114746094 225.29200744628906 197.60000610351562
v 356.29901123046875 226.71200561523438 197.40899658203125
v 366.2959899902344 245.1790008544922 20.465499877929688
v 361.0429992675781 249.72999572753906 22.76799964904785
v 365.5119934082031 248.66400146484375 12.884300231933594
v 185.78799438476562 279.2659912109375 171.30599975585938
v 185.54400634765625 279.3500061035156 178.31900024414062
v 132.42599487304688 94.28669738769531 7.315229892730713
v 357.96600341796875 149.14599609375 195.42999267578125
v 357.3800048828125 147.927001953125 197.60000610351562
v 357.9410095214844 149.66200256347656 197.60000610351562
v 53.253700256347656 213.09800720214844 130.00100708007812
v 50.577999114990234 209.91400146484375 121.7249984741211
v 339.9519958496094 111.92500305175781 54.88420104980469
v 71.0519027709961 266.0360107421875 194.87100219726562
v 73.22709655761719 268.03399658203125 195.2969970703125
v 70.66429901123047 266.1669921875 197.60000610351562
v 306.68798828125 271.55999755859375 128.32400512695312
v 306.72198486328125 270.8599853515625 134.3249969482422
v 84.27970123291016 269.3009948730469 116.61499786376953
v 87.63050079345703 272.510986328125 110.31199645996094
v 80.68260192871094 269.3080139160156 107.87699890136719
v 318.5450134277344 264.1600036621094 195.24600219726562
v 316.0989990234375 264.6669921875 197.05799865722656
v 314.27899169921875 265.468994140625 193.49099731445312
v 235.99000549316406 277.6340026855469 44.59260177612305
v 319.01300048828125 85.7885971069336 151.0970001220703
v 314.64599609375 82.39080047607422 152.38900756835938
v 327.8599853515625 260.6260070800781 194.17599487304688
v 327.7430114746094 260.697998046875 197.60000610351562
v 326.41900634765625 261.42401123046875 197.60000610351562
v 364.8389892578125 250.54600524902344 6.7109599113464355
v 345.28900146484375 245.85699462890625 197.60000610351562
v 346.010986328125 245.23800659179688 197.60000610351562
v 345.47698974609375 243.125 187.81399536132812
v 127.18399810791016 61.94409942626953 150.9040069580078
v 360.7380065917969 232.30099487304688 34.00600051879883
v 359.4729919433594 163.44400024414062 0.800000011920929
v 42.15019989013672 223.0590057373047 92.21949768066406
v 329.3819885253906 89.9447021484375 106.28199768066406
v 193.8780059814453 277.4289855957031 163.61900329589844
v 291.8739929199219 86.32980346679688 52.698299407958984
v 63.8734016418457 110.96600341796875 92.9717025756836
v 64.45880126953125 110.59500122070312 99.74240112304688
v 235.5659942626953 281.260986328125 183.43699645996094
v 340.7019958496094 116.99800109863281 197.60000610351562
v 340.5429992675781 116.13500213623047 195.53599548339844
v 339.62701416015625 115.64299774169922 197.60000610351562
v 341.57598876953125 118.04199981689453 197.60000610351562
v 295.8429870605469 274.4580078125 18.079700469970703
v 297.9880065917969 273.8420104980469 24.71739959716797
v 166.10400390625 281.97100830078125 188.7030029296875
v 352.79998779296875 233.656005859375 44.21139907836914
v 302.97900390625 73.71659851074219 151.75900268554688
v 304.41900634765625 75.94840240478516 155.6179962158203
v 360.71099853515625 230.7469940185547 50.96549987792969
v 159.37600708007812 65.21730041503906 98.63580322265625
v 150.22900390625 65.75640106201172 96.04720306396484
v 156.70399475097656 63.87839889526367 103.74500274658203
v 155.2010040283203 67.04720306396484 89.25849914550781
v 295.7619934082031 270.052001953125 191.25999450683594
v 292.1629943847656 271.3590087890625 194.3260040283203
v 295.1109924316406 270.4200134277344 195.22799682617188
v 48.1879997253418 248.42599487304688 52.94990158081055
v 49.31779861450195 250.57400512695312 53.70920181274414
v 347.3999938964844 254.4709930419922 66.26809692382812
v 202.44500732421875 281.14898681640625 194.9149932861328
v 204.5709991455078 281.0369873046875 197.60000610351562
v 202.5229949951172 280.5989990234375 186.12100219726562
v 44.77259826660156 168.11399841308594 132.4499969482422
v 45.489498138427734 174.75799560546875 142.95700073242188
v 44.470001220703125 176.85699462890625 129.33099365234375
v 366.4100036621094 205.8300018310547 49.72700119018555
v 365.9339904785156 204.35899353027344 48.1327018737793
v 369.1889953613281 199.65199279785156 54.4119987487793
v 361.9700012207031 207.19700622558594 42.896400451660156
v 171.9600067138672 63.68199920654297 171.2729949951172
v 164.18800354003906 63.06679916381836 171.64100646972656
v 300.8609924316406 271.6470031738281 140.22999572753906
v 313.4280090332031 268.6510009765625 133.20399475097656
v 48.26219940185547 147.625 125.37899780273438
v 50.11830139160156 141.61300659179688 136.8249969482422
v 289.5799865722656 275.3290100097656 12.27079963684082
v 116.35700225830078 64.99299621582031 104.4209976196289
v 115.46199798583984 276.33599853515625 160.1909942626953
v 119.19000244140625 277.3489990234375 164.2519989013672
v 150.3159942626953 282.6600036621094 160.02000427246094
v 137.08299255371094 281.5060119628906 146.41799926757812
v 78.33709716796875 102.08100128173828 197.60000610351562
v 77.78389739990234 102.62300109863281 197.60000610351562
v 78.88490295410156 100.91699981689453 193.58399963378906
v 110.65799713134766 274.72100830078125 161.92799377441406
v 108.05799865722656 274.0580139160156 165.1649932861328
v 78.56620025634766 272.2030029296875 90.44010162353516
v 324.90399169921875 84.25810241699219 98.91850280761719
v 326.8160095214844 87.07150268554688 107.53800201416016
v 323.1130065917969 82.87840270996094 108.08999633789062
v 328.88800048828125 260.10699462890625 197.60000610351562
v 96.77020263671875 269.6260070800781 149.07400512695312
v 91.09120178222656 265.6610107421875 161.70700073242188
v 138.11599731445312 70.89990234375 197.60000610351562
v 136.66000366210938 71.0105972290039 197.96299743652344
v 92.61090087890625 86.52549743652344 67.6541976928711
v 92.5635986328125 84.3197021484375 74.56220245361328
v 209.74000549316406 85.57019805908203 22.466299057006836
v 203.9499969482422 85.94080352783203 21.66790008544922
v 215.30599975585938 87.99019622802734 18.059999465942383
v 47.224300384521484 236.10899353027344 43.92649841308594
v 41.194400787353516 234.78900146484375 48.283199310302734
v 49.503700256347656 239.98599243164062 45.074798583984375
v 43.80690002441406 173.88900756835938 15.969900131225586
v 159.70199584960938 283.3760070800781 112.91899871826172
v 61.13309860229492 229.58200073242188 141.29200744628906
v 36.660099029541016 174.91799926757812 47.66389846801758
v 38.68220138549805 171.2689971923828 42.369300842285156
v 58.354400634765625 123.61799621582031 62.91749954223633
v 59.12770080566406 121.4520034790039 65.83910369873047
v 362.7980041503906 235.17100524902344 64.16999816894531
v 360.864013671875 237.89999389648438 60.29460144042969
v 364.41400146484375 152.44000244140625 124.88899993896484
v 78.08460235595703 94.8655014038086 75.88700103759766
v 80.04199981689453 92.03389739990234 81.34519958496094
v 50.431800842285156 137.46400451660156 101.73500061035156
v 48.42610168457031 143.99899291992188 109.69499969482422
v 48.260101318359375 142.77099609375 99.19670104980469
v 322.20599365234375 92.372802734375 168.53399658203125
v 317.3299865722656 89.29350280761719 177.68600463867188
v 320.5669860839844 92.38169860839844 178.18800354003906
v 64.16549682617188 253.8090057373047 105.12200164794922
v 66.8855972290039 253.99899291992188 109.91000366210938
v 63.887298583984375 250.6909942626953 108.47599792480469
v 301.2239990234375 98.65190124511719 35.154300689697266
v 304.5539855957031 103.13099670410156 30.16659927368164
v 186.81300354003906 279.98699951171875 157.69500732421875
v 186.9040069580078 279.3039855957031 164.16700744628906
v 92.38710021972656 104.6259994506836 25.981599807739258
v 55.957698822021484 125.8740005493164 107.25800323486328
v 53.56100082397461 130.15199279785156 103.25700378417969
v 331.86700439453125 264.7869873046875 68.09600067138672
v 318.3139953613281 267.1470031738281 27.49690055847168
v 320.6789855957031 266.7909851074219 24.271499633789062
v 49.65549850463867 203.58299255371094 148.8260040283203
v 48.92150115966797 205.66299438476562 157.52200317382812
v 47.399600982666016 198.83700561523438 155.718994140625
v 50.542301177978516 209.20700073242188 154.48199462890625
v 155.35699462890625 283.0840148925781 118.66699981689453
v 357.72198486328125 218.5970001220703 36.614898681640625
v 357.04400634765625 218.9759979248047 40.21179962158203
v 356.4230041503906 221.18800354003906 37.55459976196289
v 308.75 71.52159881591797 101.66100311279297
v 80.6084976196289 96.46240234375 168.22799682617188
v 82.10790252685547 96.22460174560547 179.0070037841797
v 191.80799865722656 93.82990264892578 0.800000011920929
v 166.57699584960938 281.9580078125 40.41460037231445
v 257.5060119628906 90.74210357666016 23.79800033569336
v 38.62779998779297 169.23300170898438 50.293800354003906
v 41.43870162963867 161.43699645996094 53.98860168457031
v 40.529300689697266 166.2550048828125 42.957000732421875
v 342.9530029296875 119.70800018310547 197.60000610351562
v 342.53900146484375 119.4010009765625 197.60000610351562
v 206.6580047607422 276.1520080566406 59.655799865722656
v 213.1020050048828 276.6080017089844 67.66790008544922
v 347.82000732421875 114.36499786376953 107.26000213623047
v 307.3389892578125 107.73699951171875 25.655099868774414
v 123.875 79.32830047607422 56.18450164794922
v 120.3499984741211 78.45780181884766 62.20909881591797
v 350.55499267578125 237.531005859375 195.18499755859375
v 352.31500244140625 233.53799438476562 193.73599243164062
v 321.8789978027344 103.81999969482422 43.32899856567383
v 320.3940124511719 105.6240005493164 39.49380111694336
v 362.2250061035156 210.14999389648438 44.00149917602539
v 156.906005859375 64.54149627685547 176.57400512695312
v 85.7208023071289 93.11759948730469 187.47799682617188
v 281.4159851074219 85.0989990234375 50.15489959716797
v 314.2569885253906 117.54499816894531 15.838500022888184
v 380.47900390625 216.91000366210938 7.334660053253174
v 337.98199462890625 258.0299987792969 52.22370147705078
v 360.3030090332031 215.55499267578125 194.6540069580078
v 361.1080017089844 213.9029998779297 197.60000610351562
v 359.052001953125 218.33599853515625 192.70199584960938
v 37.81169891357422 184.48199462890625 82.51360321044922
v 146.48199462890625 281.8580017089844 87.00460052490234
v 282.60400390625 68.01490020751953 161.08900451660156
v 276.3580017089844 68.75170135498047 169.1790008544922
v 277.5010070800781 65.97850036621094 159.197998046875
v 48.45180130004883 197.927001953125 145.54400634765625
v 47.562198638916016 192.1580047607422 138.92100524902344
v 94.66629791259766 85.98249816894531 195.43099975585938
v 40.212501525878906 229.44500732421875 45.32170104980469
v 44.2681999206543 229.49200439453125 42.370399475097656
v 44.88010025024414 247.718994140625 58.2046012878418
v 364.68701171875 150.38600158691406 90.90160369873047
v 362.3110046386719 143.2100067138672 98.85230255126953
v 300.22198486328125 70.50689697265625 92.79650115966797
v 37.949100494384766 230.03799438476562 48.81679916381836
v 41.41310119628906 232.17300415039062 45.559898376464844
v 38.713600158691406 232.67799377441406 49.89440155029297
v 370.8869934082031 178.2429962158203 83.8230972290039
v 362.6300048828125 204.2530059814453 43.25740051269531
v 365.7900085449219 200.5279998779297 47.75310134887695
v 53.366798400878906 148.04299926757812 7.003570079803467
v 361.69000244140625 203.7220001220703 159.5260009765625
v 360.9230041503906 206.92799377441406 147.94500732421875
v 357.2690124511719 216.9949951171875 147.83299255371094
v 128.33700561523438 84.83290100097656 34.7041015625
v 50.486000061035156 238.48599243164062 41.702598571777344
v 320.8680114746094 261.9010009765625 147.48399353027344
v 326.1390075683594 260.2340087890625 138.18499755859375
v 322.1549987792969 84.76219940185547 131.8419952392578
v 326.9840087890625 89.87030029296875 128.13800048828125
v 151.89599609375 281.63800048828125 197.60000610351562
v 68.0448989868164 116.63400268554688 46.14070129394531
v 253.1820068359375 62.26940155029297 125.34100341796875
v 265.29901123046875 60.79880142211914 136.56399536132812
v 257.7179870605469 62.14849853515625 119.88400268554688
v 48.11249923706055 214.69500732421875 179.6959991455078
v 49.33000183105469 214.84500122070312 173.6280059814453
v 57.07469940185547 247.13499450683594 195.18600463867188
v 58.497398376464844 246.21400451660156 189.46200561523438
v 369.63800048828125 216.29299926757812 69.41539764404297
v 363.8789978027344 169.9669952392578 197.60000610351562
v 364.0889892578125 170.74200439453125 197.60000610351562
v 364.3580017089844 172.11199951171875 194.5189971923828
v 199.98599243164062 276.35400390625 81.72660064697266
v 198.30499267578125 276.2969970703125 87.49530029296875
v 200.83900451660156 274.8429870605469 87.86759948730469
v 340.0639953613281 254.3769989013672 108.0790023803711
v 340.927001953125 257.0329895019531 97.59290313720703
v 277.0199890136719 90.65129852294922 35.785099029541016
v 47.259700775146484 145.19500732421875 81.1541976928711
v 46.84090042114258 146.6529998779297 94.46289825439453
v 149.4949951171875 62.68119812011719 170.25799560546875
v 357.95599365234375 222.10499572753906 35.645301818847656
v 91.47160339355469 276.6369934082031 64.46859741210938
v 340.5509948730469 260.0039978027344 83.73979949951172
v 290.27099609375 78.09100341796875 197.60000610351562
v 288.9580078125 78.1572036743164 197.60000610351562
v 300.5509948730469 80.52249908447266 192
v 297.44000244140625 80.01090240478516 195.4720001220703
v 345.8179931640625 115.78399658203125 148.281005859375
v 346.802001953125 118.8030014038086 157.61000061035156
v 359.5090026855469 209.04200744628906 39.89250183105469
v 359.4490051269531 206.19000244140625 38.63309860229492
v 328.0849914550781 261.64801025390625 125.06900024414062
v 325.87298583984375 262.99200439453125 127.21900177001953
v 55.577301025390625 146.35699462890625 9.487569808959961
v 57.88759994506836 145.9929962158203 17.525800704956055
v 279.34100341796875 275.1470031738281 197.60000610351562
v 55.9015007019043 255.52099609375 52.489601135253906
v 192.55499267578125 90.52989959716797 10.837200164794922
v 352.2640075683594 158.00799560546875 12.8641996383667
v 49.5984992980957 239.25599670410156 38.91299819946289
v 215.26699829101562 74.08499908447266 197.60000610351562
v 330.56500244140625 92.37789916992188 113.63099670410156
v 97.02980041503906 92.98059844970703 44.353599548339844
v 92.30960083007812 97.25479888916016 40.54999923706055
v 101.44599914550781 91.57489776611328 41.89759826660156
v 74.76460266113281 122.00299835205078 0.800000011920929
v 62.04930114746094 270.385986328125 18.967500686645508
v 65.49559783935547 272.30499267578125 13.744600296020508
v 57.955299377441406 269.2879943847656 14.317500114440918
v 337.3590087890625 98.54540252685547 79.568603515625
v 333.4100036621094 95.65519714355469 73.18299865722656
v 325.0480041503906 261.8970031738281 197.60000610351562
v 325.45098876953125 261.6610107421875 192.10699462890625
v 321.8789978027344 263.0840148925781 193.2519989013672
v 92.29080200195312 275.6239929199219 41.43299865722656
v 98.17539978027344 275.8580017089844 44.44260025024414
v 93.09149932861328 274.0119934082031 44.971900939941406
v 37.470298767089844 184.5590057373047 14.465900421142578
v 342.072998046875 257.625 90.160400390625
v 54.569400787353516 131.78799438476562 59.15530014038086
v 132.02499389648438 60.19779968261719 114.92900085449219
v 149.72900390625 285.2340087890625 10.94159984588623
v 106.1259994506836 67.54450225830078 127.93800354003906
v 80.86470031738281 270.0769958496094 53.92190170288086
v 75.66889953613281 271.0010070800781 60.047401428222656
v 78.96540069580078 267.65399169921875 51.1161994934082
v 364.9419860839844 232.73699951171875 31.065900802612305
v 368.72100830078125 238.11000061035156 24.746599197387695
v 147.10699462890625 57.89759826660156 143.32899475097656
v 151.7270050048828 59.499698638916016 155.48399353027344
v 319.8940124511719 264.28900146484375 45.11439895629883
v 354.9179992675781 141.07899475097656 197.4980010986328
v 354.2179870605469 138.8459930419922 193.80499267578125
v 354.4700012207031 139.76800537109375 197.60000610351562
v 355.4840087890625 141.59100341796875 190.7689971923828
v 149.60800170898438 282.79998779296875 118.44200134277344
v 152.23800659179688 281.2179870605469 130.76300048828125
v 142.81399536132812 282.5950012207031 110.09400177001953
v 43.1077995300293 177.7729949951172 26.112600326538086
v 251.85000610351562 280.1579895019531 81.64070129394531
v 256.4840087890625 279.989013671875 87.69319915771484
v 248.75900268554688 280.3819885253906 92.1980972290039
v 169.302001953125 281.3160095214844 177.98399353027344
v 172.9080047607422 282.11700439453125 173.25900268554688
v 76.3416976928711 269.10198974609375 42.53379821777344
v 301.49200439453125 68.0968017578125 106.02400207519531
v 291.2229919433594 69.5718994140625 90.73760223388672
v 164.71299743652344 82.28269958496094 25.13450050354004
v 173.84500122070312 83.35359954833984 21.087600708007812
v 208.52699279785156 80.27649688720703 33.793701171875
v 200.32200622558594 80.57740020751953 31.720500946044922
v 204.70399475097656 78.1404037475586 39.19990158081055
v 207.9550018310547 82.8115005493164 27.642200469970703
v 112.47100067138672 280.2929992675781 104.49199676513672
v 131.99600219726562 280.7760009765625 136.44900512695312
v 329.8139953613281 267.7460021972656 0.800000011920929
v 330.5880126953125 267.4200134277344 4.8699798583984375
v 135.95399475097656 281.67401123046875 92.82659912109375
v 138.35000610351562 280.635009765625 96.6791000366211
v 45.63840103149414 199.2530059814453 170.1649932861328
v 219.7220001220703 70.9583969116211 77.6957015991211
v 212.0989990234375 71.31179809570312 72.97859954833984
v 189.64700317382812 80.38529968261719 30.312700271606445
v 196.81100463867188 84.30220031738281 22.975000381469727
v 181.56300354003906 83.40640258789062 21.303199768066406
v 264.4599914550781 66.0354995727539 99.09300231933594
v 261.4460144042969 64.50450134277344 105.41500091552734
v 261.2030029296875 65.97570037841797 100.08899688720703
v 271.1719970703125 73.91809844970703 192.44900512695312
v 271.489990234375 74.84030151367188 197.60000610351562
v 273.56500244140625 75.1227035522461 197.60000610351562
v 368.67401123046875 167.48500061035156 73.66280364990234
v 262.08599853515625 95.7040023803711 12.833900451660156
v 356.29901123046875 229.61599731445312 45.44110107421875
v 325.1390075683594 87.67639923095703 75.7157974243164
v 322.52801513671875 84.82749938964844 79.93199920654297
v 320.79901123046875 87.53060150146484 68.14540100097656
v 150.2969970703125 70.22540283203125 194.93099975585938
v 111.1780014038086 67.77320098876953 99.30359649658203
v 257.1789855957031 77.84609985351562 57.51089859008789
v 259.48699951171875 77.08489990234375 60.61280059814453
v 258.3869934082031 79.75430297851562 51.79610061645508
v 364.0150146484375 160.24400329589844 55.46200180053711
v 57.016700744628906 267.364013671875 23.522199630737305
v 321.8210144042969 94.21240234375 181.8489990234375
v 128.41200256347656 70.01689910888672 189.3159942626953
v 230.0919952392578 80.15149688720703 40.08330154418945
v 227.6719970703125 83.15019989013672 31.132400512695312
v 43.00170135498047 174.17300415039062 193.14700317382812
v 195.03799438476562 71.80269622802734 64.49510192871094
v 59.89120101928711 240.6009979248047 178.22799682617188
v 62.399200439453125 244.052001953125 176.75399780273438
v 324.47601318359375 85.58979797363281 118.89800262451172
v 320.0719909667969 80.30570220947266 116.12699890136719
v 327.8349914550781 89.51270294189453 117.125
v 352.5950012207031 135.3800048828125 195.45599365234375
v 351.4989929199219 132.81300354003906 196.9080047607422
v 353.1659851074219 135.7779998779297 189.31100463867188
v 79.29199981689453 94.91220092773438 72.1532974243164
v 83.3102035522461 90.56690216064453 75.30970001220703
v 83.71659851074219 91.77639770507812 69.80770111083984
v 81.3062973022461 92.2488021850586 74.75289916992188
v 188.86500549316406 88.40460205078125 12.678199768066406
v 184.03799438476562 86.62039947509766 14.384200096130371
v 133.59300231933594 279.3290100097656 47.55780029296875
v 128.6540069580078 279.72198486328125 51.054901123046875
v 229.4510040283203 277.9859924316406 81.435302734375
v 163.36700439453125 285.2409973144531 0.800000011920929
v 33.476600646972656 218.68699645996094 24.77429962158203
v 33.65599822998047 219.7469940185547 25.41950035095215
v 367.5199890136719 213.96499633789062 28.472700119018555
v 181.49200439453125 284.5740051269531 15.777000427246094
v 39.66310119628906 182.08399963378906 90.8478012084961
v 45.28459930419922 159.08399963378906 194.9029998779297
v 44.650299072265625 162.31700134277344 193.60699462890625
v 44.9098014831543 161.0189971923828 187.35499572753906
v 110.97699737548828 66.3228988647461 104.7030029296875
v 109.3740005493164 66.57119750976562 108.64700317382812
v 112.86499786376953 67.19039916992188 99.44029998779297
v 272.47100830078125 69.38999938964844 173.7310028076172
v 182.21600341796875 73.65139770507812 52.121700286865234
v 186.7530059814453 76.55390167236328 41.622398376464844
v 273.04901123046875 276.6610107421875 197.60000610351562
v 271.6000061035156 277.0199890136719 197.60000610351562
v 297.74200439453125 270.2349853515625 158.9770050048828
v 61.769798278808594 265.01300048828125 66.7239990234375
v 69.13400268554688 268.7860107421875 70.40049743652344
v 64.15599822998047 265.99200439453125 77.5145034790039
v 68.72209930419922 268.322998046875 62.647701263427734
v 37.79999923706055 236.83799743652344 64.94709777832031
v 351.0369873046875 237.45799255371094 197.60000610351562
v 350.52398681640625 238.39199829101562 197.60000610351562
v 320.7430114746094 264.5830078125 134.77699279785156
v 360.68798828125 215.2989959716797 197.60000610351562
v 199.56500244140625 96.79920196533203 0.800000011920929
v 274.7690124511719 278.3179931640625 79.10639953613281
v 287.531005859375 276.2569885253906 89.19200134277344
v 37.081298828125 221.8040008544922 80.47740173339844
v 363.5260009765625 202.822998046875 197.60000610351562
v 363.0780029296875 204.26800537109375 197.60000610351562
v 41.504398345947266 166.98899841308594 0.800000011920929
v 37.80849838256836 221.76100158691406 28.941999435424805
v 202.2270050048828 95.73919677734375 9.856369972229004
v 48.61109924316406 145.83299255371094 155.3350067138672
v 254.62100219726562 279.59100341796875 122.01799774169922
v 261.4460144042969 279.44000244140625 126.27899932861328
v 248.69000244140625 279.3039855957031 123.4219970703125
v 200.843994140625 95.368896484375 10.543000221252441
v 88.33450317382812 275.49200439453125 194.83399963378906
v 92.1011962890625 275.4939880371094 189.42300415039062
v 91.7479019165039 276.3609924316406 195.7949981689453
v 356.0369873046875 133.2899932861328 65.63410186767578
v 108.91699981689453 102.41200256347656 12.437199592590332
v 320.0480041503906 94.69190216064453 195.0030059814453
v 319.01800537109375 94.331298828125 197.60000610351562
v 319.9700012207031 93.26280212402344 187.33900451660156
v 106.21199798583984 103.08999633789062 14.220100402832031
v 229.44200134277344 280.9360046386719 172.07400512695312
v 237.1490020751953 280.8680114746094 173.69500732421875
v 35.66170120239258 222.0229949951172 76.1980972290039
v 362.52398681640625 197.95700073242188 28.29159927368164
v 35.650001525878906 216.95599365234375 42.70940017700195
v 39.55440139770508 221.45899963378906 41.48619842529297
v 275.2049865722656 277.2279968261719 0.800000011920929
v 192.25599670410156 279.82000732421875 184.2169952392578
v 357.8550109863281 250.1230010986328 27.10460090637207
v 355.30499267578125 248.02499389648438 31.768999099731445
v 362.9330139160156 245.38600158691406 26.228599548339844
v 279.14898681640625 276.75299072265625 21.778400421142578
v 44.186100006103516 154.94000244140625 54.737701416015625
v 259.8999938964844 74.25279998779297 197.60000610351562
v 258.4200134277344 74.3499984741211 197.60000610351562
v 131.16600036621094 280.06500244140625 111.8740005493164
v 125.3030014038086 279.9779968261719 110.20600128173828
v 329.2349853515625 98.00160217285156 59.32709884643555
v 330.614990234375 95.6593017578125 66.07710266113281
v 332.7560119628906 99.09839630126953 62.7411003112793
v 201.1219940185547 281.3330078125 197.60000610351562
v 199.6750030517578 281.5190124511719 197.60000610351562
v 313.9070129394531 83.63520050048828 159.36700439453125
v 250.76199340820312 73.07869720458984 193.7259979248047
v 246.63999938964844 73.51570129394531 197.60000610351562
v 248.97500610351562 73.67279815673828 197.60000610351562
v 202.78700256347656 72.57569885253906 63.036399841308594
v 51.77009963989258 235.6750030517578 197.60000610351562
v 51.9651985168457 235.5189971923828 195.46200561523438
v 51.88859939575195 236.31500244140625 197.60000610351562
v 51.4463005065918 234.58099365234375 197.60000610351562
v 341.9079895019531 111.00900268554688 155.68499755859375
v 352.1839904785156 132.00799560546875 53.867801666259766
v 351.6719970703125 134.6649932861328 49.594600677490234
v 353.2130126953125 131.77499389648438 57.750099182128906
v 269.00299072265625 74.63490295410156 197.60000610351562
v 70.8062973022461 105.09200286865234 153.2729949951172
v 233.57200622558594 281.49798583984375 197.60000610351562
v 231.82400512695312 281.781005859375 197.60000610351562
v 30.394100189208984 230.38999938964844 20.148300170898438
v 188.33999633789062 281.43798828125 35.199100494384766
v 324.62200927734375 96.71009826660156 56.14659881591797
v 325.0920104980469 95.402099609375 58.64889907836914
v 316.7829895019531 92.3125 56.27410125732422
v 42.96630096435547 175.4739990234375 197.60000610351562
v 43.12590026855469 173.3209991455078 197.05799865722656
v 364.47100830078125 172.7480010986328 170.88400268554688
v 364.92401123046875 169.15499877929688 158.67999267578125
v 147.71200561523438 282.3290100097656 176.50900268554688
v 151.75900268554688 281.5639953613281 180.88299560546875
v 348.2090148925781 241.48500061035156 197.92799377441406
v 348.6659851074219 240.2570037841797 194.8459930419922
v 348.9630126953125 240.75 197.60000610351562
v 343.3919982910156 259.0249938964844 26.454999923706055
v 346.24798583984375 256.31298828125 30.020299911499023
v 343.072998046875 256.1180114746094 31.603700637817383
v 345.5830078125 259.29901123046875 21.95400047302246
v 225.6790008544922 71.5988998413086 189.50599670410156
v 349.94500732421875 259.0270080566406 12.789799690246582
v 349.7049865722656 257.9469909667969 20.02440071105957
v 379.79998779296875 205.6300048828125 0.800000011920929
v 366.8380126953125 241.85400390625 24.38319969177246
v 268.9230041503906 98.07469940185547 7.555260181427002
v 115.53500366210938 90.69029998779297 29.947500228881836
v 114.23899841308594 95.21379852294922 21.21780014038086
v 118.96900177001953 92.03829956054688 23.675100326538086
v 138.9510040283203 71.16179656982422 75.3604965209961
v 143.36900329589844 69.13739776611328 82.15059661865234
v 260.01300048828125 64.81449890136719 163.26800537109375
v 267.739990234375 67.04219818115234 168.3260040283203
v 264.1960144042969 63.240501403808594 155.16299438476562
v 327.58099365234375 267.7030029296875 9.73781967163086
v 55.13130187988281 252.03399658203125 92.77670288085938
v 360.67401123046875 218.02099609375 111.12999725341797
v 165.55799865722656 65.17520141601562 99.20790100097656
v 310.802001953125 271.4219970703125 8.476659774780273
v 226.30999755859375 73.07720184326172 194.82400512695312
v 348.4219970703125 259.8999938964844 0.800000011920929
v 42.676700592041016 262.79400634765625 6.25068998336792
v 166.9340057373047 80.28070068359375 30.763700485229492
v 361.5459899902344 207.10299682617188 183.25799560546875
v 101.53099822998047 277.73699951171875 95.33489990234375
v 107.52400207519531 279.3609924316406 90.36599731445312
v 324.6449890136719 117.35900115966797 29.732500076293945
v 83.37789916992188 109.72699737548828 29.633699417114258
v 134.1959991455078 80.2083969116211 44.81919860839844
v 39.760101318359375 241.29400634765625 64.52320098876953
v 38.528900146484375 237.53599548339844 68.43260192871094
v 378.69500732421875 216.28399658203125 12.162799835205078
v 44.2947998046875 225.41000366210938 38.9370002746582
v 223.2729949951172 277.1099853515625 39.8848991394043
v 227.5279998779297 278.18798828125 104.19100189208984
v 339.2250061035156 250.3350067138672 42.39250183105469
v 336.468994140625 253.24600219726562 44.259498596191406
v 167.6909942626953 71.28829956054688 195.7010040283203
v 166.4250030517578 71.8114013671875 197.60000610351562
v 168.08299255371094 72.30799865722656 197.60000610351562
v 332.72900390625 104.21900177001953 54.64360046386719
v 43.13130187988281 199.38400268554688 197.60000610351562
v 43.02299880981445 197.8990020751953 193.197998046875
v 43.16640090942383 197.7550048828125 197.60000610351562
v 332.0050048828125 259.3429870605469 47.92539978027344
v 331.9909973144531 256.6889953613281 42.63740158081055
v 104.86699676513672 277.7380065917969 126.5989990234375
v 104.08300018310547 275.9880065917969 136.197998046875
v 32.1963005065918 247.77499389648438 11.525099754333496
v 347.7340087890625 257.1419982910156 26.99340057373047
v 239.6719970703125 280.0580139160156 99.20860290527344
v 238.1479949951172 280.0350036621094 103.52300262451172
v 240.30299377441406 280.75201416015625 88.90190124511719
v 343.3269958496094 247.6540069580078 38.01210021972656
v 241.82400512695312 281.1719970703125 183.33799743652344
v 245.8979949951172 280.635009765625 192.33200073242188
v 241.9949951171875 280.5679931640625 192.71099853515625
v 337.2340087890625 256.489013671875 111.47000122070312
v 360.843994140625 177.01300048828125 39.92060089111328
v 358.2640075683594 175.95599365234375 36.26380157470703
v 357.6830139160156 171.843994140625 36.30550003051758
v 358.7300109863281 179.57200622558594 36.35929870605469
v 91.44059753417969 81.42649841308594 139.6649932861328
v 178.65199279785156 79.71710205078125 31.445199966430664
v 202.2100067138672 277.3190002441406 55.024600982666016
v 199.58200073242188 278.18499755859375 64.50540161132812
v 198.30799865722656 279.6789855957031 56.013099670410156
v 253.73899841308594 68.69339752197266 91.22360229492188
v 251.28900146484375 74.11799621582031 69.02839660644531
v 107.25700378417969 101.49299621582031 16.16629981994629
v 106.78600311279297 88.17610168457031 44.70320129394531
v 277.28399658203125 276.8110046386719 11.195300102233887
v 74.23370361328125 265.3240051269531 44.54859924316406
v 324.3500061035156 88.90679931640625 70.54229736328125
v 65.63420104980469 271.1940002441406 26.66320037841797
v 39.980098724365234 208.41200256347656 34.96289825439453
v 40.85770034790039 210.92799377441406 35.2140998840332
v 332.218994140625 257.14599609375 127.60800170898438
v 131.8509979248047 76.96430206298828 58.09749984741211
v 66.35569763183594 257.6409912109375 188.45199584960938
v 68.5635986328125 257.864990234375 184.68800354003906
v 248.2169952392578 280.4649963378906 152.03799438476562
v 56.45539855957031 249.0800018310547 47.36759948730469
v 59.032798767089844 250.77499389648438 46.521400451660156
v 58.159698486328125 251.26100158691406 47.92380142211914
v 83.87889862060547 86.32849884033203 102.08300018310547
v 88.24530029296875 82.322998046875 97.74109649658203
v 287.06500244140625 273.4429931640625 195.6790008544922
v 288.27301025390625 272.6059875488281 194.24099731445312
v 288.6199951171875 273.0150146484375 197.60000610351562
v 285.7640075683594 273.3890075683594 193.60400390625
v 127.4000015258789 80.2072982788086 49.97869873046875
v 159.572998046875 283.6579895019531 70.76300048828125
v 150.9669952392578 283.34600830078125 66.36910247802734
v 342.9469909667969 116.1969985961914 179.91700744628906
v 243.97999572753906 280.739013671875 77.6511001586914
v 304.6789855957031 81.04630279541016 183.25799560546875
v 65.60260009765625 266.6080017089844 61.86750030517578
v 357.48699951171875 242.60000610351562 59.74760055541992
v 161.0570068359375 281.322998046875 138.4429931640625
v 167.9980010986328 280.9949951171875 143.2530059814453
v 86.75959777832031 90.72750091552734 167.7209930419922
v 79.80470275878906 266.5 114.802001953125
v 359.7179870605469 139.07400512695312 123.35700225830078
v 294.5060119628906 80.17310333251953 66.11160278320312
v 293.1780090332031 77.9719009399414 70.81590270996094
v 44.38059997558594 260.41900634765625 18.73240089416504
v 33.39970016479492 239.85899353027344 22.49209976196289
v 45.793800354003906 233.05599975585938 92.46299743652344
v 48.48809814453125 237.53900146484375 94.29450225830078
v 50.134498596191406 233.49099731445312 99.73320007324219
v 369.2279968261719 216.17599487304688 62.174400329589844
v 368.5679931640625 213.56700134277344 57.25680160522461
v 40.4838981628418 234.50999450683594 32.26810073852539
v 314.9830017089844 266.4639892578125 141.0679931640625
v 359.7640075683594 211.99200439453125 178.5709991455078
v 359.427001953125 211.7030029296875 169.64599609375
v 237.46600341796875 83.3467025756836 33.75400161743164
v 368.7200012207031 217.74099731445312 79.02760314941406
v 69.51909637451172 268.6889953613281 81.82420349121094
v 51.13460159301758 255.11099243164062 75.55970001220703
v 52.706298828125 255.68699645996094 79.93379974365234
v 47.66680145263672 251.63400268554688 72.45580291748047
v 138.88699340820312 62.9557991027832 104.80999755859375
v 142.43899536132812 65.22869873046875 98.3406982421875
v 356.03399658203125 136.80599975585938 58.550201416015625
v 354.10400390625 135.20799255371094 54.60599899291992
v 44.38180160522461 246 56.722999572753906
v 326.2980041503906 104.68199920654297 46.499698638916016
v 54.26649856567383 217.52499389648438 150.1580047607422
v 50.625 213.01499938964844 161.58999633789062
v 364.1969909667969 173.68899536132812 185.82400512695312
v 364.57501220703125 176.69700622558594 191.8939971923828
v 121.47100067138672 89.31759643554688 28.18709945678711
v 331.375 105.99800109863281 194.13099670410156
v 328.9960021972656 103.93000030517578 197.60000610351562
v 53.726898193359375 146.08700561523438 0.4750039875507355
v 67.67659759521484 111.94599914550781 180.6179962158203
v 65.69280242919922 112.74400329589844 169.38299560546875
v 62.09859848022461 115.50599670410156 71.12059783935547
v 61.40380096435547 118.96199798583984 62.855499267578125
v 59.8218994140625 119.33000183105469 70.16220092773438
v 64.3010025024414 113.65699768066406 65.68350219726562
v 290.5199890136719 275.42999267578125 55.65589904785156
v 289.9670104980469 276.35699462890625 60.85329818725586
v 78.89900207519531 271.114013671875 96.93340301513672
v 330.4620056152344 254.99600219726562 159.9550018310547
v 328.8330078125 256.4339904785156 163.53700256347656
v 334.93499755859375 102.41999816894531 60.83509826660156
v 332.8919982910156 102.14900207519531 57.964698791503906
v 367.21600341796875 159.69500732421875 82.87930297851562
v 275.6960144042969 276.8389892578125 0.800000011920929
v 214.90699768066406 74.7699966430664 197.60000610351562
v 214.08200073242188 74.62889862060547 197.60000610351562
v 117.31300354003906 280.54400634765625 62.732200622558594
v 149.08900451660156 58.800201416015625 122.32099914550781
v 74.77120208740234 268.46600341796875 98.39769744873047
v 131.75799560546875 78.6520004272461 51.98970031738281
v 46.48820114135742 148.21099853515625 99.368896484375
v 355.44500732421875 138.48199462890625 171.49000549316406
v 353.22900390625 132.06199645996094 164.98399353027344
v 58.13880157470703 249.77200317382812 197.60000610351562
v 58.242401123046875 249.28199768066406 195.48899841308594
v 58.63079833984375 250.48599243164062 197.60000610351562
v 57.463401794433594 248.5800018310547 197.60000610351562
v 53.62179946899414 151.22799682617188 11.688199996948242
v 128.28900146484375 285.7409973144531 0.800000011920929
v 59.6338005065918 251.51100158691406 195.05099487304688
v 59.584598541259766 249.25799560546875 191.1909942626953
v 61.322200775146484 253.93699645996094 194.16799926757812
v 324.7929992675781 124.55799865722656 21.119300842285156
v 269.35400390625 278.5419921875 124.23699951171875
v 354.3290100097656 236.52099609375 47.61399841308594
v 360.6409912109375 233.052001953125 52.959800720214844
v 357.9859924316406 238.01600646972656 52.96689987182617
v 356.8869934082031 233.56300354003906 48.21310043334961
v 251.41000366210938 63.30580139160156 116.33100128173828
v 92.12539672851562 79.0447006225586 96.72760009765625
v 93.16079711914062 80.24440002441406 87.87449645996094
v 192.4810028076172 278.85101318359375 170.33900451660156
v 285.13299560546875 65.95140075683594 152.3300018310547
v 50.039798736572266 201.8730010986328 135.9149932861328
v 366.9209899902344 221.2270050048828 30.185100555419922
v 363.77099609375 219.88600158691406 32.20840072631836
v 366.0820007324219 224.24099731445312 31.080400466918945
v 367.9750061035156 218.79299926757812 28.67530059814453
v 53.917701721191406 218.7969970703125 121.4739990234375
v 357.2969970703125 221.2779998779297 189.32400512695312
v 358.3890075683594 221.375 195.61900329589844
v 273.27099609375 277.6180114746094 133.50599670410156
v 221.2270050048828 89.53099822998047 14.206500053405762
v 47.51599884033203 168.3730010986328 18.49209976196289
v 327.3080139160156 127.88600158691406 17.901500701904297
v 47.24169921875 145.802001953125 67.76280212402344
v 159.98899841308594 59.5260009765625 151.86399841308594
v 165.0780029296875 61.93560028076172 166.58700561523438
v 166.1320037841797 59.40359878540039 141.85800170898438
v 343.8949890136719 257.8590087890625 68.04840087890625
v 154.5229949951172 282.4580078125 197.60000610351562
v 156.95899963378906 281.84698486328125 192.48599243164062
v 156.73699951171875 282.9100036621094 197.60000610351562
v 153.49899291992188 281.2569885253906 193.08799743652344
v 340.3059997558594 261.4809875488281 23.07360076904297
v 339.2200012207031 263.2449951171875 17.86050033569336
v 40.106300354003906 238.71499633789062 73.2332992553711
v 373.9599914550781 234.0050048828125 17.765899658203125
v 41.81010055541992 159.8520050048828 61.02799987792969
v 38.93280029296875 168.3260040283203 62.082801818847656
v 41.491600036621094 160.9149932861328 70.03589630126953
v 331.25201416015625 95.5967025756836 134.04400634765625
v 157.63999938964844 282.77801513671875 36.539100646972656
v 29.44569969177246 200.36300659179688 11.667200088500977
v 31.410400390625 199.2259979248047 14.662400245666504
v 365.0589904785156 189.43699645996094 197.60000610351562
v 365.1080017089844 191.09300231933594 197.60000610351562
v 51.98080062866211 262.7090148925781 28.3341007232666
v 55.72119903564453 260.90301513671875 36.84870147705078
v 350.9989929199219 151.72799682617188 34.195098876953125
v 351.6719970703125 148.25799560546875 37.19150161743164
v 38.385398864746094 172.42799377441406 0.5489529967308044
v 357.7030029296875 159.947998046875 40.47639846801758
v 27.770000457763672 219.63699340820312 14.788700103759766
v 55.38019943237305 148.26199340820312 25.06369972229004
v 52.55699920654297 151.79600524902344 27.344100952148438
v 45.484798431396484 158.38600158691406 197.60000610351562
v 371.6669921875 239.34300231933594 18.16080093383789
v 349.9880065917969 249.29800415039062 88.68990325927734
v 38.67369842529297 192.71600341796875 20.944299697875977
v 44.63029861450195 232.64599609375 43.63169860839844
v 71.07879638671875 106.85900115966797 61.21580123901367
v 73.58619689941406 103.60700225830078 62.637901306152344
v 72.12069702148438 250.43600463867188 164.60699462890625
v 40.934200286865234 221.72500610351562 31.62350082397461
v 291.9989929199219 271.9079895019531 197.60000610351562
v 290.12200927734375 272.3190002441406 197.60000610351562
v 49.97359848022461 236.70899963378906 42.41419982910156
v 369.57501220703125 172.0050048828125 72.29149627685547
v 356.97698974609375 242.11500549316406 33.765098571777344
v 220.6820068359375 282.88800048828125 195.73599243164062
v 222.34800720214844 282.7929992675781 193.25999450683594
v 223.34800720214844 282.9830017089844 197.60000610351562
v 219.04299926757812 282.4590148925781 195.6020050048828
v 80.81629943847656 117.1760025024414 0.800000011920929
v 304.4119873046875 77.56179809570312 161.29100036621094
v 361.9670104980469 208.39599609375 129.31199645996094
v 33.26850128173828 251.2760009765625 8.88169002532959
v 122.31900024414062 72.904296875 197.60000610351562
v 124.2760009765625 72.70259857177734 197.60000610351562
v 71.72470092773438 261.0840148925781 184.09800720214844
v 319.3190002441406 119.90699768066406 21.32110023498535
v 318.88299560546875 117.71800231933594 23.902099609375
v 165.14100646972656 70.72599792480469 194.16400146484375
v 164.03700256347656 71.80120086669922 197.60000610351562
v 42.3843994140625 181.44400024414062 197.60000610351562
v 356.76800537109375 145.53700256347656 194.1510009765625
v 374.8710021972656 199.5800018310547 12.815699577331543
v 215.98699951171875 65.72689819335938 127.94599914550781
v 221.09500122070312 64.89140319824219 131.86599731445312
v 46.16780090332031 217.43899536132812 197.60000610351562
v 46.44779968261719 219.04800415039062 197.60000610351562
v 32.881099700927734 226.9040069580078 24.47130012512207
v 324.2460021972656 260.5989990234375 173.08700561523438
v 326.7749938964844 258.21099853515625 166.68899536132812
v 140.06900024414062 281.8269958496094 100.08100128173828
v 33.636199951171875 233.79100036621094 24.921100616455078
v 44.29059982299805 153.86300659179688 78.64080047607422
v 45.145599365234375 152.03500366210938 85.84300231933594
v 45.57360076904297 150.16600036621094 68.84300231933594
v 199.5399932861328 75.46749877929688 47.61709976196289
v 345.2030029296875 250.16099548339844 36.16239929199219
v 342.00299072265625 249.63900756835938 37.56990051269531
v 354.48699951171875 228.48399353027344 40.92250061035156
v 352.3349914550781 139.3000030517578 46.284698486328125
v 268.5880126953125 63.34080123901367 107.48500061035156
v 130.7449951171875 280.27398681640625 43.7338981628418
v 126.86599731445312 279.28900146484375 46.254798889160156
v 256.5159912109375 279.9169921875 102.9530029296875
v 63.04180145263672 124.50299835205078 43.130699157714844
v 257.87799072265625 62.05030059814453 148.6790008544922
v 198.74200439453125 69.1218032836914 85.16190338134766
v 49.661800384521484 161.20799255371094 22.899700164794922
v 47.163700103759766 164.4080047607422 25.553800582885742
v 49.0906982421875 163.56700134277344 17.575300216674805
v 322.4639892578125 94.14409637451172 177.89100646972656
v 102.88400268554688 69.3958969116211 121.72200012207031
v 108.2229995727539 66.0425033569336 119.50800323486328
v 366.29998779296875 184.80499267578125 141.1479949951172
v 366.96600341796875 189.4770050048828 127.39900207519531
v 354.4909973144531 170.18699645996094 30.720699310302734
v 119.40899658203125 66.25810241699219 98.29100036621094
v 131.2220001220703 89.20230102539062 20.290700912475586
v 369.8080139160156 239.78500366210938 21.674800872802734
v 347.09100341796875 112.74400329589844 104.87999725341797
v 103.15299987792969 80.8582992553711 197.60000610351562
v 102.25900268554688 81.49250030517578 197.60000610351562
v 242.36000061035156 64.12000274658203 118.85600280761719
v 252.7689971923828 64.14859771728516 111.1259994506836
v 308.3370056152344 268.2969970703125 38.45439910888672
v 315.2200012207031 266.15399169921875 39.8036003112793
v 311.2699890136719 268.0790100097656 44.83610153198242
v 40.00740051269531 226.83999633789062 31.30419921875
v 354.0690002441406 229.2449951171875 37.680198669433594
v 357.093994140625 146.74400329589844 197.60000610351562
v 138.4550018310547 282.3900146484375 86.54830169677734
v 66.13710021972656 110.98500061035156 66.6980972290039
v 63.987300872802734 112.12000274658203 72.65519714355469
v 304.6189880371094 267.3349914550781 197.5659942626953
v 302.739013671875 267.95001220703125 197.60000610351562
v 79.58910369873047 100.58599853515625 197.38099670410156
v 199.18099975585938 284.18499755859375 0.800000011920929
v 250.4499969482422 280.0539855957031 103.9729995727539
v 244.29100036621094 280.29400634765625 101.30000305175781
v 64.1852035522461 259.1619873046875 197.60000610351562
v 63.327701568603516 256.97698974609375 194.33700561523438
v 305.93701171875 75.15889739990234 150.81399536132812
v 293.8819885253906 70.12249755859375 155.03599548339844
v 37.41210174560547 235.7010040283203 29.438800811767578
v 36.09270095825195 241.00900268554688 26.42729949951172
v 298.4530029296875 270.0799865722656 182.12100219726562
v 204.38499450683594 277.35699462890625 155.9969940185547
v 352.7279968261719 133.16000366210938 174.9810028076172
v 335.17498779296875 264.3479919433594 21.13089942932129
v 212.83799743652344 282.03399658203125 197.60000610351562
v 212.44900512695312 281.9100036621094 193.78900146484375
v 214.27200317382812 282.1629943847656 197.60000610351562
v 211.67100524902344 281.6889953613281 197.60000610351562
v 327.5840148925781 124.47699737548828 7.662829875946045
v 94.87079620361328 276.6659851074219 192.99000549316406
v 98.17279815673828 277.4460144042969 194.88499450683594
v 96.8009033203125 277.3630065917969 197.60000610351562
v 98.09739685058594 276.4469909667969 187.39500427246094
v 276.16900634765625 74.59870147705078 193.38600158691406
v 273.8169860839844 75.2416000366211 197.60000610351562
v 275.3269958496094 75.47930145263672 197.60000610351562
v 63.38240051269531 258.10400390625 197.60000610351562
v 62.55500030517578 256.78900146484375 197.60000610351562
v 46.367801666259766 259.0769958496094 26.467899322509766
v 44.43069839477539 256.3290100097656 27.74410057067871
v 42.547000885009766 189.39700317382812 190.41600036621094
v 58.062801361083984 262.35101318359375 64.85859680175781
v 43.553001403808594 170.51499938964844 197.60000610351562
v 186.57899475097656 64.49330139160156 114.8949966430664
v 175.68699645996094 65.19869995117188 101.51799774169922
v 177.2550048828125 63.78300094604492 111.98699951171875
v 267.8380126953125 277.677001953125 197.60000610351562
v 267.2300109863281 278.1780090332031 198.5189971923828
v 363.5429992675781 148.1540069580078 115.2030029296875
v 315.4490051269531 80.03060150146484 80.83589935302734
v 110.78199768066406 75.543701171875 77.88310241699219
v 372.8500061035156 221.0330047607422 23.30299949645996
v 337.5199890136719 110.802001953125 186.23899841308594
v 338.35699462890625 112.31500244140625 189.25799560546875
v 170.49600219726562 283.7099914550781 197.60000610351562
v 172.03700256347656 283.64599609375 197.60000610351562
v 347.760986328125 238.00100708007812 117.2760009765625
v 243.1790008544922 280.1860046386719 118.05000305175781
v 356.3550109863281 176.43800354003906 32.91270065307617
v 333.6510009765625 254.7100067138672 177.19400024414062
v 348.364013671875 244.01199340820312 47.34130096435547
v 346.75799560546875 244.19200134277344 46.13249969482422
v 363.18798828125 163.11700439453125 172.62899780273438
v 363.3819885253906 166.92999267578125 178.10400390625
v 248.38800048828125 279.4010009765625 197.60000610351562
v 247.38999938964844 279.74700927734375 197.60000610351562
v 37.34370040893555 209.7790069580078 38.0900993347168
v 34.08829879760742 207.84500122070312 40.93709945678711
v 47.902099609375 160.08599853515625 28.15880012512207
v 72.37010192871094 120.69999694824219 30.130399703979492
v 127.64600372314453 279.14300537109375 188.51499938964844
v 364.3349914550781 194.3679962158203 44.864200592041016
v 335.7090148925781 255.4409942626953 46.71989822387695
v 293.4360046386719 105.96099853515625 11.929300308227539
v 209.48899841308594 74.25150299072266 197.60000610351562
v 65.67569732666016 115.947998046875 194.61500549316406
v 64.62670135498047 116.64199829101562 189.75399780273438
v 66.54340362548828 114.65299987792969 193.0590057373047
v 371.4590148925781 216.13400268554688 24.83679962158203
v 330.22601318359375 261.1409912109375 119.41300201416016
v 355.1109924316406 222.32000732421875 136.2270050048828
v 42.38249969482422 183.41799926757812 197.60000610351562
v 42.372798919677734 182.375 197.60000610351562
v 362.7489929199219 222.0290069580078 96.9583969116211
v 363.4200134277344 219.4010009765625 98.40709686279297
v 61.78419876098633 120.55999755859375 192.69500732421875
v 82.38849639892578 270.5740051269531 44.316898345947266
v 85.57959747314453 270.9729919433594 45.40370178222656
v 84.44750213623047 269.45098876953125 48.70130157470703
v 87.66940307617188 272.87298583984375 43.8838996887207
v 61.631900787353516 251.78399658203125 103.31099700927734
v 273.3680114746094 83.6449966430664 48.905799865722656
v 269.0769958496094 82.14099884033203 50.407901763916016
v 58.907798767089844 227.26199340820312 152.35000610351562
v 82.05570220947266 97.82599639892578 197.60000610351562
v 360.64300537109375 158.97000122070312 197.60000610351562
v 74.90889739990234 105.48500061035156 197.60000610351562
v 76.2156982421875 103.63999938964844 191.85499572753906
v 73.72699737548828 106.7300033569336 195.93600463867188
v 44.570701599121094 242.28799438476562 82.64240264892578
v 42.94279861450195 239.1269989013672 81.8750991821289
v 47.14289855957031 245.59300231933594 84.627197265625
v 307.7510070800781 272.8039855957031 69.02559661865234
v 224.8990020751953 279.85400390625 148.7949981689453
v 332.40899658203125 256.79998779296875 38.215999603271484
v 343.4599914550781 119.39099884033203 51.20240020751953
v 348.4939880371094 240.50999450683594 43.15610122680664
v 347.1570129394531 241.75999450683594 42.244598388671875
v 176.0540008544922 284.2250061035156 23.24970054626465
v 311.73699951171875 115.85299682617188 13.71660041809082
v 24.597700119018555 215.77499389648438 0.800000011920929
v 66.90910339355469 262.1099853515625 197.60000610351562
v 274.78399658203125 277.5190124511719 17.73590087890625
v 270.5299987792969 278.2019958496094 18.504199981689453
v 207.0240020751953 275.760986328125 80.03630065917969
v 207.67100524902344 276.17401123046875 72.41059875488281
v 201.29600524902344 276.54901123046875 73.89810180664062
v 199.66700744628906 275.125 93.16280364990234
v 203.76699829101562 273.9200134277344 92.37760162353516
v 209.51199340820312 276.906005859375 49.749000549316406
v 294.4129943847656 83.93699645996094 58.35200119018555
v 315.843994140625 267.4049987792969 49.75680160522461
v 316.3810119628906 268.1929931640625 54.392398834228516
v 81.26300048828125 100.1259994506836 53.170799255371094
v 211.85899353027344 90.3947982788086 12.071200370788574
v 270.5509948730469 277.95001220703125 49.53030014038086
v 204.66299438476562 93.58260345458984 7.722070217132568
v 342.385986328125 242.74899291992188 133.4530029296875
v 59.99039840698242 260.9949951171875 85.89299774169922
v 62.48979949951172 261.0199890136719 91.331298828125
v 58.77069854736328 257.489990234375 91.01239776611328
v 62.587398529052734 263.8489990234375 84.50150299072266
v 40.46929931640625 192.54800415039062 23.00149917602539
v 81.84110260009766 273.7340087890625 197.60000610351562
v 337.0840148925781 97.75869750976562 86.37069702148438
v 342.9599914550781 105.33599853515625 81.88050079345703
v 44.816898345947266 211.2779998779297 197.60000610351562
v 309.7279968261719 79.5094985961914 74.99150085449219
v 62.411399841308594 248.0260009765625 182.81100463867188
v 68.7477035522461 109.63099670410156 61.229400634765625
v 121.58899688720703 97.8270034790039 0.800000011920929
v 164.47500610351562 283.74200439453125 197.60000610351562
v 165.27099609375 283.760986328125 195.9759979248047
v 165.9969940185547 283.74200439453125 197.60000610351562
v 256.6719970703125 74.24449920654297 197.60000610351562
v 195.26600646972656 66.09649658203125 170.37600708007812
v 192.0570068359375 67.4291000366211 178.00799560546875
v 357.7699890136719 137.66299438476562 145.17599487304688
v 326.1390075683594 98.1436996459961 55.46310043334961
v 328.7030029296875 101.55799865722656 53.47420120239258
v 234.50799560546875 65.1843032836914 117.9229965209961
v 119.25700378417969 279.1910095214844 44.81050109863281
v 123.10399627685547 278.8810119628906 50.28810119628906
v 117.14399719238281 277.8999938964844 48.77239990234375
v 124.35199737548828 280.4280090332031 41.445701599121094
v 191.80099487304688 92.95159912109375 5.530580043792725
v 275.6130065917969 99.3573989868164 0.800000011920929
v 370.635986328125 196.96299743652344 59.958499908447266
v 54.5531005859375 259.4570007324219 70.21489715576172
v 79.8324966430664 91.05780029296875 104.16699981689453
v 82.22840118408203 88.33489990234375 96.23490142822266
v 146.69000244140625 283.0840148925781 110.26699829101562
v 358.6400146484375 239.37399291992188 56.12779998779297
v 354.2959899902344 241.23599243164062 51.004398345947266
v 52.08259963989258 259.8580017089844 33.72919845581055
v 354.3599853515625 239.71600341796875 49.86790084838867
v 36.71009826660156 174.5970001220703 54.38240051269531
v 222.55099487304688 74.06919860839844 197.60000610351562
v 314.56500244140625 270.3160095214844 103.6050033569336
v 306.69500732421875 272.2669982910156 95.13760375976562
v 61.71500015258789 261.0220031738281 54.3224983215332
v 67.1709976196289 262.1629943847656 52.09400177001953
v 129.5989990234375 71.6886978149414 197.60000610351562
v 70.40399932861328 110.70899963378906 197.60000610351562
v 52.34040069580078 132.36099243164062 93.73269653320312
v 80.02980041503906 272.4930114746094 59.734798431396484
v 343.92401123046875 115.97699737548828 169.14100646972656
v 47.18149948120117 166.0709991455078 14.677000045776367
v 193.33900451660156 280.2170104980469 50.451900482177734
v 186.58700561523438 280.6830139160156 46.6864013671875
v 329.52801513671875 106.58599853515625 47.63169860839844
v 281.8219909667969 276.989990234375 49.6786003112793
v 277.635009765625 276.3840026855469 47.15439987182617
v 89.8313980102539 274.0199890136719 43.267601013183594
v 310.24200439453125 71.8584976196289 123.05999755859375
v 308.0409851074219 70.99739837646484 129.9600067138672
v 103.88400268554688 90.49939727783203 41.74190139770508
v 99.75959777832031 90.93090057373047 45.81399917602539
v 201.35400390625 72.95099639892578 194.57200622558594
v 198.94000244140625 74.05829620361328 197.60000610351562
v 201.62600708007812 73.92980194091797 197.60000610351562
v 58.15959930419922 143.43899536132812 25.039400100708008
v 61.04520034790039 136.21400451660156 29.245399475097656
v 106.01100158691406 277.1159973144531 53.42539978027344
v 112.18900299072266 278.3869934082031 55.206600189208984
v 331.697998046875 91.2332992553711 87.75700378417969
v 49.162200927734375 230.00599670410156 100.11499786376953
v 219.24899291992188 281.239013671875 175.78900146484375
v 201.15899658203125 71.5186996459961 69.27770233154297
v 211.1739959716797 70.52249908447266 79.21199798583984
v 67.80699920654297 259.65301513671875 48.23740005493164
v 150.51400756835938 74.68289947509766 53.64120101928711
v 154.17100524902344 71.98159790039062 62.620399475097656
v 77.93689727783203 270.7049865722656 193.70599365234375
v 104.7229995727539 277.6860046386719 186.7429962158203
v 359.18701171875 219.4709930419922 197.60000610351562
v 358.7550048828125 220.9669952392578 197.60000610351562
v 355.531005859375 246.0290069580078 61.65250015258789
v 342.8630065917969 122.75599670410156 46.073699951171875
v 193.63900756835938 72.26470184326172 193.81100463867188
v 189.46200561523438 70.6167984008789 189.66600036621094
v 190.81300354003906 72.94660186767578 197.60000610351562
v 197.13999938964844 69.26529693603516 183.9669952392578
v 224.46099853515625 278.50799560546875 27.988399505615234
v 230.13699340820312 278.0830078125 32.66279983520508
v 98.7384033203125 279.87701416015625 20.835899353027344
v 57.30670166015625 243.3070068359375 104.77200317382812
v 45.942901611328125 157.01100158691406 197.60000610351562
v 46.05649948120117 155.66000366210938 197.60000610351562
v 63.54710006713867 234.21600341796875 148.7480010986328
v 50.94329833984375 156.10899353027344 25.79199981689453
v 363.26800537109375 197.53599548339844 150.5229949951172
v 285.8420104980469 68.08670043945312 92.74310302734375
v 353.25299072265625 245.74899291992188 87.62429809570312
v 52.126399993896484 136.63800048828125 191.05299377441406
v 50.26729965209961 141.2480010986328 186.49200439453125
v 234.35299682617188 279.53900146484375 107.14600372314453
v 345.6159973144531 109.84500122070312 77.7332992553711
v 365.0740051269531 181.91400146484375 197.60000610351562
v 365.0589904785156 183.26800537109375 197.60000610351562
v 363.55999755859375 148.74400329589844 122.20099639892578
v 43.187801361083984 200.9759979248047 197.60000610351562
v 274.6969909667969 66.10030364990234 161.781005859375
v 354.9469909667969 161.843994140625 12.26990032196045
v 234.15199279785156 280.19500732421875 18.372400283813477
v 54.75910186767578 242.71400451660156 195.43299865722656
v 54.838199615478516 243.8300018310547 197.60000610351562
v 112.65299987792969 277.7430114746094 197.60000610351562
v 286.1409912109375 273.7120056152344 197.86500549316406
v 287.56201171875 273.4930114746094 197.60000610351562
v 359.6409912109375 209.68099975585938 34.43009948730469
v 72.0416030883789 263.1919860839844 48.547298431396484
v 41.08980178833008 200.56399536132812 30.40290069580078
v 341.6409912109375 243.02699279785156 148.23300170898438
v 343.77301025390625 240.17100524902344 142.16700744628906
v 112.86699676513672 64.75260162353516 110.51000213623047
v 111.95099639892578 64.37799835205078 117.23799896240234
v 235.44400024414062 280.3389892578125 114.51399993896484
v 231.61000061035156 280.0480041503906 121.60700225830078
v 77.81659698486328 101.16300201416016 183.58999633789062
v 170.08799743652344 64.12030029296875 106.16400146484375
v 168.63099670410156 62.56399917602539 115.0260009765625
v 175.03900146484375 279.5539855957031 147.4429931640625
v 47.237300872802734 256.41400146484375 31.394699096679688
v 361.3269958496094 198.82699584960938 40.87459945678711
v 62.65520095825195 120.39700317382812 197.60000610351562
v 90.61250305175781 272.4840087890625 45.923099517822266
v 95.8949966430664 273.6809997558594 49.001399993896484
v 87.1333999633789 270.88800048828125 46.33890151977539
v 339.5589904785156 141.7050018310547 23.178199768066406
v 347.0660095214844 132.23699951171875 43.2515983581543
v 163.05999755859375 67.16729736328125 85.5602035522461
v 168.68800354003906 65.8364028930664 94.97039794921875
v 218.98199462890625 74.16510009765625 197.60000610351562
v 220.75100708007812 74.12110137939453 197.60000610351562
v 34.76169967651367 194.20700073242188 37.98860168457031
v 222.92599487304688 281.50299072265625 175.78500366210938
v 128.62899780273438 277.625 195.4409942626953
v 131.8459930419922 277.7380065917969 195.90199279785156
v 131.18800354003906 277.5119934082031 197.8000030517578
v 116.05799865722656 74.67359924316406 197.60000610351562
v 114.24199676513672 74.51069641113281 193.0540008544922
v 114.87200164794922 75.3989028930664 197.60000610351562
v 116.96099853515625 72.99440002441406 190.47000122070312
v 98.7074966430664 273.0369873046875 139.59500122070312
v 355.2080078125 238.56700134277344 35.6864013671875
v 354.62799072265625 241.48899841308594 35.37699890136719
v 337.8970031738281 112.03099822998047 51.30649948120117
v 323.6470031738281 98.81009674072266 52.018001556396484
v 322.1180114746094 268.0480041503906 15.522700309753418
v 302.8580017089844 81.42019653320312 190.53399658203125
v 334.7120056152344 109.52300262451172 195.01699829101562
v 335.3240051269531 110.87799835205078 197.60000610351562
v 336.68701171875 111.50900268554688 194.34100341796875
v 86.13400268554688 275.0920104980469 197.60000610351562
v 88.15660095214844 275.625 197.60000610351562
v 121.1520004272461 281.1449890136719 99.7791976928711
v 129.36700439453125 281.88299560546875 94.1404037475586
v 363.8009948730469 226.31199645996094 87.93669891357422
v 54.33209991455078 131.52099609375 136.093994140625
v 52.14059829711914 136.33999633789062 137.71099853515625
v 61.99760055541992 120.9209976196289 197.60000610351562
v 318.6260070800781 78.2260971069336 109.10299682617188
v 51.33599853515625 138.03700256347656 59.90840148925781
v 50.14970016479492 240.75100708007812 94.82260131835938
v 278.9230041503906 277.0799865722656 124.80999755859375
v 296.5150146484375 77.55069732666016 185.625
v 312.5039978027344 87.87650299072266 193.1439971923828
v 310.2690124511719 86.58550262451172 194.36199951171875
v 163.7209930419922 283.0270080566406 192.8090057373047
v 107.77799987792969 279.218994140625 81.37329864501953
v 349.8999938964844 239.3459930419922 43.54520034790039
v 162.7169952392578 280.66900634765625 182.2729949951172
v 159.64100646972656 282.114013671875 177.26800537109375
v 50.88650131225586 265.0320129394531 18.652799606323242
v 51.12670135498047 139.1820068359375 193.92599487304688
v 155.83299255371094 75.63899993896484 47.2859001159668
v 149.7830047607422 77.14219665527344 44.98830032348633
v 156.447998046875 78.40959930419922 38.52450180053711
v 43.035301208496094 222.88699340820312 40.29909896850586
v 364.56500244140625 187.60899353027344 21.52359962463379
v 74.46440124511719 127.07599639892578 12.791399955749512
v 44.8557014465332 225.33999633789062 95.46849822998047
v 183.85800170898438 279.6499938964844 166.1219940185547
v 300.70098876953125 81.71540069580078 196.66099548339844
v 41.387001037597656 161.18099975585938 65.09290313720703
v 43.46730041503906 155.82400512695312 63.92060089111328
v 171.20899963378906 281.5769958496094 140.22300720214844
v 360.0050048828125 218.71200561523438 44.26089859008789
v 319.3340148925781 94.9802017211914 197.60000610351562
v 61.265899658203125 139.28799438476562 24.631200790405273
v 251.33799743652344 65.86029815673828 168.66900634765625
v 257.2919921875 63.53099822998047 157.87899780273438
v 268.6700134277344 277.62200927734375 197.60000610351562
v 42.46260070800781 193.71499633789062 197.60000610351562
v 42.3568000793457 192.9010009765625 197.60000610351562
v 303.1390075683594 271.9949951171875 48.481201171875
v 299.8349914550781 274.01300048828125 54.09859848022461
v 121.5 67.8156967163086 93.11589813232422
v 41.76129913330078 167.12600708007812 36.359901428222656
v 40.68629837036133 166.99000549316406 40.00709915161133
v 201.70199584960938 274.14898681640625 88.30139923095703
v 152.17300415039062 281.8999938964844 79.18409729003906
v 156.56100463867188 283.15899658203125 85.4177017211914
v 162.30099487304688 283.3059997558594 84.0718002319336
v 365.8070068359375 174.6060028076172 0.800000011920929
v 130.57000732421875 281.75299072265625 60.155799865722656
v 121.90699768066406 280.29901123046875 56.61389923095703
v 200.16900634765625 70.33159637451172 77.33370208740234
v 49.05070114135742 154.62899780273438 32.19110107421875
v 167.68099975585938 69.97579956054688 191.39999389648438
v 162.99400329589844 69.82240295410156 191.60800170898438
v 84.52850341796875 273.156005859375 58.11690139770508
v 371.5249938964844 235.52000427246094 22.019399642944336
v 281.0419921875 275.385986328125 45.14440155029297
v 58.99259948730469 124.41100311279297 57.06489944458008
v 64.03500366210938 118.11299896240234 54.66210174560547
v 72.0968017578125 101.45600128173828 111.13300323486328
v 69.03359985351562 105.052001953125 107.16400146484375
v 134.8769989013672 281.49798583984375 39.05590057373047
v 157.58299255371094 58.49869918823242 140.72500610351562
v 49.359798431396484 152.10400390625 0.800000011920929
v 71.76309967041016 116.61100006103516 38.16790008544922
v 73.37329864501953 113.67500305175781 40.21379852294922
v 333.46099853515625 97.4397964477539 68.12629699707031
v 198.08799743652344 283.5270080566406 14.707799911499023
v 92.55719757080078 88.22789764404297 197.60000610351562
v 93.28510284423828 87.67160034179688 198.41900634765625
v 192.22300720214844 278.0589904785156 166.09100341796875
v 194.24600219726562 277.2669982910156 166.0330047607422
v 156.39700317382812 70.04190063476562 193.4550018310547
v 340.55499267578125 101.97100067138672 89.6802978515625
v 201.7760009765625 276.6310119628906 65.2958984375
v 205.24400329589844 275.6709899902344 66.8469009399414
v 321.25299072265625 99.86060333251953 48.33169937133789
v 42.372798919677734 184.41700744628906 197.60000610351562
v 254.58900451660156 280.0690002441406 111.38600158691406
v 255.62600708007812 280.0719909667969 107
v 68.27960205078125 113.38300323486328 197.60000610351562
v 67.56919860839844 114.13500213623047 197.60000610351562
v 72.470703125 108.48300170898438 197.60000610351562
v 73.25689697265625 107.86299896240234 197.60000610351562
v 128.49600219726562 78.40889739990234 55.64820098876953
v 46.010501861572266 185.29299926757812 145.12600708007812
v 186.46200561523438 282.5929870605469 197.60000610351562
v 189.0800018310547 281.8909912109375 193.1230010986328
v 188.36700439453125 282.2969970703125 197.60000610351562
v 46.23320007324219 154.39100646972656 177.9340057373047
v 44.02870178222656 166.9010009765625 176.1479949951172
v 344.65399169921875 112.53099822998047 135.28700256347656
v 202.5279998779297 281.3479919433594 197.60000610351562
v 337.8900146484375 100.55899810791016 109.30699920654297
v 55.27640151977539 245.14599609375 45.61439895629883
v 353.0400085449219 136.93299865722656 197.60000610351562
v 353.97601318359375 138.7270050048828 197.60000610351562
v 331.9859924316406 93.58519744873047 77.6405029296875
v 143.33700561523438 279.8389892578125 197.60000610351562
v 142.46800231933594 279.77801513671875 197.60000610351562
v 321.6080017089844 122.80699920654297 17.469600677490234
v 48.43429946899414 199.93099975585938 124.17400360107422
v 48.94499969482422 198.19200134277344 130.0780029296875
v 82.36000061035156 116.19200134277344 0.800000011920929
v 45.097900390625 152.3489990234375 92.96800231933594
v 43.91559982299805 156.8699951171875 92.66929626464844
v 342.6520080566406 129.48199462890625 38.6422004699707
v 104.55799865722656 79.46540069580078 194.9720001220703
v 47.863800048828125 148.90499877929688 197.60000610351562
v 47.67499923706055 149.68499755859375 197.60000610351562
v 47.956298828125 148.23899841308594 197.60000610351562
v 274.41900634765625 277.468994140625 26.183799743652344
v 116.63800048828125 278.6099853515625 53.05139923095703
v 321.62200927734375 82.77649688720703 122.69000244140625
v 173.5449981689453 279.885009765625 145.3780059814453
v 62.019798278808594 116.6719970703125 142.93699645996094
v 59.62990188598633 120.87200164794922 151.32000732421875
v 43.65399932861328 179.28199768066406 118.65799713134766
v 154.45899963378906 282.6929931640625 125.18199920654297
v 346.635009765625 236.92799377441406 158.43699645996094
v 231.46600341796875 77.78559875488281 47.959800720214844
v 32.42879867553711 200.3249969482422 67.11029815673828
v 31.78820037841797 211.32899475097656 47.72489929199219
v 31.379100799560547 211.59300231933594 52.22480010986328
v 348.2560119628906 115.78399658203125 71.19879913330078
v 184.84800720214844 280.9939880371094 39.881500244140625
v 260.947998046875 81.25849914550781 48.639400482177734
v 266.3290100097656 83.37999725341797 46.207698822021484
v 187.24200439453125 280.4800109863281 184.62100219726562
v 377.5589904785156 203.41299438476562 9.272170066833496
v 206.29800415039062 67.24859619140625 174.10299682617188
v 345.4670104980469 238.0780029296875 149.86900329589844
v 347.5459899902344 136.46600341796875 39.833900451660156
v 250.26199340820312 279.9330139160156 118.86599731445312
v 379.6759948730469 204.77000427246094 0.800000011920929
v 379.364990234375 203.88800048828125 0.800000011920929
v 231.697998046875 279.81500244140625 133.197998046875
v 357.3330078125 244.3509979248047 72.97489929199219
v 68.60459899902344 241.04800415039062 147.78399658203125
v 72.50530242919922 246.58900451660156 151.15699768066406
v 53.922298431396484 131.06100463867188 115.22799682617188
v 213.13499450683594 91.06439971923828 6.875639915466309
v 246.86099243164062 280.2279968261719 110.94499969482422
v 58.13600158691406 254.54200744628906 94.79959869384766
v 60.43299865722656 252.9969940185547 100.10800170898438
v 64.37779998779297 136.91099548339844 21.63249969482422
v 61.19409942626953 142.04800415039062 18.68829917907715
v 371.45001220703125 191.5469970703125 79.11109924316406
v 322.8760070800781 264.9540100097656 127.63500213623047
v 325.27398681640625 262.37701416015625 132.0780029296875
v 358.6340026855469 151.26199340820312 197.60000610351562
v 42.00669860839844 162.78700256347656 85.05329895019531
v 41.19150161743164 163.11700439453125 77.5647964477539
v 47.092899322509766 151.0709991455078 160.9969940185547
v 254.28700256347656 69.27880096435547 180.35299682617188
v 349.7430114746094 239.21400451660156 197.60000610351562
v 368.406005859375 163.63800048828125 87.0636978149414
v 341.1929931640625 248.81199645996094 38.958900451660156
v 353.9410095214844 224.34100341796875 151.19900512695312
v 182.16600036621094 64.96060180664062 171.3179931640625
v 362.4840087890625 208.91299438476562 197.60000610351562
v 67.61689758300781 105.74500274658203 82.21440124511719
v 187.00900268554688 281.6050109863281 131.4949951171875
v 292.04901123046875 103.4800033569336 19.329099655151367
v 289.8699951171875 273.5469970703125 44.015899658203125
v 177.43099975585938 86.36219787597656 13.279999732971191
v 124.93699645996094 71.95480346679688 79.92839813232422
v 261.7030029296875 279.2430114746094 197.60000610351562
v 259.7430114746094 279.5060119628906 197.60000610351562
v 107.18099975585938 67.13300323486328 111.2959976196289
v 364.01800537109375 201.14700317382812 197.60000610351562
v 363.8599853515625 200.35800170898438 197.60000610351562
v 240.99000549316406 86.4990005493164 27.03059959411621
v 360.39599609375 138.9759979248047 109.47000122070312
v 356.5 226.97300720214844 109.25700378417969
v 74.51260375976562 269.27398681640625 197.60000610351562
v 141.5070037841797 61.740299224853516 108.44999694824219
v 136.968994140625 60.98440170288086 110.43000030517578
v 274.3800048828125 276.0429992675781 197.60000610351562
v 273.81201171875 276.3609924316406 197.60000610351562
v 177.78799438476562 282.35400390625 137.56100463867188
v 100.15899658203125 82.81439971923828 197.60000610351562
v 101.2239990234375 82.0519027709961 197.60000610351562
v 257.2879943847656 279.3529968261719 197.60000610351562
v 258.24798583984375 279.4159851074219 197.60000610351562
v 259.1759948730469 67.37010192871094 172.9929962158203
v 225.10499572753906 282.9440002441406 197.60000610351562
v 246.8000030517578 280.63800048828125 83.78410339355469
v 370.0899963378906 223.4199981689453 26.99340057373047
v 226.4250030517578 282.85101318359375 195.03500366210938
v 225.57200622558594 282.3089904785156 187.7949981689453
v 229.01199340820312 282.239013671875 193.81300354003906
v 49.564300537109375 143.28900146484375 195.44700622558594
v 48.270599365234375 146.7989959716797 187.48500061035156
v 48.66400146484375 145.95199584960938 197.60000610351562
v 96.65560150146484 100.91300201416016 27.28660011291504
v 126.91600036621094 285.97100830078125 0.800000011920929
v 281.4729919433594 75.87740325927734 195.78700256347656
v 280.39898681640625 74.83480072021484 191.7239990234375
v 216.41099548339844 282.2879943847656 197.60000610351562
v 216.93899536132812 282.2969970703125 195.55499267578125
v 218.30099487304688 282.1570129394531 197.60000610351562
v 237.35899353027344 74.22480010986328 197.60000610351562
v 352.6889953613281 256.5469970703125 20.088499069213867
v 271.83099365234375 276.0329895019531 42.12099838256836
v 267.3609924316406 276.8479919433594 45.03969955444336
v 306.92999267578125 76.98989868164062 153.85699462890625
v 157.53399658203125 80.48190307617188 32.161800384521484
v 245.8040008544922 280.4100036621094 176.0850067138672
v 311.4219970703125 270.9939880371094 85.69120025634766
v 162.38600158691406 283.5150146484375 76.4103012084961
v 339.83599853515625 251.9969940185547 194.52000427246094
v 93.23580169677734 84.80439758300781 166.322998046875
v 136.8509979248047 281.7619934082031 56.06230163574219
v 197.1929931640625 280.12799072265625 184.63900756835938
v 357.593994140625 182.73399353027344 32.85340118408203
v 281.2829895019531 274.635986328125 197.60000610351562
v 167.05599975585938 283.75 197.60000610351562
v 167.1510009765625 283.62701416015625 194.48500061035156
v 168.00100708007812 283.7099914550781 197.60000610351562
v 363.4410095214844 168.27499389648438 197.60000610351562
v 153.4720001220703 282.2099914550781 197.60000610351562
v 94.15399932861328 276.6600036621094 197.60000610351562
v 210.09100341796875 281.4150085449219 190.55499267578125
v 42.13710021972656 241.156005859375 76.67240142822266
v 82.52359771728516 104.96900177001953 39.079498291015625
v 48.52399826049805 226.03399658203125 197.60000610351562
v 137.27699279785156 278.48199462890625 197.60000610351562
v 96.18689727783203 278.406005859375 66.47219848632812
v 333.27899169921875 117.23799896240234 38.80659866333008
v 71.29850006103516 113.07599639892578 46.05339813232422
v 297.072998046875 80.75830078125 197.60000610351562
v 298.5870056152344 81.17350006103516 198.36300659179688
v 243.91000366210938 281.0429992675781 69.71430206298828
v 359.9410095214844 199.51100158691406 39.152000427246094
v 360.3059997558594 203.10400390625 39.94200134277344
v 172.40199279785156 283.6860046386719 83.8729019165039
v 162.22500610351562 71.38200378417969 197.32400512695312
v 352.97900390625 231.77099609375 41.51850128173828
v 99.48290252685547 277.4800109863281 197.60000610351562
v 106.26599884033203 278.1549987792969 193.11000061035156
v 107.78199768066406 277.7179870605469 197.60000610351562
v 106.18000030517578 277.65899658203125 197.60000610351562
v 104.05999755859375 72.6135025024414 92.72440338134766
v 160.4459991455078 70.09100341796875 69.33350372314453
v 153.95399475097656 69.385498046875 75.78089904785156
v 357.12200927734375 223.9029998779297 195.02999877929688
v 141.65899658203125 279.4049987792969 197.60000610351562
v 139.13499450683594 278.94500732421875 197.60000610351562
v 300.4949951171875 268.7909851074219 193.15199279785156
v 78.30950164794922 99.83399963378906 60.58420181274414
v 243.87899780273438 66.15869903564453 169.38900756835938
v 239.38299560546875 68.47260284423828 178.64999389648438
v 146.91700744628906 280.447998046875 185.06199645996094
v 357.42401123046875 134.55799865722656 130.29100036621094
v 42.99020004272461 195.68600463867188 197.60000610351562
v 364.5409851074219 182.85400390625 182.54800415039062
v 342.02099609375 119.2030029296875 197.60000610351562
v 319.6029968261719 89.03089904785156 63.390499114990234
v 317.4939880371094 88.0551986694336 63.54209899902344
v 55.471099853515625 257.8450012207031 81.75399780273438
v 296.72100830078125 107.73400115966797 13.0068998336792
v 336.2980041503906 128.74099731445312 31.171899795532227
v 338.1419982910156 126.5770034790039 35.15370178222656
v 352.677001953125 234.11500549316406 197.60000610351562
v 45.38520050048828 245.41700744628906 79.81210327148438
v 37.91529846191406 204.4040069580078 35.261600494384766
v 62.992801666259766 134.01300048828125 2.183079957962036
v 356.3340148925781 144.74000549316406 197.60000610351562
v 105.89900207519531 79.67500305175781 197.60000610351562
v 106.13300323486328 79.37960052490234 197.60000610351562
v 315.0769958496094 76.30259704589844 125.52999877929688
v 48.63750076293945 226.98599243164062 197.60000610351562
v 132.32000732421875 59.442901611328125 145.35000610351562
v 54.32350158691406 242.36700439453125 197.60000610351562
v 105.90399932861328 78.7948989868164 194.6490020751953
v 106.71299743652344 79.68000030517578 197.60000610351562
v 255.24899291992188 74.364501953125 197.60000610351562
v 34.53300094604492 253.58200073242188 8.139360427856445
v 102.1240005493164 277.5090026855469 190.42100524902344
v 182.52499389648438 63.66889953613281 117.86799621582031
v 362.8320007324219 212.1280059814453 31.67340087890625
v 359.9110107421875 211.6320037841797 34.34579849243164
v 242.7989959716797 74.0873031616211 198.4720001220703
v 273.55499267578125 72.71880340576172 185.6219940185547
v 125.16699981689453 277.4219970703125 197.60000610351562
v 168.1060028076172 75.97920227050781 43.07059860229492
v 147.33200073242188 71.03109741210938 70.77420043945312
v 234.79800415039062 68.03880310058594 177.50100708007812
v 233.9080047607422 68.68280029296875 179.20599365234375
v 235.67999267578125 66.03469848632812 167.79400634765625
v 39.085899353027344 229.1269989013672 30.98740005493164
v 38.43870162963867 230.18499755859375 30.63330078125
v 235.18699645996094 277.9309997558594 36.009700775146484
v 178.4499969482422 72.51589965820312 197.49899291992188
v 182.0030059814453 72.2688980102539 195.8159942626953
v 185.9600067138672 282.739013671875 76.7531967163086
v 180.16000366210938 283.260986328125 79.62229919433594
v 253.56500244140625 74.3416976928711 197.60000610351562
v 50.90510177612305 232.76699829101562 197.60000610351562
v 362.7919921875 173.72999572753906 43.986698150634766
v 364.07501220703125 171.5970001220703 47.2495002746582
v 156.0399932861328 71.58930206298828 63.68790054321289
v 168.68600463867188 283.7099914550781 197.60000610351562
v 363.5849914550781 220.0500030517578 48.9379997253418
v 210.3979949951172 69.58709716796875 86.90370178222656
v 71.43170166015625 267.01300048828125 197.60000610351562
v 108.0999984741211 77.98030090332031 197.60000610351562
v 110.8270034790039 76.6061019897461 196.8730010986328
v 362.6050109863281 207.38400268554688 194.74000549316406
v 362.7080078125 207.26800537109375 198.1280059814453
v 347.2590026855469 252.80499267578125 33.699798583984375
v 350.42401123046875 252.34800720214844 32.130001068115234
v 165.46299743652344 62.42580032348633 169.14700317382812
v 77.37550354003906 98.25150299072266 66.74839782714844
v 81.92510223388672 95.2615966796875 63.898399353027344
v 57.4994010925293 124.62899780273438 154.9739990234375
v 82.34030151367188 268.7659912109375 50.625301361083984
v 316.9070129394531 85.43599700927734 157.01400756835938
v 190.5850067138672 92.83580017089844 0.800000011920929
v 321.5140075683594 90.13849639892578 159.80099487304688
v 118.552001953125 276.93798828125 197.60000610351562
v 117.08499908447266 277.052001953125 198.58299255371094
v 90.76260375976562 275.1659851074219 102.2979965209961
v 341.8059997558594 249.68600463867188 194.04600524902344
v 36.91659927368164 226.57899475097656 29.003000259399414
v 32.50189971923828 252.0970001220703 0.5396410226821899
v 182.01400756835938 282.9639892578125 197.60000610351562
v 184.83900451660156 282.906005859375 197.60000610351562
v 180.3090057373047 282.97198486328125 197.60000610351562
v 264.51300048828125 74.31739807128906 197.60000610351562
v 285.052001953125 275.4700012207031 137.2259979248047
v 139.5919952392578 70.96890258789062 197.60000610351562
v 26.183900833129883 238.08900451660156 0.800000011920929
v 127.26200103759766 72.01580047607422 197.60000610351562
v 125.91400146484375 72.50350189208984 197.60000610351562
v 128.32400512695312 71.86969757080078 197.60000610351562
v 277.51800537109375 275.43499755859375 197.60000610351562
v 366.92999267578125 160.68699645996094 115.21600341796875
v 46.73139953613281 152.76800537109375 197.60000610351562
v 346.9179992675781 111.7509994506836 95.14720153808594
v 262.72698974609375 276.8819885253906 39.92150115966797
v 267.9179992675781 275.9330139160156 39.8401985168457
v 46.422000885009766 223.6009979248047 99.42050170898438
v 76.72019958496094 95.6084976196289 111.70899963378906
v 78.63760375976562 94.19640350341797 120.7760009765625
v 354.6390075683594 230.4709930419922 197.60000610351562
v 174.00100708007812 75.83529663085938 43.319000244140625
v 99.5177001953125 275.2030029296875 132.39599609375
v 60.44710159301758 253.77000427246094 197.60000610351562
v 124.98500061035156 86.94879913330078 31.407100677490234
v 103.33599853515625 282.6709899902344 0.800000011920929
v 59.63119888305664 262.4200134277344 80.23059844970703
v 296.4169921875 76.47460174560547 178.33099365234375
v 362.9930114746094 205.09800720214844 197.60000610351562
v 42.570098876953125 227.91400146484375 90.14969635009766
v 45.61869812011719 229.39300537109375 94.56220245361328
v 53.969398498535156 241.13099670410156 197.60000610351562
v 334.2950134277344 255.25599670410156 45.09619903564453
v 334.22100830078125 256.1659851074219 46.445701599121094
v 83.19550323486328 263.81201171875 170.43299865722656
v 35.75 246.31100463867188 22.48189926147461
v 177.0850067138672 282.906005859375 194.16900634765625
v 319.0899963378906 78.42620086669922 103.16000366210938
v 160.44400024414062 76.4478988647461 43.156700134277344
v 351.9010009765625 134.40899658203125 197.60000610351562
v 349.6000061035156 239.00100708007812 38.59769821166992
v 69.66780090332031 265.2380065917969 197.60000610351562
v 61.11640167236328 231.31700134277344 152.8560028076172
v 253.8459930419922 66.38839721679688 101.10800170898438
v 304.2099914550781 272.656005859375 122.8489990234375
v 358.6650085449219 210.2570037841797 37.106998443603516
v 111.46099853515625 77.69010162353516 71.06529998779297
v 48.87189865112305 196.76699829101562 137.05999755859375
v 84.88970184326172 274.7130126953125 197.60000610351562
v 34.85279846191406 197.0189971923828 18.55190086364746
v 169.36900329589844 71.49919891357422 195.94500732421875
v 169.3489990234375 72.32990264892578 197.60000610351562
v 171.9669952392578 72.04940032958984 197.60000610351562
v 62.726898193359375 252.39999389648438 188.3990020751953
v 64.9021987915039 251.0399932861328 181.89500427246094
v 54.04159927368164 133.35400390625 197.60000610351562
v 35.44070053100586 232.85499572753906 27.905000686645508
v 95.50050354003906 83.94280242919922 177.93699645996094
v 62.084598541259766 121.95999908447266 51.554901123046875
v 61.269500732421875 125.96800231933594 45.235198974609375
v 212.5970001220703 73.02079772949219 63.97269821166992
v 359.59698486328125 153.95199584960938 194.39199829101562
v 107.62699890136719 79.42960357666016 197.60000610351562
v 226.82899475097656 282.906005859375 197.60000610351562
v 226.11900329589844 282.92999267578125 197.60000610351562
v 39.373199462890625 200.9720001220703 91.62699890136719
v 41.346900939941406 201.03599548339844 97.85900115966797
v 148.91600036621094 70.92369842529297 197.60000610351562
v 358.5119934082031 188.1739959716797 31.844999313354492
v 150.1020050048828 58.139801025390625 131.83299255371094
v 294.4540100097656 270.9989929199219 197.60000610351562
v 365.11199951171875 178.10400390625 197.60000610351562
v 364.8169860839844 175.8820037841797 197.60000610351562
v 364.9360046386719 180.7740020751953 192.29600524902344
v 350.3489990234375 127.23799896240234 170.02699279785156
v 38.20090103149414 258.385986328125 7.661789894104004
v 359.5190124511719 233.18099975585938 50.872100830078125
v 126.572998046875 83.05039978027344 41.14339828491211
v 120.875 282.9779968261719 23.575300216674805
v 363.7560119628906 160.72000122070312 156.8300018310547
v 44.246700286865234 158.2030029296875 106.62100219726562
v 48.64580154418945 146.697998046875 197.60000610351562
v 48.443199157714844 147.3990020751953 197.60000610351562
v 320.07501220703125 80.92960357666016 86.96199798583984
v 25.983200073242188 236.9040069580078 0.800000011920929
v 323.45098876953125 85.12989807128906 124.04900360107422
v 231.58799743652344 278.2430114746094 65.58489990234375
v 323.1990051269531 259.4939880371094 157.81399536132812
v 46.242698669433594 158.4600067138672 0.5470569729804993
v 156.78599548339844 61.94559860229492 168.4320068359375
v 364.4330139160156 173.81300354003906 195.93699645996094
v 80.44309997558594 271.7919921875 42.062198638916016
v 80.40489959716797 272.5150146484375 40.978599548339844
v 80.50800323486328 273.0950012207031 197.60000610351562
v 79.37329864501953 272.48199462890625 197.60000610351562
v 358.2690124511719 222.20399475097656 197.60000610351562
v 357.5870056152344 223.58999633789062 197.60000610351562
v 318.2300109863281 263.6319885253906 199.08900451660156
v 317.6369934082031 264.14599609375 197.60000610351562
v 225.64300537109375 89.41549682617188 15.195500373840332
v 114.16899871826172 277.9909973144531 136.1739959716797
v 44.41279983520508 165.41099548339844 197.60000610351562
v 51.66749954223633 138.70599365234375 197.60000610351562
v 355.80499267578125 143.23899841308594 197.60000610351562
v 81.6697998046875 116.64700317382812 0.800000011920929
v 61.76250076293945 255.6479949951172 197.60000610351562
v 198.02000427246094 72.54810333251953 193.8179931640625
v 346.5840148925781 137.96400451660156 36.820098876953125
v 71.59970092773438 109.55999755859375 197.60000610351562
v 36.330501556396484 230.96400451660156 28.73349952697754
v 226.98599243164062 74.02449798583984 197.60000610351562
v 229.73399353027344 74.09089660644531 197.60000610351562
v 119.78500366210938 276.9389953613281 197.60000610351562
v 120.99299621582031 277.2139892578125 197.60000610351562
v 355.72601318359375 221.67300415039062 178.64500427246094
v 53.647098541259766 241.65499877929688 99.9917984008789
v 51.814701080322266 242.375 96.36370086669922
v 51.190799713134766 237.6580047607422 98.84700012207031
v 47.90729904174805 224.2209930419922 197.60000610351562
v 39.3745002746582 197.6020050048828 91.90989685058594
v 53.60540008544922 256.8190002441406 37.43370056152344
v 217.09800720214844 74.27780151367188 197.60000610351562
v 184.43699645996094 68.10150146484375 182.70199584960938
v 333.13299560546875 108.13300323486328 197.60000610351562
v 335.718994140625 109.73200225830078 190.39100646972656
v 169.96299743652344 281.6969909667969 49.208900451660156
v 190.2030029296875 281.1510009765625 56.46609878540039
v 32.083099365234375 216.27699279785156 52.9297981262207
v 293.62200927734375 271.3370056152344 197.60000610351562
v 154.01400756835938 282.6650085449219 75.13590240478516
v 362.3739929199219 163.91099548339844 197.60000610351562
v 362.6889953613281 164.76699829101562 197.60000610351562
v 359.70599365234375 170.25599670410156 39.71780014038086
v 48.82379913330078 227.99400329589844 197.60000610351562
v 129.552001953125 281.86700439453125 37.08250045776367
v 251.0070037841797 74.1436996459961 197.60000610351562
v 252.21800231933594 74.37110137939453 197.60000610351562
v 89.4447021484375 277.18701171875 74.39219665527344
v 34.013301849365234 219.6269989013672 47.03850173950195
v 333.2460021972656 257.3389892578125 46.710899353027344
v 261.77099609375 67.339599609375 95.18489837646484
v 156.60000610351562 60.73789978027344 163.0659942626953
v 117.55999755859375 74.17579650878906 197.60000610351562
v 119.61699676513672 73.89440155029297 197.60000610351562
v 58.22610092163086 254.10400390625 41.2234001159668
v 55.50239944458008 255.802001953125 39.10309982299805
v 78.19719696044922 265.7040100097656 113.60700225830078
v 147.19000244140625 69.62229919433594 77.4031982421875
v 297.8559875488281 269.6289978027344 197.60000610351562
v 296.6029968261719 270.15301513671875 197.60000610351562
v 41.26649856567383 230.64500427246094 85.78170013427734
v 79.69000244140625 272.15899658203125 194.9980010986328
v 357.343994140625 138.5240020751953 153.54100036621094
v 338.0260009765625 259.8370056152344 56.1952018737793
v 61.86309814453125 264.3739929199219 79.2030029296875
v 196.32000732421875 282.12799072265625 197.60000610351562
v 194.8000030517578 282.07598876953125 197.60000610351562
v 353.9580078125 170.79200744628906 26.199100494384766
v 58.447898864746094 262.4419860839844 73.01830291748047
v 295.4530029296875 270.5199890136719 197.60000610351562
v 68.91699981689453 264.58599853515625 197.60000610351562
v 320.4330139160156 263.3890075683594 197.60000610351562
v 321.8479919433594 262.8399963378906 197.60000610351562
v 221.94500732421875 282.95098876953125 197.60000610351562
v 342.8429870605469 105.46499633789062 94.7938003540039
v 47.224098205566406 251.968994140625 68.08889770507812
v 193.12100219726562 282.0830078125 197.60000610351562
v 194.5760040283203 76.91320037841797 40.89699935913086
v 306.8030090332031 268.74798583984375 42.818199157714844
v 365.05499267578125 191.5989990234375 197.60000610351562
v 358.6960144042969 212.89300537109375 160.36900329589844
v 227.6999969482422 282.67401123046875 197.5800018310547
v 48.39699935913086 153.9080047607422 0.800000011920929
v 134.0449981689453 71.10230255126953 197.60000610351562
v 355.4020080566406 142.4499969482422 197.60000610351562
v 69.78289794921875 242.16000366210938 138.4250030517578
v 48.917999267578125 145 177.12399291992188
v 43.543701171875 221.0500030517578 38.9818000793457
v 357.1679992675781 224.52099609375 198.23399353027344
v 344.3280029296875 245.91200256347656 191.66799926757812
v 164.08200073242188 75.09130096435547 46.82040023803711
v 278.1109924316406 274.94500732421875 39.66460037231445
v 30.454200744628906 188.89100646972656 0.800000011920929
v 184.59300231933594 72.98760223388672 197.60000610351562
v 183.47999572753906 73.29039764404297 197.60000610351562
v 311.5929870605469 88.32099914550781 197.60000610351562
v 143.59500122070312 283.0469970703125 103
v 51.127201080322266 139.96400451660156 197.60000610351562
v 50.60820007324219 141.24899291992188 197.60000610351562
v 273.9960021972656 80.51699829101562 56.811100006103516
v 334.65399169921875 255.1840057373047 39.79600143432617
v 46.5723991394043 152.58599853515625 187.0989990234375
v 42.25699996948242 187.2519989013672 197.23599243164062
v 42.38249969482422 185.76400756835938 197.60000610351562
v 306.61199951171875 84.86640167236328 197.60000610351562
v 305.4859924316406 84.79759979248047 197.60000610351562
v 307.8659973144531 85.76139831542969 197.60000610351562
v 336.1579895019531 112.83399963378906 47.731998443603516
v 361.7799987792969 161.7760009765625 197.60000610351562
v 352.05999755859375 135.4810028076172 197.60000610351562
v 362.89898681640625 205.92799377441406 197.97900390625
v 104.44200134277344 277.72601318359375 195.32200622558594
v 105.6050033569336 277.4410095214844 197.60000610351562
v 103.24299621582031 277.4700012207031 197.60000610351562
v 238.677001953125 280.74798583984375 191.74200439453125
v 89.36000061035156 275.92999267578125 197.60000610351562
v 273.5769958496094 68.08679962158203 168.86199951171875
v 48.00659942626953 207.85000610351562 167.11900329589844
v 45.489498138427734 213.82699584960938 197.60000610351562
v 290.510009765625 104.62799835205078 15.218400001525879
v 128.37600708007812 280.864013671875 102.78600311279297
v 158.91700744628906 73.72679901123047 53.493900299072266
v 57.61399841308594 249.375 99.67870330810547
v 109.44100189208984 277.9700012207031 197.60000610351562
v 67.71910095214844 240.5800018310547 129.77499389648438
v 179.14999389648438 282.9280090332031 197.60000610351562
v 130.7899932861328 280.364013671875 103.42500305175781
v 53.34809875488281 134.88800048828125 197.60000610351562
v 294.24798583984375 79.56770324707031 197.60000610351562
v 46.85770034790039 220.10800170898438 197.60000610351562
v 133.76100158691406 277.5119934082031 198.8990020751953
v 132.82200622558594 277.4750061035156 197.60000610351562
v 197.47799682617188 73.95240020751953 197.60000610351562
v 245.3489990234375 64.61289978027344 162.40899658203125
v 40.61989974975586 231.6739959716797 83.66929626464844
v 141.0679931640625 70.96749877929688 197.60000610351562
v 339.3710021972656 251.72900390625 117.35099792480469
v 47.87049865722656 155.20799255371094 0.7637270092964172
v 77.85130310058594 271.77398681640625 197.60000610351562
v 219.14700317382812 282.2860107421875 197.60000610351562
v 219.86599731445312 282.64599609375 197.60000610351562
v 346.33099365234375 244.57899475097656 198.9029998779297
v 350.4169921875 250.24600219726562 84.13939666748047
v 351.8940124511719 247.13800048828125 88.55030059814453
v 39.56330108642578 260.6109924316406 0.800000011920929
v 128.39599609375 277.2250061035156 197.60000610351562
v 129.78500366210938 277.4639892578125 197.60000610351562
v 126.78500366210938 276.79998779296875 197.60000610351562
v 158.4029998779297 70.87920379638672 197.60000610351562
v 160.01100158691406 71.25659942626953 197.60000610351562
v 364.2799987792969 171.7570037841797 197.60000610351562
v 53.86899948120117 248.5659942626953 94.47989654541016
v 295.5690002441406 80.10230255126953 197.60000610351562
v 49.994998931884766 214.79600524902344 168.7779998779297
v 355.46600341796875 228.54299926757812 196.9929962158203
v 225.08999633789062 74.21759796142578 198.36099243164062
v 302.9930114746094 84.03829956054688 197.60000610351562
v 303.927001953125 83.87449645996094 197.60000610351562
v 303.7860107421875 84.19450378417969 197.60000610351562
v 121.4800033569336 73.28970336914062 197.60000610351562
v 288.8240051269531 276.5469970703125 71.01519775390625
v 343.8450012207031 247.77999877929688 197.60000610351562
v 343.1210021972656 248.93099975585938 197.60000610351562
v 278.3739929199219 75.56199645996094 197.60000610351562
v 279.8909912109375 76.43049621582031 197.60000610351562
v 178.0330047607422 282.91900634765625 197.60000610351562
v 334.1000061035156 109.36199951171875 197.60000610351562
v 180.98399353027344 73.1010971069336 197.60000610351562
v 182.3679962158203 73.38680267333984 197.60000610351562
v 203.42100524902344 281.3299865722656 197.60000610351562
v 59.541500091552734 252.5070037841797 197.60000610351562
v 59.01940155029297 251.1739959716797 197.60000610351562
v 336.77801513671875 97.28050231933594 93.277099609375
v 339.6199951171875 100.94000244140625 94.44170379638672
v 365.0740051269531 184.3350067138672 197.60000610351562
v 112.87799835205078 73.94439697265625 80.7344970703125
v 143.5260009765625 71.14029693603516 197.60000610351562
v 97.96820068359375 277.40301513671875 197.60000610351562
v 310.43701171875 265.90399169921875 197.60000610351562
v 26.5447998046875 239.52499389648438 0.800000011920929
v 368.6650085449219 194.54600524902344 53.7692985534668
v 240.28399658203125 280.6549987792969 197.60000610351562
v 70.91059875488281 110.29100036621094 197.60000610351562
v 65.74459838867188 116.27100372314453 197.60000610351562
v 67.0687026977539 114.81800079345703 197.60000610351562
v 196.0030059814453 74.02410125732422 197.60000610351562
v 194.16600036621094 73.85350036621094 197.60000610351562
v 95.3917007446289 86.095703125 197.60000610351562
v 94.30370330810547 87.4135971069336 197.60000610351562
v 48.346900939941406 225.00900268554688 197.60000610351562
v 281.1369934082031 76.52130126953125 197.60000610351562
v 282.52899169921875 76.62449645996094 197.60000610351562
v 338.4679870605469 253.59500122070312 197.60000610351562
v 313.15399169921875 265.2590026855469 197.47500610351562
v 26.809799194335938 240.41000366210938 0.800000011920929
v 103.99199676513672 277.4750061035156 197.60000610351562
v 104.98200225830078 277.4360046386719 197.60000610351562
v 307.93798828125 270.07501220703125 47.39500045776367
v 51.52479934692383 149.21400451660156 0.7283980250358582
v 365.02899169921875 192.77099609375 197.60000610351562
v 148.99600219726562 282.64300537109375 57.47700119018555
v 320.1159973144531 95.76229858398438 197.60000610351562
v 363.1130065917969 159.96099853515625 163.94500732421875
v 235.47500610351562 281.48699951171875 197.60000610351562
v 336.2699890136719 112.04499816894531 197.60000610351562
v 336.87701416015625 112.44499969482422 197.60000610351562
v 76.62239837646484 270.87298583984375 197.60000610351562
v 344.8429870605469 107.91600036621094 86.79530334472656
v 220.6510009765625 282.87799072265625 197.60000610351562
v 237.73399353027344 281.2449951171875 197.60000610351562
v 323.7590026855469 98.67630004882812 197.60000610351562
v 324.93701171875 99.9103012084961 197.60000610351562
v 326.07598876953125 101.24199676513672 197.60000610351562
v 353.28900146484375 232.86000061035156 197.60000610351562
v 50.37990188598633 231.531005859375 197.60000610351562
v 318.25799560546875 93.62129974365234 197.60000610351562
v 91.04319763183594 276.1830139160156 197.60000610351562
v 188.14199829101562 73.2020034790039 197.61700439453125
v 212.66900634765625 74.33370208740234 198.33799743652344
v 341.1600036621094 250.93899536132812 197.60000610351562
v 340.4159851074219 251.75900268554688 197.60000610351562
v 252.04299926757812 279.62799072265625 197.60000610351562
v 82.90499877929688 97.05919647216797 197.60000610351562
v 55.06629943847656 131.78199768066406 197.60000610351562
v 156.3509979248047 71.04609680175781 197.60000610351562
v 154.3800048828125 71.29779815673828 197.60000610351562
v 269.74700927734375 277.4219970703125 197.60000610351562
v 204.2760009765625 92.5115966796875 0.800000011920929
v 359.8110046386719 155.69500732421875 197.6439971923828
v 359.04400634765625 153.572998046875 197.60000610351562
v 205.8780059814453 280.65899658203125 197.60000610351562
v 174.8719940185547 283.13800048828125 197.60000610351562
v 246.43699645996094 279.822998046875 197.60000610351562
v 244.69700622558594 280.13299560546875 197.60000610351562
v 144.7050018310547 279.9389953613281 197.60000610351562
v 79.46029663085938 101.48200225830078 197.60000610351562
v 68.7291030883789 106.01200103759766 72.18589782714844
v 73.4927978515625 107.447998046875 198.87100219726562
v 207.46400451660156 74.15619659423828 197.60000610351562
v 208.4949951171875 73.6427993774414 196.5030059814453
v 181.39599609375 90.7041015625 0.8644160032272339
v 95.15689849853516 276.45599365234375 96.35579681396484
v 176.4980010986328 282.9599914550781 197.60000610351562
v 243.5540008544922 280.0799865722656 197.60000610351562
v 58.15380096435547 139.71299743652344 0.800000011920929
v 330.989013671875 106.18699645996094 197.60000610351562
v 332.0249938964844 107.26799774169922 197.60000610351562
v 276.8349914550781 99.7134017944336 0.800000011920929
v 365.0469970703125 194.1529998779297 197.60000610351562
v 337.1390075683594 113.05699920654297 197.60000610351562
v 93.19539642333984 276.6759948730469 197.60000610351562
v 330.0740051269531 105.14099884033203 197.60000610351562
v 299.9200134277344 268.9339904785156 197.60000610351562
v 301.7120056152344 268.1969909667969 197.60000610351562
v 131.14500427246094 71.3114013671875 197.60000610351562
v 50.092201232910156 142.59300231933594 197.60000610351562
v 49.63309860229492 143.61900329589844 197.60000610351562
v 325.5159912109375 268.47698974609375 0.800000011920929
v 361.2380065917969 253.55499267578125 0.800000011920929
v 134.343994140625 277.8179931640625 197.85000610351562
v 323.5329895019531 262.3500061035156 197.60000610351562
v 43.41460037231445 202.12100219726562 197.60000610351562
v 43.86479949951172 203.56199645996094 197.60000610351562
v 365.0379943847656 180.21499633789062 197.60000610351562
v 95.64559936523438 276.8940124511719 197.60000610351562
v 244.12399291992188 74.17169952392578 198.82000732421875
v 152.5780029296875 71.15190124511719 197.60000610351562
v 342.09100341796875 249.91700744628906 197.60000610351562
v 174.88099670410156 72.54000091552734 197.60000610351562
v 364.2279968261719 173.12600708007812 197.60000610351562
v 358.7330017089844 152.1999969482422 197.60000610351562
v 152.75399780273438 282.1369934082031 197.60000610351562
v 191.5469970703125 282.10400390625 197.60000610351562
v 72.1780014038086 267.76300048828125 198.29600524902344
v 72.98919677734375 268.4320068359375 197.60000610351562
v 45.20989990234375 212.13299560546875 197.60000610351562
v 176.20799255371094 71.96839904785156 196.052001953125
v 98.6270980834961 83.62850189208984 197.60000610351562
v 337.9519958496094 254.17100524902344 197.60000610351562
v 57.97990036010742 127.25399780273438 198.2480010986328
v 150.7100067138672 71.13410186767578 197.60000610351562
v 348.0929870605469 126.6050033569336 197.60000610351562
v 347.218994140625 125.58000183105469 197.60000610351562
v 266.6969909667969 278.2149963378906 197.60000610351562
v 47.12540054321289 221.25900268554688 197.60000610351562
v 186.5540008544922 72.7780990600586 197.60000610351562
v 74.17880249023438 106.63899993896484 197.60000610351562
v 236.7989959716797 281.3819885253906 197.60000610351562
v 122.7020034790039 277.11199951171875 197.60000610351562
v 213.36500549316406 74.38770294189453 198.62899780273438
v 364.41900634765625 174.67799377441406 197.60000610351562
v 42.60049819946289 177.43699645996094 197.60000610351562
v 75.43659973144531 270.02801513671875 197.60000610351562
v 49.188899993896484 144.9429931640625 197.60000610351562
v 92.37930297851562 276.6300048828125 197.60000610351562
v 310.5169982910156 87.55439758300781 197.60000610351562
v 309.2560119628906 87.32250213623047 197.60000610351562
v 158.75599670410156 283.0570068359375 197.60000610351562
v 362.98199462890625 166.6009979248047 197.60000610351562
v 42.401798248291016 185.04100036621094 198.9510040283203
v 285.23199462890625 274.0320129394531 197.21299743652344
v 347.87701416015625 242.11300659179688 198.26400756835938
v 56.54330062866211 247.27699279785156 197.60000610351562
v 42.36800003051758 188.3699951171875 198.3800048828125
v 85.49759674072266 94.72440338134766 197.60000610351562
v 86.50270080566406 93.55480194091797 197.60000610351562
v 345.7650146484375 123.302001953125 197.7209930419922
v 77.14340209960938 103.28500366210938 197.60000610351562
v 266.0010070800781 278.2380065917969 197.60000610351562
v 53.822601318359375 134.0570068359375 197.60000610351562
v 350.5920104980469 130.98699951171875 196.64100646972656
v 228.98599243164062 282.2760009765625 198.3820037841797
v 230.2519989013672 282.12200927734375 197.60000610351562
v 43.15480041503906 171.91900634765625 197.718994140625
v 319.3269958496094 263.5069885253906 198.58599853515625

g grp1
usemtl mtl1
f 3 2 1 
f 1 5 4 
f 4 7 6 
f 5 7 4 
f 6 9 8 
f 8 11 10 
f 9 11 8 
f 14 13 12 
f 15 12 13 
f 18 17 16 
f 16 20 19 
f 17 20 16 
f 23 22 21 
f 24 21 22 
f 27 26 25 
f 30 29 28 
f 33 32 31 
f 34 31 32 
f 37 36 35 
f 35 39 38 
f 36 39 35 
f 38 41 40 
f 39 41 38 
f 3 43 42 
f 2 3 42 
f 46 45 44 
f 47 45 46 
f 50 49 48 
f 48 52 51 
f 49 52 48 
f 51 54 53 
f 52 54 51 
f 57 56 55 
f 58 56 57 
f 61 60 59 
f 59 63 62 
f 60 63 59 
f 30 62 64 
f 29 30 64 
f 67 66 65 
f 69 65 68 
f 66 68 65 
f 72 71 70 
f 73 70 71 
f 76 75 74 
f 74 78 77 
f 75 78 74 
f 81 80 79 
f 83 79 82 
f 80 82 79 
f 86 85 84 
f 87 85 86 
f 84 89 88 
f 91 88 90 
f 89 90 88 
f 94 93 92 
f 95 92 93 
f 96 69 68 
f 97 83 82 
f 100 99 98 
f 101 98 99 
f 104 103 102 
f 107 106 105 
f 108 105 106 
f 111 110 109 
f 112 109 110 
f 115 114 113 
f 116 113 114 
f 119 118 117 
f 120 117 118 
f 121 104 102 
f 124 123 122 
f 127 126 125 
f 128 125 126 
f 129 124 122 
f 129 131 130 
f 130 133 132 
f 131 133 130 
f 136 135 134 
f 138 134 137 
f 135 137 134 
f 141 140 139 
f 144 143 142 
f 145 142 143 
f 139 147 146 
f 140 147 139 
f 128 149 148 
f 148 125 128 
f 150 138 137 
f 153 152 151 
f 156 155 154 
f 154 158 157 
f 155 158 154 
f 141 157 159 
f 140 141 159 
f 162 161 160 
f 162 160 163 
f 166 165 164 
f 151 164 165 
f 165 168 167 
f 166 168 165 
f 171 170 169 
f 172 169 170 
f 175 174 173 
f 176 173 174 
f 177 162 163 
f 178 177 163 
f 179 177 178 
f 182 181 180 
f 183 180 181 
f 186 185 184 
f 187 184 185 
f 190 189 188 
f 179 192 191 
f 178 192 179 
f 179 191 193 
f 194 190 188 
f 197 196 195 
f 200 199 198 
f 201 198 199 
f 202 179 193 
f 203 202 193 
f 202 203 204 
f 204 206 205 
f 208 205 207 
f 206 207 205 
f 209 197 195 
f 209 211 210 
f 213 210 212 
f 211 212 210 
f 216 215 214 
f 217 214 215 
f 220 219 218 
f 221 218 219 
f 224 223 222 
f 225 222 223 
f 228 227 226 
f 229 226 227 
f 213 231 230 
f 230 233 232 
f 231 233 230 
f 236 235 234 
f 237 234 235 
f 240 239 238 
f 241 239 240 
f 243 238 242 
f 242 244 243 
f 246 245 240 
f 241 240 247 
f 245 247 240 
f 250 249 248 
f 251 248 249 
f 254 253 252 
f 255 252 253 
f 258 257 256 
f 261 260 259 
f 262 260 261 
f 259 264 263 
f 260 264 259 
f 265 258 256 
f 268 267 266 
f 266 270 269 
f 267 270 266 
f 272 269 271 
f 275 274 273 
f 276 83 97 
f 277 272 271 
f 280 279 278 
f 281 278 279 
f 284 283 282 
f 285 282 283 
f 275 287 286 
f 274 275 286 
f 290 289 288 
f 291 288 289 
f 294 293 292 
f 297 296 295 
f 300 299 298 
f 301 298 299 
f 303 295 302 
f 296 302 295 
f 304 294 292 
f 306 304 305 
f 309 308 307 
f 310 307 308 
f 311 306 305 
f 313 311 312 
f 316 315 314 
f 317 315 316 
f 318 313 312 
f 321 320 319 
f 322 321 319 
f 323 322 319 
f 322 323 324 
f 322 324 325 
f 328 327 326 
f 329 327 328 
f 330 322 325 
f 333 332 331 
f 329 331 334 
f 332 334 331 
f 337 336 335 
f 340 339 338 
f 341 338 339 
f 335 343 342 
f 344 343 335 
f 347 346 345 
f 346 347 348 
f 349 348 347 
f 352 351 350 
f 353 350 351 
f 356 355 354 
f 357 355 356 
f 360 359 358 
f 363 362 361 
f 364 360 358 
f 366 364 365 
f 363 368 367 
f 369 367 368 
f 362 363 367 
f 370 366 365 
f 373 372 371 
f 374 371 372 
f 368 375 369 
f 376 375 368 
f 379 378 377 
f 382 381 380 
f 376 380 383 
f 381 383 380 
f 383 375 376 
f 384 379 377 
f 387 386 385 
f 388 385 386 
f 391 390 389 
f 392 391 389 
f 393 392 389 
f 394 392 393 
f 397 396 395 
f 398 397 395 
f 397 398 399 
f 401 399 400 
f 404 403 402 
f 405 402 403 
f 406 401 400 
f 401 406 407 
f 410 409 408 
f 411 410 408 
f 412 401 407 
f 414 412 413 
f 410 411 415 
f 416 415 411 
f 417 414 413 
f 418 417 413 
f 417 418 419 
f 422 421 420 
f 423 420 421 
f 254 425 424 
f 428 427 426 
f 429 426 427 
f 426 430 428 
f 432 254 431 
f 424 431 254 
f 433 432 431 
f 432 433 434 
f 435 432 434 
f 435 437 436 
f 440 439 438 
f 443 442 441 
f 444 441 442 
f 446 176 445 
f 447 445 176 
f 445 448 446 
f 176 450 449 
f 451 176 449 
f 454 453 452 
f 455 454 452 
f 456 454 455 
f 450 458 457 
f 459 457 458 
f 459 461 460 
f 462 460 461 
f 465 464 463 
f 462 467 466 
f 468 466 467 
f 469 465 463 
f 471 469 470 
f 472 471 470 
f 475 474 473 
f 476 473 474 
f 479 478 477 
f 480 477 478 
f 483 482 481 
f 484 481 482 
f 487 486 485 
f 480 489 488 
f 477 480 488 
f 490 487 485 
f 491 490 485 
f 492 490 491 
f 495 494 493 
f 496 493 494 
f 499 498 497 
f 500 499 497 
f 502 500 501 
f 505 504 503 
f 506 503 504 
f 507 502 501 
f 509 507 508 
f 510 509 508 
f 510 508 511 
f 513 510 512 
f 511 512 510 
f 516 515 514 
f 517 170 171 
f 518 516 514 
f 521 520 519 
f 522 519 520 
f 525 524 523 
f 526 523 524 
f 529 528 527 
f 532 531 530 
f 533 530 531 
f 534 529 527 
f 537 536 535 
f 540 539 538 
f 537 535 541 
f 542 541 535 
f 543 540 538 
f 545 543 544 
f 546 545 544 
f 475 548 547 
f 549 547 548 
f 552 551 550 
f 553 550 551 
f 556 555 554 
f 557 554 555 
f 560 559 558 
f 561 560 558 
f 562 560 561 
f 563 562 561 
f 565 563 564 
f 566 565 564 
f 569 568 567 
f 570 567 568 
f 573 572 571 
f 574 571 572 
f 577 576 575 
f 580 579 578 
f 581 576 577 
f 582 581 577 
f 583 580 578 
f 583 578 584 
f 586 59 585 
f 30 585 59 
f 587 583 584 
f 588 587 584 
f 589 587 588 
f 282 590 284 
f 591 284 590 
f 593 592 582 
f 596 595 594 
f 597 596 594 
f 593 599 598 
f 600 598 599 
f 596 597 601 
f 602 596 601 
f 605 604 603 
f 608 607 606 
f 609 606 607 
f 612 611 610 
f 613 605 603 
f 612 615 614 
f 614 611 612 
f 618 617 616 
f 619 616 617 
f 622 621 620 
f 623 620 621 
f 626 625 624 
f 627 624 625 
f 630 629 628 
f 624 627 631 
f 632 631 627 
f 633 630 628 
f 636 635 634 
f 637 634 635 
f 640 639 638 
f 641 640 638 
f 644 643 642 
f 645 642 643 
f 646 644 642 
f 649 648 647 
f 650 649 647 
f 653 652 651 
f 656 655 654 
f 657 654 655 
f 653 659 658 
f 658 652 653 
f 662 661 660 
f 663 660 661 
f 666 665 664 
f 659 668 667 
f 669 667 668 
f 671 666 670 
f 664 670 666 
f 672 671 670 
f 669 674 673 
f 675 673 674 
f 678 677 676 
f 679 676 677 
f 681 98 680 
f 682 680 98 
f 685 684 683 
f 686 684 685 
f 688 686 687 
f 689 688 687 
f 692 691 690 
f 692 690 693 
f 694 692 693 
f 695 694 693 
f 696 694 695 
f 689 698 697 
f 699 697 698 
f 700 696 695 
f 699 702 701 
f 703 701 702 
f 706 705 704 
f 707 706 704 
f 706 707 708 
f 475 547 474 
f 709 474 547 
f 710 706 708 
f 711 710 708 
f 712 710 711 
f 714 713 482 
f 715 482 713 
f 229 712 716 
f 717 229 716 
f 226 229 717 
f 720 719 718 
f 721 718 719 
f 722 226 717 
f 725 724 723 
f 726 723 724 
f 729 728 727 
f 730 729 727 
f 729 730 731 
f 734 733 732 
f 735 732 733 
f 738 737 736 
f 739 729 731 
f 738 741 740 
f 740 737 738 
f 744 743 742 
f 747 746 745 
f 748 743 744 
f 749 748 744 
f 750 747 745 
f 750 745 751 
f 752 750 751 
f 755 754 753 
f 756 754 755 
f 757 756 755 
f 760 759 758 
f 761 758 759 
f 764 763 762 
f 764 762 765 
f 766 764 765 
f 769 768 767 
f 770 767 768 
f 773 772 771 
f 774 772 773 
f 777 776 775 
f 779 778 773 
f 782 781 780 
f 783 780 781 
f 786 785 784 
f 787 784 785 
f 790 789 788 
f 790 788 791 
f 792 790 791 
f 792 791 793 
f 794 792 793 
f 797 796 795 
f 797 795 798 
f 801 800 799 
f 802 797 798 
f 802 798 803 
f 804 800 801 
f 805 804 801 
f 807 806 803 
f 802 803 806 
f 808 806 807 
f 811 810 809 
f 812 809 810 
f 815 814 813 
f 816 813 814 
f 817 813 816 
f 820 819 818 
f 821 814 815 
f 821 815 822 
f 819 820 823 
f 824 823 820 
f 825 821 822 
f 825 822 826 
f 825 826 827 
f 830 829 828 
f 831 828 829 
f 834 833 832 
f 837 836 835 
f 838 835 836 
f 841 840 839 
f 841 839 842 
f 841 842 843 
f 846 845 844 
f 846 844 847 
f 849 848 847 
f 846 847 848 
f 850 848 849 
f 853 852 851 
f 854 853 851 
f 857 856 855 
f 858 855 856 
f 860 859 854 
f 861 859 860 
f 864 863 862 
f 867 866 865 
f 869 868 865 
f 872 871 870 
f 873 870 871 
f 876 875 874 
f 879 878 877 
f 880 877 878 
f 881 877 880 
f 882 881 880 
f 883 878 879 
f 885 884 876 
f 888 887 886 
f 889 886 887 
f 890 884 885 
f 679 891 676 
f 892 676 891 
f 895 894 893 
f 896 895 893 
f 897 895 896 
f 898 895 897 
f 901 900 899 
f 902 899 900 
f 898 897 903 
f 904 903 897 
f 907 906 905 
f 908 906 907 
f 910 904 909 
f 911 909 904 
f 909 911 912 
f 913 912 911 
f 916 915 914 
f 917 916 914 
f 920 919 918 
f 921 918 919 
f 924 923 922 
f 927 926 925 
f 930 929 928 
f 931 928 929 
f 925 932 927 
f 935 934 933 
f 938 937 936 
f 939 938 936 
f 940 938 939 
f 943 942 941 
f 944 941 942 
f 947 946 945 
f 948 945 946 
f 951 950 949 
f 952 949 950 
f 955 954 953 
f 956 953 954 
f 957 953 956 
f 960 959 958 
f 961 959 960 
f 962 959 961 
f 964 963 504 
f 506 504 963 
f 955 966 965 
f 965 954 955 
f 961 967 962 
f 968 967 961 
f 970 124 969 
f 129 969 124 
f 973 972 971 
f 974 972 973 
f 977 976 975 
f 978 977 975 
f 979 977 978 
f 980 979 978 
f 983 982 981 
f 984 982 983 
f 987 986 985 
f 988 985 986 
f 984 983 989 
f 990 989 983 
f 993 992 991 
f 994 993 991 
f 997 996 995 
f 998 996 997 
f 999 998 997 
f 1000 989 990 
f 1003 1002 1001 
f 1004 1001 1002 
f 1006 1005 99 
f 1007 99 1005 
f 1009 1008 990 
f 1010 1009 990 
f 1013 1012 1011 
f 1014 1012 1013 
f 1017 1016 1015 
f 1018 1016 1017 
f 1019 1018 1017 
f 1022 1021 1020 
f 1023 1021 1022 
f 1013 1023 1022 
f 1026 1025 1024 
f 1027 1024 1025 
f 1030 1029 1028 
f 1031 1028 1029 
f 1034 1033 1032 
f 1035 1032 1033 
f 1038 1037 1036 
f 1039 1036 1037 
f 1042 1041 1040 
f 1043 1040 1041 
f 1046 1045 1044 
f 1047 1045 1046 
f 1033 1047 1046 
f 1034 1047 1033 
f 1050 1049 1048 
f 1053 1052 1051 
f 1054 1052 1053 
f 1055 1054 1053 
f 1058 1057 1056 
f 1059 1056 1057 
f 1062 1061 1060 
f 1063 1060 1061 
f 1064 1041 1042 
f 1067 1066 1065 
f 1070 1069 1068 
f 1071 1069 1070 
f 1072 1071 1070 
f 1075 1074 1073 
f 1076 1073 1074 
f 1079 1078 1077 
f 1082 1081 1080 
f 1083 1081 1082 
f 1084 1083 1082 
f 1087 1086 1085 
f 542 1085 1086 
f 1090 1089 1088 
f 1093 1092 1091 
f 1094 1092 1093 
f 1095 1094 1093 
f 1096 1094 1095 
f 1099 1098 1097 
f 1101 1100 1099 
f 1102 1100 1101 
f 1103 1102 1101 
f 1106 1105 1104 
f 1107 1106 1104 
f 1108 1106 1107 
f 1111 1110 1109 
f 1112 1110 1111 
f 1113 1110 1112 
f 1114 1113 1112 
f 1117 1116 1115 
f 1118 1117 1115 
f 1004 1120 1119 
f 1121 1119 1120 
f 1124 1123 1122 
f 1125 1123 1124 
f 1126 1125 1124 
f 1129 1128 1127 
f 1130 1127 1128 
f 1133 1132 1131 
f 1134 1133 1131 
f 1137 1136 1135 
f 1138 1135 1136 
f 1126 1139 1125 
f 1140 1139 1126 
f 1143 1142 1141 
f 1144 1141 1142 
f 1146 1145 190 
f 1147 190 1145 
f 1150 1149 1148 
f 1151 1149 1150 
f 1154 1153 1152 
f 1155 1152 1153 
f 1156 1152 1155 
f 1157 1156 1155 
f 1159 1158 1157 
f 1160 1158 1159 
f 1163 1162 1161 
f 1166 1165 1164 
f 1167 1164 1165 
f 1170 1169 1168 
f 1171 1168 1169 
f 1174 1173 1172 
f 1175 1172 1173 
f 1178 1177 1176 
f 1179 1177 1178 
f 1180 1179 1178 
f 1181 1179 1180 
f 1182 1181 1180 
f 1185 1184 1183 
f 1186 1183 1184 
f 1189 1188 1187 
f 1165 1166 1190 
f 1193 1192 1191 
f 1194 1192 1193 
f 1195 1194 1193 
f 1198 1197 1196 
f 1199 1197 1198 
f 1200 1199 1198 
f 797 1201 792 
f 790 792 1201 
f 1204 1203 1202 
f 1205 1202 1203 
f 1208 1207 1206 
f 1209 1207 1208 
f 1210 1209 1208 
f 1213 1212 1211 
f 1214 1211 1212 
f 1217 1216 1215 
f 1218 1216 1217 
f 200 180 183 
f 1221 1220 1219 
f 1222 1219 1220 
f 1225 1224 1223 
f 1226 1223 1224 
f 1227 1209 1210 
f 1228 1209 1227 
f 1229 1228 1227 
f 1232 1231 1230 
f 1233 1230 1231 
f 1236 1235 1234 
f 1237 1234 1235 
f 1239 483 1238 
f 1240 1238 483 
f 481 1242 1241 
f 484 1242 481 
f 1243 1242 484 
f 1244 1243 484 
f 1247 1246 1245 
f 1248 1245 1246 
f 1251 1250 1249 
f 1251 1252 1250 
f 1255 1254 1253 
f 1256 1253 1254 
f 1251 1257 1252 
f 1258 1257 1251 
f 1259 1257 1258 
f 1215 1259 1258 
f 1261 757 1260 
f 1262 71 72 
f 1265 1264 1263 
f 1266 1264 1265 
f 1267 1264 1266 
f 1268 1267 1266 
f 1271 1270 1269 
f 1272 1269 1270 
f 1220 1221 1268 
f 1274 1273 1235 
f 1275 1235 1273 
f 1278 1277 1276 
f 1279 1278 1276 
f 1282 1281 1280 
f 1283 1281 1282 
f 1282 1284 1283 
f 1287 1286 1285 
f 1290 1289 1288 
f 1291 1288 1289 
f 1294 1293 1292 
f 171 1292 1293 
f 1297 1296 1295 
f 1298 1295 1296 
f 1299 1240 483 
f 1301 1300 339 
f 1302 339 1300 
f 483 481 1299 
f 1241 1299 481 
f 1305 1304 1303 
f 1306 1304 1305 
f 1307 1306 1305 
f 1310 1309 1308 
f 1311 1308 1309 
f 1314 1313 1312 
f 1315 1312 1313 
f 1316 1312 1315 
f 1317 1316 1315 
f 1320 1319 1318 
f 1321 1319 1320 
f 1324 1323 1322 
f 1325 1322 1323 
f 1320 1326 1321 
f 1327 1326 1320 
f 1330 1329 1328 
f 1331 1329 1330 
f 1334 1333 1332 
f 1335 1332 1333 
f 1330 1336 1331 
f 1339 1338 1337 
f 1340 1338 1339 
f 1341 1340 1339 
f 1344 1343 1342 
f 1345 1344 1342 
f 79 1076 1074 
f 1347 1346 1345 
f 1348 1346 1347 
f 1349 1348 1347 
f 1350 1348 1349 
f 1351 1350 1349 
f 1354 1353 1352 
f 1355 1352 1353 
f 1357 1356 1315 
f 1360 1359 1358 
f 1361 1359 1360 
f 1362 1361 1360 
f 1365 1364 1363 
f 1366 1364 1365 
f 1365 1367 1366 
f 1370 1369 1368 
f 1371 1368 1369 
f 1374 1373 1372 
f 1375 1372 1373 
f 1378 1377 1376 
f 1379 1376 1377 
f 1382 1381 1380 
f 1383 1380 1381 
f 1386 1385 1384 
f 1387 1384 1385 
f 1390 1389 1388 
f 1230 1388 1389 
f 1392 10 1391 
f 1392 1391 1393 
f 1394 1392 1393 
f 1392 1394 1395 
f 1396 1392 1395 
f 1397 1396 18 
f 1399 1398 574 
f 1400 574 1398 
f 16 1397 18 
f 1403 1402 1401 
f 1404 1401 1402 
f 1407 1406 1405 
f 1408 1405 1406 
f 1410 31 1409 
f 1411 1409 31 
f 1413 1412 28 
f 30 28 1412 
f 1416 1415 1414 
f 1417 1414 1415 
f 1420 1419 1418 
f 1421 1418 1419 
f 1423 1413 1422 
f 1425 128 1424 
f 126 1424 128 
f 1428 1427 1426 
f 1429 1426 1427 
f 1432 1431 1430 
f 1433 1430 1431 
f 1436 1435 1434 
f 1419 1434 1437 
f 1419 1436 1434 
f 1419 1437 1421 
f 1440 1439 1438 
f 1441 1438 1439 
f 1442 46 44 
f 1445 1444 1443 
f 1446 1443 1444 
f 1448 1447 1265 
f 1266 1265 1447 
f 1450 1449 1444 
f 1451 1444 1449 
f 1454 1453 1452 
f 1454 1452 50 
f 1457 1456 1455 
f 1458 1455 1456 
f 48 1454 50 
f 1409 73 71 
f 586 55 61 
f 1461 1460 1459 
f 59 586 61 
f 30 59 62 
f 1464 1463 1462 
f 1465 1462 1463 
f 46 1466 47 
f 76 1468 1467 
f 53 1467 1468 
f 1471 1470 1469 
f 1472 1469 1470 
f 1475 1474 1473 
f 1476 1473 1474 
f 1478 77 1477 
f 1480 1477 1479 
f 1480 1482 1481 
f 1485 1484 1483 
f 1486 1483 1484 
f 1487 1480 1481 
f 1490 1489 1488 
f 1491 1488 1489 
f 1493 1492 291 
f 1494 291 1492 
f 1497 1496 1495 
f 1498 1495 1496 
f 1499 422 420 
f 1502 1501 1500 
f 1503 1500 1501 
f 1506 1505 1504 
f 1507 1504 1505 
f 1510 1509 1508 
f 1511 1508 1509 
f 1514 1513 1512 
f 1515 1512 1513 
f 1518 1517 1516 
f 1520 1519 557 
f 1521 557 1519 
f 1524 1523 1522 
f 1525 1522 1523 
f 1518 1516 1526 
f 1527 349 347 
f 1528 1526 87 
f 1528 1518 1526 
f 1529 620 118 
f 623 118 620 
f 1531 1352 1530 
f 1532 1530 1352 
f 1535 1534 1533 
f 1536 1533 1534 
f 1539 1538 1537 
f 1540 1537 1538 
f 1543 1542 1541 
f 1544 1543 1541 
f 1547 1546 1545 
f 1548 1545 1546 
f 1544 123 124 
f 1549 1300 1301 
f 1552 1551 1550 
f 1552 1550 1553 
f 1554 1552 1553 
f 1557 1556 1555 
f 1558 1555 1556 
f 1561 1560 1559 
f 1564 1563 1562 
f 1565 1562 1563 
f 1568 1567 1566 
f 1569 1566 1567 
f 1552 146 1551 
f 1425 1570 149 
f 1572 290 1571 
f 138 1571 290 
f 1575 1574 1573 
f 1576 1573 1574 
f 1538 1578 1577 
f 1579 1577 1578 
f 1582 1581 1580 
f 1583 1580 1581 
f 1586 1585 1584 
f 490 1584 1585 
f 1589 1588 1587 
f 1590 1587 1588 
f 1591 1570 1425 
f 1594 1593 1592 
f 1597 1596 1595 
f 1598 1595 1596 
f 1601 1600 1599 
f 1602 1599 1600 
f 1605 1604 1603 
f 1608 1607 1606 
f 1609 1606 1607 
f 1612 1611 1610 
f 1613 1610 1611 
f 1615 1614 1546 
f 1616 1546 1614 
f 1619 1618 1617 
f 261 1617 1618 
f 1622 1621 1620 
f 1623 1620 1621 
f 1626 1625 1624 
f 1627 1624 1625 
f 1630 1629 1628 
f 1631 1628 1629 
f 1632 1287 714 
f 1635 1634 1633 
f 1636 1633 1634 
f 1639 1638 1637 
f 1642 1641 1640 
f 1058 1640 1641 
f 1644 1640 1643 
f 1645 1643 1640 
f 1648 1647 1646 
f 1649 1646 1647 
f 1652 1651 1650 
f 1653 1650 1651 
f 1656 1655 1654 
f 1657 1654 1655 
f 1660 1659 1658 
f 1661 1658 1659 
f 1664 1663 1662 
f 1665 1662 1663 
f 1668 1667 1666 
f 1436 1666 1667 
f 733 1669 735 
f 1670 735 1669 
f 1673 1672 1671 
f 70 1671 1672 
f 1676 1675 1674 
f 1677 1674 1675 
f 1678 570 568 
f 1679 258 265 
f 1679 265 1680 
f 1681 1679 1680 
f 1684 1683 1682 
f 268 1684 1682 
f 1687 1686 1685 
f 1688 1685 1686 
f 1618 275 273 
f 1689 1618 273 
f 1690 1401 1404 
f 1693 1692 1691 
f 1694 1691 1692 
f 1696 314 1695 
f 1699 1698 1697 
f 1700 1697 1698 
f 1702 1426 1701 
f 1703 1701 1426 
f 1706 1705 1704 
f 1707 1704 1705 
f 1696 316 314 
f 1710 1709 1708 
f 1711 1708 1709 
f 1714 1713 1712 
f 1715 1712 1713 
f 1718 1717 1716 
f 1719 1716 1717 
f 316 1720 317 
f 1721 1720 316 
f 1724 1723 1722 
f 1725 1722 1723 
f 1728 1727 1726 
f 1729 1726 1727 
f 328 331 329 
f 1732 1731 1730 
f 1733 1730 1731 
f 1736 1735 1734 
f 1737 1734 1735 
f 1740 1739 1738 
f 1743 1742 1741 
f 1744 1741 1742 
f 1747 1746 1745 
f 1389 1745 1746 
f 1608 1748 1607 
f 1609 1607 1748 
f 1282 1285 1284 
f 1749 1284 1285 
f 1752 1751 1750 
f 1753 1750 1751 
f 1722 1725 1754 
f 1755 1754 1725 
f 1758 1757 1756 
f 1759 1756 1757 
f 1762 1761 1760 
f 1763 1760 1761 
f 360 1765 1764 
f 359 360 1764 
f 356 363 361 
f 1766 363 356 
f 356 361 357 
f 1768 1388 1767 
f 1769 1767 1388 
f 1772 1771 1770 
f 1773 1770 1771 
f 181 182 1398 
f 1400 1398 182 
f 1674 1677 1774 
f 1775 1774 1677 
f 1778 1777 1776 
f 1779 1776 1777 
f 1782 1781 1780 
f 1784 1783 107 
f 106 107 1783 
f 1787 1786 1785 
f 758 1785 1786 
f 1790 1789 1788 
f 1791 1788 1789 
f 1794 1793 1792 
f 1795 1792 1793 
f 1500 1797 1796 
f 1798 1796 1797 
f 1801 1800 1799 
f 1802 1799 1800 
f 1803 1451 1800 
f 1804 1800 1451 
f 1077 1065 1805 
f 1806 1805 1065 
f 1809 1808 1807 
f 1810 1807 1808 
f 1812 775 1811 
f 1787 1811 775 
f 1815 1814 1813 
f 1538 1813 1814 
f 1818 1817 1816 
f 836 1816 1817 
f 427 1819 429 
f 1820 1690 1404 
f 1823 1822 1821 
f 1824 1821 1822 
f 1490 1826 1825 
f 1827 1825 1826 
f 1830 1829 1828 
f 1831 1828 1829 
f 1834 1833 1832 
f 1515 1835 453 
f 1838 1837 1836 
f 1839 1836 1837 
f 1841 1840 179 
f 177 179 1840 
f 467 462 461 
f 458 461 459 
f 1844 1843 1842 
f 1845 1842 1843 
f 471 465 469 
f 1846 1755 1725 
f 1848 1508 1847 
f 1849 1847 1508 
f 487 1850 486 
f 1852 1528 1851 
f 1853 1851 1528 
f 1856 1855 1854 
f 1857 1854 1855 
f 1860 1859 1858 
f 1861 1858 1859 
f 1864 1863 1862 
f 1865 1862 1863 
f 1867 1866 1410 
f 1868 1410 1866 
f 494 1869 496 
f 1870 1869 494 
f 1871 498 499 
f 117 120 1872 
f 1873 1872 120 
f 1874 978 975 
f 1877 1876 1875 
f 1878 1875 1876 
f 657 655 1879 
f 1880 1879 655 
f 1883 1882 1881 
f 1884 1881 1882 
f 513 515 516 
f 1887 1886 1885 
f 1888 1885 1886 
f 1861 1885 1889 
f 1888 1889 1885 
f 1892 1891 1890 
f 1893 1890 1891 
f 1896 1895 1894 
f 1897 1894 1895 
f 1900 1899 1898 
f 1901 1898 1899 
f 1904 1903 1902 
f 1905 1902 1903 
f 1907 1906 1621 
f 1623 1621 1906 
f 1910 1909 1908 
f 1911 1908 1909 
f 560 1912 559 
f 1914 1913 1210 
f 1303 1210 1913 
f 580 1915 579 
f 1886 1917 1916 
f 1918 1916 1917 
f 1921 1920 1919 
f 1922 1919 1920 
f 1923 1129 1127 
f 1926 1925 1924 
f 1927 1924 1925 
f 1929 1150 1928 
f 1930 1928 1150 
f 1933 1932 1931 
f 1934 1931 1932 
f 1937 1936 1935 
f 1938 1935 1936 
f 1940 1935 1939 
f 1941 1939 1935 
f 1944 1943 1942 
f 259 1617 261 
f 1947 1946 1945 
f 1948 1945 1946 
f 1944 1942 629 
f 630 1944 629 
f 1951 1950 1949 
f 1952 1949 1950 
f 632 635 636 
f 1955 1954 1953 
f 1956 1953 1954 
f 640 633 639 
f 1957 641 648 
f 1058 1767 1057 
f 1958 1057 1767 
f 1961 1960 1959 
f 1938 1936 1962 
f 1963 1962 1936 
f 1965 1202 1964 
f 1966 1964 1202 
f 1968 1967 422 
f 1969 422 1967 
f 1972 1971 1970 
f 1973 1970 1971 
f 1976 1975 1974 
f 1979 1978 1977 
f 1980 1977 1978 
f 755 749 744 
f 1981 272 277 
f 1253 1983 1982 
f 1274 1982 1983 
f 1985 1984 1913 
f 1986 1913 1984 
f 1988 1785 1987 
f 1989 1987 1785 
f 1992 1991 1990 
f 747 1992 1990 
f 746 747 1990 
f 1993 1812 1811 
f 749 755 753 
f 1994 1717 1718 
f 1996 1995 1718 
f 1997 1718 1995 
f 2000 1999 1998 
f 2003 2002 2001 
f 2004 2001 2002 
f 2005 763 764 
f 1729 2007 2006 
f 1566 1569 2008 
f 2009 2008 1569 
f 1729 2010 2007 
f 2011 2007 2010 
f 2010 2012 2011 
f 2013 1862 1865 
f 2016 2015 2014 
f 2019 2018 2017 
f 2020 2017 2018 
f 2023 2022 2021 
f 2024 2021 2022 
f 565 562 563 
f 792 794 796 
f 797 792 796 
f 2025 118 119 
f 2028 2027 2026 
f 1248 2026 2027 
f 2030 2029 403 
f 2031 403 2029 
f 2034 2033 2032 
f 2035 2032 2033 
f 2038 2037 2036 
f 2039 2036 2037 
f 2042 2041 2040 
f 2043 2040 2041 
f 2046 2045 2044 
f 817 2046 2044 
f 2049 2048 2047 
f 2051 1485 2050 
f 2052 2050 1485 
f 841 832 840 
f 833 840 832 
f 843 845 846 
f 2054 2053 1222 
f 2057 2056 2055 
f 2058 2055 2056 
f 2061 2060 2059 
f 2062 2059 2060 
f 2065 2064 2063 
f 2068 2067 2066 
f 2065 2063 2069 
f 2065 2069 2070 
f 2073 2072 2071 
f 2074 2071 2072 
f 2075 1602 1600 
f 92 95 2076 
f 2077 2076 95 
f 2080 2079 2078 
f 2081 2078 2079 
f 2084 2083 2082 
f 2085 2082 2083 
f 1533 2087 2086 
f 2088 2086 2087 
f 2090 2089 1379 
f 2091 1379 2089 
f 885 2092 890 
f 2093 1270 1271 
f 2096 2095 2094 
f 2097 2094 2095 
f 2100 2099 2098 
f 2101 2098 2099 
f 2103 2102 1983 
f 2104 1983 2102 
f 2107 2106 2105 
f 2107 2105 2108 
f 908 2107 2108 
f 2111 2110 2109 
f 1732 2109 2110 
f 2114 2113 2112 
f 200 2112 2113 
f 1845 2116 2115 
f 2117 2115 2116 
f 1660 2118 1659 
f 2119 1659 2118 
f 2066 2067 2120 
f 981 2121 1891 
f 2120 2122 925 
f 2125 2124 2123 
f 2126 2123 2124 
f 2128 2127 786 
f 2129 786 2127 
f 939 2130 940 
f 2133 2132 2131 
f 2134 2131 2132 
f 1653 2135 1650 
f 2136 1650 2135 
f 2139 2138 2137 
f 2140 2137 2138 
f 956 2141 957 
f 956 2142 2141 
f 965 2144 2143 
f 2145 1840 1841 
f 1966 1202 1205 
f 2148 2147 2146 
f 2149 2146 2147 
f 1925 2150 887 
f 2151 887 2150 
f 2153 1646 2152 
f 2154 2152 1646 
f 2157 2156 2155 
f 2158 2155 2156 
f 2160 2159 2156 
f 2161 2156 2159 
f 253 417 419 
f 2163 2162 1412 
f 585 1412 2162 
f 2165 187 2164 
f 2166 2164 187 
f 2169 2168 2167 
f 1459 2167 2168 
f 2172 2171 2170 
f 2173 2170 2171 
f 2174 301 113 
f 115 113 301 
f 2175 1014 1013 
f 1961 2177 2176 
f 2180 2179 2178 
f 1017 1015 2179 
f 2180 1017 2179 
f 2183 2182 2181 
f 2184 2181 2182 
f 2187 2186 2185 
f 2188 2185 2186 
f 2191 2190 2189 
f 2194 2193 2192 
f 2195 2192 2193 
f 2196 1127 1130 
f 2199 2198 2197 
f 2200 2197 2198 
f 1048 2202 2201 
f 2204 1043 2203 
f 2205 2204 2203 
f 2206 1046 1044 
f 2205 2206 1044 
f 2207 1051 1050 
f 1048 2207 1050 
f 2207 1053 1051 
f 1805 1806 1055 
f 1066 1806 1065 
f 2209 1064 2208 
f 2211 2210 227 
f 2212 227 2210 
f 2213 22 23 
f 2216 2215 2214 
f 2209 2217 1072 
f 2220 2219 2218 
f 2221 2218 2219 
f 440 1082 1080 
f 2224 2223 2222 
f 2225 2222 2223 
f 2228 2227 2226 
f 2229 2228 2226 
f 1790 2231 2230 
f 2232 2230 2231 
f 2235 2234 2233 
f 2236 2233 2234 
f 2239 2238 2237 
f 2240 2237 2238 
f 2243 2242 2241 
f 2244 2241 2242 
f 2246 2245 2124 
f 2247 2124 2245 
f 2250 2249 2248 
f 2089 2248 2249 
f 1096 1097 2251 
f 1098 2251 1097 
f 1107 2252 1108 
f 438 2252 1107 
f 2022 2254 2253 
f 2255 2253 2254 
f 1639 2257 2256 
f 2258 2256 2257 
f 2261 2260 2259 
f 2262 2259 2260 
f 2264 2263 1789 
f 1791 1789 2263 
f 2265 581 582 
f 1111 1109 2266 
f 1003 2268 2267 
f 1940 2267 2268 
f 388 2270 2269 
f 2271 2269 2270 
f 2274 2273 2272 
f 1118 2274 2272 
f 829 2275 831 
f 2276 831 2275 
f 2277 2273 2274 
f 2280 2279 2278 
f 2281 2278 2279 
f 2283 2282 1485 
f 2284 1485 2282 
f 2287 2286 2285 
f 2288 2285 2286 
f 1930 2289 1140 
f 1126 1930 1140 
f 2290 1922 1920 
f 2291 2289 1930 
f 1159 2292 1160 
f 1161 2292 1159 
f 2295 2294 2293 
f 939 2293 2294 
f 1143 2297 2296 
f 2298 2296 2297 
f 2191 2189 2299 
f 2300 2299 2189 
f 1716 1180 1178 
f 2303 2302 2301 
f 2304 2301 2302 
f 1645 1640 1058 
f 2307 2306 2305 
f 2308 2305 2306 
f 2309 1165 1190 
f 2310 2309 1190 
f 2312 1615 2311 
f 2313 2311 1615 
f 2315 1196 2314 
f 2220 2316 2219 
f 2317 2219 2316 
f 1231 1030 1233 
f 1028 1233 1030 
f 2318 1176 1200 
f 2320 2319 322 
f 321 322 2319 
f 2322 830 2321 
f 828 2321 830 
f 1153 1218 1217 
f 2325 2324 2323 
f 2326 2323 2324 
f 2329 2328 2327 
f 2330 2327 2328 
f 2054 2331 2053 
f 2334 2333 2332 
f 1087 2332 2333 
f 862 2335 2065 
f 2064 2065 2335 
f 1585 2337 2336 
f 2338 2336 2337 
f 2341 2340 2339 
f 2342 2339 2340 
f 2345 2344 2343 
f 2346 2343 2344 
f 1285 2347 1749 
f 2349 2348 2307 
f 2306 2307 2348 
f 2352 2351 2350 
f 2353 2350 2351 
f 2355 1860 2354 
f 2356 2354 1860 
f 2359 2358 2357 
f 2360 2357 2358 
f 2363 2362 2361 
f 2364 2363 2361 
f 902 1249 2362 
f 2363 902 2362 
f 2367 2366 2365 
f 2368 2365 2366 
f 2370 2369 1567 
f 1569 1567 2369 
f 2335 2371 2064 
f 850 2064 2371 
f 2374 2373 2372 
f 2377 2376 2375 
f 2378 2375 2376 
f 1303 2379 2373 
f 1304 2379 1303 
f 2382 2381 2380 
f 2383 2380 2381 
f 221 2385 2384 
f 2386 2384 2385 
f 476 474 1168 
f 1170 1168 474 
f 2389 2388 2387 
f 2390 2387 2388 
f 2393 2392 2391 
f 2394 2391 2392 
f 1632 2396 2395 
f 1287 1632 2395 
f 1632 2397 2396 
f 2400 2399 2398 
f 2401 2398 2399 
f 1768 1641 1642 
f 387 385 2402 
f 2403 2402 385 
f 2404 1908 1911 
f 1913 1305 1303 
f 1986 1307 1305 
f 1913 1986 1305 
f 1986 2405 1307 
f 2406 1143 2296 
f 2409 2408 2407 
f 2410 2407 2408 
f 1986 2411 2405 
f 494 495 489 
f 2414 2413 2412 
f 2417 2416 2415 
f 2418 2417 2415 
f 2420 2419 2416 
f 2417 2420 2416 
f 2420 2421 2419 
f 2420 2422 2421 
f 2420 1318 2422 
f 2424 1408 2423 
f 2425 2423 1408 
f 2426 1320 1318 
f 2420 2426 1318 
f 2429 2428 2427 
f 2430 2427 2428 
f 2389 2431 2388 
f 2432 2388 2431 
f 2435 2434 2433 
f 1327 2435 2433 
f 2437 2059 2436 
f 2062 2436 2059 
f 2440 2439 2438 
f 2443 2442 2441 
f 2444 2441 2442 
f 2435 2440 2438 
f 2446 2445 2002 
f 2447 2002 2445 
f 2450 2449 2448 
f 2451 2448 2449 
f 2414 1337 2413 
f 850 2371 848 
f 2452 848 2371 
f 1272 2454 2453 
f 2455 2453 2454 
f 2458 2457 2456 
f 2459 2456 2457 
f 2462 2461 2460 
f 2161 2460 2461 
f 2465 2464 2463 
f 2466 2463 2464 
f 2469 2468 2467 
f 2470 2467 2468 
f 223 2472 2471 
f 2473 2471 2472 
f 2475 2474 1386 
f 1385 1386 2474 
f 2477 2476 1362 
f 1360 2477 1362 
f 2478 2476 2477 
f 1472 2480 2479 
f 865 2479 2480 
f 2483 2482 2481 
f 2484 2481 2482 
f 2487 2486 2485 
f 2488 2485 2486 
f 2491 2490 2489 
f 2492 2489 2490 
f 2495 2494 2493 
f 2497 2496 1950 
f 2498 1950 2496 
f 1834 2500 2499 
f 1834 2501 2500 
f 2504 2503 2502 
f 2505 2502 2503 
f 2506 1772 1770 
f 8 608 6 
f 4 6 608 
f 2509 2508 2507 
f 2510 2507 2508 
f 2513 2512 2511 
f 2514 2511 2512 
f 1397 1392 1396 
f 2517 2516 2515 
f 2518 2515 2516 
f 2520 19 2519 
f 1667 19 2520 
f 2520 2519 27 
f 25 2520 27 
f 2522 342 2521 
f 2524 2523 1844 
f 585 30 1412 
f 2527 2526 2525 
f 2528 2525 2526 
f 2531 2530 2529 
f 1963 2529 2530 
f 2534 2533 2532 
f 2535 2532 2533 
f 1454 2536 1442 
f 46 1442 2536 
f 2537 1776 1779 
f 2540 2539 2538 
f 2541 2538 2539 
f 2544 2543 2542 
f 2174 2542 2543 
f 53 1468 51 
f 2545 51 1468 
f 91 57 88 
f 1853 88 57 
f 1798 2546 1796 
f 2547 1796 2546 
f 2548 1141 1144 
f 65 1418 67 
f 2549 67 1418 
f 2551 1685 2550 
f 2552 2550 1685 
f 2555 2554 2553 
f 2556 2553 2554 
f 2558 1466 2557 
f 2536 2557 46 
f 1466 46 2557 
f 2560 2559 1687 
f 2561 1687 2559 
f 2563 2562 1144 
f 2502 1144 2562 
f 2410 2565 2564 
f 2566 2564 2565 
f 2162 586 585 
f 2569 2568 2567 
f 2570 2567 2568 
f 2573 2572 2571 
f 2574 2571 2572 
f 2577 2576 2575 
f 2578 2037 2038 
f 2580 1322 2579 
f 1325 2579 1322 
f 2581 2553 2556 
f 1568 2370 1567 
f 2583 83 2582 
f 276 2582 83 
f 2585 2584 2332 
f 2334 2332 2584 
f 2587 1374 2586 
f 1372 2586 1374 
f 1518 1852 1517 
f 1554 1517 1852 
f 2590 2589 2588 
f 2591 2588 2589 
f 2594 2593 2592 
f 1002 2592 2593 
f 1543 121 1542 
f 2597 2596 2595 
f 555 2595 2596 
f 2600 2599 2598 
f 2601 2598 2599 
f 2604 2603 2602 
f 136 134 132 
f 130 132 134 
f 139 146 2605 
f 2608 2607 2606 
f 1571 138 153 
f 150 153 138 
f 1191 2609 1167 
f 154 2610 156 
f 2611 156 2610 
f 2614 2613 2612 
f 2196 2612 2613 
f 2207 1048 2615 
f 2616 2615 1048 
f 2618 1605 2617 
f 167 2617 1605 
f 2621 2620 2619 
f 2622 2619 2620 
f 1846 2624 2623 
f 2625 2623 2624 
f 1886 1916 1784 
f 2626 1784 1916 
f 2629 2628 2627 
f 2630 2627 2628 
f 2633 2632 2631 
f 2634 2631 2632 
f 1147 1603 189 
f 2637 2636 2635 
f 2638 2635 2636 
f 2641 2640 2639 
f 2642 2639 2640 
f 2645 2644 2643 
f 427 2643 2644 
f 1294 2647 2646 
f 2648 2646 2647 
f 2651 2650 2649 
f 2652 2649 2650 
f 2655 2654 2653 
f 2656 2653 2654 
f 2657 1616 331 
f 333 331 1616 
f 2660 2659 2658 
f 2530 2662 2661 
f 2663 2661 2662 
f 143 2664 145 
f 1486 145 2664 
f 1460 2666 2665 
f 726 1602 2667 
f 2075 2667 1602 
f 2670 2669 2668 
f 2671 2668 2669 
f 2660 2672 2659 
f 2674 1952 2673 
f 2675 2673 1952 
f 2677 1748 2676 
f 2678 2676 1748 
f 2663 2680 2679 
f 2681 2679 2680 
f 2683 2682 257 
f 2686 2685 2684 
f 2687 2684 2685 
f 1684 1679 1683 
f 1681 1683 1679 
f 2689 2688 1631 
f 2690 1631 2688 
f 293 1981 277 
f 2635 2638 1415 
f 2691 1415 2638 
f 2694 2693 2692 
f 2695 2692 2693 
f 313 2696 311 
f 306 311 2696 
f 2697 2696 313 
f 318 2697 313 
f 2699 2698 1696 
f 316 1696 2698 
f 320 2697 2700 
f 318 2700 2697 
f 1902 2702 2701 
f 2703 2701 2702 
f 1107 1104 2704 
f 2277 2704 1104 
f 2705 2320 330 
f 322 330 2320 
f 335 2320 337 
f 2705 337 2320 
f 2707 1643 2706 
f 1645 2706 1643 
f 2708 2522 2521 
f 2709 1692 1693 
f 2712 2711 2710 
f 2713 2710 2711 
f 2715 2714 2711 
f 2453 2711 2714 
f 1765 2708 2716 
f 2717 2716 2708 
f 354 2718 356 
f 1766 356 2718 
f 2721 2720 2719 
f 2722 2719 2720 
f 2724 943 2723 
f 2725 2723 943 
f 2728 2727 2726 
f 2729 2726 2727 
f 378 2730 370 
f 2731 370 2730 
f 1726 2733 2732 
f 2734 2732 2733 
f 2737 2736 2735 
f 2738 2735 2736 
f 2741 2740 2739 
f 2742 2739 2740 
f 2745 2744 2743 
f 2746 2743 2744 
f 2747 2473 2472 
f 1678 2748 812 
f 2749 812 2748 
f 1380 2751 2750 
f 2752 2750 2751 
f 2754 2753 2004 
f 2755 2004 2753 
f 2758 2757 2756 
f 2759 2756 2757 
f 2760 1601 1599 
f 255 253 419 
f 2763 2762 2761 
f 2764 2761 2762 
f 425 254 252 
f 2766 2765 428 
f 427 428 2765 
f 225 2398 2767 
f 2768 2767 2398 
f 109 2707 2706 
f 1601 1702 1600 
f 2769 1600 1702 
f 2772 2771 2770 
f 2773 2770 2771 
f 2552 1025 2774 
f 1026 2774 1025 
f 2080 2441 2079 
f 2444 2079 2441 
f 2777 2776 2775 
f 230 2775 2776 
f 450 176 174 
f 2780 2779 2778 
f 2781 2778 2779 
f 2784 2783 2782 
f 2785 2782 2783 
f 1515 454 1512 
f 2786 1512 454 
f 2789 2788 2787 
f 2790 2787 2788 
f 1850 2791 472 
f 471 472 2791 
f 2282 1557 1555 
f 499 1584 2792 
f 492 2792 1584 
f 499 2792 1871 
f 1894 1897 2793 
f 2794 2793 1897 
f 2599 2795 2601 
f 2796 2601 2795 
f 2799 2798 2797 
f 2800 2797 2798 
f 963 2801 506 
f 1775 1677 510 
f 509 510 1677 
f 2188 2186 2187 
f 2765 411 408 
f 510 513 1775 
f 2802 1075 1073 
f 2805 2804 2803 
f 2806 2803 2804 
f 542 2808 2807 
f 2809 2807 2808 
f 2811 2810 560 
f 1912 560 2810 
f 2812 2810 2811 
f 562 2811 560 
f 2814 2038 2813 
f 2815 2813 2038 
f 2818 2817 2816 
f 2819 2816 2817 
f 2475 1386 2820 
f 1384 2820 1386 
f 2823 2822 2821 
f 2824 2821 2822 
f 2827 2826 2825 
f 2828 2825 2826 
f 2831 2830 2829 
f 2129 2829 2830 
f 1670 610 600 
f 1608 2678 1748 
f 610 1670 612 
f 1669 612 1670 
f 2833 2832 2597 
f 2596 2597 2832 
f 605 613 2834 
f 2837 2836 2835 
f 2838 2835 2836 
f 2769 1701 2839 
f 2840 2839 1701 
f 618 615 1669 
f 617 618 1669 
f 2843 2842 2841 
f 2844 2841 2842 
f 2834 1943 2845 
f 2834 2846 1943 
f 1546 2657 1548 
f 2698 1548 2657 
f 1970 1973 2337 
f 2847 2337 1973 
f 2848 2621 2619 
f 2849 1698 1376 
f 1378 1376 1698 
f 644 637 2850 
f 2851 644 2850 
f 2854 2853 2852 
f 2855 2852 2853 
f 1794 2857 2856 
f 2858 2856 2857 
f 2860 2859 1368 
f 1370 1368 2859 
f 1703 2861 2840 
f 1450 2840 2861 
f 2102 1651 2862 
f 1652 2862 1651 
f 2864 1853 2863 
f 57 2863 1853 
f 1975 1976 2865 
f 672 2865 1976 
f 2866 2255 675 
f 683 675 2255 
f 2073 2071 2867 
f 2868 2867 2071 
f 692 2870 2869 
f 1974 2869 2870 
f 691 692 2869 
f 2873 2872 2871 
f 2874 2871 2872 
f 2875 1547 1545 
f 2195 2877 2876 
f 2878 2876 2877 
f 2879 1928 1126 
f 1930 1126 1928 
f 2882 2881 2880 
f 2335 2880 2881 
f 2885 2884 2883 
f 2886 2883 2884 
f 722 228 226 
f 728 227 228 
f 2888 738 2887 
f 736 2887 738 
f 2888 2889 738 
f 741 738 2889 
f 2890 1625 1626 
f 2891 2636 2637 
f 1992 2892 1991 
f 2893 1991 2892 
f 2896 2895 2894 
f 2899 2898 2897 
f 2900 2897 2898 
f 2903 2902 2901 
f 653 2901 2902 
f 2904 2518 2516 
f 763 2005 1998 
f 2000 1998 2005 
f 2906 2905 1024 
f 2907 1024 2905 
f 2910 2909 2908 
f 2911 2908 2909 
f 2914 2913 2912 
f 766 2912 2913 
f 2915 2913 2914 
f 732 735 2916 
f 1670 2916 735 
f 2917 2913 2915 
f 1423 1412 1413 
f 2919 2917 2918 
f 2920 2631 2634 
f 2922 2195 2921 
f 2876 2921 2195 
f 2924 2923 1727 
f 2015 2016 2918 
f 2919 2918 2016 
f 771 2923 2924 
f 2927 2926 2925 
f 2928 2925 2926 
f 2929 2785 2783 
f 789 790 2930 
f 1201 2930 790 
f 2932 779 2931 
f 1389 1746 1232 
f 1231 1232 1746 
f 2031 405 403 
f 2934 1401 2933 
f 1690 2933 1401 
f 818 2936 2935 
f 2937 2620 2621 
f 2165 2237 2240 
f 821 2938 814 
f 816 814 2938 
f 2939 1953 1956 
f 1433 1431 2940 
f 1933 2940 1431 
f 2941 2048 2049 
f 2458 2456 2942 
f 2943 2942 2456 
f 2944 2282 2283 
f 843 2945 841 
f 832 841 2945 
f 843 846 2946 
f 2452 2946 846 
f 846 848 2452 
f 2949 2948 2947 
f 2950 2947 2948 
f 801 2932 2931 
f 2952 1438 2951 
f 2953 2951 1438 
f 2956 2955 2954 
f 2957 2954 2955 
f 2139 2958 2138 
f 1547 2313 1546 
f 1615 1546 2313 
f 2961 2960 2959 
f 2962 2959 2960 
f 2965 2964 2963 
f 2966 2963 2964 
f 280 1964 2967 
f 2968 2967 1964 
f 2971 2970 2969 
f 2972 2969 2970 
f 1262 72 2973 
f 1672 2973 72 
f 2976 2975 2974 
f 1382 2974 2975 
f 2107 2978 2977 
f 2979 2977 2978 
f 2980 2107 2977 
f 2983 2982 2981 
f 2984 2981 2982 
f 1211 1214 2985 
f 2986 2985 1214 
f 1616 347 345 
f 2987 2966 2964 
f 43 3 2988 
f 606 2988 3 
f 2991 2990 2989 
f 2992 2989 2990 
f 1289 2994 2993 
f 1658 2993 2994 
f 2997 2996 2995 
f 2998 2995 2996 
f 3000 2093 2999 
f 1271 2999 2093 
f 1297 1295 769 
f 768 769 1295 
f 3002 3001 569 
f 568 569 3001 
f 3005 3004 3003 
f 3006 3003 3004 
f 1460 2665 1459 
f 2167 1459 2665 
f 3008 3007 2465 
f 2285 2288 3009 
f 3010 3009 2288 
f 3013 3012 3011 
f 3014 3011 3012 
f 1874 997 994 
f 995 994 997 
f 991 1874 994 
f 2916 1670 599 
f 600 599 1670 
f 2949 3015 2948 
f 3016 2948 3015 
f 3018 3017 1960 
f 3021 3020 3019 
f 3022 3019 3020 
f 3017 3018 3023 
f 991 3023 3018 
f 3025 3024 1519 
f 1382 1519 3024 
f 3028 3027 3026 
f 3029 3026 3027 
f 2140 3031 3030 
f 3032 3030 3031 
f 3034 3033 951 
f 950 951 3033 
f 1022 3036 3035 
f 3037 1022 3035 
f 1019 3039 3038 
f 2616 3038 3039 
f 2615 2616 3039 
f 3042 3041 3040 
f 3043 3040 3041 
f 2201 2616 1048 
f 1582 3044 1581 
f 3045 1581 3044 
f 3048 3047 3046 
f 1878 3046 3047 
f 3051 3050 3049 
f 3052 3049 3050 
f 1588 2563 3053 
f 3054 3053 2563 
f 3056 3055 2237 
f 2239 2237 3055 
f 1805 1055 1053 
f 3059 3058 3057 
f 3060 3057 3058 
f 297 295 3061 
f 2699 3061 295 
f 458 174 175 
f 3058 1070 3060 
f 1068 3060 1070 
f 3064 3063 3062 
f 3065 3062 3063 
f 3066 1070 3058 
f 1654 1657 1656 
f 3067 1656 1657 
f 2209 1072 3066 
f 3070 3069 3068 
f 3071 3068 3069 
f 2491 3072 2490 
f 2650 2490 3072 
f 1731 3074 3073 
f 3075 3073 3074 
f 3076 2228 2229 
f 2679 2681 3077 
f 3078 3077 2681 
f 3059 3080 3079 
f 3081 921 919 
f 3080 3059 3057 
f 1093 1091 3082 
f 3083 2004 2755 
f 1706 3085 3084 
f 3086 3084 3085 
f 3089 3088 3087 
f 3090 3087 3088 
f 3093 3092 3091 
f 3096 3095 3094 
f 3097 3094 3095 
f 1536 3099 3098 
f 3100 3098 3099 
f 3101 1791 2263 
f 3104 3103 3102 
f 1778 3102 3103 
f 2704 2277 2274 
f 1124 1114 3105 
f 3106 1114 1124 
f 2742 3107 2739 
f 3108 2739 3107 
f 3110 3109 373 
f 725 373 3109 
f 3112 3111 2741 
f 2740 2741 3111 
f 1180 3114 3113 
f 1719 3114 1180 
f 345 333 1616 
f 3117 3116 3115 
f 3118 3115 3116 
f 1165 1191 1167 
f 2104 1274 1983 
f 1769 3120 3119 
f 3121 3119 3120 
f 3122 1497 1495 
f 3123 2629 2627 
f 1153 1217 3124 
f 1258 3124 1217 
f 1187 14 1189 
f 3125 1189 14 
f 12 3125 14 
f 1801 1803 1800 
f 3128 3127 3126 
f 802 3126 3127 
f 3129 2315 1195 
f 3130 1195 2315 
f 2314 3130 2315 
f 2940 1933 3131 
f 2900 3131 1933 
f 1265 15 13 
f 3134 3133 3132 
f 2905 3132 3133 
f 2445 2017 2447 
f 2754 2447 2017 
f 2374 3135 1229 
f 1849 1508 1511 
f 3137 2027 3136 
f 3138 3136 2027 
f 715 902 2363 
f 3141 3140 3139 
f 3142 3139 3140 
f 1373 3144 3143 
f 3145 3143 3144 
f 3148 3147 3146 
f 3149 3146 3147 
f 2472 3151 3150 
f 3152 3150 3151 
f 1303 2373 1227 
f 1833 1834 2499 
f 1355 1716 3153 
f 2318 3153 1716 
f 3154 1280 1279 
f 1276 3154 1279 
f 3155 1280 3154 
f 2046 3126 806 
f 802 806 3126 
f 3156 714 1285 
f 1287 1285 714 
f 483 1239 3157 
f 92 2076 94 
f 3158 94 2076 
f 1073 1076 1494 
f 3159 1494 1076 
f 2414 2412 3160 
f 3161 1330 1328 
f 3162 1161 1159 
f 3163 1187 1161 
f 1163 1161 1187 
f 3164 2417 2418 
f 3167 3166 3165 
f 3168 3165 3166 
f 3171 3170 3169 
f 2440 3171 3169 
f 3174 3173 3172 
f 3175 3172 3173 
f 1235 3176 1237 
f 3177 1237 3176 
f 3180 3179 3178 
f 3181 3178 3179 
f 1349 3182 1351 
f 3183 1351 3182 
f 3184 3183 3182 
f 3187 3186 3185 
f 3188 3185 3186 
f 2145 1841 3189 
f 202 3189 1841 
f 3190 1360 1357 
f 1358 1357 1360 
f 3193 3192 3191 
f 3194 2726 2729 
f 2096 3195 2095 
f 2097 2095 3195 
f 2495 1090 1088 
f 3198 3197 3196 
f 3199 3196 3197 
f 2110 2111 3200 
f 3201 3200 2111 
f 1832 1833 2495 
f 4 606 3 
f 608 606 4 
f 3203 1734 3202 
f 1737 3202 1734 
f 199 3205 3204 
f 3206 3204 3205 
f 3208 857 3207 
f 3209 3207 857 
f 529 3210 528 
f 3212 3211 1910 
f 2784 1910 3211 
f 3214 3139 3213 
f 3215 3213 3139 
f 3216 1423 35 
f 37 35 1423 
f 40 2988 38 
f 3216 38 2988 
f 43 2988 40 
f 3218 3217 2159 
f 3219 2159 3217 
f 1192 2609 1191 
f 3220 2974 3024 
f 1382 3024 2974 
f 2490 2651 236 
f 2649 236 2651 
f 2198 3221 2200 
f 3222 2200 3221 
f 3224 964 3223 
f 3225 3223 964 
f 3226 2539 2540 
f 3229 3228 3227 
f 3230 3227 3228 
f 2524 3232 3231 
f 3233 3231 3232 
f 3047 3235 3234 
f 3236 3234 3235 
f 1480 1487 2568 
f 3162 1153 3124 
f 144 142 3237 
f 3238 3237 142 
f 79 2568 2569 
f 3241 3240 3239 
f 3242 3239 3240 
f 3244 3243 1885 
f 1887 1885 3243 
f 3245 1480 2568 
f 1074 3245 2568 
f 1660 3247 3246 
f 3248 3246 3247 
f 3251 3250 3249 
f 3252 3249 3250 
f 3255 3254 3253 
f 2187 3253 3254 
f 3257 3256 2133 
f 3258 2133 3256 
f 3159 2583 3259 
f 3260 3259 2583 
f 3262 3261 2366 
f 1225 2366 3261 
f 3265 3264 3263 
f 3266 3263 3264 
f 970 104 1543 
f 121 1543 104 
f 3268 3267 2852 
f 3269 2852 3267 
f 806 2045 2046 
f 1373 3143 3270 
f 761 3270 3143 
f 2838 2836 3271 
f 2323 3271 2836 
f 3272 2262 3198 
f 3273 3198 2262 
f 134 969 130 
f 129 130 969 
f 2713 2455 3274 
f 3275 3274 2455 
f 3277 3276 663 
f 3272 663 3276 
f 2031 173 405 
f 2644 405 173 
f 3280 3279 3278 
f 3281 3278 3279 
f 3282 1425 1424 
f 3283 2729 2727 
f 1147 165 1605 
f 167 1605 165 
f 1572 165 1147 
f 151 165 1572 
f 2610 1594 2611 
f 1592 2611 1594 
f 3284 2136 2135 
f 3285 562 565 
f 3286 2360 2358 
f 443 3287 517 
f 170 517 3287 
f 2847 1512 2337 
f 2338 2337 1512 
f 3289 3288 1594 
f 3290 1594 3288 
f 3293 3292 3291 
f 3294 3291 3292 
f 194 1146 190 
f 1397 608 8 
f 2658 3295 3288 
f 3296 3189 205 
f 204 205 3189 
f 3299 3298 3297 
f 3300 3297 3298 
f 243 3301 238 
f 240 238 3301 
f 2660 3301 243 
f 3302 1387 1385 
f 3301 3303 240 
f 263 240 3303 
f 3187 2098 2101 
f 3306 3305 3304 
f 3307 3304 3305 
f 2682 2683 3308 
f 3309 3308 2683 
f 3311 3310 777 
f 3313 3312 3154 
f 3155 3154 3312 
f 3316 3315 3314 
f 3317 3314 3315 
f 3320 3319 3318 
f 2691 3318 3319 
f 1684 3321 1679 
f 2683 1679 3321 
f 2243 3322 2242 
f 3323 2242 3322 
f 266 3324 1684 
f 3321 1684 3324 
f 2580 3326 3325 
f 3327 3325 3326 
f 2055 3328 896 
f 897 896 3328 
f 3329 1500 1503 
f 3330 2290 1920 
f 1618 3331 275 
f 287 275 3331 
f 306 2696 294 
f 2778 294 2696 
f 3334 3333 3332 
f 3335 3332 3333 
f 1696 3061 2699 
f 3336 1703 1426 
f 3337 3292 3293 
f 157 141 154 
f 2610 154 141 
f 3340 3339 3338 
f 3341 3338 3339 
f 3343 423 3342 
f 3344 3342 423 
f 1721 2657 328 
f 331 328 2657 
f 3345 2753 2754 
f 1375 1373 3270 
f 1614 1527 1616 
f 347 1616 1527 
f 2003 2001 3346 
f 3347 3346 2001 
f 1527 2718 349 
f 354 349 2718 
f 3349 3348 1522 
f 1524 1522 3348 
f 3350 1861 1889 
f 1186 3293 3291 
f 3353 3352 3351 
f 3354 3351 3352 
f 2827 2825 3355 
f 3356 3355 2825 
f 368 363 3357 
f 1766 3357 363 
f 3360 3359 3358 
f 1760 3361 2931 
f 2935 2931 3361 
f 3364 3363 3362 
f 3365 3362 3363 
f 3247 1660 2994 
f 1658 2994 1660 
f 2112 181 3366 
f 3367 3366 181 
f 3369 391 3368 
f 392 3368 391 
f 3370 391 3369 
f 3373 3372 3371 
f 3374 3371 3372 
f 3343 2162 3375 
f 2163 3375 2162 
f 2765 2766 411 
f 3378 3377 3376 
f 3379 3376 3377 
f 3382 3381 3380 
f 3383 3380 3381 
f 2580 2830 2831 
f 1574 3385 3384 
f 3386 3384 3385 
f 1971 2953 3387 
f 3388 3387 2953 
f 3389 1165 2309 
f 1706 3084 1705 
f 3390 1705 3084 
f 1270 3089 3087 
f 3393 3392 3391 
f 3394 3391 3392 
f 3395 1492 1493 
f 465 2338 2786 
f 1512 2786 2338 
f 3396 467 175 
f 461 175 467 
f 3397 2267 1940 
f 3400 3399 3398 
f 3401 3398 3399 
f 487 2791 1850 
f 3404 3403 3402 
f 3405 3402 3403 
f 3407 1924 3406 
f 1927 3406 1924 
f 963 520 2801 
f 521 2801 520 
f 1631 3408 987 
f 986 987 3408 
f 1586 499 502 
f 500 502 499 
f 3409 2446 2002 
f 540 3410 529 
f 3210 529 3410 
f 3411 3410 540 
f 3414 3413 3412 
f 3415 3412 3413 
f 3416 3055 3056 
f 3418 1801 3417 
f 3419 3417 1801 
f 3422 3421 3420 
f 3423 3420 3421 
f 1773 1771 3424 
f 2140 3424 1771 
f 678 892 3425 
f 3426 3425 892 
f 3016 3428 3427 
f 3429 3427 3428 
f 3431 2910 3430 
f 3432 3430 2910 
f 599 593 3433 
f 2916 599 3433 
f 3134 1457 3434 
f 3435 3434 1457 
f 3436 3415 3413 
f 1087 2333 1086 
f 3433 1086 2333 
f 3438 3437 3390 
f 525 3390 3437 
f 3441 3440 3439 
f 3442 3439 3440 
f 3444 3443 1759 
f 1756 1759 3443 
f 3447 3446 3445 
f 3448 3445 3446 
f 889 3450 3449 
f 2393 3449 3450 
f 3453 3452 3451 
f 3454 3451 3452 
f 2666 3455 2665 
f 2184 1370 2859 
f 1723 3456 2625 
f 3457 2625 3456 
f 1957 649 3458 
f 3459 3458 649 
f 3460 1416 1414 
f 1692 2709 3461 
f 3462 3461 2709 
f 3464 3463 1866 
f 1868 1866 3463 
f 3465 2870 692 
f 3466 2255 2866 
f 1589 3468 3467 
f 3469 3467 3468 
f 2254 698 687 
f 689 687 698 
f 3472 3471 3470 
f 3473 3470 3471 
f 1953 2939 3474 
f 3475 3474 2939 
f 1584 499 1586 
f 2492 2490 236 
f 3478 3477 3476 
f 3479 3476 3477 
f 3481 1831 3480 
f 3482 3480 1831 
f 2889 755 744 
f 3484 750 3483 
f 752 3483 750 
f 3486 2042 3485 
f 3487 3485 2042 
f 2547 2546 2111 
f 3201 2111 2546 
f 2733 1261 1260 
f 3490 3489 3488 
f 1597 1595 3491 
f 2578 3491 1595 
f 3492 766 2913 
f 2919 2913 2917 
f 3492 2913 2919 
f 3493 3448 3446 
f 3496 3495 3494 
f 3497 3494 3495 
f 3500 3499 3498 
f 2085 3498 3499 
f 2891 3501 251 
f 248 251 3501 
f 3504 3503 3502 
f 3238 3502 3503 
f 3507 3506 3505 
f 3508 3505 3506 
f 3509 1805 2207 
f 1053 2207 1805 
f 3361 818 2935 
f 758 3510 1989 
f 3511 1989 3510 
f 820 818 3361 
f 2945 2938 825 
f 821 825 2938 
f 827 2945 825 
f 1763 2941 2049 
f 3513 214 3512 
f 3514 3512 214 
f 834 832 3515 
f 827 3515 832 
f 3517 3393 3516 
f 3391 3516 3393 
f 3519 2614 3518 
f 3520 3518 2614 
f 2950 2948 3016 
f 1077 1067 1065 
f 3175 3000 3172 
f 2182 3172 3000 
f 2070 862 2065 
f 3341 3522 3521 
f 1837 3521 3522 
f 2335 2960 2880 
f 3523 2880 2960 
f 2961 3523 2960 
f 3526 3525 3524 
f 1489 3524 3525 
f 2261 3273 2260 
f 2262 2260 3273 
f 3528 3527 2271 
f 3529 2271 3527 
f 1539 3531 3530 
f 101 3530 3531 
f 3532 944 3447 
f 3533 3447 944 
f 3536 3535 3534 
f 3537 3534 3535 
f 878 883 3538 
f 3541 3540 3539 
f 3542 3539 3540 
f 3541 3543 3540 
f 3545 3544 907 
f 2978 907 3544 
f 2442 3547 3546 
f 3548 3546 3547 
f 3549 2585 2332 
f 3551 947 3550 
f 3552 3550 947 
f 1993 1811 2991 
f 3553 2991 1811 
f 3556 3555 3554 
f 3557 3554 3555 
f 554 1556 3558 
f 1557 3558 1556 
f 3560 380 3559 
f 376 3559 380 
f 3562 1766 3561 
f 2718 3561 1766 
f 3563 656 1130 
f 3564 1130 656 
f 860 3565 2479 
f 1763 2479 3565 
f 3566 3141 3139 
f 3567 3413 3414 
f 2636 2891 3568 
f 2513 3568 2891 
f 2312 3158 3569 
f 3570 3569 3158 
f 2874 2872 760 
f 759 760 2872 
f 3018 1960 1961 
f 2342 2340 3571 
f 3572 3571 2340 
f 2638 2511 2691 
f 3318 2691 2511 
f 3354 3352 3573 
f 420 3573 3352 
f 2952 3574 1744 
f 1741 1744 3574 
f 2257 2592 1002 
f 1543 124 970 
f 2203 3575 2206 
f 1046 2206 3575 
f 3576 2868 2071 
f 3066 1041 2209 
f 1064 2209 1041 
f 3577 1041 3066 
f 3578 3037 3575 
f 3579 3575 3037 
f 3582 3581 3580 
f 3583 3580 3581 
f 1035 3579 3037 
f 3585 2250 3584 
f 870 3584 2250 
f 3588 3587 3586 
f 3589 3586 3587 
f 3591 3521 3590 
f 1837 3590 3521 
f 3592 3076 440 
f 1082 440 3076 
f 3593 3059 2228 
f 2227 2228 3059 
f 3076 3593 2228 
f 2316 1417 2317 
f 1415 2317 1417 
f 3594 1704 1707 
f 3596 1620 3595 
f 3597 3595 1620 
f 2087 3598 3509 
f 3082 3509 3598 
f 3599 2299 2300 
f 3600 1847 1849 
f 1383 3601 2751 
f 2345 2751 3601 
f 3604 3603 3602 
f 1590 3602 3603 
f 3607 3606 3605 
f 3608 3605 3606 
f 2148 3610 3609 
f 3611 3609 3610 
f 2171 2466 2464 
f 3614 3613 3612 
f 3615 3612 3613 
f 3323 2244 2242 
f 2181 2184 2859 
f 3157 2397 1632 
f 2862 1652 3616 
f 3617 3616 1652 
f 2291 1930 1150 
f 3618 954 965 
f 3620 3619 1742 
f 2952 1742 3619 
f 3621 556 3145 
f 3622 3145 556 
f 3391 3394 2245 
f 3623 2245 3394 
f 3626 3625 3624 
f 3627 3624 3625 
f 3628 3030 3032 
f 1719 1180 1716 
f 3630 3629 1929 
f 1779 3631 1129 
f 3632 1129 3631 
f 2877 2195 2193 
f 3635 3634 3633 
f 2440 3633 3634 
f 3638 3637 3636 
f 3639 3636 3637 
f 3641 3640 2035 
f 3642 2035 3640 
f 3643 2054 1220 
f 1222 1220 2054 
f 2967 3645 3644 
f 3646 3644 3645 
f 3649 3648 3647 
f 3650 3647 3648 
f 3653 3652 3651 
f 3654 3651 3652 
f 1244 484 2364 
f 2363 2364 484 
f 3470 3656 3655 
f 1175 3655 3656 
f 1454 3657 1453 
f 1247 1245 1651 
f 1653 1651 1245 
f 1210 1303 1227 
f 3312 3156 1282 
f 1285 1282 3156 
f 714 3157 1632 
f 943 2724 942 
f 237 942 2724 
f 3658 3127 1884 
f 3128 1884 3127 
f 1649 3381 2154 
f 3382 2154 3381 
f 3661 3660 3659 
f 3662 3659 3660 
f 3245 1478 1480 
f 1477 1480 1478 
f 3196 2759 3198 
f 2757 3198 2759 
f 1704 3663 1706 
f 3664 1706 3663 
f 3634 3171 2440 
f 2866 675 674 
f 2487 3665 2486 
f 2488 2486 3665 
f 3347 3184 3182 
f 3633 3666 2753 
f 3164 2753 3666 
f 3190 3667 2477 
f 2478 2477 3667 
f 1360 3190 2477 
f 1088 3668 3171 
f 3669 2495 1088 
f 2501 1834 3161 
f 1330 3161 1834 
f 3672 3671 3670 
f 3226 3670 3671 
f 557 1521 3673 
f 3674 3673 1521 
f 609 2988 606 
f 3216 2988 609 
f 3677 3676 3675 
f 3678 3675 3676 
f 1057 1958 1957 
f 641 1957 1958 
f 3307 3305 2061 
f 2060 2061 3305 
f 3680 2831 3679 
f 2829 3679 2831 
f 1668 608 1397 
f 607 608 1668 
f 3682 3681 3378 
f 3683 3378 3681 
f 3684 3398 2249 
f 2091 2249 3398 
f 339 1302 341 
f 3028 341 1302 
f 3687 3686 3685 
f 3688 3685 3686 
f 3643 1220 1447 
f 1268 1447 1220 
f 586 2863 57 
f 3690 1062 3689 
f 3691 3689 1062 
f 3694 3693 3692 
f 3695 3692 3693 
f 3698 3697 3696 
f 3699 3696 3697 
f 3061 1696 1695 
f 1387 3302 3700 
f 3701 3700 3302 
f 3703 3702 3500 
f 3499 3500 3702 
f 3704 1664 299 
f 1662 299 1664 
f 1940 1939 3705 
f 3072 3705 1939 
f 710 229 227 
f 2604 2602 3706 
f 3707 3706 2602 
f 3464 2449 3708 
f 2934 3708 2449 
f 3710 2073 3709 
f 3711 3709 2073 
f 3713 1968 3712 
f 1499 3712 1968 
f 3715 3431 3714 
f 3430 3714 3431 
f 3717 3209 3716 
f 858 3716 3209 
f 3561 2718 1527 
f 294 304 306 
f 970 1494 3159 
f 217 835 3718 
f 3719 3718 835 
f 3721 3720 3423 
f 3722 3423 3720 
f 3724 533 3723 
f 3725 3723 533 
f 3727 3466 3726 
f 2903 3726 3466 
f 3728 173 446 
f 176 446 173 
f 3585 3729 2250 
f 3730 2250 3729 
f 3732 3731 3261 
f 1225 3261 3731 
f 1840 3733 177 
f 162 177 3733 
f 3734 1617 3303 
f 259 3303 1617 
f 654 3564 656 
f 3736 3735 572 
f 1399 572 3735 
f 290 969 138 
f 134 138 969 
f 930 928 3477 
f 3479 3477 928 
f 3255 1613 3737 
f 1611 3737 1613 
f 3740 3739 3738 
f 623 3738 3739 
f 3053 3602 1590 
f 3742 1704 3741 
f 3594 3741 1704 
f 2137 2140 1771 
f 3745 3744 3743 
f 2799 3743 3744 
f 3748 3747 3746 
f 3749 3127 3658 
f 3750 3301 2660 
f 3751 3301 3750 
f 3753 2114 3752 
f 3754 3752 2114 
f 3757 3756 3755 
f 3758 3755 3756 
f 3760 3759 2276 
f 831 2276 3759 
f 172 3762 3761 
f 3763 3761 3762 
f 3520 2614 2612 
f 3766 3765 3764 
f 3767 3764 3765 
f 1619 3331 1618 
f 2781 3324 1981 
f 272 1981 3324 
f 3769 1010 3768 
f 310 3771 3770 
f 3335 3770 3771 
f 387 3772 386 
f 3773 386 3772 
f 3774 2149 2147 
f 1697 3775 2997 
f 2996 2997 3775 
f 3778 3777 3776 
f 3779 3776 3777 
f 2767 3780 222 
f 224 222 3780 
f 3427 105 3781 
f 3782 3781 105 
f 2950 3783 2947 
f 3784 2947 3783 
f 3760 3786 3785 
f 3787 3785 3786 
f 3285 2811 562 
f 3664 3788 3085 
f 3086 3085 3788 
f 3789 408 1782 
f 1781 1782 408 
f 1324 1322 2831 
f 2580 2831 1322 
f 1941 3790 3363 
f 1962 3363 3790 
f 3793 3792 3791 
f 3794 3791 3792 
f 3795 2393 1503 
f 2391 1503 2393 
f 392 397 3368 
f 3796 3368 397 
f 3797 2822 2504 
f 3798 2504 2822 
f 3799 1978 1979 
f 2302 2303 552 
f 551 552 2303 
f 1729 2006 3800 
f 253 3801 417 
f 3802 417 3801 
f 3803 3050 3051 
f 3806 3805 3804 
f 2540 3804 3805 
f 1086 2808 542 
f 2686 2473 2747 
f 3344 780 783 
f 3809 3808 3807 
f 3810 3807 3808 
f 3732 1475 1473 
f 3812 2448 3811 
f 2451 3811 2448 
f 1957 648 649 
f 1544 124 1543 
f 3813 3256 3257 
f 3816 3815 3814 
f 3817 3814 3815 
f 3820 3819 3818 
f 3821 3818 3819 
f 2839 3822 1600 
f 2075 1600 3822 
f 3824 3823 882 
f 3410 1774 1775 
f 3210 3410 516 
f 1775 516 3410 
f 3569 1614 1615 
f 3827 3826 3825 
f 3173 3825 3826 
f 1612 3828 1611 
f 3829 1611 3828 
f 3832 3831 3830 
f 3833 3830 3831 
f 3834 3814 3817 
f 3209 855 858 
f 3835 1036 1039 
f 3469 3836 3467 
f 3837 3467 3836 
f 2019 2017 3838 
f 2445 3838 2017 
f 3433 582 1086 
f 577 1086 582 
f 583 587 3839 
f 596 3839 587 
f 3842 3841 3840 
f 951 3840 3841 
f 3768 1010 990 
f 3844 3088 3843 
f 3845 3843 3088 
f 1958 3119 2845 
f 3121 2845 3119 
f 3848 3847 3846 
f 2052 3846 3847 
f 3850 3849 3323 
f 3851 3323 3849 
f 3035 1035 3037 
f 3853 436 3852 
f 3854 3852 436 
f 2596 2832 3855 
f 3220 3855 2832 
f 3656 1948 3856 
f 901 3856 1948 
f 3859 3858 3857 
f 3862 3861 3860 
f 3863 3860 3861 
f 101 3864 3530 
f 1007 3530 3864 
f 671 1976 1059 
f 2870 1059 1976 
f 3086 1829 1830 
f 2902 3466 2866 
f 831 3865 828 
f 3766 828 3865 
f 3868 3867 3866 
f 3869 3866 3867 
f 3871 702 3870 
f 698 3870 702 
f 2154 3872 2152 
f 3873 2152 3872 
f 3874 3871 3870 
f 3637 3875 3472 
f 3876 3472 3875 
f 3879 3878 3877 
f 3880 3877 3878 
f 3883 3882 3881 
f 2621 3881 3882 
f 2892 2210 729 
f 2211 729 2210 
f 2103 3884 1247 
f 1246 1247 3884 
f 3885 1532 1352 
f 2821 2589 2823 
f 2590 2823 2589 
f 3886 2799 2797 
f 2566 3887 3744 
f 2799 3744 3887 
f 3004 3005 3888 
f 1823 3888 3005 
f 3890 3889 1954 
f 3891 1954 3889 
f 3892 3717 3716 
f 3056 3893 3416 
f 2075 3416 3893 
f 3896 3895 3894 
f 1674 3894 3895 
f 1205 3897 3646 
f 3898 3646 3897 
f 3808 3900 3899 
f 3901 3899 3900 
f 824 820 2049 
f 3361 2049 820 
f 3902 1315 1313 
f 3164 2418 1367 
f 3904 3903 3254 
f 2187 3254 3903 
f 2621 2848 3881 
f 2146 3881 2848 
f 1598 3906 3905 
f 3907 3905 3906 
f 3909 3908 3658 
f 1540 3658 3908 
f 1121 2187 2185 
f 2488 3665 1655 
f 3910 1655 3665 
f 3911 3297 3300 
f 725 374 372 
f 3327 2745 3325 
f 787 3325 2745 
f 3914 3913 3912 
f 3916 2561 3915 
f 3917 3915 2561 
f 3159 104 970 
f 1666 1436 1419 
f 3919 3545 3918 
f 3920 3918 3545 
f 3457 3922 3921 
f 3923 3921 3922 
f 3926 3925 3924 
f 3927 3924 3925 
f 3249 3767 3765 
f 1891 960 1893 
f 3928 1893 960 
f 3349 3526 3348 
f 3524 3348 3526 
f 990 983 1892 
f 3929 1892 983 
f 1874 975 997 
f 999 997 975 
f 3932 3931 3930 
f 3933 3930 3931 
f 2353 3931 3932 
f 1033 3575 3579 
f 3910 1657 1655 
f 3935 3934 1644 
f 1642 1644 3934 
f 3938 3937 3936 
f 3939 3936 3937 
f 2349 3940 2926 
f 3941 2926 3940 
f 1528 87 86 
f 3943 3942 2432 
f 1410 1868 31 
f 33 31 1868 
f 1757 1626 3944 
f 3945 3944 1626 
f 3947 3946 1097 
f 1101 1097 3946 
f 3767 3949 3948 
f 2858 3948 3949 
f 3314 3317 3950 
f 3951 3950 3317 
f 3953 1115 3952 
f 1994 3952 1115 
f 3956 3955 3954 
f 3957 3954 3955 
f 1911 1909 442 
f 3958 442 1909 
f 1124 2879 1126 
f 3961 3960 3959 
f 3962 3959 3960 
f 3964 2425 3963 
f 3965 3963 2425 
f 2161 2461 2158 
f 3966 2158 2461 
f 3704 299 1865 
f 3967 1865 299 
f 3968 2728 2726 
f 3971 3970 3969 
f 2803 3969 3970 
f 3187 3972 3186 
f 3973 3186 3972 
f 3975 3974 1137 
f 3976 1137 3974 
f 3979 3978 3977 
f 3980 3977 3978 
f 3981 1161 3162 
f 2091 2849 1376 
f 3982 248 3501 
f 3985 3984 3983 
f 3986 3983 3984 
f 3405 1985 3987 
f 3988 3987 1985 
f 3695 3693 3989 
f 3990 3989 3693 
f 3992 3991 1921 
f 3399 1506 1504 
f 2062 2060 2738 
f 3993 2738 2060 
f 3994 569 567 
f 1914 1208 3630 
f 1206 3630 1208 
f 1914 3630 3995 
f 1929 3995 3630 
f 3998 3997 3996 
f 3999 3996 3997 
f 4001 4000 2940 
f 1433 2940 4000 
f 1663 4002 1665 
f 4003 1665 4002 
f 4004 2692 2695 
f 3869 4006 4005 
f 4007 4005 4006 
f 2789 4008 2788 
f 3799 2788 4008 
f 3346 3182 1347 
f 1349 1347 3182 
f 1342 3346 1347 
f 3083 3902 1313 
f 4011 4010 4009 
f 4012 4009 4010 
f 4014 2937 4013 
f 4015 4013 2937 
f 4018 4017 4016 
f 3787 4016 4017 
f 4021 4020 4019 
f 2039 4023 4022 
f 3123 4022 4023 
f 3918 917 914 
f 865 866 861 
f 4026 4025 4024 
f 4027 4024 4025 
f 1230 1233 4028 
f 4029 4028 1233 
f 2729 4030 1582 
f 3044 1582 4030 
f 1586 509 1677 
f 4033 4032 4031 
f 4034 4031 4032 
f 4037 4036 4035 
f 3392 4035 4036 
f 4038 2531 2185 
f 1121 2185 2531 
f 4041 4040 4039 
f 2212 4039 4040 
f 4044 4043 4042 
f 4045 4042 4043 
f 532 530 3595 
f 4046 3595 530 
f 2779 2136 3284 
f 3310 4047 777 
f 4048 3594 1707 
f 4051 4050 4049 
f 4052 4049 4050 
f 448 4053 3728 
f 1973 352 350 
f 1886 4054 1917 
f 1918 1917 4054 
f 2653 1997 1995 
f 4055 3878 3879 
f 4056 1237 952 
f 3177 952 1237 
f 1521 2750 3674 
f 3984 3674 2750 
f 4057 3700 3701 
f 1853 3342 1851 
f 3344 1851 3342 
f 4005 4058 3869 
f 3866 3869 4058 
f 2781 3321 3324 
f 2956 2954 4059 
f 4060 4059 2954 
f 3951 3317 4061 
f 1877 4061 3317 
f 1641 1768 1767 
f 4063 3771 4062 
f 310 4062 3771 
f 1851 3344 1852 
f 2605 1852 3344 
f 4064 1787 775 
f 4067 4066 4065 
f 705 696 700 
f 4070 4069 4068 
f 3034 4068 4069 
f 4071 2515 2518 
f 2193 4072 2877 
f 4073 2877 4072 
f 4074 473 3300 
f 476 3300 473 
f 3874 2885 3871 
f 4075 3871 2885 
f 783 3289 2610 
f 1594 2610 3289 
f 4077 3539 4076 
f 2117 4076 3539 
f 4078 1860 1858 
f 2629 3123 4079 
f 1713 4079 3123 
f 2558 126 127 
f 3109 3110 4080 
f 4081 4080 3110 
f 4084 4083 4082 
f 4085 4082 4083 
f 2327 2330 4086 
f 4087 4086 2330 
f 4089 4088 2665 
f 2167 2665 4088 
f 4092 4091 4090 
f 4093 4090 4091 
f 4095 4094 2724 
f 4096 2724 4094 
f 1619 2699 3331 
f 295 3331 2699 
f 3111 4097 2740 
f 4098 2740 4097 
f 4100 4099 3028 
f 3027 3028 4099 
f 3895 1676 1674 
f 4102 4101 3201 
f 4103 3201 4101 
f 2118 2319 2320 
f 2119 2118 2320 
f 4106 4105 4104 
f 4107 4104 4105 
f 1829 4108 3482 
f 4109 3482 4108 
f 4110 2119 2522 
f 335 2522 2119 
f 4111 1383 1381 
f 403 404 2030 
f 4099 2030 404 
f 2773 2771 4112 
f 3794 4112 2771 
f 4114 2085 4113 
f 4115 4113 2085 
f 1703 3336 4116 
f 4117 4116 3336 
f 4118 2540 2538 
f 4121 4120 4119 
f 2854 4119 4120 
f 3450 4122 2393 
f 2392 2393 4122 
f 3370 3369 2730 
f 4123 2730 3369 
f 2598 2601 548 
f 549 548 2601 
f 4124 2681 2680 
f 4126 4125 3063 
f 3065 3063 4125 
f 530 533 4127 
f 3724 4127 533 
f 259 263 3303 
f 4128 2496 2497 
f 4129 3796 3802 
f 414 3802 3796 
f 4130 2765 3789 
f 408 3789 2765 
f 4132 1562 4131 
f 1565 4131 1562 
f 678 2487 4133 
f 2485 4133 2487 
f 2933 4134 3708 
f 3463 3708 4134 
f 4005 4007 1804 
f 1802 1804 4007 
f 2757 4135 3771 
f 3335 3771 4135 
f 4138 4137 4136 
f 4139 3732 4087 
f 3261 4087 3732 
f 1365 1363 3667 
f 4141 3919 4140 
f 4142 4140 3919 
f 2624 1846 1725 
f 1815 4143 4041 
f 111 4041 4143 
f 2308 3937 3938 
f 4146 4145 4144 
f 4148 4147 3440 
f 4150 4149 3808 
f 3900 3808 4149 
f 4151 2535 2533 
f 3365 4152 3362 
f 4153 3362 4152 
f 3358 4035 3393 
f 3392 3393 4035 
f 4155 2620 4154 
f 2937 4154 2620 
f 1958 1944 630 
f 2031 175 173 
f 4157 2806 4156 
f 4158 4156 2806 
f 3987 4160 4159 
f 4161 4159 4160 
f 3041 2339 3043 
f 2342 3043 2339 
f 4162 4107 218 
f 220 218 4107 
f 2470 4163 2467 
f 4164 2467 4163 
f 3223 3225 4165 
f 4166 4165 3225 
f 3670 2540 3805 
f 2983 4167 2984 
f 2543 2984 4167 
f 4170 4169 4168 
f 3596 4168 4169 
f 4173 4172 4171 
f 2630 4171 4172 
f 3395 4174 3873 
f 3408 3873 4174 
f 1702 1701 2769 
f 2468 4176 4175 
f 4177 4175 4176 
f 194 196 1146 
f 1785 3553 1811 
f 1821 1824 2287 
f 4178 2287 1824 
f 4180 4179 4033 
f 4181 4033 4179 
f 4183 4182 3653 
f 3652 3653 4182 
f 4185 3417 4184 
f 184 4184 3417 
f 2113 4186 200 
f 4187 200 4186 
f 2033 3641 2035 
f 4190 4189 4188 
f 1075 4188 4189 
f 4192 4191 2279 
f 4193 4123 4129 
f 3796 4129 4123 
f 4194 3655 1173 
f 1175 1173 3655 
f 4197 4196 4195 
f 4198 4195 4196 
f 4201 4200 4199 
f 1429 4199 4200 
f 1229 1227 2374 
f 2373 2374 1227 
f 4204 4203 4202 
f 1612 4206 4205 
f 733 4207 617 
f 4208 617 4207 
f 4210 4209 1907 
f 1171 1907 4209 
f 4212 4211 4095 
f 4094 4095 4211 
f 2510 3846 2052 
f 199 200 4187 
f 3666 2417 3164 
f 4213 2850 4208 
f 635 4208 2850 
f 4214 1791 3101 
f 3249 3949 3767 
f 4216 2432 4215 
f 2431 4215 2432 
f 4217 2898 2899 
f 4153 4218 2652 
f 4219 2652 4218 
f 4221 4220 2555 
f 2554 2555 4220 
f 4135 2757 2758 
f 4222 2086 2560 
f 4223 2560 2086 
f 3242 4224 710 
f 706 710 4224 
f 2212 3242 710 
f 4226 3663 4225 
f 4227 4225 3663 
f 1709 1710 4228 
f 3962 4229 3959 
f 2448 3959 4229 
f 1890 4231 4230 
f 911 4230 4231 
f 1992 2210 2892 
f 2625 3921 4232 
f 3923 4232 3921 
f 4235 4234 4233 
f 4236 4233 4234 
f 4239 4238 4237 
f 4240 4237 4238 
f 4241 2090 1379 
f 1260 2734 2733 
f 3331 295 287 
f 303 287 295 
f 2788 3799 4242 
f 4243 4242 3799 
f 1205 1203 3897 
f 4244 3897 1203 
f 892 4245 3426 
f 4246 3426 4245 
f 1447 1448 3643 
f 3389 3643 1448 
f 1689 261 1618 
f 4249 4248 4247 
f 4250 4247 4248 
f 4253 4252 4251 
f 4226 4255 4254 
f 2739 4254 4255 
f 3749 1201 797 
f 2883 4075 2885 
f 1828 3086 1830 
f 801 2931 2935 
f 2884 2887 2886 
f 736 2886 2887 
f 2152 3873 4256 
f 4257 4256 3873 
f 4259 4258 4037 
f 3562 3357 1766 
f 4261 4260 3678 
f 4262 3678 4260 
f 1763 2049 3361 
f 4264 4263 889 
f 3450 889 4263 
f 2610 141 4265 
f 139 4265 141 
f 3891 1956 1954 
f 4268 4267 4266 
f 1465 4269 1462 
f 4270 1462 4269 
f 2901 653 651 
f 2349 2927 2348 
f 4271 2348 2927 
f 4274 4273 4272 
f 3604 4272 4273 
f 854 3565 860 
f 4276 4275 2662 
f 2680 2662 4275 
f 3862 4278 4277 
f 4279 4277 4278 
f 4282 4281 4280 
f 4283 3876 3875 
f 1734 4284 4071 
f 4285 4071 4284 
f 1443 2075 3822 
f 4288 4287 4286 
f 3538 4262 4289 
f 2880 4289 4262 
f 3824 4289 2880 
f 4291 2280 4290 
f 4292 4290 2280 
f 4132 4293 2992 
f 3848 2992 4293 
f 4294 1060 1063 
f 613 4295 2834 
f 4296 4247 33 
f 32 33 4247 
f 4120 4297 2853 
f 2855 2853 4297 
f 2849 3398 3401 
f 2765 2643 427 
f 4298 941 944 
f 4299 3884 2103 
f 4301 1377 4300 
f 1378 4300 1377 
f 4302 3699 3697 
f 3765 3766 3865 
f 954 3618 2293 
f 2295 2293 3618 
f 4305 4304 4303 
f 4306 4303 4304 
f 1600 2769 2839 
f 2386 2385 4307 
f 4308 4307 2385 
f 1927 888 4309 
f 948 4309 888 
f 4310 21 24 
f 4312 3415 4311 
f 3436 4311 3415 
f 4313 2728 3968 
f 4316 4315 4314 
f 4317 4314 4315 
f 2868 3018 2175 
f 1961 2175 3018 
f 3576 3018 2868 
f 1729 3800 2733 
f 2593 4319 4318 
f 4320 4318 4319 
f 4322 285 4321 
f 3435 4321 285 
f 2128 3305 3306 
f 1901 2013 1898 
f 4323 1898 2013 
f 4325 3707 4324 
f 4326 4324 3707 
f 2324 4328 4327 
f 4329 4327 4328 
f 4332 4331 4330 
f 4333 4330 4331 
f 2667 2075 3893 
f 3214 3213 4334 
f 4335 4334 3213 
f 4336 4038 4276 
f 4337 4276 4038 
f 4339 2326 4338 
f 4092 4338 2326 
f 4340 3593 3592 
f 3076 3592 3593 
f 1972 2337 1585 
f 4341 1486 1484 
f 2101 3627 3972 
f 3973 3972 3627 
f 3182 3346 3347 
f 2665 3455 4089 
f 4343 769 4342 
f 3836 4342 769 
f 1796 4345 4344 
f 1295 4344 4345 
f 4347 4144 4346 
f 4348 4346 4144 
f 4350 4349 3836 
f 4342 3836 4349 
f 4351 3013 3011 
f 2855 4353 4352 
f 4354 4352 4353 
f 4355 4025 4286 
f 2633 4286 4025 
f 4357 3467 4356 
f 3837 4356 3467 
f 4359 3859 4358 
f 4064 4358 3859 
f 2275 829 4360 
f 4361 4360 829 
f 3984 2752 3986 
f 2343 3986 2752 
f 4363 2677 4362 
f 4364 4362 2677 
f 4366 2040 4365 
f 4367 4365 2040 
f 2903 4207 4368 
f 733 4368 4207 
f 3473 1948 3656 
f 4369 2553 2581 
f 3961 3959 4370 
f 2448 4370 3959 
f 2667 3056 4371 
f 4372 4371 3056 
f 2819 4373 2818 
f 4374 2818 4373 
f 1849 4375 2573 
f 4376 2573 4375 
f 4377 1325 1323 
f 1407 4378 2097 
f 4379 2097 4378 
f 1505 4381 4380 
f 4382 4380 4381 
f 4385 4384 4383 
f 3814 4383 4384 
f 4388 4387 4386 
f 3474 4386 4387 
f 1274 4389 1273 
f 4390 1273 4389 
f 4392 3532 4391 
f 3447 4391 3532 
f 4393 4217 2899 
f 1698 4394 1700 
f 4395 1700 4394 
f 2981 4044 3384 
f 4396 3384 4044 
f 2685 2747 4397 
f 4398 4397 2747 
f 900 3124 1258 
f 1662 301 299 
f 4401 4400 4399 
f 4402 4399 4400 
f 4403 2555 2553 
f 4406 4405 4404 
f 4112 4404 4405 
f 3720 3821 4407 
f 3819 4407 3821 
f 4409 4408 2390 
f 3651 2390 4408 
f 2447 2754 2004 
f 162 4410 161 
f 3803 3051 4411 
f 3345 4411 3051 
f 2109 770 768 
f 1493 291 4412 
f 289 4412 291 
f 4414 4413 1625 
f 4415 1625 4413 
f 1861 3350 1858 
f 2359 1858 3350 
f 1538 1539 3530 
f 4417 1596 4416 
f 1597 4416 1596 
f 4419 3636 4418 
f 3639 4418 3636 
f 3357 2077 3559 
f 3789 3559 2077 
f 3922 4420 3687 
f 3686 3687 4420 
f 1275 4390 4421 
f 3247 4421 4390 
f 4423 3252 4422 
f 3250 4422 3252 
f 4424 3488 3517 
f 4425 3517 3488 
f 4427 4426 1237 
f 1234 1237 4426 
f 3547 4330 3548 
f 4428 3548 4330 
f 2372 3135 2374 
f 4429 4335 3213 
f 4430 4409 2390 
f 4431 1248 2027 
f 4432 1291 2993 
f 1289 2993 1291 
f 3428 3286 107 
f 1784 107 3286 
f 4433 3492 2919 
f 2984 2543 4434 
f 2544 4434 2543 
f 4436 2793 4435 
f 4437 4435 2793 
f 4438 2760 724 
f 726 724 2760 
f 4439 1678 810 
f 812 810 1678 
f 3427 3781 2950 
f 3783 2950 3781 
f 4352 2852 2855 
f 3628 4441 4440 
f 4442 4440 4441 
f 4401 4443 3229 
f 4444 3229 4443 
f 2431 2389 4445 
f 3777 4445 2389 
f 3205 4446 3206 
f 4447 3206 4446 
f 4448 591 590 
f 862 2962 2960 
f 3495 4450 4449 
f 4225 4449 4450 
f 4451 1980 2789 
f 4008 2789 1980 
f 4454 4453 4452 
f 4446 4452 4453 
f 4455 2745 2743 
f 3369 3368 3796 
f 4333 4331 4456 
f 4457 4456 4331 
f 3103 2269 1778 
f 3529 1778 2269 
f 1085 535 4458 
f 522 4458 535 
f 3104 2461 2462 
f 1143 1141 2548 
f 4157 4460 4459 
f 4461 4459 4460 
f 1972 1675 1676 
f 4462 1967 1968 
f 484 715 2363 
f 1458 662 4367 
f 4463 4367 662 
f 1387 3700 4464 
f 4465 4464 3700 
f 1736 4466 1735 
f 4467 1735 4466 
f 2607 4468 2606 
f 4469 3026 3029 
f 4471 4470 2271 
f 4472 2271 4470 
f 4141 4140 2294 
f 939 2294 4140 
f 3318 4474 4473 
f 4072 4473 4474 
f 1661 2730 4123 
f 3796 4123 3369 
f 2819 2818 2816 
f 2268 1937 1935 
f 920 4475 919 
f 4476 919 4475 
f 2076 2077 3357 
f 3816 2290 3815 
f 3330 3815 2290 
f 4323 2013 1865 
f 567 4439 3994 
f 811 3994 4439 
f 2787 3423 3722 
f 278 281 2738 
f 4477 2738 281 
f 2845 1943 1944 
f 4480 4479 4478 
f 4181 4482 4481 
f 4483 4481 4482 
f 4484 2712 1818 
f 4485 1818 2712 
f 4340 3066 3058 
f 1454 1442 3657 
f 4486 1653 1245 
f 1965 2743 1202 
f 1204 1202 2743 
f 4488 4487 3373 
f 3372 3373 4487 
f 2989 2527 4489 
f 2525 4489 2527 
f 830 4361 829 
f 2987 3045 4490 
f 4406 4490 3045 
f 2832 3651 3654 
f 2031 4165 175 
f 3396 175 4165 
f 3223 4165 2031 
f 3084 3086 3390 
f 3438 3390 3086 
f 4428 4330 4333 
f 4491 3043 2342 
f 4492 3385 1574 
f 4494 2137 4493 
f 1771 4493 2137 
f 1804 1802 1800 
f 2747 2685 2686 
f 4496 2506 4495 
f 2352 4495 2506 
f 4498 2639 4497 
f 2642 4497 2639 
f 4368 187 185 
f 4428 4333 4499 
f 4500 4499 4333 
f 3513 4502 4501 
f 4057 4501 4502 
f 4257 3873 2690 
f 3408 2690 3873 
f 4504 4503 3224 
f 964 3224 4503 
f 4505 2256 2381 
f 2258 2381 2256 
f 3187 3886 2797 
f 4506 3434 285 
f 3435 285 3434 
f 4507 1420 69 
f 1418 69 1420 
f 583 4508 580 
f 3285 580 4508 
f 662 660 4463 
f 4509 4463 660 
f 2850 2901 643 
f 651 643 2901 
f 3717 4510 3209 
f 4511 4120 1905 
f 4121 1905 4120 
f 4513 1949 4512 
f 4514 4512 1949 
f 4498 1723 1724 
f 411 2766 4515 
f 4223 4517 4516 
f 4518 4516 4517 
f 3940 4519 3941 
f 4520 3941 4519 
f 4288 4522 4521 
f 4523 4521 4522 
f 4526 4525 4524 
f 4161 4524 4525 
f 3466 4527 2255 
f 2253 2255 4527 
f 4528 4492 1575 
f 1574 1575 4492 
f 3371 3374 2819 
f 4529 2819 3374 
f 2145 3189 3296 
f 2052 1483 4530 
f 1486 4530 1483 
f 2755 2753 4531 
f 3164 4531 2753 
f 4532 1555 1558 
f 3568 2511 2638 
f 4534 4533 3979 
f 4535 3979 4533 
f 3303 3301 3751 
f 988 2777 985 
f 2775 985 2777 
f 4536 1883 3691 
f 4537 3691 1883 
f 4539 2528 4538 
f 3848 4538 2528 
f 4110 360 366 
f 364 366 360 
f 4540 2782 2686 
f 2473 2686 2782 
f 4543 4542 4541 
f 4544 4541 4542 
f 4546 4545 4102 
f 4547 4102 4545 
f 4548 2165 2240 
f 4551 4550 4549 
f 3349 4549 4550 
f 3449 4553 4552 
f 1501 4552 4553 
f 4554 2551 2550 
f 1822 1823 3005 
f 4555 3999 4451 
f 4556 4451 3999 
f 4558 4557 3062 
f 3064 3062 4557 
f 4561 4560 4559 
f 4562 4559 4560 
f 4563 1731 3073 
f 2547 2111 4564 
f 2109 4564 2111 
f 980 4566 4565 
f 971 4565 4566 
f 4517 2615 3039 
f 2211 728 729 
f 2008 4351 1566 
f 3476 1566 4351 
f 2776 210 213 
f 3832 3830 4567 
f 4568 4567 3830 
f 3235 4569 4401 
f 4073 4401 4569 
f 4571 3725 4570 
f 531 4570 3725 
f 3678 4262 3538 
f 4573 4572 3955 
f 4574 3955 4572 
f 3489 4425 3488 
f 2751 2345 2343 
f 1777 4576 4575 
f 4577 4575 4576 
f 4580 4579 4578 
f 893 2092 885 
f 3741 3594 4581 
f 1203 4581 3594 
f 4582 290 1572 
f 2933 3708 2934 
f 1582 4583 3194 
f 2726 3194 4583 
f 3267 4585 4584 
f 4586 4584 4585 
f 1606 1609 4507 
f 3957 4507 1609 
f 3256 3638 4419 
f 3636 4419 3638 
f 4587 3311 777 
f 3769 2180 2178 
f 3419 4527 186 
f 3727 186 4527 
f 4517 2180 4518 
f 3768 4518 2180 
f 3191 2388 2432 
f 4176 2468 4588 
f 2469 4588 2468 
f 4590 4589 1880 
f 4591 1880 4589 
f 1136 1137 3976 
f 372 373 725 
f 4592 1707 1705 
f 4593 4516 4518 
f 3846 4538 3848 
f 4594 118 623 
f 3858 2874 3857 
f 4595 3857 2874 
f 1373 2224 2222 
f 1488 1826 1490 
f 2484 2482 4596 
f 4597 4596 2482 
f 2456 1876 2943 
f 4598 2943 1876 
f 4599 2149 3774 
f 4601 3501 4600 
f 2891 4600 3501 
f 4603 4354 4602 
f 4604 4602 4354 
f 2305 2308 3938 
f 4507 3733 1606 
f 1840 1606 3733 
f 4606 2813 4605 
f 4607 4605 2813 
f 4185 2239 3055 
f 630 633 640 
f 1355 3129 3885 
f 1191 3885 3129 
f 3122 3770 1497 
f 3335 1497 3770 
f 3124 900 901 
f 4610 4609 4608 
f 4611 4608 4609 
f 1211 3276 3277 
f 3957 4613 4612 
f 1420 4612 4613 
f 4615 3070 4614 
f 3838 4614 3070 
f 3257 4616 3813 
f 3461 3813 4616 
f 2440 3169 4617 
f 4197 4619 4618 
f 4195 4618 4619 
f 4620 3531 1539 
f 4270 1867 1410 
f 3669 4621 1832 
f 3313 1832 4621 
f 3109 4622 725 
f 724 725 4622 
f 4052 4624 4623 
f 4625 4623 4624 
f 3833 4568 3830 
f 4627 4588 4626 
f 4628 4626 4588 
f 4629 4441 3032 
f 3628 3032 4441 
f 2147 4630 3774 
f 4631 3774 4630 
f 4633 4632 4084 
f 1121 4634 1119 
f 2529 1119 4634 
f 4593 3917 2561 
f 3988 1913 1914 
f 4637 4636 4635 
f 4638 4635 4636 
f 1661 1659 4110 
f 2119 4110 1659 
f 4639 2113 2114 
f 653 668 659 
f 2987 4490 2966 
f 3793 2966 4490 
f 4641 4640 4424 
f 4275 4337 3512 
f 4642 3512 4337 
f 4132 4131 1565 
f 3958 444 442 
f 1282 3155 3312 
f 2359 3350 2358 
f 3286 2358 3350 
f 1739 4643 4435 
f 1425 3296 1591 
f 4644 1591 3296 
f 4125 3375 3065 
f 2163 3065 3375 
f 3933 2517 2515 
f 2685 4397 2687 
f 2072 2687 4397 
f 3463 3464 3708 
f 3838 3070 3068 
f 4646 3761 4645 
f 3763 4645 3761 
f 1832 3313 1834 
f 1330 1834 3313 
f 3735 4647 1399 
f 3367 1399 4647 
f 3947 1095 1093 
f 713 899 715 
f 902 715 899 
f 1709 4272 3604 
f 4649 4648 2168 
f 2671 4118 4350 
f 2538 4350 4118 
f 626 4650 625 
f 4651 3910 3665 
f 2678 4652 1424 
f 3282 1424 4652 
f 4653 4012 4010 
f 4655 4654 4152 
f 4656 4152 4654 
f 4657 3282 4652 
f 215 837 217 
f 835 217 837 
f 4248 4647 3735 
f 4301 1379 1377 
f 1147 189 190 
f 4660 4659 4658 
f 2955 4658 4659 
f 4254 3108 3664 
f 4661 3664 3108 
f 4662 1619 1617 
f 4664 3589 4663 
f 4665 4663 3589 
f 2875 1619 4666 
f 4662 4666 1619 
f 2699 1619 2875 
f 1616 2657 1546 
f 4302 4668 4667 
f 2492 4667 4668 
f 3366 4669 4647 
f 3367 4647 4669 
f 1006 4670 1005 
f 1007 1005 4670 
f 4672 891 4671 
f 4200 4671 891 
f 3699 4302 4667 
f 4673 2252 438 
f 4674 3878 4055 
f 4676 3689 4675 
f 4677 4675 3689 
f 3015 2360 3428 
f 3286 3428 2360 
f 3222 3221 4678 
f 2386 4678 3221 
f 4679 2890 1757 
f 1626 1757 2890 
f 827 832 2945 
f 3327 3494 3497 
f 4309 948 946 
f 4681 1844 4680 
f 2523 4680 1844 
f 3200 4682 3075 
f 4683 3075 4682 
f 4686 4685 4684 
f 1335 4684 4685 
f 4324 4055 4687 
f 4688 4687 4055 
f 2154 3382 3872 
f 3395 3872 3382 
f 4689 3930 4285 
f 3933 4285 3930 
f 4692 4691 4690 
f 4693 4599 3774 
f 3891 4279 3478 
f 4278 3478 4279 
f 237 2724 4096 
f 4696 4695 4694 
f 4697 4694 4695 
f 4698 2641 2639 
f 4700 4699 720 
f 4701 720 4699 
f 3339 4083 3397 
f 2267 3397 4083 
f 2938 2046 816 
f 817 816 2046 
f 4534 4638 4636 
f 3150 2747 2472 
f 1518 1528 1852 
f 4702 3912 4579 
f 4578 4579 3912 
f 4703 3729 3585 
f 3696 4705 4704 
f 1762 4706 1761 
f 1471 1761 4706 
f 1186 1184 4707 
f 3052 4707 1184 
f 4709 1333 4708 
f 4710 4708 1333 
f 2943 4598 4711 
f 4712 4711 4598 
f 2804 4713 3679 
f 4714 3679 4713 
f 3162 1155 1153 
f 2407 2564 4361 
f 4360 4361 2564 
f 4716 3552 4715 
f 1502 4715 3552 
f 4719 4718 4717 
f 2279 4717 4718 
f 2247 2245 3623 
f 4722 4721 4720 
f 4723 4720 4721 
f 4348 2466 2171 
f 1473 3731 3732 
f 3540 4724 3542 
f 3299 3542 4724 
f 3618 965 973 
f 2143 973 965 
f 1899 1900 4528 
f 4492 4528 1900 
f 4726 4725 4723 
f 4141 4723 4725 
f 4727 2000 3483 
f 3484 3483 2000 
f 4728 3691 4537 
f 2356 1860 4078 
f 2776 4729 210 
f 197 210 4729 
f 2023 2884 3874 
f 2885 3874 2884 
f 2498 4731 4730 
f 4732 4730 4731 
f 4734 3238 4733 
f 1794 4733 3238 
f 2711 2455 2713 
f 1446 1803 3418 
f 1801 3418 1803 
f 2777 1145 4729 
f 1146 4729 1145 
f 3432 2910 2908 
f 4736 4735 3772 
f 4737 3772 4735 
f 4738 1874 3576 
f 991 3576 1874 
f 4739 3265 3681 
f 3683 3681 3265 
f 4740 3304 3307 
f 4741 4316 4314 
f 4742 2867 2868 
f 2902 2903 3466 
f 2488 3867 3868 
f 4601 2296 3982 
f 2298 3982 2296 
f 2775 3284 2135 
f 3543 4743 3540 
f 4724 3540 4743 
f 785 786 2129 
f 1988 1987 3553 
f 2990 3553 1987 
f 3874 2022 2023 
f 2403 3103 2462 
f 3104 2462 3103 
f 3919 914 4142 
f 4744 4142 914 
f 476 1168 4209 
f 1171 4209 1168 
f 4745 933 922 
f 934 922 933 
f 4746 2377 2375 
f 2167 3970 4747 
f 3971 4747 3970 
f 3508 4749 4748 
f 930 4748 4749 
f 3693 4750 3990 
f 1290 3990 4750 
f 3188 4751 4217 
f 2898 4217 4751 
f 4511 4604 4353 
f 4354 4353 4604 
f 1795 4752 3712 
f 3713 3712 4752 
f 3487 4639 4753 
f 4754 4753 4639 
f 4755 4433 3749 
f 1201 3749 4433 
f 4756 1498 1496 
f 3042 3642 3041 
f 2339 3041 3642 
f 4227 4449 4225 
f 4757 3471 3472 
f 1258 1217 1215 
f 4758 4054 1886 
f 2531 4038 4336 
f 4760 4759 2400 
f 2399 2400 4759 
f 4763 4762 4761 
f 4555 3819 3966 
f 3820 3966 3819 
f 2925 4764 4068 
f 4070 4068 4764 
f 1596 4306 4304 
f 2876 4766 4765 
f 4767 4765 4766 
f 4042 4768 2471 
f 4769 2471 4768 
f 4745 922 4231 
f 923 4231 922 
f 4771 4770 3863 
f 3506 3863 4770 
f 4772 2480 1472 
f 2541 4113 1297 
f 1296 1297 4113 
f 4726 4773 3925 
f 3927 3925 4773 
f 4775 4774 1691 
f 4776 1691 4774 
f 2911 2909 4777 
f 3431 4777 2909 
f 1605 1603 1147 
f 4780 4779 4778 
f 1839 4778 4779 
f 1929 3629 1151 
f 1369 4781 1037 
f 1039 1037 4781 
f 4784 4783 4782 
f 4785 4782 4783 
f 2777 4729 2776 
f 2596 3855 4786 
f 3025 4786 3855 
f 4572 4787 4574 
f 4558 4574 4787 
f 758 761 3510 
f 1562 3510 761 
f 4790 4789 4788 
f 4418 4788 4789 
f 4791 4046 3632 
f 4792 3632 4046 
f 1984 2414 3160 
f 4128 4793 3734 
f 4662 3734 4793 
f 3679 2806 2804 
f 3787 3786 2673 
f 4794 2673 3786 
f 289 4582 988 
f 2777 988 4582 
f 4678 2386 4795 
f 3592 4795 2386 
f 2774 4796 2552 
f 2550 2552 4796 
f 1535 4524 1534 
f 4161 1534 4524 
f 3269 4797 1332 
f 1334 1332 4797 
f 2560 4798 2559 
f 4223 2559 4798 
f 1666 1419 1420 
f 1502 4344 1298 
f 1295 1298 4344 
f 4098 2742 2740 
f 16 1668 1397 
f 4800 3868 4799 
f 3866 4799 3868 
f 4057 3701 4801 
f 1368 4801 3701 
f 2856 4802 1793 
f 1795 1793 4802 
f 2670 1590 2957 
f 3603 2957 1590 
f 3370 390 391 
f 1711 4804 4803 
f 2406 4803 4804 
f 4805 3362 4153 
f 3898 4782 3606 
f 4785 3606 4782 
f 1475 3890 1474 
f 1955 1474 3890 
f 184 187 4548 
f 2165 4548 187 
f 4039 1815 4041 
f 4808 4807 4806 
f 1213 4806 4807 
f 2001 3083 3347 
f 1313 3347 3083 
f 865 861 2479 
f 4111 4809 1383 
f 4810 1383 4809 
f 2594 4319 2593 
f 335 2119 2320 
f 4218 4152 4656 
f 4813 4812 4811 
f 4814 4811 4812 
f 4815 4017 4018 
f 2051 1565 2283 
f 1563 2283 1565 
f 4149 4150 4816 
f 4817 4816 4150 
f 3905 3907 4818 
f 3003 4818 3907 
f 3939 719 720 
f 4819 2709 1693 
f 4185 2238 2239 
f 1946 13 3163 
f 14 3163 13 
f 3262 4086 3261 
f 4087 3261 4086 
f 1920 4820 3330 
f 2353 3330 4820 
f 4638 4821 4635 
f 2970 4635 4821 
f 4822 2572 4376 
f 2573 4376 2572 
f 4824 4823 1797 
f 1798 1797 4823 
f 4807 2905 2906 
f 2390 3651 4825 
f 2833 4825 3651 
f 4277 4826 2588 
f 1475 2588 4826 
f 4232 3688 2623 
f 4827 2623 3688 
f 3842 2348 4271 
f 3029 3027 1432 
f 1934 1432 3027 
f 2428 4243 4828 
f 4829 4828 4243 
f 4830 1890 4230 
f 4831 1470 1471 
f 4834 4833 4832 
f 3379 4832 4833 
f 2080 4835 2443 
f 4836 2443 4835 
f 4837 4135 2758 
f 2188 4464 4838 
f 4642 4838 4464 
f 3663 4226 4254 
f 1169 474 709 
f 660 4062 4509 
f 310 4509 4062 
f 1897 4747 4839 
f 4840 4839 4747 
f 4841 4596 4597 
f 2388 4430 2390 
f 2436 4842 1510 
f 2062 1510 4842 
f 281 4836 4835 
f 901 1946 3163 
f 4843 4636 4637 
f 4845 4844 3266 
f 4846 3266 4844 
f 143 4848 4847 
f 553 4847 4848 
f 4661 4701 4849 
f 4850 4849 4701 
f 529 539 540 
f 2678 1608 4657 
f 1606 4657 1608 
f 4851 2042 3486 
f 4426 4056 4852 
f 3033 4852 4056 
f 4854 4853 1463 
f 1465 1463 4853 
f 4726 3544 4725 
f 3545 4725 3544 
f 4054 1694 3257 
f 1692 3257 1694 
f 4244 4048 523 
f 525 523 4048 
f 655 4590 1880 
f 2518 4466 4071 
f 1736 4071 4466 
f 2799 3886 4512 
f 4513 4512 3886 
f 4396 4044 2929 
f 4042 2929 4044 
f 2003 3179 3180 
f 1418 65 69 
f 3788 4108 1829 
f 4856 4480 4855 
f 1308 4855 4480 
f 3758 4730 4857 
f 4732 4857 4730 
f 229 710 712 
f 4186 4454 4452 
f 4859 620 4858 
f 1529 4858 620 
f 3487 2042 4366 
f 2040 4366 2042 
f 4860 519 522 
f 4861 2244 3166 
f 4862 3166 2244 
f 4865 4864 4863 
f 4866 4863 4864 
f 4868 4867 4162 
f 4107 4162 4867 
f 3011 4869 4351 
f 3476 4351 4869 
f 2426 3666 3633 
f 1384 1387 4870 
f 4871 4870 1387 
f 2928 4872 2925 
f 4873 2925 4872 
f 2285 2642 2640 
f 4227 3742 4874 
f 3741 4874 3742 
f 4025 2300 2633 
f 2632 2633 2300 
f 438 439 4875 
f 4877 3207 4876 
f 4510 4876 3207 
f 3554 4878 3641 
f 3640 3641 4878 
f 4879 551 2303 
f 2024 2022 2253 
f 3891 4869 4880 
f 3011 4880 4869 
f 2735 2738 3993 
f 4802 4881 1795 
f 4752 1795 4881 
f 4008 1980 1978 
f 4381 4093 4382 
f 4882 4382 4093 
f 3542 2117 3539 
f 4884 1715 4883 
f 1713 4883 1715 
f 4887 4886 4885 
f 4888 4885 4886 
f 2332 4889 3549 
f 4504 3549 4889 
f 1201 2014 2930 
f 4890 3179 2003 
f 4893 4892 4891 
f 4886 4891 4892 
f 4894 3989 3990 
f 4655 4895 2721 
f 2720 2721 4895 
f 4898 4897 4896 
f 4899 4896 4897 
f 2145 3282 4657 
f 4900 4472 4470 
f 3601 4810 4901 
f 4902 4901 4810 
f 2725 943 4903 
f 941 4903 943 
f 4904 387 2402 
f 4399 1464 4443 
f 4905 4443 1464 
f 74 77 1478 
f 3272 4062 663 
f 660 663 4062 
f 4185 3418 3417 
f 4908 4907 4906 
f 4909 4906 4907 
f 4910 2451 3464 
f 2449 3464 2451 
f 4912 4437 4911 
f 2794 4911 4437 
f 988 986 3408 
f 1811 1787 1785 
f 2221 1636 1634 
f 3365 4913 4655 
f 4895 4655 4913 
f 376 3357 3559 
f 1097 1101 1099 
f 4914 1478 3245 
f 3648 2164 3650 
f 4915 3650 2164 
f 2981 3384 3386 
f 1902 1905 4121 
f 2386 4307 4340 
f 3066 4340 4307 
f 353 4916 2847 
f 1514 2847 4916 
f 2668 3469 3468 
f 3444 4917 3443 
f 1756 3443 4917 
f 4919 4918 2796 
f 4920 2796 4918 
f 1898 4921 3386 
f 2983 3386 4921 
f 4924 4923 4922 
f 4925 4922 4923 
f 4927 4926 4141 
f 4723 4141 4926 
f 3364 1941 3363 
f 4892 4476 4475 
f 3753 4928 2114 
f 4754 2114 4928 
f 1884 3128 4929 
f 2881 4929 3128 
f 2076 3357 3562 
f 4932 4931 4930 
f 4414 4930 4931 
f 4933 1737 4467 
f 1735 4467 1737 
f 2017 4934 2754 
f 3345 2754 4934 
f 4936 4935 2023 
f 2888 2023 4935 
f 4536 2964 2965 
f 2286 4178 4933 
f 1737 4933 4178 
f 3593 4340 3058 
f 4938 4937 3537 
f 1637 2592 2257 
f 3452 2429 3454 
f 2430 3454 2429 
f 1236 1255 1982 
f 1253 1982 1255 
f 4050 4624 4052 
f 4940 3917 4939 
f 4593 4939 3917 
f 2543 4167 2174 
f 300 2174 4167 
f 3480 3482 4941 
f 4942 4941 3482 
f 170 4105 4106 
f 646 4943 644 
f 3437 3481 525 
f 4944 525 3481 
f 3180 1339 2414 
f 1337 2414 1339 
f 4414 2890 4679 
f 2785 2471 2473 
f 1657 4198 2732 
f 4945 2732 4198 
f 1300 4947 4946 
f 2585 4946 4947 
f 4948 4052 4623 
f 4949 2881 2882 
f 4950 2013 1901 
f 4951 2021 2024 
f 4952 4366 4365 
f 1408 4953 1405 
f 4954 1405 4953 
f 2548 2328 4955 
f 2329 4955 2328 
f 678 3426 2487 
f 4956 2487 3426 
f 3891 3478 4869 
f 3476 4869 3478 
f 4958 4957 2594 
f 4781 4484 1818 
f 2025 1529 118 
f 4959 4463 308 
f 4509 308 4463 
f 4569 3235 3047 
f 2743 2746 4960 
f 4581 4960 2746 
f 2830 785 2129 
f 4874 3741 4581 
f 4126 3063 3064 
f 1007 1813 1538 
f 4676 4961 3690 
f 1061 3690 4961 
f 4773 4723 4721 
f 2893 2892 739 
f 729 739 2892 
f 4964 4963 4962 
f 4965 4962 4963 
f 3519 2613 2614 
f 3560 1782 4966 
f 1780 4966 1782 
f 4703 3585 3652 
f 3654 3652 3585 
f 3765 3759 3251 
f 3785 3251 3759 
f 3339 3397 3341 
f 3522 3341 3397 
f 961 2121 968 
f 2152 4256 4257 
f 3577 3066 4307 
f 2353 2351 4967 
f 3412 4967 2351 
f 4158 3090 4968 
f 3088 4968 3090 
f 4969 885 876 
f 4971 4970 2871 
f 3210 516 518 
f 4804 1711 4972 
f 3054 4972 1711 
f 4006 1656 4007 
f 3067 4007 1656 
f 2244 3019 4862 
f 3022 4862 3019 
f 4522 2633 3829 
f 2631 3829 2633 
f 1078 1067 1077 
f 3263 3266 4846 
f 4894 3990 4973 
f 4974 4973 3990 
f 4976 4975 4762 
f 4761 4762 4975 
f 4676 3715 3714 
f 4977 2457 2458 
f 4266 4978 2630 
f 2627 2630 4978 
f 4979 2212 2210 
f 4981 4980 1621 
f 1907 1621 4980 
f 4915 2164 2166 
f 4082 4633 4084 
f 4983 3442 4982 
f 4147 4982 3442 
f 4984 4196 4197 
f 2631 2920 4985 
f 4986 4985 2920 
f 3218 2159 2160 
f 4987 569 3994 
f 3911 3300 476 
f 3042 2032 2035 
f 3251 3249 3765 
f 3902 2755 4531 
f 1185 1183 3312 
f 3156 3312 1183 
f 2768 4722 3780 
f 4926 3780 4722 
f 4988 1471 4706 
f 4561 4559 2483 
f 4190 2483 4559 
f 4990 4989 4487 
f 4991 4487 4989 
f 3240 4224 3242 
f 1731 1732 2110 
f 4992 4693 3774 
f 3431 4993 4777 
f 4994 4777 4993 
f 2321 828 3766 
f 4926 224 3780 
f 4995 4583 1582 
f 3788 4996 4108 
f 4109 4108 4996 
f 901 899 3856 
f 3337 3856 899 
f 4997 1777 1778 
f 4614 4998 4615 
f 4999 4615 4998 
f 2719 2722 5000 
f 4550 5000 2722 
f 5001 341 3028 
f 3773 5002 4471 
f 3280 4471 5002 
f 5003 1623 1906 
f 2864 2162 3343 
f 3573 3343 3375 
f 5005 3650 5004 
f 5006 5004 3650 
f 2051 2283 1485 
f 5007 4385 120 
f 4383 120 4385 
f 876 2480 4772 
f 4532 5008 2284 
f 5009 2284 5008 
f 680 4499 4500 
f 4894 4916 351 
f 353 351 4916 
f 4357 2502 2562 
f 2394 4391 3447 
f 831 3765 3865 
f 3109 4080 4622 
f 4438 4622 4080 
f 2791 2336 2338 
f 3736 31 34 
f 2806 5010 4158 
f 5011 4158 5010 
f 4960 4581 1203 
f 1745 1389 5012 
f 1390 5012 1389 
f 4341 4628 5013 
f 2469 5013 4628 
f 3344 423 780 
f 5014 780 423 
f 5015 4949 4260 
f 2882 4260 4949 
f 4353 2855 4297 
f 4511 4353 4297 
f 5016 3111 4420 
f 3112 4420 3111 
f 5018 3779 5017 
f 2215 5017 3779 
f 3091 2243 3746 
f 2234 3746 2243 
f 3332 3335 4135 
f 5019 4170 4900 
f 5020 4900 4170 
f 4742 1022 3037 
f 5023 5022 5021 
f 3710 5021 5022 
f 3481 3480 1746 
f 1231 1746 3480 
f 1496 3333 4246 
f 5024 4246 3333 
f 4597 4188 2802 
f 1075 2802 4188 
f 3593 3058 3059 
f 1810 5025 1807 
f 1580 1807 5025 
f 3128 2946 2881 
f 2452 2881 2946 
f 215 1038 1036 
f 4266 5026 4978 
f 4072 3320 4473 
f 3318 4473 3320 
f 3963 3965 3195 
f 2097 3195 3965 
f 5027 3994 811 
f 905 3920 3545 
f 3019 3851 3021 
f 2837 3021 3851 
f 1787 3857 1786 
f 4595 1786 3857 
f 4847 2664 143 
f 3309 2779 3284 
f 351 3989 4894 
f 4334 4919 2795 
f 2796 2795 4919 
f 3321 2781 2779 
f 3099 3995 2879 
f 1928 2879 3995 
f 5029 5028 2998 
f 2424 2998 5028 
f 464 465 2786 
f 5031 5030 1610 
f 5032 4348 2171 
f 5033 2397 3157 
f 1661 2731 2730 
f 5035 5034 4551 
f 5000 4551 5034 
f 3094 3097 5036 
f 5037 5036 3097 
f 2425 1408 1406 
f 5038 4311 2157 
f 2160 2157 4311 
f 4739 3264 3265 
f 4628 4588 2469 
f 1846 1138 1755 
f 1136 1755 1138 
f 3567 5039 3413 
f 3436 3413 5039 
f 2756 5041 5040 
f 4988 5040 5041 
f 86 84 88 
f 2749 4817 3557 
f 3069 3557 4817 
f 5042 1613 1120 
f 3253 1120 1613 
f 4127 4046 530 
f 1159 1155 3162 
f 5043 2354 2356 
f 4236 4234 3279 
f 4981 3279 4234 
f 3064 3354 4126 
f 3573 4126 3354 
f 3437 1828 1831 
f 4023 5044 4883 
f 4884 4883 5044 
f 5045 2294 2295 
f 5048 5047 5046 
f 5049 5046 5047 
f 5050 4129 3802 
f 5053 5052 5051 
f 5054 5051 5052 
f 2241 2244 4861 
f 1972 1970 2337 
f 5057 5056 5055 
f 3520 3138 4828 
f 2028 4828 3138 
f 2196 3564 2612 
f 3136 2612 3564 
f 5059 5058 5037 
f 3584 2974 3220 
f 549 2601 2796 
f 4830 3199 5060 
f 5061 5060 3199 
f 1403 2934 2450 
f 2449 2450 2934 
f 1958 1767 3119 
f 1769 3119 1767 
f 5062 2878 3048 
f 2877 3048 2878 
f 4635 2970 5063 
f 2971 5063 2970 
f 5064 3315 3316 
f 3044 4405 4406 
f 2267 4083 4084 
f 4696 4151 4695 
f 289 988 3408 
f 5067 5066 5065 
f 4154 5065 5066 
f 4085 5069 5068 
f 4389 1274 2104 
f 2101 3624 3627 
f 4377 5070 2579 
f 3494 2579 5070 
f 5071 2787 2790 
f 4443 4401 4399 
f 3509 3082 1805 
f 1077 1805 3082 
f 2112 183 181 
f 3099 2879 3100 
f 3105 3100 2879 
f 3508 4563 4749 
f 2034 4749 4563 
f 2321 3766 5072 
f 3764 5072 3766 
f 3578 2073 2867 
f 5073 3658 1884 
f 3632 1128 1129 
f 5075 5074 3907 
f 2025 3907 5074 
f 5077 1924 5076 
f 3407 5076 1924 
f 2714 2715 5078 
f 2182 5078 2715 
f 5079 4219 4218 
f 5080 5012 3934 
f 1642 3934 5012 
f 5081 1384 4871 
f 4870 4871 1384 
f 301 5082 115 
f 5083 115 5082 
f 4634 2531 2529 
f 3083 2001 2004 
f 1269 1272 2453 
f 2338 471 2791 
f 4726 4723 4773 
f 5085 2629 5084 
f 4079 5084 2629 
f 3701 2860 1368 
f 1838 1836 5086 
f 5087 5086 1836 
f 1787 4064 3859 
f 1728 4945 1760 
f 1762 1760 4945 
f 3121 2834 2845 
f 1795 3712 3353 
f 1499 3353 3712 
f 5089 4200 5088 
f 679 5088 4200 
f 2957 2955 2670 
f 2669 2670 2955 
f 1469 1761 1471 
f 1688 2552 1685 
f 3649 5005 5090 
f 5004 5090 5005 
f 2443 4836 2442 
f 3547 2442 4836 
f 4748 930 3477 
f 2983 4921 3967 
f 4323 3967 4921 
f 1432 5091 1431 
f 1932 1431 5091 
f 2539 5092 2541 
f 4113 2541 5092 
f 3646 3607 3644 
f 5093 3644 3607 
f 5094 2544 2542 
f 3711 3577 4307 
f 2697 5095 2696 
f 2778 2696 5095 
f 3208 5096 857 
f 2898 3131 2900 
f 3437 1831 3481 
f 2882 2880 4262 
f 1873 3202 1824 
f 4178 1824 3202 
f 4204 5098 5097 
f 5099 5097 5098 
f 1537 3908 5100 
f 3909 5100 3908 
f 1383 4810 3601 
f 3595 4168 3596 
f 1037 1038 5101 
f 216 5101 1038 
f 5102 3000 3175 
f 4183 3168 4182 
f 3022 4182 3168 
f 2457 5104 5103 
f 5106 2061 5105 
f 2437 5105 2061 
f 5098 5107 2241 
f 2243 2241 5107 
f 3149 2679 3077 
f 5110 5109 5108 
f 5111 5108 5109 
f 4038 2188 4838 
f 5112 4386 3474 
f 1630 5114 5113 
f 1629 5113 5114 
f 2513 5115 3812 
f 4370 3812 5115 
f 2173 2171 5116 
f 2464 5116 2171 
f 4066 5117 4171 
f 5120 5119 5118 
f 4144 5118 5119 
f 2327 4086 3262 
f 4929 2881 4949 
f 1426 5089 3336 
f 4117 3336 5089 
f 5122 3377 5121 
f 5123 5121 3377 
f 1695 297 3061 
f 888 1925 887 
f 517 5124 443 
f 1911 443 5124 
f 2900 1933 1931 
f 1072 1070 3066 
f 2043 1455 1458 
f 235 236 5125 
f 2649 5125 236 
f 3714 4961 4676 
f 223 2471 5126 
f 4769 5126 2471 
f 2669 2955 4659 
f 3674 3984 5008 
f 3985 5008 3984 
f 3522 3397 3705 
f 1940 3705 3397 
f 3902 3083 2755 
f 253 254 3801 
f 432 3801 254 
f 5127 2348 3842 
f 4003 5128 5082 
f 5129 5082 5128 
f 5130 3669 3634 
f 1088 3634 3669 
f 5131 2993 1658 
f 3518 3520 4829 
f 4828 4829 3520 
f 3272 4063 4062 
f 1727 5132 2012 
f 4572 4573 4560 
f 4363 4560 4573 
f 1710 1708 5133 
f 3095 5133 1708 
f 5135 5134 2704 
f 4795 2704 5134 
f 114 5129 2908 
f 3432 2908 5129 
f 3660 4251 3662 
f 2123 3662 4251 
f 2581 2947 3784 
f 2089 2249 2091 
f 2628 4171 2630 
f 3258 5137 5136 
f 5138 5136 5137 
f 1587 2670 2668 
f 1783 2626 5139 
f 5140 5139 2626 
f 3040 929 930 
f 3472 3470 3637 
f 5141 3637 3470 
f 4828 5142 2430 
f 1256 2430 5142 
f 2352 2350 4820 
f 2353 4820 2350 
f 5144 2784 5143 
f 2782 5143 2784 
f 3454 1254 4710 
f 1255 4710 1254 
f 2098 3187 5145 
f 2797 5145 3187 
f 870 2976 2974 
f 3345 3633 2753 
f 4364 2677 5146 
f 2676 5146 2677 
f 2595 555 556 
f 2706 111 109 
f 4311 3436 2160 
f 5039 2160 3436 
f 1489 3763 1491 
f 5147 1491 3763 
f 2676 5148 2558 
f 126 2558 5148 
f 237 5043 942 
f 944 942 5043 
f 2822 2823 3798 
f 2503 3798 2823 
f 1848 2437 2436 
f 5149 2183 2181 
f 3190 1315 3902 
f 5152 5151 5150 
f 5153 5150 5151 
f 1059 3458 666 
f 665 666 3458 
f 1802 4951 1799 
f 5154 1799 4951 
f 2591 4277 2588 
f 4060 5155 4059 
f 3380 4596 4841 
f 4498 4497 1723 
f 3456 1723 4497 
f 3953 5135 2704 
f 5157 5156 3940 
f 4519 3940 5156 
f 3153 1198 2315 
f 1196 2315 1198 
f 5158 3441 2194 
f 2193 2194 3441 
f 3248 3616 3617 
f 2790 2788 5159 
f 4242 5159 2788 
f 5160 4601 3081 
f 4600 3081 4601 
f 2784 4396 2929 
f 2641 1823 1821 
f 3343 3342 2864 
f 1853 2864 3342 
f 1408 2424 4953 
f 5161 4953 2424 
f 2258 2383 2381 
f 3295 2658 5162 
f 2659 5162 2658 
f 5165 5164 5163 
f 4137 5163 5164 
f 2335 862 2960 
f 5166 1843 1844 
f 4074 5168 5167 
f 2600 5167 5168 
f 1712 5169 3974 
f 3976 3974 5169 
f 1649 2154 1646 
f 2498 2496 4128 
f 1335 5170 4684 
f 5171 4684 5170 
f 2935 2936 805 
f 3281 1622 5172 
f 1620 5172 1622 
f 5175 5174 5173 
f 5176 5173 5174 
f 4507 5177 3733 
f 162 3733 5177 
f 230 232 5178 
f 785 2830 2580 
f 1916 5140 2626 
f 5148 2678 1424 
f 4217 3185 3188 
f 3544 3675 2978 
f 3538 2978 3675 
f 2489 2492 4668 
f 1945 1948 3473 
f 3305 2737 2060 
f 3993 2060 2737 
f 4419 3258 3256 
f 2967 5179 280 
f 279 280 5179 
f 4844 5180 284 
f 2971 284 5180 
f 2153 2152 4257 
f 2094 5182 5181 
f 4809 5181 5182 
f 5183 4547 4545 
f 4208 627 625 
f 5184 4898 4002 
f 5185 4002 4898 
f 5186 2261 2259 
f 4002 5185 4003 
f 5187 4003 5185 
f 3241 1645 1056 
f 1058 1056 1645 
f 2645 95 93 
f 1263 15 1265 
f 4181 4481 4032 
f 5138 4032 4481 
f 726 5188 4931 
f 4413 4931 5188 
f 2404 3212 1908 
f 1910 1908 3212 
f 4477 2062 2738 
f 3163 14 1187 
f 1510 1848 2436 
f 5189 3892 4743 
f 4724 4743 3892 
f 3274 4950 1901 
f 2430 2429 2427 
f 2286 2287 4178 
f 3665 2487 4956 
f 3736 4250 3735 
f 4248 3735 4250 
f 217 3718 5190 
f 5191 5190 3718 
f 4378 1407 4608 
f 1405 4608 1407 
f 3133 3134 5192 
f 4506 5192 3134 
f 2971 2969 5192 
f 5193 5192 2969 
f 2874 5194 2871 
f 5195 2843 2841 
f 4483 2134 4481 
f 5136 4481 2134 
f 1507 4380 5196 
f 3373 5196 4380 
f 5197 4533 4534 
f 5198 3006 4498 
f 2639 4498 3006 
f 835 838 3719 
f 1573 3719 838 
f 3969 4157 3971 
f 4459 3971 4157 
f 4915 734 5199 
f 732 5199 734 
f 1368 1371 4801 
f 5101 4801 1371 
f 4790 1174 5200 
f 5201 5200 1174 
f 1210 1208 1914 
f 3052 1185 4621 
f 3312 4621 1185 
f 3967 300 4167 
f 3293 1172 1175 
f 1523 3348 1354 
f 1825 1354 3348 
f 4130 2645 2643 
f 3034 4070 3033 
f 5202 3033 4070 
f 3762 5203 3763 
f 5204 3763 5203 
f 5205 1535 5111 
f 5108 5111 1535 
f 5207 3820 5206 
f 3818 5206 3820 
f 5209 4514 5208 
f 1949 5208 4514 
f 4139 1475 3732 
f 1171 1169 5065 
f 709 5065 1169 
f 5212 5211 5210 
f 2465 4430 3192 
f 3191 3192 4430 
f 5214 1302 5213 
f 4946 5213 1302 
f 5216 3581 5215 
f 3582 5215 3581 
f 5217 2852 3269 
f 3862 3506 3507 
f 2495 1833 2494 
f 3328 2055 2058 
f 4134 4834 5218 
f 4832 5218 4834 
f 4973 1291 4193 
f 4432 4193 1291 
f 1091 1079 3082 
f 3185 4217 4513 
f 1951 4513 4217 
f 5073 3909 3658 
f 4643 4436 4435 
f 3699 5219 4211 
f 4096 4211 5219 
f 3602 3053 3054 
f 5072 3948 4163 
f 4164 4163 3948 
f 4997 3529 3527 
f 2899 2897 4393 
f 2311 4393 2897 
f 5221 5220 4693 
f 4599 4693 5220 
f 2984 2982 2983 
f 5042 2593 4318 
f 5222 2774 1026 
f 5174 4999 5176 
f 4998 5176 4999 
f 4338 1505 1506 
f 5224 1792 5223 
f 1795 5223 1792 
f 4424 3517 2281 
f 3516 2281 3517 
f 386 3773 388 
f 2270 388 3773 
f 5225 3603 3604 
f 4056 4427 1237 
f 3804 2540 5226 
f 2671 5226 2540 
f 915 4744 914 
f 5228 5227 4912 
f 2600 4074 5167 
f 1552 1554 1852 
f 1863 2574 3704 
f 5229 3704 2574 
f 1538 1577 1540 
f 4755 1540 1577 
f 5230 721 719 
f 5233 5232 5231 
f 5234 5231 5232 
f 3876 5236 5235 
f 1947 5235 5236 
f 4050 1877 1875 
f 4624 4050 4625 
f 1875 4625 4050 
f 1451 1803 1444 
f 1446 1444 1803 
f 4744 2068 4142 
f 4161 5237 3099 
f 3995 3099 5237 
f 5238 2933 1690 
f 4948 4623 5239 
f 5240 5239 4623 
f 1435 1436 25 
f 1667 25 1436 
f 5241 3961 4370 
f 3077 4646 3149 
f 4645 3149 4646 
f 5242 2585 4947 
f 3490 3488 4640 
f 4424 4640 3488 
f 4156 3844 5243 
f 4460 5243 3844 
f 3999 3997 5244 
f 2537 5244 3997 
f 5232 5168 5234 
f 4074 5234 5168 
f 1711 3602 3054 
f 3966 2461 3104 
f 529 534 539 
f 4210 4980 4234 
f 4981 4234 4980 
f 5245 1788 1862 
f 1864 1862 1788 
f 3850 5246 3849 
f 5247 3849 5246 
f 3831 4103 4101 
f 3324 266 272 
f 269 272 266 
f 4275 3512 3514 
f 4548 2240 2238 
f 3694 4750 3693 
f 1887 5248 4758 
f 1694 4758 5248 
f 3988 1914 3995 
f 5249 2349 2307 
f 5251 5250 3535 
f 2625 2624 1725 
f 3722 3720 4407 
f 5070 5252 4827 
f 4377 4827 5252 
f 5253 2876 4765 
f 1939 3364 3072 
f 4805 3072 3364 
f 5254 387 4442 
f 4440 4442 387 
f 5255 583 3839 
f 3442 3320 3439 
f 2193 3439 3320 
f 1947 5256 1946 
f 1448 1946 5256 
f 2182 3000 5078 
f 2999 5078 3000 
f 2773 4112 4405 
f 482 715 484 
f 2075 1443 3416 
f 1446 3416 1443 
f 4127 3724 4792 
f 1648 4792 3724 
f 120 4383 1873 
f 3202 1873 4383 
f 4065 2628 1309 
f 2629 1309 2628 
f 2904 4466 2518 
f 5077 1926 1924 
f 3695 3989 351 
f 1818 1039 4781 
f 1226 1476 4387 
f 1474 4387 1476 
f 278 2736 787 
f 784 787 2736 
f 3247 3616 3248 
f 2335 2881 2452 
f 5258 918 5257 
f 4550 2722 2720 
f 5259 3805 3806 
f 3315 4712 4598 
f 284 2971 283 
f 5192 283 2971 
f 4128 4731 2498 
f 4494 2139 2137 
f 4941 1742 1743 
f 3709 2385 221 
f 4315 3237 4734 
f 3238 4734 3237 
f 4562 4363 4362 
f 3362 4805 3364 
f 3971 4840 4747 
f 3093 3091 3746 
f 2317 3319 1636 
f 1633 1636 3319 
f 3633 2435 2426 
f 1320 2426 2435 
f 5254 4736 3772 
f 3659 2632 2189 
f 2300 2189 2632 
f 5261 4811 5260 
f 4814 5260 4811 
f 3796 401 414 
f 412 414 401 
f 4226 4225 4450 
f 5140 2131 2134 
f 5009 5008 3985 
f 3274 1899 4528 
f 3081 4600 2637 
f 2891 2637 4600 
f 1497 3335 1496 
f 3333 1496 3335 
f 5262 680 682 
f 4269 3811 4910 
f 2451 4910 3811 
f 3860 3506 3862 
f 4826 3890 1475 
f 4224 3465 696 
f 694 696 3465 
f 2969 3977 5193 
f 5263 5193 3977 
f 5264 4058 4005 
f 2860 5265 5149 
f 5266 5149 5265 
f 4820 4495 2352 
f 5268 5267 1484 
f 4341 1484 5267 
f 5079 5269 4219 
f 5270 4219 5269 
f 1004 2593 5042 
f 1750 3486 1752 
f 4753 1752 3486 
f 5271 2466 4348 
f 5273 5272 5067 
f 5066 5067 5272 
f 2391 2394 5274 
f 3445 5274 2394 
f 5275 5060 5061 
f 4797 4584 4586 
f 5276 2826 2827 
f 3420 4585 3268 
f 3267 3268 4585 
f 2708 360 4110 
f 5107 2236 2234 
f 4202 5277 4204 
f 1656 3867 2488 
f 5279 5278 2340 
f 5280 2340 5278 
f 2951 2953 5281 
f 1971 5281 2953 
f 4700 720 5282 
f 718 5282 720 
f 5284 4741 5283 
f 4317 5283 4741 
f 5286 5285 3892 
f 2840 5287 2839 
f 3822 2839 5287 
f 5288 4667 234 
f 236 234 4667 
f 3923 3688 4232 
f 1986 1984 3160 
f 3001 2581 3784 
f 5291 5290 5289 
f 5092 5289 5290 
f 781 4731 3751 
f 3734 3751 4731 
f 4130 2643 2765 
f 2675 1950 2498 
f 2542 113 4759 
f 116 4759 113 
f 5294 5293 5292 
f 5295 5292 5293 
f 5296 3837 4771 
f 767 4771 3837 
f 1931 93 94 
f 2710 2713 2712 
f 4485 2712 2713 
f 5298 3430 5297 
f 2213 5297 3430 
f 4068 5299 4271 
f 3842 4271 5299 
f 3286 1888 1886 
f 3939 720 4701 
f 1747 4944 3481 
f 1510 2062 4477 
f 4142 2068 2066 
f 5300 4852 5171 
f 5202 5171 4852 
f 5301 4738 3576 
f 4617 2439 2440 
f 4458 520 4503 
f 963 4503 520 
f 886 3449 4552 
f 1726 1729 2733 
f 3107 3936 3939 
f 1379 2091 1376 
f 5113 1629 1630 
f 4197 4618 3910 
f 4198 3910 4618 
f 3787 3756 4016 
f 3757 4016 3756 
f 5302 4820 1920 
f 5305 5304 5303 
f 4955 250 2298 
f 248 2298 250 
f 3795 1501 4553 
f 2368 2366 1225 
f 5307 4658 5306 
f 2956 5306 4658 
f 3885 1191 3389 
f 1165 3389 1191 
f 3690 3689 4676 
f 4563 5308 2034 
f 5309 2034 5308 
f 5310 3101 2263 
f 5312 4339 5311 
f 1506 5311 4339 
f 3271 4339 5312 
f 4921 1898 4323 
f 4213 4207 2903 
f 4738 978 1874 
f 5277 5313 4204 
f 5281 3895 3896 
f 4084 2258 2267 
f 1003 2267 2258 
f 2407 2410 2564 
f 3390 4592 1705 
f 1641 1767 1058 
f 5287 1444 1445 
f 1076 2583 3159 
f 5314 4354 4603 
f 3592 2386 4340 
f 3444 5315 3374 
f 4529 3374 5315 
f 5316 3376 4833 
f 3379 4833 3376 
f 1330 1276 1336 
f 1277 1336 1276 
f 4913 5317 4895 
f 3148 4895 5317 
f 4946 2585 3549 
f 1645 3241 3239 
f 2506 1770 5318 
f 1773 5318 1770 
f 2377 4746 4787 
f 4558 4787 4746 
f 3587 5319 2290 
f 5320 2290 5319 
f 540 543 545 
f 1552 1852 2605 
f 4138 4136 4020 
f 5321 4020 4136 
f 5322 2032 3042 
f 4995 1580 5025 
f 643 644 2851 
f 3674 5008 1558 
f 4532 1558 5008 
f 1786 760 758 
f 4896 5323 5187 
f 4003 5187 5323 
f 888 4552 5324 
f 5325 5324 4552 
f 3097 4803 2406 
f 5326 4518 1892 
f 3768 1892 4518 
f 5327 5247 5246 
f 4462 1968 3713 
f 5223 5329 5328 
f 5330 5328 5329 
f 862 2070 864 
f 2547 4564 4345 
f 768 4345 4564 
f 4273 5225 3604 
f 5215 3582 2341 
f 5279 2341 3582 
f 3206 5331 4672 
f 891 4672 5331 
f 3451 3454 4710 
f 4997 4576 1777 
f 4171 2628 4065 
f 2668 2671 4350 
f 5332 4040 4041 
f 2648 169 172 
f 1426 1429 5089 
f 4200 5089 1429 
f 405 2644 5333 
f 2645 5333 2644 
f 5334 4296 33 
f 4263 4392 5335 
f 4122 5335 4392 
f 520 4458 522 
f 4495 5302 5336 
f 1921 5336 5302 
f 549 2796 4920 
f 4644 3296 205 
f 1097 1096 1095 
f 38 3216 35 
f 4932 4930 5337 
f 5338 5337 4930 
f 4824 5339 4823 
f 4220 4823 5339 
f 783 2610 4265 
f 3460 921 1416 
f 2637 1416 921 
f 2263 2264 2230 
f 1789 2230 2264 
f 2533 3460 1414 
f 1647 3724 1649 
f 3723 1649 3724 
f 266 1684 268 
f 4472 4900 3528 
f 3527 3528 4900 
f 2729 5340 2773 
f 2770 2773 5340 
f 4663 5341 4664 
f 876 874 2480 
f 1746 1747 3481 
f 4945 4198 4196 
f 5214 5213 5342 
f 4504 5342 5213 
f 1509 1510 4477 
f 4038 2185 2188 
f 5343 4233 4735 
f 5344 4735 4233 
f 2663 2679 3147 
f 3149 3147 2679 
f 2481 3723 3725 
f 4231 1890 4745 
f 1893 4745 1890 
f 3887 2566 2565 
f 2568 79 1074 
f 4967 3415 4312 
f 5345 4082 4085 
f 4755 3749 3658 
f 5347 5346 4238 
f 2863 586 2162 
f 3745 2275 4360 
f 5349 441 5348 
f 444 5348 441 
f 145 5350 3504 
f 2467 3504 5350 
f 4261 3678 3676 
f 5325 4552 1501 
f 2163 1412 1423 
f 5352 4372 5351 
f 2237 5351 4372 
f 3570 2076 3562 
f 4185 3416 1446 
f 2600 473 4074 
f 1813 4670 1815 
f 4143 1815 4670 
f 3108 4254 2739 
f 172 170 4106 
f 3509 2088 2087 
f 1274 1236 1982 
f 4926 4722 4720 
f 1457 4806 1456 
f 1213 1456 4806 
f 3626 4866 4864 
f 4737 5344 5002 
f 4233 5002 5344 
f 5349 4107 4105 
f 5088 4117 5089 
f 2336 490 1585 
f 1844 1842 2524 
f 3232 2524 1842 
f 3719 1576 3211 
f 4396 3211 1576 
f 3504 3502 145 
f 142 145 3502 
f 4483 5140 5353 
f 2134 5353 5140 
f 4902 2407 2346 
f 830 2346 2407 
f 1678 5355 5354 
f 5356 5354 5355 
f 243 2672 2660 
f 4471 3280 4470 
f 3278 4470 3280 
f 4285 3933 2515 
f 808 2045 806 
f 4501 5101 216 
f 1557 2282 2944 
f 5357 3459 649 
f 4675 4677 4261 
f 4260 4261 4677 
f 4751 4001 2940 
f 4164 3504 2467 
f 3557 5358 3554 
f 5359 3554 5358 
f 5360 2149 4599 
f 5218 3463 4134 
f 5298 4961 3714 
f 901 3163 3981 
f 1161 3981 3163 
f 244 2672 243 
f 4503 4504 4889 
f 3944 3945 1549 
f 5361 1549 3945 
f 4761 4975 5362 
f 5363 5362 4975 
f 4372 4415 4413 
f 5099 2842 2843 
f 5189 5286 3892 
f 2369 2370 5364 
f 4491 5364 2370 
f 1783 5139 4482 
f 4483 4482 5139 
f 1883 1881 5365 
f 4929 5365 1881 
f 5366 5204 5203 
f 5191 1294 2646 
f 4373 5367 4864 
f 5368 4864 5367 
f 873 2248 5369 
f 5370 5369 2248 
f 5371 4614 3838 
f 2870 1056 1059 
f 3533 5043 2356 
f 1424 126 5148 
f 4538 5372 4539 
f 4918 4539 5372 
f 1086 575 2808 
f 5373 2808 575 
f 956 2293 936 
f 939 936 2293 
f 3292 3337 3294 
f 713 3294 3337 
f 5375 3029 5374 
f 1430 5374 3029 
f 3941 5376 2928 
f 4872 2928 5376 
f 3291 3294 1183 
f 5377 1183 3294 
f 1867 4910 3464 
f 5379 5378 2431 
f 941 5381 5380 
f 4298 5380 5381 
f 1782 3560 3559 
f 4587 1812 5382 
f 1993 5382 1812 
f 5383 5156 5157 
f 5138 5385 5384 
f 4418 5384 5385 
f 3071 2019 3068 
f 3838 3068 2019 
f 3078 5190 5191 
f 4294 1583 2964 
f 2987 2964 1583 
f 3759 3760 3785 
f 2758 2756 5040 
f 1580 1583 1807 
f 1809 1807 1583 
f 5386 1234 4426 
f 5334 3463 5218 
f 5387 2457 5103 
f 1031 1674 1774 
f 4794 5208 2674 
f 1952 2674 5208 
f 2719 5000 5388 
f 5389 5388 5000 
f 2313 1547 2497 
f 4128 2497 1547 
f 4029 1233 4508 
f 1028 4508 1233 
f 1752 4753 4754 
f 3663 4254 3664 
f 2081 2079 4897 
f 2728 4897 2079 
f 5362 3215 3139 
f 5009 4627 5268 
f 5267 5268 4627 
f 2658 3750 2660 
f 5391 5099 5390 
f 2843 5390 5099 
f 4255 3686 2739 
f 2741 2739 3686 
f 3962 1403 2450 
f 5393 5392 5120 
f 151 1571 153 
f 2409 2407 4902 
f 261 1689 262 
f 5385 5138 5137 
f 3578 3577 3711 
f 4090 4381 1505 
f 2810 545 546 
f 4802 5394 4881 
f 4815 4881 5394 
f 1791 1864 1788 
f 3470 3655 4194 
f 4444 1673 5395 
f 4328 5395 1673 
f 5398 5397 5396 
f 2151 5396 5397 
f 5400 3230 5399 
f 4011 5399 3230 
f 3456 2642 3457 
f 5401 3457 2642 
f 1375 2586 1372 
f 342 2522 335 
f 1947 1530 5256 
f 1532 5256 1530 
f 5402 4324 4687 
f 3553 1785 1988 
f 5403 1902 4121 
f 2484 3723 2481 
f 4839 4840 3827 
f 3826 3827 4840 
f 1456 5404 661 
f 3277 661 5404 
f 5406 5405 4542 
f 2980 2106 2107 
f 5407 3269 1332 
f 5409 5408 3498 
f 4973 4193 5410 
f 4129 5410 4193 
f 5021 3710 3709 
f 2126 2475 2820 
f 2824 3862 2591 
f 4277 2591 3862 
f 5412 1262 5411 
f 2973 5411 1262 
f 571 4438 4080 
f 4946 3549 5213 
f 4504 5213 3549 
f 3012 4843 4637 
f 4337 4275 4276 
f 1912 2810 546 
f 3453 2429 3452 
f 25 1667 2520 
f 4996 4849 4850 
f 5386 1255 1236 
f 3089 3845 3088 
f 3829 4985 3737 
f 3904 3737 4985 
f 380 3560 382 
f 5413 382 3560 
f 5415 4990 5414 
f 4487 5414 4990 
f 5416 718 721 
f 759 1375 3270 
f 3769 3768 2180 
f 5417 2216 2214 
f 5419 1854 5418 
f 5420 5418 1854 
f 3222 4678 5421 
f 5134 5421 4678 
f 3580 3583 4525 
f 4159 4525 3583 
f 4369 3002 4403 
f 4545 4403 3002 
f 4878 5422 5216 
f 3581 5216 5422 
f 5423 4603 4602 
f 1556 554 557 
f 3395 1493 4174 
f 4412 4174 1493 
f 5198 4818 3003 
f 5274 3445 5424 
f 3448 5424 3445 
f 2748 1678 5354 
f 2955 2956 4658 
f 3020 5426 5425 
f 3400 5425 5426 
f 230 5178 3308 
f 99 3864 101 
f 5427 4327 4329 
f 4221 5428 4546 
f 4545 4546 5428 
f 3454 2430 1256 
f 2159 2460 2161 
f 1121 1120 3253 
f 706 696 705 
f 4282 4280 3828 
f 4523 3828 4280 
f 2247 5429 2474 
f 5265 2474 5429 
f 5430 4596 3383 
f 3380 3383 4596 
f 2199 5203 3762 
f 5265 1385 2474 
f 5094 2542 4760 
f 4759 4760 2542 
f 1601 5431 1702 
f 1427 1702 5431 
f 3642 2341 2339 
f 5432 4199 1429 
f 182 5433 1427 
f 1429 1427 5433 
f 2057 4969 4772 
f 876 4772 4969 
f 5434 4098 4097 
f 5201 5435 3803 
f 3050 3803 5435 
f 1879 5436 5114 
f 5437 5114 5436 
f 1612 4282 3828 
f 3204 3206 4672 
f 1511 2080 2078 
f 2689 5437 2688 
f 4257 2688 5437 
f 1534 4161 1536 
f 3099 1536 4161 
f 1142 3054 2563 
f 2151 5397 5438 
f 3878 5438 5397 
f 1814 4979 1578 
f 5439 1578 4979 
f 4562 4190 4559 
f 4109 1439 1440 
f 535 1085 542 
f 5212 5210 2894 
f 856 2894 5210 
f 4984 4988 4706 
f 4665 3816 4594 
f 4385 4594 3816 
f 5438 887 2151 
f 3180 3178 1339 
f 856 5440 858 
f 3298 858 5440 
f 1136 3976 5169 
f 2560 4223 4798 
f 5429 3174 5441 
f 5266 5441 3174 
f 3282 3296 1425 
f 2578 4818 2037 
f 5198 2037 4818 
f 5282 5442 4700 
f 4996 4700 5442 
f 4654 5443 4656 
f 5079 4656 5443 
f 5386 4426 4852 
f 4727 3483 5444 
f 5445 5444 3483 
f 4556 1977 4451 
f 1980 4451 1977 
f 1323 1137 1135 
f 4403 2553 4369 
f 5446 4219 5270 
f 4916 4894 1514 
f 5410 1514 4894 
f 3562 1614 3569 
f 5079 4218 4656 
f 1864 4214 5447 
f 2574 5447 4214 
f 5388 5389 5034 
f 5000 5034 5389 
f 3919 4141 4725 
f 5449 5448 250 
f 249 250 5448 
f 3289 2658 3288 
f 1504 5450 3399 
f 3401 3399 5450 
f 5275 3273 2261 
f 5451 1454 48 
f 5214 4100 3028 
f 103 104 3159 
f 3127 3749 802 
f 797 802 3749 
f 3824 2880 3523 
f 4654 5388 5452 
f 5035 5452 5388 
f 4263 4903 4392 
f 5380 4392 4903 
f 2794 4839 3827 
f 4407 3819 4555 
f 513 516 1775 
f 1886 1784 3286 
f 5235 1947 1945 
f 3309 3321 2779 
f 5107 5098 4204 
f 4865 2818 4374 
f 1728 2931 773 
f 779 773 2931 
f 4899 4310 4896 
f 24 4896 4310 
f 5335 4122 3450 
f 4902 2346 2344 
f 3344 783 4265 
f 3649 3647 5005 
f 3650 5005 3647 
f 2257 1003 2258 
f 3036 1022 1020 
f 3398 2849 2091 
f 439 440 1080 
f 3887 2798 2799 
f 5454 3475 5453 
f 5152 5453 3475 
f 1877 3315 4598 
f 5456 3223 5455 
f 2029 5455 3223 
f 5457 787 2745 
f 169 2648 2647 
f 4093 4091 4882 
f 4488 4882 4091 
f 5459 5458 4642 
f 3512 4642 5458 
f 5223 3353 5329 
f 3351 5329 3353 
f 3556 2033 2034 
f 969 290 288 
f 2079 2444 2728 
f 2727 2728 2444 
f 3670 3226 2540 
f 487 2336 2791 
f 3837 3836 769 
f 2630 5460 4266 
f 5281 1676 3895 
f 723 5462 5461 
f 4989 5461 5462 
f 4792 656 3563 
f 1738 4435 4437 
f 3230 5463 4011 
f 4010 4011 5463 
f 5464 3232 1842 
f 2343 2346 2322 
f 830 2322 2346 
f 3691 1062 1060 
f 5465 4641 4424 
f 3666 2420 2417 
f 3168 4862 3022 
f 3953 2274 1115 
f 1118 1115 2274 
f 4742 1013 1022 
f 3689 3691 4677 
f 4728 4677 3691 
f 3566 3139 3214 
f 4446 4952 4447 
f 3122 4447 4952 
f 5427 373 371 
f 3019 3323 3851 
f 4655 5388 4654 
f 4682 4103 3831 
f 4427 4056 4426 
f 4621 3312 3313 
f 4706 1762 4984 
f 4196 4984 1762 
f 2746 5466 4581 
f 4874 4581 5466 
f 116 5467 4759 
f 2399 4759 5467 
f 5102 3175 4461 
f 5468 4461 3175 
f 4874 4449 4227 
f 2513 3812 2512 
f 4853 2512 3812 
f 4730 2675 2498 
f 5469 4334 2795 
f 1896 5470 1895 
f 2995 2998 5471 
f 2423 5471 2998 
f 2556 5472 2949 
f 3015 2949 5472 
f 1402 1225 1223 
f 112 2707 109 
f 1652 5473 3617 
f 3246 3617 5473 
f 5364 4491 2342 
f 3346 1342 2003 
f 4890 2003 1342 
f 3096 5133 3095 
f 5474 221 2384 
f 4965 4963 4212 
f 4211 4212 4963 
f 3891 3011 1956 
f 3014 1956 3011 
f 4447 1495 1498 
f 910 903 904 
f 2160 2156 2157 
f 3955 4574 4613 
f 5475 4613 4574 
f 4164 2857 3504 
f 5476 3504 2857 
f 1734 4071 1736 
f 336 344 335 
f 3341 5478 5477 
f 94 2900 1931 
f 2735 3993 2737 
f 4595 760 1786 
f 2354 237 235 
f 2278 2281 3516 
f 1956 3014 5151 
f 5153 5151 3014 
f 5123 3377 3378 
f 2246 2278 3516 
f 837 1036 836 
f 3835 836 1036 
f 2450 2448 4229 
f 3985 3983 5479 
f 4627 5479 3983 
f 2450 4229 3962 
f 5481 1459 5480 
f 4648 5480 1459 
f 1492 5482 1073 
f 2802 1073 5482 
f 1213 4807 1212 
f 1214 1212 4807 
f 4140 2066 925 
f 2120 925 2066 
f 3073 3075 4683 
f 2786 454 456 
f 2818 2996 3775 
f 3620 4109 1440 
f 5342 5456 5455 
f 3494 5070 3496 
f 5483 3496 5070 
f 2232 5484 5105 
f 4740 5105 5484 
f 4273 5485 5225 
f 3894 3574 3896 
f 5281 3896 3574 
f 553 5486 4847 
f 5487 4847 5486 
f 3807 2019 3071 
f 5302 1920 1921 
f 2380 2383 5488 
f 5489 5488 2383 
f 3293 1175 3656 
f 4804 1143 2406 
f 3448 3493 5490 
f 5472 5490 3493 
f 4440 387 4904 
f 5492 5491 3776 
f 2530 4336 2662 
f 4276 2662 4336 
f 5494 3521 5493 
f 3591 5493 3521 
f 5241 251 249 
f 4736 5495 4735 
f 5343 4735 5495 
f 1962 3365 3363 
f 2312 2897 3158 
f 2900 3158 2897 
f 5489 2383 4632 
f 4084 4632 2383 
f 3442 1633 3320 
f 3319 3320 1633 
f 5496 4963 4964 
f 1693 4776 4819 
f 5497 4819 4776 
f 3889 4279 3891 
f 668 2902 674 
f 2866 674 2902 
f 5498 4906 4909 
f 5463 3230 2325 
f 4328 2325 3230 
f 2311 2897 2312 
f 4218 4153 4152 
f 4666 4793 1547 
f 4128 1547 4793 
f 5091 1432 1932 
f 1934 1932 1432 
f 3228 4328 3230 
f 3400 3398 3684 
f 5501 5500 5499 
f 4963 5499 5500 
f 4114 2082 2085 
f 1693 1691 4776 
f 908 907 2978 
f 5504 5503 5502 
f 5247 5502 5503 
f 5505 2313 2497 
f 1864 1791 4214 
f 1688 1686 1027 
f 3915 1027 1686 
f 2174 113 2542 
f 2548 2297 1143 
f 3181 3179 5506 
f 4890 5506 3179 
f 2958 5507 2138 
f 5508 2138 5507 
f 490 492 1584 
f 2626 1783 1784 
f 3870 698 2254 
f 899 713 3337 
f 870 2974 3584 
f 3911 476 4210 
f 4209 4210 476 
f 5511 5510 5509 
f 5048 5509 5510 
f 4077 5512 3539 
f 3396 4165 4166 
f 4910 1867 4270 
f 2878 4766 2876 
f 5346 2878 4238 
f 5062 4238 2878 
f 3675 3544 5513 
f 4726 5513 3544 
f 5047 5048 5510 
f 202 204 3189 
f 5515 5147 5514 
f 5204 5514 5147 
f 4639 3487 2113 
f 4186 2113 3487 
f 4611 4379 4378 
f 5516 4967 4312 
f 3318 2511 2514 
f 4746 5517 4557 
f 3354 4557 5517 
f 3529 2269 2271 
f 2211 227 728 
f 5518 2489 4778 
f 4668 4778 2489 
f 3788 1829 3086 
f 3299 3716 858 
f 3824 3523 3823 
f 2961 3823 3523 
f 3999 5244 4556 
f 1923 4556 5244 
f 777 775 1812 
f 1293 5519 2404 
f 3212 2404 5519 
f 1146 197 4729 
f 4241 4301 4300 
f 5160 4476 4892 
f 4972 3054 1142 
f 1657 2732 2734 
f 1727 2012 2010 
f 5520 4816 4817 
f 5521 2123 4251 
f 3151 5045 2295 
f 4825 2833 2387 
f 5522 2387 2833 
f 3677 4261 3676 
f 3557 5523 5358 
f 4615 5358 5523 
f 1029 1743 1741 
f 321 2319 2697 
f 5095 2697 2319 
f 3160 2412 2411 
f 1853 86 88 
f 1787 3859 3857 
f 1931 402 93 
f 5333 93 402 
f 5350 2469 2467 
f 1590 2670 1587 
f 4324 4326 4055 
f 5524 4055 4326 
f 3608 3606 5525 
f 4785 5525 3606 
f 2545 5146 5451 
f 2536 5451 5146 
f 4866 5028 5029 
f 3136 3564 654 
f 4505 5526 2256 
f 5474 2198 2199 
f 3220 2832 3654 
f 3345 3051 3635 
f 5130 3635 3051 
f 3519 2196 2613 
f 2452 2371 2335 
f 2147 2148 3609 
f 5529 5528 5527 
f 5164 5527 5528 
f 3263 3683 3265 
f 5075 3907 3906 
f 4478 5530 1308 
f 5531 4922 4925 
f 2485 2488 3868 
f 4367 2043 1458 
f 5532 5051 4660 
f 4659 4660 5051 
f 3387 352 1971 
f 1973 1971 352 
f 5510 4212 5047 
f 5533 5047 4212 
f 5534 1752 4928 
f 4754 4928 1752 
f 5193 5222 3133 
f 2907 3133 5222 
f 2785 2473 2782 
f 5535 4000 4001 
f 4909 5100 5073 
f 3909 5073 5100 
f 2642 2285 5401 
f 3009 5401 2285 
f 5536 2221 1634 
f 4556 1979 1977 
f 2159 3219 2460 
f 2462 2460 3219 
f 1087 1085 4889 
f 4458 4889 1085 
f 5264 4005 1804 
f 1309 5085 1311 
f 4855 1311 5085 
f 2084 5537 2083 
f 3040 3043 5538 
f 4491 5538 3043 
f 525 4592 3390 
f 2263 2230 2232 
f 5140 4483 5139 
f 3899 3901 3803 
f 5201 3803 3901 
f 4992 2694 2692 
f 3239 3242 4040 
f 2212 4040 3242 
f 1979 3519 3518 
f 4557 3354 3064 
f 2821 2824 2591 
f 3223 2031 2029 
f 4339 3271 2323 
f 3153 2315 3129 
f 2997 1699 1697 
f 4561 2695 2693 
f 4812 2594 4814 
f 2592 4814 2594 
f 2526 2989 2992 
f 3844 4158 4968 
f 5272 4741 5066 
f 5284 5066 4741 
f 4591 1879 1880 
f 5539 949 3694 
f 952 3694 949 
f 307 3770 309 
f 3122 309 3770 
f 3308 3309 3284 
f 3026 4469 3625 
f 5540 3625 4469 
f 1969 423 421 
f 2808 5373 2809 
f 1849 2078 4375 
f 4376 4375 2078 
f 1533 1536 2087 
f 3098 2087 1536 
f 5542 5541 4496 
f 2794 4437 2793 
f 1870 4166 3225 
f 5543 2709 4819 
f 1433 5375 5374 
f 2428 5159 4242 
f 5427 3110 373 
f 2673 4794 2674 
f 5545 5276 5544 
f 2827 5544 5276 
f 2509 2507 551 
f 5486 551 2507 
f 1502 1500 4344 
f 1796 4344 1500 
f 5285 3717 3892 
f 2889 744 741 
f 742 741 744 
f 1598 1596 4304 
f 5546 3783 3781 
f 5386 4852 5300 
f 5295 2872 2873 
f 4013 4015 3882 
f 2621 3882 4015 
f 209 210 197 
f 4975 5547 5363 
f 4310 4583 5548 
f 4995 5548 4583 
f 5549 3612 5052 
f 3634 1088 3171 
f 4357 2504 2502 
f 2678 5148 2676 
f 5552 5551 5550 
f 3986 5553 3983 
f 4176 3983 5553 
f 5500 3696 3699 
f 5555 5554 5283 
f 2622 5283 5554 
f 4037 5556 4036 
f 4911 4036 5556 
f 778 774 773 
f 3668 3170 3171 
f 4430 2463 4409 
f 2466 4409 2463 
f 3572 5364 2342 
f 2522 2708 4110 
f 3829 2631 4985 
f 1692 3461 4616 
f 5409 3498 5557 
f 5558 5557 3498 
f 1001 1119 1936 
f 1963 1936 1119 
f 4169 4170 5019 
f 5143 2782 4540 
f 2560 1687 1685 
f 5417 2214 2224 
f 2223 2224 2214 
f 2325 2323 4653 
f 2836 4653 2323 
f 3736 1411 31 
f 1082 3076 1084 
f 2229 1084 3076 
f 3842 3840 5127 
f 5230 5127 3840 
f 4986 3904 4985 
f 1610 5042 5559 
f 4318 5559 5042 
f 952 3177 1290 
f 3176 1290 3177 
f 4385 3816 4384 
f 3814 4384 3816 
f 5182 2408 4809 
f 4810 4809 2408 
f 5440 5234 4074 
f 3329 5274 5424 
f 3108 3107 4661 
f 3939 4661 3107 
f 5560 2099 2100 
f 3918 3920 917 
f 5436 4591 2153 
f 1646 2153 4591 
f 5343 2115 5561 
f 5562 5561 2115 
f 3702 2606 5563 
f 3550 5563 2606 
f 1846 2623 5564 
f 4827 5564 2623 
f 5565 2878 5346 
f 3206 1498 4756 
f 4590 656 4792 
f 5535 3973 4000 
f 5375 4000 3973 
f 5199 732 2916 
f 3537 5566 2805 
f 2804 2805 5566 
f 5567 4306 1596 
f 4586 5569 5568 
f 1334 5568 5569 
f 2664 4530 1486 
f 4673 438 4875 
f 5559 5031 1610 
f 873 871 872 
f 3431 2909 2910 
f 2536 1454 5451 
f 5570 4845 3266 
f 4051 4061 4050 
f 1877 4050 4061 
f 5571 2319 2118 
f 3388 5573 5572 
f 3692 5572 5573 
f 250 4955 2329 
f 5574 4425 3489 
f 2096 3963 3195 
f 5123 3263 5575 
f 1753 5575 3263 
f 1650 2136 2780 
f 2779 2780 2136 
f 4941 3620 1742 
f 5526 1639 2256 
f 1700 2817 1697 
f 3775 1697 2817 
f 1643 2707 112 
f 4670 1813 1007 
f 5576 3866 4058 
f 1644 1642 1640 
f 3158 2900 94 
f 1799 5154 1801 
f 4951 1801 5154 
f 3281 3279 4981 
f 1428 1426 1702 
f 2622 2146 2619 
f 2848 2619 2146 
f 467 5577 468 
f 4368 734 2166 
f 4915 2166 734 
f 3956 4573 3955 
f 4789 5138 5384 
f 3332 4837 3334 
f 5040 3334 4837 
f 5026 5578 4978 
f 1778 3529 4997 
f 787 5457 278 
f 280 278 5457 
f 5580 5579 5417 
f 3004 1823 2641 
f 2764 4554 4796 
f 2550 4796 4554 
f 5110 5108 2763 
f 2762 2763 5108 
f 3964 5471 2423 
f 2588 1475 4139 
f 1657 3910 4198 
f 2800 5145 2797 
f 3810 2018 3807 
f 2019 3807 2018 
f 2837 4012 4653 
f 4908 2965 2963 
f 1624 3649 5090 
f 2837 4653 2836 
f 5581 5207 5206 
f 1992 4979 2210 
f 4665 623 3739 
f 2058 4830 4230 
f 1979 3518 3799 
f 4243 3799 3518 
f 4402 4854 1463 
f 5582 2221 5536 
f 4960 1204 2743 
f 2051 2050 4293 
f 5583 4293 2050 
f 5258 5257 5584 
f 3460 5584 5257 
f 4414 4931 4413 
f 1184 1185 3052 
f 3960 3961 249 
f 5241 249 3961 
f 4923 946 947 
f 1937 2268 1003 
f 4302 3697 3698 
f 1760 2931 1728 
f 5586 5580 5585 
f 5172 1620 4169 
f 3596 4169 1620 
f 1820 5112 5454 
f 3474 5454 5112 
f 5587 1843 5166 
f 1961 2176 2175 
f 3190 3902 4531 
f 4715 1502 1298 
f 3911 4234 4235 
f 4939 4830 5060 
f 1951 1949 4513 
f 3345 3635 3633 
f 3729 5425 3730 
f 3684 3730 5425 
f 1514 1512 2847 
f 3388 2953 1438 
f 5414 4487 4488 
f 4039 4979 1814 
f 1718 3953 1994 
f 3952 1994 3953 
f 2169 2167 4747 
f 885 5588 893 
f 896 893 5588 
f 3062 609 607 
f 4316 550 553 
f 298 301 2174 
f 3914 3912 4702 
f 3453 4586 4585 
f 5550 5226 5589 
f 5054 5589 5226 
f 2544 4768 4045 
f 4042 4045 4768 
f 3151 2472 223 
f 5590 5067 5065 
f 3587 4665 3589 
f 682 5591 5262 
f 5592 5262 5591 
f 5333 2645 93 
f 5593 4076 2116 
f 5475 4574 4558 
f 5508 5055 3031 
f 5594 3031 5055 
f 4582 1145 2777 
f 5595 5289 5092 
f 5170 5300 5171 
f 2309 2331 2054 
f 3305 2128 786 
f 5596 2376 2377 
f 5483 5070 4827 
f 3811 1465 4853 
f 420 423 3343 
f 3587 2290 3816 
f 5597 4734 4733 
f 3227 3230 5400 
f 907 905 3545 
f 2785 2929 4042 
f 5599 5598 5562 
f 5600 5562 5598 
f 4517 2088 3509 
f 3215 1993 4429 
f 2991 4429 1993 
f 4022 4607 2039 
f 2815 2039 4607 
f 5452 5443 4654 
f 5198 4498 1724 
f 5300 4708 4710 
f 593 582 3433 
f 4551 5000 4550 
f 5589 3615 3613 
f 3588 5319 3587 
f 1722 1715 4884 
f 1831 1829 3482 
f 4221 4823 4220 
f 368 3357 376 
f 5602 5601 3334 
f 5024 3334 5601 
f 3876 4283 5603 
f 1531 5603 4283 
f 1203 1204 4960 
f 37 1423 1422 
f 5605 5604 3140 
f 5607 3782 5606 
f 4179 5606 3782 
f 4804 4972 1142 
f 120 118 4594 
f 1374 2224 1373 
f 2561 2559 4593 
f 4516 4593 2559 
f 91 58 57 
f 5283 2622 4155 
f 2620 4155 2622 
f 1946 901 1948 
f 3839 3121 5255 
f 3120 5255 3121 
f 2675 1952 1950 
f 5269 5248 1887 
f 4914 4364 2545 
f 5146 2545 4364 
f 5608 4690 1843 
f 1845 1843 4690 
f 1027 3917 4940 
f 2862 3616 4389 
f 4390 4389 3616 
f 3954 4573 3956 
f 2149 5360 3883 
f 5003 3883 5360 
f 5609 4695 1417 
f 1414 1417 4695 
f 4424 2281 5465 
f 4718 5465 2281 
f 5611 523 5610 
f 526 5610 523 
f 4562 4189 4190 
f 3414 3030 3628 
f 5056 4580 5055 
f 5597 5612 5555 
f 5554 5555 5612 
f 4553 3449 3795 
f 2393 3795 3449 
f 3152 2295 5301 
f 4738 5301 2295 
f 3006 5198 3003 
f 5533 4095 3707 
f 4326 3707 4095 
f 1725 1723 2625 
f 3685 3923 3687 
f 3922 3687 3923 
f 5613 3407 5528 
f 3839 602 605 
f 2444 2442 5614 
f 3546 5614 2442 
f 694 3465 692 
f 5543 3349 1522 
f 2103 1247 2102 
f 1651 2102 1247 
f 5006 2334 2584 
f 3737 1611 3829 
f 4861 3166 3167 
f 1138 4377 1135 
f 1323 1135 4377 
f 3134 3434 4506 
f 5050 3801 432 
f 3236 1878 3047 
f 4183 4408 4409 
f 1828 3438 3086 
f 532 3597 5221 
f 5615 5221 3597 
f 1033 1046 3575 
f 4274 5616 4273 
f 4444 5412 1672 
f 2973 1672 5412 
f 5618 5617 1374 
f 5470 5620 5619 
f 4003 5082 1665 
f 1662 1665 5082 
f 4722 5621 4721 
f 5622 4721 5621 
f 2326 371 4092 
f 374 4092 371 
f 5339 5424 3448 
f 2599 5469 2795 
f 1601 4438 571 
f 2515 4071 4285 
f 3969 2803 4157 
f 2806 4157 2803 
f 5437 5436 4257 
f 2153 4257 5436 
f 5623 4334 4335 
f 1275 4421 1289 
f 2994 1289 4421 
f 3350 1889 1888 
f 3297 3911 4235 
f 5095 3246 5473 
f 4851 2041 2042 
f 4566 980 978 
f 3861 3862 2824 
f 1673 4329 4328 
f 3087 4740 5484 
f 4954 5560 5624 
f 5625 5624 5560 
f 2837 2835 3021 
f 5626 3021 2835 
f 782 4857 4732 
f 4248 3752 4647 
f 3366 4647 3752 
f 3088 3844 4968 
f 1254 3454 1256 
f 4535 4533 5627 
f 5110 5627 4533 
f 3227 3235 3229 
f 4401 3229 3235 
f 2884 2023 2888 
f 4925 3551 3550 
f 1365 3164 1367 
f 4689 4285 5628 
f 4284 5628 4285 
f 5177 5629 4410 
f 4482 106 1783 
f 1564 3622 1563 
f 2944 1563 3622 
f 2355 235 5125 
f 145 5013 5350 
f 2469 5350 5013 
f 2667 5188 726 
f 2313 4393 2311 
f 1029 1741 3574 
f 2404 517 1293 
f 171 1293 517 
f 1617 3734 4662 
f 2858 4802 2856 
f 432 435 436 
f 3257 1692 4616 
f 2280 4192 2279 
f 5630 3203 3202 
f 5427 1671 3110 
f 70 3110 1671 
f 3642 3042 2035 
f 1230 4028 1769 
f 4029 1769 4028 
f 5184 4822 4376 
f 4945 4196 1762 
f 5447 2574 1863 
f 5131 4432 2993 
f 4684 5171 4873 
f 4764 4873 5171 
f 2238 4185 4184 
f 3671 5632 5631 
f 4176 4627 3983 
f 3654 3585 3584 
f 4179 108 4181 
f 4482 4181 108 
f 4103 3200 3201 
f 3578 3575 2203 
f 4278 5633 3478 
f 3477 3478 5633 
f 5119 4348 4144 
f 1652 1650 5473 
f 2780 5473 1650 
f 2318 1716 1178 
f 5634 2125 2123 
f 3105 1112 1111 
f 4984 4197 5635 
f 4651 5635 4197 
f 2028 5142 4828 
f 1963 1119 2529 
f 3145 1564 761 
f 1562 761 1564 
f 71 4270 1410 
f 3251 3785 3250 
f 4017 3250 3785 
f 4912 4911 5556 
f 650 5357 649 
f 884 5636 876 
f 3786 3760 4794 
f 5208 4794 3760 
f 4057 4465 3700 
f 3773 4737 5002 
f 5638 2151 5637 
f 5639 5637 2151 
f 5640 2523 2524 
f 5641 1963 2530 
f 5136 2134 2132 
f 5642 4358 4064 
f 851 5643 2941 
f 1513 4129 5050 
f 595 596 587 
f 963 964 4503 
f 2860 3701 3302 
f 4562 4560 4363 
f 2821 2591 2589 
f 4241 3963 2096 
f 2684 2687 3710 
f 2072 3710 2687 
f 2175 1013 4742 
f 5456 5342 4504 
f 5175 3583 3581 
f 1059 666 671 
f 4865 4374 4864 
f 4373 4864 4374 
f 5645 2871 5644 
f 5646 5644 2871 
f 1661 4110 2731 
f 366 2731 4110 
f 5647 2381 2382 
f 1450 1444 5287 
f 2428 4242 4243 
f 215 216 1038 
f 5648 3494 3326 
f 3327 3326 3494 
f 2043 4367 2040 
f 2481 4004 2695 
f 5611 5610 3897 
f 3898 3897 5610 
f 5649 1855 1856 
f 4378 4608 4611 
f 4244 5611 3897 
f 3047 3048 4569 
f 2877 4569 3048 
f 1270 2231 1272 
f 1790 1272 2231 
f 5461 374 725 
f 2369 5197 1569 
f 4534 1569 5197 
f 1967 782 5014 
f 780 5014 782 
f 1017 3039 1019 
f 3067 2734 4936 
f 4935 4936 2734 
f 3883 3881 2149 
f 2146 2149 3881 
f 5015 5365 4949 
f 4929 4949 5365 
f 607 4558 3062 
f 3621 2595 556 
f 2703 5650 5016 
f 3111 5016 5650 
f 1289 1290 3176 
f 5131 1661 4123 
f 5548 1810 23 
f 1808 23 1810 
f 2784 3211 4396 
f 786 2737 3305 
f 4925 4923 3551 
f 947 3551 4923 
f 1491 5515 5651 
f 5652 5651 5515 
f 4547 4101 4102 
f 2090 2248 2089 
f 2180 4517 3039 
f 4734 4317 4315 
f 5653 33 1868 
f 5314 3821 3720 
f 1581 3045 1583 
f 2987 1583 3045 
f 5369 5654 873 
f 5655 873 5654 
f 2324 4327 2326 
f 371 2326 4327 
f 5656 4035 3359 
f 3358 3359 4035 
f 5657 4787 4631 
f 4572 4631 4787 
f 4156 4158 3844 
f 4356 5296 3861 
f 5658 3861 5296 
f 2750 2752 3984 
f 3449 886 889 
f 3831 4101 3833 
f 4547 3833 4101 
f 3471 5235 3473 
f 1945 3473 5235 
f 4431 2027 3137 
f 5659 4893 4891 
f 2408 2094 4379 
f 2097 4379 2094 
f 4413 5188 4371 
f 2667 4371 5188 
f 4299 5142 2028 
f 5117 4173 4171 
f 3755 4857 5660 
f 1967 5660 4857 
f 3249 3252 4423 
f 4977 5104 2457 
f 3670 3805 3672 
f 5259 3672 3805 
f 1294 171 169 
f 1206 5661 3630 
f 4713 2804 5566 
f 5112 4388 4386 
f 3414 3628 3567 
f 4440 3567 3628 
f 5338 4679 1756 
f 1758 1756 4679 
f 5662 5150 5153 
f 3246 3248 3617 
f 5271 3167 3165 
f 2298 248 3982 
f 4087 2590 4139 
f 2588 4139 2590 
f 1918 5140 1916 
f 1441 5442 5282 
f 5369 2096 2094 
f 2352 1773 5663 
f 3414 5663 1773 
f 5664 4649 2168 
f 2471 2785 4042 
f 2681 4124 3078 
f 5190 3078 4124 
f 4258 5556 4037 
f 3274 1901 1899 
f 300 3967 299 
f 5334 5666 5665 
f 4832 5665 5666 
f 3327 2744 2745 
f 4737 4735 5344 
f 5137 3258 4419 
f 4953 3624 2099 
f 2101 2099 3624 
f 5667 3460 2534 
f 2533 2534 3460 
f 2343 2752 2751 
f 3424 3030 3414 
f 1138 1846 5564 
f 5254 3772 387 
f 5669 5094 5668 
f 4760 5668 5094 
f 1288 1291 4973 
f 1628 1631 4486 
f 987 4486 1631 
f 4951 3419 1801 
f 4392 4391 4122 
f 2394 4122 4391 
f 3664 4849 3788 
f 4996 3788 4849 
f 1588 5670 2563 
f 2562 2563 5670 
f 4831 5671 1470 
f 2057 1470 5671 
f 2280 2278 4292 
f 2246 4292 2278 
f 5173 3402 5175 
f 3583 5175 3402 
f 5672 2150 1925 
f 3604 3602 1711 
f 4210 4234 3911 
f 3720 3721 5673 
f 3421 5673 3721 
f 1941 3364 1939 
f 5459 4057 4502 
f 5674 5328 5330 
f 2583 2582 3260 
f 5363 3215 5362 
f 1822 1872 1824 
f 1873 1824 1872 
f 4961 5298 5297 
f 2901 2850 4213 
f 5320 1922 2290 
f 5675 4606 4605 
f 4376 2078 2081 
f 5323 5676 3432 
f 3430 3432 5676 
f 5677 4274 4272 
f 4884 1724 1722 
f 2294 4927 4141 
f 1623 5360 5615 
f 5221 5615 5360 
f 2234 2243 5107 
f 1906 4013 5003 
f 3882 5003 4013 
f 1645 5332 2706 
f 4041 2706 5332 
f 2513 5678 5115 
f 4370 5115 5678 
f 1962 1963 3365 
f 5641 3365 1963 
f 929 3040 5538 
f 615 612 1669 
f 3388 1438 1441 
f 3812 4370 2448 
f 1754 1715 1722 
f 5177 69 5629 
f 96 5629 69 
f 3188 4001 4751 
f 5001 3028 3026 
f 5192 5193 3133 
f 5528 3407 3406 
f 4170 4168 5679 
f 4791 5679 4168 
f 1302 5214 3028 
f 185 186 3727 
f 2680 4275 5680 
f 3514 5680 4275 
f 1887 4758 1886 
f 5573 5416 721 
f 4010 5463 4653 
f 2325 4653 5463 
f 3226 5595 5092 
f 3794 5681 5592 
f 5262 5592 5681 
f 1324 2831 3680 
f 5657 3609 3611 
f 4461 4460 5102 
f 3843 5102 4460 
f 3704 5229 1663 
f 4822 1663 5229 
f 1468 76 74 
f 5028 5161 2424 
f 5682 3767 3948 
f 5683 5412 4444 
f 4883 1713 3123 
f 3044 4030 4405 
f 2729 4405 4030 
f 5684 5306 2956 
f 3716 3299 4724 
f 1520 3025 1519 
f 1714 4079 1713 
f 685 2255 2254 
f 4054 4758 1694 
f 3244 1859 2355 
f 1860 2355 1859 
f 4404 3792 3793 
f 3121 3839 605 
f 1031 1774 3411 
f 3410 3411 1774 
f 1897 1895 2169 
f 5619 2169 1895 
f 4034 4789 4790 
f 4742 2868 2175 
f 5219 3699 5288 
f 4667 5288 3699 
f 3117 1719 3116 
f 1717 3116 1719 
f 379 3370 2730 
f 4994 5467 4777 
f 2911 4777 5467 
f 5585 2224 1374 
f 1826 5651 1827 
f 1353 1827 5651 
f 1964 1966 2968 
f 1205 2968 1966 
f 4831 1471 4988 
f 1933 1431 1932 
f 1802 3067 5685 
f 4936 5685 3067 
f 3775 2817 2818 
f 1576 1574 4396 
f 3384 4396 1574 
f 4822 5229 2574 
f 1523 4283 3875 
f 3366 3752 3754 
f 2018 4411 4934 
f 3345 4934 4411 
f 5688 5687 5686 
f 2359 2357 3015 
f 2360 3015 2357 
f 2236 5107 5313 
f 4204 5313 5107 
f 551 5486 553 
f 2254 687 685 
f 686 685 687 
f 4892 5689 5160 
f 5690 5160 5689 
f 4195 4619 4197 
f 5691 2575 3850 
f 5246 3850 2575 
f 3784 5355 568 
f 1678 568 5355 
f 5476 2857 3503 
f 1794 3503 2857 
f 5670 1589 2562 
f 4357 2562 1589 
f 1859 3244 1861 
f 1885 1861 3244 
f 1882 5498 1884 
f 5073 1884 5498 
f 3160 2411 1986 
f 1028 2812 3285 
f 2811 3285 2812 
f 4601 3982 3501 
f 681 5545 5544 
f 3117 3114 1719 
f 5692 5040 4988 
f 4297 4120 4511 
f 2387 5522 5693 
f 2225 5693 5522 
f 1965 1964 5457 
f 280 5457 1964 
f 5695 5001 5694 
f 3026 5694 5001 
f 5020 5679 4576 
f 4577 4576 5679 
f 1201 2016 2014 
f 4896 24 5323 
f 5676 5323 24 
f 1008 1000 990 
f 3522 1839 1837 
f 2677 4363 1748 
f 1609 1748 4363 
f 3964 2995 5471 
f 2824 2822 3797 
f 4113 4715 1296 
f 1298 1296 4715 
f 3663 1704 3742 
f 3926 4675 3677 
f 4261 3677 4675 
f 5540 4469 3029 
f 4571 5696 3725 
f 4004 3725 5696 
f 5697 5460 2630 
f 3926 5513 3925 
f 4726 3925 5513 
f 4222 2560 1685 
f 5698 5585 5617 
f 1374 5617 5585 
f 251 5241 5678 
f 4370 5678 5241 
f 951 5539 3840 
f 721 3840 5539 
f 2384 2386 3221 
f 2747 3150 3152 
f 5700 5699 5499 
f 4174 4412 3408 
f 289 3408 4412 
f 4084 2383 2258 
f 3736 5701 1411 
f 5702 1411 5701 
f 4475 4886 4892 
f 5630 3834 3203 
f 1734 3203 3834 
f 2840 1701 1703 
f 2924 1728 773 
f 2954 2957 3603 
f 5703 3311 4587 
f 1630 4431 3137 
f 3263 4846 1753 
f 591 1753 4846 
f 3007 2464 2465 
f 3723 2484 5430 
f 4596 5430 2484 
f 5704 3605 3608 
f 1709 5677 4272 
f 2301 5372 2303 
f 5705 2303 5372 
f 4326 4095 2724 
f 5464 1842 1845 
f 3937 2308 5127 
f 2348 5127 2308 
f 5694 338 5695 
f 341 5695 338 
f 4355 4027 4025 
f 4319 5706 4320 
f 4367 4959 4365 
f 308 4365 4959 
f 5708 4856 5707 
f 5709 5707 4856 
f 5044 5710 4884 
f 1724 4884 5710 
f 5501 3696 5500 
f 5227 1740 1738 
f 3998 3966 3104 
f 914 3919 3918 
f 655 656 4590 
f 5673 3421 3422 
f 3077 2648 4646 
f 3761 4646 2648 
f 2169 4747 1897 
f 3105 1111 3946 
f 2266 3946 1111 
f 3817 4689 5628 
f 3141 5605 3140 
f 405 5333 402 
f 4598 1876 1877 
f 2058 5711 3328 
f 904 3328 5711 
f 3219 2402 2403 
f 4313 5712 4897 
f 4899 4897 5712 
f 1637 4814 2592 
f 4222 1685 2551 
f 2326 4339 2323 
f 70 4081 3110 
f 4815 4018 3713 
f 5713 3713 4018 
f 3496 5483 4450 
f 4255 4450 5483 
f 3307 5106 5105 
f 3405 3403 1985 
f 5714 1985 3403 
f 5715 1714 3975 
f 3974 3975 1714 
f 3787 4017 3785 
f 3547 4836 281 
f 4732 4731 781 
f 4122 2394 2392 
f 4795 440 438 
f 4092 5716 4091 
f 5415 4091 5716 
f 5718 1857 5717 
f 5504 5717 1857 
f 3420 3423 5719 
f 5071 5719 3423 
f 3197 3273 5275 
f 2941 5643 5720 
f 2536 5146 2676 
f 4362 4189 4562 
f 1335 1333 4709 
f 3450 4263 5335 
f 3531 5591 682 
f 4978 4544 2627 
f 4022 2627 4544 
f 4190 2482 2483 
f 3453 3451 5569 
f 1334 5569 3451 
f 4317 4741 4314 
f 3817 3932 3930 
f 2904 5423 4466 
f 5721 4466 5423 
f 3702 2608 2606 
f 799 2932 801 
f 605 2834 3121 
f 2074 4397 4398 
f 1459 5481 1461 
f 3462 5722 3461 
f 3638 3461 5722 
f 2249 2250 3730 
f 3101 3600 2571 
f 2573 2571 3600 
f 5083 5129 114 
f 4795 5134 4678 
f 4354 5673 3422 
f 1730 1733 3506 
f 3508 3506 1733 
f 2690 3408 1631 
f 3726 185 3727 
f 4989 4990 5415 
f 4986 4871 3904 
f 5723 3904 4871 
f 5654 2094 5181 
f 5177 4410 162 
f 3144 1373 2222 
f 2330 2502 2505 
f 509 1586 502 
f 592 5724 582 
f 4429 5725 4335 
f 4919 4335 5725 
f 1628 1248 4431 
f 4578 5594 5055 
f 3626 3624 5161 
f 4953 5161 3624 
f 4123 4193 4432 
f 5308 3073 4683 
f 2190 3659 2189 
f 5726 4480 4856 
f 3021 5426 3020 
f 5263 5222 5193 
f 5561 5562 5600 
f 5284 5283 4155 
f 5271 2844 3167 
f 4861 3167 2844 
f 4207 4213 4208 
f 2333 2334 5006 
f 3302 1385 5265 
f 1535 5728 5727 
f 4554 5727 5728 
f 1531 1354 1352 
f 5155 4060 5729 
f 5730 5729 4060 
f 3722 2789 2787 
f 3281 1621 1622 
f 1671 5427 1673 
f 4329 1673 5427 
f 5732 5731 4912 
f 1509 4835 2080 
f 5495 3233 3232 
f 5734 5733 4280 
f 3227 5400 3236 
f 1878 3236 5400 
f 5572 3695 3387 
f 352 3387 3695 
f 3926 3677 5513 
f 3675 5513 3677 
f 2863 2162 2864 
f 3683 3263 5123 
f 4795 3592 440 
f 5599 3542 3299 
f 4368 3726 2903 
f 1967 5014 1969 
f 423 1969 5014 
f 1275 1273 4390 
f 2608 3702 3703 
f 3270 761 759 
f 5456 4504 3224 
f 5688 5686 3142 
f 5362 3142 5686 
f 5735 3245 1074 
f 3965 1406 2097 
f 1407 2097 1406 
f 5045 224 4926 
f 770 5736 767 
f 4771 767 5736 
f 3688 3686 4255 
f 1857 5503 5504 
f 5315 1759 340 
f 3944 340 1759 
f 4043 4434 2544 
f 580 565 1915 
f 566 1915 565 
f 2806 3679 5010 
f 2829 5010 3679 
f 4586 5568 1334 
f 5028 3626 5161 
f 3867 4006 3869 
f 2798 5560 2100 
f 180 198 201 
f 5108 5727 2764 
f 4554 2764 5727 
f 3737 3254 3255 
f 2531 4336 2530 
f 5216 3640 4878 
f 4957 4319 2594 
f 1271 1269 2999 
f 5078 2999 1269 
f 1507 1505 4380 
f 5007 120 4594 
f 5339 2554 4220 
f 4454 4366 4453 
f 4952 4453 4366 
f 5723 4464 3903 
f 2188 3903 4464 
f 71 1410 1409 
f 3951 4061 5737 
f 4051 5737 4061 
f 5738 5327 2576 
f 5246 2576 5327 
f 3065 2163 3216 
f 1423 3216 2163 
f 4270 4269 4910 
f 4399 1463 1464 
f 4513 3886 3187 
f 5578 5739 4978 
f 3981 3162 3124 
f 3864 99 1007 
f 5407 4520 4519 
f 2556 2949 2581 
f 2947 2581 2949 
f 3560 4966 5740 
f 5059 4893 5741 
f 5659 5741 4893 
f 2646 3078 5191 
f 721 3692 5573 
f 3239 5332 1645 
f 5210 5742 856 
f 5234 856 5742 
f 1030 1743 1029 
f 2115 5343 5464 
f 5495 5464 5343 
f 5295 1375 759 
f 5743 5442 1441 
f 5744 2841 5392 
f 5120 5392 2841 
f 5138 4789 4032 
f 4034 4032 4789 
f 5555 5283 4317 
f 574 1601 571 
f 404 402 1934 
f 1931 1934 402 
f 5263 3980 4796 
f 2761 4796 3980 
f 4651 4197 3910 
f 2345 4901 4902 
f 1059 1057 1957 
f 4571 4693 5696 
f 2692 5696 4693 
f 3112 3686 4420 
f 3078 2646 3077 
f 2648 3077 2646 
f 5745 3334 5040 
f 5747 5746 4743 
f 4642 4465 5459 
f 4057 5459 4465 
f 2131 5140 1918 
f 4988 4984 5745 
f 5635 5745 4984 
f 234 4096 5219 
f 5692 4988 5745 
f 2615 3509 2207 
f 1887 5270 5269 
f 5498 4908 4906 
f 5749 3671 5748 
f 5631 5748 3671 
f 3329 5424 1797 
f 4824 1797 5424 
f 4501 4801 5101 
f 5314 3720 5673 
f 5638 5396 2151 
f 5750 3392 4036 
f 5752 5316 5751 
f 5753 5751 5316 
f 2640 2287 2285 
f 1295 4345 768 
f 3217 2402 3219 
f 719 3937 5230 
f 5127 5230 3937 
f 4177 2322 2321 
f 4771 3863 5658 
f 3861 5658 3863 
f 5745 5040 5692 
f 4464 4465 4642 
f 221 219 3709 
f 5021 3709 219 
f 782 4732 781 
f 5754 1634 1635 
f 2901 4213 2903 
f 4124 2680 5680 
f 1765 360 2708 
f 4833 5753 5316 
f 5702 5755 4081 
f 4080 4081 5755 
f 4201 4671 4200 
f 2538 1297 4343 
f 769 4343 1297 
f 4365 309 4952 
f 3122 4952 309 
f 4500 681 680 
f 2275 3745 2276 
f 3743 2276 3745 
f 4530 5487 2507 
f 5486 2507 5487 
f 4332 4330 279 
f 3547 279 4330 
f 838 1817 1573 
f 1575 1573 1817 
f 5224 5612 5597 
f 3300 3298 5440 
f 1727 2923 5132 
f 4940 5186 5756 
f 2259 5756 5186 
f 4810 2408 2409 
f 925 2122 932 
f 900 1251 902 
f 1249 902 1251 
f 4898 2081 4897 
f 339 340 1301 
f 3944 1301 340 
f 2676 2558 2557 
f 5591 3531 4620 
f 3003 119 3005 
f 117 3005 119 
f 4510 3717 5757 
f 5285 5757 3717 
f 2663 2662 2680 
f 3422 3268 4352 
f 2852 4352 3268 
f 4134 5238 5751 
f 3682 5751 5238 
f 5326 1892 1890 
f 3365 4655 4152 
f 3141 3566 5758 
f 3214 5758 3566 
f 3428 3016 3015 
f 2225 2595 3621 
f 5257 921 3460 
f 617 625 619 
f 4650 619 625 
f 4626 5267 4627 
f 3386 2983 2981 
f 574 5431 1601 
f 4512 5209 2799 
f 3743 2799 5209 
f 5352 4415 4372 
f 1059 1957 3458 
f 4078 5472 3493 
f 3238 142 3502 
f 2992 3848 2528 
f 1836 1839 4779 
f 4349 4343 4342 
f 2525 2528 4539 
f 4404 4112 3792 
f 3794 3792 4112 
f 5759 1529 5303 
f 5760 5303 1529 
f 5761 3803 4411 
f 4364 4189 4362 
f 941 4298 5381 
f 2080 1511 1509 
f 2845 1944 1958 
f 5762 4033 4031 
f 4535 3978 3979 
f 3006 3004 4698 
f 2641 4698 3004 
f 5601 5602 5635 
f 5745 5635 5602 
f 4911 2794 5750 
f 3827 5750 2794 
f 1628 1245 1248 
f 4662 4793 4666 
f 5597 1792 5224 
f 3139 3142 5362 
f 5750 3827 3825 
f 2026 1248 1246 
f 5763 5433 182 
f 1274 1235 1236 
f 4381 4090 4093 
f 5567 1596 4417 
f 5472 2359 3015 
f 2926 2927 2349 
f 4848 143 144 
f 2711 2453 2455 
f 4015 2937 2621 
f 5706 4319 5764 
f 4957 5764 4319 
f 5658 5296 4771 
f 3546 4428 2772 
f 2771 2772 4428 
f 146 1552 2605 
f 5207 2155 2158 
f 5520 5765 5356 
f 5354 5356 5765 
f 2005 1577 1579 
f 4160 3987 3988 
f 2950 3016 3427 
f 3231 3233 5594 
f 3032 5594 3233 
f 2133 4054 3257 
f 5367 5694 5368 
f 3026 5368 5694 
f 2446 3409 5714 
f 1984 5714 3409 
f 5226 2671 5054 
f 2669 5054 2671 
f 2598 548 475 
f 5767 5766 4067 
f 526 1745 5768 
f 4784 5768 1745 
f 5171 5202 4070 
f 2794 1897 4839 
f 5769 2221 5582 
f 1940 2268 1935 
f 5003 5360 1623 
f 4998 5770 5176 
f 2446 5176 5770 
f 2678 4657 4652 
f 2985 2262 3272 
f 3371 2819 2817 
f 3462 5543 1522 
f 2135 987 985 
f 5772 5771 4690 
f 482 483 3157 
f 4063 3198 2757 
f 2483 2695 4561 
f 5249 2307 5434 
f 2305 5434 2307 
f 928 931 5773 
f 2370 5773 931 
f 3102 3997 3998 
f 5218 5666 5334 
f 1450 5287 2840 
f 809 5027 811 
f 524 525 4944 
f 526 524 4944 
f 1382 2975 1381 
f 4111 1381 2975 
f 4136 5164 5528 
f 5222 1026 2907 
f 1024 2907 1026 
f 4613 5475 1666 
f 1668 1666 5475 
f 5367 4529 338 
f 340 338 4529 
f 2749 3557 809 
f 3555 809 3557 
f 2142 956 936 
f 3241 1056 3240 
f 3465 3240 1056 
f 4100 5214 5342 
f 3945 1626 5361 
f 1624 5361 1626 
f 3204 4671 5774 
f 4201 5774 4671 
f 3953 1718 1997 
f 5149 2859 2860 
f 2991 2989 4489 
f 2100 2800 2798 
f 2951 3574 2952 
f 5765 2749 2748 
f 3400 5311 3399 
f 1506 3399 5311 
f 2387 2390 4825 
f 5288 234 5219 
f 4768 5775 4769 
f 5668 4769 5775 
f 5090 5242 5361 
f 4947 5361 5242 
f 4786 557 555 
f 2850 643 2851 
f 4713 4855 5085 
f 5121 5534 5122 
f 4928 5122 5534 
f 3129 1195 1193 
f 5144 5143 3958 
f 5023 3958 5143 
f 4848 3237 4315 
f 4123 4432 5131 
f 4063 2757 3771 
f 4775 5452 4774 
f 5035 4774 5452 
f 3558 3622 556 
f 2475 2126 2124 
f 1702 1427 1428 
f 3884 2026 1246 
f 5721 4602 4467 
f 4604 4467 4602 
f 4299 2103 1256 
f 1253 1256 2103 
f 4575 5776 1779 
f 3631 1779 5776 
f 591 4448 1750 
f 4851 1750 4448 
f 5080 3935 5525 
f 112 5525 3935 
f 4226 4450 4255 
f 4539 5777 5725 
f 4919 5725 5777 
f 3493 2356 4078 
f 5525 112 110 
f 4742 3037 3578 
f 2653 5135 1997 
f 3953 1997 5135 
f 4756 5331 3206 
f 2297 4955 2298 
f 3132 1457 3134 
f 2849 4394 1698 
f 3356 5704 111 
f 110 111 5704 
f 2828 5704 3356 
f 1585 1586 1675 
f 1677 1675 1586 
f 5779 5778 2873 
f 2492 236 4667 
f 5250 5709 3535 
f 5566 3535 5709 
f 1024 1027 5780 
f 5781 5780 1027 
f 4625 1875 5400 
f 1878 5400 1875 
f 3890 5782 3889 
f 4826 3889 5782 
f 1178 1176 2318 
f 870 2250 872 
f 2248 872 2250 
f 2552 1688 1025 
f 1027 1025 1688 
f 5783 5555 4317 
f 3834 4284 1734 
f 5194 5646 2871 
f 2146 2622 3610 
f 5554 3610 2622 
f 5785 5784 4320 
f 4296 5665 4249 
f 5786 4249 5665 
f 1655 1656 2488 
f 5159 3453 5071 
f 4585 5071 3453 
f 5156 5217 5407 
f 3269 5407 5217 
f 939 4140 2130 
f 925 2130 4140 
f 4313 4899 5712 
f 5284 4155 5066 
f 4154 5066 4155 
f 5730 4060 5787 
f 2954 5787 4060 
f 1732 4770 4771 
f 892 678 676 
f 5169 1755 1136 
f 5024 3333 3334 
f 3722 4407 4555 
f 1712 5788 5169 
f 1754 5169 5788 
f 3238 3503 1794 
f 1882 4908 5498 
f 5789 4434 4043 
f 5520 4149 4816 
f 3264 5453 5152 
f 1415 1416 2635 
f 2637 2635 1416 
f 2775 2135 985 
f 5209 4512 4514 
f 709 5590 5065 
f 4299 1256 5142 
f 1825 1827 1354 
f 1353 1354 1827 
f 1403 1401 2934 
f 4637 5790 3012 
f 5153 3012 5790 
f 3600 5310 2437 
f 5105 2437 5310 
f 3044 4406 3045 
f 1355 1996 1718 
f 3220 3025 3855 
f 4955 2297 2548 
f 5792 5791 3880 
f 3680 3975 1324 
f 1137 1324 3975 
f 5671 2759 3196 
f 5793 1390 1768 
f 1388 1768 1390 
f 4822 5184 4002 
f 5794 5790 4637 
f 2762 5108 2764 
f 1533 2551 5728 
f 4554 5728 2551 
f 2536 2676 2557 
f 3568 2513 2511 
f 3097 2406 5689 
f 5690 5689 2406 
f 1507 5450 1504 
f 5454 3474 3475 
f 3903 2188 2187 
f 3250 4017 4422 
f 4815 4422 4017 
f 2927 2925 4068 
f 3445 2394 3447 
f 222 225 2767 
f 4525 4159 4161 
f 3388 5416 5573 
f 3152 4398 2747 
f 3863 3506 3860 
f 4430 2465 2463 
f 931 4491 2370 
f 4379 2410 2408 
f 2549 1418 1421 
f 5099 5098 2842 
f 4861 2842 5098 
f 1138 5564 4827 
f 5003 3882 3883 
f 5785 4320 5795 
f 5706 5795 4320 
f 5796 5677 1709 
f 5798 4523 5797 
f 4280 5797 4523 
f 1455 3435 1457 
f 5459 4502 5458 
f 3513 5458 4502 
f 3380 4841 3382 
f 3395 3382 4841 
f 777 1812 4587 
f 5397 3880 3878 
f 3756 4730 3758 
f 4008 1978 3799 
f 2965 1883 4536 
f 458 450 174 
f 941 5380 4903 
f 2003 3409 2002 
f 5275 5061 3197 
f 3199 3197 5061 
f 4841 4597 2802 
f 587 589 595 
f 3999 3998 3996 
f 5603 1531 1530 
f 3791 5592 5591 
f 1482 1480 1479 
f 5359 5175 5422 
f 3581 5422 5175 
f 5799 4964 4962 
f 1255 5300 4710 
f 4566 978 4738 
f 3202 1737 4178 
f 2975 5181 4111 
f 4809 4111 5181 
f 5780 5781 1214 
f 2986 1214 5781 
f 2214 2215 3779 
f 3379 3377 5122 
f 2703 2702 5650 
f 5800 5650 2702 
f 4713 5085 5084 
f 3722 4555 4451 
f 1024 5780 2906 
f 1214 2906 5780 
f 5257 918 921 
f 5653 3463 5334 
f 2020 2018 4934 
f 2008 4843 3013 
f 3012 3013 4843 
f 3812 3811 4853 
f 4846 5801 591 
f 284 591 5801 
f 1191 3129 1193 
f 5322 930 4749 
f 2446 5714 3404 
f 3403 3404 5714 
f 4145 5118 4144 
f 2295 3618 4738 
f 4566 4738 3618 
f 5802 5792 3880 
f 1456 661 1458 
f 662 1458 661 
f 1342 1343 4890 
f 3280 4236 3279 
f 3648 2165 2164 
f 3728 1819 427 
f 5783 4734 5597 
f 3330 2353 3932 
f 3102 1776 3997 
f 2537 3997 1776 
f 3329 1503 2391 
f 3396 478 5577 
f 479 5577 478 
f 4183 3165 3168 
f 5479 5009 3985 
f 1205 3646 3645 
f 5023 444 3958 
f 2118 3246 5571 
f 5095 5571 3246 
f 4561 5803 4560 
f 4572 4560 5803 
f 4850 4699 4700 
f 2049 2047 824 
f 5791 3877 3880 
f 1989 2990 1987 
f 1817 4528 1575 
f 1995 2655 2653 
f 5548 21 4310 
f 5022 2686 2684 
f 2650 4805 4153 
f 2025 3003 3907 
f 4281 5734 4280 
f 3351 5517 5330 
f 4746 5330 5517 
f 4583 3968 2726 
f 2925 4873 4764 
f 3419 186 184 
f 4495 4820 5302 
f 1325 4377 2579 
f 2354 235 2355 
f 1463 4399 4402 
f 2187 1121 3253 
f 2446 3404 5176 
f 5173 5176 3404 
f 220 5348 219 
f 5804 219 5348 
f 946 5321 4309 
f 3406 4309 5321 
f 2384 3221 2198 
f 5805 4938 4089 
f 4183 3653 4408 
f 3651 4408 3653 
f 4974 3990 1290 
f 4182 4703 3652 
f 436 3853 1513 
f 1515 1513 3853 
f 4130 3789 2077 
f 570 4439 567 
f 3630 5661 3629 
f 2554 5490 2556 
f 5472 2556 5490 
f 3555 5027 809 
f 4016 3757 4018 
f 5713 4018 3757 
f 2124 4292 2246 
f 4992 2693 2694 
f 3487 4366 4454 
f 4854 4402 4400 
f 3645 2967 2968 
f 5806 3971 4459 
f 5263 2774 5222 
f 351 352 3695 
f 4097 5249 5434 
f 2742 3936 3107 
f 1398 3367 181 
f 4838 4337 4038 
f 5528 5321 4136 
f 1300 4946 1302 
f 2109 5736 770 
f 1269 2714 5078 
f 5807 5501 5499 
f 4289 878 3538 
f 3673 1558 1556 
f 4099 1934 3027 
f 1743 1231 3480 
f 3512 5458 3513 
f 2625 4232 2623 
f 1580 4995 1582 
f 1558 3673 3674 
f 5583 3847 3848 
f 5569 4586 3453 
f 1001 1936 1937 
f 2009 4843 2008 
f 4126 3375 4125 
f 5238 1690 1820 
f 575 5808 5373 
f 4552 888 886 
f 5106 3307 2061 
f 5809 3858 3859 
f 2661 5317 5641 
f 4913 5641 5317 
f 1122 3106 1124 
f 929 4491 931 
f 4978 5810 4544 
f 5763 182 180 
f 2759 5041 2756 
f 2198 5474 2384 
f 2655 1353 5651 
f 4326 2723 5524 
f 2725 5524 2723 
f 3822 1445 1443 
f 3146 3149 4645 
f 1334 4797 4586 
f 4577 5679 5776 
f 4791 5776 5679 
f 2828 3356 2825 
f 3635 5130 3634 
f 1143 4804 1142 
f 1731 4563 1733 
f 3508 1733 4563 
f 4389 2102 2862 
f 112 3935 1644 
f 5462 723 4931 
f 726 4931 723 
f 1925 888 1927 
f 5494 3341 3521 
f 2021 5685 4936 
f 3740 4663 3739 
f 4665 3739 4663 
f 3682 3378 5316 
f 3376 5316 3378 
f 5449 2367 5448 
f 5811 5448 2367 
f 3159 3259 103 
f 1473 1476 1224 
f 1226 1224 1476 
f 4733 1792 5597 
f 682 98 101 
f 4393 5505 1951 
f 1950 1951 5505 
f 2733 3800 1261 
f 2491 3705 3072 
f 2344 2345 4902 
f 3469 2668 4350 
f 3605 5704 2828 
f 4104 4867 4868 
f 5596 2377 5657 
f 4787 5657 2377 
f 5812 4011 4009 
f 5545 681 4500 
f 1891 2121 961 
f 5591 4620 3791 
f 4909 3791 4620 
f 1776 3102 1778 
f 4019 5321 946 
f 2295 3152 3151 
f 4699 4850 4701 
f 4967 3931 2353 
f 1173 4790 4788 
f 1028 1031 3411 
f 4245 892 5813 
f 891 5813 892 
f 5628 4284 3834 
f 5719 5071 4585 
f 5814 5732 5556 
f 1173 1174 4790 
f 3392 3825 3394 
f 3623 3394 3825 
f 5024 4651 4956 
f 3665 4956 4651 
f 5815 4290 4292 
f 3611 5816 5596 
f 2376 5596 5816 
f 661 3277 663 
f 3283 3546 2772 
f 1649 3723 5430 
f 1853 1528 86 
f 4395 3401 5450 
f 5602 3334 5745 
f 2327 2367 5449 
f 2008 3013 4351 
f 5278 5111 5280 
f 5109 5280 5111 
f 4092 374 5716 
f 5415 5716 374 
f 5663 2351 2352 
f 3082 1079 1077 
f 454 1515 453 
f 4750 3694 952 
f 2742 4098 3936 
f 3938 3936 4098 
f 1938 1962 3790 
f 3787 2673 3756 
f 2675 3756 2673 
f 4133 677 678 
f 2715 2712 2184 
f 4484 2184 2712 
f 3627 5540 3973 
f 5375 3973 5540 
f 3105 2879 1124 
f 4655 2719 5388 
f 4665 3587 3816 
f 4447 1498 3206 
f 5665 4296 5334 
f 2548 1144 2502 
f 4795 1107 2704 
f 5174 5175 5359 
f 5487 4530 2664 
f 5317 2663 3147 
f 5394 4422 4815 
f 5603 1530 1947 
f 5196 2817 1700 
f 2605 3344 4265 
f 4056 950 3033 
f 5514 5817 2656 
f 2200 2656 5817 
f 3871 4075 5818 
f 752 5445 3483 
f 4127 4792 4046 
f 810 811 4439 
f 1832 2495 3669 
f 4693 4992 2692 
f 2775 3308 3284 
f 5820 5605 5819 
f 3141 5819 5605 
f 5041 2759 5671 
f 4674 5524 2725 
f 4090 1505 4338 
f 5821 5319 3588 
f 5689 4892 4893 
f 4286 4522 4288 
f 5535 3188 3186 
f 2408 5182 2094 
f 4538 3846 2508 
f 2510 2508 3846 
f 1535 1533 5728 
f 3281 5172 3278 
f 5019 3278 5172 
f 3002 569 5822 
f 4987 5822 569 
f 5824 5327 5823 
f 5738 5823 5327 
f 1630 5825 5114 
f 1879 5114 5825 
f 5826 223 5126 
f 913 911 4231 
f 1855 5827 1857 
f 5503 1857 5827 
f 1172 3293 1186 
f 5011 5010 2829 
f 5829 5828 2459 
f 5650 4097 3111 
f 3554 5359 4878 
f 5422 4878 5359 
f 70 1672 72 
f 2168 4648 1459 
f 3059 3079 2227 
f 577 575 1086 
f 1809 4294 1063 
f 669 668 674 
f 5831 1922 5830 
f 5832 5830 1922 
f 5136 5138 4481 
f 2020 4934 2017 
f 1934 4099 404 
f 5315 3444 1759 
f 5430 3381 1649 
f 3527 4576 4997 
f 1399 3367 1398 
f 5301 3576 2071 
f 3034 5833 5299 
f 3842 5299 5833 
f 2375 5330 4746 
f 4528 4485 2713 
f 5683 4444 4443 
f 5092 4114 4113 
f 5766 5834 4067 
f 5215 3640 5216 
f 4398 3152 2074 
f 5301 2074 3152 
f 5405 5835 4605 
f 5660 1967 4462 
f 2403 385 388 
f 5453 3264 4739 
f 3065 3216 609 
f 5836 2168 5619 
f 2169 5619 2168 
f 2744 3497 5466 
f 4874 5466 3497 
f 1715 1754 5788 
f 2513 251 5678 
f 3289 783 781 
f 4993 3715 5621 
f 5622 5621 3715 
f 1485 1483 2052 
f 5336 5542 4495 
f 635 627 4208 
f 1872 1822 3005 
f 3421 3721 3423 
f 5838 5552 5837 
f 3614 5839 3613 
f 3072 4805 2650 
f 1891 961 960 
f 2401 2399 5467 
f 4778 4302 5840 
f 3698 5840 4302 
f 919 4476 3081 
f 5160 3081 4476 
f 2050 2052 3847 
f 5404 1213 3277 
f 1211 3277 1213 
f 1568 5773 2370 
f 5264 1804 1449 
f 1451 1449 1804 
f 1433 4000 5375 
f 2039 5710 5044 
f 5693 2389 2387 
f 3176 1235 1275 
f 1355 3153 3129 
f 5368 3625 3626 
f 1910 5144 3958 
f 4154 2937 4014 
f 5363 5382 1993 
f 3355 1006 100 
f 99 100 1006 
f 4660 4658 5841 
f 5307 5841 4658 
f 5437 1629 5114 
f 3826 5468 3173 
f 3175 3173 5468 
f 4629 4736 5842 
f 5254 5842 4736 
f 5105 4740 3307 
f 4449 4874 3497 
f 5843 4401 4073 
f 1280 3155 1282 
f 2683 257 258 
f 5750 3825 3392 
f 3876 3471 4757 
f 5121 5575 1751 
f 1753 1751 5575 
f 3427 107 105 
f 1469 1472 1763 
f 2479 1763 1472 
f 494 489 4166 
f 4509 310 308 
f 5844 4148 3440 
f 5399 4625 5400 
f 3428 107 3429 
f 3427 3429 107 
f 2667 3893 3056 
f 3710 5022 2684 
f 5845 2780 2778 
f 5441 5266 5265 
f 1294 5519 1293 
f 5049 5047 2603 
f 5533 2603 5047 
f 2180 3039 1017 
f 2503 2823 2505 
f 2590 2505 2823 
f 4269 1465 3811 
f 4352 4354 3422 
f 5043 237 2354 
f 4429 4489 5725 
f 2525 5725 4489 
f 5676 24 22 
f 3817 3930 4689 
f 3680 3679 4714 
f 3003 2025 119 
f 5276 5093 2826 
f 3607 2826 5093 
f 4683 5846 5308 
f 5309 5308 5846 
f 4835 1509 4477 
f 1270 5484 2231 
f 2232 2231 5484 
f 3173 3174 5429 
f 2905 4807 3132 
f 4808 3132 4807 
f 4248 4249 5786 
f 1907 4014 1906 
f 4013 1906 4014 
f 3090 2127 2128 
f 5612 5847 3610 
f 3611 3610 5847 
f 5426 3021 5626 
f 3939 3937 719 
f 5454 5848 1820 
f 5238 1820 5848 
f 3643 2309 2054 
f 4058 5264 1449 
f 4252 5521 4251 
f 3532 4392 5380 
f 3600 2437 1848 
f 2071 2074 5301 
f 3122 1495 4447 
f 1628 4486 1245 
f 586 57 55 
f 1439 5743 1441 
f 4528 2713 3274 
f 5483 4827 3688 
f 2820 1384 5081 
f 679 4800 5088 
f 4799 5088 4800 
f 4830 2058 3199 
f 2056 3199 2058 
f 2248 873 872 
f 1739 4435 1738 
f 2306 2348 2308 
f 4945 1726 2732 
f 3291 1183 1186 
f 3420 3268 3422 
f 5415 374 5461 
f 5039 3218 2160 
f 3638 3256 3813 
f 2081 4898 5184 
f 4100 5342 5455 
f 4721 5622 3927 
f 3924 3927 5622 
f 4278 3507 5633 
f 3505 5633 3507 
f 2586 5295 5293 
f 2491 2489 5518 
f 2749 809 812 
f 1891 3929 981 
f 983 981 3929 
f 2459 3046 2456 
f 1876 2456 3046 
f 3503 3504 5476 
f 4831 4988 5041 
f 422 1499 1968 
f 5702 4081 70 
f 5551 5849 5550 
f 4904 2402 3217 
f 3777 2214 3779 
f 5850 1225 1402 
f 4857 3755 3758 
f 1134 1994 1115 
f 1969 421 422 
f 2504 3798 2503 
f 1159 1157 1155 
f 1614 3561 1527 
f 4585 3420 5719 
f 1525 5722 3462 
f 4034 5762 4031 
f 3692 721 5539 
f 4002 1663 4822 
f 3448 5490 5339 
f 2554 5339 5490 
f 5826 2400 225 
f 2398 225 2400 
f 5060 5275 5186 
f 2261 5186 5275 
f 2389 5693 2223 
f 2225 2223 5693 
f 2933 5238 4134 
f 5469 3214 4334 
f 3933 3931 4967 
f 2636 3568 2638 
f 216 214 3513 
f 1610 1613 5042 
f 2034 5309 3556 
f 4567 3556 5309 
f 5784 4318 4320 
f 5050 3802 3801 
f 396 392 394 
f 3977 2969 2972 
f 3526 4550 2720 
f 5454 5453 5848 
f 4739 5848 5453 
f 2333 5199 2916 
f 5201 1174 5435 
f 4707 5435 1174 
f 3144 2222 2225 
f 3753 3379 5122 
f 3300 5440 4074 
f 4264 889 887 
f 1145 4582 1572 
f 4904 3217 3218 
f 5851 5639 5672 
f 2420 3666 2426 
f 1060 4536 3691 
f 2717 2708 2521 
f 4341 5013 1486 
f 145 1486 5013 
f 1973 350 2847 
f 353 2847 350 
f 4880 3011 3891 
f 4945 1728 1726 
f 3874 3870 2022 
f 2254 2022 3870 
f 3196 2056 5671 
f 2057 5671 2056 
f 2976 873 5655 
f 4126 3573 3375 
f 1537 1540 3908 
f 4088 3970 2167 
f 2336 487 490 
f 4289 3824 880 
f 882 880 3824 
f 1947 5236 5603 
f 3876 5603 5236 
f 3611 5847 5816 
f 5674 5816 5847 
f 3402 3405 4159 
f 3987 4159 3405 
f 1745 5012 4784 
f 5080 4784 5012 
f 2996 2818 4865 
f 4683 4682 5846 
f 5852 5846 4682 
f 5663 3412 2351 
f 4772 1472 1470 
f 3258 2132 2133 
f 3497 2744 3327 
f 4856 4855 5566 
f 4713 5566 4855 
f 2409 4902 4810 
f 2166 187 4368 
f 2219 1636 2221 
f 3495 3496 4450 
f 5853 2577 2575 
f 1772 2506 5854 
f 4496 5854 2506 
f 1260 757 755 
f 4716 5563 3550 
f 1314 3347 1313 
f 3339 5069 4085 
f 4983 5855 3442 
f 1989 1785 758 
f 3957 3955 4613 
f 5857 5856 5290 
f 396 397 392 
f 3919 4725 3545 
f 5097 5099 5391 
f 4371 4372 4413 
f 2276 3743 3760 
f 5209 3760 3743 
f 1751 5534 5121 
f 5208 3760 5209 
f 3285 4508 1028 
f 320 321 2697 
f 2208 2217 2209 
f 5416 5282 718 
f 4674 5438 3878 
f 5482 3395 4841 
f 5421 5134 5135 
f 4714 5715 3680 
f 3975 3680 5715 
f 4373 4529 5367 
f 474 1169 1170 
f 5446 3243 3244 
f 3757 4462 5713 
f 3713 5713 4462 
f 3685 3688 3923 
f 3949 4423 4422 
f 1556 557 3673 
f 1532 3389 1448 
f 4239 5347 4238 
f 5497 4549 4819 
f 3349 4819 4549 
f 2249 3730 3684 
f 220 4107 5349 
f 2114 4754 4639 
f 5414 4091 5415 
f 2403 2269 3103 
f 699 698 702 
f 2654 5514 2656 
f 5705 2508 2509 
f 5211 5858 5210 
f 703 702 3871 
f 3578 2867 4742 
f 3309 2683 3321 
f 3136 3520 2612 
f 3900 4180 3901 
f 5762 3901 4180 
f 1913 3988 1985 
f 4903 4263 2725 
f 4264 2725 4263 
f 237 4096 234 
f 2649 4219 5446 
f 2143 974 973 
f 1272 1790 2454 
f 2455 2454 1790 
f 4843 2009 4636 
f 1569 4636 2009 
f 5539 951 949 
f 3705 2491 5518 
f 1996 2655 1995 
f 4546 2546 1798 
f 5165 5527 5164 
f 2270 4471 2271 
f 2668 3468 1587 
f 1589 1587 3468 
f 3525 3146 4645 
f 3943 2432 4216 
f 3136 3138 3520 
f 5600 4235 5859 
f 4233 5859 4235 
f 2225 5522 2595 
f 2597 2595 5522 
f 4343 4349 4350 
f 1001 1004 1119 
f 3960 5448 5811 
f 5012 1390 5793 
f 5860 3379 3753 
f 4096 4094 4211 
f 5343 5859 4233 
f 3012 5153 3014 
f 2815 2038 2036 
f 2572 4822 2574 
f 3814 5630 4383 
f 3202 4383 5630 
f 2655 1996 1353 
f 1355 1353 1996 
f 1742 2952 1744 
f 4589 1646 4591 
f 4286 2633 4522 
f 4961 1063 1061 
f 5861 4064 775 
f 2738 2736 278 
f 5563 4716 4715 
f 3664 3085 1706 
f 3649 1624 1627 
f 5324 5325 3552 
f 1502 3552 5325 
f 5862 4484 4781 
f 4674 4055 5524 
f 281 4835 4477 
f 4846 4844 284 
f 4681 5166 1844 
f 4993 3431 3715 
f 3608 5525 5704 
f 110 5704 5525 
f 2183 3174 3172 
f 3148 3526 2720 
f 1511 2078 1849 
f 2367 3262 2366 
f 2247 2474 2475 
f 4420 3010 2701 
f 1902 2701 3010 
f 3185 4513 3187 
f 3627 3625 5540 
f 2093 3000 5102 
f 1473 1224 3731 
f 1225 3731 1224 
f 681 100 98 
f 3236 3235 3227 
f 3474 4387 1474 
f 3754 2114 2112 
f 2440 2435 3633 
f 5863 5808 575 
f 185 3726 4368 
f 283 4506 285 
f 4800 2485 3868 
f 5143 4540 5022 
f 2686 5022 4540 
f 5864 5730 5787 
f 4073 4569 2877 
f 5359 4615 5174 
f 4999 5174 4615 
f 3924 4675 3926 
f 4245 5813 5331 
f 891 5331 5813 
f 5825 657 1879 
f 1146 196 197 
f 5778 5292 5295 
f 3558 2944 3622 
f 3269 3267 4584 
f 5599 3299 5600 
f 3297 5600 3299 
f 5866 4965 5865 
f 5510 5865 4965 
f 208 4644 205 
f 1732 1730 4770 
f 3506 4770 1730 
f 2184 2182 2715 
f 5291 5857 5290 
f 4837 3332 4135 
f 5867 2280 4291 
f 5384 4418 4789 
f 5869 5868 4950 
f 2013 4950 5868 
f 5297 1808 1063 
f 1809 1063 1808 
f 5072 5682 3948 
f 923 5870 4231 
f 5720 2048 2941 
f 921 3081 2637 
f 4607 4022 4544 
f 1004 1002 2593 
f 4938 4088 4089 
f 5872 5289 5871 
f 5873 5871 5289 
f 5439 1992 747 
f 3745 2566 3744 
f 5875 5874 5363 
f 1637 1638 4814 
f 1491 5147 5515 
f 3669 5130 4621 
f 3052 4621 5130 
f 5874 5382 5363 
f 3244 2649 5446 
f 1872 3005 117 
f 3285 565 580 
f 4630 3609 5657 
f 5876 4480 5726 
f 3411 2812 1028 
f 3682 5848 5877 
f 4739 5877 5848 
f 5130 3049 3052 
f 378 379 2730 
f 1474 1955 3474 
f 1953 3474 1955 
f 263 246 240 
f 451 447 176 
f 4987 3833 4547 
f 5528 3406 5321 
f 2118 1660 3246 
f 4230 5711 2058 
f 5541 5878 4496 
f 2133 2131 1918 
f 2385 3709 3711 
f 5879 2514 4854 
f 4853 4854 2514 
f 5880 4037 4035 
f 5079 5452 4775 
f 2175 2176 1014 
f 2640 2641 1821 
f 1380 1521 1519 
f 5519 5191 3718 
f 3323 3019 2244 
f 4803 1708 1711 
f 590 4322 4321 
f 401 3796 397 
f 1802 5685 4951 
f 2021 4951 5685 
f 4531 3164 3667 
f 1365 3667 3164 
f 1855 5240 4623 
f 5235 3471 3876 
f 2683 258 1679 
f 5828 4238 5062 
f 5624 5625 4610 
f 3887 4610 5625 
f 2858 4164 3948 
f 5535 3186 3973 
f 3734 3303 3751 
f 5694 5367 338 
f 1959 2177 1961 
f 4115 2085 3499 
f 5746 5881 4743 
f 2838 5426 5626 
f 3113 1182 1180 
f 550 5272 5273 
f 5518 4778 1839 
f 2526 2992 2528 
f 3650 4915 5006 
f 5199 5006 4915 
f 5882 3992 1921 
f 5884 1921 5883 
f 1919 5883 1921 
f 4388 1226 4387 
f 4350 2538 4343 
f 3387 3388 5572 
f 5395 3228 3229 
f 5223 5328 5847 
f 5674 5847 5328 
f 5546 3781 5607 
f 3782 5607 3781 
f 3437 3438 1828 
f 4115 4715 4113 
f 5330 2375 2378 
f 2223 3777 2389 
f 1923 1979 4556 
f 5837 5552 5550 
f 3862 3507 4278 
f 1499 3352 3353 
f 5433 5432 1429 
f 2746 2744 5466 
f 4782 3898 5610 
f 3833 4987 4568 
f 3994 4568 4987 
f 5368 3026 3625 
f 5368 3626 4864 
f 5081 2634 2632 
f 3499 5563 4115 
f 4715 4115 5563 
f 2860 3302 5265 
f 1817 838 836 
f 4250 3736 34 
f 1399 574 572 
f 3757 5660 4462 
f 4043 4044 2981 
f 5779 2873 5885 
f 4970 5885 2873 
f 5886 3761 2648 
f 1564 3145 3622 
f 5550 3804 5226 
f 3567 3218 5039 
f 5097 4203 4204 
f 2517 5038 2157 
f 5888 5887 5634 
f 5890 5889 5507 
f 4 3 1 
f 5225 5787 2954 
f 4499 680 5262 
f 4889 2332 1087 
f 5891 5851 5672 
f 2155 2516 2517 
f 4456 5276 5545 
f 4661 3939 4701 
f 288 291 1494 
f 5072 3764 5682 
f 3767 5682 3764 
f 4390 3616 3247 
f 3116 1717 1994 
f 2318 1198 3153 
f 4889 4458 4503 
f 5861 5642 4064 
f 5862 1370 2184 
f 1430 1433 5374 
f 1878 1876 3046 
f 5304 5892 5303 
f 3148 5317 3147 
f 5894 5893 5605 
f 3205 199 4187 
f 5159 2428 2429 
f 1035 1033 3579 
f 5266 3174 2183 
f 1712 1715 5788 
f 5168 5469 2600 
f 2599 2600 5469 
f 4160 3988 5237 
f 3995 5237 3988 
f 3034 5299 4068 
f 4149 5607 3900 
f 5606 3900 5607 
f 5475 607 1668 
f 2367 2327 3262 
f 1561 1559 1598 
f 5075 1598 1559 
f 4939 5326 4830 
f 1890 4830 5326 
f 3306 3090 2128 
f 4763 4761 5687 
f 5686 5687 4761 
f 3704 1663 1664 
f 2317 1636 2219 
f 3640 5215 2341 
f 2328 2502 2330 
f 4525 3582 3580 
f 4006 3867 1656 
f 3233 4629 3032 
f 3373 4380 4382 
f 2262 5756 2259 
f 5775 5094 5669 
f 3040 5322 3042 
f 3275 4950 3274 
f 2245 2246 3516 
f 2978 2107 908 
f 5812 3849 5247 
f 4913 3365 5641 
f 3605 2828 2826 
f 2968 1205 3645 
f 5297 1063 4961 
f 3524 1825 3348 
f 1818 4485 1817 
f 4528 1817 4485 
f 4567 3994 5027 
f 2827 3355 100 
f 4893 5037 5689 
f 3097 5689 5037 
f 1332 1335 4685 
f 4264 4674 2725 
f 5088 4799 4117 
f 3866 4117 4799 
f 4433 2016 1201 
f 677 4133 4800 
f 2485 4800 4133 
f 225 223 5826 
f 1462 4905 1464 
f 1643 112 1644 
f 4698 2639 3006 
f 3822 5287 1445 
f 4807 2906 1214 
f 1439 4109 4996 
f 5243 4157 4156 
f 4023 4883 3123 
f 2021 4936 2023 
f 4756 4246 4245 
f 947 5324 3552 
f 1882 2965 4908 
f 1507 5196 4395 
f 1700 4395 5196 
f 5279 4525 4526 
f 5376 3941 4520 
f 1615 2312 3569 
f 4866 3626 5028 
f 5206 3818 5581 
f 4603 5581 3818 
f 5705 5372 4538 
f 5561 5859 5343 
f 1809 1583 4294 
f 2758 5040 4837 
f 4674 4264 5438 
f 887 5438 4264 
f 3791 3794 5592 
f 4557 4558 4746 
f 3402 4159 3583 
f 4530 2510 2052 
f 4791 3631 5776 
f 1375 5295 2586 
f 2838 5626 2835 
f 3447 3533 3446 
f 2356 3446 3533 
f 5752 3682 5316 
f 4595 2874 760 
f 4403 4545 5428 
f 4755 3658 1540 
f 5402 5895 4324 
f 4821 2972 2970 
f 5897 5896 4891 
f 3710 2072 2073 
f 5431 574 1400 
f 2907 2905 3133 
f 5269 5079 4775 
f 5639 2150 5672 
f 3486 1750 4851 
f 3565 854 851 
f 1826 1488 1491 
f 4907 3793 3791 
f 3516 3391 2245 
f 5242 5090 5004 
f 3095 1708 4803 
f 5598 5599 5600 
f 1625 5351 1627 
f 2165 1627 5351 
f 2859 5149 2181 
f 4219 2649 2652 
f 4441 4629 5842 
f 5378 4215 2431 
f 3790 1941 1935 
f 3934 3935 5080 
f 3151 223 224 
f 4642 4337 4838 
f 5710 2037 1724 
f 5198 1724 2037 
f 2719 4655 2721 
f 3154 1276 3313 
f 1330 3313 1276 
f 5183 3002 5822 
f 3550 3552 4716 
f 5001 5695 341 
f 2854 5898 4119 
f 5899 4119 5898 
f 5822 4547 5183 
f 4868 4106 4104 
f 3947 3082 3598 
f 1694 4775 1691 
f 5461 4989 5415 
f 1712 3974 1714 
f 458 175 461 
f 3536 5900 3535 
f 5359 5358 4615 
f 4163 2470 5901 
f 5072 5901 2470 
f 1309 2629 5085 
f 1918 4054 2133 
f 3921 2625 3457 
f 5902 776 777 
f 4535 2763 2761 
f 3306 3304 4740 
f 5549 5052 5903 
f 5053 5903 5052 
f 2537 1779 1129 
f 4205 5904 1612 
f 5905 5643 851 
f 3402 5173 3404 
f 4161 4160 5237 
f 4969 5588 885 
f 4868 172 4106 
f 1794 1792 4733 
f 1563 2944 2283 
f 3383 3381 5430 
f 1727 2010 1729 
f 3401 4395 4394 
f 4332 5906 4457 
f 5093 4457 5906 
f 5907 5840 3698 
f 1525 1523 3875 
f 114 2911 116 
f 5467 116 2911 
f 2720 4895 3148 
f 1301 3944 1549 
f 4100 5455 4099 
f 2030 4099 5455 
f 3351 3354 5517 
f 4532 2284 2282 
f 5908 5195 2841 
f 856 5234 5440 
f 5786 3379 5860 
f 5270 3243 5446 
f 5024 5601 5635 
f 2213 3430 5676 
f 5083 5082 5129 
f 3215 5363 1993 
f 3458 3459 665 
f 2183 5149 5266 
f 5910 5909 5097 
f 4627 4176 4588 
f 5912 5231 5911 
f 5742 5911 5231 
f 2257 1639 1637 
f 3924 4676 4675 
f 2480 869 865 
f 4636 1569 4534 
f 4941 1743 3480 
f 2990 2991 3553 
f 1311 4855 1308 
f 2037 5710 2039 
f 5705 4879 2303 
f 2288 1904 3010 
f 1902 3010 1904 
f 2510 4530 2507 
f 1060 4294 2964 
f 2798 5625 5560 
f 2266 1101 3946 
f 5914 4445 5913 
f 3778 5913 4445 
f 532 4570 531 
f 4954 2099 5560 
f 5553 2322 4177 
f 2287 2640 1821 
f 2066 4140 4142 
f 3090 3306 4740 
f 2729 2773 4405 
f 4520 4685 5376 
f 4686 5376 4685 
f 3546 3548 4428 
f 3396 5577 467 
f 1520 4786 3025 
f 929 5538 4491 
f 723 5461 725 
f 2365 5850 5811 
f 3960 5811 5850 
f 5915 1634 5754 
f 4170 5679 5020 
f 1929 1928 3995 
f 4844 4845 5570 
f 4959 4367 4463 
f 4575 1779 1777 
f 2920 2634 5081 
f 4918 5777 4539 
f 3514 4124 5680 
f 1439 4996 5743 
f 5442 5743 4996 
f 5890 5507 5916 
f 5917 5916 5507 
f 5464 5495 3232 
f 4751 3131 2898 
f 5918 4251 3660 
f 4782 5768 4784 
f 5404 1456 1213 
f 5267 4626 4341 
f 4628 4341 4626 
f 1672 1673 4444 
f 5447 1863 1864 
f 5310 2232 5105 
f 533 531 3725 
f 1789 1790 2230 
f 5782 3890 4826 
f 4187 4446 3205 
f 2368 5850 2365 
f 2648 172 5886 
f 3761 5886 172 
f 4132 1565 4293 
f 2051 4293 1565 
f 3511 1562 4132 
f 1612 5919 4282 
f 4764 5171 4070 
f 3662 2820 5081 
f 5828 5062 2459 
f 3046 2459 5062 
f 863 2962 862 
f 2564 2566 4360 
f 3745 4360 2566 
f 5576 4058 2861 
f 1450 2861 4058 
f 3904 5723 3903 
f 2920 5081 4871 
f 4575 4577 5776 
f 4184 184 4548 
f 1462 1262 5412 
f 3899 3803 5761 
f 1972 5281 1971 
f 851 5920 5905 
f 3517 4425 3393 
f 3358 3393 4425 
f 5850 1403 3962 
f 4047 5902 777 
f 2005 764 3492 
f 766 3492 764 
f 2871 4970 2873 
f 681 2827 100 
f 5922 5837 5921 
f 3613 5921 5837 
f 444 5923 5348 
f 5804 5348 5923 
f 541 542 5924 
f 2807 5924 542 
f 4041 111 2706 
f 4499 5262 5681 
f 5911 5742 5858 
f 5210 5858 5742 
f 677 4800 679 
f 2531 4634 1121 
f 1747 1745 526 
f 1571 151 1572 
f 5800 4119 5899 
f 446 448 3728 
f 5925 5805 4089 
f 5070 4377 5252 
f 4221 4546 4823 
f 1798 4823 4546 
f 874 869 2480 
f 5926 3069 4817 
f 3569 3570 3562 
f 5186 4939 5060 
f 4688 4055 3879 
f 3522 3705 5518 
f 3750 3289 781 
f 3441 3439 2193 
f 5927 5341 4663 
f 1903 4604 4511 
f 786 2736 2737 
f 1647 1648 3724 
f 2237 2165 5351 
f 3484 5439 747 
f 5131 1658 1661 
f 3559 3789 1782 
f 4411 2018 3810 
f 4456 4457 5276 
f 5093 5276 4457 
f 4707 1174 1172 
f 2834 4295 2846 
f 3264 5570 3266 
f 970 288 1494 
f 5325 1501 1502 
f 5554 5612 3610 
f 4195 4198 4618 
f 5322 4749 2034 
f 13 1946 1448 
f 5366 2199 2197 
f 5928 4079 1714 
f 3178 1341 1339 
f 5836 5664 2168 
f 4622 4438 724 
f 4487 4991 4917 
f 1756 4917 4991 
f 2504 4356 3797 
f 3861 3797 4356 
f 2388 3191 4430 
f 2935 805 801 
f 4501 4057 4801 
f 3172 2182 2183 
f 5360 5220 5221 
f 4908 2963 2966 
f 5395 4328 3228 
f 4580 4578 5055 
f 2076 3570 3158 
f 5184 4376 2081 
f 5929 3698 3696 
f 5843 5879 4854 
f 1893 3928 933 
f 5315 340 4529 
f 5931 5930 5305 
f 3156 1183 5377 
f 475 2600 2598 
f 3098 3100 3946 
f 3105 3946 3100 
f 4638 3979 4821 
f 2972 4821 3979 
f 5721 5423 4602 
f 3605 2826 3607 
f 3509 2615 4517 
f 1598 5075 3906 
f 2376 5674 2378 
f 5330 2378 5674 
f 3719 3211 3212 
f 2594 4812 4958 
f 4813 4958 4812 
f 4026 3599 2300 
f 2928 2926 3941 
f 3558 1557 2944 
f 4905 5683 4443 
f 750 3484 747 
f 5256 1532 1448 
f 3905 4818 2578 
f 4175 2470 2468 
f 5565 4766 2878 
f 5932 5787 5225 
f 1039 1816 3835 
f 836 3835 1816 
f 4222 2551 1533 
f 2772 2770 5340 
f 5800 5933 5650 
f 4097 5650 5933 
f 4832 5786 5665 
f 5926 3071 3069 
f 1039 1818 1816 
f 1392 1397 8 
f 3695 5572 3692 
f 5413 3560 5740 
f 2235 3748 3746 
f 3372 4487 4917 
f 714 3156 5377 
f 1148 2291 1150 
f 773 771 2924 
f 2750 1521 1380 
f 5774 201 199 
f 1335 4709 4708 
f 3704 1865 1863 
f 1823 3004 3888 
f 4007 3067 1802 
f 384 3370 379 
f 4385 5007 4594 
f 3441 5844 3440 
f 5666 5218 4832 
f 5934 5799 4962 
f 4475 4888 4886 
f 1628 4431 1630 
f 48 51 2545 
f 2627 4022 3123 
f 4919 4334 5623 
f 5935 5907 3698 
f 1609 4573 3954 
f 4808 4806 1457 
f 2103 1983 1253 
f 2257 1002 1003 
f 2688 4257 2690 
f 5051 5054 4659 
f 2669 4659 5054 
f 3927 4773 4721 
f 3194 2729 1582 
f 3466 3727 4527 
f 5296 4356 3837 
f 5385 4419 4418 
f 2698 2657 316 
f 1721 316 2657 
f 621 5937 5936 
f 5370 4241 2096 
f 5469 5758 3214 
f 1951 4217 4393 
f 1976 1974 2870 
f 3412 3415 4967 
f 4868 4162 3762 
f 2199 3762 4162 
f 5812 3851 3849 
f 4782 5610 5768 
f 526 5768 5610 
f 3065 609 3062 
f 714 482 3157 
f 3901 5762 5201 
f 5200 5201 5762 
f 5654 5181 2975 
f 1923 1127 3519 
f 2196 3519 1127 
f 3188 5535 4001 
f 3069 3070 5523 
f 4615 5523 3070 
f 3053 1590 1588 
f 2112 200 183 
f 1537 4620 1539 
f 759 2872 5295 
f 5887 4290 5815 
f 3615 5589 5054 
f 2763 4535 5627 
f 3851 4009 4012 
f 5452 5079 5443 
f 1985 5714 1984 
f 5059 5037 4893 
f 4429 3213 3215 
f 5205 4526 4524 
f 1755 5169 1754 
f 5500 4211 4963 
f 5092 2539 3226 
f 5254 4441 5842 
f 2341 5279 2340 
f 5383 5933 5800 
f 2430 2428 4828 
f 5938 5937 621 
f 4932 5337 5338 
f 3632 4792 3563 
f 3659 3662 2632 
f 5081 2632 3662 
f 5101 1371 1037 
f 1369 1037 1371 
f 1288 4974 1290 
f 4120 2853 2854 
f 5588 2055 896 
f 5583 2050 3847 
f 309 4365 308 
f 926 2130 925 
f 2030 5455 2029 
f 2561 1686 1687 
f 5544 2827 681 
f 4796 2761 2764 
f 4919 5623 4335 
f 4283 1523 1354 
f 3598 3946 3947 
f 5702 73 1409 
f 4850 4700 4996 
f 1866 1867 3464 
f 1535 5205 4524 
f 5205 5111 5278 
f 5151 2939 1956 
f 3031 5594 3032 
f 4993 5621 4722 
f 5574 5939 4425 
f 3002 5183 4545 
f 4995 5025 1810 
f 5548 4995 1810 
f 5225 2954 3603 
f 2124 2247 2475 
f 1613 3255 3253 
f 3832 5846 5852 
f 5482 1492 3395 
f 3662 2123 2126 
f 5609 2316 5940 
f 2220 5940 2316 
f 22 2213 5676 
f 3526 3148 3146 
f 5662 5153 5790 
f 1623 3597 1620 
f 5941 3586 3589 
f 5084 4079 5928 
f 2702 4119 5800 
f 3933 4967 5516 
f 2401 5467 4994 
f 3276 2985 3272 
f 5812 4009 3851 
f 5942 4660 5841 
f 443 1911 442 
f 4543 5406 4542 
f 973 971 4566 
f 430 2766 428 
f 4686 4684 4873 
f 5456 3224 3223 
f 5221 4693 4571 
f 5826 5126 4769 
f 1027 4940 5781 
f 5756 5781 4940 
f 4603 3818 3821 
f 3237 4848 144 
f 2711 2712 2715 
f 2271 4472 3528 
f 5123 5575 5121 
f 1006 3355 4670 
f 3356 4670 3355 
f 3209 857 855 
f 1004 5042 1120 
f 199 3204 5774 
f 5405 4605 4542 
f 4607 4542 4605 
f 5656 5880 4035 
f 5652 5515 5514 
f 2150 5639 2151 
f 4224 696 706 
f 2922 2192 2195 
f 4437 5227 1738 
f 3294 713 5377 
f 714 5377 713 
f 5536 1634 5915 
f 4026 2300 4025 
f 5705 2509 4879 
f 551 4879 2509 
f 4944 1747 526 
f 4537 5015 4728 
f 4260 4728 5015 
f 1826 1491 5651 
f 4308 3711 4307 
f 671 672 1976 
f 3773 3772 4737 
f 1642 5793 1768 
f 5317 2661 2663 
f 2652 2650 4153 
f 3493 3446 2356 
f 1075 4364 4914 
f 2581 3001 4369 
f 3002 4369 3001 
f 1309 1310 4065 
f 5130 3051 3049 
f 5702 70 73 
f 3639 4788 4418 
f 654 3137 3136 
f 622 620 4859 
f 3610 2148 2146 
f 668 653 2902 
f 5045 4927 2294 
f 5233 5943 5232 
f 1323 1324 1137 
f 5944 3208 3207 
f 5279 3582 4525 
f 2981 5789 4043 
f 2940 3131 4751 
f 5946 5945 5521 
f 4635 5794 4637 
f 201 5774 4201 
f 4593 4518 5326 
f 4589 1648 1646 
f 4537 5365 5015 
f 2975 2976 5655 
f 3395 3873 3872 
f 3607 3898 3606 
f 4166 489 480 
f 4539 5725 2525 
f 5914 5379 4445 
f 3774 4631 5803 
f 4572 5803 4631 
f 5763 4199 5433 
f 5432 5433 4199 
f 218 221 5474 
f 5124 2404 1911 
f 1292 171 1294 
f 3623 3825 3173 
f 4803 3097 3095 
f 4671 3204 4672 
f 5439 4979 1992 
f 5370 2248 2090 
f 5947 1837 1838 
f 5948 5116 2464 
f 4354 5314 5673 
f 2524 3231 4578 
f 5594 4578 3231 
f 5763 4201 4199 
f 3738 623 621 
f 2445 2446 5371 
f 5770 5371 2446 
f 310 3770 307 
f 3966 3820 2158 
f 5207 2158 3820 
f 4454 4186 3487 
f 2858 5394 4802 
f 2958 5917 5507 
f 1496 4246 4756 
f 5765 4817 2749 
f 2986 5781 5756 
f 2436 2062 4842 
f 5356 3783 5546 
f 4109 3620 3482 
f 4942 3482 3620 
f 5817 5204 5366 
f 5460 4268 4266 
f 2774 5263 4796 
f 5483 3688 4255 
f 3651 2832 2833 
f 5949 3850 3091 
f 3322 3091 3850 
f 5951 5382 5950 
f 5874 5950 5382 
f 3750 781 3751 
f 4665 4594 623 
f 4956 3426 4246 
f 4786 1520 557 
f 5852 3831 3832 
f 570 1678 4439 
f 5437 2689 1629 
f 1631 1629 2689 
f 1060 2964 4536 
f 4592 525 4048 
f 5248 4775 1694 
f 5952 4633 4082 
f 2156 2161 2158 
f 5585 5417 2224 
f 3802 414 417 
f 5245 5869 3275 
f 4950 3275 5869 
f 3826 4840 5806 
f 3971 5806 4840 
f 5691 3850 5949 
f 1967 4857 782 
f 2502 2328 2548 
f 2282 1555 4532 
f 3218 3567 4440 
f 4508 583 5255 
f 2558 5953 1466 
f 4088 4938 3537 
f 4293 5583 3848 
f 4522 3829 4523 
f 3828 4523 3829 
f 4918 5372 4920 
f 2301 4920 5372 
f 3101 5310 3600 
f 3356 111 4143 
f 1903 4467 4604 
f 2873 5778 5295 
f 4531 3667 3190 
f 3524 1490 1825 
f 3469 4350 3836 
f 1030 1231 1743 
f 4679 4930 4414 
f 2771 4499 3794 
f 5681 3794 4499 
f 5660 3757 3755 
f 3554 2033 3556 
f 3485 4753 3486 
f 5144 1910 2784 
f 214 5190 3514 
f 4124 3514 5190 
f 5955 5697 5954 
f 4172 5954 5697 
f 2331 2309 2310 
f 1883 2965 1882 
f 2545 1478 4914 
f 5129 5128 3432 
f 5323 3432 5128 
f 4753 3485 3487 
f 1769 5255 3120 
f 3607 3646 3898 
f 4460 3844 3843 
f 5783 5597 5555 
f 1572 1147 1145 
f 2938 3128 3126 
f 4105 441 5349 
f 5845 5095 5473 
f 4078 2359 5472 
f 1601 2760 4438 
f 3808 3899 5761 
f 5956 3707 4325 
f 5957 1925 1926 
f 2316 5609 1417 
f 504 3225 964 
f 2247 3623 5429 
f 3173 5429 3623 
f 1855 4623 4625 
f 3067 1657 2734 
f 2778 1981 294 
f 293 294 1981 
f 4085 4083 3339 
f 5686 4761 5362 
f 5087 4779 5958 
f 5959 5958 4779 
f 826 3515 827 
f 5889 5057 5055 
f 4707 1172 1186 
f 4620 1537 5100 
f 5960 3703 3500 
f 785 2580 3325 
f 4252 5946 5521 
f 5125 3244 2355 
f 5416 3388 1441 
f 1576 3719 1573 
f 4045 4043 2544 
f 5305 5075 1559 
f 2513 2891 251 
f 3323 3322 3850 
f 1624 5090 5361 
f 573 571 4080 
f 1513 5050 436 
f 432 436 5050 
f 2003 3180 3409 
f 2414 3409 3180 
f 5865 5510 5511 
f 556 554 3558 
f 3090 4158 2127 
f 5011 2127 4158 
f 5961 4348 5032 
f 290 4582 289 
f 3020 5425 3729 
f 1538 1814 1578 
f 4939 4593 5326 
f 5006 5199 2333 
f 3525 4645 1489 
f 3763 1489 4645 
f 5309 5846 3832 
f 4267 5026 4266 
f 2385 3711 4308 
f 2445 5371 3838 
f 1862 2013 5868 
f 5073 5498 4909 
f 3361 1760 1763 
f 5514 2654 5652 
f 5651 5652 2654 
f 1535 5727 5108 
f 769 767 3837 
f 2575 2576 5246 
f 5318 1773 2352 
f 4190 4597 2482 
f 2088 4517 4223 
f 1686 2561 3916 
f 4474 3318 2514 
f 1236 1234 5386 
f 1994 1134 1131 
f 3620 1440 2952 
f 1438 2952 1440 
f 5553 2343 2322 
f 4551 4549 5497 
f 4887 5897 4886 
f 5962 2424 2423 
f 3716 4724 3892 
f 5125 2649 3244 
f 2002 2447 2004 
f 4090 4338 4092 
f 4952 4446 4453 
f 2318 1200 1198 
f 4705 3696 5501 
f 4871 1387 5723 
f 4464 5723 1387 
f 5963 5393 5120 
f 3212 5519 3718 
f 1923 2537 1129 
f 2896 2894 5964 
f 5965 5964 2894 
f 4719 5465 4718 
f 5876 4479 4480 
f 3810 3808 5761 
f 4177 4176 5553 
f 3740 5927 4663 
f 5630 3814 3834 
f 4631 4630 5657 
f 3594 4048 4244 
f 3621 3144 2225 
f 2555 5428 4221 
f 4894 4973 5410 
f 2967 3644 5906 
f 5093 5906 3644 
f 4682 3200 4103 
f 5834 4066 4067 
f 933 4745 1893 
f 2309 3643 3389 
f 4233 4236 5002 
f 3280 5002 4236 
f 5588 2057 2055 
f 173 3728 2644 
f 427 2644 3728 
f 184 3417 3419 
f 3922 3010 4420 
f 5966 1435 25 
f 3102 3998 3104 
f 4189 4364 1075 
f 5928 4714 4713 
f 3505 5967 5633 
f 3477 5633 5967 
f 5364 5197 2369 
f 3597 532 3595 
f 5968 5672 5957 
f 1925 5957 5672 
f 3821 5314 4603 
f 2301 2304 547 
f 709 547 2304 
f 3098 3946 3598 
f 3964 4241 4300 
f 2895 5212 2894 
f 842 845 843 
f 4941 4942 3620 
f 2800 2100 5145 
f 2098 5145 2100 
f 3752 5786 5860 
f 1855 4625 5827 
f 5399 5827 4625 
f 5683 4905 5412 
f 1462 5412 4905 
f 1211 2985 3276 
f 4428 4499 2771 
f 5969 4780 5907 
f 5840 5907 4780 
f 5898 2854 5156 
f 5217 5156 2854 
f 1379 4301 4241 
f 5468 3826 5806 
f 3141 5758 5232 
f 5168 5232 5758 
f 5147 3763 5204 
f 1870 5970 1869 
f 4048 1707 4592 
f 5375 5540 3029 
f 1335 4708 5170 
f 5300 5170 4708 
f 3556 4567 5027 
f 5556 5732 4912 
f 5762 4790 5200 
f 552 550 5273 
f 4755 3492 4433 
f 5755 573 4080 
f 2435 2438 2434 
f 4448 590 4321 
f 3737 3904 3254 
f 5899 5898 5383 
f 5156 5383 5898 
f 5238 5848 3682 
f 4332 4457 4331 
f 861 860 2479 
f 4488 4382 4882 
f 4429 2991 4489 
f 4177 2321 2470 
f 5072 2470 2321 
f 3538 2979 2978 
f 3479 1566 3476 
f 969 288 970 
f 5972 5971 4858 
f 4452 4187 4186 
f 5973 2682 3308 
f 3928 960 958 
f 5826 4760 2400 
f 4860 522 536 
f 535 536 522 
f 2837 3851 4012 
f 4180 5606 4179 
f 5837 5589 3613 
f 5545 4333 4456 
f 2178 1010 3769 
f 2630 4172 5697 
f 1007 1538 3530 
f 1131 3116 1994 
f 3071 3809 3807 
f 4780 4778 5840 
f 2547 4345 1796 
f 2115 5464 1845 
f 1514 4129 1513 
f 5414 4488 4091 
f 3137 654 657 
f 2966 3793 4907 
f 5308 4563 3073 
f 4831 5041 5671 
f 2255 685 683 
f 1790 3275 2455 
f 5833 3841 3842 
f 1548 2875 1545 
f 2596 4786 555 
f 2984 5789 2981 
f 1568 3479 928 
f 5794 5662 5790 
f 2815 2036 2039 
f 3326 2580 2579 
f 5009 5268 2284 
f 1484 2284 5268 
f 5426 2838 3400 
f 5311 3400 2838 
f 5929 3696 4704 
f 1909 1910 3958 
f 5020 3527 4900 
f 3343 3573 420 
f 2423 2998 5962 
f 2424 5962 2998 
f 4614 5371 4998 
f 5770 4998 5371 
f 1402 1403 5850 
f 1579 5439 3484 
f 3793 4490 4404 
f 4406 4404 4490 
f 5925 4089 5974 
f 3455 5974 4089 
f 3601 4901 2345 
f 3639 1173 4788 
f 651 645 643 
f 1560 5975 1559 
f 1769 4029 5255 
f 4508 5255 4029 
f 2786 456 464 
f 4040 5332 3239 
f 4861 2844 2842 
f 507 509 502 
f 3187 2101 3972 
f 2286 1904 2288 
f 5092 2082 4114 
f 733 617 1669 
f 3353 5223 1795 
f 2768 4994 4993 
f 5976 5532 4660 
f 1131 3118 3116 
f 4932 5338 4991 
f 1756 4991 5338 
f 4858 5971 5977 
f 5938 621 622 
f 5961 4346 4348 
f 4868 3762 172 
f 4166 1870 494 
f 283 5192 4506 
f 2116 4076 2117 
f 5322 3040 930 
f 5979 5559 5978 
f 4318 5978 5559 
f 5897 4891 4886 
f 5649 5240 1855 
f 2304 5273 709 
f 5067 709 5273 
f 5194 2874 5980 
f 3858 5980 2874 
f 5561 5600 5859 
f 1549 5361 4947 
f 5833 951 3841 
f 230 3308 2775 
f 1883 5365 4537 
f 1599 726 2760 
f 1662 5082 301 
f 4677 4728 4260 
f 3639 3637 5141 
f 443 441 3287 
f 4105 3287 441 
f 3684 5425 3400 
f 4309 3406 1927 
f 2112 3366 3754 
f 5366 5203 2199 
f 3885 3389 1532 
f 517 2404 5124 
f 5403 4121 4119 
f 4313 3968 4899 
f 4310 4899 3968 
f 3350 1888 3286 
f 2000 4727 1999 
f 1275 1289 3176 
f 3373 3371 5196 
f 2817 5196 3371 
f 5408 5960 3500 
f 5462 4931 4932 
f 897 3328 904 
f 3980 5263 3977 
f 3890 1954 1955 
f 3875 3638 5722 
f 4535 2761 3978 
f 3980 3978 2761 
f 3706 3707 5956 
f 635 632 627 
f 2545 1468 1478 
f 74 1478 1468 
f 5197 5364 4533 
f 3572 4533 5364 
f 5027 3555 3556 
f 5711 4230 911 
f 1327 1320 2435 
f 3928 935 933 
f 5254 4442 4441 
f 5873 5289 5595 
f 2695 2483 2481 
f 5982 5502 5981 
f 5824 5981 5502 
f 4979 4039 2212 
f 5119 5271 4348 
f 837 215 1036 
f 202 1841 179 
f 1793 1794 2856 
f 397 399 401 
f 5023 5804 5923 
f 2359 4078 1858 
f 3962 3960 5850 
f 5849 3804 5550 
f 873 2976 870 
f 3199 2056 3196 
f 4200 891 679 
f 4666 1547 2875 
f 2768 3780 2767 
f 830 2407 4361 
f 1984 3409 2414 
f 1594 3290 1593 
f 4768 2544 5775 
f 5094 5775 2544 
f 1404 1226 4388 
f 1262 4270 71 
f 3532 4298 944 
f 4965 4212 5510 
f 4167 2983 3967 
f 4612 4507 3957 
f 2546 4102 3201 
f 5822 4987 4547 
f 2073 3578 3711 
f 5021 219 5804 
f 1965 5457 2745 
f 2569 81 79 
f 5370 2096 5369 
f 2116 1845 4690 
f 4940 4939 5186 
f 5353 2134 4483 
f 5514 5204 5817 
f 388 2269 2403 
f 5826 4769 5668 
f 1698 1699 1378 
f 4300 1378 1699 
f 5546 4149 5520 
f 1355 1718 1716 
f 5845 5473 2780 
f 999 975 5983 
f 976 5983 975 
f 1881 1884 4929 
f 573 5701 572 
f 3736 572 5701 
f 3577 2203 1041 
f 1043 1041 2203 
f 4279 3889 4826 
f 3492 4755 1577 
f 5879 5843 4474 
f 4072 4474 5843 
f 1484 1485 2284 
f 4841 2802 5482 
f 5566 5709 4856 
f 4992 4561 2693 
f 3964 2423 2425 
f 5190 214 217 
f 2992 2990 1989 
f 5663 3414 3412 
f 1519 1382 1380 
f 2751 1380 1383 
f 5399 4011 5812 
f 5407 4685 4520 
f 553 4848 4315 
f 1732 5736 2109 
f 2979 883 5984 
f 5765 5520 4817 
f 4932 4989 5462 
f 3146 3525 3526 
f 4162 5474 2199 
f 1602 726 1599 
f 5887 2125 5634 
f 3418 4185 1446 
f 1345 1342 1347 
f 5011 2129 2127 
f 5533 4212 4095 
f 4909 4907 3791 
f 3374 3372 3444 
f 4917 3444 3372 
f 4130 2077 95 
f 2110 3074 1731 
f 5383 5800 5899 
f 5180 5063 2971 
f 4323 1865 3967 
f 3092 5949 3091 
f 5833 3034 951 
f 5824 5502 5327 
f 5247 5327 5502 
f 4328 2324 2325 
f 3281 4981 1621 
f 3768 990 1892 
f 4310 3968 4583 
f 2527 2989 2526 
f 4493 1771 1772 
f 3966 3998 4555 
f 3999 4555 3998 
f 948 888 5324 
f 5570 5150 5662 
f 5812 5247 5503 
f 2781 1981 2778 
f 5751 3682 5752 
f 3222 2656 2200 
f 5767 4067 4065 
f 1432 1430 3029 
f 4703 4182 3022 
f 4486 987 1653 
f 2135 1653 987 
f 5546 5520 5356 
f 4609 4379 4611 
f 5668 5775 5669 
f 4578 3912 2524 
f 5640 2524 3912 
f 3308 5178 5973 
f 4750 952 1290 
f 5933 5157 5249 
f 2349 5249 5157 
f 3773 4471 2270 
f 5071 2790 5159 
f 5804 5023 5021 
f 1144 1142 2563 
f 1623 5615 3597 
f 3190 1357 1315 
f 2368 1225 5850 
f 5521 5634 2123 
f 2043 4321 3435 
f 934 924 922 
f 5985 2082 5290 
f 5092 5290 2082 
f 5278 4526 5205 
f 4610 3887 2565 
f 5519 1294 5191 
f 5370 2090 4241 
f 3269 4584 4797 
f 5407 4519 5156 
f 4612 1420 4507 
f 5736 1732 4771 
f 2140 3030 3424 
f 4449 3497 3495 
f 390 3370 384 
f 3401 4394 2849 
f 4098 5434 3938 
f 2305 3938 5434 
f 2155 5207 5581 
f 3957 1609 3954 
f 1648 4589 4590 
f 3600 1848 1847 
f 4722 2768 4993 
f 5931 5305 1559 
f 284 5801 4846 
f 4908 2966 4907 
f 4736 4629 3233 
f 4718 2281 2279 
f 3463 5653 1868 
f 5609 4697 4695 
f 3678 3538 3675 
f 300 298 2174 
f 4607 2813 2815 
f 5221 4571 4570 
f 3690 1061 1062 
f 4863 2996 4865 
f 2916 3433 2333 
f 1773 3424 3414 
f 4813 4811 5261 
f 5312 2838 3271 
f 5832 1922 5320 
f 8 10 1392 
f 4881 4815 4752 
f 3713 4752 4815 
f 5798 5986 4523 
f 3619 3620 2952 
f 3522 5518 1839 
f 4919 5777 4918 
f 4300 1699 2997 
f 4668 4302 4778 
f 5988 2876 5987 
f 5253 5987 2876 
f 2727 2444 3283 
f 5614 3283 2444 
f 4854 4400 5843 
f 4401 5843 4400 
f 1029 3894 1031 
f 1674 1031 3894 
f 3734 4731 4128 
f 3337 3293 3656 
f 4039 1814 1815 
f 3295 3290 3288 
f 4740 3087 3090 
f 2376 5816 5674 
f 5250 5989 5709 
f 4151 2533 4695 
f 1414 4695 2533 
f 4134 5753 4834 
f 4833 4834 5753 
f 2731 366 370 
f 5947 3590 1837 
f 16 19 1667 
f 1898 3386 3385 
f 5576 4117 3866 
f 1288 4973 4974 
f 3465 4224 3240 
f 5282 5416 1441 
f 5051 5990 5053 
f 5904 5919 1612 
f 4299 2028 2026 
f 5584 3460 5667 
f 549 4920 547 
f 2301 547 4920 
f 2197 5817 5366 
f 1902 5403 2702 
f 4119 2702 5403 
f 3492 1577 2005 
f 2995 3964 4300 
f 1788 5245 3275 
f 108 4179 3782 
f 776 5861 775 
f 5735 4914 3245 
f 5991 2116 4691 
f 4690 4691 2116 
f 3219 2403 2462 
f 3564 2196 1130 
f 5038 4312 4311 
f 5529 5613 5528 
f 4551 4776 5035 
f 4774 5035 4776 
f 2425 1406 3965 
f 3752 5860 3753 
f 3554 3641 2033 
f 2110 3200 3075 
f 3905 2578 1595 
f 5589 5837 5550 
f 5951 5992 5382 
f 4573 1609 4363 
f 4223 4516 2559 
f 5516 2517 3933 
f 3282 2145 3296 
f 4785 4783 5080 
f 4784 5080 4783 
f 5759 4858 1529 
f 1935 1938 3790 
f 4933 4467 1903 
f 2729 3283 5340 
f 2772 5340 3283 
f 4433 2919 2016 
f 2600 475 473 
f 1900 3385 4492 
f 106 4482 108 
f 3329 2391 5274 
f 1405 5624 4608 
f 4610 4608 5624 
f 3367 4669 3366 
f 2675 4730 3756 
f 1877 3317 3315 
f 2093 3089 1270 
f 3595 4046 4791 
f 4357 4356 2504 
f 4657 1840 2145 
f 2975 5655 5654 
f 5742 5231 5234 
f 5967 4748 3477 
f 591 1750 1753 
f 5265 5429 5441 
f 4181 4032 4033 
f 1411 5702 1409 
f 5323 5128 4003 
f 5945 5993 5634 
f 2223 2214 3777 
f 4188 4597 4190 
f 1218 1153 1154 
f 5933 5249 4097 
f 1595 1598 3905 
f 5806 4459 4461 
f 2466 3165 4183 
f 5994 5688 3142 
f 5995 5876 5726 
f 5244 2537 1923 
f 3001 3784 568 
f 3087 5484 1270 
f 23 21 5548 
f 3637 3638 3875 
f 5912 5233 5231 
f 5096 5965 857 
f 1728 2924 1727 
f 5690 2296 5160 
f 4601 5160 2296 
f 1879 4591 5436 
f 504 1870 3225 
f 1979 1923 3519 
f 26 5966 25 
f 5280 5109 5110 
f 3600 1849 2573 
f 5576 4116 4117 
f 5492 3779 5018 
f 2656 5421 2653 
f 5135 2653 5421 
f 4393 2313 5505 
f 3145 761 3143 
f 1223 1404 1402 
f 2776 213 230 
f 625 617 4208 
f 3729 3022 3020 
f 5847 5224 5223 
f 5298 3714 3430 
f 1667 1668 16 
f 5044 4023 2039 
f 5614 3546 3283 
f 2579 5648 3326 
f 3055 3416 4185 
f 5845 2778 5095 
f 5955 5996 5697 
f 590 282 285 
f 2714 1269 2453 
f 3871 5818 703 
f 3562 3561 1614 
f 5531 4925 5997 
f 4468 5997 4925 
f 4529 4373 2819 
f 5827 5399 5503 
f 5812 5503 5399 
f 4150 3808 3809 
f 5208 1949 1952 
f 5245 1862 5869 
f 5868 5869 1862 
f 1354 1531 4283 
f 4014 1171 5065 
f 5420 1854 1857 
f 5084 5928 4713 
f 5477 3338 3341 
f 3538 883 2979 
f 4756 4245 5331 
f 4444 5395 3229 
f 5038 2517 5516 
f 5735 1074 1075 
f 2927 4068 4271 
f 1757 1758 4679 
f 2410 4379 4609 
f 5820 5894 5605 
f 3198 4063 3272 
f 4467 4466 5721 
f 4686 4873 4872 
f 5930 5304 5305 
f 1562 3511 3510 
f 878 4289 880 
f 785 3325 787 
f 3853 1835 1515 
f 1790 1788 3275 
f 5839 5921 3613 
f 2884 2888 2887 
f 5847 5612 5224 
f 2973 5412 5411 
f 2541 1297 2538 
f 4244 523 5611 
f 4739 3681 5877 
f 3682 5877 3681 
f 108 3782 105 
f 590 285 4322 
f 2197 2200 5817 
f 5763 201 4201 
f 5279 4526 5278 
f 1989 4132 2992 
f 5324 947 945 
f 1898 3385 1900 
f 3498 2085 2083 
f 4088 2805 3970 
f 2803 3970 2805 
f 149 128 1425 
f 3505 3508 4748 
f 2338 465 471 
f 5312 5311 2838 
f 5318 2352 2506 
f 3091 3322 2243 
f 5744 5908 2841 
f 5628 3834 3817 
f 5227 4437 4912 
f 5998 5802 3880 
f 3876 4757 3472 
f 1588 1589 5670 
f 5546 5607 4149 
f 2698 2699 2875 
f 5243 4460 4157 
f 1420 4613 1666 
f 5862 1369 1370 
f 3783 5356 3784 
f 5355 3784 5356 
f 5303 5760 5305 
f 5075 5305 5760 
f 5449 250 2329 
f 4511 1905 1903 
f 3484 2000 1579 
f 2005 1579 2000 
f 1566 3479 1568 
f 2977 2979 5984 
f 2155 5581 2516 
f 2904 2516 5581 
f 4720 4723 4926 
f 1490 3524 1489 
f 768 4564 2109 
f 2470 4175 4177 
f 4299 2026 3884 
f 5011 2829 2129 
f 2929 2783 2784 
f 2094 5654 5369 
f 4053 1819 3728 
f 5058 5036 5037 
f 1450 4058 1449 
f 5922 5838 5837 
f 2651 2490 2650 
f 2618 1604 1605 
f 3462 2709 5543 
f 4826 4277 4279 
f 1524 3348 1523 
f 678 3425 3426 
f 2441 2080 2443 
f 1870 504 505 
f 3069 5523 3557 
f 5979 5031 5559 
f 6000 4273 5999 
f 5616 5999 4273 
f 6001 3441 5158 
f 4527 2024 2253 
f 2203 3577 3578 
f 3046 5062 3048 
f 4164 2858 2857 
f 180 200 198 
f 326 1721 328 
f 2088 4223 2086 
f 5522 2833 2597 
f 279 5179 4332 
f 5906 4332 5179 
f 6002 5994 3142 
f 5545 4500 4333 
f 3572 2340 5110 
f 5280 5110 2340 
f 3462 1522 1525 
f 2812 545 2810 
f 5586 5585 5698 
f 2984 4434 5789 
f 480 478 3396 
f 5102 3843 3845 
f 5385 5137 4419 
f 5478 3341 5494 
f 5751 5753 4134 
f 4305 1561 4304 
f 928 5773 1568 
f 4088 3537 2805 
f 6003 3778 3776 
f 3947 1097 1095 
f 2341 3642 3640 
f 4515 416 411 
f 3809 4817 4150 
f 4935 2734 2888 
f 1260 2888 2734 
f 3234 3236 3047 
f 3852 1835 3853 
f 5936 3738 621 
f 1972 1585 1675 
f 4445 5379 2431 
f 911 904 5711 
f 2645 4130 95 
f 5100 4909 4620 
f 5739 5810 4978 
f 1904 4933 1903 
f 3661 6004 3660 
f 2102 4389 2104 
f 2061 2059 2437 
f 3618 973 4566 
f 3193 3191 3942 
f 2432 3942 3191 
f 3964 3963 4241 
f 5760 2025 5074 
f 444 5023 5923 
f 1499 420 3352 
f 6005 3093 3746 
f 3319 1415 2691 
f 3810 5761 4411 
f 4610 2410 4609 
f 2555 4403 5428 
f 5755 5702 5701 
f 831 3759 3765 
f 3212 3718 3719 
f 5715 5928 1714 
f 4298 3532 5380 
f 3615 5054 5052 
f 3979 3977 2972 
f 438 1107 4795 
f 3157 1239 5033 
f 4590 4792 1648 
f 4422 2858 3949 
f 4253 4251 5918 
f 4478 1308 4480 
f 1579 1578 5439 
f 2585 5004 2584 
f 5006 2584 5004 
f 5992 6006 4587 
f 5562 3542 5599 
f 1895 5470 5619 
f 1405 4954 5624 
f 3809 3071 5926 
f 3505 4748 5967 
f 3007 5948 2464 
f 5811 2367 2365 
f 5900 5251 3535 
f 5562 2115 2117 
f 4154 4014 5065 
f 3598 2087 3098 
f 3699 4211 5500 
f 101 3531 682 
f 5934 4962 5866 
f 4965 5866 4962 
f 5294 2587 5293 
f 4004 5696 2692 
f 5786 4832 3379 
f 2986 5756 2262 
f 2911 114 2908 
f 3648 3649 1627 
f 954 2293 956 
f 6008 3491 6007 
f 2038 6007 3491 
f 3329 1797 1500 
f 4321 2041 4851 
f 2814 6007 2038 
f 3349 4550 3526 
f 3664 4661 4849 
f 1757 3944 1759 
f 4250 32 4247 
f 6009 5069 3339 
f 5884 5882 1921 
f 4670 3356 4143 
f 6000 5485 4273 
f 3932 3815 3330 
f 4495 5542 4496 
f 5334 33 5653 
f 5769 2218 2221 
f 1255 5386 5300 
f 5045 3151 224 
f 3779 5492 3776 
f 5893 5604 5605 
f 5975 5931 1559 
f 5622 4676 3924 
f 6010 1635 1633 
f 5119 2844 5271 
f 3817 3815 3932 
f 1090 2495 2493 
f 5819 3141 6011 
f 5232 6011 3141 
f 573 5755 5701 
f 4707 3052 3050 
f 6012 5963 5120 
f 3949 3249 4423 
f 5870 913 4231 
f 4760 5826 5668 
f 5901 5072 4163 
f 1076 79 83 
f 2583 1076 83 
f 3491 2578 2038 
f 3715 4676 5622 
f 3648 1627 2165 
f 1455 2043 3435 
f 3725 4004 2481 
f 4928 3753 5122 
f 858 3298 3299 
f 2034 2032 5322 
f 2798 3887 5625 
f 4250 34 32 
f 5862 2184 4484 
f 2763 5627 5110 
f 5067 5590 709 
f 5351 1625 4415 
f 3594 4244 1203 
f 5450 1507 4395 
f 4104 4107 4867 
f 1937 1003 1001 
f 3632 3631 4791 
f 5151 3475 2939 
f 4546 4102 2546 
f 2579 3494 5648 
f 900 1258 1251 
f 4904 3218 4440 
f 4992 5803 4561 
f 2701 5016 4420 
f 5029 2996 4863 
f 5935 3698 6013 
f 5929 6013 3698 
f 5293 2587 2586 
f 1448 1265 13 
f 4129 1514 5410 
f 4180 3900 5606 
f 6014 5595 3226 
f 2585 5242 5004 
f 1171 4014 1907 
f 6001 5844 3441 
f 5019 4900 4470 
f 5553 3986 2343 
f 1226 1404 1223 
f 2986 2262 2985 
f 4065 4066 4171 
f 1356 1317 1315 
f 4963 5700 5499 
f 5220 5360 4599 
f 4388 1820 1404 
f 4827 4377 1138 
f 4247 4296 4249 
f 4714 5928 5715 
f 2654 2655 5651 
f 2132 3258 5136 
f 1870 505 5970 
f 710 227 2212 
f 4497 2642 3456 
f 4304 1561 1598 
f 3440 4147 3442 
f 5892 5759 5303 
f 3809 5926 4817 
f 4455 1965 2745 
f 5273 2304 2302 
f 2540 4118 2671 
f 5521 5945 5634 
f 4510 3207 3209 
f 851 852 5920 
f 5806 4461 5468 
f 5491 6003 3776 
f 2658 3289 3750 
f 3137 657 5825 
f 4858 5977 4859 
f 2890 4414 1625 
f 3654 3584 3220 
f 6014 3226 5749 
f 3671 5749 3226 
f 1907 4980 4210 
f 5558 3498 2083 
f 5794 5180 5570 
f 4844 5570 5180 
f 5035 5388 5034 
f 4270 1262 1462 
f 1300 1549 4947 
f 637 635 2850 
f 5998 5397 5398 
f 5012 5793 1642 
f 2266 1103 1101 
f 1840 4657 1606 
f 1848 1510 1508 
f 4772 1470 2057 
f 2138 3031 2140 
f 5474 4162 218 
f 2946 2945 843 
f 4877 6015 3207 
f 1415 3319 2317 
f 5508 3031 2138 
f 4607 4544 4542 
f 6016 5995 5726 
f 3571 3572 2342 
f 6017 2942 2943 
f 4791 4168 3595 
f 3940 2349 5157 
f 2889 2888 1260 
f 3233 5495 4736 
f 5074 5075 5760 
f 4986 2920 4871 
f 5045 4926 4927 
f 5248 5269 4775 
f 1751 1752 5534 
f 2661 5641 2530 
f 3349 5543 4819 
f 1501 3795 1503 
f 2497 1950 5505 
f 4056 952 950 
f 868 867 865 
f 5762 4180 4033 
f 5932 5225 6018 
f 5485 6018 5225 
f 5724 2265 582 
f 5022 5023 5143 
f 5120 2844 5119 
f 1891 1892 3929 
f 4638 4534 3979 
f 4397 2074 2072 
f 3686 3112 2741 
f 2041 4321 2043 
f 3470 3473 3656 
f 6012 5120 5118 
f 5747 4743 3543 
f 5504 5502 6019 
f 5982 6019 5502 
f 5281 1972 1676 
f 6020 5976 4660 
f 630 640 1958 
f 641 1958 640 
f 4368 733 734 
f 5221 4570 532 
f 3198 3273 3197 
f 115 5083 114 
f 4300 2997 2995 
f 5382 5992 4587 
f 4992 3774 5803 
f 5735 1075 4914 
f 5700 4963 5496 
f 2241 4861 5098 
f 4415 5352 5351 
f 1989 3511 4132 
f 5986 4521 4523 
f 3513 4501 216 
f 721 5230 3840 
f 5835 5675 4605 
f 5969 5959 4780 
f 5699 5807 5499 
f 1286 2347 1285 
f 4246 5024 4956 
f 4422 5394 2858 
f 48 2545 5451 
f 3220 3024 3025 
f 5843 4073 4072 
f 1447 1268 1266 
f 5636 875 876 
f 2147 3609 4630 
f 1763 3565 2941 
f 851 2941 3565 
f 1589 3467 4357 
f 2206 2205 2203 
f 5123 3378 3683 
f 4034 4790 5762 
f 5763 180 201 
f 5759 5972 4858 
f 5965 2894 857 
f 856 857 2894 
f 5722 1525 3875 
f 4327 5427 371 
f 3638 3813 3461 
f 540 2812 3411 
f 4070 3034 4069 
f 4507 69 5177 
f 1686 3916 3915 
f 3542 5562 2117 
f 5297 2213 23 
f 5349 5348 220 
f 6017 2943 4711 
f 281 279 3547 
f 3694 3692 5539 
f 2466 5271 3165 
f 5516 4312 5038 
f 2093 3845 3089 
f 1709 3604 1711 
f 3913 5640 3912 
f 4194 1173 3639 
f 4474 2514 5879 
f 3018 3576 991 
f 1808 5297 23 
f 2155 2517 2157 
f 5571 5095 2319 
f 5585 5580 5417 
f 2234 2235 3746 
f 4851 4448 4321 
f 2558 127 5953 
f 1310 5767 4065 
f 2099 4954 4953 
f 4707 3050 5435 
f 3105 1114 1112 
f 3128 2945 2946 
f 6022 5320 6021 
f 5319 6021 5320 
f 6023 4019 4924 
f 4923 4924 4019 
f 2086 4222 1533 
f 3498 5408 3500 
f 5989 5707 5709 
f 4897 2728 4313 
f 4137 5164 4136 
f 4976 5547 4975 
f 2743 1965 4455 
f 5708 6016 5726 
f 1427 1400 182 
f 3981 3124 901 
f 5608 5772 4690 
f 5530 6024 1308 
f 5690 2406 2296 
f 6002 3142 3140 
f 5102 3845 2093 
f 5829 2459 6025 
f 5387 6025 2459 
f 4184 4548 2238 
f 5391 5910 5097 
f 6026 5260 4814 
f 2193 3320 4072 
f 5771 4692 4690 
f 169 2647 1294 
f 5881 5189 4743 
f 3797 3861 2824 
f 2232 5310 2263 
f 3347 1314 3184 
f 5731 5228 4912 
f 4191 6027 2279 
f 2274 3953 2704 
f 2787 5071 3423 
f 5718 5420 1857 
f 1011 1023 1013 
f 3419 2024 4527 
f 1049 2202 1048 
f 2398 2401 2768 
f 4994 2768 2401 
f 4911 5750 4036 
f 5942 6020 4660 
f 5507 5889 5508 
f 5419 1856 1854 
f 2125 5887 5815 
f 1027 3915 3917 
f 4169 5019 5172 
f 139 2605 4265 
f 6028 4475 920 
f 5152 3475 5151 
f 3663 3742 4227 
f 1029 3574 3894 
f 6029 4238 5828 
f 6022 5832 5320 
f 5270 1887 3243 
f 1128 3563 1130 
f 4969 2057 5588 
f 5849 3806 3804 
f 4567 4568 3994 
f 5581 4603 5423 
f 2512 4853 2514 
f 2508 5705 4538 
f 3008 2465 6030 
f 6031 6030 2465 
f 3278 5019 4470 
f 6032 3491 6008 
f 2861 1703 4116 
f 5596 5657 3611 
f 4710 1334 3451 
f 1056 2870 3465 
f 4703 3022 3729 
f 5855 1633 3442 
f 5281 3574 2951 
f 3856 3337 3656 
f 3612 3615 5052 
f 5825 1630 3137 
f 4664 5941 3589 
f 4214 3101 2571 
f 5431 1400 1427 
f 5952 4082 5345 
f 3396 4166 480 
f 4488 3373 4382 
f 5563 3499 3702 
f 5043 3533 944 
f 2945 3128 2938 
f 6033 4144 4347 
f 5895 4325 4324 
f 4248 5786 3752 
f 4292 2124 2125 
f 2789 3722 4451 
f 1492 1073 1494 
f 5141 3470 4194 
f 2571 2574 4214 
f 6034 3339 3340 
f 2302 552 5273 
f 3527 5020 4576 
f 4610 2565 2410 
f 4866 5029 4863 
f 5647 4505 2381 
f 6035 5853 2575 
f 3082 3947 1093 
f 4146 4144 6033 
f 5401 3009 3922 
f 3010 3922 3009 
f 5397 5998 3880 
f 2329 2327 5449 
f 5338 4930 4679 
f 2852 5217 2854 
f 3778 4445 3777 
f 6036 2814 2813 
f 1548 2698 2875 
f 5497 4776 4551 
f 2125 5815 4292 
f 3563 1128 3632 
f 1836 4779 5087 
f 5532 5990 5051 
f 1260 755 2889 
f 5909 4203 5097 
f 1457 3132 4808 
f 4862 3168 3166 
f 5988 2921 2876 
f 5566 3537 3535 
f 3074 2110 3075 
f 4651 5024 5635 
f 4627 5009 5479 
f 4240 4238 6029 
f 894 2092 893 
f 602 3839 596 
f 4183 4409 2466 
f 1230 1769 1388 
f 966 2144 965 
f 4943 637 644 
f 6035 2575 5691 
f 4951 2024 3419 
f 4685 5407 1332 
f 2603 5533 2602 
f 3707 2602 5533 
f 4682 3831 5852 
f 1487 2570 2568 
f 5421 2656 3222 
f 5475 4558 607 
f 6010 1633 5855 
f 2994 4421 3247 
f 249 5448 3960 
f 5579 2216 5417 
f 1469 1763 1761 
f 5872 5291 5289 
f 5185 4898 5187 
f 4896 5187 4898 
f 2820 3662 2126 
f 2844 5120 2841 
f 1363 2478 3667 
f 1355 3885 1352 
f 5180 5794 5063 
f 4635 5063 5794 
f 5821 6021 5319 
f 5152 5150 5570 
f 5525 4785 5080 
f 2701 2703 5016 
f 5487 2664 4847 
f 3518 4829 4243 
f 4338 1506 4339 
f 5906 5179 2967 
f 4533 3572 5110 
f 6031 2465 3192 
f 2812 540 545 
f 5157 5933 5383 
f 1188 1163 1187 
f 1132 3118 1131 
f 5324 945 948 
f 6038 5501 6037 
f 5807 6037 5501 
f 2172 5032 2171 
f 5064 6039 3315 
f 5309 3832 4567 
f 5570 5662 5794 
f 4872 5376 4686 
f 4228 5796 1709 
f 4436 1894 2793 
f 5985 2084 2082 
f 5878 5854 4496 
f 5880 4259 4037 
f 1334 4710 1333 
f 4326 2724 2723 
f 3621 3145 3144 
f 409 1781 408 
f 5684 2956 4059 
f 5508 5889 5055 
f 4937 3534 3537 
f 5424 5339 4824 
f 6015 5944 3207 
f 2286 4933 1904 
f 4116 5576 2861 
f 5272 550 4741 
f 4316 4741 550 
f 4315 4316 553 
f 2028 3138 2027 
f 5587 5608 1843 
f 5469 5168 5758 
f 1162 2292 1161 
f 2882 4262 4260 
f 4020 5321 4019 
f 5068 5345 4085 
f 3033 5202 4852 
f 4468 4925 2606 
f 3550 2606 4925 
f 170 3287 4105 
f 992 3023 991 
f 5939 3358 4425 
f 5862 4781 1369 
f 5783 4317 4734 
f 4019 946 4923 
f 6006 5703 4587 
f 4359 5809 3859 
f 5387 2459 2457 
f 5867 4192 2280 
f 5784 5978 4318 
f 1088 1089 3668 
f 5537 5558 2083 
f 5423 2904 5581 
f 5831 1919 1922 
f 5993 5888 5634 
f 5141 4194 3639 
f 4287 4355 4286 
f 5996 5460 5697 
f 4372 3056 2237 
f 5765 2748 5354 
f 5896 5659 4891 
f 5864 5787 5932 
f 4206 1612 5030 
f 1610 5030 1612 
f 3672 5632 3671 
f 6009 3339 6034 
f 1638 6026 4814 
f 4856 5708 5726 
f 1116 1134 1115 
f 6024 1310 1308 
f 2330 2590 4087 
f 3264 5152 5570 
f 6004 5918 3660 
f 6040 5797 4280 
f 2429 3453 5159 
f 2736 786 784 
f 5939 3360 3358 
f 5810 4541 4544 
f 1230 1389 1232 
f 5547 5875 5363 
f 6038 4705 5501 
f 4021 4019 6023 
f 4388 5112 1820 
f 4187 4452 4446 
f 5943 6011 5232 
f 5959 4779 4780 
f 3351 5330 5329 
f 2025 5760 1529 
f 4173 5954 4172 
f 4258 5814 5556 
f 5512 3541 3539 
f 1105 2277 1104 
f 5565 4767 4766 
f 2998 2996 5029 
f 576 5863 575 
f 4235 5600 3297 
f 5618 1374 2587 
f 6028 4888 4475 
f 5919 4281 4282 
f 4991 4989 4932 
f 5645 4971 2871 
f 605 602 604 
f 3922 3457 5401 
f 1151 1150 1929 
f 937 2142 936 
f 3747 6005 3746 
f 5968 5891 5672 
f 3126 2046 2938 
f 4606 6036 2813 
f 6032 1597 3491 
f 5620 5836 5619 
f 5604 6002 3140 
f 2505 2590 2330 
f 152 164 151 
f 6027 4717 2279 
f 6039 4712 3315 
f 5733 6040 4280 
f 3991 5336 1921 
f 437 3854 436 
f 5856 5985 5290 
f 5991 5593 2116 
