v 70.9394013361681 143.393898900935 -90.6314831284952
vn 0.9472320676 -0.0562506653 -0.3155745566
v 52.6703245231361 127.524152921821 -84.8777241552447
vn -0.3544285893 -0.5889666080 0.7262910604
v 67.4914588082294 134.591122480949 -88.0840370390704
vn 0.7887910604 -0.5708932281 -0.2277928889
v 42.5999610244068 200.015015908214 -84.4841370342641
vn 0.2716579437 0.1897700280 0.9434984326
v 66.3823966428495 133.919248185444 -82.9982119968919
vn 0.7674051523 -0.5179655552 0.3778901994
v 48.0586200897778 190.993088361925 -84.4841370342641
vn 0.2682665884 0.1204741597 0.9557818770
v 22.9730553699157 174.10716933103 -91.228970844682
vn -0.9396253228 -0.2609140277 -0.2214229107
v 59.5579609795269 127.388127195833 -90.7206098090963
vn 0.6953865886 -0.7121843100 -0.0960783362
v 47.1580709436703 134.133292073036 -86.4357747392834
vn -0.6665384173 -0.2761395276 0.6924402118
v 19.9113565299218 192.403775083189 -96.275069554934
vn -0.9037222266 0.0282594804 -0.4271855652
v 66.2100033946808 166.188606473561 -85.0970328270291
vn 0.8997129202 0.4350558817 0.0352560543
v 56.0437544135663 174.081728381052 -82.5332002875125
vn 0.4016086757 0.4957885444 0.7700027227
v 46.9527210709915 139.670906861573 -84.7190338585961
vn -0.5713498592 -0.1001401991 0.8145743012
v 37.2170991206884 165.098853539721 -84.4841370342641
vn -0.2084645480 -0.1052169949 0.9723538160
v 35.0568781560729 141.414130224319 -91.0639963372326
vn -0.8559505939 -0.5168745518 -0.0137582468
v 41.8176379697214 205.070412446224 -89.0048866330218
vn 0.3610066772 0.8939266801 -0.2656487823
v 42.3081130163219 196.091860845329 -96.275069554934
vn -0.0124241561 0.0328586996 -0.9993827939
v 22.5099255234451 198.506994942316 -92.467355497328
vn -0.2949329615 0.6403291225 -0.7092201114
v 19.1327348796936 189.213939984107 -96.275069554934
vn -0.7571419477 -0.2030817121 -0.6208815575
v 44.9049247379269 145.49740467049 -84.4841370342641
vn -0.3893022239 -0.2590902448 0.8839208484
v 47.1801455629301 174.686573907057 -96.275069554934
vn 0.0000000000 0.0000000000 -1.0000000000
v 65.756855618318 136.068494394677 -80.4580721566113
vn 0.3954416811 -0.2785188258 0.8752446175
v 44.4198218028351 142.22828614001 -96.275069554934
vn 0.0000000000 0.0000000000 -1.0000000000
v 55.4641612151326 156.076444364442 -96.275069554934
vn 0.0000000000 0.0000000000 -1.0000000000
v 43.8430939542363 148.565051707741 -84.4841370342641
vn -0.2364124805 -0.1327417046 0.9625428915
v 31.1439706258123 155.749102321582 -96.275069554934
vn 0.0000000000 0.0000000000 -1.0000000000
v 49.4375653043044 201.972357508082 -92.0536249437342
vn 0.4977616072 0.8621249199 0.0947310925
v 28.400813350616 167.138867350724 -96.275069554934
vn 0.0000000000 0.0000000000 -1.0000000000
v 62.0632558910765 159.678231927206 -92.7852662795022
vn 0.6573822498 0.3332050741 -0.6758867502
v 45.8425378910238 142.411788324268 -85.2003507557837
vn -0.5288538337 -0.2265437990 0.8179190159
v 20.5399089788014 194.693419019705 -85.6402117163373
vn -0.5680375099 -0.4063647091 0.7156822681
v 46.3998408448149 132.652024784415 -88.4023450648448
vn -0.5848807096 -0.1805753559 0.7907636166
v 46.7515224215127 162.377726906334 -80.3912473780852
vn -0.3556214273 -0.1285655648 0.9257452488
v 49.621774161108 197.955407207321 -96.275069554934
vn 0.1203033924 0.2419646829 -0.9627981186
v 49.7172565283261 127.380256233973 -86.4528386581091
vn -0.5401857495 -0.3616470695 0.7598754764
v 67.0110804899157 159.375105597352 -85.494792593114
vn 0.8126798272 0.5683307648 0.1286533922
v 35.6787714031906 147.53147728838 -96.275069554934
vn 0.0000000000 0.0000000000 -1.0000000000
v 21.9252628350517 178.135694961763 -90.9736863239524
vn -0.8741667271 -0.4839453399 -0.0403664261
v 64.3107537413264 159.608891791692 -91.1367671108061
vn 0.8299664855 0.1895825565 -0.5246084929
v 46.9226837514222 168.026913433917 -80.3858985865255
vn -0.1646052152 0.0040246961 0.9863513112
v 48.0562245076157 159.412667099626 -80.3783658886737
vn -0.3169580996 -0.1390278041 0.9381944537
v 61.2490204370994 174.609699139867 -86.4440925669432
vn 0.8187751174 0.5003880262 0.2814588845
v 48.1679987313505 130.68115173793 -86.9316735894971
vn -0.6342769861 -0.2116871774 0.7435598373
v 65.4148804825277 148.529556569051 -96.2311020210401
vn 0.4478132725 0.1194179282 -0.8861166239
v 63.071192688846 169.841505267509 -85.7068352443832
vn 0.8372087479 0.5455859900 -0.0376490504
v 59.7530952115702 160.528907523483 -80.3783658886737
vn 0.0000000000 0.0000000000 1.0000000000
v 63.6111293539604 131.91411006366 -92.0656125939103
vn 0.7739803195 -0.5595826507 -0.2963473201
v 62.2231597902203 129.709059792153 -89.7908661630292
vn 0.6803877950 -0.6857983470 -0.2583661973
v 65.640932892204 134.870800534708 -90.8262549338627
vn 0.7548820376 -0.5561133623 -0.3476938605
v 21.4862981046011 186.023818774828 -88.5899081798545
vn -0.3278430402 -0.1858177483 0.9262778759
v 19.7196818381668 198.938729901471 -91.9920024277364
vn -0.7122579217 0.6959650517 0.0912208259
v 43.954148394255 149.387669846009 -96.275069554934
vn 0.0000000000 0.0000000000 -1.0000000000
v 29.5651249302469 160.807286614092 -89.1203560609629
vn -0.2714794278 -0.1000973582 0.9572248459
v 39.0579812195952 165.019498630886 -96.275069554934
vn 0.0000000000 0.0000000000 -1.0000000000
v 35.5962830220897 196.339521593798 -96.275069554934
vn -0.0166609623 0.1863431931 -0.9823434353
v 63.5031854467099 166.842634839835 -80.3783658886737
vn 0.5454002619 0.6679363251 0.5063591599
v 32.9542609704173 180.190125657024 -84.5300193880184
vn -0.2533401549 -0.1268672347 0.9590221643
v 45.6123819133075 123.902289731097 -90.9586223023105
vn -0.6925814152 -0.6278713346 -0.3551175892
v 37.2994772968104 187.074983541912 -96.275069554934
vn 0.0000000000 0.0000000000 -1.0000000000
v 29.9154541965907 192.071346698864 -96.275069554934
vn 0.0000582335 0.0018003776 -0.9999983907
v 57.4147371357707 178.644922228165 -96.272053445978
vn 0.7700721025 0.2335222214 -0.5936803818
v 36.7693966270064 145.60435712943 -88.5899081798545
vn -0.1710876673 -0.1113228202 0.9789465070
v 43.2764442083855 130.924355127528 -96.275069554934
vn -0.8189539909 -0.3895792067 -0.4213578105
v 40.4587542168806 177.342791933365 -84.4841370342641
vn 0.0000000000 0.0000000000 1.0000000000
v 38.9170437010623 190.284656717648 -96.275069554934
vn 0.0000000000 0.0000000000 -1.0000000000
v 37.9837189228842 151.983137094589 -87.7850718950514
vn -0.5287374258 -0.1409773976 0.8369958997
v 41.4349616530819 131.905945807587 -91.1605780807945
vn -0.8023704886 -0.5506194830 -0.2302602679
v 52.1623494890139 132.908109921196 -82.5259428974866
vn -0.6213251948 -0.2218970656 0.7514763474
v 23.5818650413398 172.551319058496 -91.4740114483428
vn -0.9430195093 -0.1146622524 -0.3123567402
v 19.4381909850471 198.33884124341 -85.2097772787309
vn -0.7587632537 -0.0999138653 0.6436579227
v 39.7370239235078 150.152834034872 -85.5716685886994
vn -0.5388108492 -0.2263656855 0.8114440441
v 51.7166972878225 170.412147917115 -80.3783658886737
vn 0.0018207709 0.0047981120 0.9999868274
v 26.0219364239602 170.464917113164 -89.2982893937404
vn -0.4544400871 -0.0559824482 0.8890163898
v 52.7828100038877 173.322725095276 -80.4256157036675
vn 0.2560590208 0.3005289733 0.9187579155
v 39.5807816890119 157.187578179113 -84.4841370342641
vn -0.3510071635 -0.1532111615 0.9237533808
v 68.5648613332572 152.404879063538 -80.3783658886737
vn 0.8108644485 0.1915245652 0.5530074239
v 62.6572082585112 162.331631969761 -92.0431654891162
vn 0.6791792512 0.1424303651 -0.7200202346
v 32.9672225481555 155.776894838724 -88.5899081798545
vn -0.2687703371 -0.0986710861 0.9581369758
v 39.0896776009819 171.267832766369 -96.275069554934
vn 0.0000000000 0.0000000000 -1.0000000000
v 58.7367936585734 126.64347242766 -93.7864442319597
vn 0.6511384249 -0.6362277865 -0.4138029814
v 62.0668968048948 128.582024475907 -82.9113756298548
vn 0.5332179666 -0.7438630462 0.4029222429
v 58.3126697866043 181.413439460231 -90.9956725371666
vn 0.9713840485 0.1990096271 -0.1296463162
v 34.565880270385 163.921140418404 -86.2999417547133
vn -0.6128379703 -0.2250328362 0.7574892044
v 45.4649154301214 165.298931291159 -80.4314538465662
vn -0.4866985977 -0.0707070306 0.8707037568
v 35.6769571052372 183.787635103766 -96.275069554934
vn 0.0000000000 0.0000000000 -1.0000000000
v 32.5136947824739 165.909533546092 -87.822897538934
vn -0.5170863867 -0.1533865184 0.8420773149
v 39.5644427327538 135.243786292809 -91.0204320900199
vn -0.6722979546 -0.6900566816 -0.2680246532
v 68.874849753375 149.796717800113 -80.3783658886737
vn 0.7443957925 -0.0253981128 0.6672554612
v 69.3765542789536 137.925362101096 -83.9737430826991
vn 0.8810626268 -0.4014072716 0.2502016127
v 35.1469407217111 167.308421839224 -84.5195580128017
vn -0.4982802868 -0.1166728288 0.8591299057
v 51.7073628895323 125.416269696885 -86.6921869613283
vn -0.1260196418 -0.6942763925 0.7085897326
v 66.1849491060517 151.355152853051 -95.0117755772435
vn 0.8385172486 0.3245741427 -0.4376533329
v 63.7454400486792 133.231091195211 -80.3783658886737
vn 0.4680239856 -0.3241228461 0.8221301436
v 55.6203503066994 183.030751678119 -88.4184334523794
vn 0.8322094083 0.2752687633 0.4813050628
v 32.2737293281516 148.741439132021 -88.6783237612504
vn -0.8705329299 -0.4664472044 0.1568422318
v 64.776371897981 138.665344116717 -96.2609782569133
vn 0.3485602736 -0.2777023315 -0.8952022791
v 52.7983019933268 140.074924335803 -96.275069554934
vn 0.0000000000 0.0000000000 -1.0000000000
v 56.1905390896124 130.929923076253 -96.275069554934
vn 0.0437379181 -0.0263918098 -0.9986943603
v 32.7794083491139 159.460892070295 -88.5899081798545
vn -0.3476938009 -0.0262452867 0.9372407198
v 34.4655352731815 203.910156724355 -84.4841370342641
vn 0.0252138302 0.4044429660 0.9142155647
v 38.3073747503894 168.671869545603 -84.4841370342641
vn -0.0120255817 -0.0008347683 0.9999273419
v 34.6734447212682 161.32677943436 -87.2418337904147
vn -0.6135922670 -0.1798621118 0.7688654661
v 19.0346223745755 197.829882935729 -92.8637273247891
vn -0.9295775294 0.3284967542 -0.1672587246
v 33.2810478952481 143.496510790745 -91.235586758005
vn -0.8098550439 -0.5865825415 -0.0074651558
v 51.0713161657803 171.064173033151 -96.275069554934
vn 0.0000000000 0.0000000000 -1.0000000000
v 54.709029737574 122.044587042026 -93.143510823856
vn 0.6306829453 -0.7278038859 -0.2693335712
v 53.5953264267065 132.571823149886 -96.275069554934
vn 0.0000000000 0.0000000000 -1.0000000000
v 61.3008753956914 170.468704014455 -95.5330582564414
vn 0.7741666436 0.1272655427 -0.6200560331
v 59.4044323909734 129.440663732314 -95.7798533292901
vn 0.4371970892 -0.3662062287 -0.8214327097
v 61.9635510066263 131.767485257422 -95.0731540495404
vn 0.5987895131 -0.4271631539 -0.6774826646
v 24.6310589590646 202.130271782912 -89.2215652791761
vn -0.0199324600 0.9529920220 0.3023389876
v 62.7711456976802 140.437978648252 -80.3783658886737
vn 0.0000000000 0.0000000000 1.0000000000
v 26.3813676748498 166.160068818485 -89.2468334447066
vn -0.4627453387 -0.0618974678 0.8843277097
v 26.9507029043883 157.390039974863 -91.0915603411271
vn -0.9834995270 0.0078351349 -0.1807410717
v 50.7623283511095 132.174579678902 -96.275069554934
vn 0.0000000000 0.0000000000 -1.0000000000
v 16.3234726766008 187.78497143579 -90.9586223023105
vn -0.9430087209 0.3307930529 0.0362004638
v 55.7413170357882 144.009120221445 -80.3783658886737
vn -0.0210252088 0.0006444931 0.9997787476
v 22.7526276262533 181.35804857214 -96.275069554934
vn 0.0000000000 0.0000000000 -1.0000000000
v 28.0312972208874 200.764548919909 -92.2913766065018
vn -0.1291601211 0.7427815795 -0.6569575667
v 33.8344208111335 182.865870821674 -84.4841370342641
vn -0.0025811153 -0.0063569797 0.9999764562
v 28.8057274952579 177.01612762637 -88.4859731961651
vn -0.4291279912 -0.2060975134 0.8794162869
v 26.6529860058532 190.286770685986 -96.275069554934
vn 0.0000000000 0.0000000000 -1.0000000000
v 57.6741287707937 186.646537537879 -95.4885564674689
vn 0.8155325055 0.4966145754 -0.2971206605
v 60.7155899860433 127.605586555892 -87.7044468102462
vn 0.5567011237 -0.8264030218 -0.0845099315
v 55.69167407461 125.010649174293 -95.2400707137491
vn 0.5355506539 -0.4913388193 -0.6868563890
v 64.3624463304434 134.753514521942 -94.397158709108
vn 0.6449586153 -0.4327394366 -0.6298928261
v 58.4908504453605 138.269184040502 -80.3783658886737
vn 0.0000000000 0.0000000000 1.0000000000
v 67.5815817824146 154.602214808543 -80.3783658886737
vn 0.5857474208 0.1334252059 0.7994358540
v 67.9627474731134 148.568972059499 -93.1244008320435
vn 0.8583256602 0.3885551691 -0.3351148665
v 52.186550483113 177.30809787671 -96.275069554934
vn 0.0000000000 0.0000000000 -1.0000000000
v 52.1586057087094 199.398834096118 -91.9073109367356
vn 0.7045940757 0.6713938713 0.2297334671
v 61.2835104763453 167.835812775052 -93.9908435254216
vn 0.7545692325 -0.2414847314 -0.6101724505
v 44.7896097956877 129.188651929039 -96.275069554934
vn -0.5508134365 -0.5476779342 -0.6298043132
v 23.8876886437838 193.548080924696 -84.4841370342641
vn -0.3287669718 -0.3433554173 0.8797836900
v 21.3062945325592 192.31814000726 -87.7955465482799
vn -0.5106135607 -0.4203002155 0.7500810027
v 47.1649053151002 137.7314095043 -96.275069554934
vn 0.0000000000 0.0000000000 -1.0000000000
v 41.1245143651713 174.238896919762 -84.4841370342641
vn -0.2499057800 0.0703737289 0.9657093883
v 55.9579547448672 189.791014968272 -91.1483277569075
vn 0.9231119752 0.0156120807 0.3842141628
v 33.4444660547936 144.860028111087 -89.4342209418645
vn -0.3925369084 -0.2692844570 0.8794320226
v 37.4095147155774 168.04294517073 -96.275069554934
vn 0.0000000000 0.0000000000 -1.0000000000
v 47.5019607475704 144.284650089594 -84.4629976177085
vn -0.2526984215 -0.1220198721 0.9598200917
v 61.6375122716723 137.276604096582 -96.275069554934
vn 0.1376500428 -0.1203005984 -0.9831480980
v 37.9691858518046 153.18167060238 -96.275069554934
vn 0.0000000000 0.0000000000 -1.0000000000
v 53.7039479102758 179.881488462217 -96.275069554934
vn 0.0000000000 0.0000000000 -1.0000000000
v 35.7665474024037 177.413699512249 -96.275069554934
vn 0.0000000000 0.0000000000 -1.0000000000
v 48.6217268243871 170.648193057325 -80.3783658886737
vn -0.0063373125 -0.0000203285 0.9999799132
v 61.1897258682593 173.86296607512 -92.4939132812019
vn 0.8820624352 0.3161144555 -0.3493387401
v 49.7384574359025 133.442051088639 -84.4841370342641
vn -0.6321297288 -0.2398462445 0.7368078232
v 42.7778712166583 136.515938516523 -88.7170358052261
vn -0.4195195436 -0.2019737810 0.8849914670
v 19.4913245501393 192.61194730019 -88.5899081798545
vn -0.9754523039 0.0947994292 0.1987608373
v 58.501896871037 126.838802598941 -85.5556489825916
vn 0.2623647153 -0.9474161267 0.1832140386
v 70.201315015422 154.235323046542 -85.4477265621895
vn 0.9144825935 0.2963855565 0.2754580677
v 51.8627763287107 194.909304622686 -88.6428404891578
vn 0.6561204791 0.2923722863 0.6957185864
v 40.073078283942 202.09268930011 -84.4841370342641
vn 0.1184752584 0.2516362369 0.9605429769
v 68.3066593279374 146.876678033463 -80.3783658886737
vn 0.5499538183 0.0030874468 0.8351893425
v 60.881861837922 146.152951450085 -80.3783658886737
vn 0.0000000000 0.0000000000 1.0000000000
v 55.4229681299152 138.506651488186 -80.3783658886737
vn -0.0243817046 -0.0002884231 0.9997026920
v 30.7738316101968 206.017759617066 -86.2841575222167
vn -0.3949947655 0.8186405897 0.4169013798
v 69.1598364090809 145.829621401247 -91.8372631357521
vn 0.8719208241 0.3174370229 -0.3728106320
v 29.3420077466681 157.612107878207 -96.275069554934
vn -0.7506401539 -0.1387616843 -0.6459756494
v 39.0265648141698 137.517303810228 -96.275069554934
vn -0.6872179508 -0.5882883668 -0.4262021184
v 41.4714429332329 197.282484567194 -84.4841370342641
vn 0.0142389582 0.0013704976 0.9998976588
v 39.6072300905681 205.818356904382 -86.1964632385235
vn 0.2219954133 0.7907029986 0.5705320239
v 58.4154409109229 144.50017083981 -96.275069554934
vn 0.0000000000 0.0000000000 -1.0000000000
v 34.9300463049298 140.541229935674 -91.5121521240342
vn -0.8125820160 -0.4907461703 -0.3144497871
v 54.7210655109668 122.441600781947 -91.0902950023736
vn 0.4717078805 -0.7799216509 0.4113561511
v 68.8459988641714 142.893967159713 -93.7453134783385
vn 0.7938479781 -0.0105132023 -0.6080254316
v 61.8934206237672 140.530526938784 -96.275069554934
vn 0.0012828626 -0.0008912111 -0.9999988079
v 42.110706727017 140.212201717885 -96.275069554934
vn 0.0000000000 0.0000000000 -1.0000000000
v 48.5343415894748 176.449786210746 -80.5721278546058
vn -0.2127472162 0.5838515759 0.7834895849
v 55.8434350866459 137.909437719509 -96.275069554934
vn 0.0000000000 0.0000000000 -1.0000000000
v 50.6147753523018 145.145732584217 -83.1143330036925
vn -0.6434113383 -0.0238280501 0.7651497126
v 20.2152548482778 180.865223928221 -91.5670163318948
vn -0.8890816569 -0.4127927721 0.1978279799
v 39.1314451219649 196.319594589224 -96.275069554934
vn -0.0291149169 0.1194269210 -0.9924160242
v 38.4377933539415 205.656960900897 -88.7603079784258
vn 0.0573298186 0.9357038736 -0.3480969667
v 19.3331416715691 200.523371450352 -85.5435910117459
vn -0.3962064981 0.7972329855 0.4554557502
v 27.149851210736 202.130271782912 -89.6081472856158
vn -0.3871820271 0.9160125256 -0.1049339101
v 48.7489965629648 182.869900566196 -84.4841370342641
vn 0.0021874339 0.0097703617 0.9999498725
v 45.5508223852796 184.230177427033 -96.275069554934
vn 0.0000000000 0.0000000000 -1.0000000000
v 33.6477292832894 206.008939241003 -86.2535456288226
vn -0.0462147966 0.9783964157 0.2015060186
v 61.5019304437122 143.67395538115 -96.275069554934
vn 0.0000000000 0.0000000000 -1.0000000000
v 58.9373999457263 139.243391442328 -96.275069554934
vn 0.0000000000 0.0000000000 -1.0000000000
v 43.0296492786023 177.238470070885 -84.4841370342641
vn -0.2625201344 0.1923938543 0.9455515742
v 60.4002641827585 146.724539842652 -96.275069554934
vn 0.0000000000 0.0000000000 -1.0000000000
v 64.041942931308 150.829353304006 -96.2740063195157
vn 0.2067773789 0.0875047222 -0.9744670391
v 48.7304544768011 135.342068329251 -96.275069554934
vn 0.0000000000 0.0000000000 -1.0000000000
v 66.5565954016339 162.733440151772 -85.7985165995322
vn 0.9816799760 -0.0734602436 0.1758066118
v 42.2984959600254 177.756809204747 -96.275069554934
vn 0.0000000000 0.0000000000 -1.0000000000
v 66.36348801474 150.877754851237 -91.6599454986889
vn 0.8881140947 0.3471695483 -0.3012086153
v 64.5829664728372 165.3671848325 -87.589784439262
vn 0.8380441666 0.3511295021 -0.4176002741
v 49.3403683651079 124.684394655941 -88.5218882335286
vn -0.3185038567 -0.5406287909 0.7786371112
v 40.9520177372194 151.231547320191 -96.275069554934
vn 0.0000000000 0.0000000000 -1.0000000000
v 53.0012295883687 129.848148980885 -96.275069554934
vn 0.0000000000 0.0000000000 -1.0000000000
v 27.8156501287639 156.815221673199 -90.3577688835757
vn -0.6261981726 -0.0421597362 0.7785232067
v 50.6190712261634 139.172066067001 -83.1372605338069
vn -0.6303452253 -0.0723381862 0.7729372978
v 45.3452470568023 130.442879108553 -88.6193393533027
vn -0.4761280119 -0.2013666481 0.8560102582
v 60.7800134110132 173.834341628362 -88.7603465984749
vn 0.9407945275 0.3116014898 -0.1334548146
v 64.4960477274561 153.369409478917 -95.8907983167903
vn 0.5606194139 0.3578704298 -0.7467494011
v 60.9781433220981 159.088334224693 -94.9097166135208
vn 0.5525567532 0.3466408849 -0.7579717040
v 50.7857464053226 200.100748159966 -94.9690691092129
vn 0.4837132096 0.7029967904 -0.5213607550
v 43.4250327599818 203.553387389194 -85.8063096438662
vn 0.4839994609 0.5858424306 0.6500255466
v 32.4308043918692 203.509162786092 -84.4841370342641
vn -0.1427205652 0.3327727318 0.9321444035
v 55.937991513171 127.870669329357 -96.275069554934
vn 0.2176040709 -0.2361460924 -0.9470393062
v 38.1967513983976 156.773978528694 -96.275069554934
vn 0.0000000000 0.0000000000 -1.0000000000
v 25.5360857279407 167.155321369746 -96.275069554934
vn -0.9004526734 -0.0994201899 -0.4234389961
v 40.7195724637103 174.503420364649 -96.275069554934
vn 0.0000000000 0.0000000000 -1.0000000000
v 40.9888390485815 154.801653550802 -96.275069554934
vn 0.0000000000 0.0000000000 -1.0000000000
v 40.540880108954 171.030428971787 -84.4736983295031
vn -0.1961401850 -0.0027655805 0.9805719852
v 49.6213666751603 152.85922041203 -96.275069554934
vn 0.0000000000 0.0000000000 -1.0000000000
v 67.03486878274 137.276136966884 -93.1053780593914
vn 0.7186886668 -0.5495993495 -0.4259426594
v 55.5294353098856 152.443673235258 -96.275069554934
vn 0.0000000000 0.0000000000 -1.0000000000
v 58.5174397300155 153.976351479542 -96.275069554934
vn 0.0000000000 0.0000000000 -1.0000000000
v 32.0214908354208 150.10306760496 -88.6833229443685
vn -0.1999437958 -0.0228652433 0.9795405269
v 61.3194699568836 155.516260028656 -96.275069554934
vn 0.2872280478 0.2514991760 -0.9242554903
v 67.3767572609707 158.335379563281 -85.0105179503655
vn 0.8551598787 0.4103585482 0.3167134225
v 30.8213123471601 151.734472503637 -96.275069554934
vn -0.7331872582 -0.5512745380 -0.3981618285
v 39.6016480590547 153.704598155641 -85.2815136171189
vn -0.4658070505 -0.1390538812 0.8738923073
v 41.9664778911049 159.748202343202 -84.4841370342641
vn -0.3284193575 -0.0835492089 0.9408295751
v 45.7925457925649 171.56121237979 -96.275069554934
vn 0.0000000000 0.0000000000 -1.0000000000
v 49.026302730124 125.439739788791 -96.275069554934
vn -0.4231166840 -0.5196220875 -0.7422702909
v 50.5505737353321 147.585931316129 -81.6722795209605
vn -0.6232492924 -0.1566476077 0.7661734819
v 54.9693812945813 124.070672379962 -88.7889148092884
vn 0.3096318543 -0.8089812994 0.4996772408
v 26.1560979761014 164.882231950636 -96.275069554934
vn -0.8208149672 -0.4454782605 -0.3575079739
v 36.3399823806714 162.02438194038 -85.2263325829139
vn -0.4859130681 -0.1851072907 0.8541801572
v 37.2483734909868 155.465248039234 -87.1631115608587
vn -0.5031659007 -0.2715116441 0.8204301000
v 41.0924111444052 158.219353853765 -96.275069554934
vn 0.0000000000 0.0000000000 -1.0000000000
v 29.4657467413312 164.23775892541 -88.6160111912286
vn -0.2228048444 -0.1130260900 0.9682887197
v 43.8522931423926 156.468817320515 -96.275069554934
vn 0.0000000000 0.0000000000 -1.0000000000
v 60.9119747696727 133.061031479664 -80.3783658886737
vn 0.0017501231 -0.0030196563 0.9999939203
v 46.6260792976125 158.188179192367 -96.275069554934
vn 0.0000000000 0.0000000000 -1.0000000000
v 60.6425692411174 165.296945546305 -93.1309853014177
vn 0.7362546325 0.0070749768 -0.6766676307
v 35.8936090701796 184.405709073431 -84.4841370342641
vn 0.0000000000 0.0000000000 1.0000000000
v 62.1907475021796 169.946738628589 -84.5846182873008
vn 0.6151444316 0.6066768169 0.5035280585
v 52.4629996927658 158.078554591233 -96.275069554934
vn 0.0000000000 0.0000000000 -1.0000000000
v 58.3624630641018 157.656540089201 -96.275069554934
vn 0.1303922683 0.1060484573 -0.9857746363
v 58.4481597309103 165.073055289378 -95.5104573762296
vn 0.4560219944 -0.0543678962 -0.8883063197
v 24.4074113968122 199.13899393098 -84.4841370342641
vn 0.0002824083 0.3532417119 0.9355320334
v 68.0320039348826 136.190834888252 -82.5366689011139
vn 0.7608993053 -0.4651070535 0.4524463713
v 33.1802032603218 143.992976685767 -91.1347421230787
vn -0.7395468354 -0.5665741563 -0.3634064198
v 38.6342345678553 159.595421633887 -96.275069554934
vn 0.0000000000 0.0000000000 -1.0000000000
v 46.4425180474587 161.632285281573 -96.275069554934
vn 0.0000000000 0.0000000000 -1.0000000000
v 41.1677650480098 147.56940876315 -96.275069554934
vn 0.0000000000 0.0000000000 -1.0000000000
v 58.9942353819582 179.189882693101 -91.1656845472414
vn 0.9430567622 0.2475637794 -0.2221622467
v 70.4555264516944 141.155821824704 -83.3456900897306
vn 0.8785485625 -0.1958225816 0.4356672168
v 70.7455951240193 148.493792555225 -85.0105179503655
vn 0.9657491446 0.0363873057 0.2569136024
v 47.9479869317493 197.073544267218 -85.5147665722935
vn 0.5552483201 0.3684068918 0.7456377745
v 18.4265954148161 184.576119787468 -91.0806471379702
vn -0.9077585340 -0.4142413437 0.0661709085
v 32.4979966537922 172.720181040146 -86.2628902690388
vn -0.6006683111 -0.1483451575 0.7856152058
v 61.5729655887689 170.274357444267 -92.2918178777852
vn 0.9922024012 0.1222842038 -0.0241042338
v 22.4080019989517 194.035424352827 -96.275069554934
vn -0.1030139402 0.2666975558 -0.9582591057
v 21.8953178774415 199.389435500288 -84.4841370342641
vn -0.1901704371 0.0412012599 0.9808861613
v 36.2037998052831 139.682885757792 -91.325934151892
vn -0.7937615514 -0.6014203429 0.0907531306
v 22.4288284628347 201.95053556125 -89.4850932555348
vn -0.2258707881 0.9731842875 -0.0435286984
v 53.2984223925736 176.462163415627 -82.6110955481041
vn 0.3619386852 0.5197324753 0.7738724351
v 35.6759459974479 165.00247904505 -96.275069554934
vn 0.0000000000 0.0000000000 -1.0000000000
v 47.2396615062895 127.249866139933 -88.5875353228667
vn -0.5282073617 -0.2678604722 0.8057590723
v 48.9352120906787 150.95050956946 -82.5000556301486
vn -0.5856717229 -0.2556911707 0.7691622972
v 68.3414894610837 151.785548721315 -88.1911148475643
vn 0.7998729348 0.2542295456 -0.5436640382
v 45.7381082351012 165.021274737192 -96.275069554934
vn 0.0000000000 0.0000000000 -1.0000000000
v 44.1527303224614 174.321132583808 -82.5887477616303
vn -0.5254338384 0.2792084515 0.8037175536
v 62.2317512720166 143.193149695153 -80.3783658886737
vn 0.0000000000 0.0000000000 1.0000000000
v 27.7843549686007 152.694501052663 -90.9586223023105
vn -0.8718972802 -0.4679926038 -0.1441458464
v 57.6767583365454 147.182066197148 -96.275069554934
vn 0.0000000000 0.0000000000 -1.0000000000
v 35.2470114536131 142.58935831732 -89.5053842849625
vn -0.4745627642 -0.3973181248 0.7854479551
v 30.6404314369834 174.11935191791 -88.1834466650955
vn -0.5340946913 -0.1467797458 0.8325854540
v 38.1300909889819 186.503774446175 -84.4841370342641
vn 0.0000000000 0.0000000000 1.0000000000
v 22.577909836495 186.157480962722 -96.275069554934
vn 0.0000000000 0.0000000000 -1.0000000000
v 30.5164886403063 180.109024703724 -96.275069554934
vn 0.0000000000 0.0000000000 -1.0000000000
v 31.7643563100094 176.181240804361 -85.6837346357865
vn -0.5241141915 -0.2069630027 0.8261178136
v 31.1652232888138 167.321108482301 -96.275069554934
vn 0.0000000000 0.0000000000 -1.0000000000
v 38.1431960402196 175.913658754556 -84.4841370342641
vn 0.0000000000 0.0000000000 1.0000000000
v 34.0019012431361 167.948228359197 -96.275069554934
vn 0.0000000000 0.0000000000 -1.0000000000
v 48.8765158484672 148.098525519987 -84.3208490586603
vn -0.5699108243 -0.2200812548 0.7916854620
v 67.9298651217789 145.714907360177 -95.2534769367596
vn 0.6419804096 0.0921192020 -0.7611669898
v 42.4211052014172 137.709505071755 -96.275069554934
vn 0.0000000000 0.0000000000 -1.0000000000
v 48.7388928714131 121.646310243272 -90.9586223023105
vn -0.4933142662 -0.8696249723 -0.0198348612
v 40.7634181894891 168.174473288359 -96.275069554934
vn 0.0000000000 0.0000000000 -1.0000000000
v 30.5902535107162 201.069497247851 -84.4841370342641
vn -0.0518571921 0.1316452324 0.9899395704
v 47.0074058972383 144.058505763886 -96.275069554934
vn 0.0000000000 0.0000000000 -1.0000000000
v 19.0598423642531 196.224802332459 -94.7535063959295
vn -0.9283437133 0.0033487997 -0.3717079163
v 54.0428089920855 170.138300694109 -96.275069554934
vn 0.0000000000 0.0000000000 -1.0000000000
v 45.0515163257754 131.69421764354 -96.275069554934
vn 0.0000000000 0.0000000000 -1.0000000000
v 23.5818650413398 170.227772451291 -91.6429174932423
vn -0.9160639644 -0.1701149940 -0.3631634116
v 19.9769639280862 182.153307854826 -91.5450182865909
vn -0.9362463355 -0.1308107376 -0.3260849118
v 39.3284473153312 137.975650026717 -89.4747778493107
vn -0.4108685255 -0.3407678306 0.8456147909
v 47.5520711902426 132.036932984818 -96.275069554934
vn 0.0000000000 0.0000000000 -1.0000000000
v 46.1401726520472 182.900589051287 -84.4841370342641
vn -0.0025440000 0.0038948467 0.9999891520
v 66.9374236196647 154.82042278968 -89.0569282555514
vn 0.8104734421 0.2876554430 -0.5102814436
v 46.8679985250779 127.312238790758 -96.275069554934
vn -0.5858672857 -0.4848275185 -0.6493856907
v 24.7947236774783 186.584420152297 -87.9949606251718
vn -0.4299129248 -0.2353705913 0.8716510534
v 35.2366610264499 187.549270418139 -84.4841370342641
vn 0.0000000000 0.0000000000 1.0000000000
v 49.517425875061 164.113014591759 -96.275069554934
vn 0.0000000000 0.0000000000 -1.0000000000
v 63.6849734022346 164.473005100665 -80.3783658886737
vn 0.0000000000 0.0000000000 1.0000000000
v 19.4790859384788 191.446812088912 -96.275069554934
vn -0.8699601889 0.4538730085 -0.1927914917
v 49.6262991347356 187.61116271554 -84.4841370342641
vn 0.2574032247 0.1211291999 0.9586820602
v 53.3523134445298 196.955034459694 -90.5725417336995
vn 0.8577527404 0.4083998501 0.3122015297
v 54.3221652669994 182.427876407238 -85.5090438433335
vn 0.5827046037 0.2082210481 0.7855566740
v 63.8006985823283 145.987435763839 -96.275069554934
vn 0.0985822901 0.0013338206 -0.9951280355
v 59.4845960833128 127.236819451389 -82.4449406994578
vn 0.1173446700 -0.8216822743 0.5577351451
v 18.975461252124 200.873061953155 -88.5466158918471
vn -0.9022426605 0.3469296396 -0.2561210692
v 41.3551465177844 185.961164743836 -84.4841370342641
vn 0.0000000000 0.0000000000 1.0000000000
v 22.7734163508601 200.608167186395 -84.4841370342641
vn 0.0615185574 0.8720859289 0.4854704440
v 59.3681818787957 141.952679730016 -96.275069554934
vn 0.0000000000 0.0000000000 -1.0000000000
v 36.145293489482 201.2664772014 -93.0330929908562
vn -0.0784727409 0.6714837551 -0.7368524671
v 46.4047671494453 188.321753221177 -84.4841370342641
vn 0.0000000000 0.0000000000 1.0000000000
v 40.0931862884465 201.226021307706 -93.7316506646032
vn -0.0785573870 0.7079713345 -0.7018585205
v 46.3615584881732 177.430473188757 -83.0444608594919
vn -0.3412793279 0.4610490799 0.8191227913
v 44.0539298224763 200.757094450966 -95.0235536286495
vn -0.0188221000 0.7079460621 -0.7060156465
v 46.1041964394457 202.130271782912 -92.2414641662128
vn 0.1258206666 0.9551920295 -0.2679128647
v 47.767607299531 200.743794918116 -95.0726538674696
vn 0.0706740320 0.7233799100 -0.6868236065
v 29.6395400432168 189.149523414837 -84.4841370342641
vn -0.1201631874 -0.0940801129 0.9882862568
v 31.1265096999005 191.639675815439 -84.4841370342641
vn 0.0000000000 0.0000000000 1.0000000000
v 33.0336143859119 194.592252891942 -84.4841370342641
vn 0.0000000000 0.0000000000 1.0000000000
v 38.3462896359125 191.743954104089 -84.4841370342641
vn 0.0000000000 0.0000000000 1.0000000000
v 50.1782641221468 193.362425965993 -86.2440604575992
vn 0.5536658168 0.2951502800 0.7786786556
v 70.0863507502424 139.88693393141 -85.8252028928421
vn 0.9411006570 -0.3380039632 -0.0091063734
v 28.237530683927 159.412786748307 -96.275069554934
vn -0.9371888041 -0.1008775756 -0.3339174092
v 28.3981679468593 201.920641950369 -84.4841370342641
vn -0.5684813261 0.6019092798 0.5608334541
v 43.1263542471895 194.545986894732 -84.4841370342641
vn 0.0059122504 0.0112325931 0.9999194145
v 44.8214817388989 191.447879725788 -84.4841370342641
vn 0.0000000000 0.0000000000 1.0000000000
v 39.9685575225787 189.005602550345 -84.4841370342641
vn 0.0000000000 0.0000000000 1.0000000000
v 56.8140152583173 189.996790802388 -92.9387177982542
vn 0.9906280637 -0.0869316980 -0.1053516865
v 38.4705237000567 197.333206839583 -84.4841370342641
vn 0.0000000000 0.0000000000 1.0000000000
v 48.2804145784323 199.016736135488 -87.9468544191467
vn 0.5753800273 0.5196449757 0.6315907836
v 37.2626889557316 162.078247914009 -96.275069554934
vn 0.0000000000 0.0000000000 -1.0000000000
v 21.2263170110516 199.901910457435 -91.5592760752938
vn -0.5945347548 0.5377835631 -0.5977602601
v 63.8680980777669 129.613074498824 -86.7958255087537
vn 0.6986921430 -0.6978410482 -0.1576299369
v 27.5752218217502 173.362169141483 -96.275069554934
vn 0.0000000000 0.0000000000 -1.0000000000
v 50.6552109864986 141.725458587133 -81.9807882030806
vn -0.6766961813 0.0005185395 0.7362622023
v 32.3364465712767 171.039155927883 -96.275069554934
vn 0.0000000000 0.0000000000 -1.0000000000
v 56.3463020846182 176.819205368837 -84.6183298285965
vn 0.5356745124 0.5316411257 0.6560568213
v 26.4123502743606 198.867249553079 -94.3274601653591
vn -0.1347996294 0.6812351942 -0.7195468545
v 55.5394271779457 185.861832464071 -89.3053737192553
vn 0.8053452969 0.2237561643 0.5489555001
v 37.5598827030195 140.236425525772 -96.275069554934
vn -0.7350556254 -0.3906873763 -0.5541269183
v 48.5627410052261 172.007239388904 -96.275069554934
vn 0.0000000000 0.0000000000 -1.0000000000
v 56.7453898112775 173.290324335223 -96.275069554934
vn 0.0000000000 0.0000000000 -1.0000000000
v 26.3542988562873 176.334914637101 -96.275069554934
vn 0.0000000000 0.0000000000 -1.0000000000
v 30.8077312611695 174.100058829062 -96.275069554934
vn 0.0000000000 0.0000000000 -1.0000000000
v 48.7902490141785 177.663569902226 -96.275069554934
vn 0.0000000000 0.0000000000 -1.0000000000
v 66.7237929149305 157.942500438682 -87.4128910348835
vn 0.7713890076 0.3807466030 -0.5098931193
v 56.4638919561914 130.053217683026 -80.4791598531279
vn -0.2365689129 -0.4703407586 0.8501850963
v 22.5661400988648 179.268494426705 -89.6067609896957
vn -0.4733994901 -0.1943677515 0.8591356874
v 42.5177899729236 130.923472733241 -90.9586223023105
vn -0.8899428248 -0.4473622441 0.0887060016
v 30.4914501678685 202.861028593987 -91.1806274296541
vn -0.2497445345 0.6687899232 -0.7002483606
v 32.319010101375 152.13318251594 -88.5899081798545
vn -0.1562213153 -0.0137358038 0.9876265526
v 32.4203307024504 177.164898539341 -96.275069554934
vn 0.0000000000 0.0000000000 -1.0000000000
v 45.5509321774667 177.819187168387 -96.275069554934
vn 0.0000000000 0.0000000000 -1.0000000000
v 58.3595866846631 161.355859983034 -95.7940789220733
vn 0.3511375487 0.1177906618 -0.9288852215
v 60.8437998268301 172.687120369355 -91.959300308084
vn 0.9418007135 0.3184071779 -0.1078347266
v 26.4827561664643 200.605201658146 -84.4841370342641
vn -0.3166434765 0.7807959318 0.5386043191
v 27.3974480688173 187.611583767655 -85.4459618850016
vn -0.4514157772 -0.3012345731 0.8399294615
v 56.2186887782259 141.872275848928 -96.275069554934
vn 0.0000000000 0.0000000000 -1.0000000000
v 49.8567367464483 142.171614519195 -96.275069554934
vn 0.0000000000 0.0000000000 -1.0000000000
v 34.0594034843466 180.456644682957 -96.275069554934
vn 0.0000000000 0.0000000000 -1.0000000000
v 65.0872956486496 141.832992288874 -80.3783658886737
vn 0.0185500737 0.0011504510 0.9998272657
v 55.4816302239927 126.116977451868 -85.9952336389123
vn 0.0913540050 -0.8450886607 0.5267633200
v 51.7549699790716 197.855935003583 -89.2312225590948
vn 0.5678143501 0.4624429047 0.6809797883
v 38.3191848423839 145.569621973402 -96.275069554934
vn 0.0000000000 0.0000000000 -1.0000000000
v 32.7234074971984 152.136278558058 -96.275069554934
vn 0.0000000000 0.0000000000 -1.0000000000
v 65.5774856396543 153.864626396784 -92.5142419251771
vn 0.8767156601 0.3633382618 -0.3152062297
v 38.8397700211184 163.178442638463 -84.4841370342641
vn -0.1018906161 -0.0424781665 0.9938882589
v 49.0963248907103 183.962857767168 -96.275069554934
vn 0.0000000000 0.0000000000 -1.0000000000
v 53.5658934354871 191.693711697627 -88.4252607010338
vn 0.7169354558 0.2451189458 0.6526256800
v 70.6480767652214 146.108263103701 -88.5506826149278
vn 0.9176304340 0.3095994890 -0.2492037117
v 39.8226478975195 144.249077843864 -88.5899081798545
vn -0.2804566920 -0.1993784010 0.9389314651
v 24.1882097370204 182.914124038604 -88.5899081798545
vn -0.3116928339 -0.1776209027 0.9334336519
v 67.8689446483083 155.460009314756 -80.3783658886737
vn 0.6988060474 0.6172761321 0.3614420593
v 54.92960805079 166.608657205403 -96.275069554934
vn 0.0722257942 -0.0281785969 -0.9969901443
v 33.9704347427073 186.824296770386 -96.275069554934
vn 0.0000000000 0.0000000000 -1.0000000000
v 40.5664037125281 187.267049984238 -96.275069554934
vn 0.0000000000 0.0000000000 -1.0000000000
v 43.8358383880101 187.418362268842 -96.275069554934
vn 0.0000000000 0.0000000000 -1.0000000000
v 47.4181421629856 187.689544287512 -96.275069554934
vn 0.0000000000 0.0000000000 -1.0000000000
v 50.0960080401357 190.007054200261 -96.275069554934
vn 0.0000000000 0.0000000000 -1.0000000000
v 55.5383196479555 127.172183395564 -83.686902616817
vn -0.2206636816 -0.7987640500 0.5597173572
v 19.1258786935117 183.004393089401 -91.5716147001714
vn -0.8072599769 -0.4414981604 -0.3916768134
v 48.0071662315835 195.60893048794 -96.275069554934
vn 0.0000000000 0.0000000000 -1.0000000000
v 23.1266278855246 190.701421112109 -96.275069554934
vn 0.0000000000 0.0000000000 -1.0000000000
v 24.1324681509494 187.92453139412 -96.275069554934
vn 0.0000000000 0.0000000000 -1.0000000000
v 29.3229586441983 189.262424674338 -96.275069554934
vn 0.0000000000 0.0000000000 -1.0000000000
v 28.0250538844494 184.05481406802 -86.7739522897363
vn -0.5067719221 -0.2226134986 0.8328418136
v 70.2798122362269 152.086394080114 -85.3846714176086
vn 0.9332096577 0.2132157683 -0.2892381847
v 42.1348280772543 190.407152885258 -96.275069554934
vn 0.0000000000 0.0000000000 -1.0000000000
v 45.200086080258 190.527468137293 -96.275069554934
vn 0.0000000000 0.0000000000 -1.0000000000
v 47.6596214031167 190.823890283171 -96.275069554934
vn 0.0000000000 0.0000000000 -1.0000000000
v 55.495631978072 145.642563491072 -96.275069554934
vn 0.0000000000 0.0000000000 -1.0000000000
v 24.9966702623209 165.278599369139 -90.9586223023105
vn -0.9810178876 -0.1893757135 0.0417216271
v 46.6395143911078 124.220585301252 -89.5821410279984
vn -0.4701979160 -0.3899526894 0.7917391062
v 64.4255555886446 162.56247253525 -80.3783658886737
vn 0.8346346617 -0.1238716319 0.5366942883
v 53.4105211923626 197.075331548684 -95.5521436140847
vn 0.7431399226 0.4105370343 -0.5283960700
v 26.4557447213766 196.557459991071 -96.1294615631521
vn -0.0934763253 0.3861933947 -0.9176692367
v 33.7193627368501 193.077594132516 -96.275069554934
vn -0.0009610486 0.0012791306 -0.9999987483
v 59.0530788273006 176.993275977878 -88.0709020793957
vn 0.7555136085 0.5742112398 0.3154054880
v 40.5823483776026 193.340326686689 -96.275069554934
vn 0.0000000000 0.0000000000 -1.0000000000
v 43.6711368259116 193.309757290768 -96.275069554934
vn 0.0000000000 0.0000000000 -1.0000000000
v 22.8634681929846 197.709154435772 -94.2198540087657
vn -0.2443054467 0.6143320799 -0.7502739429
v 29.8581731773964 198.897177488064 -94.541776996118
vn -0.0944224596 0.6168233156 -0.7814175487
v 33.9280357320714 199.576736151176 -94.9634964002147
vn -0.0873889849 0.5551025867 -0.8271785378
v 37.6900365379232 199.398790316238 -95.2497570912014
vn -0.0749121606 0.5208201408 -0.8503732085
v 41.22102656918 199.14769697111 -95.9427036736295
vn -0.0853235051 0.4071942866 -0.9093474150
v 43.8770092341301 198.113933219476 -96.275069554934
vn -0.0121289417 0.2099925727 -0.9776277542
v 24.6663493256422 185.04455220547 -96.275069554934
vn 0.0000000000 0.0000000000 -1.0000000000
v 58.9445345527491 174.432412065442 -84.4841370342641
vn 0.5523324609 0.5538352132 0.6230533123
v 67.7631996297457 135.44539250906 -85.0388917508295
vn 0.8226522803 -0.5625220537 0.0825361758
v 53.2296198258426 173.758413435518 -96.275069554934
vn 0.0000000000 0.0000000000 -1.0000000000
v 57.1161874813266 141.125725496537 -80.3783658886737
vn 0.0000000000 0.0000000000 1.0000000000
v 60.230783153835 140.826688212581 -80.3783658886737
vn 0.0000000000 0.0000000000 1.0000000000
v 62.8309075758923 135.694788220227 -80.3783658886737
vn 0.0093389722 -0.0011706330 0.9999557137
v 62.3406774435746 149.011264274688 -96.275069554934
vn 0.0042253253 -0.0001277326 -0.9999910593
v 54.182313122363 146.996534601946 -80.3783658886737
vn -0.1418715566 -0.0107515268 0.9898266792
v 43.5396175644284 143.795461478488 -86.9452755296734
vn -0.5154010653 -0.3411900103 0.7860986590
v 52.4797917754573 150.176089803865 -80.4672167657562
vn -0.2738407850 -0.0929977670 0.9572682977
v 52.526406120011 144.400579271084 -80.5812346952129
vn -0.4453043640 -0.0203462932 0.8951480389
v 59.2580193088349 149.059391395683 -80.3783658886737
vn 0.0000000000 0.0000000000 1.0000000000
v 66.0010749436374 152.852472564231 -80.3783658886737
vn 0.0000000000 0.0000000000 1.0000000000
v 16.934156370669 186.978470581647 -90.9586223023105
vn -0.6930857897 -0.5251726508 -0.4937871695
v 57.6526242383454 152.064391659703 -80.3783658886737
vn 0.0000000000 0.0000000000 1.0000000000
v 46.1592207485943 150.184050064548 -84.4841370342641
vn -0.2097070962 -0.1098726243 0.9715713859
v 63.3579577795037 151.375930021941 -80.3783658886737
vn 0.0000000000 0.0000000000 1.0000000000
v 41.5336534570831 143.6782057618 -96.275069554934
vn 0.0000000000 0.0000000000 -1.0000000000
v 54.3587895322376 152.619773084479 -80.3783658886737
vn -0.0058290362 -0.0076436196 0.9999538064
v 56.0835639433558 155.260414821795 -80.3783658886737
vn 0.0000000000 0.0000000000 1.0000000000
v 25.8669917394398 195.829083847149 -84.4841370342641
vn 0.0000000000 0.0000000000 1.0000000000
v 59.345395464505 154.53393555925 -80.3783658886737
vn 0.0000000000 0.0000000000 1.0000000000
v 26.1303415453622 161.793788291418 -90.9586223023105
vn -0.8764901161 -0.3815635741 -0.2935546637
v 32.4980933596317 148.151234101972 -96.275069554934
vn -0.9232439995 -0.2820852399 -0.2608609200
v 45.0354928444718 159.27721458912 -82.4663575257524
vn -0.5570839643 -0.1908955723 0.8082180023
v 46.4899606498348 156.408324158791 -82.3039631653382
vn -0.5373875499 -0.2825179100 0.7946057320
v 51.2355669857299 158.915521292962 -80.3783658886737
vn 0.0000000000 0.0000000000 1.0000000000
v 54.4898734512393 158.466340042243 -80.3783658886737
vn 0.0000000000 0.0000000000 1.0000000000
v 57.8860973357205 157.890112552989 -80.3783658886737
vn 0.0000000000 0.0000000000 1.0000000000
v 29.2675466566321 154.522955280552 -89.341332544715
vn -0.4304417670 -0.0574100576 0.9007907510
v 49.7924466849596 161.989837530867 -80.3783658886737
vn -0.0013422662 0.0000835512 0.9999991059
v 32.2904963278674 162.632272356363 -88.5899081798545
vn -0.3652724326 -0.1529427469 0.9182507992
v 53.7279460233591 188.858258650231 -88.4762621135465
vn 0.7636530995 0.2423565984 0.5984122753
v 70.6859566278028 146.109478814516 -85.6517289684387
vn 0.9929269552 0.1169034839 -0.0207281485
v 45.6192895173381 171.059062048254 -80.4266296563406
vn -0.4556942284 0.0980893299 0.8847153187
v 54.8364805596359 164.426197685972 -80.3783658886737
vn 0.0000000000 0.0000000000 1.0000000000
v 29.7302107473734 157.411793961672 -89.0042802608816
vn -0.3172259629 -0.0141912531 0.9482437968
v 57.2702436718251 185.854599441927 -91.4678974376928
vn 0.8521637321 0.3001807332 0.4286123216
v 45.5431361000849 200.838620273926 -86.6662534289752
vn 0.5661829114 0.3894066215 0.7264980078
v 60.746322273224 151.473067540472 -80.3783658886737
vn 0.0000000000 0.0000000000 1.0000000000
v 68.1252668303003 140.16684799279 -94.859573447506
vn 0.6808075905 -0.2317615896 -0.6948292255
v 57.1580827617497 167.271343272001 -80.3783658886737
vn 0.0000000000 0.0000000000 1.0000000000
v 26.9507029043883 154.978211360662 -91.4307240791629
vn -0.9755096436 -0.1573451906 -0.1536992788
v 55.6281440954096 170.637942714289 -80.3783658886737
vn 0.1633766741 0.2666871846 0.9498347044
v 59.2311157831791 172.26296091748 -82.8642819438139
vn 0.5254217386 0.5502339602 0.6489796638
v 61.5427967145356 171.810731015475 -86.0998702342658
vn 0.8935780525 0.4253604412 0.1434810609
v 42.871161210292 131.829716123794 -89.6116466482074
vn -0.5479285717 -0.2364649624 0.8024079800
v 34.2723755959929 203.275310783325 -91.4575174090868
vn -0.0884284154 0.6606848240 -0.7454367876
v 57.9136363894036 132.677927798376 -80.3783658886737
vn -0.0049216016 -0.0091082053 0.9999464154
v 46.4175461536732 198.235672410885 -96.275069554934
vn 0.0016547923 0.2469838262 -0.9690181613
v 52.9097896731393 190.230115742531 -96.275069554934
vn 0.0747629106 0.0573007315 -0.9955536723
v 32.6821610456667 165.08910975183 -96.275069554934
vn 0.0000000000 0.0000000000 -1.0000000000
v 52.7708063683594 155.793542099757 -80.3783658886737
vn 0.0000000000 0.0000000000 1.0000000000
v 68.1955371241398 137.272055360798 -89.9568820359138
vn 0.8065311909 -0.5059875250 -0.3057515919
v 55.5661542826289 191.048540834763 -95.8701068366896
vn 0.7536392808 0.2608776689 -0.6032998562
v 27.5566424485659 173.937139791028 -88.5899081798545
vn -0.2751009762 -0.0884136185 0.9573413730
v 68.4729372855155 148.756781725873 -89.6412148464732
vn 0.8229824901 0.4119085670 -0.3911919594
v 56.2489749223322 184.532309121395 -96.275069554934
vn 0.3867246211 0.0174257681 -0.9220305681
v 30.5883374252369 186.627542629904 -96.275069554934
vn 0.0000000000 0.0000000000 -1.0000000000
v 44.6468310358638 185.693764199019 -84.4841370342641
vn 0.0000000000 0.0000000000 1.0000000000
v 47.8407341506798 180.503152442336 -84.4399466541927
vn -0.0675714239 0.2877278626 0.9553254843
v 46.7120487868435 154.691884070272 -96.275069554934
vn 0.0000000000 0.0000000000 -1.0000000000
v 53.1659100922696 129.830466432746 -82.742648703945
vn -0.5215007067 -0.4260270894 0.7392820120
v 40.6285357806362 180.901398828043 -96.275069554934
vn 0.0000000000 0.0000000000 -1.0000000000
v 38.4332980922484 179.180673455065 -84.4841370342641
vn 0.0000000000 0.0000000000 1.0000000000
v 64.7032480550556 164.659611727916 -80.3783658886737
vn 0.8865879178 0.1075430587 0.4498848319
v 24.8638230182864 168.550674955008 -90.9586223023105
vn -0.9206705689 -0.1940643489 0.3386808932
v 29.3501057985196 170.231704030245 -96.275069554934
vn 0.0000000000 0.0000000000 -1.0000000000
v 24.827204382139 201.732608153764 -91.2231733139718
vn -0.1225132346 0.8207387328 -0.5580129623
v 57.1444373360206 182.796910461949 -96.275069554934
vn 0.9588938951 -0.0151456892 -0.2833603919
v 50.5924047618145 123.989668784475 -96.275069554934
vn -0.4850324988 -0.4789638817 -0.7316673398
v 41.5888555067884 168.385045557 -84.3784278387909
vn -0.4444774985 0.0124363266 0.8957036734
v 52.3386386413595 135.899266950463 -96.275069554934
vn 0.0000000000 0.0000000000 -1.0000000000
v 37.0042782037508 203.183341823806 -84.4841370342641
vn 0.0566707365 0.2848947644 0.9568821192
v 61.559187294915 130.46666182419 -80.4070538522582
vn 0.3491502702 -0.4692673683 0.8110994101
v 34.6919901081211 149.341404404943 -88.5899081798545
vn -0.1334358305 -0.0760505497 0.9881352186
v 48.0419281554862 168.46131367562 -96.275069554934
vn 0.0000000000 0.0000000000 -1.0000000000
v 58.8239375904211 172.398234554992 -96.275069554934
vn 0.5777009130 0.1714984775 -0.7980287671
v 58.5359917173911 163.968931839424 -80.3783658886737
vn 0.0000000000 0.0000000000 1.0000000000
v 33.8028438702491 146.407556961606 -96.275069554934
vn -0.3842201531 -0.4151192904 -0.8246519566
v 60.3451038681901 162.164516957861 -93.8911675999191
vn 0.6762952209 0.1685947031 -0.7170777917
v 45.8472165752309 153.255301575017 -84.4841370342641
vn -0.4249497652 -0.2189169824 0.8783467412
v 49.4661130622613 160.016320255647 -96.275069554934
vn 0.0000000000 0.0000000000 -1.0000000000
v 52.0081933885697 121.600548405639 -90.7218705712651
vn 0.1504500061 -0.9338690639 0.3244277537
v 51.1957100745018 136.133563409994 -82.5839181619391
vn -0.6549082994 -0.1446291208 0.7417395115
v 32.2635414892888 204.791454427454 -89.643266386333
vn -0.1215771064 0.8522059917 -0.5088850260
v 55.4168153392272 148.969070291984 -96.275069554934
vn 0.0000000000 0.0000000000 -1.0000000000
v 50.6881787765997 180.613359778738 -96.275069554934
vn 0.0000000000 0.0000000000 -1.0000000000
v 34.0490332905445 162.183312085525 -96.275069554934
vn 0.0000000000 0.0000000000 -1.0000000000
v 50.1020518300658 172.734965045929 -80.3783658886737
vn 0.0071129063 0.0051649087 0.9999613762
v 30.7385371837933 163.392746376186 -96.275069554934
vn 0.0000000000 0.0000000000 -1.0000000000
v 62.5099876453858 148.802322473548 -80.3783658886737
vn 0.0000000000 0.0000000000 1.0000000000
v 52.467878196641 138.814960734087 -80.5898699625954
vn -0.5179012418 -0.0613714084 0.8532360792
v 49.2454665348272 192.810696728426 -96.275069554934
vn 0.0000000000 0.0000000000 -1.0000000000
v 44.0262250571641 174.608516295704 -96.275069554934
vn 0.0000000000 0.0000000000 -1.0000000000
v 51.2392086263355 187.147416747744 -96.275069554934
vn 0.0000000000 0.0000000000 -1.0000000000
v 26.8448988481394 179.513306782539 -96.275069554934
vn 0.0000000000 0.0000000000 -1.0000000000
v 32.3056617236532 188.544653243959 -84.4841370342641
vn -0.0185454227 -0.0173150543 0.9996780753
v 43.3578225517875 165.472338018287 -83.0474055634868
vn -0.6358793378 -0.0919274464 0.7662941813
v 43.8360629754461 162.675645722259 -96.275069554934
vn 0.0000000000 0.0000000000 -1.0000000000
v 50.9978249739001 153.280173514508 -80.3783658886737
vn -0.2859226763 -0.1610253006 0.9446263909
v 24.8917341186393 174.063261828203 -96.275069554934
vn -0.7380868196 -0.2037541568 -0.6432045698
v 26.712679544346 193.304226559961 -96.275069554934
vn -0.0027203453 0.0168775897 -0.9998538494
v 58.3828067707673 184.65782081808 -92.4515972860806
vn 0.9916924834 -0.0580384172 -0.1147937551
v 41.5700421924207 133.20340088868 -96.275069554934
vn -0.8860208392 -0.3312676251 -0.3243899047
v 40.6129387876208 133.906796194094 -90.9586223023105
vn -0.8484061360 -0.3563502431 0.3914352357
v 39.9438144471242 194.599502524081 -84.4841370342641
vn 0.0000000000 0.0000000000 1.0000000000
v 65.9427834660445 132.649010430336 -85.9127391452569
vn 0.8237935305 -0.5664566755 -0.0221594553
v 32.5992319678348 159.473117276959 -96.275069554934
vn 0.0000000000 0.0000000000 -1.0000000000
v 41.3704087116865 138.18577838663 -96.275069554934
vn 0.0000000000 0.0000000000 -1.0000000000
v 27.3814857707899 187.098156399151 -96.275069554934
vn 0.0000000000 0.0000000000 -1.0000000000
v 31.4046167071574 197.962073107303 -84.4841370342641
vn 0.0000000000 0.0000000000 1.0000000000
v 51.4505831145015 189.846960399303 -86.0316483187679
vn 0.5781876445 0.2518747151 0.7760529518
v 43.3569236315546 171.207991334295 -83.0761710109412
vn -0.6332414746 0.0889806077 0.7688222528
v 49.0494247360902 128.725799539905 -96.275069554934
vn 0.0000000000 0.0000000000 -1.0000000000
v 35.0921685280709 197.603726869076 -84.4841370342641
vn 0.0000000000 0.0000000000 1.0000000000
v 59.1865538543493 130.58886590171 -80.3783658886737
vn 0.0124650309 -0.2827052474 0.9591258168
v 44.2351678131344 168.244916897315 -96.275069554934
vn 0.0000000000 0.0000000000 -1.0000000000
v 50.3131268018009 175.32175340037 -80.4000550530232
vn 0.2221556753 0.3951909244 0.8913310170
v 47.8086684256648 154.057078206381 -82.0091126906711
vn -0.5799919963 -0.2862506211 0.7626728415
v 35.9355279836063 159.164151968097 -96.275069554934
vn 0.0000000000 0.0000000000 -1.0000000000
v 65.2579917707244 142.488139276812 -96.275069554934
vn 0.2757312655 -0.0023770276 -0.9612318277
v 29.7776916275277 171.212222152483 -88.5899081798545
vn -0.3739757836 -0.0529472008 0.9259258509
v 64.4306946401918 138.697854561639 -80.3783658886737
vn 0.0145377396 -0.0070467228 0.9998694658
v 41.5640429933024 146.679078853297 -86.3594290414173
vn -0.5097235441 -0.3843283951 0.7697230577
v 56.3203531547312 161.230001400866 -80.3783658886737
vn 0.0000000000 0.0000000000 1.0000000000
v 52.5468501832441 150.945557542643 -96.275069554934
vn 0.0000000000 0.0000000000 -1.0000000000
v 55.6279741711835 177.301078315776 -96.275069554934
vn 0.0002152220 0.0000652655 -1.0000000000
v 64.3684528861883 159.718089284311 -80.3783658886737
vn 0.6646860838 0.2452882379 0.7057096362
v 33.0862643607535 185.457882768247 -84.4841370342641
vn -0.0308505241 0.0059039006 0.9995065928
v 61.2074179454002 170.712841955147 -89.8563941121985
vn 0.9453940392 0.2960565686 -0.1363107711
v 53.3974656979219 167.562667342859 -80.3783658886737
vn 0.0000000000 0.0000000000 1.0000000000
v 30.0306205800948 186.303044175954 -84.7504850430499
vn -0.2904083431 -0.1397840232 0.9466379881
v 57.2702436718251 183.365558464245 -91.0796158200502
vn 0.9049267173 0.1397972554 0.4019506574
v 33.8534676582765 201.130134354962 -84.4841370342641
vn 0.0000000000 0.0000000000 1.0000000000
v 35.5326183297119 205.281360551851 -89.3409239495709
vn -0.0636590496 0.8838310242 -0.4634547234
v 59.011295638854 169.638041912097 -80.3783658886737
vn 0.4271310270 0.4072286189 0.8072941899
v 69.0612109515633 139.968704307752 -91.9870495482989
vn 0.8684652448 -0.3744630516 -0.3248777092
v 52.3248019023834 120.914115547302 -95.2389342987426
vn -0.0812233835 -0.9196717143 -0.3841962218
v 63.0189045804567 168.421896641442 -88.265774245853
vn 0.8427679539 0.4334669411 -0.3191372454
v 46.8958261793556 147.59528896996 -96.275069554934
vn 0.0000000000 0.0000000000 -1.0000000000
v 57.940310662085 125.771027586086 -88.4003106042843
vn 0.4971877337 -0.8487860560 0.1799072474
v 56.2091433903422 179.873598282456 -86.9447277665674
vn 0.7198988199 0.4129719436 0.5578528643
v 62.1863541046981 160.113062463208 -80.3783658886737
vn 0.0000000000 0.0000000000 1.0000000000
v 49.5515471236134 156.408187729407 -96.275069554934
vn 0.0000000000 0.0000000000 -1.0000000000
v 61.5828985016233 128.144961801678 -84.7246860515179
vn 0.4917249680 -0.8700181246 0.0357075445
v 54.7957864358661 192.673157351315 -95.5233462066056
vn 0.7737314701 0.2979143262 -0.5590945482
v 46.5199531097297 193.195736549561 -96.275069554934
vn 0.0000000000 0.0000000000 -1.0000000000
v 57.819943987981 176.483885451135 -96.275069554934
vn 0.7807537913 0.1738119423 -0.6001774073
v 43.1173695563623 188.784786899144 -84.4841370342641
vn 0.0000000000 0.0000000000 1.0000000000
v 63.7652946465249 157.008062020714 -93.5085630667397
vn 0.7313722372 0.4237211347 -0.5343735218
v 54.9956041274215 132.853437724922 -80.3783658886737
vn -0.3453308642 -0.1658322066 0.9237133265
v 47.740978017843 201.867582930999 -88.8219599625798
vn 0.5204272270 0.7569049597 0.3952851593
v 43.3931124301471 168.270360082916 -81.9181294559811
vn -0.6605359316 0.0087823309 0.7507430911
v 38.1310284233178 172.514888857004 -84.4841370342641
vn -0.0009954849 0.0005037554 0.9999994040
v 34.860621740481 151.562702498038 -96.275069554934
vn 0.0000000000 0.0000000000 -1.0000000000
v 20.9828565603205 182.741383458798 -89.8992382324429
vn -0.5240957141 -0.2567629516 0.8120322824
v 24.3384265017994 181.865625872176 -96.275069554934
vn 0.0000000000 0.0000000000 -1.0000000000
v 56.8668973342751 135.615797571959 -80.3783658886737
vn -0.0014281243 0.0001079614 0.9999989867
v 45.7437738705681 134.922634427611 -96.275069554934
vn 0.0000000000 0.0000000000 -1.0000000000
v 24.4612566679383 199.647241447822 -92.9278828824696
vn -0.2350798994 0.6540452838 -0.7190008759
v 36.6377965026201 194.551943321877 -84.4841370342641
vn 0.0000000000 0.0000000000 1.0000000000
v 42.4002141137665 165.134618476825 -96.275069554934
vn 0.0000000000 0.0000000000 -1.0000000000
v 52.4331126990626 161.633259631241 -96.275069554934
vn 0.0000000000 0.0000000000 -1.0000000000
v 35.3742334843994 170.855255005539 -84.4841370342641
vn -0.3419107199 -0.0361163728 0.9390381575
v 52.5148040059902 154.494374598797 -96.275069554934
vn 0.0000000000 0.0000000000 -1.0000000000
v 43.0219382290274 151.925951238184 -84.4841370342641
vn -0.1487397552 -0.0285777990 0.9884633422
v 50.9714875579724 181.400368231805 -84.4679846476136
vn 0.1367261708 0.2195223868 0.9659792185
v 32.2385698817773 183.52318362279 -96.275069554934
vn 0.0000000000 0.0000000000 -1.0000000000
v 51.9007847949654 193.204352413159 -96.275069554934
vn 0.1344897896 0.0545539856 -0.9894121289
v 58.5414295738544 174.342118822249 -96.275069554934
vn 0.7229864597 0.3837335706 -0.5744903684
v 64.6588256257819 162.558270970777 -89.4569781441136
vn 0.8658371568 0.1881688982 -0.4635930061
v 51.5175983171685 164.768753325434 -80.3783658886737
vn 0.0000000000 0.0000000000 1.0000000000
v 49.7004425345265 149.318008287594 -96.275069554934
vn 0.0000000000 0.0000000000 -1.0000000000
v 32.1895685319383 189.758604457653 -96.275069554934
vn 0.0000000000 0.0000000000 -1.0000000000
v 52.7872655479176 143.832669066649 -96.275069554934
vn 0.0000000000 0.0000000000 -1.0000000000
v 43.0377748821355 156.072155658271 -84.4841370342641
vn -0.2802959681 -0.1588929743 0.9466716647
v 44.1627426844015 162.548807594486 -82.4841759734431
vn -0.6260825396 -0.1329427958 0.7683402896
v 58.7484977496068 136.002190103579 -96.275069554934
vn 0.0013447059 -0.0008186461 -0.9999987483
v 47.727879709901 185.335775240595 -84.4841370342641
vn 0.0017846343 -0.0003302210 0.9999983311
v 62.8627455054578 154.156489419219 -80.3783658886737
vn 0.0000000000 0.0000000000 1.0000000000
v 21.7560120689225 183.244984578003 -96.275069554934
vn -0.6234052181 -0.1253109574 -0.7717921138
v 69.1345749644354 137.368763580189 -86.8997901843606
vn 0.8904720545 -0.4468736351 -0.0858106017
v 43.8844713490148 180.993053059848 -96.275069554934
vn 0.0000000000 0.0000000000 -1.0000000000
v 42.4362324783671 171.3629307444 -96.275069554934
vn 0.0000000000 0.0000000000 -1.0000000000
v 52.6730502017453 123.744287313952 -96.275069554934
vn 0.3936608136 -0.3177539706 -0.8625912070
v 66.0378320458299 149.866173256622 -80.3783658886737
vn 0.0000000000 0.0000000000 1.0000000000
v 35.2285985408883 174.341027240141 -84.4841370342641
vn -0.2421667427 -0.0452233478 0.9691801071
v 37.4270725616518 174.352542698019 -96.275069554934
vn 0.0000000000 0.0000000000 -1.0000000000
v 47.01611455575 147.018383892904 -84.4841370342641
vn -0.1289296299 0.0272403527 0.9912795424
v 18.2353320523988 194.488977333161 -88.3928240041837
vn -0.9973114729 -0.0511008427 -0.0525218584
v 54.7351699625055 194.463667126001 -91.4306785630244
vn 0.9029464126 0.3566888273 0.2397098690
v 55.4065523654826 159.693173717134 -96.275069554934
vn 0.0418848991 0.0225067772 -0.9988688827
v 40.0557201728456 199.445932419478 -84.4841370342641
vn 0.0000000000 0.0000000000 1.0000000000
v 40.8889823793429 161.794964756589 -96.275069554934
vn 0.0000000000 0.0000000000 -1.0000000000
v 41.3573731417656 162.739517183009 -84.4841370342641
vn -0.3204979897 -0.0612977371 0.9452638030
v 30.7444456181295 195.94915654767 -96.2586125999137
vn -0.0270466227 0.2102539539 -0.9772726297
v 55.9467152495648 134.327108238401 -96.275069554934
vn 0.0000000000 0.0000000000 -1.0000000000
v 37.2784660229352 189.205922500503 -84.4841370342641
vn 0.0000000000 0.0000000000 1.0000000000
v 35.4208470352059 177.834444553123 -84.4841370342641
vn -0.1132225543 -0.0396178588 0.9927794933
v 32.9337722260573 169.475524724918 -86.7990639200329
vn -0.5926475525 -0.1102282032 0.7978838086
v 68.1355248506969 143.409765141532 -80.494110097276
vn 0.4531226754 -0.0439192392 0.8903656006
v 56.4961174565982 180.849387901623 -96.275069554934
vn 0.5458271503 0.0849765465 -0.8335776329
v 53.2560550851025 183.574918037228 -96.275069554934
vn 0.0000000000 0.0000000000 -1.0000000000
v 23.5835963588661 178.883694671367 -96.275069554934
vn -0.6407958865 -0.2739685774 -0.7171623707
v 56.4254659583937 187.820929257498 -90.9586223023105
vn 0.8385483027 0.4976676106 0.2217288315
v 29.4006787588547 151.115367509591 -89.6285612829192
vn -0.6883836985 -0.6598998904 0.3010980487
v 44.3723211970195 138.28036482319 -96.275069554934
vn 0.0000000000 0.0000000000 -1.0000000000
v 67.3238203982528 151.393399944597 -80.3783658886737
vn 0.0000000000 0.0000000000 1.0000000000
v 41.5562258192685 191.782187879394 -84.4841370342641
vn 0.0000000000 0.0000000000 1.0000000000
v 27.6341811109997 164.68544818596 -96.275069554934
vn -0.3922984898 -0.2820529640 -0.8755272627
v 49.5077597857515 156.291387031631 -80.3783658886737
vn -0.2802584767 -0.1249930933 0.9517520070
v 33.3787692562545 145.552707005396 -96.275069554934
vn -0.8272703290 -0.4853901565 -0.2828784585
v 46.3329509100622 129.969001482757 -96.275069554934
vn 0.0000000000 0.0000000000 -1.0000000000
v 38.6404454568894 148.123291545878 -88.0394094314846
vn -0.4209381342 -0.2222108096 0.8794506788
v 59.5041373226167 176.217470035759 -91.1015974446383
vn 0.9144890904 0.3876216412 -0.1160134077
v 40.1225844918705 165.578286608641 -84.4841370342641
vn -0.1642549038 -0.0039132861 0.9864101410
v 29.0746318152907 176.840812663754 -96.275069554934
vn 0.0000000000 0.0000000000 -1.0000000000
v 59.8545759733041 135.642904558305 -80.3783658886737
vn 0.0000000000 0.0000000000 1.0000000000
v 26.5764895637211 179.927324465847 -88.5899081798545
vn -0.3553871512 -0.1661134511 0.9198403955
v 31.2675647069258 183.120131450725 -84.4841370342641
vn -0.3795906305 -0.1253162771 0.9166279435
v 19.7683541656412 188.705888176405 -88.5899081798545
vn -0.3764741421 -0.1744201779 0.9098597765
v 48.4078727833323 165.061968089223 -80.3783658886737
vn -0.0068902955 -0.0002307761 0.9999762177
v 46.7921662834328 151.16122100171 -96.275069554934
vn 0.0000000000 0.0000000000 -1.0000000000
v 32.0525663700079 201.06745900764 -92.8836479796085
vn -0.1258434653 0.6719584465 -0.7298187017
v 61.1525058766129 134.517850866057 -96.2590250442546
vn 0.2991675138 -0.1398134381 -0.9439020157
v 50.1184902852814 174.488334326698 -96.275069554934
vn 0.0000000000 0.0000000000 -1.0000000000
v 41.3305297946416 140.913475093428 -88.5899081798545
vn -0.2730452418 -0.1605913192 0.9485023618
v 19.0016337606724 195.833007688463 -87.589784439262
vn -0.9816286564 0.0247279238 0.1891922653
v 27.4489663335392 191.594833042931 -84.4841370342641
vn -0.1528173238 -0.1469290107 0.9772710800
v 53.5839544450666 186.659593198714 -86.1641631828676
vn 0.6679223180 0.2722444832 0.6926490664
v 36.1289868663138 158.794913314877 -86.4868307337128
vn -0.5108965039 -0.1943978816 0.8373734355
v 35.9547805625123 181.216987899606 -84.4841370342641
vn -0.0042916001 -0.0013531564 0.9999898672
v 50.0592278091057 178.351194562334 -82.9634136351575
vn 0.0937011316 0.5780280828 0.8106192946
v 21.2805907636757 180.793695545107 -96.275069554934
vn -0.8265783787 -0.4011681676 -0.3947559893
v 50.0533732633289 167.766920478641 -80.3783658886737
vn -0.0007802482 0.0000298698 0.9999997020
v 61.7065586703186 157.738936433448 -80.3783658886737
vn 0.0000000000 0.0000000000 1.0000000000
v 45.1773673389537 195.850361694532 -96.275069554934
vn 0.0000000000 0.0000000000 -1.0000000000
v 49.3108287831706 196.098370444032 -86.9404698609709
vn 0.5995440483 0.3062029779 0.7394502759
v 70.7455951240193 150.53325962289 -85.0105179503655
vn 0.9357420206 0.1366875023 0.3251205087
v 37.3707937866828 180.717782240153 -96.275069554934
vn 0.0000000000 0.0000000000 -1.0000000000
v 52.2134130562785 126.231469888514 -96.275069554934
vn 0.0651722103 -0.0515665896 -0.9965407252
v 38.4914753022112 203.761988549532 -91.5108863807077
vn 0.0074959248 0.7312344313 -0.6820850968
v 29.0760863713308 204.248872133587 -89.1685262439129
vn -0.6387590170 0.7468273044 -0.1850293726
v 48.7462705867583 142.010174880611 -84.3852282527592
vn -0.5092758536 -0.0034872673 0.8605962992
v 37.2723228071431 193.282819146464 -96.275069554934
vn 0.0000000000 0.0000000000 -1.0000000000
v 33.579700075756 149.228937198974 -96.275069554934
vn 0.0000000000 0.0000000000 -1.0000000000
v 49.635638195111 138.668345281164 -96.275069554934
vn 0.0000000000 0.0000000000 -1.0000000000
v 34.122170265326 174.15649688988 -96.275069554934
vn 0.0000000000 0.0000000000 -1.0000000000
v 64.8297309282872 145.630055566033 -80.3783658886737
vn 0.0069923461 -0.0044631856 0.9999656081
v 50.3855551401187 195.144027824065 -96.275069554934
vn 0.0925106630 0.0443759933 -0.9947223663
v 38.9690732770319 184.015466735349 -96.275069554934
vn 0.0000000000 0.0000000000 -1.0000000000
v 68.629301234951 156.545283664857 -85.7224110394939
vn 0.8327949643 0.5154784918 -0.2018278837
v 29.3976395085905 160.373675130817 -96.275069554934
vn -0.4238656461 -0.0485028625 -0.9044254422
v 39.1562016033772 182.873350384731 -84.4841370342641
vn 0.0000000000 0.0000000000 1.0000000000
v 44.9633338051829 140.349827200233 -87.1736616847568
vn -0.5682041645 -0.1815824062 0.8026031852
v 58.9344973993991 132.836638890943 -96.275069554934
vn 0.1210768670 -0.0902476087 -0.9885321259
v 45.1821462498923 197.612684044199 -84.6141920996011
vn 0.2889225185 0.2770026624 0.9164023399
v 61.6872647161577 167.890877163335 -91.5827182117454
vn 0.9156050682 0.1876164824 -0.3556225896
v 52.6081573526853 147.430044230719 -96.275069554934
vn 0.0000000000 0.0000000000 -1.0000000000
v 54.0118314579348 141.434935705117 -80.3783658886737
vn -0.1867026240 0.0021676251 0.9824140668
v 36.0889487001349 143.044258012119 -96.275069554934
vn -0.5891259909 -0.3754135370 -0.7155384421
v 47.1703216590777 180.938495872297 -96.275069554934
vn 0.0000000000 0.0000000000 -1.0000000000
v 61.1109688319885 129.352737401952 -92.8384207910648
vn 0.7278006077 -0.6272049546 -0.2773450017
v 50.8171018850572 184.5151764527 -84.5019204054722
vn 0.2389733791 0.0898205787 0.9668629766
v 20.9188682502317 198.444091754771 -92.5410420884519
vn -0.1124453247 0.7452426553 -0.6572437882
v 29.6186454883828 180.008210946401 -86.3828451253825
vn -0.5672975183 -0.2190636247 0.7938416600
v 71.2352433033198 143.063770761577 -86.2961856650459
vn 0.9953829646 -0.0950314030 0.0134840645
v 55.6755510227132 191.842922373354 -91.6446565746345
vn 0.9083430767 0.3769318461 0.1812050492
v 35.7688202051846 171.085104584372 -96.275069554934
vn 0.0000000000 0.0000000000 -1.0000000000
v 64.0094004728514 168.05605270009 -85.6599527604683
vn 0.7762552500 0.6303520203 -0.0091729797
v 42.6638511180363 202.785731656879 -91.9048146005499
vn 0.1761992127 0.8431196213 -0.5080384612
v 58.0322702857703 179.97140558699 -90.1444274798174
vn 0.8177909255 0.3826312721 0.4298968613
v 48.5777800838698 136.623249239991 -84.3957589091897
vn -0.5908626318 -0.1786211431 0.7867501378
v 50.9423154573231 130.315260191517 -84.4316053020084
vn -0.6102409959 -0.2967300713 0.7345455885
v 38.0024284687174 149.525381015345 -96.275069554934
vn 0.0000000000 0.0000000000 -1.0000000000
v 24.4956474684657 189.982606038802 -86.3845602897643
vn -0.5077052712 -0.3878146410 0.7693082094
v 52.7623960346979 164.601405902272 -96.275069554934
vn 0.0000000000 0.0000000000 -1.0000000000
v 58.7748852293444 150.060583935794 -96.275069554934
vn 0.0000000000 0.0000000000 -1.0000000000
v 65.6997838839778 156.36308555171 -80.3783658886737
vn 0.4256658852 0.3166993558 0.8476497531
v 65.4975713306479 163.297796416384 -87.0375162148567
vn 0.8442321420 0.1916173995 -0.5005546212
v 28.1842767117879 183.368706636634 -96.275069554934
vn 0.0000000000 0.0000000000 -1.0000000000
v 56.8640762577698 124.600599981677 -91.6089744845069
vn 0.6958482265 -0.7177365422 -0.0254864413
v 53.6808236468867 179.252285340878 -84.4772438417051
vn 0.4045458138 0.3881534338 0.8280577064
v 26.7503405079673 169.713868705043 -96.275069554934
vn -0.4528906047 -0.0422442555 -0.8905647397
v 63.2769673770573 165.504837024969 -90.7699333877655
vn 0.8007968068 0.2565332055 -0.5412163734
v 64.4591634820747 130.297334967617 -83.3779357264362
vn 0.7269577980 -0.6063198447 0.3223486245
v 38.0681198674102 141.515248086079 -88.5899081798545
vn -0.2733122110 -0.2447858900 0.9302582145
v 39.1323965495287 160.504708965028 -84.4841370342641
vn -0.2460781336 -0.0851645619 0.9655011892
v 51.9218359925671 123.029334585226 -89.3523545335558
vn 0.0049095424 -0.7196798325 0.6942887306
v 52.9704265450896 161.656658679681 -80.3783658886737
vn 0.0000000000 0.0000000000 1.0000000000
v 45.1914877228887 133.826520135241 -88.4149587442743
vn -0.4445680976 -0.2281633765 0.8661989570
v 54.8247924584919 187.759676700499 -96.275069554934
vn 0.5001007318 0.1422106177 -0.8542104363
v 32.7620452526096 145.08308291082 -90.9586223023105
vn -0.9718683362 -0.2355076075 -0.0028532527
v 43.4692982108426 127.862722251264 -90.9586223023105
vn -0.8574233651 -0.4953002632 0.1396525353
v 27.9185920451467 198.971808823942 -84.4841370342641
vn 0.0000000000 0.0000000000 1.0000000000
v 38.8049730204728 136.487638446421 -90.9586223023105
vn -0.7932709455 -0.5943293571 0.1322642714
v 23.9222523832852 174.524107770112 -90.620000395505
vn -0.5659326911 -0.2082555592 0.7977153659
v 26.2172760298154 162.561332415214 -89.9530593415541
vn -0.4984289110 -0.2167087048 0.8394080997
v 49.7979067673132 145.750805709892 -96.275069554934
vn 0.0000000000 0.0000000000 -1.0000000000
v 19.7374287828277 182.625111983916 -91.4159766042057
vn -0.6813762188 -0.4197669029 0.5996016860
v 43.7931514008543 159.836460852678 -96.275069554934
vn 0.0000000000 0.0000000000 -1.0000000000
v 70.1910502722869 149.121843399879 -86.8898911211035
vn 0.8852337003 0.2428639233 -0.3967095613
v 47.5939702153594 173.983929171627 -80.3783658886737
vn -0.3130725026 0.2238819301 0.9229639769
v 44.6315365803856 180.180495911092 -84.4841370342641
vn -0.0903162360 0.1264077127 0.9878582954
v 27.826613988661 159.211290647554 -90.3427448282545
vn -0.8799844384 -0.1911053061 0.4348634183
v 36.3965979388584 206.04056453075 -86.3633039873563
vn 0.0280654076 0.9209959507 0.3885598481
v 55.9425560173631 149.509313889877 -80.3783658886737
vn -0.0088419253 0.0002774898 0.9999608994
v 61.3967561059231 138.242652926064 -80.3783658886737
vn 0.0000000000 0.0000000000 1.0000000000
v 35.5839289607267 190.083862273164 -96.275069554934
vn 0.0000000000 0.0000000000 -1.0000000000
v 39.6420704824559 140.233528353782 -96.275069554934
vn 0.0000000000 0.0000000000 -1.0000000000
v 46.5571151052572 194.6056524432 -84.4841370342641
vn 0.2851110995 0.1202927828 0.9509160519
v 25.5855776216518 176.766006687343 -88.63256834494
vn -0.3088746965 -0.1373723000 0.9411298037
v 53.8142424503748 135.721648332327 -80.3912260563068
vn -0.3797541559 -0.1216857657 0.9170492887
v 23.5818650413398 172.061554514716 -91.5857121337663
vn -0.6799278855 -0.1529783159 0.7171441317
v 58.994363946985 143.603032728725 -80.3783658886737
vn 0.0000000000 0.0000000000 1.0000000000
v 51.7122864580986 167.496933219013 -96.275069554934
vn 0.0000000000 0.0000000000 -1.0000000000
v 37.4842268562825 200.151610351191 -84.4841370342641
vn 0.0000000000 0.0000000000 1.0000000000
v 19.9316596069637 197.130989463821 -93.9762470004897
vn -0.4908253253 0.5656788349 -0.6626446843
v 64.8336766514635 132.149251729193 -88.949830729494
vn 0.7494492531 -0.5888411403 -0.3026414812
v 55.3890829208564 163.189972423211 -96.275069554934
vn 0.1096769720 0.0192584768 -0.9937806726
v 70.6582430064875 144.766005346714 -83.204120511092
vn 0.8958712816 0.0418341942 0.4423398674
v 43.8914905453408 152.97142175885 -96.275069554934
vn 0.0000000000 0.0000000000 -1.0000000000
v 57.543606092767 146.552895242742 -80.3783658886737
vn 0.0000000000 0.0000000000 1.0000000000
v 35.1104882911256 153.316347087336 -88.5454672529595
vn -0.1982479841 -0.0977675989 0.9752636552
v 69.9915461161404 139.988671665579 -88.6165745776503
vn 0.9112687111 -0.3810418546 -0.1561936438
v 57.8079900621703 169.389979429843 -96.275069554934
vn 0.2012234032 -0.1154203042 -0.9727215767
v 45.9209631555351 137.128801480681 -86.7555905265534
vn -0.6290209293 -0.2021581382 0.7506428957
v 61.599890596625 152.109186630526 -96.275069554934
vn 0.0325355530 0.0188090615 -0.9992935658
v 34.7224081603158 155.509887897473 -96.275069554934
vn 0.0000000000 0.0000000000 -1.0000000000
v 29.6559712659181 154.949313386392 -96.275069554934
vn -0.7658622861 -0.2430320680 -0.5953069329
v 44.0909904370414 145.830696304841 -96.275069554934
vn 0.0000000000 0.0000000000 -1.0000000000
v 67.686007831299 139.313033643536 -80.4497314049033
vn 0.5247744918 -0.1726971269 0.8335391283
v 42.2300196481498 184.167966481431 -96.275069554934
vn 0.0000000000 0.0000000000 -1.0000000000
v 66.1136540468428 160.520206744476 -86.6832762609673
vn 0.9827504158 0.1395216137 -0.1213894412
v 41.4524554822998 179.977263220914 -84.4841370342641
vn 0.0000000000 0.0000000000 1.0000000000
v 47.1295102030327 140.627027537976 -96.275069554934
vn 0.0000000000 0.0000000000 -1.0000000000
v 20.2621154914889 190.824935733855 -96.275069554934
vn -0.3156379163 0.0489600487 -0.9476157427
v 39.0399803299895 177.621571949831 -96.275069554934
vn 0.0000000000 0.0000000000 -1.0000000000
v 22.4174075905444 188.752572410654 -88.5899081798545
vn -0.3125439882 -0.2158268690 0.9250594974
v 29.2424653236712 194.757765959701 -84.4841370342641
vn 0.0000000000 0.0000000000 1.0000000000
v 62.1495663664572 162.905257842607 -80.3783658886737
vn 0.0000000000 0.0000000000 1.0000000000
v 29.5322247982231 167.883738174242 -88.5899081798545
vn -0.2848631740 -0.0303315707 0.9580881596
v 34.8366834854172 191.15172609122 -84.4841370342641
vn 0.0000000000 0.0000000000 1.0000000000
v 41.9783477858699 135.460890099791 -96.275069554934
vn -0.4745832980 -0.3172518015 -0.8210493326
v 45.297510571597 202.871951151142 -88.2988968592738
vn 0.4910474122 0.8709679842 0.0169484988
v 22.6853169992194 196.833133381892 -84.4841370342641
vn -0.1707870364 -0.0794250965 0.9821015596
v 61.0313461354123 166.715167386011 -80.3783658886737
vn 0.1687231958 0.2711182833 0.9476430416
v 20.6914585672935 187.753943835744 -96.275069554934
vn -0.5376098156 -0.2598661482 -0.8021504283
v 65.0786719843944 156.993174221142 -89.9020750570954
vn 0.8481053114 0.2966153324 -0.4390179217
v 42.9120782938027 182.927542986774 -84.4841370342641
vn 0.0000000000 0.0000000000 1.0000000000
v 17.1483574217793 187.163676630964 -90.4319220313982
vn -0.4721485674 -0.3403745592 0.8131548762
f 625//625 724//724 463//463
f 378//378 512//512 401//401
f 401//401 683//683 559//559
f 121//121 621//621 714//714
f 413//413 725//725 156//156
f 724//724 52//52 192//192
f 623//623 50//50 741//741
f 322//322 694//694 456//456
f 718//718 105//105 281//281
f 200//200 34//34 310//310
f 173//173 38//38 342//342
f 201//201 163//163 154//154
f 341//341 299//299 518//518
f 550//550 336//336 529//529
f 393//393 394//394 382//382
f 356//356 2//2 91//91
f 424//424 317//317 707//707
f 297//297 544//544 94//94
f 487//487 158//158 180//180
f 355//355 525//525 734//734
f 559//559 583//583 401//401
f 332//332 119//119 396//396
f 462//462 287//287 706//706
f 175//175 16//16 644//644
f 26//26 160//160 655//655
f 43//43 35//35 676//676
f 684//684 8//8 543//543
f 82//82 471//471 535//535
f 508//508 323//323 563//563
f 148//148 486//486 675//675
f 442//442 96//96 523//523
f 749//749 443//443 480//480
f 436//436 40//40 146//146
f 148//148 43//43 676//676
f 710//710 112//112 406//406
f 233//233 45//45 447//447
f 68//68 148//148 676//676
f 93//93 22//22 407//407
f 240//240 226//226 204//204
f 300//300 176//176 253//253
f 480//480 443//443 437//437
f 681//681 582//582 414//414
f 646//646 172//172 141//141
f 589//589 269//269 248//248
f 729//729 675//675 13//13
f 729//729 9//9 675//675
f 204//204 226//226 207//207
f 594//594 348//348 235//235
f 70//70 31//31 748//748
f 30//30 13//13 646//646
f 729//729 657//657 149//149
f 646//646 13//13 195//195
f 525//525 710//710 407//407
f 278//278 318//318 697//697
f 393//393 65//65 647//647
f 104//104 239//239 663//663
f 206//206 188//188 496//496
f 224//224 690//690 361//361
f 333//333 94//94 535//535
f 540//540 587//587 106//106
f 365//365 616//616 62//62
f 410//410 20//20 526//526
f 224//224 14//14 83//83
f 488//488 211//211 680//680
f 16//16 163//163 201//201
f 635//635 170//170 520//520
f 617//617 243//243 674//674
f 567//567 24//24 211//211
f 141//141 591//591 20//20
f 20//20 25//25 526//526
f 163//163 175//175 708//708
f 5//5 509//509 403//403
f 426//426 578//578 427//427
f 30//30 141//141 20//20
f 429//429 421//421 430//430
f 1//1 727//727 539//539
f 12//12 74//74 445//445
f 604//604 459//459 471//471
f 734//734 238//238 89//89
f 459//459 123//123 505//505
f 550//550 243//243 617//617
f 436//436 515//515 555//555
f 689//689 285//285 629//629
f 25//25 71//71 526//526
f 736//736 187//187 388//388
f 84//84 500//500 579//579
f 427//427 521//521 613//613
f 597//597 579//579 500//500
f 145//145 590//590 650//650
f 149//149 448//448 693//693
f 535//535 505//505 439//439
f 445//445 533//533 443//443
f 108//108 728//728 479//479
f 152//152 76//76 381//381
f 584//584 455//455 727//727
f 683//683 460//460 570//570
f 649//649 474//474 186//186
f 618//618 14//14 361//361
f 130//130 404//404 628//628
f 17//17 639//639 394//394
f 663//663 252//252 165//165
f 243//243 550//550 61//61
f 141//141 30//30 646//646
f 485//485 276//276 540//540
f 462//462 635//635 569//569
f 543//543 222//222 684//684
f 290//290 380//380 351//351
f 296//296 131//131 357//357
f 12//12 254//254 74//74
f 382//382 394//394 383//383
f 47//47 126//126 49//49
f 328//328 503//503 337//337
f 245//245 723//723 435//435
f 248//248 602//602 566//566
f 616//616 71//71 66//66
f 608//608 95//95 213//213
f 447//447 45//45 541//541
f 9//9 32//32 43//43
f 43//43 256//256 35//35
f 284//284 636//636 173//173
f 418//418 493//493 588//588
f 686//686 283//283 503//503
f 216//216 95//95 608//608
f 269//269 265//265 248//248
f 131//131 200//200 27//27
f 417//417 273//273 257//257
f 53//53 707//707 438//438
f 723//723 603//603 244//244
f 629//629 285//285 149//149
f 420//420 709//709 416//416
f 446//446 233//233 447//447
f 530//530 545//545 638//638
f 12//12 446//446 402//402
f 536//536 278//278 513//513
f 4//4 162//162 659//659
f 635//635 254//254 685//685
f 723//723 669//669 435//435
f 693//693 32//32 9//9
f 317//317 424//424 655//655
f 612//612 223//223 205//205
f 12//12 402//402 331//331
f 387//387 276//276 191//191
f 740//740 206//206 590//590
f 257//257 483//483 417//417
f 430//430 421//421 423//423
f 61//61 529//529 604//604
f 70//70 176//176 300//300
f 245//245 435//435 704//704
f 659//659 324//324 440//440
f 685//685 254//254 331//331
f 689//689 629//629 365//365
f 729//729 693//693 9//9
f 391//391 55//55 647//647
f 49//49 3//3 721//721
f 721//721 3//3 509//509
f 330//330 270//270 469//469
f 477//477 345//345 213//213
f 245//245 155//155 723//723
f 458//458 159//159 129//129
f 446//446 445//445 538//538
f 654//654 152//152 381//381
f 488//488 661//661 528//528
f 548//548 452//452 571//571
f 379//379 60//60 576//576
f 364//364 1//1 159//159
f 695//695 104//104 139//139
f 651//651 355//355 603//603
f 421//421 416//416 423//423
f 67//67 343//343 507//507
f 543//543 356//356 222//222
f 137//137 271//271 556//556
f 190//190 573//573 687//687
f 455//455 539//539 727//727
f 266//266 321//321 600//600
f 211//211 24//24 212//212
f 239//239 104//104 695//695
f 584//584 316//316 89//89
f 557//557 37//37 648//648
f 258//258 704//704 458//458
f 711//711 65//65 59//59
f 345//345 477//477 726//726
f 34//34 389//389 652//652
f 483//483 257//257 521//521
f 256//256 191//191 35//35
f 375//375 284//284 702//702
f 124//124 151//151 543//543
f 239//239 614//614 481//481
f 236//236 348//348 722//722
f 571//571 389//389 548//548
f 78//78 345//345 726//726
f 227//227 53//53 433//433
f 606//606 583//583 118//118
f 205//205 223//223 386//386
f 448//448 149//149 507//507
f 289//289 516//516 220//220
f 75//75 633//633 225//225
f 736//736 340//340 751//751
f 736//736 751//751 39//39
f 116//116 415//415 753//753
f 51//51 326//326 667//667
f 160//160 317//317 655//655
f 86//86 433//433 83//83
f 11//11 190//190 672//672
f 344//344 119//119 177//177
f 169//169 712//712 419//419
f 622//622 120//120 531//531
f 113//113 700//700 227//227
f 53//53 227//227 700//700
f 171//171 599//599 474//474
f 669//669 723//723 244//244
f 341//341 450//450 553//553
f 482//482 29//29 199//199
f 307//307 183//183 260//260
f 464//464 553//553 68//68
f 602//602 744//744 86//86
f 171//171 97//97 352//352
f 257//257 273//273 221//221
f 588//588 88//88 610//610
f 532//532 447//447 541//541
f 229//229 450//450 518//518
f 265//265 457//457 524//524
f 733//733 279//279 23//23
f 305//305 461//461 581//581
f 76//76 414//414 610//610
f 414//414 128//128 681//681
f 274//274 159//159 167//167
f 579//579 218//218 426//426
f 58//58 289//289 220//220
f 295//295 6//6 305//305
f 197//197 349//349 617//617
f 641//641 76//76 88//88
f 265//265 269//269 121//121
f 77//77 573//573 39//39
f 615//615 133//133 282//282
f 686//686 28//28 612//612
f 57//57 601//601 634//634
f 75//75 225//225 217//217
f 412//412 221//221 172//172
f 131//131 296//296 389//389
f 416//416 441//441 423//423
f 552//552 39//39 751//751
f 582//582 441//441 418//418
f 530//530 638//638 681//681
f 531//531 232//232 291//291
f 363//363 434//434 138//138
f 203//203 193//193 98//98
f 674//674 392//392 617//617
f 203//203 98//98 109//109
f 56//56 11//11 672//672
f 624//624 40//40 84//84
f 656//656 266//266 232//232
f 52//52 733//733 242//242
f 274//274 44//44 129//129
f 129//129 44//44 92//92
f 366//366 342//342 621//621
f 633//633 102//102 99//99
f 387//387 256//256 696//696
f 7//7 716//716 699//699
f 693//693 448//448 196//196
f 442//442 539//539 210//210
f 392//392 197//197 617//617
f 310//310 34//34 451//451
f 704//704 364//364 458//458
f 112//112 525//525 355//355
f 115//115 193//193 516//516
f 94//94 674//674 535//535
f 193//193 115//115 107//107
f 107//107 98//98 193//193
f 599//599 98//98 107//107
f 313//313 745//745 563//563
f 71//71 616//616 526//526
f 586//586 79//79 206//206
f 475//475 163//163 708//708
f 302//302 251//251 237//237
f 450//450 341//341 518//518
f 152//152 367//367 128//128
f 5//5 688//688 509//509
f 124//124 327//327 547//547
f 109//109 110//110 665//665
f 71//71 25//25 568//568
f 747//747 440//440 554//554
f 270//270 492//492 28//28
f 461//461 287//287 581//581
f 587//587 643//643 125//125
f 71//71 568//568 217//217
f 238//238 5//5 403//403
f 250//250 390//390 504//504
f 20//20 591//591 25//25
f 417//417 25//25 591//591
f 220//220 516//516 643//643
f 613//613 521//521 502//502
f 513//513 517//517 536//536
f 520//520 74//74 254//254
f 605//605 604//604 144//144
f 281//281 105//105 404//404
f 236//236 368//368 728//728
f 474//474 107//107 115//115
f 505//505 471//471 459//459
f 553//553 715//715 68//68
f 658//658 599//599 580//580
f 61//61 604//604 243//243
f 609//609 275//275 169//169
f 530//530 736//736 388//388
f 710//710 620//620 407//407
f 289//289 133//133 615//615
f 239//239 695//695 614//614
f 109//109 658//658 110//110
f 380//380 290//290 366//366
f 516//516 615//615 286//286
f 181//181 523//523 168//168
f 627//627 110//110 658//658
f 620//620 229//229 407//407
f 176//176 302//302 253//253
f 497//497 694//694 605//605
f 13//13 30//30 657//657
f 68//68 715//715 486//486
f 291//291 232//232 266//266
f 155//155 651//651 603//603
f 281//281 404//404 336//336
f 508//508 162//162 323//323
f 151//151 124//124 547//547
f 643//643 203//203 125//125
f 9//9 148//148 675//675
f 169//169 419//419 23//23
f 48//48 124//124 8//8
f 565//565 292//292 679//679
f 251//251 70//70 748//748
f 282//282 746//746 561//561
f 562//562 18//18 326//326
f 478//478 105//105 718//718
f 136//136 561//561 609//609
f 135//135 623//623 741//741
f 561//561 136//136 186//186
f 439//439 607//607 333//333
f 153//153 315//315 363//363
f 592//592 150//150 630//630
f 139//139 264//264 62//62
f 339//339 664//664 489//489
f 158//158 318//318 278//278
f 577//577 352//352 97//97
f 314//314 745//745 600//600
f 7//7 38//38 606//606
f 515//515 473//473 555//555
f 129//129 92//92 189//189
f 182//182 171//171 352//352
f 298//298 523//523 181//181
f 467//467 388//388 187//187
f 142//142 580//580 182//182
f 142//142 126//126 627//627
f 580//580 142//142 627//627
f 103//103 51//51 667//667
f 231//231 132//132 660//660
f 489//489 144//144 130//130
f 745//745 312//312 499//499
f 183//183 137//137 260//260
f 346//346 145//145 650//650
f 590//590 145//145 740//740
f 104//104 15//15 264//264
f 627//627 126//126 110//110
f 100//100 202//202 536//536
f 221//221 409//409 411//411
f 485//485 540//540 106//106
f 73//73 716//716 468//468
f 728//728 336//336 479//479
f 177//177 318//318 645//645
f 136//136 738//738 649//649
f 465//465 740//740 642//642
f 479//479 147//147 349//349
f 494//494 715//715 157//157
f 415//415 247//247 753//753
f 654//654 258//258 288//288
f 353//353 649//649 738//738
f 713//713 319//319 320//320
f 182//182 352//352 303//303
f 557//557 143//143 677//677
f 489//489 130//130 339//339
f 663//663 239//239 481//481
f 640//640 357//357 324//324
f 26//26 655//655 510//510
f 448//448 696//696 196//196
f 184//184 181//181 164//164
f 470//470 111//111 177//177
f 142//142 96//96 126//126
f 640//640 153//153 357//357
f 210//210 126//126 96//96
f 58//58 276//276 387//387
f 350//350 111//111 237//237
f 342//342 699//699 714//714
f 735//735 370//370 371//371
f 314//314 321//321 611//611
f 617//617 572//572 550//550
f 426//426 427//427 41//41
f 694//694 607//607 123//123
f 560//560 450//450 620//620
f 164//164 181//181 303//303
f 162//162 4//4 595//595
f 583//583 606//606 636//636
f 354//354 145//145 346//346
f 405//405 157//157 127//127
f 500//500 473//473 618//618
f 431//431 78//78 438//438
f 127//127 157//157 560//560
f 711//711 59//59 369//369
f 279//279 701//701 353//353
f 27//27 554//554 324//324
f 279//279 733//733 542//542
f 558//558 247//247 702//702
f 131//131 324//324 357//357
f 712//712 334//334 663//663
f 653//653 59//59 370//370
f 252//252 161//161 698//698
f 352//352 164//164 303//303
f 743//743 293//293 749//749
f 40//40 436//436 555//555
f 70//70 251//251 176//176
f 475//475 536//536 719//719
f 125//125 106//106 587//587
f 550//550 572//572 336//336
f 96//96 442//442 210//210
f 122//122 60//60 379//379
f 159//159 274//274 129//129
f 697//697 422//422 742//742
f 284//284 375//375 583//583
f 427//427 578//578 483//483
f 370//370 735//735 653//653
f 326//326 630//630 300//300
f 248//248 265//265 524//524
f 290//290 741//741 50//50
f 249//249 660//660 132//132
f 686//686 328//328 469//469
f 363//363 670//670 593//593
f 158//158 278//278 202//202
f 156//156 651//651 493//493
f 55//55 174//174 647//647
f 595//595 719//719 323//323
f 1//1 167//167 159//159
f 696//696 448//448 343//343
f 517//517 323//323 719//719
f 95//95 695//695 139//139
f 647//647 174//174 393//393
f 247//247 623//623 753//753
f 56//56 749//749 293//293
f 50//50 623//623 247//247
f 673//673 747//747 309//309
f 119//119 626//626 396//396
f 737//737 64//64 183//183
f 101//101 208//208 556//556
f 733//733 52//52 542//542
f 637//637 146//146 40//40
f 242//242 677//677 192//192
f 419//419 242//242 733//733
f 146//146 491//491 705//705
f 403//403 3//3 584//584
f 678//678 741//741 290//290
f 666//666 178//178 569//569
f 443//443 538//538 445//445
f 106//106 684//684 166//166
f 630//630 70//70 300//300
f 517//517 513//513 313//313
f 23//23 419//419 733//733
f 184//184 164//164 263//263
f 559//559 118//118 583//583
f 114//114 317//317 160//160
f 727//727 669//669 316//316
f 303//303 168//168 182//182
f 736//736 36//36 340//340
f 324//324 131//131 27//27
f 133//133 63//63 282//282
f 621//621 380//380 366//366
f 44//44 408//408 185//185
f 412//412 172//172 329//329
f 82//82 604//604 471//471
f 69//69 7//7 503//503
f 22//22 93//93 5//5
f 274//274 167//167 523//523
f 684//684 80//80 8//8
f 371//371 179//179 735//735
f 516//516 289//289 615//615
f 104//104 663//663 15//15
f 363//363 315//315 514//514
f 712//712 746//746 161//161
f 606//606 498//498 337//337
f 273//273 417//417 591//591
f 498//498 606//606 559//559
f 385//385 661//661 488//488
f 444//444 194//194 114//114
f 201//201 4//4 440//440
f 648//648 359//359 557//557
f 493//493 441//441 413//413
f 670//670 456//456 548//548
f 155//155 88//88 588//588
f 327//327 48//48 721//721
f 528//528 575//575 209//209
f 209//209 575//575 625//625
f 294//294 10//10 739//739
f 447//447 42//42 402//402
f 411//411 409//409 709//709
f 211//211 488//488 528//528
f 138//138 694//694 322//322
f 256//256 387//387 191//191
f 185//185 730//730 198//198
f 92//92 198//198 360//360
f 348//348 236//236 482//482
f 599//599 171//171 580//580
f 273//273 172//172 221//221
f 99//99 53//53 438//438
f 664//664 179//179 362//362
f 593//593 670//670 548//548
f 33//33 84//84 579//579
f 697//697 350//350 237//237
f 207//207 143//143 204//204
f 143//143 731//731 204//204
f 454//454 420//420 421//421
f 389//389 200//200 131//131
f 29//29 482//482 77//77
f 192//192 143//143 207//207
f 77//77 231//231 687//687
f 578//578 217//217 568//568
f 305//305 551//551 461//461
f 25//25 417//417 568//568
f 192//192 207//207 724//724
f 140//140 54//54 255//255
f 209//209 625//625 463//463
f 708//708 175//175 537//537
f 486//486 195//195 675//675
f 628//628 21//21 339//339
f 675//675 195//195 13//13
f 215//215 654//654 340//340
f 529//529 130//130 144//144
f 212//212 680//680 211//211
f 445//445 74//74 72//72
f 633//633 75//75 690//690
f 510//510 492//492 490//490
f 392//392 674//674 544//544
f 392//392 42//42 197//197
f 730//730 212//212 214//214
f 633//633 78//78 225//225
f 41//41 427//427 613//613
f 218//218 75//75 578//578
f 512//512 460//460 683//683
f 214//214 198//198 730//730
f 468//468 205//205 386//386
f 336//336 572//572 479//479
f 198//198 214//214 552//552
f 651//651 588//588 493//493
f 421//421 420//420 416//416
f 46//46 545//545 743//743
f 681//681 215//215 530//530
f 687//687 231//231 660//660
f 674//674 94//94 544//544
f 119//119 332//332 562//562
f 171//171 182//182 580//580
f 268//268 683//683 570//570
f 92//92 360//360 189//189
f 479//479 572//572 147//147
f 467//467 56//56 293//293
f 731//731 26//26 510//510
f 374//374 2//2 356//356
f 524//524 73//73 744//744
f 408//408 680//680 730//730
f 240//240 204//204 522//522
f 168//168 96//96 142//142
f 710//710 525//525 112//112
f 477//477 62//62 616//616
f 143//143 192//192 677//677
f 166//166 691//691 485//485
f 207//207 228//228 724//724
f 570//570 85//85 354//354
f 546//546 463//463 230//230
f 230//230 463//463 228//228
f 66//66 217//217 225//225
f 299//299 547//547 81//81
f 573//573 682//682 736//736
f 15//15 165//165 252//252
f 484//484 546//546 230//230
f 45//45 672//672 541//541
f 24//24 567//567 234//234
f 234//234 567//567 546//546
f 582//582 681//681 638//638
f 235//235 212//212 24//24
f 594//594 24//24 234//234
f 684//684 106//106 125//125
f 235//235 214//214 212//212
f 472//472 276//276 220//220
f 199//199 214//214 235//235
f 83//83 433//433 102//102
f 401//401 267//267 378//378
f 482//482 236//236 231//231
f 699//699 73//73 457//457
f 476//476 229//229 518//518
f 360//360 198//198 552//552
f 14//14 90//90 83//83
f 690//690 224//224 633//633
f 229//229 476//476 93//93
f 53//53 99//99 433//433
f 350//350 318//318 177//177
f 267//267 583//583 750//750
f 358//358 712//712 663//663
f 35//35 2//2 676//676
f 48//48 8//8 665//665
f 313//313 513//513 742//742
f 244//244 734//734 89//89
f 715//715 553//553 560//560
f 660//660 249//249 532//532
f 510//510 490//490 522//522
f 490//490 492//492 453//453
f 300//300 253//253 326//326
f 325//325 522//522 490//490
f 596//596 226//226 240//240
f 703//703 230//230 228//228
f 230//230 703//703 241//241
f 90//90 86//86 83//83
f 222//222 91//91 691//691
f 86//86 90//90 602//602
f 558//558 342//342 366//366
f 566//566 602//602 90//90
f 565//565 484//484 292//292
f 101//101 14//14 618//618
f 594//594 234//234 565//565
f 76//76 641//641 381//381
f 327//327 124//124 48//48
f 473//473 500//500 555//555
f 199//199 348//348 482//482
f 11//11 56//56 467//467
f 386//386 424//424 700//700
f 541//541 190//190 687//687
f 555//555 84//84 40//40
f 264//264 15//15 252//252
f 348//348 199//199 235//235
f 722//722 348//348 594//594
f 2//2 35//35 91//91
f 110//110 126//126 47//47
f 155//155 588//588 651//651
f 252//252 663//663 334//334
f 435//435 669//669 364//364
f 299//299 81//81 476//476
f 309//309 27//27 310//310
f 612//612 205//205 686//686
f 561//561 746//746 609//609
f 707//707 53//53 700//700
f 364//364 669//669 1//1
f 66//66 477//477 616//616
f 194//194 438//438 707//707
f 324//324 554//554 440//440
f 428//428 613//613 454//454
f 255//255 490//490 453//453
f 726//726 477//477 66//66
f 283//283 69//69 503//503
f 453//453 272//272 255//255
f 325//325 490//490 255//255
f 502//502 454//454 613//613
f 161//161 334//334 712//712
f 54//54 325//325 255//255
f 739//739 250//250 377//377
f 299//299 476//476 518//518
f 501//501 259//259 241//241
f 625//625 52//52 724//724
f 566//566 589//589 248//248
f 713//713 640//640 246//246
f 478//478 292//292 259//259
f 404//404 130//130 529//529
f 566//566 101//101 556//556
f 589//589 556//556 271//271
f 565//565 722//722 594//594
f 589//589 601//601 269//269
f 713//713 315//315 640//640
f 656//656 634//634 466//466
f 203//203 643//643 193//193
f 520//520 254//254 635//635
f 197//197 42//42 447//447
f 368//368 679//679 718//718
f 721//721 48//48 47//47
f 231//231 77//77 482//482
f 236//236 132//132 231//231
f 137//137 183//183 64//64
f 392//392 331//331 402//402
f 234//234 484//484 565//565
f 274//274 298//298 44//44
f 310//310 27//27 200//200
f 408//408 730//730 185//185
f 318//318 350//350 697//697
f 349//349 532//532 249//249
f 749//749 538//538 443//443
f 116//116 623//623 150//150
f 578//578 426//426 218//218
f 338//338 346//346 650//650
f 272//272 453//453 270//270
f 335//335 219//219 21//21
f 140//140 255//255 272//272
f 271//271 137//137 64//64
f 422//422 748//748 134//134
f 564//564 54//54 277//277
f 247//247 750//750 583//583
f 271//271 64//64 466//466
f 630//630 150//150 135//135
f 509//509 327//327 721//721
f 54//54 564//564 596//596
f 567//567 211//211 528//528
f 706//706 307//307 462//462
f 331//331 254//254 12//12
f 487//487 344//344 645//645
f 519//519 478//478 259//259
f 679//679 368//368 722//722
f 444//444 431//431 194//194
f 481//481 614//614 425//425
f 452//452 456//456 694//694
f 26//26 216//216 732//732
f 621//621 342//342 714//714
f 163//163 475//475 154//154
f 91//91 222//222 356//356
f 31//31 630//630 135//135
f 685//685 569//569 635//635
f 90//90 101//101 566//566
f 702//702 284//284 173//173
f 748//748 237//237 251//251
f 414//414 76//76 128//128
f 618//618 597//597 500//500
f 180//180 158//158 202//202
f 484//484 234//234 546//546
f 167//167 442//442 523//523
f 668//668 57//57 622//622
f 265//265 121//121 457//457
f 380//380 668//668 622//622
f 198//198 92//92 185//185
f 258//258 458//458 189//189
f 120//120 57//57 634//634
f 618//618 473//473 101//101
f 698//698 87//87 507//507
f 214//214 199//199 552//552
f 737//737 466//466 64//64
f 183//183 706//706 737//737
f 752//752 706//706 287//287
f 699//699 457//457 714//714
f 347//347 188//188 585//585
f 260//260 137//137 515//515
f 320//320 6//6 713//713
f 178//178 462//462 569//569
f 61//61 550//550 529//529
f 610//610 88//88 76//76
f 2//2 464//464 676//676
f 297//297 685//685 544//544
f 492//492 510//510 655//655
f 113//113 227//227 744//744
f 349//349 197//197 532//532
f 520//520 705//705 491//491
f 287//287 178//178 581//581
f 705//705 307//307 260//260
f 57//57 120//120 622//622
f 466//466 737//737 656//656
f 232//232 531//531 120//120
f 409//409 221//221 412//412
f 706//706 752//752 737//737
f 512//512 122//122 379//379
f 74//74 520//520 491//491
f 656//656 752//752 301//301
f 608//608 262//262 216//216
f 738//738 609//609 23//23
f 76//76 152//152 128//128
f 363//363 593//593 153//153
f 172//172 591//591 141//141
f 666//666 581//581 178//178
f 158//158 487//487 645//645
f 229//229 93//93 407//407
f 742//742 631//631 312//312
f 148//148 68//68 486//486
f 28//28 469//469 270//270
f 534//534 531//531 499//499
f 377//377 122//122 378//378
f 699//699 38//38 7//7
f 187//187 736//736 682//682
f 395//395 562//562 332//332
f 499//499 291//291 745//745
f 558//558 173//173 342//342
f 390//390 332//332 396//396
f 266//266 600//600 291//291
f 626//626 397//397 396//396
f 77//77 39//39 29//29
f 301//301 752//752 461//461
f 398//398 397//397 304//304
f 626//626 304//304 397//397
f 287//287 461//461 752//752
f 399//399 398//398 306//306
f 398//398 304//304 306//306
f 307//307 706//706 183//183
f 295//295 305//305 581//581
f 399//399 306//306 308//308
f 604//604 529//529 144//144
f 632//632 434//434 514//514
f 645//645 344//344 177//177
f 666//666 632//632 295//295
f 307//307 705//705 170//170
f 439//439 333//333 535//535
f 336//336 728//728 281//281
f 134//134 135//135 678//678
f 533//533 437//437 443//443
f 328//328 686//686 503//503
f 304//304 626//626 449//449
f 358//358 242//242 419//419
f 534//534 311//311 351//351
f 146//146 705//705 436//436
f 644//644 449//449 537//537
f 169//169 511//511 712//712
f 644//644 306//306 304//304
f 606//606 503//503 7//7
f 644//644 673//673 306//306
f 673//673 309//309 308//308
f 160//160 444//444 114//114
f 551//551 305//305 320//320
f 554//554 27//27 309//309
f 247//247 415//415 750//750
f 6//6 295//295 514//514
f 39//39 573//573 736//736
f 425//425 614//614 695//695
f 748//748 31//31 134//134
f 731//731 143//143 557//557
f 22//22 734//734 525//525
f 285//285 252//252 698//698
f 312//312 311//311 499//499
f 280//280 592//592 720//720
f 312//312 313//313 742//742
f 485//485 691//691 276//276
f 243//243 82//82 674//674
f 314//314 611//611 508//508
f 563//563 314//314 508//508
f 508//508 611//611 319//319
f 332//332 390//390 395//395
f 312//312 745//745 313//313
f 134//134 631//631 422//422
f 631//631 742//742 422//422
f 344//344 449//449 626//626
f 313//313 563//563 517//517
f 245//245 641//641 88//88
f 319//319 713//713 659//659
f 696//696 133//133 289//289
f 288//288 189//189 360//360
f 522//522 325//325 240//240
f 352//352 385//385 164//164
f 165//165 15//15 663//663
f 515//515 208//208 473//473
f 276//276 691//691 191//191
f 323//323 162//162 595//595
f 87//87 161//161 746//746
f 717//717 261//261 156//156
f 662//662 412//412 329//329
f 72//72 146//146 637//637
f 634//634 232//232 120//120
f 173//173 636//636 38//38
f 175//175 163//163 16//16
f 154//154 719//719 595//595
f 154//154 4//4 201//201
f 636//636 606//606 38//38
f 402//402 42//42 392//392
f 282//282 561//561 286//286
f 301//301 266//266 656//656
f 177//177 119//119 470//470
f 688//688 327//327 509//509
f 579//579 426//426 33//33
f 617//617 147//147 572//572
f 82//82 243//243 604//604
f 135//135 150//150 623//623
f 270//270 330//330 272//272
f 338//338 469//469 328//328
f 361//361 597//597 618//618
f 590//590 671//671 650//650
f 16//16 201//201 747//747
f 719//719 154//154 475//475
f 519//519 277//277 586//586
f 140//140 79//79 277//277
f 278//278 697//697 513//513
f 219//219 519//519 586//586
f 74//74 491//491 72//72
f 628//628 105//105 335//335
f 612//612 28//28 492//492
f 10//10 280//280 250//250
f 132//132 236//236 728//728
f 241//241 259//259 292//292
f 113//113 73//73 468//468
f 470//470 326//326 253//253
f 150//150 10//10 294//294
f 714//714 457//457 121//121
f 233//233 56//56 672//672
f 481//481 648//648 37//37
f 469//469 338//338 330//330
f 619//619 328//328 337//337
f 188//188 206//206 740//740
f 735//735 465//465 653//653
f 21//21 347//347 339//339
f 219//219 496//496 21//21
f 347//347 21//21 496//496
f 349//349 249//249 108//108
f 496//496 219//219 586//586
f 105//105 628//628 404//404
f 746//746 506//506 507//507
f 592//592 280//280 150//150
f 126//126 210//210 49//49
f 458//458 364//364 159//159
f 661//661 577//577 701//701
f 431//431 438//438 194//194
f 502//502 521//521 257//257
f 623//623 116//116 753//753
f 694//694 138//138 607//607
f 161//161 252//252 334//334
f 445//445 446//446 12//12
f 681//681 367//367 654//654
f 539//539 455//455 210//210
f 740//740 145//145 642//642
f 677//677 37//37 557//557
f 496//496 188//188 347//347
f 418//418 588//588 414//414
f 664//664 339//339 347//347
f 442//442 167//167 539//539
f 435//435 364//364 704//704
f 738//738 279//279 353//353
f 659//659 246//246 324//324
f 504//504 377//377 250//250
f 31//31 135//135 134//134
f 696//696 256//256 196//196
f 111//111 350//350 177//177
f 701//701 279//279 542//542
f 606//606 118//118 559//559
f 559//559 683//683 498//498
f 472//472 643//643 587//587
f 190//190 11//11 682//682
f 654//654 381//381 258//258
f 354//354 346//346 268//268
f 498//498 683//683 268//268
f 145//145 354//354 642//642
f 603//603 355//355 734//734
f 85//85 642//642 354//354
f 144//144 489//489 605//605
f 187//187 11//11 467//467
f 459//459 605//605 694//694
f 619//619 346//346 338//338
f 547//547 327//327 688//688
f 503//503 606//606 337//337
f 78//78 431//431 345//345
f 200//200 389//389 34//34
f 160//160 26//26 732//732
f 374//374 299//299 341//341
f 85//85 570//570 369//369
f 146//146 72//72 491//491
f 642//642 653//653 465//465
f 188//188 465//465 585//585
f 537//537 449//449 487//487
f 585//585 179//179 664//664
f 434//434 363//363 514//514
f 604//604 605//605 459//459
f 377//377 750//750 739//739
f 294//294 739//739 116//116
f 498//498 268//268 619//619
f 80//80 125//125 203//203
f 619//619 268//268 346//346
f 624//624 84//84 33//33
f 381//381 245//245 704//704
f 307//307 635//635 462//462
f 7//7 69//69 716//716
f 31//31 70//70 630//630
f 388//388 743//743 530//530
f 288//288 258//258 189//189
f 247//247 558//558 50//50
f 111//111 302//302 237//237
f 707//707 114//114 194//194
f 472//472 220//220 643//643
f 708//708 180//180 100//100
f 122//122 512//512 378//378
f 576//576 460//460 379//379
f 59//59 85//85 369//369
f 649//649 186//186 136//136
f 85//85 59//59 653//653
f 362//362 372//372 497//497
f 372//372 179//179 371//371
f 452//452 497//497 373//373
f 373//373 497//497 372//372
f 349//349 108//108 479//479
f 571//571 452//452 373//373
f 736//736 530//530 36//36
f 682//682 573//573 190//190
f 353//353 97//97 649//649
f 712//712 358//358 419//419
f 685//685 297//297 569//569
f 652//652 495//495 376//376
f 109//109 80//80 203//203
f 280//280 10//10 150//150
f 415//415 116//116 19//19
f 244//244 603//603 734//734
f 267//267 750//750 378//378
f 378//378 750//750 377//377
f 150//150 294//294 116//116
f 728//728 368//368 281//281
f 622//622 534//534 380//380
f 534//534 622//622 531//531
f 65//65 711//711 647//647
f 65//65 370//370 59//59
f 370//370 65//65 382//382
f 382//382 371//371 370//370
f 371//371 382//382 383//383
f 383//383 372//372 371//371
f 372//372 383//383 384//384
f 384//384 373//373 372//372
f 495//495 373//373 384//384
f 14//14 101//101 90//90
f 164//164 385//385 263//263
f 664//664 347//347 585//585
f 547//547 299//299 151//151
f 507//507 285//285 698//698
f 583//583 375//375 247//247
f 227//227 433//433 86//86
f 390//390 250//250 395//395
f 720//720 395//395 250//250
f 598//598 504//504 390//390
f 43//43 32//32 196//196
f 391//391 576//576 60//60
f 504//504 598//598 60//60
f 647//647 711//711 391//391
f 65//65 393//393 382//382
f 331//331 544//544 685//685
f 376//376 549//549 639//639
f 639//639 549//549 394//394
f 389//389 571//571 652//652
f 549//549 376//376 495//495
f 690//690 218//218 597//597
f 250//250 280//280 720//720
f 343//343 448//448 507//507
f 431//431 608//608 345//345
f 281//281 368//368 718//718
f 62//62 689//689 365//365
f 156//156 493//493 413//413
f 241//241 292//292 484//484
f 18//18 395//395 667//667
f 196//196 32//32 693//693
f 55//55 598//598 397//397
f 397//397 598//598 396//396
f 174//174 55//55 398//398
f 398//398 55//55 397//397
f 17//17 174//174 399//399
f 399//399 174//174 398//398
f 639//639 17//17 400//400
f 400//400 17//17 399//399
f 597//597 361//361 690//690
f 723//723 155//155 603//603
f 424//424 223//223 612//612
f 526//526 365//365 410//410
f 568//568 417//417 483//483
f 431//431 444//444 262//262
f 399//399 308//308 400//400
f 451//451 639//639 400//400
f 308//308 310//310 451//451
f 376//376 451//451 34//34
f 451//451 376//376 639//639
f 494//494 157//157 662//662
f 127//127 620//620 710//710
f 620//620 127//127 560//560
f 8//8 124//124 543//543
f 62//62 477//477 139//139
f 395//395 720//720 667//667
f 601//601 57//57 269//269
f 157//157 405//405 662//662
f 405//405 406//406 717//717
f 117//117 409//409 412//412
f 743//743 545//545 530//530
f 678//678 290//290 351//351
f 529//529 336//336 404//404
f 406//406 405//405 127//127
f 117//117 725//725 409//409
f 261//261 406//406 112//112
f 525//525 407//407 22//22
f 174//174 17//17 393//393
f 257//257 411//411 502//502
f 393//393 17//17 394//394
f 257//257 221//221 411//411
f 725//725 117//117 717//717
f 709//709 409//409 725//725
f 20//20 410//410 30//30
f 261//261 717//717 406//406
f 725//725 717//717 156//156
f 119//119 344//344 626//626
f 16//16 747//747 673//673
f 704//704 258//258 381//381
f 440//440 4//4 659//659
f 413//413 416//416 709//709
f 725//725 413//413 709//709
f 287//287 462//462 178//178
f 554//554 309//309 747//747
f 441//441 493//493 418//418
f 56//56 233//233 749//749
f 338//338 650//650 330//330
f 454//454 502//502 420//420
f 416//416 413//413 441//441
f 694//694 123//123 459//459
f 69//69 283//283 716//716
f 548//548 456//456 452//452
f 330//330 671//671 272//272
f 181//181 184//184 298//298
f 682//682 11//11 187//187
f 483//483 521//521 427//427
f 432//432 41//41 428//428
f 613//613 428//428 41//41
f 631//631 134//134 678//678
f 395//395 18//18 562//562
f 441//441 582//582 423//423
f 388//388 293//293 743//743
f 222//222 691//691 166//166
f 688//688 81//81 547//547
f 537//537 487//487 180//180
f 386//386 113//113 468//468
f 426//426 41//41 33//33
f 33//33 41//41 432//432
f 33//33 432//432 624//624
f 428//428 429//429 692//692
f 432//432 428//428 692//692
f 46//46 430//430 638//638
f 430//430 527//527 429//429
f 638//638 430//430 423//423
f 674//674 82//82 535//535
f 380//380 534//534 351//351
f 652//652 571//571 495//495
f 199//199 29//29 552//552
f 692//692 574//574 432//432
f 429//429 527//527 692//692
f 437//437 692//692 527//527
f 713//713 246//246 659//659
f 527//527 46//46 480//480
f 49//49 210//210 455//455
f 247//247 375//375 702//702
f 215//215 36//36 530//530
f 151//151 374//374 356//356
f 624//624 637//637 40//40
f 415//415 19//19 750//750
f 72//72 637//637 533//533
f 220//220 276//276 58//58
f 696//696 58//58 387//387
f 709//709 420//420 411//411
f 99//99 78//78 633//633
f 95//95 425//425 695//695
f 86//86 744//744 227//227
f 190//190 541//541 672//672
f 374//374 341//341 464//464
f 425//425 216//216 359//359
f 286//286 186//186 115//115
f 66//66 71//71 217//217
f 592//592 103//103 720//720
f 142//142 182//182 168//168
f 10//10 250//250 739//739
f 205//205 283//283 686//686
f 480//480 46//46 743//743
f 445//445 72//72 533//533
f 598//598 55//55 391//391
f 545//545 46//46 638//638
f 668//668 380//380 621//621
f 102//102 433//433 99//99
f 469//469 28//28 686//686
f 728//728 108//108 132//132
f 577//577 97//97 353//353
f 308//308 451//451 400//400
f 310//310 308//308 309//309
f 694//694 497//497 452//452
f 564//564 501//501 596//596
f 293//293 388//388 467//467
f 492//492 270//270 453//453
f 429//429 454//454 421//421
f 428//428 454//454 429//429
f 584//584 3//3 455//455
f 98//98 599//599 658//658
f 184//184 263//263 680//680
f 184//184 408//408 298//298
f 516//516 286//286 115//115
f 127//127 710//710 406//406
f 321//321 551//551 611//611
f 319//319 611//611 320//320
f 63//63 696//696 343//343
f 97//97 474//474 649//649
f 340//340 288//288 751//751
f 577//577 353//353 701//701
f 460//460 369//369 570//570
f 379//379 460//460 512//512
f 461//461 551//551 301//301
f 233//233 672//672 45//45
f 228//228 463//463 724//724
f 520//520 170//170 705//705
f 80//80 109//109 665//665
f 117//117 412//412 662//662
f 653//653 642//642 85//85
f 186//186 474//474 115//115
f 359//359 26//26 731//731
f 262//262 732//732 216//216
f 3//3 403//403 509//509
f 524//524 602//602 248//248
f 732//732 444//444 160//160
f 191//191 691//691 91//91
f 138//138 434//434 607//607
f 333//333 607//607 434//434
f 680//680 263//263 488//488
f 62//62 264//264 689//689
f 676//676 464//464 68//68
f 652//652 376//376 34//34
f 573//573 77//77 687//687
f 726//726 66//66 225//225
f 292//292 478//478 718//718
f 219//219 478//478 519//519
f 307//307 170//170 635//635
f 578//578 75//75 217//217
f 253//253 111//111 470//470
f 410//410 657//657 30//30
f 368//368 236//236 722//722
f 95//95 216//216 425//425
f 241//241 484//484 230//230
f 481//481 425//425 648//648
f 671//671 79//79 140//140
f 263//263 385//385 488//488
f 746//746 712//712 511//511
f 362//362 489//489 664//664
f 99//99 438//438 78//78
f 172//172 273//273 591//591
f 361//361 14//14 224//224
f 51//51 103//103 630//630
f 700//700 424//424 707//707
f 651//651 156//156 261//261
f 486//486 494//494 195//195
f 373//373 495//495 571//571
f 549//549 495//495 384//384
f 206//206 496//496 586//586
f 103//103 592//592 630//630
f 276//276 472//472 540//540
f 746//746 275//275 609//609
f 362//362 497//497 605//605
f 372//372 362//362 179//179
f 669//669 727//727 1//1
f 337//337 498//498 619//619
f 218//218 579//579 597//597
f 311//311 312//312 631//631
f 355//355 261//261 112//112
f 596//596 501//501 703//703
f 743//743 749//749 480//480
f 420//420 502//502 411//411
f 228//228 207//207 226//226
f 60//60 122//122 504//504
f 377//377 504//504 122//122
f 715//715 494//494 486//486
f 289//289 58//58 696//696
f 162//162 508//508 319//319
f 538//538 749//749 233//233
f 152//152 654//654 367//367
f 216//216 26//26 359//359
f 96//96 168//168 523//523
f 751//751 360//360 552//552
f 35//35 191//191 91//91
f 556//556 208//208 137//137
f 358//358 37//37 677//677
f 193//193 643//643 516//516
f 734//734 22//22 238//238
f 323//323 517//517 563//563
f 501//501 241//241 703//703
f 564//564 259//259 501//501
f 474//474 599//599 107//107
f 73//73 699//699 716//716
f 43//43 196//196 256//256
f 195//195 329//329 646//646
f 731//731 522//522 204//204
f 510//510 522//522 731//731
f 209//209 567//567 528//528
f 546//546 567//567 209//209
f 485//485 106//106 166//166
f 73//73 524//524 457//457
f 719//719 536//536 517//517
f 430//430 46//46 527//527
f 437//437 527//527 480//480
f 95//95 477//477 213//213
f 661//661 575//575 528//528
f 576//576 711//711 369//369
f 339//339 130//130 628//628
f 208//208 101//101 473//473
f 291//291 499//499 531//531
f 180//180 708//708 537//537
f 245//245 381//381 641//641
f 470//470 119//119 562//562
f 269//269 668//668 121//121
f 249//249 132//132 108//108
f 19//19 116//116 739//739
f 105//105 478//478 335//335
f 277//277 79//79 586//586
f 93//93 476//476 688//688
f 80//80 684//684 125//125
f 386//386 223//223 424//424
f 349//349 147//147 617//617
f 405//405 117//117 662//662
f 67//67 63//63 343//343
f 463//463 546//546 209//209
f 610//610 414//414 588//588
f 340//340 36//36 215//215
f 383//383 549//549 384//384
f 394//394 549//549 383//383
f 616//616 365//365 526//526
f 296//296 357//357 153//153
f 5//5 93//93 688//688
f 621//621 121//121 668//668
f 39//39 552//552 29//29
f 213//213 345//345 608//608
f 275//275 746//746 511//511
f 285//285 507//507 149//149
f 201//201 440//440 747//747
f 84//84 555//555 500//500
f 43//43 148//148 9//9
f 636//636 284//284 583//583
f 138//138 322//322 670//670
f 536//536 475//475 100//100
f 670//670 363//363 138//138
f 355//355 651//651 261//261
f 408//408 44//44 298//298
f 157//157 715//715 560//560
f 282//282 63//63 746//746
f 259//259 564//564 519//519
f 670//670 322//322 456//456
f 6//6 315//315 713//713
f 702//702 173//173 558//558
f 135//135 741//741 678//678
f 252//252 285//285 689//689
f 578//578 568//568 483//483
f 268//268 570//570 354//354
f 507//507 506//506 67//67
f 140//140 277//277 54//54
f 2//2 374//374 464//464
f 224//224 102//102 633//633
f 437//437 574//574 692//692
f 533//533 574//574 437//437
f 701//701 575//575 661//661
f 625//625 575//575 542//542
f 88//88 155//155 245//245
f 460//460 576//576 369//369
f 474//474 97//97 171//171
f 667//667 326//326 18//18
f 218//218 690//690 75//75
f 305//305 6//6 320//320
f 700//700 113//113 386//386
f 311//311 534//534 499//499
f 581//581 666//666 295//295
f 414//414 582//582 418//418
f 582//582 638//638 423//423
f 326//326 470//470 562//562
f 326//326 51//51 630//630
f 656//656 232//232 634//634
f 186//186 286//286 561//561
f 556//556 589//589 566//566
f 611//611 551//551 320//320
f 663//663 37//37 358//358
f 278//278 536//536 202//202
f 466//466 601//601 271//271
f 38//38 699//699 342//342
f 153//153 593//593 296//296
f 24//24 594//594 235//235
f 612//612 492//492 655//655
f 583//583 267//267 401//401
f 385//385 352//352 577//577
f 325//325 54//54 596//596
f 60//60 598//598 391//391
f 396//396 598//598 390//390
f 222//222 166//166 684//684
f 551//551 321//321 301//301
f 321//321 314//314 600//600
f 589//589 271//271 601//601
f 601//601 466//466 634//634
f 744//744 602//602 524//524
f 577//577 661//661 385//385
f 303//303 181//181 168//168
f 89//89 238//238 403//403
f 362//362 605//605 489//489
f 422//422 237//237 748//748
f 544//544 331//331 392//392
f 283//283 205//205 468//468
f 744//744 73//73 113//113
f 587//587 540//540 472//472
f 478//478 219//219 335//335
f 292//292 718//718 679//679
f 742//742 513//513 697//697
f 439//439 505//505 123//123
f 584//584 89//89 403//403
f 302//302 176//176 251//251
f 328//328 619//619 338//338
f 450//450 560//560 553//553
f 447//447 402//402 446//446
f 237//237 422//422 697//697
f 574//574 624//624 432//432
f 637//637 624//624 574//574
f 52//52 242//242 192//192
f 344//344 487//487 449//449
f 317//317 114//114 707//707
f 580//580 627//627 658//658
f 94//94 632//632 297//297
f 137//137 208//208 515//515
f 37//37 663//663 481//481
f 128//128 367//367 681//681
f 333//333 434//434 632//632
f 295//295 632//632 514//514
f 83//83 102//102 224//224
f 389//389 593//593 548//548
f 732//732 262//262 444//444
f 167//167 1//1 539//539
f 533//533 637//637 574//574
f 19//19 739//739 750//750
f 315//315 153//153 640//640
f 720//720 103//103 667//667
f 740//740 465//465 188//188
f 449//449 644//644 304//304
f 537//537 175//175 644//644
f 169//169 275//275 511//511
f 172//172 646//646 329//329
f 507//507 87//87 746//746
f 632//632 94//94 333//333
f 543//543 151//151 356//356
f 738//738 136//136 609//609
f 23//23 609//609 169//169
f 689//689 264//264 252//252
f 564//564 277//277 519//519
f 321//321 266//266 301//301
f 644//644 16//16 673//673
f 476//476 81//81 688//688
f 752//752 656//656 737//737
f 151//151 299//299 374//374
f 50//50 558//558 366//366
f 149//149 657//657 629//629
f 98//98 658//658 109//109
f 324//324 246//246 640//640
f 161//161 87//87 698//698
f 532//532 541//541 660//660
f 680//680 408//408 184//184
f 575//575 701//701 542//542
f 244//244 316//316 669//669
f 179//179 585//585 735//735
f 48//48 665//665 47//47
f 297//297 666//666 569//569
f 632//632 666//666 297//297
f 264//264 139//139 104//104
f 318//318 158//158 645//645
f 541//541 687//687 660//660
f 538//538 233//233 446//446
f 593//593 389//389 296//296
f 471//471 505//505 535//535
f 671//671 330//330 650//650
f 596//596 240//240 325//325
f 206//206 79//79 590//590
f 306//306 673//673 308//308
f 654//654 288//288 340//340
f 425//425 359//359 648//648
f 260//260 515//515 436//436
f 365//365 629//629 410//410
f 80//80 665//665 8//8
f 358//358 677//677 242//242
f 631//631 351//351 311//311
f 366//366 290//290 50//50
f 316//316 244//244 89//89
f 458//458 129//129 189//189
f 44//44 185//185 92//92
f 683//683 401//401 512//512
f 494//494 329//329 195//195
f 123//123 607//607 439//439
f 668//668 269//269 57//57
f 262//262 608//608 431//431
f 665//665 110//110 47//47
f 302//302 111//111 253//253
f 79//79 671//671 590//590
f 274//274 523//523 298//298
f 717//717 117//117 405//405
f 746//746 67//67 506//506
f 226//226 703//703 228//228
f 596//596 703//703 226//226
f 335//335 21//21 628//628
f 314//314 563//563 745//745
f 542//542 52//52 625//625
f 351//351 631//631 678//678
f 475//475 708//708 100//100
f 436//436 705//705 260//260
f 391//391 711//711 576//576
f 450//450 229//229 620//620
f 329//329 494//494 662//662
f 6//6 514//514 315//315
f 286//286 615//615 282//282
f 657//657 410//410 629//629
f 4//4 154//154 595//595
f 23//23 279//279 738//738
f 3//3 49//49 455//455
f 49//49 721//721 47//47
f 722//722 565//565 679//679
f 659//659 162//162 319//319
f 5//5 238//238 22//22
f 671//671 140//140 272//272
f 225//225 78//78 726//726
f 464//464 341//341 553//553
f 100//100 180//180 202//202
f 63//63 67//67 746//746
f 657//657 729//729 13//13
f 693//693 729//729 149//149
f 212//212 730//730 680//680
f 557//557 359//359 731//731
f 477//477 95//95 139//139
f 447//447 532//532 197//197
f 63//63 133//133 696//696
f 465//465 735//735 585//585
f 424//424 612//612 655//655
f 654//654 215//215 681//681
f 283//283 468//468 716//716
f 316//316 584//584 727//727
f 751//751 288//288 360//360
f 600//600 745//745 291//291
