#  wavefront obj file written by the visualization toolkit

mtllib leftkidney.mtl

v 257.2149963378906 252.24200439453125 297.3999938964844
v 258.7569885253906 253.5989990234375 296.7749938964844
v 258.9930114746094 252.4010009765625 299.09600830078125
v 255.86300659179688 253.45199584960938 295.8580017089844
v 254.20899963378906 257.5690002441406 241.5019989013672
v 256.22900390625 258.5299987792969 241.093994140625
v 254.9459991455078 258.5580139160156 244.64700317382812
v 255.64199829101562 257.3389892578125 239.2969970703125
v 251.35000610351562 240.8040008544922 232.45199584960938
v 252.16600036621094 240.53399658203125 232.36399841308594
v 252.01100158691406 241.7760009765625 232.07000732421875
v 251.76800537109375 239.58900451660156 233.16000366210938
v 255.86099243164062 276.9100036621094 274.39599609375
v 258.9309997558594 276.27801513671875 270.93701171875
v 260.62701416015625 277.9830017089844 273.61199951171875
v 253.1300048828125 274.3699951171875 271.49700927734375
v 252.0290069580078 257.2919921875 314.4599914550781
v 252.21800231933594 257.85699462890625 314.91900634765625
v 251.39599609375 257.5719909667969 315.37799072265625
v 252.7030029296875 257.6929931640625 313.9540100097656
v 250.80599975585938 240.3769989013672 233.06399536132812
v 269.6969909667969 254.2989959716797 249.18899536132812
v 271.4419860839844 254.16900634765625 251.1230010986328
v 270.40301513671875 256.68701171875 250.24400329589844
v 270.09100341796875 251.8730010986328 249.70399475097656
v 252.8040008544922 239.90199279785156 232.8939971923828
v 252.875 240.65899658203125 232.281005859375
v 256.2030029296875 263.4549865722656 310.1780090332031
v 255.87600708007812 264.2909851074219 308.3580017089844
v 254.90699768066406 263.9620056152344 309.9289855957031
v 257.16400146484375 264.03900146484375 308.60101318359375
v 248.91000366210938 249.39700317382812 262.4639892578125
v 248.6529998779297 247.35899353027344 261.2640075683594
v 246.86199951171875 247.21099853515625 264.8330078125
v 249.97500610351562 249.10000610351562 259.48699951171875
v 252.7169952392578 241.4040069580078 232.04800415039062
v 243.54200744628906 240.60000610351562 302.385986328125
v 246.05099487304688 241.56199645996094 301.52398681640625
v 242.83099365234375 241.74200439453125 300.70098876953125
v 245.10699462890625 240.4040069580078 303.84698486328125
v 253.5659942626953 240.52699279785156 232.7729949951172
v 266.4670104980469 284.4739990234375 291.5780029296875
v 268.1109924316406 283.8940124511719 288.2909851074219
v 270.593994140625 284.82501220703125 293.5610046386719
v 263.8219909667969 282.39801025390625 287.9429931640625
v 259.0589904785156 284.75799560546875 302.5660095214844
v 259.9880065917969 285.26800537109375 306.13800048828125
v 256.23699951171875 283.7510070800781 307.2869873046875
v 262.843994140625 286.1050109863281 303.32000732421875
v 250.61099243164062 241.3260040283203 232.58099365234375
v 250.17300415039062 240.9980010986328 233.1540069580078
v 250.00799560546875 241.5989990234375 233.0030059814453
v 261.99798583984375 260.9110107421875 275.2919921875
v 261.3949890136719 261.00799560546875 277.0140075683594
v 262.7229919433594 260.6449890136719 276.4259948730469
v 260.14801025390625 260.8659973144531 275.7309875488281
v 251.1909942626953 241.94700622558594 232.156005859375
v 258.1310119628906 256.60400390625 237.7740020751953
v 257.5119934082031 255.24600219726562 236.87600708007812
v 259.3089904785156 255.71099853515625 237.43600463867188
v 256.3500061035156 256.1300048828125 237.58200073242188
v 239.0919952392578 249.95700073242188 295.48199462890625
v 240.7449951171875 252.0709991455078 294.41400146484375
v 238.88400268554688 252.6009979248047 294.6730041503906
v 240.6649932861328 249.08799743652344 295.2650146484375
v 253.5070037841797 241.3489990234375 232.19200134277344
v 249.54800415039062 259.5989990234375 314.25
v 249.06500244140625 258.98199462890625 314.5469970703125
v 249.6280059814453 258.7850036621094 315.406005859375
v 248.8209991455078 259.4630126953125 312.7950134277344
v 249.99200439453125 230.9320068359375 293.27301025390625
v 248.25599670410156 231.05499267578125 291.1839904785156
v 248.36099243164062 232.54800415039062 293.5010070800781
v 249.1199951171875 229.70399475097656 290.7179870605469
v 254.35000610351562 241.38400268554688 232.6719970703125
v 253.49400329589844 248.90899658203125 233.93499755859375
v 254.58399963378906 249.43099975585938 234.0760040283203
v 253.5709991455078 250.13099670410156 234.36399841308594
v 254.0240020751953 248.01499938964844 233.593994140625
v 256.0480041503906 250.2050018310547 234.4040069580078
v 254.58700561523438 250.93699645996094 234.73399353027344
v 255.8719940185547 248.6320037841797 233.91600036621094
v 250.4510040283203 242.18699645996094 232.4770050048828
v 249.74099731445312 242.2239990234375 233.14500427246094
v 270.197998046875 234.13699340820312 262.0740051269531
v 269.51800537109375 231.7969970703125 268.739990234375
v 272.7250061035156 234.74000549316406 266.781005859375
v 267.60699462890625 232.32000732421875 262.1260070800781
v 260.8110046386719 246.96600341796875 271.4119873046875
v 259.9519958496094 247.55799865722656 269.78900146484375
v 260.8890075683594 248.78700256347656 271.08099365234375
v 260.125 245.6750030517578 271.5790100097656
v 252.32400512695312 255.73300170898438 308.83599853515625
v 251.85000610351562 256.3919982910156 310.59100341796875
v 250.55599975585938 255.63099670410156 310.4110107421875
v 253.65899658203125 256.0429992675781 309.62200927734375
v 276.85101318359375 280.260986328125 301.1679992675781
v 277.7539978027344 278.2760009765625 300.0580139160156
v 275.82598876953125 279.03399658203125 303.0530090332031
v 278.1650085449219 279.58599853515625 299.010009765625
v 234.0590057373047 259.15301513671875 300.52801513671875
v 234.44700622558594 261.9679870605469 297.7200012207031
v 235.2570037841797 262.0870056152344 303.8909912109375
v 233.802001953125 259.46600341796875 297.2359924316406
v 252.79800415039062 242.23199462890625 232.0019989013672
v 236.1959991455078 242.8179931640625 312.0769958496094
v 235.2729949951172 244.60000610351562 313.5979919433594
v 237.16700744628906 243.39199829101562 315.99200439453125
v 234.8000030517578 243.6510009765625 309.093994140625
v 270.3819885253906 249.16299438476562 249.64300537109375
v 272.010986328125 250.47999572753906 252.48300170898438
v 269.37200927734375 250.7779998779297 247.26699829101562
v 253.4969940185547 242.1790008544922 232.01400756835938
v 254.3419952392578 242.2050018310547 232.17799377441406
v 267.08599853515625 244.24200439453125 313.4440002441406
v 261.94500732421875 243.69400024414062 313.6409912109375
v 264.6549987792969 245.94900512695312 316.1080017089844
v 265.6889953613281 241.843994140625 309.6910095214844
v 280.40399169921875 268.17401123046875 271.08599853515625
v 280.0509948730469 265.72601318359375 269.8380126953125
v 281.2070007324219 265.6390075683594 271.83599853515625
v 279.20599365234375 268.8689880371094 269.8399963378906
v 255.41000366210938 242.47999572753906 232.75599670410156
v 255.13699340820312 241.63999938964844 233.1739959716797
v 247.0659942626953 242.82899475097656 289.2550048828125
v 245.56199645996094 242.4669952392578 285.0419921875
v 247.51499938964844 245.18699645996094 283.9410095214844
v 245.48800659179688 240.54100036621094 286.885986328125
v 250.40499877929688 243.031005859375 232.46400451660156
v 249.73500061035156 243.18499755859375 233.08299255371094
v 251.12399291992188 242.9550018310547 232.10699462890625
v 258.3479919433594 244.6909942626953 234
v 258.7539978027344 244.02699279785156 234.21800231933594
v 259.1809997558594 245.3280029296875 234.11900329589844
v 257.5249938964844 243.86099243164062 233.875
v 251.94000244140625 242.947998046875 232.01400756835938
v 257.45098876953125 260.5589904785156 311.7340087890625
v 257.9750061035156 261.27801513671875 310.76300048828125
v 256.6029968261719 261.7749938964844 311.70098876953125
v 258.0039978027344 260.11700439453125 311.1820068359375
v 252.73300170898438 242.98500061035156 232.0019989013672
v 253.53799438476562 242.98300170898438 232.0030059814453
v 254.2469940185547 242.87899780273438 232.0240020751953
v 255.01199340820312 243.0240020751953 232.21499633789062
v 243.46800231933594 233.72799682617188 241.8090057373047
v 244.09500122070312 234.3560028076172 240.20399475097656
v 242.51499938964844 235.2519989013672 241.16000366210938
v 245.12100219726562 233.20899963378906 241.04600524902344
v 246.0469970703125 228.52099609375 261.35400390625
v 245.14599609375 229.05799865722656 264.4639892578125
v 246.89300537109375 230.09800720214844 267.3380126953125
v 243.31100463867188 228.67599487304688 262.18499755859375
v 253.58200073242188 258.614013671875 271.8900146484375
v 253 257.25 270.8630065917969
v 252.42799377441406 258.552001953125 273.40301513671875
v 254.64300537109375 257.6549987792969 270.3919982910156
v 248.78399658203125 244.50999450683594 297.7699890136719
v 246.69700622558594 245.59800720214844 296.8009948730469
v 245.66000366210938 243.7010040283203 298.82501220703125
v 249.12100219726562 245.1699981689453 295.6960144042969
v 255.69500732421875 266.3330078125 293.7900085449219
v 255.91799926757812 266.4280090332031 297.1549987792969
v 258.0719909667969 267.18798828125 295.2950134277344
v 253.70399475097656 265.0509948730469 295.97698974609375
v 250.48699951171875 243.927001953125 232.46499633789062
v 249.89999389648438 244.06500244140625 233.072998046875
v 251.11000061035156 243.79800415039062 232.11099243164062
v 251.92599487304688 243.88099670410156 232.01100158691406
v 253.03599548339844 244.16400146484375 232.00599670410156
v 253.64100646972656 243.781005859375 232.00799560546875
v 254.656005859375 243.7310028076172 232.1060028076172
v 272.4630126953125 273.0459899902344 270.7959899902344
v 272.8380126953125 271.3219909667969 269.84698486328125
v 274.87298583984375 272.1080017089844 270.1940002441406
v 271.41900634765625 272.0480041503906 268.4230041503906
v 240.4010009765625 239.4340057373047 267.8280029296875
v 239.1300048828125 240.48699951171875 267.49200439453125
v 240.73699951171875 241.6820068359375 267.9649963378906
v 238.54600524902344 238.02699279785156 266.8949890136719
v 256.01800537109375 251.1820068359375 282.947998046875
v 257.1579895019531 249.26800537109375 281.2179870605469
v 258.3349914550781 251.3820037841797 281.885986328125
v 254.93699645996094 249.37100219726562 280.5849914550781
v 255.79200744628906 243.61900329589844 232.6719970703125
v 247.11599731445312 258.63800048828125 301.21099853515625
v 246.625 257.4530029296875 301.35198974609375
v 246.7449951171875 257.7690124511719 302.7409973144531
v 246.57000732421875 257.8169860839844 299.2950134277344
v 250.72799682617188 231.91900634765625 295.1310119628906
v 252.88999938964844 229.7220001220703 292.6099853515625
v 259.9259948730469 269.614990234375 302.93701171875
v 261.1629943847656 269.4639892578125 303.6470031738281
v 261.0220031738281 270.0780029296875 302.843994140625
v 259.7820129394531 268.5589904785156 303.9209899902344
v 250.89599609375 245.11700439453125 232.70799255371094
v 238.73300170898438 266.02801513671875 280.0780029296875
v 240.78799438476562 268.6780090332031 279.5950012207031
v 240.01699829101562 269.04901123046875 284.16400146484375
v 239.32200622558594 266.04998779296875 277.2460021972656
v 251.22799682617188 244.625 232.1750030517578
v 251.8249969482422 244.593994140625 232.02999877929688
v 252.70599365234375 245.05099487304688 232.03500366210938
v 251.9530029296875 239.1009979248047 264.74700927734375
v 252.8820037841797 238.9600067138672 262.5989990234375
v 253.73899841308594 239.74400329589844 264.08099365234375
v 251.17999267578125 238.3489990234375 263.114013671875
v 268.8070068359375 229.90499877929688 276.7340087890625
v 262.37200927734375 227.46800231933594 278.6549987792969
v 266.21099853515625 229.36099243164062 282.5050048828125
v 265.30999755859375 228.843994140625 272.4049987792969
v 261.6029968261719 252.2239990234375 236.78799438476562
v 262.7359924316406 253.7169952392578 237.7899932861328
v 260.8280029296875 254.34300231933594 237.30299377441406
v 263.08099365234375 251.57899475097656 237.34100341796875
v 254.56500244140625 244.8719940185547 232.22300720214844
v 276.24700927734375 257.4670104980469 315.2669982910156
v 277.11199951171875 254.69200134277344 315.1029968261719
v 275.15301513671875 255.7469940185547 316.86700439453125
v 277.9129943847656 256.635986328125 313.5870056152344
v 258.239013671875 262.6499938964844 281.33099365234375
v 258.1289978027344 262.0589904785156 279.47698974609375
v 257.16900634765625 262.49700927734375 280.27398681640625
v 259.2019958496094 262.0260009765625 280.5140075683594
v 255.552001953125 244.54200744628906 232.50900268554688
v 250.06100463867188 261.760986328125 306.9049987792969
v 250.9949951171875 263.56201171875 306.885986328125
v 251.37899780273438 263.4219970703125 304.89300537109375
v 250.29100036621094 262.6600036621094 308.38299560546875
v 256.0799865722656 245.55799865722656 233.0919952392578
v 239.1820068359375 262.2659912109375 286.4630126953125
v 238.6699981689453 264.89599609375 283.04901123046875
v 238.58700561523438 265.1809997558594 287.39801025390625
v 239.75799560546875 260.5849914550781 282.97900390625
v 253.5399932861328 282.2309875488281 309.5509948730469
v 256.20098876953125 283.4169921875 312.10198974609375
v 253.9980010986328 282.3800048828125 305.66400146484375
v 256.68798828125 244.50799560546875 233.36900329589844
v 254.6540069580078 252.0070037841797 299.2690124511719
v 254.25 252.56500244140625 296.65899658203125
v 255.83599853515625 252.08700561523438 297.6300048828125
v 253.23399353027344 253.25100708007812 295.6440124511719
v 265.5780029296875 229.9239959716797 286.6369934082031
v 264.51800537109375 231.2949981689453 291.61700439453125
v 268.9570007324219 233.21099853515625 291.4070129394531
v 260.885986328125 229.23599243164062 289.2340087890625
v 264.2040100097656 258.1109924316406 276.43798828125
v 264.0299987792969 257.57598876953125 274.5840148925781
v 264.2070007324219 258.8609924316406 275.4700012207031
v 263.5899963378906 256.68499755859375 275.72100830078125
v 248.88600158691406 243.63900756835938 233.71099853515625
v 248.68699645996094 242.25599670410156 233.75599670410156
v 247.927001953125 242.9530029296875 233.96499633789062
v 252.77200317382812 240.2729949951172 266.25
v 253.84100341796875 244.96499633789062 254.13499450683594
v 252.86700439453125 245.26300048828125 253.83999633789062
v 253.6300048828125 245.97500610351562 254.14199829101562
v 253.19700622558594 244.01199340820312 253.24899291992188
v 252.11199951171875 245.57000732421875 232.21099853515625
v 277.58599853515625 281.281005859375 288.21099853515625
v 279.7340087890625 278.7919921875 285.50299072265625
v 280.2200012207031 279.1099853515625 289.7659912109375
v 277.6400146484375 279.31201171875 282.677001953125
v 280.46099853515625 247.29800415039062 303.1839904785156
v 278.6199951171875 243.4929962158203 297.98199462890625
v 277.4289855957031 244.88099670410156 304.1319885253906
v 281.4939880371094 247.05299377441406 298.2590026855469
v 247.718994140625 252.93499755859375 306.5989990234375
v 248.82899475097656 252.83299255371094 307.5880126953125
v 247.93499755859375 253.12399291992188 308.7550048828125
v 249.22799682617188 252.82699584960938 305.30999755859375
v 237.48699951171875 234.2030029296875 255.00999450683594
v 239.0469970703125 232.69700622558594 252.2519989013672
v 237.63999938964844 235.19200134277344 252.52499389648438
v 238.9600067138672 231.69700622558594 255.38999938964844
v 247.06300354003906 253.4980010986328 305.9949951171875
v 247.73800659179688 253.35499572753906 303.6390075683594
v 246.9980010986328 253.23500061035156 307.7349853515625
v 243.781005859375 233.05599975585938 268.29400634765625
v 242.0590057373047 234.51699829101562 268.0570068359375
v 244.37600708007812 235.31199645996094 268.89599609375
v 241.40499877929688 232.17300415039062 267.4309997558594
v 253.8090057373047 245.63699340820312 232.197998046875
v 247.09300231933594 232.91900634765625 291.0400085449219
v 247.1540069580078 230.96600341796875 288.1990051269531
v 257.9909973144531 267.5880126953125 303.22900390625
v 256.3479919433594 266.6839904785156 301.927001953125
v 257.2130126953125 266.5740051269531 304.72601318359375
v 257.76800537109375 267.74700927734375 301.57000732421875
v 257.1310119628906 248.5800018310547 261.1600036621094
v 256.8269958496094 248.63900756835938 258.9309997558594
v 256.92999267578125 249.56100463867188 260.093994140625
v 256.9179992675781 247.29100036621094 259.9119873046875
v 238.07899475097656 257.4859924316406 323.25201416015625
v 239.42799377441406 259.8380126953125 324.36700439453125
v 238.8719940185547 256.7430114746094 324.7669982910156
v 238.57000732421875 261.6919860839844 321.1050109863281
v 255.53599548339844 257.2250061035156 269.64300537109375
v 256.4960021972656 257.95098876953125 270.9880065917969
v 253.96600341796875 256.9620056152344 269.4129943847656
v 255.0590057373047 246.2570037841797 232.8350067138672
v 245.43600463867188 273.2430114746094 320.4530029296875
v 244.35899353027344 274.04998779296875 317.125
v 247.25100708007812 275.6619873046875 317.968994140625
v 242.05599975585938 271.5880126953125 317.46099853515625
v 253.7469940185547 241.54100036621094 254.3350067138672
v 254.07400512695312 242.25900268554688 253.9929962158203
v 254.51400756835938 241.72500610351562 255.2010040283203
v 253.28799438476562 242.16400146484375 253.2550048828125
v 263.7239990234375 259.4460144042969 242.32400512695312
v 263.947998046875 259.55499267578125 243.7570037841797
v 262.4570007324219 260.2430114746094 243.56100463867188
v 265.2309875488281 258.52301025390625 242.8260040283203
v 276.1239929199219 243.29400634765625 263.3559875488281
v 276.92999267578125 241.5240020751953 265.6610107421875
v 278.2200012207031 243.50399780273438 266.8240051269531
v 274.9079895019531 240.24600219726562 262.9880065917969
v 248.43800354003906 264.02099609375 327.3330078125
v 252.0019989013672 265.9960021972656 326.0639953613281
v 252.49000549316406 261.59100341796875 326.9230041503906
v 248.60800170898438 267.6289978027344 326.18701171875
v 275.4330139160156 238.4669952392578 265.84698486328125
v 277.85101318359375 240.65899658203125 268.0069885253906
v 272.9490051269531 232.91799926757812 272.95001220703125
v 272.4909973144531 232.73300170898438 281.2439880371094
v 237.64500427246094 259.6719970703125 321.03900146484375
v 236.5469970703125 259.40899658203125 318.0830078125
v 237.1750030517578 262.4840087890625 315.7760009765625
v 237.20399475097656 256.64801025390625 321.4779968261719
v 250.2790069580078 253.36199951171875 307.1159973144531
v 250.92799377441406 253.1020050048828 305.0069885253906
v 234.71499633789062 258.4150085449219 295.16400146484375
v 237.20700073242188 258.9410095214844 293.3290100097656
v 236.2259979248047 259.8580017089844 293.81500244140625
v 236.24400329589844 257.1700134277344 294.1499938964844
v 246.61099243164062 238.76499938964844 274.87200927734375
v 246.38699340820312 237.9929962158203 269.9020080566406
v 247.29200744628906 239.3800048828125 269.3940124511719
v 246.32200622558594 235.69500732421875 271.9670104980469
v 263.8429870605469 281.9620056152344 314.760986328125
v 261.22198486328125 282.4079895019531 315.25299072265625
v 262.41900634765625 283.5639953613281 313.1780090332031
v 261.885009765625 280.36199951171875 316.49798583984375
v 262.9549865722656 259.31298828125 279.2799987792969
v 262.5190124511719 258.02301025390625 279.8659973144531
v 263.6659851074219 258.7560119628906 278.1809997558594
v 262.0509948730469 258.9540100097656 280.7539978027344
v 283.1059875488281 259.4179992675781 290.37298583984375
v 282.8160095214844 259.0780029296875 298.4020080566406
v 282.4259948730469 262.4830017089844 295.4330139160156
v 283.4909973144531 254.73199462890625 294.489990234375
v 240.0540008544922 232.8179931640625 249.31399536132812
v 238.48500061035156 234.6230010986328 250.343994140625
v 239.07200622558594 235.52000427246094 248.1699981689453
v 253.125 246.35499572753906 232.36099243164062
v 261.3840026855469 270.8789978027344 300.95599365234375
v 260.62200927734375 270.83599853515625 300.739013671875
v 260.9739990234375 270.52899169921875 301.8139953613281
v 261.0929870605469 271.2300109863281 299.6400146484375
v 256.97601318359375 282.6080017089844 296.33599853515625
v 258.9750061035156 284.2170104980469 299.20098876953125
v 256.1080017089844 282.9670104980469 300.82501220703125
v 262.1830139160156 284.00201416015625 294.2309875488281
v 262.927001953125 255.84100341796875 275.1659851074219
v 262.5060119628906 256.281005859375 272.99200439453125
v 263.4289855957031 256.60198974609375 273.5799865722656
v 262.12799072265625 255.2220001220703 273.9020080566406
v 242.5850067138672 236.61300659179688 268.0469970703125
v 240.53399658203125 235.8260040283203 267.9460144042969
v 241.67799377441406 238.156005859375 267.9280090332031
v 255.10299682617188 254.947998046875 236.84500122070312
v 254.45599365234375 253.4770050048828 236.09800720214844
v 256.1189880371094 254.39999389648438 236.36399841308594
v 253.60000610351562 254.37399291992188 237.1020050048828
v 275.1730041503906 280.9949951171875 303.239013671875
v 275.4179992675781 282.3890075683594 301.2879943847656
v 234.86300659179688 255.58200073242188 295.6189880371094
v 247.68600463867188 257.4859924316406 311.875
v 247.10699462890625 256.7340087890625 311.62298583984375
v 247.86399841308594 256.68798828125 312.260009765625
v 247.07200622558594 257.3380126953125 310.6340026855469
v 266.02801513671875 278.4339904785156 273.7449951171875
v 270.5610046386719 278.0820007324219 274.8710021972656
v 267.7879943847656 280.2460021972656 278.50799560546875
v 267.9800109863281 276.8500061035156 271.4549865722656
v 263.1619873046875 247.18499755859375 281.44500732421875
v 263.52301025390625 247.2779998779297 279.4360046386719
v 263.58099365234375 247.9290008544922 280.7439880371094
v 262.8550109863281 246.62899780273438 280.5979919433594
v 262.8450012207031 256.0119934082031 304.8240051269531
v 263.3009948730469 256.9630126953125 304.3909912109375
v 261.49200439453125 257.4800109863281 305.7149963378906
v 264.0610046386719 255.81399536132812 303.2349853515625
v 253.1649932861328 263.87799072265625 300.260009765625
v 254.16000366210938 264.24200439453125 303.67401123046875
v 255.26199340820312 265.3219909667969 300.1319885253906
v 252.57200622558594 263.8039855957031 303.9630126953125
v 243.33700561523438 229.6280059814453 265.16900634765625
v 241.36900329589844 229.52999877929688 263.4859924316406
v 248.21800231933594 257.85101318359375 312.6910095214844
v 248.7310028076172 256.635986328125 312.9859924316406
v 248.79400634765625 257.6180114746094 314.0409851074219
v 243.33799743652344 240.46600341796875 237.43299865722656
v 243.9669952392578 240.77000427246094 236.4709930419922
v 243.88800048828125 242.31900024414062 237.44500732421875
v 243.6510009765625 239.36399841308594 236.90199279785156
v 252.18099975585938 246.64199829101562 232.89199829101562
v 265.09100341796875 284.8900146484375 311.26300048828125
v 265.1419982910156 285.5570068359375 310.0929870605469
v 266.82598876953125 284.697998046875 310.2959899902344
v 263.2909851074219 285.3840026855469 309.97698974609375
v 251.91700744628906 250.99200439453125 235.69900512695312
v 252.1820068359375 250.08900451660156 234.9980010986328
v 253.50999450683594 251.64999389648438 235.33799743652344
v 249.9029998779297 249.33099365234375 236.0679931640625
v 274.9360046386719 274.8760070800781 272.3819885253906
v 271.7980041503906 275.97900390625 272.90399169921875
v 256.9280090332031 261.9840087890625 279
v 255.55499267578125 262.3609924316406 280.843994140625
v 255.281005859375 261.8080139160156 278.6659851074219
v 252.4340057373047 271.84600830078125 267.5669860839844
v 257.8680114746094 273.8030090332031 267.072998046875
v 248.3699951171875 271.2659912109375 269.9800109863281
v 254.00599670410156 246.91600036621094 232.8090057373047
v 264.2070007324219 257.5450134277344 303.156005859375
v 264.77301025390625 256.4309997558594 302.0539855957031
v 255.36399841308594 247.406005859375 233.47300720214844
v 250.0780029296875 261.2430114746094 302.4389953613281
v 250.34500122070312 262.10699462890625 304.64898681640625
v 251.74899291992188 263.0119934082031 302.53900146484375
v 249.22999572753906 260.0719909667969 306.364013671875
v 259.6050109863281 261.3370056152344 277.65399169921875
v 259.7279968261719 261.71099853515625 279.6050109863281
v 260.9840087890625 261.0899963378906 278.85198974609375
v 259.010986328125 261.6860046386719 278.6109924316406
v 244.92300415039062 274.8890075683594 312.0260009765625
v 257.2019958496094 244.3159942626953 263.39801025390625
v 257.3689880371094 246.5489959716797 261.97100830078125
v 258.0159912109375 247.1199951171875 264.6260070800781
v 256.739990234375 243.697998046875 261.3789978027344
v 253.16400146484375 247.27200317382812 233.0229949951172
v 259.15899658203125 260.4700012207031 289.5199890136719
v 260.6600036621094 259.82000732421875 292.0880126953125
v 257.2030029296875 258.0740051269531 291.63800048828125
v 260.79998779296875 261.3909912109375 289.4530029296875
v 248.58399963378906 240.42599487304688 294.4289855957031
v 247.33099365234375 240.72799682617188 291.50299072265625
v 249.38099670410156 243.0019989013672 295.22900390625
v 247.33999633789062 237.77699279785156 292.4630126953125
v 263.10198974609375 260.8190002441406 293.6679992675781
v 262.1099853515625 261.3479919433594 291.39599609375
v 261.9679870605469 258.1940002441406 294.4049987792969
v 262.3890075683594 264.93499755859375 290.70098876953125
v 261.5799865722656 265.4880065917969 291.3330078125
v 262.3370056152344 265.9150085449219 291.9020080566406
v 261.5719909667969 264.3970031738281 290.197998046875
v 253.1540069580078 243.0659942626953 252.67999267578125
v 253.80599975585938 243.1179962158203 253.3769989013672
v 252.41700744628906 243.21800231933594 252.7010040283203
v 249.08700561523438 258.1570129394531 314.9020080566406
v 249.53799438476562 257.8320007324219 315.427001953125
v 263.5870056152344 257.74798583984375 273.13800048828125
v 262.7409973144531 258.36199951171875 272.3399963378906
v 263.5679931640625 259.0320129394531 273.5589904785156
v 262.7869873046875 257.2919921875 272.4150085449219
v 249.0760040283203 236.97500610351562 235.00999450683594
v 248.45199584960938 238.06100463867188 234.43899536132812
v 247.89599609375 237.08999633789062 235.1439971923828
v 249.56199645996094 237.5709991455078 234.45399475097656
v 250.3939971923828 227.6580047607422 286.4129943847656
v 249.6479949951172 228.5780029296875 289.3489990234375
v 251.77499389648438 228.09100341796875 289.06201171875
v 248.8249969482422 228.45799255371094 286.9049987792969
v 249.99899291992188 237.03599548339844 234.89300537109375
v 250.4980010986328 237.81500244140625 234.30499267578125
v 250.72999572753906 236.88299560546875 235.0260009765625
v 251.33299255371094 237.43600463867188 234.47900390625
v 251.78599548339844 236.6510009765625 235.16000366210938
v 252.10400390625 237.52499389648438 234.4149932861328
v 273.69000244140625 283.3190002441406 303.32000732421875
v 269.68499755859375 241.21400451660156 248.4600067138672
v 269.6929931640625 237.71499633789062 251.90199279785156
v 272.1499938964844 242.3560028076172 253.09500122070312
v 267.1000061035156 237.56900024414062 247.0760040283203
v 257.7969970703125 243.78700256347656 272.7139892578125
v 257.3479919433594 244.01300048828125 270.1789855957031
v 259.08099365234375 244.71600341796875 270.7560119628906
v 256.0260009765625 244.11700439453125 272.1289978027344
v 239.70899963378906 259.2900085449219 291.16900634765625
v 240.91600036621094 259.9670104980469 287.2860107421875
v 239.4320068359375 260.6579895019531 289.5989990234375
v 242.13099670410156 259.2300109863281 289.9580078125
v 277.1969909667969 246.2899932861328 307.6440124511719
v 261.0979919433594 255.64999389648438 305.4169921875
v 262.05499267578125 254.32699584960938 303.7550048828125
v 263.0260009765625 254.96800231933594 304.1789855957031
v 260.0090026855469 254.42300415039062 304.39801025390625
v 247.73199462890625 252.44000244140625 270.8479919433594
v 244.30799865722656 251.56100463867188 270.0589904785156
v 246.4810028076172 252.90699768066406 272.6650085449219
v 246.01199340820312 250.24200439453125 268.37200927734375
v 250.23500061035156 256.4280090332031 244.2989959716797
v 251.18099975585938 255.5760040283203 241.322998046875
v 252.6439971923828 257.5669860839844 243.843994140625
v 248.156005859375 253.37399291992188 242.2449951171875
v 270.1730041503906 255.375 319.739013671875
v 267.62298583984375 253.24200439453125 320.52301025390625
v 267.07000732421875 256.3710021972656 321.0159912109375
v 270.0459899902344 252.51499938964844 319.3890075683594
v 237.97300720214844 236.26400756835938 266.6719970703125
v 239.4250030517578 237.1820068359375 267.6050109863281
v 237.28900146484375 236.0850067138672 265.2539978027344
v 265.7090148925781 255.031005859375 240.0449981689453
v 266.427001953125 256.1109924316406 241.197998046875
v 264.6419982910156 256.2909851074219 239.93699645996094
v 267.03399658203125 254.50799560546875 241.08299255371094
v 258.427001953125 262.62701416015625 283.364990234375
v 256.8030090332031 263.0639953613281 282.1310119628906
v 259.2120056152344 262.1780090332031 282.0889892578125
v 249.68299865722656 238.74200439453125 234.03500366210938
v 256.7619934082031 245.38299560546875 260.15899658203125
v 256.2900085449219 243.552001953125 259.3370056152344
v 264.98699951171875 265.3760070800781 292.6990051269531
v 265.4490051269531 264.7300109863281 293.6099853515625
v 265.5610046386719 264.7179870605469 292.6050109863281
v 264.7359924316406 265.4049987792969 294.5140075683594
v 272.02801513671875 250.32899475097656 317.59600830078125
v 269.7799987792969 249.5570068359375 318.0719909667969
v 272.17401123046875 252.24899291992188 318.4389953613281
v 270.10101318359375 248.36700439453125 317.010009765625
v 255.54100036621094 262.781005859375 283.9070129394531
v 254.0229949951172 261.7569885253906 283.7539978027344
v 254.88099670410156 262.5740051269531 286.3699951171875
v 251.64599609375 238.28599548339844 233.97000122070312
v 257.20599365234375 263.01800537109375 284.3949890136719
v 245.42599487304688 236.0469970703125 286.8760070800781
v 245.98199462890625 238.09100341796875 289.0570068359375
v 246.1199951171875 233.79400634765625 288.80499267578125
v 244.9530029296875 239.61599731445312 284.93798828125
v 267.82598876953125 260.1050109863281 319.2030029296875
v 270.8529968261719 258.8919982910156 318.5039978027344
v 270.8169860839844 261.63299560546875 316.7200012207031
v 236.6439971923828 237.281005859375 263.6960144042969
v 236.28900146484375 236.49099731445312 261.1570129394531
v 236.1840057373047 238.70700073242188 262.302001953125
v 236.83200073242188 234.83099365234375 263.0459899902344
v 252.8820037841797 237.12100219726562 234.88400268554688
v 252.76800537109375 238.11599731445312 234.16000366210938
v 261.72601318359375 257.4049987792969 272.0320129394531
v 253.99000549316406 237.7969970703125 234.86199951171875
v 258.24200439453125 243.51100158691406 274.4949951171875
v 259.3330078125 243.4199981689453 275.7130126953125
v 258.0090026855469 243.79400634765625 277.0469970703125
v 259.4119873046875 243.718994140625 272.6969909667969
v 243.31100463867188 240.61000061035156 314.0509948730469
v 242.8820037841797 242.0500030517578 317.6520080566406
v 245.57699584960938 241.87100219726562 316.7929992675781
v 241.14300537109375 241.3979949951172 315.9049987792969
v 248.44500732421875 274.69500732421875 321.73199462890625
v 249.74099731445312 275.989990234375 321.1340026855469
v 260.4939880371094 243.86000061035156 275.93701171875
v 259.2929992675781 243.86599731445312 277.66900634765625
v 260.1679992675781 244.1179962158203 273.5799865722656
v 242.781005859375 242.60000610351562 267.7019958496094
v 242.3209991455078 240.52999877929688 267.83099365234375
v 243.927001953125 241.5449981689453 266.6619873046875
v 245.25999450683594 257.989990234375 295.77398681640625
v 243.19200134277344 257.5 294.7860107421875
v 243.57699584960938 255.0260009765625 295.6730041503906
v 243.6580047607422 258.7929992675781 292.86199951171875
v 241.61599731445312 256.6419982910156 328.18499755859375
v 241.18600463867188 258.5849914550781 327.45098876953125
v 242.90899658203125 258.2619934082031 329.3240051269531
v 239.8699951171875 256.56500244140625 326.39599609375
v 274.3479919433594 257.8680114746094 316.8580017089844
v 272.4859924316406 257.4530029296875 318.2049865722656
v 273.135009765625 259.6830139160156 316.65899658203125
v 272.5639953613281 255.42799377441406 318.75799560546875
v 247.1959991455078 239.25100708007812 234.34100341796875
v 246.8820037841797 238.02699279785156 234.9949951171875
v 245.6219940185547 239.4040069580078 235.0489959716797
v 258.62298583984375 252.76600646972656 283.0509948730469
v 260.3890075683594 253.00100708007812 279.760986328125
v 241.406005859375 271.64898681640625 288.13299560546875
v 239.052001953125 268.3280029296875 287.39898681640625
v 242.4709930419922 271.54998779296875 282.7900085449219
v 268.0480041503906 271.8210144042969 260.7349853515625
v 269.0199890136719 272.34698486328125 263.1919860839844
v 266.7690124511719 273.6619873046875 264.260986328125
v 270.52099609375 270.5639953613281 261.5409851074219
v 262.2820129394531 264.75 305.8630065917969
v 261.92401123046875 263.0090026855469 306.2099914550781
v 262.6409912109375 263.97198486328125 304.6709899902344
v 261.4079895019531 264.09100341796875 307.3399963378906
v 267.260986328125 256.69000244140625 242.58700561523438
v 266.2690124511719 257.343994140625 242.0989990234375
v 267.9739990234375 255.41099548339844 242.60400390625
v 276.281005859375 283.0190124511719 292.6369934082031
v 278.12799072265625 281.5929870605469 292.4570007324219
v 276.7770080566406 282.635986328125 295.86199951171875
v 255.14199829101562 245.4149932861328 273.4010009765625
v 256.56500244140625 244.2760009765625 275.0710144042969
v 255.61599731445312 246.2530059814453 277.1029968261719
v 250.46499633789062 246.76499938964844 275.1080017089844
v 252.61700439453125 247.6739959716797 276.20098876953125
v 250.53500366210938 247.58900451660156 277.3080139160156
v 252.29400634765625 246.94000244140625 273.593994140625
v 269.0090026855469 261.1730041503906 251.0030059814453
v 269.5350036621094 263.2300109863281 252.77099609375
v 266.7929992675781 262.2909851074219 251.4029998779297
v 271.760986328125 261.71600341796875 252.60899353027344
v 245.34800720214844 271.42498779296875 322.76800537109375
v 247.3419952392578 273.2720031738281 322.260986328125
v 243.36399841308594 269.68701171875 322.5249938964844
v 263.36199951171875 241.1840057373047 240.98199462890625
v 265.9830017089844 240.2570037841797 244.11000061035156
v 266.54998779296875 243.4429931640625 242.968994140625
v 261.9519958496094 237.94200134277344 242.10400390625
v 250.49600219726562 256.3399963378906 312.6499938964844
v 252.52200317382812 248.4949951171875 278.34100341796875
v 250.93800354003906 248.1490020751953 279.8039855957031
v 251.7030029296875 263.3139953613281 292.90899658203125
v 251.2570037841797 261.30499267578125 289.4020080566406
v 248.77000427246094 261.10400390625 293.9939880371094
v 252.64300537109375 262.2820129394531 288.7969970703125
v 248.16400146484375 258.8949890136719 306.08099365234375
v 247.2259979248047 258.60699462890625 303.4070129394531
v 247.26800537109375 258.0090026855469 306.4360046386719
v 248.1580047607422 259.4259948730469 303.39599609375
v 250.7830047607422 239.15499877929688 233.7169952392578
v 262.93701171875 261.0419921875 321.3299865722656
v 267.3599853515625 263.77398681640625 317.1759948730469
v 263.0509948730469 257.7590026855469 322.52099609375
v 245.81900024414062 233.0260009765625 270.2070007324219
v 246.9600067138672 231.83299255371094 273.1659851074219
v 252.69000244140625 239.02999877929688 233.63800048828125
v 277.3349914550781 270.364013671875 269.6189880371094
v 278.49798583984375 270.96600341796875 270.3139953613281
v 277.5740051269531 272.12200927734375 270.5429992675781
v 253.59300231933594 238.90199279785156 234.01400756835938
v 240.6320037841797 255.29800415039062 327.2569885253906
v 243.04200744628906 254.91700744628906 328.5220031738281
v 254.77000427246094 238.9810028076172 234.5260009765625
v 279.2049865722656 266.8219909667969 299.781005859375
v 277.57598876953125 266.1570129394531 304.0690002441406
v 275.9849853515625 268.5190124511719 303.48699951171875
v 281.1570129394531 263.2829895019531 300.7659912109375
v 258.2200012207031 262.4830017089844 284.9840087890625
v 259.7699890136719 249.41799926757812 282.26300048828125
v 260.6650085449219 247.54400634765625 283.1809997558594
v 261.22900390625 248.53500366210938 283.6650085449219
v 259.0530090332031 247.92599487304688 281.9630126953125
v 259.46099853515625 246.22500610351562 281.5270080566406
v 260.5570068359375 245.9040069580078 280.7909851074219
v 260.52301025390625 246.38699340820312 281.9620056152344
v 259.1910095214844 245.322998046875 280.25201416015625
v 249.01600646972656 253.4530029296875 298.5920104980469
v 251.5749969482422 252.58700561523438 299.96600341796875
v 248.77200317382812 253.23399353027344 301.135986328125
v 249.5330047607422 253.2989959716797 296.0950012207031
v 259.447998046875 258.55499267578125 272.46099853515625
v 260.91900634765625 259.2239990234375 272.3800048828125
v 261.10198974609375 258.7409973144531 272.09100341796875
v 259.8919982910156 259.6700134277344 273.65399169921875
v 244.4239959716797 245.45599365234375 322.3659973144531
v 241.51499938964844 246.23599243164062 322.447998046875
v 242.69900512695312 247.7949981689453 323.9330139160156
v 241.14300537109375 244.4459991455078 320.4779968261719
v 253.38800048828125 239.66299438476562 258.5199890136719
v 254.031005859375 240.38400268554688 257.2539978027344
v 254.1699981689453 239.78500366210938 259.70599365234375
v 252.58200073242188 240.01600646972656 256.5920104980469
v 254.27499389648438 239.69000244140625 233.91200256347656
v 255.2169952392578 240.15899658203125 234.1060028076172
v 254.4709930419922 240.6219940185547 233.4499969482422
v 246.16799926757812 240.05599975585938 234.3820037841797
v 247.61000061035156 240.69900512695312 234.02099609375
v 258.72601318359375 253.76300048828125 284.40301513671875
v 260.5050048828125 254.9320068359375 280.8609924316406
v 257.656005859375 252.66200256347656 284.9049987792969
v 260.42999267578125 270.9110107421875 298.9859924316406
v 259.9779968261719 270.50299072265625 299.7449951171875
v 249.18099975585938 246.83200073242188 234.78199768066406
v 250.5260009765625 248.60000610351562 235.1280059814453
v 248.0800018310547 246.97799682617188 235.91200256347656
v 250.8090057373047 247.7899932861328 234.35800170898438
v 254.84100341796875 241.1230010986328 265.24200439453125
v 255.07699584960938 240.58999633789062 262.5350036621094
v 256.0119934082031 241.97799682617188 263.0069885253906
v 239.00799560546875 258.5419921875 276.5710144042969
v 238.55499267578125 261.1099853515625 276.9330139160156
v 239 259.4930114746094 278.68499755859375
v 238.6219940185547 260.57501220703125 274.37200927734375
v 275.14898681640625 283.6199951171875 298.9129943847656
v 273.7090148925781 284.5899963378906 300.08599853515625
v 277.1579895019531 281.260986328125 299.1730041503906
v 252.5970001220703 281.5010070800781 312.00299072265625
v 255.51300048828125 282.7550048828125 313.34698486328125
v 254.7790069580078 281.7850036621094 315.1969909667969
v 246.156005859375 240.22000122070312 258.5740051269531
v 245.68800354003906 239.02699279785156 259.4570007324219
v 244.9510040283203 240.1320037841797 259.90301513671875
v 247.19500732421875 239.36000061035156 257.9649963378906
v 249.66099548339844 241.16200256347656 254.95899963378906
v 248.75399780273438 241.55099487304688 256.21099853515625
v 249.66299438476562 242.51199340820312 255.6479949951172
v 249.19400024414062 240.33399963378906 255.35800170898438
v 246.48500061035156 271.59698486328125 323.5220031738281
v 248.802001953125 239.76400756835938 233.97000122070312
v 249.81300354003906 244.59300231933594 257.3169860839844
v 248.44900512695312 243.9929962158203 258.0069885253906
v 247.95899963378906 245.281005859375 260.0159912109375
v 249.88600158691406 243.6269989013672 256.1940002441406
v 259.6319885253906 240.91299438476562 309.239990234375
v 250.04200744628906 240.1699981689453 233.61700439453125
v 264.71099853515625 255.4929962158203 301.8299865722656
v 260.59698486328125 256.6470031738281 272.0329895019531
v 268.4469909667969 277.6919860839844 312.5710144042969
v 268.16400146484375 272.3810119628906 313.3240051269531
v 266.0920104980469 277.72698974609375 314.6400146484375
v 270.4849853515625 274.45599365234375 310.40399169921875
v 276.04901123046875 252.20199584960938 315.3800048828125
v 274.0799865722656 251.85800170898438 317.40399169921875
v 274.67401123046875 253.7480010986328 317.1600036621094
v 274.2860107421875 250.63400268554688 316.06500244140625
v 254.61500549316406 261.5220031738281 276.7130126953125
v 253.7790069580078 261.447998046875 278.29901123046875
v 253.3159942626953 261.25 276.91900634765625
v 248.7100067138672 241.75 302.6080017089844
v 247.0709991455078 240.41600036621094 306.22698974609375
v 258.2749938964844 259.6820068359375 273.760009765625
v 258.0880126953125 260.5039978027344 275.19000244140625
v 259.35699462890625 260.3559875488281 274.96600341796875
v 257.0679931640625 259.9649963378906 273.3940124511719
v 264.27801513671875 266.0419921875 293.4630126953125
v 264.156005859375 265.65899658203125 292.07000732421875
v 246.63600158691406 237.16700744628906 263.8699951171875
v 247.2480010986328 237.1280059814453 262.1189880371094
v 247.94700622558594 237.29200744628906 264.031005859375
v 246.11399841308594 237.30599975585938 261.91400146484375
v 259.6130065917969 257.5469970703125 238.4510040283203
v 261.41900634765625 256.80999755859375 238.53700256347656
v 261.1780090332031 258.5790100097656 239.70599365234375
v 255.06700134277344 253.26400756835938 265.93701171875
v 254.10000610351562 254.71499633789062 267.7250061035156
v 255.73800659179688 254.93600463867188 268.1610107421875
v 253.14500427246094 253.37600708007812 265.8070068359375
v 244.06100463867188 264.5690002441406 326.9670104980469
v 246.02099609375 266.4960021972656 326.45599365234375
v 246.10499572753906 263.3380126953125 327.9519958496094
v 243.94700622558594 266.7019958496094 325.697998046875
v 275.15399169921875 264.0830078125 310.2969970703125
v 273.1809997558594 266.76300048828125 309.60400390625
v 275.8370056152344 265.8269958496094 307.3710021972656
v 271.2239990234375 265.4440002441406 312.8900146484375
v 233.5760040283203 248.85000610351562 301.6669921875
v 235.48800659179688 246.88900756835938 299.7430114746094
v 235.39500427246094 249.125 298.3580017089844
v 234.22300720214844 245.98300170898438 302.9320068359375
v 253.57699584960938 239.76699829101562 233.4969940185547
v 257.1470031738281 267.04901123046875 299.6780090332031
v 245.72000122070312 275.65301513671875 292.73699951171875
v 245.2949981689453 274.1570129394531 284.6839904785156
v 248.92799377441406 276.89599609375 285.7879943847656
v 258.3009948730469 247.2030029296875 281.2650146484375
v 259.7330017089844 246.89999389648438 282.1860046386719
v 259.8349914550781 283.41900634765625 313.7959899902344
v 258.52099609375 281.85699462890625 316.1319885253906
v 245.09500122070312 241.29299926757812 282.67401123046875
v 244.85400390625 247.2729949951172 267.4840087890625
v 245.33599853515625 245.56900024414062 266.6969909667969
v 247.7030029296875 249.96499633789062 265.7349853515625
v 272.635986328125 270.2980041503906 267.4230041503906
v 274.7550048828125 270.3630065917969 269.2770080566406
v 274.47900390625 268.37799072265625 266.5570068359375
v 262.19000244140625 246.3470001220703 279.25299072265625
v 262.1759948730469 246.3350067138672 277.25799560546875
v 263.2040100097656 246.94700622558594 278.1610107421875
v 261.031005859375 245.8040008544922 279.0989990234375
v 278.7340087890625 239.4029998779297 280.7330017089844
v 275.5090026855469 235.0489959716797 278.0899963378906
v 276.1319885253906 236.2239990234375 285.5169982910156
v 276.7139892578125 236.45199584960938 272.8110046386719
v 246.35499572753906 241.02200317382812 234.19700622558594
v 245.46400451660156 240.77499389648438 234.77699279785156
v 255.1320037841797 261.1860046386719 312.30499267578125
v 255.0489959716797 262.8580017089844 311.4590148925781
v 256.35699462890625 260.7120056152344 312.2330017089844
v 255.37100219726562 259.6390075683594 325.7239990234375
v 252.875 258.27398681640625 327.5350036621094
v 254.92100524902344 255.7760009765625 325.9419860839844
v 262.3529968261719 259.9700012207031 245.00599670410156
v 264.8070068359375 258.8559875488281 245.031005859375
v 253.76499938964844 255.16900634765625 308.6159973144531
v 251.74099731445312 254.45799255371094 307.2080078125
v 261.9549865722656 246.27200317382812 274.8909912109375
v 262.7980041503906 247.21200561523438 275.65301513671875
v 261.7619934082031 247.0489959716797 273.2099914550781
v 281.1780090332031 268.7229919433594 273.3210144042969
v 274.35699462890625 266.531005859375 262.7539978027344
v 272.5849914550781 269.0820007324219 263.8240051269531
v 276.4280090332031 265.4570007324219 264.9469909667969
v 247.98599243164062 228.0959930419922 280.4389953613281
v 246.99099731445312 229.0760040283203 278.1159973144531
v 246.85499572753906 230.0850067138672 282
v 248.12399291992188 227.80099487304688 277.5989990234375
v 256.34600830078125 240.01300048828125 307.22698974609375
v 254.03900146484375 240.96099853515625 306.4309997558594
v 255.7469940185547 241.83399963378906 310.0119934082031
v 254.70799255371094 238.7570037841797 303.9599914550781
v 261.5530090332031 229.33099365234375 261.1610107421875
v 257.8340148925781 228.22900390625 264.4490051269531
v 260.69000244140625 228.61700439453125 266.3110046386719
v 257.47601318359375 228.73399353027344 258.364013671875
v 255.7010040283203 265.0400085449219 304.7669982910156
v 245.9409942626953 242.87899780273438 234.92999267578125
v 246.83999633789062 243.86900329589844 234.61500549316406
v 245.3459930419922 243.4290008544922 236.0019989013672
v 246.99099731445312 242.97000122070312 234.18699645996094
v 249.3560028076172 241.13800048828125 233.6179962158203
v 277.25799560546875 262.635986328125 262.6780090332031
v 278.2309875488281 260.41400146484375 264.4360046386719
v 278.4200134277344 264.1319885253906 266.8269958496094
v 277.25 260.3559875488281 260.6440124511719
v 244.6999969482422 242.87600708007812 261.7950134277344
v 244.06900024414062 241.1840057373047 262.25
v 244.3679962158203 242.28799438476562 264.1289978027344
v 244.4810028076172 241.36700439453125 260.7959899902344
v 259.8529968261719 264.3909912109375 322.7619934082031
v 256.8630065917969 262.7340087890625 324.65399169921875
v 256.22900390625 266.8380126953125 324.5920104980469
v 258.29901123046875 259.1369934082031 324.1910095214844
v 251.64300537109375 260.2130126953125 255.0050048828125
v 253.79200744628906 261.1659851074219 254.58900451660156
v 251.56900024414062 262.9939880371094 256.98199462890625
v 252.6699981689453 259.1600036621094 252.41400146484375
v 258.9679870605469 268.5119934082031 302.5360107421875
v 258.72100830078125 268.3949890136719 300.3970031738281
v 250.08700561523438 242.02000427246094 298.9530029296875
v 248.88600158691406 243.13099670410156 299.3070068359375
v 249.8699951171875 242.37600708007812 301.2090148925781
v 249.57200622558594 242.71499633789062 297.35400390625
v 282.947998046875 266.1090087890625 291.4179992675781
v 282.7179870605469 263.62298583984375 287.5400085449219
v 283.09100341796875 268.0740051269531 285.2510070800781
v 263.59100341796875 270.8529968261719 258.1289978027344
v 263.5119934082031 269.1860046386719 256.45001220703125
v 265.3450012207031 270.1969909667969 257.0539855957031
v 261.7070007324219 269.7120056152344 257.3280029296875
v 263.2359924316406 257.5780029296875 239.8800048828125
v 262.93499755859375 255.875 238.71800231933594
v 263.5719909667969 249.08099365234375 319.52099609375
v 262.4200134277344 253.0780029296875 322.20599365234375
v 265.2449951171875 252.6540069580078 321.3399963378906
v 261.2539978027344 248.9290008544922 320.0400085449219
v 245.45399475097656 238.12600708007812 235.76300048828125
v 244.53799438476562 239.13099670410156 235.98300170898438
v 256.0690002441406 239.73699951171875 234.85499572753906
v 256.7200012207031 241.13999938964844 234.36199951171875
v 245.00799560546875 236.98300170898438 236.50799560546875
v 244.05299377441406 237.97900390625 236.86700439453125
v 246.55999755859375 236.71299743652344 235.82200622558594
v 270.1910095214844 280.5840148925781 310.1369934082031
v 269.25 280.8739929199219 311.32501220703125
v 269.0400085449219 282.5320129394531 310.66400146484375
v 270.2349853515625 278.99798583984375 310.6520080566406
v 252.8040008544922 258.39801025390625 314.29901123046875
v 253.7989959716797 259.3479919433594 313.81500244140625
v 252.677001953125 259.2820129394531 314.1669921875
v 253.56300354003906 258.1889953613281 313.8450012207031
v 257.5270080566406 240.73399353027344 235.23899841308594
v 241.45799255371094 253.57400512695312 258.2760009765625
v 242.947998046875 253.0050048828125 254.40199279785156
v 243.8249969482422 255.51300048828125 256.27398681640625
v 240.26800537109375 250.66400146484375 257.4830017089844
v 246.33700561523438 266.4169921875 264.16400146484375
v 249.8679962158203 267.635009765625 262.77899169921875
v 248.26300048828125 269.5539855957031 266.9159851074219
v 248.4530029296875 264.2770080566406 260.2049865722656
v 280.0509948730469 270.2900085449219 271.5589904785156
v 278.9580078125 272.1789855957031 272.1260070800781
v 253.22999572753906 241.7899932861328 307.2359924316406
v 251.62899780273438 241.98399353027344 306.0660095214844
v 250.9409942626953 241.41000366210938 308.1830139160156
v 252.82899475097656 241.5469970703125 304.8349914550781
v 250.36500549316406 252.2169952392578 237.4290008544922
v 252.29800415039062 252.56500244140625 236.38499450683594
v 251.64599609375 254.13400268554688 238.48899841308594
v 250.6999969482422 251.0469970703125 236.38800048828125
v 255.73199462890625 248.05999755859375 256.052001953125
v 254.87399291992188 248.0030059814453 254.75599670410156
v 255.36399841308594 248.91400146484375 255.30499267578125
v 255.10899353027344 247.11500549316406 255.4759979248047
v 250.86900329589844 249.26600646972656 257.3399963378906
v 251.16900634765625 248.41200256347656 256.18798828125
v 250.18600463867188 247.7519989013672 258.2699890136719
v 251.85000610351562 249.63299560546875 255.8459930419922
v 235.13099670410156 252.91200256347656 314.96099853515625
v 235.09100341796875 257.3900146484375 309.239013671875
v 235.6540069580078 257.3699951171875 315.58099365234375
v 233.8979949951172 253.2779998779297 306.42498779296875
v 250.89500427246094 246.75599670410156 256.4530029296875
v 250.97500610351562 245.3560028076172 255.96299743652344
v 249.7969970703125 245.96200561523438 258.4259948730469
v 251.89500427246094 246.697998046875 254.84100341796875
v 239.72500610351562 240.90199279785156 303.0060119628906
v 240.25399780273438 240.14199829101562 306.1239929199219
v 241.79800415039062 240.1529998779297 303.4599914550781
v 237.56700134277344 241.4250030517578 305.2619934082031
v 238.07699584960938 247.74899291992188 297.07598876953125
v 237.50900268554688 245.13099670410156 299.3739929199219
v 240.56900024414062 246.5240020751953 297.27899169921875
v 261.1629943847656 270.79901123046875 259.1629943847656
v 262.90399169921875 272.1400146484375 260.489013671875
v 260.0639953613281 271.9989929199219 262.1260070800781
v 244.57400512695312 240.25799560546875 235.71400451660156
v 250.38999938964844 260.96099853515625 311.9519958496094
v 251.1060028076172 261.23699951171875 312.2130126953125
v 250.50900268554688 261.93499755859375 311.2980041503906
v 250.86500549316406 260.3940124511719 312.9930114746094
v 242.5469970703125 238.9290008544922 238.92799377441406
v 240.2259979248047 252.6840057373047 263.41400146484375
v 240.54800415039062 256.0060119628906 264.7619934082031
v 240.947998046875 253.6959991455078 268.22100830078125
v 240.99200439453125 254.72900390625 261.0060119628906
v 250.24600219726562 238.48500061035156 264.9259948730469
v 250.5780029296875 239.6300048828125 266.6090087890625
v 246.14500427246094 261.7820129394531 259.90899658203125
v 249.2830047607422 261.1919860839844 256.9949951171875
v 246.21400451660156 259.2879943847656 257.8529968261719
v 260.1830139160156 244.0469970703125 235.14599609375
v 260.9079895019531 243.1179962158203 236.53799438476562
v 261.4960021972656 244.85499572753906 236.11300659179688
v 258.82000732421875 242.53700256347656 234.97300720214844
v 247.78700256347656 255.11900329589844 311.9280090332031
v 248.35299682617188 255.8719940185547 312.1570129394531
v 247.41400146484375 255.875 311.9800109863281
v 248.4720001220703 255.0989990234375 311.6809997558594
v 264.8999938964844 251.0229949951172 238.3000030517578
v 264.6180114746094 248.94700622558594 237.9290008544922
v 266.4830017089844 249.97900390625 239.79800415039062
v 263.3429870605469 249.71499633789062 237.0279998779297
v 255.6719970703125 241.36300659179688 233.73599243164062
v 262.3179931640625 259.8919982910156 247.49200439453125
v 259.8970031738281 259.99200439453125 245.27000427246094
v 245.84800720214844 249.24000549316406 294.0719909667969
v 249.64100646972656 250.63400268554688 292.04901123046875
v 247.95899963378906 252.2989959716797 294.1579895019531
v 247.89599609375 247.76100158691406 293.5060119628906
v 275.7510070800781 264.14801025390625 261.239990234375
v 247.927001953125 276.79901123046875 311.7879943847656
v 246.58200073242188 275.6789855957031 306.1940002441406
v 246.61599731445312 256.3909912109375 303.1300048828125
v 246.85699462890625 257.427001953125 304.73699951171875
v 246.47799682617188 256.1619873046875 305.2720031738281
v 251.26499938964844 259.94500732421875 314
v 250.84100341796875 259.5950012207031 314.8370056152344
v 251.57699584960938 259.4570007324219 314.9230041503906
v 250.46299743652344 259.9630126953125 313.95599365234375
v 257.1629943847656 242.5330047607422 233.99600219726562
v 244.7830047607422 234.9739990234375 238.56900024414062
v 245.50399780273438 235.68600463867188 236.95399475097656
v 243.99899291992188 236.43299865722656 237.89199829101562
v 246.44400024414062 234.47500610351562 237.5260009765625
v 246.5189971923828 253.3719940185547 308.7760009765625
v 247.1750030517578 253.27200317382812 309.0379943847656
v 246.1909942626953 253.69400024414062 307.93798828125
v 253.51300048828125 257.4809875488281 312.98699951171875
v 253.1840057373047 256.8219909667969 311.3380126953125
v 254.45700073242188 256.7879943847656 312.3580017089844
v 252.47500610351562 257.15301513671875 313.0320129394531
v 270.88800048828125 271.2460021972656 264.59600830078125
v 264.0979919433594 248.96800231933594 279.04901123046875
v 263.78399658203125 249.08399963378906 277.54901123046875
v 263.88299560546875 249.9969940185547 278.4729919433594
v 263.93701171875 248.2010040283203 278.0660095214844
v 246.1320037841797 241.99000549316406 234.46499633789062
v 244.875 241.7989959716797 235.69700622558594
v 271.5639953613281 246.0679931640625 313.74700927734375
v 268.93701171875 243.7779998779297 311.8420104980469
v 269.1260070800781 245.00599670410156 314.16900634765625
v 272.7980041503906 244.64100646972656 309.7919921875
v 248.6699981689453 261.76300048828125 328.1310119628906
v 247.24899291992188 241.98199462890625 234.03700256347656
v 250.83099365234375 245.9239959716797 233.34800720214844
v 249.65199279785156 244.7550048828125 233.54299926757812
v 253.53500366210938 264.0530090332031 309.4649963378906
v 252.89500427246094 263.5039978027344 311.0929870605469
v 254.04800415039062 263.41900634765625 311.1050109863281
v 252.2760009765625 264.0119934082031 309.1029968261719
v 238.43800354003906 248.1649932861328 257.4219970703125
v 240.31399536132812 249.01300048828125 253.92300415039062
v 238.90499877929688 249.61199951171875 259.8179931640625
v 254.5709991455078 264.31500244140625 307.72601318359375
v 253.0780029296875 264.2919921875 306.552001953125
v 238.68699645996094 232.02099609375 264.68499755859375
v 237.572998046875 232.9550018310547 262.4649963378906
v 237.74200439453125 233.79800415039062 265.1830139160156
v 238.6540069580078 231.33399963378906 261.97100830078125
v 258.3940124511719 263.4219970703125 308.9700012207031
v 259.16400146484375 264.07501220703125 308.1579895019531
v 258.0979919433594 265.15899658203125 307.531005859375
v 259.125 262.1440124511719 308.0780029296875
v 251.947998046875 254.01100158691406 268.447998046875
v 250.86399841308594 252.86900329589844 266.1210021972656
v 241.8939971923828 244.6959991455078 243.48199462890625
v 242.00900268554688 242.2480010986328 241.01600646972656
v 243.27999877929688 243.86399841308594 239.94400024414062
v 240.85000610351562 241.33999633789062 242.781005859375
v 249.25900268554688 253.4770050048828 308.8340148925781
v 248.5850067138672 253.6490020751953 309.68701171875
v 237.1959991455078 242.44900512695312 302.6319885253906
v 235.42599487304688 243.44700622558594 304.2179870605469
v 261.8999938964844 248.875 235.78799438476562
v 261.7139892578125 250.28700256347656 236.18499755859375
v 262.8559875488281 248.04400634765625 236.45700073242188
v 262.5409851074219 265.385009765625 303.09100341796875
v 262.1289978027344 267.1719970703125 303.3420104980469
v 262.1510009765625 265.93499755859375 304.6419982910156
v 262.7080078125 266.656005859375 301.6709899902344
v 242.89300537109375 233.14100646972656 243.57699584960938
v 241.875 234.6840057373047 242.86000061035156
v 244.89999389648438 232.28900146484375 243.14999389648438
v 240.6060028076172 246.98800659179688 249.76300048828125
v 243.4219970703125 250.97500610351562 249.26499938964844
v 238.42100524902344 245.92599487304688 253.71299743652344
v 250.46200561523438 252.31500244140625 263.7229919433594
v 251.86500549316406 252.89100646972656 264.4119873046875
v 249.29800415039062 251.9290008544922 265.40399169921875
v 249.0279998779297 278.4010009765625 293.86700439453125
v 252.9980010986328 280.7959899902344 295.6159973144531
v 251.81100463867188 280.5419921875 300.1189880371094
v 252.1790008544922 279.1759948730469 288.5840148925781
v 264.1830139160156 260.8210144042969 249.75999450683594
v 261.0780029296875 260.97601318359375 250.4770050048828
v 265.2550048828125 258.99798583984375 247.54400634765625
v 263.09698486328125 266.4129943847656 292.9219970703125
v 261.5249938964844 266.65399169921875 292.87799072265625
v 262.59600830078125 267.26300048828125 294.2300109863281
v 256.010009765625 242.22799682617188 233.47500610351562
v 259.19500732421875 246.28500366210938 268.8580017089844
v 256.5790100097656 263.04998779296875 285.718994140625
v 238.9810028076172 246.1820068359375 320.75799560546875
v 237.59500122070312 248.7899932861328 320.75799560546875
v 240.02099609375 247.97500610351562 322.67401123046875
v 236.8820037841797 247.12100219726562 318.84600830078125
v 253.58700561523438 250.16000366210938 282.87701416015625
v 255.06900024414062 251.96200561523438 285.4309997558594
v 274.8089904785156 261.4909973144531 313.6929931640625
v 270.7049865722656 263.59600830078125 315.0929870605469
v 273.2510070800781 261.072998046875 315.5220031738281
v 251.6699981689453 251.18499755859375 325.9530029296875
v 252.22300720214844 253.4149932861328 327.0639953613281
v 254.468994140625 251.5019989013672 324.9649963378906
v 249.66200256347656 252.79600524902344 327.7090148925781
v 247.00399780273438 235.3939971923828 236.29600524902344
v 249.30999755859375 256.9429931640625 314.0190124511719
v 249.64999389648438 256.3290100097656 312.95599365234375
v 259.781005859375 267.7200012207031 304.8169860839844
v 259.05499267578125 267.6579895019531 304.39300537109375
v 259.64300537109375 267.3030090332031 305.5559997558594
v 261.7340087890625 246.10800170898438 280.49200439453125
v 234.031005859375 249.5919952392578 310.57000732421875
v 233.0850067138672 250.36199951171875 304.49798583984375
v 263.45599365234375 270.9639892578125 298.6579895019531
v 262.8710021972656 271.2179870605469 298.1610107421875
v 262.9809875488281 271.3370056152344 299.0150146484375
v 263.1510009765625 270.8320007324219 297.4209899902344
v 263.8429870605469 264.4339904785156 290.3070068359375
v 264.1700134277344 265.14898681640625 290.9840087890625
v 264.5780029296875 264.71600341796875 290.635986328125
v 263.2640075683594 265.3800048828125 291.24798583984375
v 238.88600158691406 235.26300048828125 267.4800109863281
v 237.781005859375 235.05099487304688 266.385009765625
v 238.74899291992188 233.81500244140625 267.0360107421875
v 237.88900756835938 240.9149932861328 307.5329895019531
v 236.33399963378906 242 308.3800048828125
v 238.8679962158203 232.718994140625 266.3349914550781
v 239.9739990234375 231.54100036621094 266.1820068359375
v 254.10000610351562 264.2640075683594 256.4540100097656
v 257.177001953125 265.71600341796875 256.04400634765625
v 255.55599975585938 267.40899658203125 257.9339904785156
v 256.1449890136719 262.2309875488281 254.44000244140625
v 260.46099853515625 236.56100463867188 301.7430114746094
v 255.85899353027344 233.66299438476562 298.7590026855469
v 255.11000061035156 235.7689971923828 300.97900390625
v 260.9809875488281 233.40499877929688 296.9939880371094
v 264.64300537109375 263.7049865722656 290.49700927734375
v 263.4960021972656 263.18701171875 290.0979919433594
v 273.9150085449219 277.49200439453125 275.510009765625
v 256.15899658203125 238.75799560546875 235.6490020751953
v 256.5559997558594 243.1649932861328 233.4759979248047
v 272.13299560546875 278.60400390625 308.0260009765625
v 273.3840026855469 275.9630126953125 306.4490051269531
v 246.93299865722656 254.04299926757812 329.3900146484375
v 247.73800659179688 257.35198974609375 330
v 249.53399658203125 256.1199951171875 329.8320007324219
v 245.7729949951172 256.5350036621094 329.9580078125
v 236.2740020751953 244.1790008544922 262.32000732421875
v 236.3780059814453 245.5189971923828 264.2439880371094
v 236.54100036621094 243.78599548339844 264.87200927734375
v 236.56399536132812 246.5330047607422 261.90899658203125
v 239.04800415039062 263.4630126953125 274.375
v 238.85699462890625 264.4110107421875 276.65301513671875
v 235.9600067138672 253.39700317382812 295.5459899902344
v 237.13099670410156 250.7449951171875 296.1809997558594
v 234.72999572753906 251.45399475097656 297.6390075683594
v 259.27801513671875 268.3999938964844 298.81298828125
v 258.20098876953125 267.23699951171875 297.62200927734375
v 245.47000122070312 244.65499877929688 263.8580017089844
v 253.67999267578125 252.61399841308594 302.6340026855469
v 255.66299438476562 252.2779998779297 301.7640075683594
v 255.02200317382812 253.41400146484375 305.531005859375
v 272.1579895019531 257.0929870605469 251.4980010986328
v 273.2040100097656 258.9049987792969 252.52699279785156
v 270.8280029296875 259.3659973144531 250.9759979248047
v 273.4840087890625 254.95899963378906 253.10400390625
v 252.08200073242188 236.02699279785156 299.56298828125
v 253.13299560546875 237.99899291992188 301.72601318359375
v 251.88600158691406 239.99400329589844 301.5929870605469
v 266.51300048828125 257.6189880371094 243.59800720214844
v 266.62701416015625 257.447998046875 245.62399291992188
v 267.739990234375 256.4949951171875 244.13900756835938
v 267.46600341796875 285.6600036621094 296.260009765625
v 270.7460021972656 285.86700439453125 299.7349853515625
v 267.69500732421875 286.218994140625 299.1839904785156
v 271.9840087890625 285.3489990234375 297.9079895019531
v 274.85699462890625 247.0449981689453 311.8039855957031
v 274.50799560546875 248.9409942626953 314.3789978027344
v 277.2430114746094 248.49899291992188 310.9119873046875
v 247.7969970703125 243.69200134277344 234.03500366210938
v 235.46299743652344 242.8419952392578 306.9649963378906
v 234.14599609375 244.36199951171875 306.5880126953125
v 267.2860107421875 269.42401123046875 256.7860107421875
v 268.5929870605469 270.12701416015625 258.1419982910156
v 265.9289855957031 271.4679870605469 258.9989929199219
v 269.8529968261719 268.01300048828125 257.1300048828125
v 246.6179962158203 234.16099548339844 276.697998046875
v 246.7050018310547 230.02099609375 276.4670104980469
v 268.51300048828125 285.6090087890625 305.1839904785156
v 268.9639892578125 285.9360046386719 302.24200439453125
v 271.59600830078125 284.7690124511719 304.04400634765625
v 265.5320129394531 286.2309875488281 302.8970031738281
v 252.2899932861328 270.02398681640625 264.4599914550781
v 275.8909912109375 258.81298828125 256.09698486328125
v 277.1189880371094 258.1300048828125 259.2850036621094
v 275.8330078125 260.81201171875 256.875
v 276.4010009765625 255.60899353027344 257.7449951171875
v 252.38600158691406 228.6719970703125 255.71400451660156
v 251.51499938964844 229.73899841308594 251.28199768066406
v 248.32000732421875 228.88900756835938 253.83399963378906
v 255.27499389648438 229.32699584960938 254.14199829101562
v 242.00399780273438 231.80799865722656 247.68299865722656
v 243.47799682617188 230.66099548339844 248.71600341796875
v 243.63400268554688 231.76100158691406 245.593994140625
v 241.3679962158203 231.07899475097656 250.77499389648438
v 256.83599853515625 259.92401123046875 312.77099609375
v 257.70098876953125 259.63800048828125 312.22900390625
v 246.5959930419922 257.11199951171875 309.0270080566406
v 246.46400451660156 256.6889953613281 310.51300048828125
v 246.218994140625 256.67401123046875 308.5010070800781
v 237.0469970703125 243.23500061035156 254.81700134277344
v 238.7740020751953 243.80299377441406 249.77499389648438
v 237.26199340820312 240.79200744628906 251.9429931640625
v 265.2359924316406 247.82699584960938 238.6929931640625
v 266.4469909667969 247.4810028076172 240.5240020751953
v 280.30999755859375 246.16700744628906 271.46099853515625
v 279.27899169921875 240.8470001220703 274.0119934082031
v 280.927001953125 245.0590057373047 278.4440002441406
v 279.37298583984375 242.6219940185547 270.4639892578125
v 260.82598876953125 246.77200317382812 282.7040100097656
v 261.8299865722656 246.95799255371094 283.1669921875
v 262.50201416015625 258.8240051269531 304.4320068359375
v 260.60699462890625 259.3420104980469 305.1600036621094
v 251.19500732421875 238.87399291992188 257.4620056152344
v 251.8090057373047 238.57699584960938 260.3789978027344
v 250.4949951171875 238.19500732421875 259.0400085449219
v 252.38099670410156 239.2270050048828 258.45098876953125
v 239.39999389648438 243.8509979248047 299.1929931640625
v 241.86599731445312 244.39300537109375 298.1719970703125
v 241.26800537109375 243.03199768066406 299.2550048828125
v 248.3159942626953 244.61700439453125 234.10699462890625
v 253.56700134277344 248.98899841308594 323.77398681640625
v 245.91200256347656 233.76600646972656 239.42300415039062
v 249.0240020751953 239.572998046875 255.98399353027344
v 248.41000366210938 240.1199951171875 256.57598876953125
v 248.75399780273438 238.98699951171875 257.08099365234375
v 246.10699462890625 257.1960144042969 297.3299865722656
v 270.0979919433594 269.8110046386719 259.2070007324219
v 250.68499755859375 239.50399780273438 299.0419921875
v 250.07200622558594 236.75 297.61700439453125
v 245.58999633789062 228.5590057373047 256.2959899902344
v 243.1490020751953 228.5850067138672 258.4410095214844
v 243.11700439453125 229.0919952392578 254.71499633789062
v 267.2510070800781 257.6860046386719 248.08200073242188
v 266.7980041503906 260.114990234375 249.6999969482422
v 268.7909851074219 258.65399169921875 249.87600708007812
v 244.947998046875 230.77499389648438 267.2659912109375
v 257.7130126953125 244.8350067138672 233.88600158691406
v 242.61900329589844 248.3159942626953 294.9530029296875
v 243.23899841308594 251.19700622558594 294.2439880371094
v 235.8159942626953 244.3509979248047 301.4460144042969
v 237.7689971923828 243.25100708007812 300.6929931640625
v 256.85699462890625 256.8710021972656 269.8389892578125
v 258.57000732421875 257.7309875488281 271.4729919433594
v 258.552001953125 257.6860046386719 310.6629943847656
v 258.3219909667969 258.25201416015625 311.83099365234375
v 257.9830017089844 257.7120056152344 312.4599914550781
v 258.5350036621094 259.1239929199219 310.1199951171875
v 258.9880065917969 240.802001953125 236.572998046875
v 259.0320129394531 270.8070068359375 260.5360107421875
v 260.8689880371094 246.22999572753906 317.28399658203125
v 259.3089904785156 248.75399780273438 320.50799560546875
v 257.7330017089844 246.14199829101562 318.3590087890625
v 279.0740051269531 246.1009979248047 267.4590148925781
v 279.8399963378906 249.26699829101562 268.73699951171875
v 256.84698486328125 260.9119873046875 275.2860107421875
v 242.31399536132812 232.61099243164062 245.38699340820312
v 240.79100036621094 233.41099548339844 246.72900390625
v 241.3300018310547 234.09800720214844 244.66200256347656
v 262.10198974609375 246.4080047607422 236.16000366210938
v 263.00799560546875 245.2779998779297 237.42300415039062
v 260.89801025390625 246.1820068359375 235.177001953125
v 238.74600219726562 250.37600708007812 322.7879943847656
v 237.7010040283203 253.4409942626953 322.3940124511719
v 239.6479949951172 252.77999877929688 324.8039855957031
v 237.3560028076172 251.59100341796875 321.197998046875
v 248.64700317382812 259.52398681640625 310.73699951171875
v 249.06399536132812 260.052001953125 311.0589904785156
v 248.32000732421875 259.0150146484375 311.5950012207031
v 238.83399963378906 241.95799255371094 301.447998046875
v 262.4200134277344 251.11500549316406 279.5679931640625
v 261.9599914550781 250.67300415039062 280.9590148925781
v 263.0880126953125 250.3179931640625 280.9330139160156
v 261.5679931640625 251.88499450683594 278.4590148925781
v 247.59300231933594 240.8300018310547 257.4490051269531
v 247.23500061035156 245.1439971923828 235.19700622558594
v 248.57400512695312 245.5659942626953 234.33399963378906
v 261.2409973144531 271.20001220703125 298.16900634765625
v 261.69000244140625 271.4010009765625 298.9169921875
v 249.79100036621094 246.03500366210938 233.98699951171875
v 244.88900756835938 268.89898681640625 324.8919982910156
v 246.79200744628906 269.7300109863281 325.3970031738281
v 253.4409942626953 251.875 259.0039978027344
v 253.5989990234375 252.49899291992188 260.8909912109375
v 254.60000610351562 252.33099365234375 259.7130126953125
v 252.2480010986328 251.8300018310547 260.2139892578125
v 259.5090026855469 250.90899658203125 322.5740051269531
v 258.1919860839844 253.98599243164062 324.010009765625
v 257.11700439453125 250.468994140625 323.2969970703125
v 240.7530059814453 245.3769989013672 246.781005859375
v 261.96099853515625 247.73399353027344 283.6319885253906
v 262.76800537109375 248.03900146484375 282.95098876953125
v 262.2869873046875 248.4810028076172 283.6000061035156
v 262.7080078125 247.31500244140625 282.8940124511719
v 236.86000061035156 234.2729949951172 260.60699462890625
v 254.17100524902344 241.05299377441406 255.61000061035156
v 248.5970001220703 243.67999267578125 272.6239929199219
v 247.64500427246094 243.90699768066406 275.9339904785156
v 246.90899658203125 241.6300048828125 275.11700439453125
v 249.0030059814453 245.30999755859375 274.1520080566406
v 237.71299743652344 232.78199768066406 258.62200927734375
v 257.65399169921875 246.00999450683594 233.84300231933594
v 258.77801513671875 245.75799560546875 234.0489959716797
v 252.39700317382812 264.0159912109375 292.9519958496094
v 251.3159942626953 263.17401123046875 296.031005859375
v 272.7860107421875 237.10299682617188 261.8420104980469
v 273.43499755859375 240.4290008544922 258.41400146484375
v 260.0509948730469 245.24600219726562 234.65899658203125
v 257.3070068359375 261.2330017089844 276.8970031738281
v 257.7330017089844 261.58599853515625 278.0050048828125
v 258.7640075683594 261.0220031738281 276.5899963378906
v 256.2850036621094 261.56201171875 277.81201171875
v 244.22300720214844 255.10400390625 278.0400085449219
v 241.00599670410156 255.91600036621094 274.9540100097656
v 240.61900329589844 257.2070007324219 278.0039978027344
v 243.94000244140625 253.5449981689453 273.4840087890625
v 257.4159851074219 232.01100158691406 247.57200622558594
v 256.052001953125 230.4010009765625 251.23399353027344
v 260.40399169921875 231.53799438476562 250.40899658203125
v 253.70199584960938 231.36500549316406 246.95899963378906
v 276.37200927734375 271.7510070800781 270.02899169921875
v 264.30999755859375 266.29901123046875 295.385986328125
v 263.82598876953125 266.8269958496094 294.7170104980469
v 269.97601318359375 235.6009979248047 256.84698486328125
v 267.4469909667969 233.01600646972656 257.0889892578125
v 259.7330017089844 239.06399536132812 238.8699951171875
v 257.0069885253906 236.4459991455078 238.45899963378906
v 258.9700012207031 236.06300354003906 241.1540069580078
v 256.94000244140625 237.89700317382812 236.86500549316406
v 246.968994140625 244.5989990234375 321.0419921875
v 243.5570068359375 243.1529998779297 319.4169921875
v 261.82501220703125 271.2430114746094 299.9880065917969
v 238.0330047607422 244.1479949951172 267.5469970703125
v 237.13600158691406 243.8260040283203 266.5480041503906
v 237.4250030517578 245.24000549316406 267.22601318359375
v 237.8719940185547 241.79299926757812 266.7929992675781
v 247.10499572753906 254.61000061035156 302.5889892578125
v 247.843994140625 254.16099548339844 299.87799072265625
v 248.89300537109375 243.89100646972656 292.302001953125
v 248.93899536132812 246.36099243164062 287.8909912109375
v 282.02099609375 266.08099365234375 294.9150085449219
v 263.1619873046875 253.9250030517578 300.8529968261719
v 264.4020080566406 254.7530059814453 301.010009765625
v 263.2019958496094 254.14300537109375 302.3139953613281
v 263.8559875488281 254.62899780273438 299.0509948730469
v 248.59800720214844 237.23599243164062 262.1839904785156
v 274.9960021972656 257.12799072265625 254.6510009765625
v 274.3009948730469 260.4209899902344 254.1300048828125
v 258.89300537109375 248.11599731445312 267.43798828125
v 258.5639953613281 246.44500732421875 266.4670104980469
v 249.52699279785156 259.2340087890625 255.51600646972656
v 280.9909973144531 262.5320129394531 271.9049987792969
v 279.5220031738281 260.26300048828125 268.99200439453125
v 280.47601318359375 259.8429870605469 274.1600036621094
v 263.8800048828125 262.0559997558594 291.4320068359375
v 264.197998046875 262.6289978027344 290.6050109863281
v 264.5050048828125 262.2699890136719 291.9150085449219
v 263.41400146484375 262.4429931640625 290.4549865722656
v 240.94900512695312 230.43899536132812 253.60000610351562
v 258.9169921875 257.97900390625 308.82501220703125
v 259.25799560546875 259.3290100097656 307.0220031738281
v 259.7300109863281 257.4339904785156 307.0429992675781
v 256.4840087890625 246.66900634765625 233.60699462890625
v 257.6629943847656 247.8090057373047 233.99200439453125
v 236.3350067138672 241.31199645996094 262.8970031738281
v 236.24000549316406 242.02499389648438 259.1610107421875
v 247.45399475097656 258.0039978027344 308.7380065917969
v 275.8340148925781 236.8520050048828 269.20001220703125
v 278.0889892578125 239.26100158691406 270.8009948730469
v 247.80499267578125 258.281005859375 310.8110046386719
v 248.3939971923828 259.0710144042969 308.9209899902344
v 260.0159912109375 246.41799926757812 234.41299438476562
v 265.74200439453125 267.7070007324219 255.44900512695312
v 268.0199890136719 267.2590026855469 255.52099609375
v 267.2340087890625 264.7770080566406 253.6790008544922
v 262.7969970703125 261.9209899902344 290.9280090332031
v 263.53399658203125 261.5639953613281 292.4729919433594
v 256.1340026855469 244.8939971923828 258.54998779296875
v 256.17999267578125 246.35499572753906 258.29901123046875
v 255.5260009765625 245.13299560546875 257.0010070800781
v 272.10400390625 267.8240051269531 259.9909973144531
v 271.6969909667969 265.9360046386719 256.9530029296875
v 250.47900390625 254.67100524902344 308.77301025390625
v 263.89801025390625 259.35400390625 274.9620056152344
v 263.8009948730469 259.5060119628906 276.25
v 263.95001220703125 258.5719909667969 274.2229919433594
v 256.7650146484375 254.1820068359375 306.9159851074219
v 257.62799072265625 255.0330047607422 308.010009765625
v 256.1570129394531 255.0540008544922 309.48199462890625
v 258.1289978027344 254.2270050048828 305.1780090332031
v 236.79600524902344 246.85800170898438 265.0979919433594
v 237.14700317382812 248.0749969482422 263.6080017089844
v 237.53700256347656 247.93299865722656 265.86199951171875
v 282.6860046386719 250.0800018310547 301.2090148925781
v 282.09100341796875 250.93899536132812 304.65899658203125
v 283.1570129394531 253.6580047607422 303.0740051269531
v 263.11700439453125 249.2899932861328 276.0329895019531
v 262.3269958496094 250.218994140625 275.07000732421875
v 263.1440124511719 250.49200439453125 277.14801025390625
v 262.59100341796875 248.24099731445312 274.5060119628906
v 281.63800048828125 251.29600524902344 306.8760070800781
v 282.33099365234375 254.30799865722656 306.5740051269531
v 280.2900085449219 248.3209991455078 306.3500061035156
v 260.385009765625 263.99200439453125 289.7080078125
v 258.20001220703125 264.4989929199219 290.0419921875
v 260.23699951171875 264.9440002441406 290.6679992675781
v 259.1919860839844 263.0710144042969 288.70001220703125
v 251.5500030517578 247.25100708007812 233.71400451660156
v 255.8419952392578 232.86000061035156 244.1699981689453
v 241.22300720214844 255.072998046875 272.5840148925781
v 276.64599609375 251.66799926757812 260.5220031738281
v 277.7149963378906 248.71800231933594 264.09100341796875
v 278.8489990234375 252.3719940185547 266.0570068359375
v 275.10400390625 248.05499267578125 259.4700012207031
v 247.177001953125 256.4939880371094 252.48300170898438
v 250.3780059814453 257.8970031738281 250.58999633789062
v 250.093994140625 258.35198974609375 253.5540008544922
v 249.51600646972656 256.9840087890625 247.83700561523438
v 256.68798828125 249.52999877929688 258.2239990234375
v 256.2850036621094 248.96299743652344 257.0979919433594
v 256.3710021972656 250.00799560546875 257.3699951171875
v 248.93299865722656 259.8680114746094 299.91400146484375
v 251.427001953125 262.010986328125 299.2040100097656
v 261.5409851074219 268.8599853515625 303.93701171875
v 262.0889892578125 268.2359924316406 303.53900146484375
v 262.35699462890625 269.4840087890625 303.1610107421875
v 261.0769958496094 268.0580139160156 304.2909851074219
v 237.7259979248047 238.8560028076172 265.9700012207031
v 236.92599487304688 239.9929962158203 264.7040100097656
v 249.23500061035156 247.18800354003906 290.78900146484375
v 250.12899780273438 249.427001953125 288.4129943847656
v 257.1730041503906 258.8659973144531 272.20599365234375
v 249.46200561523438 252.947998046875 302.8819885253906
v 247.625 237.3990020751953 260.5369873046875
v 246.5030059814453 237.50100708007812 260.5570068359375
v 249.406005859375 237.7209930419922 263.6830139160156
v 250.218994140625 237.76699829101562 261.5060119628906
v 252.09500122070312 259.8169860839844 313.9800109863281
v 252.2100067138672 258.87200927734375 314.77099609375
v 244.052001953125 242.66600036621094 299.53399658203125
v 247.37100219726562 242.36000061035156 300.68499755859375
v 249.2169952392578 257.50299072265625 314.77801513671875
v 265.9020080566406 253.7239990234375 239.68800354003906
v 266.31500244140625 252.13800048828125 239.6649932861328
v 267.4540100097656 253.00100708007812 241.15899658203125
v 264.4219970703125 252.90499877929688 238.3489990234375
v 261.5400085449219 261.9909973144531 289.7659912109375
v 245.48300170898438 254.5590057373047 309.8550109863281
v 245.91099548339844 253.86700439453125 309.4110107421875
v 245.88099670410156 254.30499267578125 310.5369873046875
v 245.54299926757812 254.3800048828125 308.52301025390625
v 259.4309997558594 247.1790008544922 234.22000122070312
v 264.07501220703125 233.5780029296875 248.927001953125
v 261.4909973144531 233.55799865722656 246.97000122070312
v 264.68499755859375 235.3280029296875 246.53700256347656
v 258.6839904785156 260.7179870605469 308.5830078125
v 258.4200134277344 262.0589904785156 309.468994140625
v 263.11199951171875 270.4429931640625 301.0329895019531
v 263.79901123046875 270.3599853515625 299.7900085449219
v 262.8689880371094 271.1029968261719 299.8680114746094
v 263.5979919433594 269.81201171875 300.8760070800781
v 258.89898681640625 258.8869934082031 283.89898681640625
v 260.2139892578125 259.5719909667969 282.79901123046875
v 259.114990234375 260.97198486328125 284.0329895019531
v 260.4939880371094 257.85198974609375 282.6319885253906
v 251.61300659179688 276.0790100097656 321.927001953125
v 250.52200317382812 274.7040100097656 323.4169921875
v 250.4530029296875 277.6109924316406 318.0920104980469
v 274.5329895019531 279.5559997558594 304.8680114746094
v 279.0539855957031 279.8999938964844 295.7550048828125
v 259.35400390625 269.510009765625 300.6940002441406
v 246.38299560546875 250.20799255371094 326.35101318359375
v 243.92599487304688 249.89700317382812 325.6669921875
v 245.1580047607422 251.4340057373047 327.32501220703125
v 245.26699829101562 248.0540008544922 324.8009948730469
v 277.7460021972656 254.96400451660156 261.70001220703125
v 278.3290100097656 256.9700012207031 264.3479919433594
v 258.1910095214844 246.4219970703125 280.739013671875
v 256.3760070800781 247.58299255371094 279.7539978027344
v 239.8489990234375 266.177001953125 274.99798583984375
v 240.0330047607422 264.9159851074219 272.17401123046875
v 241.06700134277344 267.4989929199219 274.656005859375
v 260.24700927734375 256.1570129394531 282.37200927734375
v 261.7300109863281 256.67999267578125 279.39898681640625
v 261.54400634765625 257.6659851074219 280.8890075683594
v 257.3370056152344 258.0249938964844 313.65899658203125
v 256.9750061035156 257.11700439453125 313.3450012207031
v 257.697998046875 258.6789855957031 313.0360107421875
v 281.69000244140625 270.49798583984375 277.9830017089844
v 282.2929992675781 269.1050109863281 279.19000244140625
v 282.94000244140625 271.52099609375 284.3949890136719
v 263.3349914550781 266.81201171875 299.9280090332031
v 263.13800048828125 264.9620056152344 299.89898681640625
v 263.90301513671875 266.5050048828125 297.90899658203125
v 252.76300048828125 247.86199951171875 233.60699462890625
v 237.1699981689453 265.7030029296875 299.96099853515625
v 237.3300018310547 266.1289978027344 306.68798828125
v 235.98899841308594 264.2130126953125 304.6369934082031
v 238.8520050048828 268.59600830078125 300.9840087890625
v 257.29400634765625 244.7570037841797 277.9200134277344
v 258.5360107421875 244.26100158691406 278.7099914550781
v 262.5299987792969 270.260009765625 302.0190124511719
v 262.1860046386719 270.8609924316406 301
v 263.114013671875 269.656005859375 301.885009765625
v 247.156005859375 237.68600463867188 265.9750061035156
v 248.68800354003906 238.4929962158203 266.1059875488281
v 236.42300415039062 240.3730010986328 255.65499877929688
v 255.74099731445312 243.99899291992188 257.6099853515625
v 255.0489959716797 243.74400329589844 255.9149932861328
v 255.66200256347656 242.67999267578125 257.6940002441406
v 279.7120056152344 250.86199951171875 309.66400146484375
v 276.94000244140625 251.13800048828125 313.4410095214844
v 270.81298828125 268.4570007324219 311.17401123046875
v 249.75100708007812 257.2349853515625 314.9230041503906
v 250.06500244140625 256.7460021972656 313.9679870605469
v 275.8160095214844 262.6050109863281 258.6579895019531
v 240.9969940185547 229.65899658203125 256.739990234375
v 246.7760009765625 254.33299255371094 304.9630126953125
v 253.5919952392578 246.21400451660156 272.2950134277344
v 254.17100524902344 246.76100158691406 275.02899169921875
v 254.47799682617188 245.02699279785156 270.8399963378906
v 277.06298828125 273.22198486328125 270.99700927734375
v 246.82000732421875 256.0450134277344 300.8139953613281
v 248.30299377441406 254.24899291992188 310.7170104980469
v 249.02200317382812 255.0919952392578 311.1099853515625
v 249.3679962158203 254.48800659179688 310.0429992675781
v 248.46099853515625 245.8090057373047 277.427001953125
v 250.94900512695312 246.10800170898438 272.3909912109375
v 273.8080139160156 264.7560119628906 258.197998046875
v 281.5589904785156 276.3389892578125 286.2539978027344
v 280.4679870605469 276.2619934082031 283.177001953125
v 273.9440002441406 243.52000427246094 306.125
v 254.78599548339844 258.6199951171875 313.9129943847656
v 254.72000122070312 257.38800048828125 313.52899169921875
v 256.0889892578125 257.6470031738281 313.8840026855469
v 246.43499755859375 253.99000549316406 310.73699951171875
v 247.2550048828125 253.93899536132812 310.9020080566406
v 247.0679931640625 254.45799255371094 311.6080017089844
v 246.7530059814453 253.55599975585938 309.8689880371094
v 249.04800415039062 246.25599670410156 323.24200439453125
v 248.0780029296875 247.78599548339844 324.5610046386719
v 249.16099548339844 244.06300354003906 319.92999267578125
v 248.46400451660156 229.59100341796875 289.1709899902344
v 273.4360046386719 247.2519989013672 255.73599243164062
v 273.5320129394531 243.95199584960938 256.10699462890625
v 274.6919860839844 245.05299377441406 259.4020080566406
v 272.0379943847656 246.74099731445312 252.4219970703125
v 244.45399475097656 238.6269989013672 265.9830017089844
v 243.73800659179688 237.91900634765625 267.5480041503906
v 243.66299438476562 239.46800231933594 267.2239990234375
v 245.13800048828125 237.6999969482422 266.6409912109375
v 243.35299682617188 269.12200927734375 273.52899169921875
v 243.54299926757812 270.5350036621094 276.8070068359375
v 245.8800048828125 270.27301025390625 271.0090026855469
v 237.8280029296875 246.8350067138672 267.1130065917969
v 238.63099670410156 248.56500244140625 266.7699890136719
v 250.88600158691406 257.18499755859375 278.5899963378906
v 251.31300354003906 257.4070129394531 275.468994140625
v 249.697998046875 255.78500366210938 277.9649963378906
v 251.9530029296875 258.7510070800781 276.5929870605469
v 238.60699462890625 267.1029968261719 312.24200439453125
v 238.86599731445312 268.60101318359375 308.1340026855469
v 241.75999450683594 272.2049865722656 312.1659851074219
v 256.8089904785156 250.5260009765625 260.9200134277344
v 256.8330078125 250.0709991455078 263.0429992675781
v 256.7449951171875 250.33099365234375 258.8699951171875
v 249.92999267578125 228.76800537109375 263.9840087890625
v 249.2169952392578 228.3699951171875 258.47601318359375
v 261.27099609375 245.38800048828125 275.8450012207031
v 251.7790069580078 247.9250030517578 255
v 252.72300720214844 247.79400634765625 254.26499938964844
v 239.86399841308594 235.98800659179688 245.92300415039062
v 257.6449890136719 268.37701416015625 323.7090148925781
v 255.48599243164062 269.92498779296875 324.4960021972656
v 256.94500732421875 271.552001953125 323.3429870605469
v 246.8459930419922 257.6499938964844 255.60899353027344
v 253.8489990234375 249.84500122070312 255.07899475097656
v 253.46200561523438 250.37100219726562 255.78900146484375
v 254.30999755859375 250.40499877929688 255.76499938964844
v 252.86599731445312 249.8260040283203 255.15199279785156
v 235.95799255371094 260.9679870605469 312.01800537109375
v 252.31399536132812 248.86399841308594 234.218994140625
v 237.16200256347656 246.1820068359375 257.7909851074219
v 236.5050048828125 244.6840057373047 259.10699462890625
v 250.42300415039062 226.9720001220703 282.8559875488281
v 249.281005859375 227.11700439453125 279.9840087890625
v 248.97000122070312 227.64100646972656 283.25799560546875
v 252.16900634765625 226.2989959716797 279.1650085449219
v 255.55499267578125 227.4429931640625 287.031005859375
v 252.45399475097656 227.3560028076172 286.77801513671875
v 255.64199829101562 228.42100524902344 289.5690002441406
v 253.3159942626953 226.8520050048828 284.06500244140625
v 243.63900756835938 252.2899932861328 327.29400634765625
v 241.9530029296875 251.3780059814453 326.0119934082031
v 269.6969909667969 246.68299865722656 315.6960144042969
v 272.0220031738281 248.45199584960938 316.0979919433594
v 249.74400329589844 255.68899536132812 311.56298828125
v 242.98500061035156 231.10800170898438 267.1239929199219
v 257.91400146484375 253.4949951171875 236.18099975585938
v 259.68798828125 251.33099365234375 235.67100524902344
v 257.4330139160156 251.16299438476562 234.97999572753906
v 256.8190002441406 279.1340026855469 281.0580139160156
v 263.21099853515625 279.99700927734375 278.2550048828125
v 261.47900390625 280.7950134277344 284.9100036621094
v 257.93499755859375 249.5279998779297 234.36700439453125
v 238.64300537109375 263.2239990234375 290.6000061035156
v 256.7539978027344 259.10699462890625 242.87399291992188
v 258.0889892578125 259.5989990234375 241.74000549316406
v 258.04400634765625 259.572998046875 244.49600219726562
v 257.8479919433594 259.0950012207031 240.3520050048828
v 267.5190124511719 250.31700134277344 319.0820007324219
v 256.2640075683594 251.58999633789062 265.27099609375
v 256.156005859375 251.66200256347656 262.1099853515625
v 255.406005859375 252.5780029296875 263.62298583984375
v 274.510986328125 251.75999450683594 256.0050048828125
v 261.1189880371094 284.60400390625 310.7340087890625
v 263.1709899902344 284.59600830078125 311.57598876953125
v 236.78900146484375 245.3780059814453 266.0539855957031
v 273.9129943847656 262.6319885253906 255.26400756835938
v 247.60000610351562 254.2969970703125 296.9490051269531
v 239.08900451660156 266.57501220703125 316.8070068359375
v 260.0669860839844 248.9250030517578 234.80599975585938
v 261.1029968261719 247.55099487304688 235.10000610351562
v 270.0249938964844 232.04299926757812 286.1199951171875
v 262.3659973144531 271.40399169921875 299.0270080566406
v 248.875 253.8979949951172 274.03399658203125
v 246.81500244140625 253.89199829101562 276.093994140625
v 248.94200134277344 254.906005859375 277.0119934082031
v 244.5290069580078 243.67300415039062 266.3680114746094
v 243.5570068359375 244.62100219726562 267.7770080566406
v 236.3419952392578 254.9340057373047 319.16400146484375
v 261.2439880371094 267.5840148925781 294.9809875488281
v 242.99200439453125 252.77699279785156 294.9169921875
v 260.2969970703125 269.2539978027344 321.26800537109375
v 281.1189880371094 254.06100463867188 308.8320007324219
v 279.447998046875 253.73699951171875 311.6400146484375
v 247.90899658203125 254.968994140625 279.1929931640625
v 253.20599365234375 278.1390075683594 319.1180114746094
v 255.58099365234375 276.0929870605469 320.7439880371094
v 253.28700256347656 275.64300537109375 322.45599365234375
v 254.8820037841797 279.2640075683594 318.15899658203125
v 254.68899536132812 274.54998779296875 322.8949890136719
v 256.4649963378906 273.8089904785156 322.29998779296875
v 260.5419921875 255.42599487304688 272.177001953125
v 258.58599853515625 256.3330078125 270.9280090332031
v 259.39801025390625 253.3159942626953 270.7829895019531
v 253.48300170898438 255.83399963378906 268.8080139160156
v 263.58599853515625 268.6310119628906 296.9540100097656
v 264.02301025390625 268.2449951171875 297.7820129394531
v 263.5849914550781 267.70001220703125 296.07598876953125
v 263.9700012207031 269.0899963378906 297.97900390625
v 245.06700134277344 240.07899475097656 312.093994140625
v 242.06100463867188 239.64700317382812 310.1570129394531
v 261.0870056152344 245.96800231933594 273.3389892578125
v 266.39898681640625 233.8070068359375 252.27000427246094
v 264.4519958496094 231.50799560546875 254.61599731445312
v 251.54100036621094 256.29400634765625 272.4119873046875
v 250.22900390625 255.44500732421875 274.5469970703125
v 250.38999938964844 254.28500366210938 271.3630065917969
v 234.01499938964844 245.4980010986328 309.77398681640625
v 234.86199951171875 247.04200744628906 314.0539855957031
v 251.27699279785156 257.15899658203125 314.87701416015625
v 251.22799682617188 256.843994140625 313.88800048828125
v 250.50399780273438 257.1579895019531 314.95098876953125
v 250.80299377441406 251.59100341796875 261.4010009765625
v 252.04299926757812 252.47900390625 262.3479919433594
v 251.13099670410156 250.8159942626953 259.3080139160156
v 253.1230010986328 250.81199645996094 256.6839904785156
v 254.0330047607422 250.90699768066406 256.447998046875
v 252.51199340820312 250.33099365234375 256.260009765625
v 264.927001953125 257.8599853515625 296.98699951171875
v 265.0320129394531 259.7959899902344 297.5830078125
v 265.54400634765625 257.656005859375 299.5
v 263.9129943847656 259.7449951171875 295.24200439453125
v 238.95700073242188 241.01199340820312 312.92401123046875
v 237.92300415039062 241.88600158691406 314.0849914550781
v 239.3179931640625 242.00399780273438 316.468994140625
v 237.2969970703125 241.33700561523438 310.00299072265625
v 255.03799438476562 240.57899475097656 259.4909973144531
v 254.88900756835938 241.11300659179688 256.86700439453125
v 262.0039978027344 260.1130065917969 279.9209899902344
v 260.97900390625 260.0780029296875 281.4110107421875
v 260.5260009765625 261.14300537109375 280.08599853515625
v 243.17799377441406 229.76499938964844 251.7989959716797
v 245.41000366210938 229.18600463867188 252.50999450683594
v 245.2740020751953 229.9149932861328 249.51600646972656
v 260.4209899902344 251.18899536132812 281.0199890136719
v 261.2669982910156 249.94700622558594 282.35198974609375
v 260.6470031738281 263.22698974609375 288.97198486328125
v 254.5659942626953 256.135986328125 311.14801025390625
v 262.5299987792969 250.0449981689453 282.0190124511719
v 262.0589904785156 249.343994140625 283.1940002441406
v 283.4909973144531 255.593994140625 300.02398681640625
v 283.31298828125 251.70899963378906 298.4169921875
v 279.093994140625 241.0489959716797 291.3450012207031
v 276.25201416015625 239.6529998779297 294.3900146484375
v 276.1570129394531 237.56300354003906 290.67401123046875
v 263.0539855957031 263.9339904785156 290.04400634765625
v 262.40301513671875 263.239013671875 289.9750061035156
v 262.35699462890625 264.0190124511719 290.02801513671875
v 240.22999572753906 233.7480010986328 267.77899169921875
v 256.40301513671875 243.19400024414062 267.1730041503906
v 256.4410095214844 242.80599975585938 264.9200134277344
v 254.04600524902344 242.0399932861328 267.4179992675781
v 260.0849914550781 270.28900146484375 298.2149963378906
v 260.8299865722656 270.7239990234375 297.4230041503906
v 260.5480041503906 269.7349853515625 297.010986328125
v 238.70599365234375 249.8520050048828 262.614990234375
v 238.19500732421875 249.03599548339844 265.06298828125
v 237.46600341796875 248.1300048828125 260.70098876953125
v 250.92100524902344 248.28799438476562 324.47198486328125
v 248.62100219726562 250.875 326.58099365234375
v 241.45599365234375 230.4709930419922 265.8380126953125
v 239.93299865722656 230.60299682617188 264.2799987792969
v 257.9989929199219 256.5880126953125 293.83599853515625
v 254.29400634765625 225.9010009765625 274.4549865722656
v 251.94700622558594 227.06399536132812 271.7239990234375
v 250.29800415039062 226.73199462890625 275.739013671875
v 256.40399169921875 226.97999572753906 270.218994140625
v 251.17999267578125 252.9340057373047 302.7179870605469
v 252.99099731445312 253.86099243164062 306.03399658203125
v 279.7900085449219 259.32598876953125 308.7040100097656
v 279.87298583984375 255.85800170898438 310.96600341796875
v 278.2120056152344 258.5530090332031 312.1570129394531
v 281.74200439453125 256.4289855957031 307.37799072265625
v 259.28900146484375 264.2749938964844 254.656005859375
v 266.9739990234375 267.87701416015625 315.94500732421875
v 268.5870056152344 268.0249938964844 313.88299560546875
v 255.0070037841797 237.06700134277344 235.96299743652344
v 244.2050018310547 240.20799255371094 265.23199462890625
v 239.17999267578125 242.88600158691406 267.8070068359375
v 249.0489959716797 246.83599853515625 279.6650085449219
v 249.93800354003906 247.13499450683594 283.1910095214844
v 279.1759948730469 275.2590026855469 297.8689880371094
v 277.30999755859375 270.91400146484375 300.3420104980469
v 275.9519958496094 275.33099365234375 302.4259948730469
v 281.0849914550781 271.39801025390625 294.9440002441406
v 245.5540008544922 254.58900451660156 296.1910095214844
v 267.22900390625 280.552001953125 313.04901123046875
v 247.64300537109375 229.7010040283203 286.2380065917969
v 246.09100341796875 231.8730010986328 285.6730041503906
v 257.9960021972656 268.2900085449219 257.2409973144531
v 260.4679870605469 267.88800048828125 256.322998046875
v 263.5989990234375 249.14300537109375 280.89300537109375
v 263.1889953613281 248.4429931640625 281.97900390625
v 263.93701171875 248.49200439453125 280.0320129394531
v 262.5580139160156 270.8590087890625 297.10400390625
v 261.7640075683594 270.85198974609375 297.0769958496094
v 262.1440124511719 271.2430114746094 298.0119934082031
v 262.1260070800781 269.9830017089844 296.2799987792969
v 279.5870056152344 277.7049865722656 297.0369873046875
v 257.70001220703125 251.7969970703125 268.0840148925781
v 257.77801513671875 249.7310028076172 266.239990234375
v 256.2770080566406 252.99200439453125 267.19000244140625
v 241.17999267578125 271.7300109863281 303.40301513671875
v 242.28900146484375 272.99798583984375 295.6050109863281
v 244.02000427246094 274.385009765625 305.0950012207031
v 239.96800231933594 270.7539978027344 295.927001953125
v 264.3039855957031 261.406005859375 295.364990234375
v 264.65301513671875 261.3070068359375 297.5660095214844
v 282.4679870605469 257.125 304.2070007324219
v 247.75900268554688 254.48899841308594 311.55499267578125
v 255.16600036621094 272.4779968261719 323.8070068359375
v 257.5989990234375 257.96600341796875 238.9530029296875
v 239.85400390625 242.7010040283203 245.72900390625
v 269.0880126953125 252.7760009765625 247.15899658203125
v 255.85299682617188 248.88999938964844 256.0320129394531
v 256.4010009765625 247.79400634765625 257.9169921875
v 251.45899963378906 250.20199584960938 257.3699951171875
v 242.197998046875 258.1929931640625 261.9100036621094
v 243.88900756835938 260.5 261.34100341796875
v 241.5760040283203 260.7969970703125 264.8680114746094
v 241.31399536132812 262.031005859375 326.5400085449219
v 241.1179962158203 263.52398681640625 324.9020080566406
v 242.67599487304688 264.7650146484375 325.77301025390625
v 240.4250030517578 261.0530090332031 325.5639953613281
v 238.7010040283203 267.9070129394531 294.2330017089844
v 251.88900756835938 248.5240020751953 282.8450012207031
v 259.64898681640625 269.8789978027344 299.3110046386719
v 260.0450134277344 270.239013671875 301.4930114746094
v 283.1390075683594 270.76300048828125 289.07000732421875
v 255.343994140625 246.27200317382812 256.3970031738281
v 255.81900024414062 247.23199462890625 256.9010009765625
v 254.4810028076172 246.04299926757812 254.86900329589844
v 248.63600158691406 258.656005859375 313.5480041503906
v 263.47900390625 259.7560119628906 274.64300537109375
v 263.14599609375 260.2439880371094 275.4339904785156
v 259.5090026855469 250.03199768066406 269.37200927734375
v 261.0790100097656 250.9040069580078 272.3429870605469
v 250.5260009765625 263.0249938964844 309.46600341796875
v 250.06199645996094 261.7170104980469 310.614990234375
v 255.61700439453125 252.3070068359375 235.45599365234375
v 252.125 253.1909942626953 292.25
v 252.33700561523438 259.4460144042969 278.59100341796875
v 251.41000366210938 258.6570129394531 282.4549865722656
v 252.78700256347656 260.1960144042969 280.8739929199219
v 257.1619873046875 243.88800048828125 314.8840026855469
v 241.4550018310547 255.4040069580078 294.47100830078125
v 248.94700622558594 241.1929931640625 269.4110107421875
v 251.55099487304688 241.77099609375 267.9440002441406
v 263.7550048828125 266.5799865722656 319.0610046386719
v 248.99600219726562 233.91799926757812 237.50900268554688
v 247.83299255371094 234.4980010986328 236.71800231933594
v 247.52699279785156 233.677001953125 238.46099853515625
v 248.94900512695312 234.7480010986328 236.2899932861328
v 248.22900390625 278.0320129394531 299.1109924316406
v 248.64599609375 277.94500732421875 304.63299560546875
v 245.9770050048828 275.97198486328125 300.93701171875
v 250.50599670410156 280.08099365234375 305.58099365234375
v 239.82000732421875 230.09300231933594 262.0329895019531
v 250.15199279785156 234.53799438476562 236.46299743652344
v 250.39199829101562 233.83099365234375 237.67599487304688
v 259.8009948730469 261.3169860839844 281.47198486328125
v 261.239990234375 258.57501220703125 281.7200012207031
v 258.7760009765625 256.9880065917969 309.2300109863281
v 252.8780059814453 251.8280029296875 288.5060119628906
v 252.31700134277344 250.12100219726562 285.5539855957031
v 243.91099548339844 265.2659912109375 265.5769958496094
v 245.3679962158203 264.02099609375 262.5589904785156
v 243.45599365234375 262.7040100097656 263.5849914550781
v 270.64801025390625 245.7239990234375 249.177001953125
v 245.58900451660156 255.71400451660156 308.0329895019531
v 245.45599365234375 255.27699279785156 309.3940124511719
v 245.74099731445312 256.16400146484375 308.8800048828125
v 245.5030059814453 254.96400451660156 307.9519958496094
v 239.5030059814453 254.5540008544922 325.7120056152344
v 241.52200317382812 253.8769989013672 327.1319885253906
v 238.01400756835938 254.7530059814453 323.5400085449219
v 275.7179870605469 276.3840026855469 274.9339904785156
v 249.66099548339844 235.06199645996094 236.0760040283203
v 252.01400756835938 244.16799926757812 253.552001953125
v 251.68299865722656 243.2740020751953 253.197998046875
v 238.49400329589844 244.01499938964844 318.1570129394531
v 281.95098876953125 246.156005859375 289.23699951171875
v 282.4580078125 248.96099853515625 294.6029968261719
v 282.8399963378906 252.04100036621094 288.7130126953125
v 280.4960021972656 243.76699829101562 293.0570068359375
v 257.7980041503906 281.2550048828125 290.6520080566406
v 252.17999267578125 275.77398681640625 275.593994140625
v 252.2050018310547 277.031005859375 279.1059875488281
v 250.94700622558594 242.2220001220703 303.7460021972656
v 250.9770050048828 241.9409942626953 301.02801513671875
v 258.614990234375 267.239990234375 304.8420104980469
v 236.7570037841797 237.43800354003906 254.6840057373047
v 236.11599731445312 238.7259979248047 259.16900634765625
v 236.64700317382812 235.5240020751953 258.0920104980469
v 251.53199768066406 234.24000549316406 237.04100036621094
v 252.6909942626953 235.01400756835938 236.48500061035156
v 251.5749969482422 235.27099609375 236.0570068359375
v 252.81900024414062 234.14100646972656 237.9340057373047
v 258.9309997558594 255.70199584960938 307.0669860839844
v 253.8820037841797 234.95899963378906 237.3090057373047
v 244.38699340820312 246.7209930419922 241.10899353027344
v 245.3040008544922 244.87100219726562 237.43899536132812
v 262.89801025390625 260.0329895019531 273.7239990234375
v 262.6990051269531 260.55499267578125 274.7929992675781
v 262.2120056152344 260.4830017089844 273.7349853515625
v 276.8479919433594 267.8760070800781 267.8819885253906
v 278.5580139160156 267.5889892578125 268.7300109863281
v 269.4150085449219 248.20700073242188 246.54200744628906
v 268.718994140625 244.38299560546875 245.54100036621094
v 252.63400268554688 259.9530029296875 284.01800537109375
v 249.322998046875 259.6319885253906 288.364990234375
v 254.25999450683594 234.16099548339844 239.26400756835938
v 254.24899291992188 232.99899291992188 242.26600646972656
v 256.22601318359375 234.49000549316406 240.80099487304688
v 252.8509979248047 233.18699645996094 240.4340057373047
v 248.125 259.7250061035156 329.4119873046875
v 245.89100646972656 260.6260070800781 329.1109924316406
v 250.4459991455078 259.81298828125 328.46600341796875
v 255.89999389648438 281.010009765625 317.15899658203125
v 256.5660095214844 282.2590026855469 315.65899658203125
v 261.6940002441406 268.5780029296875 295.86199951171875
v 261.239013671875 269.4010009765625 296.2560119628906
v 260.57000732421875 268.2959899902344 296.5220031738281
v 250.38099670410156 248.1009979248047 285.843994140625
v 248.39300537109375 235.53399658203125 235.99000549316406
v 249.41799926757812 235.552001953125 235.9510040283203
v 263.2229919433594 250.83799743652344 279.0639953613281
v 263.83599853515625 250.0590057373047 279.83599853515625
v 250.50900268554688 235.781005859375 235.78399658203125
v 262.7969970703125 266.531005859375 255.10800170898438
v 247.0850067138672 254.2429962158203 245.8090057373047
v 246.01199340820312 254.65199279785156 249.86700439453125
v 281.2309875488281 259.5769958496094 305.7250061035156
v 252.59500122070312 236.04100036621094 235.68699645996094
v 263.3999938964844 248.24400329589844 276.54998779296875
v 256.8900146484375 251.90499877929688 299.4549865722656
v 253.6540069580078 236.19400024414062 235.8990020751953
v 282.4110107421875 257.02899169921875 288.20098876953125
v 282.4859924316406 253.875 282.78399658203125
v 281.8169860839844 256.4119873046875 281.5929870605469
v 255.1219940185547 236.04800415039062 236.89700317382812
v 252.35699462890625 255.86199951171875 270.1499938964844
v 264.0379943847656 285.8890075683594 308.57598876953125
v 263.5090026855469 286.15301513671875 306.68798828125
v 265.9750061035156 285.7569885253906 307.57501220703125
v 261.5820007324219 285.43701171875 308.18499755859375
v 261.3999938964844 253.65699768066406 302.3219909667969
v 261.1759948730469 253.3520050048828 300.05999755859375
v 247.67999267578125 241.16900634765625 314.6340026855469
v 246.19700622558594 240.08900451660156 309.9779968261719
v 260.5660095214844 268.4150085449219 304.239990234375
v 260.6180114746094 267.3659973144531 305.41400146484375
v 261.4809875488281 254.64700317382812 277.9179992675781
v 261.7860107421875 253.66200256347656 275.6839904785156
v 240.85400390625 242.6820068359375 318.4309997558594
v 256.15399169921875 256.3580017089844 312.8590087890625
v 255.8990020751953 256.8009948730469 313.5509948730469
v 256.9070129394531 256.4259948730469 312.40899658203125
v 241.3260040283203 249.86900329589844 324.5469970703125
v 250.197998046875 230.4969940185547 247.47999572753906
v 247.82200622558594 229.6820068359375 250.1580047607422
v 238.88299560546875 240.39199829101562 309.468994140625
v 255.8990020751953 241.80599975585938 260.156005859375
v 248.1219940185547 236.3350067138672 235.6510009765625
v 261.3689880371094 270.4020080566406 296.47198486328125
v 249.61000061035156 236.3560028076172 235.54800415039062
v 264.1789855957031 237.00799560546875 244.47500610351562
v 264.4859924316406 265.0539855957031 253.94900512695312
v 246.83700561523438 235.5019989013672 291.5329895019531
v 247.45700073242188 234.89100646972656 293.0559997558594
v 248.75999450683594 250.26300048828125 237.63999938964844
v 249.13600158691406 252.54200744628906 239.46200561523438
v 266.0539855957031 281.9840087890625 313.531005859375
v 265.010986328125 283.468994140625 312.8290100097656
v 265.17401123046875 280.2550048828125 314.99200439453125
v 258.10198974609375 284.1510009765625 310.5790100097656
v 262.489013671875 262.4830017089844 290.1780090332031
v 255.80599975585938 249.86599731445312 256.322998046875
v 254.89999389648438 249.90699768066406 255.4709930419922
v 255.13999938964844 250.81100463867188 256.48699951171875
v 252.3249969482422 251.01100158691406 257.97698974609375
v 245.3459930419922 250.55299377441406 243.99400329589844
v 242.80299377441406 247.7570037841797 245.7830047607422
v 246.70799255371094 249.68800354003906 240.1929931640625
v 254.1929931640625 243.98300170898438 254.20700073242188
v 233.3350067138672 256.0530090332031 299.739013671875
v 234.1790008544922 256.6610107421875 303.63299560546875
v 240.13800048828125 251.63499450683594 260.1340026855469
v 237.6320037841797 265.12298583984375 294.4410095214844
v 264.87701416015625 231.03799438476562 258.5780029296875
v 264.28900146484375 230.3350067138672 263.6199951171875
v 260.57598876953125 230.01300048828125 255.1909942626953
v 249.90899658203125 233.24899291992188 239.43600463867188
v 248.4949951171875 233.18299865722656 239.59500122070312
v 256.18798828125 250.9080047607422 257.7170104980469
v 256.20599365234375 251.6230010986328 258.7439880371094
v 256.56500244140625 251.31100463867188 259.77899169921875
v 255.5050048828125 251.51600646972656 257.7449951171875
v 246.77000427246094 257.2279968261719 307.1579895019531
v 246.50900268554688 256.7019958496094 306.4410095214844
v 249.81300354003906 239.50900268554688 255.42300415039062
v 256.6579895019531 254.05099487304688 286.07000732421875
v 255.531005859375 255.21600341796875 287.9169921875
v 244.97900390625 256.32598876953125 281.7829895019531
v 241.32200622558594 258.0580139160156 281.3179931640625
v 263.0150146484375 270.0679931640625 296.62799072265625
v 262.8080139160156 268.9670104980469 296.2590026855469
v 259.9280090332031 268.9490051269531 297.87298583984375
v 245.5019989013672 241.60899353027344 279.89599609375
v 262.29901123046875 251.427001953125 277.47698974609375
v 257.5419921875 283.18499755859375 314.3139953613281
v 277.92401123046875 273.50201416015625 272.4809875488281
v 244.26800537109375 240.06300354003906 261.2120056152344
v 244.0989990234375 239.45799255371094 262.1929931640625
v 261.2309875488281 253.5749969482422 273.25201416015625
v 262.9590148925781 259.343994140625 272.875
v 253.52099609375 228.07000732421875 266.81201171875
v 253.05799865722656 246.8040008544922 254.13800048828125
v 251.7259979248047 279.29400634765625 316.77899169921875
v 252.85299682617188 269.9469909667969 325.6419982910156
v 251.01300048828125 270.67999267578125 325.84100341796875
v 252.00999450683594 272.50799560546875 325.01800537109375
v 239.2010040283203 257.114013671875 272.8900146484375
v 239.0240020751953 259.56500244140625 271.3489990234375
v 238.822998046875 258.3169860839844 274.44500732421875
v 239.76100158691406 256.73699951171875 269.7650146484375
v 272.03399658203125 238.64300537109375 256.4070129394531
v 261.7959899902344 248.51800537109375 272.6650085449219
v 249.34100341796875 229.16600036621094 269.4169921875
v 248.22900390625 228.45599365234375 274.1910095214844
v 258.0350036621094 261.06298828125 285.27801513671875
v 257.531005859375 262.4679870605469 285.83099365234375
v 262.3559875488281 243.5019989013672 237.8090057373047
v 264.135009765625 268.8550109863281 298.9670104980469
v 263.9549865722656 269.4429931640625 299.9809875488281
v 263.864013671875 268.47198486328125 299.9989929199219
v 264.1159973144531 269.66400146484375 298.9670104980469
v 260.72198486328125 260.37701416015625 243.4290008544922
v 259.16400146484375 260.0270080566406 242.60299682617188
v 242.74099731445312 241.17300415039062 238.99400329589844
v 240.22500610351562 258.75 266.72698974609375
v 239.9770050048828 261.52801513671875 268.7669982910156
v 265.0429992675781 256.05999755859375 301.0090026855469
v 265.01800537109375 256.7929992675781 301.20599365234375
v 248.97500610351562 259.86700439453125 309.08099365234375
v 255.72000122070312 252.04299926757812 259.67999267578125
v 257.5150146484375 245.74600219726562 279.57501220703125
v 259.9049987792969 244.86000061035156 279.02899169921875
v 251.54600524902344 233.50799560546875 238.96299743652344
v 250.98199462890625 232.41900634765625 241.6219940185547
v 261.5159912109375 241.75599670410156 238.4080047607422
v 243.07899475097656 237.6179962158203 238.42999267578125
v 243.2220001220703 235.88499450683594 239.531005859375
v 257.3070068359375 269.6440124511719 259.56298828125
v 254.20899963378906 269.010986328125 261.27301025390625
v 249.13900756835938 255.78399658203125 312.0539855957031
v 262.42498779296875 256.1839904785156 277.3320007324219
v 256.4930114746094 271.23699951171875 263.43701171875
v 251.0260009765625 244.24600219726562 255.06900024414062
v 250.61199951171875 243.23699951171875 254.9550018310547
v 249.48500061035156 240.02999877929688 296.7749938964844
v 237.76199340820312 237.93099975585938 250.3260040283203
v 275.5069885253906 278.114990234375 277.7380065917969
v 273.22900390625 279.7860107421875 279.1960144042969
v 260.4490051269531 257.74798583984375 271.9880065917969
v 248.06399536132812 240.41700744628906 309.7239990234375
v 249.41200256347656 241.1820068359375 305.9530029296875
v 258.49798583984375 255.78500366210938 284.7070007324219
v 253.26400756835938 280.5140075683594 316.0060119628906
v 276.60699462890625 259.3909912109375 313.7120056152344
v 277.3999938964844 261.27801513671875 310.85198974609375
v 275.14898681640625 259.75201416015625 315.0429992675781
v 239.6529998779297 242.31100463867188 300.3190002441406
v 257.39300537109375 263.9129943847656 288.85400390625
v 257.593994140625 262.7430114746094 287.4179992675781
v 265.3139953613281 244.3520050048828 240.96800231933594
v 267.927001953125 247.02699279785156 243.31199645996094
v 265.1820068359375 264.6820068359375 291.4809875488281
v 249.8209991455078 245.1060028076172 271.48199462890625
v 249.53399658203125 261.0790100097656 309.6059875488281
v 243.82699584960938 256.5039978027344 329.60198974609375
v 264.33099365234375 254.75100708007812 238.91900634765625
v 259.1369934082031 258.70599365234375 239.29600524902344
v 244.83099365234375 253.0070037841797 328.3710021972656
v 281.7869873046875 260.6730041503906 282.7099914550781
v 254.9530029296875 254.81500244140625 294.4649963378906
v 255.13800048828125 256.0050048828125 291.3160095214844
v 248.62899780273438 233.48800659179688 294.7850036621094
v 250.7030029296875 233.19200134277344 296.63299560546875
v 249.18800354003906 277.80499267578125 308.125
v 250.0780029296875 278.33099365234375 313.6969909667969
v 258.7330017089844 226.47500610351562 274.08599853515625
v 261.8479919433594 228.38699340820312 269.3080139160156
v 251.66700744628906 258.531005859375 315.5069885253906
v 281.0920104980469 249.77000427246094 274.1570129394531
v 256.2019958496094 260.885986328125 273.8240051269531
v 255.35499572753906 261.57598876953125 275.2049865722656
v 254.85499572753906 261.2460021972656 273.4389953613281
v 259.927001953125 230.64199829101562 293.17498779296875
v 256.4419860839844 231.16099548339844 295.10400390625
v 256.10699462890625 229.94000244140625 293.0469970703125
v 274.56201171875 271.0270080566406 304.61199951171875
v 274.9110107421875 267.65301513671875 306.2040100097656
v 252.52200317382812 260.0849914550781 275.27899169921875
v 271.8399963378906 263.9909973144531 254.71800231933594
v 258.4100036621094 233.90699768066406 243.97500610351562
v 251.09500122070312 242.7989959716797 254
v 251.26400756835938 243.593994140625 254.03500366210938
v 251.78599548339844 242.4320068359375 253.17999267578125
v 251.94400024414062 264.0679931640625 306.5799865722656
v 251.2310028076172 263.86199951171875 308.7590026855469
v 240.03799438476562 263.260009765625 270
v 239.10800170898438 262.57501220703125 271.77899169921875
v 241.6020050048828 263.2659912109375 266.9630126953125
v 279.04998779296875 239.75900268554688 287.9750061035156
v 280.9880065917969 242.8209991455078 286.843994140625
v 239.83399963378906 232.56900024414062 267.22601318359375
v 255.9550018310547 261.4079895019531 276.5140075683594
v 241.5850067138672 239.60000610351562 240.68699645996094
v 246.47000122070312 253.97999572753906 306.5580139160156
v 246.2689971923828 254.8179931640625 305.9309997558594
v 245.9010009765625 254.468994140625 307.2139892578125
v 249.78500366210938 260.1820068359375 312.7030029296875
v 241.12600708007812 243.63299560546875 267.9930114746094
v 257.61199951171875 237.59800720214844 303.9739990234375
v 254.91600036621094 252.66400146484375 261.71099853515625
v 254.50100708007812 253.05999755859375 264.03900146484375
v 256.7820129394531 255.73399353027344 310.72698974609375
v 264.63800048828125 260.09600830078125 301.40399169921875
v 263.36199951171875 261.5039978027344 302.2929992675781
v 263.93701171875 259.79998779296875 303.031005859375
v 264.1369934082031 261.4179992675781 299.9649963378906
v 239.40899658203125 257.5780029296875 293.5570068359375
v 241.2790069580078 258.239013671875 292.7900085449219
v 256.75201416015625 253.14300537109375 303.80999755859375
v 241.13999938964844 229.21499633789062 260.5050048828125
v 258.4580078125 265.5570068359375 291.3810119628906
v 256.0899963378906 265.52301025390625 291.6109924316406
v 258.1830139160156 266.5419921875 292.8500061035156
v 254.54600524902344 251.3560028076172 257.0889892578125
v 233.66799926757812 257.00201416015625 297.1289978027344
v 254.76100158691406 245.0240020751953 255.3300018310547
v 273.54998779296875 283.4339904785156 289.5379943847656
v 274.447998046875 284.2460021972656 295.8710021972656
v 263.11199951171875 257.1820068359375 278.0409851074219
v 238.05799865722656 255.36900329589844 294.30499267578125
v 251.5679931640625 246.4429931640625 322.38800048828125
v 252.14599609375 249.08200073242188 254.9010009765625
v 260.3070068359375 266.11700439453125 292.1109924316406
v 245.4080047607422 242.78900146484375 259.9590148925781
v 263.9020080566406 261.18798828125 294.23699951171875
v 253.875 264.4419860839844 291.0459899902344
v 253.91299438476562 265.29901123046875 293.02801513671875
v 263.135986328125 263.0690002441406 299.6520080566406
v 263.97900390625 262.89801025390625 297.239013671875
v 248.3520050048828 228.3040008544922 283.9230041503906
v 238.3249969482422 260.1669921875 292.3290100097656
v 250.37399291992188 242.10899353027344 254.72900390625
v 250.81700134277344 240.9759979248047 254.427001953125
v 245.25599670410156 230.906005859375 246.32400512695312
v 247.28399658203125 230.41299438476562 247.0679931640625
v 281.7770080566406 263.45001220703125 277.32598876953125
v 262.60198974609375 260.3450012207031 278.34698486328125
v 263.218994140625 259.9949951171875 277.40899658203125
v 253.18099975585938 248.96600341796875 280.51300048828125
v 252.5800018310547 242.4149932861328 252.7449951171875
v 252.0709991455078 241.6179962158203 253.64700317382812
v 262.72198486328125 249.01400756835938 282.7749938964844
v 263.0820007324219 249.4040069580078 281.93798828125
v 262.9859924316406 268.85400390625 302.35400390625
v 262.8290100097656 267.8420104980469 302.18499755859375
v 249.09300231933594 260.3580017089844 297.1610107421875
v 247.3459930419922 259.1239929199219 298.68701171875
v 246.58599853515625 258.94500732421875 296.8179931640625
v 260.3909912109375 262.0589904785156 288.4729919433594
v 246.71499633789062 252.3730010986328 328.1619873046875
v 265.8030090332031 272.7510070800781 315.9219970703125
v 264.9010009765625 273.1780090332031 262.1629943847656
v 263.9590148925781 274.66400146484375 265.9100036621094
v 247.90199279785156 238.52000427246094 258.1099853515625
v 246.68899536132812 238.18800354003906 259.2309875488281
v 248.0709991455078 237.8520050048828 259.1610107421875
v 264.8280029296875 262.4070129394531 293.35699462890625
v 265.343994140625 262.9729919433594 292.8760070800781
v 264.9840087890625 262.97601318359375 294.54901123046875
v 264.9830017089844 262.947998046875 291.47900390625
v 256.5010070800781 226.16600036621094 279.12298583984375
v 236.04400634765625 245.86300659179688 316.510986328125
v 266.17401123046875 230.74099731445312 266.6719970703125
v 258.6700134277344 274.4580078125 320.47698974609375
v 257.885009765625 278.3489990234375 318.4169921875
v 251.12899780273438 241.9320068359375 253.98800659179688
v 257.4590148925781 248.6320037841797 263.4179992675781
v 247.04299926757812 274.02899169921875 279.093994140625
v 268.1390075683594 253.86900329589844 242.21400451660156
v 268.72100830078125 253.76499938964844 244.14500427246094
v 259.3680114746094 259.5150146484375 240.48599243164062
v 260.89599609375 259.9020080566406 241.41200256347656
v 254.30599975585938 260.3970031738281 312.947998046875
v 255.4320068359375 260.0849914550781 313.19500732421875
v 253.0989990234375 260.14300537109375 313.3219909667969
v 268.9800109863281 251.98300170898438 245.09800720214844
v 268.5530090332031 252.08099365234375 242.82699584960938
v 266.7239990234375 235.4969940185547 248.98300170898438
v 269.15301513671875 241.88600158691406 307.27899169921875
v 263.93798828125 264.8760070800781 296.77899169921875
v 264.875 264.1099853515625 295.08099365234375
v 253.4810028076172 256.1340026855469 239.55499267578125
v 261.6820068359375 246.33200073242188 281.9110107421875
v 245.6699981689453 237.9770050048828 260.5260009765625
v 244.78199768066406 238.81300354003906 260.9909973144531
v 263.0299987792969 264.6319885253906 290.3190002441406
v 243.67799377441406 246.1580047607422 296.77301025390625
v 253.83799743652344 261.62200927734375 280.5469970703125
v 252.97500610351562 261.0050048828125 279.13299560546875
v 253.24200439453125 260.8919982910156 281.7860107421875
v 251.72900390625 239.4219970703125 256.72698974609375
v 251.32899475097656 239.97999572753906 255.34300231933594
v 267.97900390625 247.53900146484375 317.0350036621094
v 261.49700927734375 266.0150146484375 306.29400634765625
v 261.5169982910156 267.2300109863281 304.5780029296875
v 259.72198486328125 266.7430114746094 306.52398681640625
v 264.6600036621094 255.33399963378906 299.8340148925781
v 278.95001220703125 273.4309997558594 274.9960021972656
v 280.2850036621094 271.4729919433594 274.4849853515625
v 280.739013671875 272.9700012207031 279.4840087890625
v 260.6180114746094 253.8280029296875 298.0039978027344
v 268.00299072265625 256.0740051269531 246.2530059814453
v 268.7799987792969 256.1730041503906 248.68299865722656
v 268.7640075683594 254.6060028076172 246.6840057373047
v 262.11700439453125 239.2779998779297 305.68701171875
v 267.718994140625 239.7480010986328 303.322998046875
v 240.14999389648438 259.2799987792969 325.87799072265625
v 263.4960021972656 268.7749938964844 301.0950012207031
v 240.74000549316406 238.06700134277344 242.58700561523438
v 253.7239990234375 248.2239990234375 254.20700073242188
v 252.63299560546875 248.5959930419922 254.34300231933594
v 254.53500366210938 243.7220001220703 314.9460144042969
v 254.5749969482422 242.16900634765625 310.49200439453125
v 258.9389953613281 253.5500030517578 302.885986328125
v 257.42498779296875 252.45700073242188 301.3680114746094
v 259.739013671875 261.0570068359375 306.3580017089844
v 260.3219909667969 262.6860046386719 307.5039978027344
v 245.31300354003906 237.5780029296875 263.3810119628906
v 245.8939971923828 237.44000244140625 265.46600341796875
v 245.59100341796875 234.98500061035156 282.6990051269531
v 244.95700073242188 237.10499572753906 268.3320007324219
v 253.48800659179688 231.7010040283203 296.10198974609375
v 253.00900268554688 233.97900390625 298.5989990234375
v 270.4580078125 282.5610046386719 284.2449951171875
v 274.9779968261719 281.6700134277344 284.10198974609375
v 253.8489990234375 261.70001220703125 312.20098876953125
v 261.6960144042969 235.34100341796875 244.25999450683594
v 258.1210021972656 260.8949890136719 251.9320068359375
v 261.30999755859375 263.2359924316406 253.1230010986328
v 254.22900390625 239.68299865722656 261.8840026855469
v 253.26100158691406 239.1959991455078 260.5150146484375
v 253.8979949951172 261.45599365234375 274.90899658203125
v 253.0050048828125 261.02301025390625 275.1199951171875
v 247.89700317382812 242.125 257.3110046386719
v 248.72500610351562 242.9709930419922 256.8580017089844
v 236.4429931640625 263.5820007324219 309.3710021972656
v 235.54600524902344 263.8059997558594 299.1419982910156
v 262.2099914550781 259.7460021972656 272.48199462890625
v 261.88299560546875 258.5849914550781 272.0639953613281
v 243.16299438476562 256.552001953125 258.56298828125
v 261.5740051269531 263.52899169921875 289.7510070800781
v 239.34100341796875 230.59500122070312 259.0190124511719
v 242.68099975585938 252.91600036621094 270.5920104980469
v 241.58799743652344 250.26699829101562 268.02899169921875
v 247.69500732421875 253.5659942626953 309.9070129394531
v 251.3090057373047 262.98199462890625 311.04901123046875
v 252.1719970703125 261.96099853515625 312.0329895019531
v 264.8659973144531 258.4909973144531 301.7919921875
v 239.7989959716797 250.45700073242188 265.9930114746094
v 244.59800720214844 239.69700622558594 308.2560119628906
v 257.5690002441406 256.8890075683594 312.1960144042969
v 280.69000244140625 277.9389953613281 293.97900390625
v 263.677001953125 246.9499969482422 237.38400268554688
v 240.9720001220703 260.56298828125 326.9289855957031
v 262.072998046875 260.1839904785156 242.31399536132812
v 264.31201171875 261.7770080566406 293.5039978027344
v 265.3160095214844 259.6159973144531 300.0199890136719
v 255.33900451660156 258.7099914550781 271.6659851074219
v 250.83900451660156 254.76199340820312 329.02801513671875
v 248.89300537109375 253.68899536132812 329.09600830078125
v 281.7099914550781 260.58599853515625 303.27801513671875
v 246.97799682617188 231.3800048828125 244.11500549316406
v 261.2980041503906 261.40399169921875 305.43798828125
v 250.1820068359375 240.0749969482422 254.7899932861328
v 277.54400634765625 274.7239990234375 274.5429992675781
v 278.0870056152344 276.1050109863281 278.6099853515625
v 276.9949951171875 274.6199951171875 272.6759948730469
v 269.8489990234375 265.4830017089844 254.9600067138672
v 263.18499755859375 285.6610107421875 299.3380126953125
v 267.5559997558594 282.65399169921875 312.03900146484375
v 267.0559997558594 283.9020080566406 311.2900085449219
v 249.1959991455078 258.4010009765625 329.8009948730469
v 259.7409973144531 227.61199951171875 284.7120056152344
v 254.6020050048828 248.06399536132812 278.58099365234375
v 263.5820007324219 269.4389953613281 297.08599853515625
v 235.3699951171875 249.5469970703125 316.1929931640625
v 238.68699645996094 245.8780059814453 267.82501220703125
v 250.4219970703125 257.99700927734375 315.656005859375
v 245.27699279785156 237.75999450683594 261.78399658203125
v 244.6269989013672 238.27699279785156 262.260986328125
v 257.3550109863281 256.2860107421875 311.31298828125
v 256.57501220703125 256.0799865722656 311.9169921875
v 264.1419982910156 267.23699951171875 296.9010009765625
v 263.8949890136719 267.7860107421875 299.04400634765625
v 255.4720001220703 241.55299377441406 257.8739929199219
v 245.83299255371094 254.93499755859375 310.8550109863281
v 246.4720001220703 255.68299865722656 311.5249938964844
v 245.9340057373047 256.00201416015625 310.3869934082031
v 246.36399841308594 254.6020050048828 311.4360046386719
v 259.8550109863281 267.6860046386719 296.59100341796875
v 245.78799438476562 259.2510070800781 293.510986328125
v 278.16900634765625 253.68299865722656 313.42401123046875
v 246.20399475097656 237.83200073242188 267.4289855957031
v 245.62399291992188 239.0679931640625 280.4679870605469
v 252.2790069580078 266.2879943847656 259.26800537109375
v 248.89100646972656 270.5610046386719 325.6809997558594
v 249.84300231933594 272.18499755859375 325.1239929199219
v 265.52301025390625 263.9259948730469 292.07501220703125
v 265.2040100097656 263.8370056152344 291.156005859375
v 263.9129943847656 255.2550048828125 297.56201171875
v 264.93701171875 256.2380065917969 298.1579895019531
v 264.15399169921875 256.4119873046875 296.47900390625
v 240.02499389648438 262.2879943847656 323.85699462890625
v 253.7729949951172 271.3869934082031 324.7760009765625
v 282.0559997558594 266.1919860839844 277.7969970703125
v 250.13600158691406 250.38099670410156 260.4700012207031
v 250.64599609375 249.94500732421875 258.5840148925781
v 257.34698486328125 254.61199951171875 269.2380065917969
v 241.281005859375 268.20098876953125 320.4590148925781
v 242.61300659179688 266.36700439453125 324.3819885253906
v 242.84500122070312 262.81298828125 327.406005859375
v 242.2449951171875 261.3609924316406 327.7030029296875
v 243.96499633789062 240.43600463867188 263.4200134277344
v 253.24099731445312 240.8719940185547 255.2519989013672
v 252.07400512695312 240.74099731445312 254.84300231933594
v 265.66400146484375 263.7969970703125 293.2080078125
v 262.2699890136719 254.0590057373047 298.9079895019531
v 262.5429992675781 254.82000732421875 297.3479919433594
v 253.1699981689453 273.8240051269531 323.9020080566406
v 258.86199951171875 255.6009979248047 294.8760070800781
v 261.4339904785156 255.5970001220703 296.07501220703125
v 250.81199645996094 279.6210021972656 312.2340087890625
v 256.8320007324219 265.2200012207031 307.052001953125
v 253.9669952392578 228.31100463867188 261.0369873046875
v 263.9750061035156 262.7449951171875 252.02000427246094
v 254.56399536132812 251.822998046875 258.24798583984375
v 258.5710144042969 261.3919982910156 288.14300537109375
v 262.5870056152344 246.76699829101562 282.34100341796875
v 238.58299255371094 263.052001953125 279.0929870605469
v 239.6739959716797 244.83200073242188 267.9549865722656
v 279.5369873046875 263.10198974609375 304.8340148925781
v 278.4419860839844 262.8689880371094 307.2510070800781
v 265.1780090332031 256.0889892578125 299.85400390625
v 261.7760009765625 270.4570007324219 302
v 253.18899536132812 262.7090148925781 311.72601318359375
v 252.54800415039062 260.9079895019531 312.6889953613281
v 252.68299865722656 260.468994140625 277.0719909667969
v 252.99200439453125 258.5920104980469 249.625
v 252.86599731445312 258.20098876953125 246.73899841308594
v 255.98599243164062 259.14599609375 248.9459991455078
v 263.46099853515625 257.1969909667969 295.6029968261719
v 270.8429870605469 284.4639892578125 306.2359924316406
v 270.760986328125 283.75201416015625 307.4649963378906
v 268.8970031738281 284.7659912109375 307.59100341796875
v 272.4739990234375 283.11199951171875 305.8330078125
v 260.1059875488281 267.1199951171875 294.0159912109375
v 251.9739990234375 245.4720001220703 270.4440002441406
v 255.90499877929688 248.0050048828125 321.5169982910156
v 245.13999938964844 268.1940002441406 267.9849853515625
v 280.7200012207031 256.1839904785156 275.4739990234375
v 281.8689880371094 252.23399353027344 276.8399963378906
v 242.20700073242188 266.0660095214844 269.5799865722656
v 254.41299438476562 249.07200622558594 254.63499450683594
v 253.23899841308594 249.23500061035156 254.49400329589844
v 249.1649932861328 237.56300354003906 260.18701171875
v 268.9119873046875 283.8909912109375 309.4389953613281
v 246.9340057373047 232.6739959716797 241.16600036621094
v 248.86099243164062 232.1909942626953 241.9239959716797
v 271.64898681640625 281.4540100097656 307.7799987792969
v 258.156005859375 256.87701416015625 310.8089904785156
v 233.54200744628906 252.68800354003906 298.8169860839844
v 234.16700744628906 253.10000610351562 297.2279968261719
v 233.49000549316406 254.74600219726562 297.8590087890625
v 252.02099609375 231.7689971923828 243.8990020751953
v 240.75599670410156 240.27099609375 312.2460021972656
v 240.6280059814453 236.072998046875 244.02499389648438
v 239.94500732421875 239.0399932861328 244.43600463867188
v 236.27200317382812 250.72799682617188 319.09698486328125
v 245.06500244140625 254.0800018310547 329.4010009765625
v 264.87701416015625 257.78399658203125 241.2169952392578
v 263.0010070800781 259.0509948730469 241.03900146484375
v 258.8320007324219 259.7590026855469 248.14999389648438
v 256.8110046386719 259.10198974609375 246.13499450683594
v 254.48599243164062 242.86599731445312 254.6300048828125
v 282.6109924316406 274.12701416015625 291.4020080566406
v 281.0849914550781 276.0409851074219 294.45098876953125
v 282.20098876953125 248.3939971923828 281.9549865722656
v 258.08599853515625 256.08099365234375 309.5769958496094
v 235.8179931640625 263.2659912109375 296.31201171875
v 237.10699462890625 262.3590087890625 293.6310119628906
v 256.31201171875 257.89898681640625 288.927001953125
v 257.260009765625 259.44000244140625 286.57000732421875
v 257.31201171875 259.6789855957031 288.8630065917969
v 257.25799560546875 257.52301025390625 285.718994140625
v 250.35000610351562 243.88400268554688 269.718994140625
v 252.88800048828125 243.93499755859375 268.8219909667969
v 276.77899169921875 245.97000122070312 263.51300048828125
v 242.3509979248047 239.65199279785156 306.1679992675781
v 251.6790008544922 260.3739929199219 313.04901123046875
v 272.7130126953125 270.12298583984375 308.2720031738281
v 253.5540008544922 251.3350067138672 257.46099853515625
v 253.38999938964844 252.9320068359375 263.2170104980469
v 259.59698486328125 272.11700439453125 320.7229919433594
v 270.01300048828125 274.43798828125 270.0480041503906
v 257.5400085449219 261.3269958496094 287.1400146484375
v 269.1400146484375 273.3380126953125 266.4909973144531
v 266.2799987792969 275.2760009765625 268.04400634765625
v 249.0749969482422 252.2570037841797 268.2439880371094
v 248.03599548339844 272.6289978027344 273.5270080566406
v 258.15301513671875 259.0840148925781 311.8739929199219
v 255.08700561523438 242.19000244140625 256.21099853515625
v 279.510986328125 255.60499572753906 270.2460021972656
v 280.46600341796875 252.1300048828125 272.0299987792969
v 238.35899353027344 241.4739990234375 248.53799438476562
v 262.29901123046875 260.6830139160156 303.9179992675781
v 238.55999755859375 266.70098876953125 290.3949890136719
v 245.3730010986328 241.5489959716797 259.29901123046875
v 244.76699829101562 247.2689971923828 295.0419921875
v 244.0229949951172 262.12298583984375 328.15301513671875
v 233.07200622558594 253.27499389648438 300.6960144042969
v 261.2699890136719 260.0320129394531 273.13800048828125
v 261.9580078125 273.47198486328125 263.75
v 244.07000732421875 258.1700134277344 285.55999755859375
v 250.84300231933594 239.38600158691406 255.718994140625
v 252.59800720214844 242.13299560546875 310.76300048828125
v 249.9600067138672 241.47799682617188 312.3580017089844
v 246.08999633789062 253.4709930419922 295.0350036621094
v 246.98800659179688 255.06199645996094 311.89599609375
v 262.43499755859375 262.239013671875 304.55999755859375
v 249.21600341796875 238.18800354003906 258.35101318359375
v 262.7850036621094 263.32501220703125 302.614013671875
v 234.95599365234375 260.93798828125 295.4150085449219
v 249.39300537109375 231.1219940185547 244.60899353027344
v 262.63800048828125 268.031005859375 295.6260070800781
v 273.3330078125 240.85299682617188 300.1130065917969
v 266.07598876953125 236.84500122070312 299.3290100097656
v 250.8730010986328 280.218994140625 308.27301025390625
v 260.7489929199219 244.74899291992188 274.0320129394531
v 251.79600524902344 274.72100830078125 323.7619934082031
v 251.00799560546875 273.22198486328125 324.5849914550781
v 255.2530059814453 235.12100219726562 238.38299560546875
v 265.72698974609375 281.9119873046875 283.86700439453125
v 241.04200744628906 241.06300354003906 301.5530090332031
v 268.9209899902344 250.1959991455078 244.468994140625
v 267.97601318359375 249.78199768066406 242
v 245.5659942626953 240.83799743652344 258.8680114746094
v 255.41200256347656 243.697998046875 269.15301513671875
v 262.0299987792969 270.0169982910156 302.87298583984375
v 240.22300720214844 265.010986328125 321.5769958496094
v 264.51300048828125 262.1000061035156 295.1470031738281
v 257.63299560546875 262.7569885253906 310.3080139160156
v 256.3500061035156 258.906005859375 313.7099914550781
v 233.4149932861328 247.28799438476562 305.8450012207031
v 248.41700744628906 236.52000427246094 294.91400146484375
v 250.36300659179688 239.0189971923828 256.17401123046875
v 249.57899475097656 239.06100463867188 256.23199462890625
v 250.05499267578125 238.6300048828125 257.2409973144531
v 246.35299682617188 230.98599243164062 279.135009765625
v 248.44500732421875 256.44000244140625 281.6759948730469
v 259.4779968261719 261.4150085449219 282.9909973144531
v 249.43600463867188 251.13999938964844 263.0010070800781
v 262.4599914550781 273.7019958496094 318.375
v 241.3560028076172 236.24200439453125 242.23800659179688
v 259.5820007324219 252.96400451660156 301.14300537109375
v 259.0190124511719 265.89599609375 307.39801025390625
v 260.010986328125 264.58599853515625 307.9830017089844
v 260.5580139160156 265.51300048828125 307.6239929199219
v 233.4530029296875 250.8520050048828 300.3890075683594
v 258.20599365234375 244.98300170898438 267.9909973144531
v 242.1929931640625 236.90899658203125 240.3090057373047
v 241.49400329589844 237.656005859375 241.0679931640625
v 252.89599609375 241.36500549316406 254.0970001220703
v 253.05299377441406 260.3680114746094 273.677001953125
v 246.50900268554688 255.3419952392578 304.68701171875
v 263.12799072265625 242.57400512695312 239.48800659179688
v 263.6990051269531 244.1230010986328 238.89500427246094
v 263.29998779296875 267.6570129394531 300.7699890136719
v 254.99099731445312 256.26800537109375 268.718994140625
v 246.7989959716797 245.86000061035156 262.510986328125
v 239.572998046875 248.1280059814453 267.5799865722656
v 240.64999389648438 247.07400512695312 267.9469909667969
v 255.16799926757812 254.7239990234375 308.7569885253906
v 254.70199584960938 255.38299560546875 309.8900146484375
v 274.4289855957031 242.22900390625 259.875
v 245.8800048828125 244.2969970703125 261.1239929199219
v 246.8780059814453 247.4149932861328 237.63600158691406
v 263.2640075683594 255.7899932861328 296.31201171875
v 237.00900268554688 242.197998046875 265.49700927734375
v 261.489013671875 262.7760009765625 289.4079895019531
v 238.91299438476562 239.2310028076172 246.8719940185547
v 249.6909942626953 260.68798828125 311.2489929199219
v 254.2949981689453 260.12799072265625 272.4360046386719
v 255.9709930419922 260.0690002441406 272.51300048828125
v 261.6080017089844 251.9949951171875 275.36700439453125
v 242.26800537109375 258.6780090332031 284.8810119628906
v 241.9510040283203 245.75399780273438 267.99200439453125
v 243.0489959716797 248.48599243164062 268.1610107421875
v 263.9620056152344 269.87298583984375 298.0409851074219
v 258.08599853515625 266.5350036621094 305.9530029296875
v 246.09100341796875 256.2340087890625 307.1629943847656
v 263.14599609375 247.7169952392578 282.0409851074219
v 246.48899841308594 243.49200439453125 278.72601318359375
v 260.7770080566406 260.57501220703125 274.4460144042969
v 247.83099365234375 272.01800537109375 324.1289978027344
v 250.7010040283203 229.2899932861328 291.3699951171875
v 244.3179931640625 238.8070068359375 263.7229919433594
v 263.6000061035156 247.58700561523438 277.5509948730469
v 263.9049987792969 247.9199981689453 279.11700439453125
v 255.39500427246094 259.8590087890625 252.12600708007812
v 260.8489990234375 276.7950134277344 318.6510009765625
v 255.31100463867188 256.3940124511719 312.74200439453125
v 252.6020050048828 255.71600341796875 328.3450012207031
v 271.7380065917969 236.81199645996094 295.2229919433594
v 266.7950134277344 234.302001953125 295.5050048828125
v 273.614990234375 235.00399780273438 289.24700927734375
v 250.1230010986328 259.5199890136719 314.9469909667969
v 250.73800659179688 259.10400390625 315.52099609375
v 263.4590148925781 270.4419860839844 318.3529968261719
v 263.6130065917969 270.3689880371094 297.60198974609375
v 263.9440002441406 270.37799072265625 298.6050109863281
v 263.9309997558594 270.3059997558594 298.0849914550781
v 253.55999755859375 261.8789978027344 286.260009765625
v 256.0849914550781 263.6189880371094 287.5610046386719
v 261.114013671875 274.97900390625 267.5400085449219
v 270.1239929199219 282.4540100097656 309.3739929199219
v 257.69000244140625 244.80799865722656 265.489013671875
v 259.5480041503906 269.6709899902344 258.20001220703125
v 239.18499755859375 269.614013671875 291.3580017089844
v 263.72900390625 278.07000732421875 316.60699462890625
v 245.6009979248047 243.29400634765625 281.0249938964844
v 254.61599731445312 255.80099487304688 238.03399658203125
v 253.23199462890625 255.1580047607422 238.3260040283203
v 264.6400146484375 245.94000244140625 238.83099365234375
v 254.6280059814453 263.7179870605469 288.8210144042969
v 250.86500549316406 242.94900512695312 315.9330139160156
v 246.58700561523438 259.0929870605469 330
v 282.8680114746094 273.9519958496094 288.1400146484375
v 251.96400451660156 245.49000549316406 254.40199279785156
v 251.25900268554688 234.55499267578125 298.02801513671875
v 249.7259979248047 234.53399658203125 296.5610046386719
v 272.6470031738281 285.1289978027344 301.3869934082031
v 264.76800537109375 265.1719970703125 291.4209899902344
v 267.6860046386719 251.4720001220703 241.21499633789062
v 242.04800415039062 259.72601318359375 328.20001220703125
v 243.44900512695312 260.18798828125 328.9410095214844
v 251.16000366210938 257.5119934082031 329.2850036621094
v 254.21800231933594 247.0469970703125 254.4219970703125
v 263.447998046875 276.50799560546875 269.7590026855469
v 246.86199951171875 255.71600341796875 298.5690002441406
v 263.9590148925781 249.25100708007812 279.97198486328125
v 253.63400268554688 261.0539855957031 273.43499755859375
v 267.2950134277344 245.9429931640625 315.593994140625
v 244.9459991455078 237.8990020751953 264.9849853515625
v 265.90399169921875 248.6510009765625 318.2980041503906
v 265.5480041503906 264.64599609375 292.0849914550781
v 247.0469970703125 242.85299682617188 258.2640075683594
v 273.7640075683594 281.13299560546875 305.1940002441406
v 262.9259948730469 231.68099975585938 251.80799865722656
v 247.0500030517578 245.1719970703125 279.90899658203125
v 246.01499938964844 255.43899536132812 306.5929870605469
v 263.6830139160156 254.7010040283203 302.93798828125
v 253.33900451660156 245.57899475097656 319.93798828125
v 260.6659851074219 244.697998046875 277.5480041503906
v 255.59300231933594 255.77099609375 311.4590148925781
v 255.9550018310547 264.7040100097656 289.9590148925781
v 251.60400390625 256.6910095214844 312.3169860839844
v 282.02099609375 276.4859924316406 290.40899658203125
v 244.48899841308594 258.7799987792969 329.9410095214844
v 246.80599975585938 243.98899841308594 259.4179992675781
v 246.59800720214844 241.51699829101562 258.1619873046875
v 249.32000732421875 273.5379943847656 323.55499267578125
v 268.50201416015625 255.31100463867188 244.4600067138672
v 282.2099914550781 273.5639953613281 283.97198486328125
v 246.40899658203125 258.8009948730469 287.9549865722656

g grp1
usemtl mtl1
f 3 2 1 
f 4 1 2 
f 7 6 5 
f 8 5 6 
f 11 10 9 
f 12 9 10 
f 15 14 13 
f 16 13 14 
f 19 18 17 
f 20 17 18 
f 21 9 12 
f 24 23 22 
f 25 22 23 
f 27 26 10 
f 12 10 26 
f 30 29 28 
f 31 28 29 
f 34 33 32 
f 35 32 33 
f 36 27 10 
f 39 38 37 
f 40 37 38 
f 41 26 27 
f 44 43 42 
f 45 42 43 
f 48 47 46 
f 49 46 47 
f 21 51 50 
f 52 50 51 
f 55 54 53 
f 56 53 54 
f 9 21 50 
f 57 9 50 
f 60 59 58 
f 61 58 59 
f 11 9 57 
f 64 63 62 
f 65 62 63 
f 36 10 11 
f 66 41 27 
f 66 27 36 
f 69 68 67 
f 70 67 68 
f 73 72 71 
f 74 71 72 
f 75 41 66 
f 78 77 76 
f 79 76 77 
f 81 80 77 
f 82 77 80 
f 83 50 52 
f 84 83 52 
f 87 86 85 
f 88 85 86 
f 57 50 83 
f 91 90 89 
f 92 89 90 
f 95 94 93 
f 96 93 94 
f 99 98 97 
f 100 97 98 
f 103 102 101 
f 104 101 102 
f 105 36 11 
f 108 107 106 
f 109 106 107 
f 111 110 25 
f 112 25 110 
f 113 66 36 
f 113 36 105 
f 114 75 66 
f 114 66 113 
f 117 116 115 
f 118 115 116 
f 121 120 119 
f 122 119 120 
f 123 75 114 
f 124 75 123 
f 127 126 125 
f 128 125 126 
f 129 83 84 
f 130 129 84 
f 131 57 83 
f 131 83 129 
f 134 133 132 
f 135 132 133 
f 136 57 131 
f 11 57 136 
f 139 138 137 
f 140 137 138 
f 141 11 136 
f 105 11 141 
f 142 113 105 
f 142 105 141 
f 143 114 113 
f 143 113 142 
f 144 123 114 
f 144 114 143 
f 147 146 145 
f 148 145 146 
f 151 150 149 
f 152 149 150 
f 155 154 153 
f 156 153 154 
f 159 158 157 
f 160 157 158 
f 163 162 161 
f 164 161 162 
f 165 129 130 
f 166 165 130 
f 167 131 129 
f 167 129 165 
f 168 136 131 
f 168 131 167 
f 169 141 136 
f 169 136 168 
f 170 142 141 
f 170 141 169 
f 171 143 142 
f 171 142 170 
f 171 144 143 
f 174 173 172 
f 175 172 173 
f 178 177 176 
f 179 176 177 
f 182 181 180 
f 183 180 181 
f 184 144 171 
f 123 144 184 
f 187 186 185 
f 188 185 186 
f 73 71 189 
f 190 189 71 
f 193 192 191 
f 194 191 192 
f 195 165 166 
f 198 197 196 
f 199 196 197 
f 200 167 165 
f 200 165 195 
f 201 168 167 
f 201 167 200 
f 202 169 168 
f 202 168 201 
f 205 204 203 
f 206 203 204 
f 209 208 207 
f 210 207 208 
f 213 212 211 
f 214 211 212 
f 215 171 170 
f 218 217 216 
f 219 216 217 
f 169 215 170 
f 222 221 220 
f 223 220 221 
f 224 171 215 
f 227 226 225 
f 228 225 226 
f 224 184 171 
f 229 224 215 
f 232 231 230 
f 233 230 231 
f 235 48 234 
f 236 234 48 
f 237 184 224 
f 240 239 238 
f 241 238 239 
f 244 243 242 
f 245 242 243 
f 248 247 246 
f 249 246 247 
f 130 251 250 
f 252 250 251 
f 253 205 203 
f 256 255 254 
f 257 254 255 
f 258 201 200 
f 261 260 259 
f 262 259 260 
f 195 258 200 
f 265 264 263 
f 266 263 264 
f 202 201 258 
f 269 268 267 
f 270 267 268 
f 273 272 271 
f 274 271 272 
f 276 275 267 
f 277 267 275 
f 280 279 278 
f 281 278 279 
f 282 215 169 
f 73 283 72 
f 284 72 283 
f 287 286 285 
f 288 285 286 
f 291 290 289 
f 292 289 290 
f 295 294 293 
f 296 293 294 
f 298 156 297 
f 299 297 156 
f 300 215 282 
f 303 302 301 
f 304 301 302 
f 307 306 305 
f 308 305 306 
f 311 310 309 
f 312 309 310 
f 315 314 313 
f 316 313 314 
f 319 318 317 
f 320 317 318 
f 322 321 314 
f 316 314 321 
f 324 207 323 
f 86 323 207 
f 327 326 325 
f 328 325 326 
f 268 329 270 
f 330 270 329 
f 333 332 331 
f 334 331 332 
f 337 336 335 
f 338 335 336 
f 341 340 339 
f 342 339 340 
f 345 344 343 
f 346 343 344 
f 349 348 347 
f 350 347 348 
f 272 352 351 
f 353 351 352 
f 258 354 202 
f 282 202 354 
f 357 356 355 
f 358 355 356 
f 361 360 359 
f 362 359 360 
f 365 364 363 
f 366 363 364 
f 369 368 367 
f 279 367 368 
f 372 371 370 
f 373 370 371 
f 375 374 97 
f 99 97 374 
f 376 331 334 
f 229 215 300 
f 379 378 377 
f 380 377 378 
f 383 382 381 
f 384 381 382 
f 202 282 169 
f 387 386 385 
f 388 385 386 
f 391 390 389 
f 392 389 390 
f 395 394 393 
f 396 393 394 
f 398 152 397 
f 150 397 152 
f 401 400 399 
f 379 399 400 
f 404 403 402 
f 405 402 403 
f 354 258 406 
f 195 406 258 
f 409 408 407 
f 410 407 408 
f 413 412 411 
f 414 411 412 
f 416 415 172 
f 174 172 415 
f 222 418 417 
f 419 417 418 
f 421 420 16 
f 422 16 420 
f 300 282 423 
f 354 423 282 
f 390 424 392 
f 425 392 424 
f 426 300 423 
f 429 428 427 
f 430 427 428 
f 433 432 431 
f 434 431 432 
f 435 302 303 
f 438 437 436 
f 439 436 437 
f 440 354 406 
f 423 354 440 
f 443 442 441 
f 444 441 442 
f 447 446 445 
f 448 445 446 
f 450 442 449 
f 451 449 442 
f 454 453 452 
f 455 452 453 
f 457 257 456 
f 458 456 257 
f 68 69 459 
f 460 459 69 
f 463 462 461 
f 464 461 462 
f 467 466 465 
f 468 465 466 
f 471 470 469 
f 472 469 470 
f 465 468 473 
f 474 473 468 
f 473 474 475 
f 476 475 474 
f 475 476 477 
f 478 477 476 
f 479 374 375 
f 482 481 480 
f 483 480 481 
f 486 485 484 
f 487 484 485 
f 490 489 488 
f 491 488 489 
f 492 265 263 
f 495 494 493 
f 496 493 494 
f 499 498 497 
f 500 497 498 
f 503 502 501 
f 504 501 502 
f 507 506 505 
f 508 505 506 
f 510 179 509 
f 511 509 179 
f 514 513 512 
f 515 512 513 
f 517 220 516 
f 518 516 220 
f 519 468 466 
f 437 520 439 
f 521 439 520 
f 524 523 522 
f 525 522 523 
f 528 527 526 
f 529 526 527 
f 474 468 519 
f 532 531 530 
f 418 530 531 
f 533 476 474 
f 534 530 517 
f 418 517 530 
f 537 536 535 
f 538 535 536 
f 533 478 476 
f 507 540 539 
f 541 539 540 
f 544 543 542 
f 545 542 543 
f 547 546 478 
f 477 478 546 
f 547 478 533 
f 462 548 464 
f 364 464 548 
f 549 546 547 
f 552 551 550 
f 553 550 551 
f 556 555 554 
f 557 554 555 
f 559 303 558 
f 301 558 303 
f 561 560 551 
f 562 551 560 
f 178 564 563 
f 565 563 564 
f 568 567 566 
f 569 566 567 
f 572 571 570 
f 573 570 571 
f 576 575 574 
f 577 574 575 
f 466 579 578 
f 580 578 579 
f 582 182 581 
f 180 581 182 
f 584 583 198 
f 585 198 583 
f 588 587 586 
f 589 586 587 
f 592 591 590 
f 593 590 591 
f 595 594 513 
f 596 513 594 
f 599 598 597 
f 259 597 598 
f 602 601 600 
f 487 600 601 
f 605 604 603 
f 606 603 604 
f 609 608 607 
f 610 607 608 
f 612 301 611 
f 613 611 301 
f 616 615 614 
f 617 614 615 
f 618 94 95 
f 620 619 605 
f 604 605 619 
f 623 622 621 
f 624 621 622 
f 627 626 625 
f 628 625 626 
f 519 629 474 
f 533 474 629 
f 631 630 539 
f 632 539 630 
f 12 533 629 
f 634 338 633 
f 280 633 338 
f 635 547 533 
f 638 637 636 
f 122 636 637 
f 12 635 533 
f 639 549 547 
f 639 547 635 
f 573 640 570 
f 641 570 640 
f 642 549 639 
f 645 644 643 
f 646 643 644 
f 517 516 534 
f 647 534 516 
f 650 649 648 
f 651 648 649 
f 654 653 652 
f 655 652 653 
f 658 657 656 
f 659 656 657 
f 662 661 660 
f 663 660 661 
f 666 665 664 
f 667 664 665 
f 670 669 668 
f 671 668 669 
f 674 673 672 
f 642 672 673 
f 676 578 675 
f 580 675 578 
f 678 581 677 
f 679 677 581 
f 681 680 356 
f 358 356 680 
f 684 683 682 
f 685 682 683 
f 688 687 686 
f 205 686 687 
f 691 690 689 
f 692 689 690 
f 694 375 693 
f 695 693 375 
f 698 697 696 
f 234 696 697 
f 701 700 699 
f 702 699 700 
f 705 704 703 
f 706 703 704 
f 707 612 611 
f 519 466 708 
f 578 708 466 
f 711 710 709 
f 712 709 710 
f 713 118 116 
f 714 519 708 
f 715 392 425 
f 548 716 364 
f 366 364 716 
f 719 718 717 
f 720 717 718 
f 723 722 721 
f 724 721 722 
f 419 726 725 
f 727 725 726 
f 38 728 40 
f 729 40 728 
f 732 731 730 
f 733 730 731 
f 525 734 522 
f 735 522 734 
f 738 737 736 
f 739 736 737 
f 742 741 740 
f 60 740 741 
f 745 744 743 
f 746 743 744 
f 412 683 414 
f 684 414 683 
f 749 748 747 
f 750 747 748 
f 753 752 751 
f 754 751 752 
f 757 756 755 
f 758 755 756 
f 759 635 26 
f 12 26 635 
f 639 635 759 
f 672 642 639 
f 672 639 759 
f 760 288 286 
f 763 762 761 
f 583 761 762 
f 651 765 764 
f 652 764 765 
f 767 340 766 
f 341 766 340 
f 126 768 128 
f 538 128 768 
f 770 34 769 
f 771 769 34 
f 173 773 772 
f 774 772 773 
f 777 776 775 
f 778 775 776 
f 781 780 779 
f 782 779 780 
f 783 676 675 
f 783 675 784 
f 580 784 675 
f 786 139 785 
f 787 785 139 
f 319 789 788 
f 790 788 789 
f 311 791 310 
f 792 310 791 
f 96 793 93 
f 794 93 793 
f 776 796 795 
f 797 795 796 
f 798 121 119 
f 800 774 799 
f 801 799 774 
f 804 803 802 
f 805 802 803 
f 808 807 806 
f 809 806 807 
f 812 811 810 
f 813 810 811 
f 287 814 286 
f 395 286 814 
f 817 816 815 
f 818 815 816 
f 819 708 676 
f 578 676 708 
f 822 821 820 
f 823 820 821 
f 826 825 824 
f 827 824 825 
f 830 829 828 
f 831 828 829 
f 519 714 629 
f 21 629 714 
f 834 833 832 
f 835 832 833 
f 308 457 456 
f 629 21 12 
f 837 836 288 
f 285 288 836 
f 41 759 26 
f 840 839 838 
f 841 838 839 
f 349 843 842 
f 844 842 843 
f 847 846 845 
f 848 845 846 
f 742 849 741 
f 850 741 849 
f 672 759 674 
f 41 674 759 
f 853 852 851 
f 854 851 852 
f 856 580 855 
f 579 855 580 
f 858 857 673 
f 642 673 857 
f 860 855 859 
f 861 859 855 
f 864 863 862 
f 865 862 863 
f 868 867 866 
f 869 866 867 
f 87 323 86 
f 870 857 858 
f 873 872 871 
f 874 871 872 
f 877 876 875 
f 878 875 876 
f 880 879 637 
f 122 637 879 
f 883 882 881 
f 884 881 882 
f 887 886 885 
f 888 885 886 
f 891 890 889 
f 892 889 890 
f 895 894 893 
f 896 893 894 
f 899 898 897 
f 900 897 898 
f 903 902 901 
f 904 901 902 
f 907 906 905 
f 908 905 906 
f 911 910 909 
f 756 909 910 
f 914 913 912 
f 845 912 913 
f 915 856 405 
f 860 405 856 
f 918 917 916 
f 919 916 917 
f 920 402 405 
f 923 922 921 
f 924 921 922 
f 926 203 925 
f 206 925 203 
f 878 928 927 
f 929 927 928 
f 251 819 676 
f 819 52 51 
f 714 819 51 
f 708 819 714 
f 714 51 21 
f 932 931 930 
f 933 930 931 
f 75 674 41 
f 936 935 934 
f 937 934 935 
f 940 939 938 
f 941 938 939 
f 124 674 75 
f 942 674 124 
f 673 674 942 
f 798 119 879 
f 122 879 119 
f 792 791 943 
f 944 943 791 
f 947 946 945 
f 948 945 946 
f 799 801 949 
f 820 949 801 
f 303 950 435 
f 951 435 950 
f 187 953 952 
f 954 952 953 
f 957 956 955 
f 958 955 956 
f 959 858 942 
f 673 942 858 
f 962 961 960 
f 963 960 961 
f 965 277 964 
f 966 964 277 
f 969 968 967 
f 970 967 968 
f 774 800 772 
f 971 772 800 
f 974 973 972 
f 975 972 973 
f 784 977 976 
f 815 976 977 
f 980 979 978 
f 981 978 979 
f 783 784 976 
f 982 319 317 
f 983 783 976 
f 985 984 195 
f 406 195 984 
f 988 987 986 
f 989 986 987 
f 991 990 874 
f 992 874 990 
f 30 986 993 
f 994 993 986 
f 997 996 995 
f 998 995 996 
f 1001 1000 999 
f 1002 999 1000 
f 744 1003 746 
f 1004 746 1003 
f 84 819 251 
f 1007 1006 1005 
f 1008 1005 1006 
f 585 583 762 
f 1010 1009 269 
f 268 269 1009 
f 84 52 819 
f 1012 1011 908 
f 905 908 1011 
f 1014 941 1013 
f 1015 1013 941 
f 1018 1017 1016 
f 1019 1016 1017 
f 1021 145 1020 
f 1022 1020 145 
f 1024 1023 991 
f 1025 991 1023 
f 1027 1004 1026 
f 1028 1026 1004 
f 1031 1030 1029 
f 1032 1029 1030 
f 1034 1033 943 
f 1035 943 1033 
f 648 181 182 
f 1038 1037 1036 
f 454 1036 1037 
f 1039 959 942 
f 124 1039 942 
f 562 92 486 
f 1040 486 92 
f 532 530 1041 
f 534 1041 530 
f 1044 1043 1042 
f 1045 1042 1043 
f 1047 180 1046 
f 183 1046 180 
f 754 1049 1048 
f 1050 1048 1049 
f 959 933 858 
f 870 858 933 
f 1053 1052 1051 
f 1054 1051 1052 
f 1055 963 961 
f 401 1056 400 
f 1057 400 1056 
f 818 983 976 
f 1060 1059 1058 
f 194 1058 1059 
f 815 818 976 
f 653 1061 778 
f 775 778 1061 
f 252 983 818 
f 897 900 1062 
f 1063 1062 900 
f 1066 1065 1064 
f 1067 1064 1065 
f 1070 1069 1068 
f 1071 1068 1069 
f 509 1073 1072 
f 1074 1072 1073 
f 249 365 363 
f 77 78 81 
f 413 81 78 
f 209 207 324 
f 251 130 84 
f 1076 908 1075 
f 906 1075 908 
f 1078 1077 995 
f 997 995 1077 
f 1081 1080 1079 
f 1082 1079 1080 
f 123 1039 124 
f 1085 1084 1083 
f 1086 1083 1084 
f 1070 1068 1087 
f 1088 1087 1068 
f 1089 416 382 
f 384 382 416 
f 1090 642 857 
f 959 1039 1091 
f 123 1091 1039 
f 865 720 1092 
f 1093 1092 720 
f 1096 1095 1094 
f 1097 1094 1095 
f 1100 1099 1098 
f 1101 1098 1099 
f 503 7 5 
f 1103 1102 690 
f 692 690 1102 
f 64 1105 1104 
f 1106 1104 1105 
f 837 760 1107 
f 1108 1107 760 
f 1109 826 824 
f 1112 1111 1110 
f 238 1110 1111 
f 1115 1114 1113 
f 1116 1113 1114 
f 1085 1118 1117 
f 1119 1117 1118 
f 792 1121 1120 
f 1122 1120 1121 
f 1125 1124 1123 
f 1126 1123 1124 
f 1129 1128 1127 
f 978 1127 1128 
f 1130 252 818 
f 1130 818 816 
f 983 252 251 
f 250 252 1130 
f 109 1132 1131 
f 1012 1131 1132 
f 1135 1134 1133 
f 1136 1133 1134 
f 1021 147 145 
f 250 166 130 
f 338 634 1137 
f 1138 1137 634 
f 184 1091 123 
f 237 1091 184 
f 1141 1140 1139 
f 1142 1139 1140 
f 420 1143 877 
f 876 877 1143 
f 135 1091 237 
f 959 1091 135 
f 1146 1145 1144 
f 1147 1144 1145 
f 133 959 135 
f 933 959 133 
f 1150 1149 1148 
f 1151 1148 1149 
f 1154 1153 1152 
f 1155 1152 1153 
f 787 137 1156 
f 1157 1156 137 
f 380 1159 1158 
f 1160 1158 1159 
f 1025 1162 1161 
f 1163 1161 1162 
f 601 484 487 
f 748 749 317 
f 982 317 749 
f 1165 1164 940 
f 939 940 1164 
f 1168 1167 1166 
f 1169 1166 1167 
f 1171 1170 649 
f 765 649 1170 
f 1173 1172 391 
f 390 391 1172 
f 1176 1175 1174 
f 1177 1174 1175 
f 911 1179 1178 
f 1180 1178 1179 
f 1181 1130 816 
f 1182 1053 1051 
f 1183 148 146 
f 1181 250 1130 
f 706 1185 1184 
f 1186 1184 1185 
f 1187 568 566 
f 586 1188 1134 
f 1136 1134 1188 
f 985 250 1181 
f 1119 1189 1117 
f 1190 1117 1189 
f 149 1192 1191 
f 1193 1191 1192 
f 985 166 250 
f 195 166 985 
f 594 1120 1122 
f 1035 1195 1194 
f 1196 1194 1195 
f 909 62 65 
f 1197 150 151 
f 1198 135 237 
f 911 65 1199 
f 1200 1199 65 
f 1202 1011 1201 
f 1012 1201 1011 
f 132 135 1198 
f 1204 298 1203 
f 297 1203 298 
f 1207 1206 1205 
f 1208 1205 1206 
f 1209 870 933 
f 1210 914 912 
f 854 1212 1211 
f 1213 1211 1212 
f 1169 1214 1166 
f 1215 1166 1214 
f 1216 733 731 
f 1152 1218 1217 
f 1219 1217 1218 
f 1221 932 1220 
f 1222 1220 932 
f 1225 1224 1223 
f 1226 1223 1224 
f 1228 70 1227 
f 1229 1227 70 
f 1202 1230 1011 
f 905 1011 1230 
f 1233 1232 1231 
f 1234 1231 1232 
f 702 1185 1235 
f 704 1235 1185 
f 1237 1181 1236 
f 816 1236 1181 
f 1239 358 1238 
f 680 1238 358 
f 1240 985 1181 
f 1123 42 362 
f 45 362 42 
f 1237 1240 1181 
f 748 1242 1241 
f 707 1241 1242 
f 1245 1244 1243 
f 1246 1243 1244 
f 1240 984 985 
f 852 1248 1247 
f 1249 1247 1248 
f 1025 1023 1162 
f 1250 1162 1023 
f 1253 1252 1251 
f 1254 1251 1252 
f 997 545 996 
f 1255 996 545 
f 1256 307 305 
f 1259 1258 1257 
f 1260 1257 1258 
f 1261 998 996 
f 229 1262 237 
f 1198 237 1262 
f 1263 132 1198 
f 1263 1198 1262 
f 1265 621 1264 
f 624 1264 621 
f 134 132 1263 
f 1267 316 1266 
f 321 1266 316 
f 1268 133 134 
f 930 133 1268 
f 1271 1270 1269 
f 1272 1269 1270 
f 932 930 1268 
f 1275 1274 1273 
f 1276 1273 1274 
f 1279 1278 1277 
f 1280 1277 1278 
f 1281 773 174 
f 173 174 773 
f 1283 734 1282 
f 525 1282 734 
f 682 1237 1236 
f 1076 106 109 
f 1266 85 1284 
f 1285 1284 85 
f 1240 1237 682 
f 218 577 723 
f 528 723 577 
f 1125 1142 1140 
f 1288 1287 1286 
f 1289 1286 1287 
f 664 1291 1290 
f 556 1290 1291 
f 541 1050 1049 
f 1292 358 1239 
f 395 760 286 
f 1295 1294 1293 
f 1296 1293 1294 
f 1298 1297 658 
f 276 658 1297 
f 393 1265 164 
f 1264 164 1265 
f 446 1299 125 
f 1300 125 1299 
f 646 349 1301 
f 842 1301 349 
f 1304 1303 1302 
f 1305 1302 1303 
f 1306 737 738 
f 1147 1307 1144 
f 1308 1144 1307 
f 90 1309 1040 
f 1310 1040 1309 
f 834 832 928 
f 1311 928 832 
f 1314 1313 1312 
f 120 1312 1313 
f 1317 1316 1315 
f 1318 1315 1316 
f 1319 272 1155 
f 351 1155 272 
f 1208 1321 1320 
f 1322 1320 1321 
f 1324 1262 1323 
f 229 1323 1262 
f 1100 1098 1325 
f 1326 1325 1098 
f 625 1327 627 
f 1158 627 1327 
f 1329 1328 322 
f 321 322 1328 
f 380 1327 1330 
f 1331 1330 1327 
f 1332 1268 134 
f 1133 1334 1333 
f 1335 1333 1334 
f 1263 1332 134 
f 1222 932 1268 
f 1222 1268 1332 
f 1337 1315 1336 
f 1318 1336 1315 
f 520 1339 1338 
f 1340 1338 1339 
f 1188 1341 1136 
f 1342 1136 1341 
f 1343 794 329 
f 330 329 794 
f 1345 1344 248 
f 1346 248 1344 
f 1349 1348 1347 
f 1350 1347 1348 
f 1353 1352 1351 
f 1101 1351 1352 
f 1356 1355 1354 
f 263 1354 1355 
f 1359 1358 1357 
f 1360 1357 1358 
f 1362 1361 1355 
f 1363 1355 1361 
f 1366 1365 1364 
f 1367 1364 1365 
f 1368 406 984 
f 1369 1277 1280 
f 1370 1276 1274 
f 1373 1372 1371 
f 1374 1371 1372 
f 1377 1376 1375 
f 1378 1375 1376 
f 993 394 814 
f 395 814 394 
f 1381 1380 1379 
f 290 1379 1380 
f 628 1382 427 
f 1383 427 1382 
f 1386 1385 1384 
f 1387 1384 1385 
f 1389 542 1388 
f 511 1388 542 
f 426 1323 300 
f 229 300 1323 
f 160 948 1390 
f 1391 1390 948 
f 660 1392 1204 
f 298 1204 1392 
f 312 792 1120 
f 330 1393 270 
f 276 270 1393 
f 1306 1394 737 
f 1395 737 1394 
f 925 206 1396 
f 1397 1396 206 
f 868 1399 1398 
f 957 1398 1399 
f 159 1401 1400 
f 38 1400 1401 
f 1402 459 460 
f 1405 1404 1403 
f 1406 1403 1404 
f 1337 1336 450 
f 1407 450 1336 
f 1410 1409 1408 
f 1411 1408 1409 
f 1324 1412 1262 
f 1263 1262 1412 
f 1412 1332 1263 
f 1279 1414 1413 
f 1415 1413 1414 
f 1417 1416 138 
f 140 138 1416 
f 1420 1419 1418 
f 1421 1418 1419 
f 1424 1423 1422 
f 1425 1422 1423 
f 1427 1426 559 
f 1428 559 1426 
f 247 248 1346 
f 1092 1093 1429 
f 99 1429 1093 
f 97 100 695 
f 1430 695 100 
f 1195 1035 1033 
f 194 836 191 
f 1431 191 836 
f 1434 1433 1432 
f 1435 1432 1433 
f 1437 1373 1436 
f 1371 1436 1373 
f 652 1438 764 
f 1439 764 1438 
f 369 176 510 
f 179 510 176 
f 1442 1441 1440 
f 1102 1440 1441 
f 1445 1444 1443 
f 678 1443 1444 
f 1447 1446 1207 
f 1448 1207 1446 
f 1451 1450 1449 
f 798 1449 1450 
f 1454 1453 1452 
f 1019 1452 1453 
f 1368 1455 406 
f 440 406 1455 
f 1458 1457 1456 
f 1459 1456 1457 
f 1461 552 1460 
f 601 1460 552 
f 1463 1418 1462 
f 1464 1462 1418 
f 79 423 440 
f 79 440 1455 
f 337 1466 1465 
f 738 1465 1466 
f 1467 1161 1163 
f 1340 1469 1468 
f 1470 1468 1469 
f 1472 1129 1471 
f 1363 1471 1129 
f 1473 754 752 
f 1475 1056 1474 
f 1402 1474 1056 
f 1476 823 1146 
f 1145 1146 823 
f 1477 1193 1192 
f 275 276 1478 
f 1297 1478 276 
f 851 854 1211 
f 1480 600 1479 
f 1481 1479 600 
f 1482 1281 174 
f 187 952 186 
f 1483 186 952 
f 937 1485 1484 
f 1486 1484 1485 
f 1487 603 1260 
f 1488 1260 603 
f 1342 1341 1489 
f 799 1489 1341 
f 261 1490 260 
f 1491 260 1490 
f 981 1492 492 
f 265 492 1492 
f 1495 1494 1493 
f 869 1493 1494 
f 1498 1497 1496 
f 1499 1496 1497 
f 1215 1372 1373 
f 1501 1290 1500 
f 1502 1500 1290 
f 1503 74 72 
f 1506 1505 1504 
f 1507 1504 1505 
f 1510 1509 1508 
f 1511 1508 1509 
f 197 1513 1512 
f 1514 1512 1513 
f 1071 1036 454 
f 1516 1353 1515 
f 1351 1515 1353 
f 1519 1518 1517 
f 1520 1517 1518 
f 1523 1522 1521 
f 1457 1521 1522 
f 1525 1524 291 
f 1526 291 1524 
f 151 149 1527 
f 1528 1527 149 
f 778 776 1529 
f 795 1529 776 
f 901 904 1530 
f 1531 1530 904 
f 1532 1218 353 
f 351 353 1218 
f 1535 1534 1533 
f 830 1533 1534 
f 990 991 1025 
f 929 1311 1536 
f 1377 1536 1311 
f 1433 666 1435 
f 664 1435 666 
f 1539 1538 1537 
f 1540 1537 1538 
f 1541 326 327 
f 685 1542 1368 
f 1455 1368 1542 
f 76 79 1455 
f 76 1455 1542 
f 1544 1543 1161 
f 1025 1161 1543 
f 1547 1546 1545 
f 1548 1545 1546 
f 1551 1550 1549 
f 1552 1549 1550 
f 1434 1553 1433 
f 1554 1433 1553 
f 77 82 79 
f 426 79 82 
f 978 1556 1555 
f 529 1555 1556 
f 1557 618 95 
f 82 1324 426 
f 1323 426 1324 
f 1558 397 1197 
f 150 1197 397 
f 213 1560 1559 
f 1561 1559 1560 
f 1564 1563 1562 
f 15 1562 1563 
f 1565 1324 82 
f 1566 232 230 
f 1569 1568 1567 
f 1570 1567 1568 
f 528 722 723 
f 507 853 506 
f 1571 506 853 
f 758 756 1201 
f 910 1201 756 
f 1574 1573 1572 
f 1525 1572 1573 
f 388 775 1061 
f 1374 1504 1575 
f 111 1575 1504 
f 341 1577 1576 
f 410 1576 1577 
f 1578 1099 1100 
f 1489 1476 1579 
f 1146 1579 1476 
f 1580 656 659 
f 304 1521 1581 
f 327 1581 1521 
f 1013 1583 1582 
f 1412 1582 1583 
f 242 209 1584 
f 324 1584 209 
f 1585 1420 1292 
f 1463 1292 1420 
f 1523 304 302 
f 685 683 1542 
f 412 1542 683 
f 1588 1587 1586 
f 499 1586 1587 
f 1590 563 1589 
f 565 1589 563 
f 328 1591 1224 
f 1226 1224 1591 
f 1592 1037 1038 
f 1593 1200 63 
f 65 63 1200 
f 1535 1533 1594 
f 828 1594 1533 
f 1596 1471 1595 
f 1361 1595 1471 
f 1597 1273 1587 
f 1276 1587 1273 
f 1600 1599 1598 
f 1601 1598 1599 
f 1597 1587 1588 
f 1603 1599 1602 
f 1600 1602 1599 
f 716 1605 1604 
f 1606 1604 1605 
f 1607 1003 744 
f 1313 1437 821 
f 823 821 1437 
f 1610 1609 1608 
f 1611 1608 1609 
f 1421 1464 1418 
f 556 554 1612 
f 1613 1612 554 
f 797 89 1614 
f 92 1614 89 
f 946 1391 948 
f 1284 1285 1615 
f 1616 1615 1285 
f 1518 1618 1617 
f 1619 1617 1618 
f 48 46 361 
f 360 361 46 
f 1621 1620 107 
f 109 107 1620 
f 17 1623 1622 
f 1624 1622 1623 
f 1626 1625 1246 
f 1627 1246 1625 
f 1629 1628 1538 
f 1630 1538 1628 
f 1633 1632 1631 
f 1634 1631 1632 
f 1301 643 646 
f 1637 1636 1635 
f 1638 1635 1636 
f 1640 669 1639 
f 670 1639 669 
f 346 1642 1641 
f 1643 1641 1642 
f 1646 1645 1644 
f 1193 1644 1645 
f 1648 1647 1232 
f 1234 1232 1647 
f 1649 1364 1367 
f 969 1650 968 
f 96 968 1650 
f 973 1359 1357 
f 278 1197 633 
f 151 633 1197 
f 1232 1651 1648 
f 1652 1648 1651 
f 1356 1654 1653 
f 350 1653 1654 
f 264 1656 1655 
f 1657 1655 1656 
f 1660 1659 1658 
f 1088 1658 1659 
f 1277 1414 1279 
f 510 1072 368 
f 1661 368 1072 
f 412 78 1542 
f 76 1542 78 
f 1663 686 1662 
f 1664 1662 686 
f 767 342 340 
f 1585 1292 1239 
f 845 1135 847 
f 1133 847 1135 
f 463 1346 1344 
f 1667 1666 1665 
f 680 1665 1666 
f 117 851 1211 
f 1328 323 87 
f 1669 1668 1352 
f 1670 1352 1668 
f 1672 1671 1051 
f 1182 1051 1671 
f 281 1078 1673 
f 1674 1673 1078 
f 451 442 1675 
f 443 1675 442 
f 1678 1677 1676 
f 1679 1676 1677 
f 1681 1110 1680 
f 657 1680 1110 
f 1684 1683 1682 
f 1685 1682 1683 
f 1686 1082 1080 
f 1688 1687 754 
f 1049 754 1687 
f 549 1090 1689 
f 1289 1689 1090 
f 1296 1388 177 
f 179 177 1388 
f 1510 1690 565 
f 826 565 1690 
f 1691 177 178 
f 1693 620 1692 
f 605 1692 620 
f 1696 1695 1694 
f 1697 1694 1695 
f 1698 568 1187 
f 1324 1565 1582 
f 1560 1582 1565 
f 1699 719 717 
f 1503 284 1700 
f 1701 1700 284 
f 1703 1080 1702 
f 1081 1702 1080 
f 1705 1704 387 
f 1706 387 1704 
f 1709 1708 1707 
f 1710 1707 1708 
f 413 78 412 
f 1711 100 98 
f 1713 1712 1572 
f 1714 1572 1712 
f 1717 1716 1715 
f 1718 1715 1716 
f 1720 1719 1632 
f 1634 1632 1719 
f 1356 1653 1721 
f 348 1721 1653 
f 552 550 601 
f 484 601 550 
f 937 1484 1722 
f 1497 1722 1484 
f 716 1204 1605 
f 1203 1605 1204 
f 1603 1723 1535 
f 1534 1535 1723 
f 1724 8 6 
f 1250 1005 1725 
f 1008 1725 1005 
f 1726 25 112 
f 841 157 447 
f 160 447 157 
f 1727 889 1380 
f 1728 1380 889 
f 1630 1729 896 
f 893 896 1729 
f 1732 1731 1730 
f 929 1730 1731 
f 1735 1734 1733 
f 1736 1733 1734 
f 1718 1737 1459 
f 1456 1459 1737 
f 1738 620 1693 
f 1740 1739 681 
f 1665 681 1739 
f 1697 1301 1741 
f 842 1741 1301 
f 1743 892 1742 
f 1744 1742 892 
f 1539 1629 1538 
f 70 68 1745 
f 459 1745 68 
f 1747 1746 1345 
f 1344 1345 1746 
f 1749 1606 1748 
f 1712 1748 1606 
f 918 1751 1750 
f 228 1750 1751 
f 866 1399 868 
f 707 611 1241 
f 613 1241 611 
f 1510 564 369 
f 176 369 564 
f 1752 80 81 
f 794 1681 330 
f 1680 330 1681 
f 540 575 576 
f 659 1753 947 
f 946 947 1753 
f 1756 1755 1754 
f 1517 1754 1755 
f 1211 1757 116 
f 808 116 1757 
f 1016 1019 1453 
f 1283 1036 734 
f 735 734 1036 
f 567 568 1758 
f 63 1758 568 
f 1760 926 1759 
f 1466 1759 926 
f 831 630 828 
f 1761 828 630 
f 1764 1763 1762 
f 1765 1762 1763 
f 1768 1767 1766 
f 1769 1766 1767 
f 1183 963 1764 
f 1763 1764 963 
f 998 1770 1674 
f 398 1674 1770 
f 579 466 467 
f 1772 1762 1771 
f 1765 1771 1762 
f 1773 1642 1423 
f 1774 1423 1642 
f 158 948 160 
f 181 651 764 
f 1205 1320 1775 
f 1322 1775 1320 
f 946 1776 1391 
f 1777 1391 1776 
f 558 301 612 
f 1098 1544 1326 
f 1161 1326 1544 
f 875 1779 1778 
f 1780 1778 1779 
f 1781 482 480 
f 213 60 741 
f 1356 1354 1654 
f 266 1654 1354 
f 1784 1783 1782 
f 1785 1782 1783 
f 1787 1786 1225 
f 1788 1225 1786 
f 1789 415 1089 
f 416 1089 415 
f 1790 1771 1765 
f 615 480 483 
f 1240 685 1368 
f 257 1791 458 
f 1792 458 1791 
f 665 1042 667 
f 1793 667 1042 
f 1796 1795 1794 
f 1797 1794 1795 
f 350 1654 1795 
f 266 1795 1654 
f 1030 359 1798 
f 362 1798 359 
f 1800 13 1799 
f 16 1799 13 
f 884 1801 1119 
f 1802 1119 1801 
f 1803 287 285 
f 1343 1009 1486 
f 1010 1486 1009 
f 1806 1805 1804 
f 1467 1804 1805 
f 1809 1808 1807 
f 1810 1807 1808 
f 1322 493 1811 
f 496 1811 493 
f 1812 1810 1808 
f 1703 848 846 
f 1005 1813 1007 
f 1814 1007 1813 
f 1747 1816 1815 
f 1817 1815 1816 
f 1819 822 1818 
f 801 1818 822 
f 861 1055 961 
f 110 1781 1820 
f 1821 1820 1781 
f 1756 1822 1755 
f 1823 1755 1822 
f 1558 281 1673 
f 1826 1825 1824 
f 1827 1824 1825 
f 1829 1828 982 
f 1830 982 1828 
f 767 1832 1831 
f 698 1831 1832 
f 447 1299 446 
f 1710 1834 1833 
f 1835 1833 1834 
f 1046 1738 1777 
f 1836 1777 1738 
f 1618 1586 1619 
f 497 1619 1586 
f 1838 1765 1837 
f 1763 1837 1765 
f 1790 1765 1838 
f 1840 1233 1839 
f 1231 1839 1233 
f 1841 1790 1838 
f 1771 1790 1841 
f 1127 978 981 
f 324 780 781 
f 846 1842 1703 
f 1686 1703 1842 
f 1024 1844 1843 
f 1378 1843 1844 
f 1721 1845 1685 
f 1682 1685 1845 
f 1846 1808 1809 
f 1191 1193 1645 
f 796 1847 1360 
f 1357 1360 1847 
f 1111 1848 238 
f 240 238 1848 
f 1849 1808 1846 
f 1812 1808 1849 
f 1796 1851 1850 
f 1852 1850 1851 
f 127 125 1300 
f 1853 1812 1849 
f 299 154 1854 
f 1617 1854 154 
f 1857 1856 1855 
f 1858 1855 1856 
f 1304 1302 1859 
f 1860 1859 1302 
f 556 1612 1861 
f 1862 1861 1612 
f 1864 1058 1863 
f 194 1863 1058 
f 363 366 1865 
f 1866 1865 366 
f 1793 1867 667 
f 1291 667 1867 
f 278 633 280 
f 1869 1447 1868 
f 1870 1868 1447 
f 1225 1871 1554 
f 1433 1554 1871 
f 1873 1872 1149 
f 1280 1149 1872 
f 521 520 1338 
f 1550 469 1552 
f 1545 1552 469 
f 1874 1075 906 
f 688 1875 687 
f 1639 687 1875 
f 861 1876 1055 
f 1837 1055 1876 
f 1710 1877 1834 
f 1667 1834 1877 
f 966 1411 1409 
f 236 361 1031 
f 1030 1031 361 
f 1878 1838 1837 
f 483 1879 615 
f 617 615 1879 
f 1876 1878 1837 
f 1878 1841 1838 
f 1556 1128 724 
f 1472 724 1128 
f 994 394 993 
f 846 1333 1842 
f 1880 1842 1333 
f 1882 1881 283 
f 537 283 1881 
f 1884 885 1883 
f 888 1883 885 
f 1886 339 1885 
f 1887 1885 339 
f 766 1576 1888 
f 1858 1888 1576 
f 1316 1088 1318 
f 1889 1318 1088 
f 1846 1809 477 
f 1841 477 1809 
f 1892 1891 1890 
f 891 1890 1891 
f 1893 1246 1627 
f 1895 1894 1813 
f 1896 1813 1894 
f 1897 257 457 
f 1689 1853 1849 
f 900 1899 1898 
f 101 1898 1899 
f 1900 874 992 
f 1901 1456 1737 
f 1903 810 1902 
f 1904 1902 810 
f 321 87 1266 
f 85 1266 87 
f 1772 1905 1762 
f 1906 1762 1905 
f 180 679 581 
f 423 79 426 
f 1689 1289 1853 
f 1287 1853 1289 
f 111 25 23 
f 625 628 430 
f 427 430 628 
f 1909 1908 1907 
f 1910 1907 1908 
f 1912 1911 1160 
f 1158 1160 1911 
f 1072 510 509 
f 1913 706 1184 
f 1915 1914 1776 
f 1047 1776 1914 
f 1917 1273 1916 
f 1597 1916 1273 
f 1707 1710 1918 
f 1919 1918 1710 
f 1665 1739 1920 
f 1107 1920 1739 
f 1525 291 289 
f 1921 1259 335 
f 337 335 1259 
f 1614 795 797 
f 1231 1922 1839 
f 1359 1839 1922 
f 861 579 467 
f 1876 861 467 
f 698 1832 697 
f 1923 697 1832 
f 1169 1167 1329 
f 782 1329 1167 
f 1924 880 638 
f 637 638 880 
f 1926 1925 825 
f 827 825 1925 
f 366 1604 1927 
f 1606 1927 1604 
f 1747 1815 1746 
f 1928 1746 1815 
f 1876 467 465 
f 1224 1225 1788 
f 1878 1876 465 
f 1878 465 473 
f 386 777 388 
f 775 388 777 
f 1472 721 724 
f 1878 473 475 
f 1929 1679 1677 
f 1841 1878 475 
f 1930 255 256 
f 1841 475 477 
f 1426 1598 1428 
f 1931 1428 1598 
f 1934 1933 1932 
f 318 1932 1933 
f 1937 1936 1935 
f 1938 1935 1936 
f 1150 1191 1645 
f 1267 1266 1939 
f 1284 1939 1266 
f 1627 1729 1893 
f 1630 1893 1729 
f 1849 1846 546 
f 477 546 1846 
f 774 1818 801 
f 797 1360 1940 
f 1358 1940 1360 
f 549 1849 546 
f 1749 91 1940 
f 89 1940 91 
f 1640 307 1256 
f 151 1941 634 
f 1942 634 1941 
f 459 1402 401 
f 1056 401 1402 
f 1944 647 1943 
f 1424 1943 647 
f 1945 932 1221 
f 1948 1947 1946 
f 1949 1946 1947 
f 791 1950 944 
f 1951 944 1950 
f 1952 1007 404 
f 1814 404 1007 
f 1434 1432 1672 
f 1501 1672 1432 
f 1954 1953 1936 
f 1938 1936 1953 
f 715 425 1955 
f 1956 1955 425 
f 1227 1331 1957 
f 430 1957 1331 
f 1958 1909 1573 
f 1524 1573 1909 
f 1959 655 1461 
f 1960 1461 655 
f 1827 1962 1961 
f 1905 1961 1962 
f 931 1963 1209 
f 1286 1209 1963 
f 1965 1964 962 
f 860 962 1964 
f 325 296 327 
f 1581 327 296 
f 1967 1966 1081 
f 1702 1081 1966 
f 1968 935 400 
f 379 400 935 
f 304 613 301 
f 1865 678 1969 
f 1444 1969 678 
f 745 743 1714 
f 1572 1714 743 
f 421 914 1970 
f 1210 1970 914 
f 1972 1971 712 
f 709 712 1971 
f 841 1973 838 
f 1189 838 1973 
f 1836 1391 1777 
f 1558 1673 397 
f 398 397 1673 
f 786 988 30 
f 986 30 988 
f 1974 353 352 
f 1976 1975 1089 
f 1789 1089 1975 
f 1977 662 660 
f 1979 1978 729 
f 1862 729 1978 
f 73 1882 283 
f 642 1090 549 
f 1980 1443 677 
f 678 677 1443 
f 494 1304 1859 
f 799 949 1489 
f 1476 1489 949 
f 1981 1931 1598 
f 1983 1048 1982 
f 1984 1982 1048 
f 1131 1012 908 
f 266 264 1797 
f 1655 1797 264 
f 1985 1230 1202 
f 1365 1986 1367 
f 1987 1367 1986 
f 1165 1989 1988 
f 616 1988 1989 
f 1990 524 522 
f 1991 1257 1260 
f 1992 225 228 
f 797 1940 89 
f 1854 1003 1607 
f 269 267 277 
f 856 855 860 
f 1993 570 641 
f 1805 543 544 
f 1950 791 311 
f 1110 238 657 
f 241 657 238 
f 1994 1406 212 
f 214 212 1406 
f 1087 1088 1316 
f 446 128 536 
f 538 536 128 
f 1570 1995 1724 
f 740 1724 1995 
f 641 1553 1996 
f 1434 1996 1553 
f 1557 1486 1485 
f 347 1850 1997 
f 1852 1997 1850 
f 443 1999 1998 
f 241 1998 1999 
f 688 686 1663 
f 2001 2000 189 
f 73 189 2000 
f 2003 2002 950 
f 951 950 2002 
f 208 2004 210 
f 2005 210 2004 
f 2006 1399 18 
f 866 18 1399 
f 1168 1166 2007 
f 1215 2007 1166 
f 1216 2009 2008 
f 2010 2008 2009 
f 1086 2012 2011 
f 2013 2011 2012 
f 2015 645 2014 
f 1695 2014 645 
f 2016 1518 155 
f 1617 155 1518 
f 1489 1579 2017 
f 610 2017 1579 
f 605 603 1487 
f 553 551 562 
f 1288 2018 1826 
f 1369 1826 2018 
f 649 765 651 
f 2020 2019 1792 
f 2021 1792 2019 
f 125 128 446 
f 1062 1620 1621 
f 2023 2022 989 
f 994 989 2022 
f 2025 2024 1954 
f 2026 1954 2024 
f 518 223 1773 
f 432 1773 223 
f 1949 1611 1946 
f 1609 1946 1611 
f 1657 2027 1655 
f 2028 1655 2027 
f 479 375 694 
f 811 1679 1929 
f 281 1661 2029 
f 1074 2029 1661 
f 1740 681 356 
f 725 2009 2030 
f 1216 2030 2009 
f 1976 1089 382 
f 253 686 205 
f 1600 1598 1426 
f 2031 1952 920 
f 402 920 1952 
f 1478 2033 2032 
f 2034 2032 2033 
f 2035 70 1228 
f 563 2036 178 
f 1691 178 2036 
f 2037 806 809 
f 1573 1574 2038 
f 2039 2038 1574 
f 2040 1348 1349 
f 915 405 403 
f 1894 504 1896 
f 1884 1896 504 
f 323 782 780 
f 856 915 580 
f 784 580 915 
f 2043 2042 2041 
f 2044 2041 2042 
f 332 488 2045 
f 2046 2045 488 
f 2047 1347 1350 
f 2048 398 1770 
f 548 1977 716 
f 1204 716 1977 
f 1441 2025 1102 
f 692 1102 2025 
f 374 1429 99 
f 1403 1406 1994 
f 746 1004 1027 
f 2051 2050 2049 
f 1365 2049 2050 
f 1907 1910 1892 
f 2052 1892 1910 
f 101 104 2053 
f 331 2053 104 
f 977 915 403 
f 977 403 404 
f 1050 1984 1048 
f 977 784 915 
f 2054 1469 1340 
f 1438 655 1959 
f 2056 2055 44 
f 43 44 2055 
f 249 1969 2057 
f 1444 2057 1969 
f 334 2058 376 
f 1104 376 2058 
f 404 402 1952 
f 1366 2049 1365 
f 1671 1500 2059 
f 1502 2059 1500 
f 2060 896 894 
f 2051 2049 2061 
f 1366 2061 2049 
f 2062 824 827 
f 2063 1634 1719 
f 1285 88 1902 
f 1903 1902 88 
f 2065 1264 2064 
f 624 2064 1264 
f 1780 927 1731 
f 929 1731 927 
f 2067 2044 2066 
f 2042 2066 2044 
f 1503 1700 472 
f 2068 472 1700 
f 1566 490 2069 
f 488 2069 490 
f 705 703 2070 
f 2071 2070 703 
f 223 221 434 
f 1270 434 221 
f 2073 1646 2072 
f 1153 2072 1646 
f 1997 1314 2074 
f 1312 2074 1314 
f 55 2076 2075 
f 343 2075 2076 
f 459 401 1745 
f 399 1745 401 
f 1738 2077 620 
f 619 620 2077 
f 320 318 1933 
f 456 2078 308 
f 2079 308 2078 
f 2081 2080 1651 
f 1652 1651 2080 
f 1386 2082 1385 
f 2083 1385 2082 
f 431 56 54 
f 1044 1042 665 
f 1382 2085 2084 
f 2086 2084 2085 
f 306 457 308 
f 450 1407 444 
f 2087 444 1407 
f 1575 1307 1147 
f 1054 2088 1672 
f 1434 1672 2088 
f 1687 1688 2089 
f 718 2089 1688 
f 2091 588 2090 
f 586 2090 588 
f 702 2093 2092 
f 2094 2092 2093 
f 815 977 817 
f 404 817 977 
f 1867 557 555 
f 1724 740 58 
f 60 58 740 
f 133 930 933 
f 2097 2096 2095 
f 2098 2095 2096 
f 106 1076 1638 
f 1075 1638 1076 
f 2099 1676 2004 
f 1679 2004 1676 
f 2100 1621 107 
f 86 2101 88 
f 1903 88 2101 
f 1603 2102 1599 
f 2103 1599 2102 
f 2021 2019 2104 
f 2070 2104 2019 
f 1525 289 2105 
f 437 2105 289 
f 2106 585 762 
f 2108 2107 596 
f 515 596 2107 
f 2110 742 2109 
f 1995 2109 742 
f 1211 116 117 
f 253 203 926 
f 2112 867 2111 
f 2113 2111 867 
f 1187 2086 188 
f 2085 188 2086 
f 1726 2114 2108 
f 2115 2108 2114 
f 483 2116 1415 
f 1413 1415 2116 
f 974 1359 973 
f 2117 981 979 
f 438 2105 437 
f 481 1284 1615 
f 1909 1907 1526 
f 1381 1526 1907 
f 2066 2118 2067 
f 2119 2067 2118 
f 502 5 2120 
f 8 2120 5 
f 1529 795 1614 
f 2121 654 1170 
f 765 1170 654 
f 2093 700 2122 
f 2123 2122 700 
f 653 1960 655 
f 1209 933 931 
f 2124 1658 1068 
f 1088 1068 1658 
f 1893 1630 1628 
f 2125 911 1199 
f 874 872 991 
f 1024 991 872 
f 2128 2127 2126 
f 726 2126 2127 
f 1177 671 2129 
f 2130 2129 671 
f 2131 1555 529 
f 1236 816 817 
f 1814 1236 817 
f 1659 1889 1088 
f 758 1012 1132 
f 2133 2132 1864 
f 2134 1864 2132 
f 927 1780 1779 
f 2124 1068 1071 
f 1955 2135 715 
f 1303 715 2135 
f 2138 2137 2136 
f 880 2136 2137 
f 1882 73 2000 
f 2139 2 3 
f 1272 417 419 
f 766 1923 767 
f 1832 767 1923 
f 1389 1325 544 
f 1805 544 1325 
f 1686 1080 1703 
f 1194 2141 2140 
f 2142 2140 2141 
f 1401 839 840 
f 684 1236 1814 
f 1643 1642 1773 
f 2037 1083 2143 
f 2144 2143 1083 
f 1031 1766 1769 
f 2145 295 573 
f 1786 573 295 
f 1994 514 512 
f 2061 1366 453 
f 455 453 1366 
f 355 1292 1463 
f 2056 599 597 
f 2006 18 19 
f 2146 2082 1464 
f 1386 1464 2082 
f 274 1319 1477 
f 1193 1477 1319 
f 2147 1008 2031 
f 1006 2031 1008 
f 2149 1531 2148 
f 1930 2148 1531 
f 342 1887 339 
f 1175 1397 206 
f 1213 2150 1757 
f 2151 1757 2150 
f 730 1392 660 
f 1350 2152 2047 
f 2153 2047 2152 
f 346 1641 343 
f 2075 343 1641 
f 1923 1888 235 
f 48 235 1888 
f 1704 2081 1233 
f 1651 1233 2081 
f 2015 644 645 
f 564 1510 565 
f 348 349 646 
f 2155 2154 1002 
f 1416 1002 2154 
f 2034 1785 1411 
f 1783 1411 1785 
f 2157 736 2156 
f 739 2156 736 
f 537 535 1701 
f 2158 1701 535 
f 526 1556 724 
f 367 280 2159 
f 338 2159 280 
f 2161 2160 1084 
f 2012 1084 2160 
f 923 1938 922 
f 1953 922 1938 
f 43 2055 2162 
f 2163 2162 2055 
f 2121 1061 653 
f 761 1029 763 
f 1032 763 1029 
f 1984 576 574 
f 2112 2111 785 
f 2164 785 2111 
f 1984 1050 576 
f 541 576 1050 
f 617 2165 1288 
f 2018 1288 2165 
f 1686 2167 2166 
f 1034 2166 2167 
f 205 2168 204 
f 2169 204 2168 
f 60 1559 59 
f 372 59 1559 
f 157 841 839 
f 1185 706 704 
f 2171 2170 727 
f 725 727 2170 
f 2173 2172 704 
f 1235 704 2172 
f 2174 1458 103 
f 2175 103 1458 
f 1344 1746 463 
f 1928 463 1746 
f 850 1994 212 
f 2132 2133 1018 
f 1017 1018 2133 
f 661 662 2176 
f 2177 2176 662 
f 1675 1998 4 
f 239 4 1998 
f 922 1730 924 
f 2178 924 1730 
f 970 17 20 
f 1899 900 898 
f 1056 1475 1057 
f 618 1057 1475 
f 878 834 928 
f 455 1364 2179 
f 1649 2179 1364 
f 2048 2180 1477 
f 274 1477 2180 
f 1131 908 1076 
f 2163 1976 2162 
f 383 2162 1976 
f 713 808 806 
f 436 439 688 
f 1875 688 439 
f 1073 509 511 
f 752 753 2015 
f 644 2015 753 
f 280 367 279 
f 1390 1299 160 
f 447 160 1299 
f 2005 2004 1679 
f 2159 338 336 
f 1897 1469 2054 
f 1370 923 2181 
f 2182 2181 923 
f 2183 1010 269 
f 2185 2184 987 
f 989 987 2184 
f 2186 2043 2041 
f 2187 921 1668 
f 1900 1668 921 
f 2188 40 729 
f 1253 2080 1252 
f 1705 1252 2080 
f 597 259 2055 
f 2163 2055 259 
f 1521 1457 2174 
f 1458 2174 1457 
f 1528 149 1191 
f 2189 1870 1447 
f 1705 2080 2081 
f 1970 1966 1967 
f 100 1711 1430 
f 2190 1430 1711 
f 1583 1015 1220 
f 2191 1220 1015 
f 2192 1736 2145 
f 294 2145 1736 
f 939 2191 1015 
f 311 2193 1950 
f 2110 1950 2193 
f 1358 1749 1940 
f 571 2192 2145 
f 1719 2194 2063 
f 1337 2063 2194 
f 1632 1633 2195 
f 2186 2195 1633 
f 2196 153 156 
f 1096 2198 2197 
f 1054 2197 2198 
f 730 660 663 
f 2199 348 646 
f 1154 1022 2072 
f 2200 2072 1022 
f 1321 2154 1173 
f 2201 1173 2154 
f 1295 1578 1294 
f 1100 1294 1578 
f 2071 703 2202 
f 706 2202 703 
f 2204 2203 1789 
f 2205 1789 2203 
f 1334 2206 1335 
f 608 1335 2206 
f 2175 102 103 
f 46 2207 360 
f 362 360 2207 
f 389 495 493 
f 864 2209 2208 
f 1886 2208 2209 
f 1961 1807 1810 
f 1430 261 598 
f 259 598 261 
f 2210 1830 1828 
f 379 935 936 
f 2185 917 2184 
f 918 2184 917 
f 2104 2079 2021 
f 2078 2021 2079 
f 1468 1338 1340 
f 293 1788 295 
f 1786 295 1788 
f 1383 429 427 
f 1551 1549 245 
f 2211 245 1549 
f 2077 2212 619 
f 604 619 2212 
f 1630 1540 1538 
f 1448 1206 1207 
f 860 859 962 
f 961 962 859 
f 1944 1041 534 
f 1918 1919 2213 
f 1608 2213 1919 
f 2214 2100 1045 
f 1793 1045 2100 
f 1515 1295 2215 
f 1293 2215 1295 
f 2216 19 1624 
f 1622 1624 19 
f 2027 779 2028 
f 1168 2028 779 
f 2123 2218 2217 
f 2156 2217 2218 
f 2220 1870 2219 
f 2189 2219 1870 
f 808 713 116 
f 319 829 318 
f 830 318 829 
f 2222 1609 2221 
f 1610 2221 1609 
f 521 1470 1875 
f 2223 1875 1470 
f 1583 1013 1015 
f 1509 367 2159 
f 2226 2225 2224 
f 2227 2224 2225 
f 682 685 1240 
f 2228 1107 1108 
f 2086 566 2229 
f 569 2229 566 
f 1683 2230 1596 
f 1472 1596 2230 
f 687 1639 2168 
f 670 2168 1639 
f 2231 336 337 
f 768 1921 2232 
f 335 2232 1921 
f 878 2233 834 
f 1079 834 2233 
f 1085 1083 2037 
f 2235 2234 1933 
f 320 1933 2234 
f 1766 1031 1029 
f 1578 1351 1099 
f 1101 1099 1351 
f 2236 2098 2096 
f 1749 1927 1606 
f 1708 1238 1666 
f 680 1666 1238 
f 1497 2183 1499 
f 965 1499 2183 
f 1046 2077 1738 
f 1708 1666 1877 
f 1667 1877 1666 
f 809 1118 1085 
f 2236 1990 2237 
f 1087 2237 1990 
f 2135 2239 2238 
f 2240 2238 2239 
f 2241 296 294 
f 2242 1534 1723 
f 2243 844 843 
f 32 35 2244 
f 2245 2244 35 
f 2246 1714 1712 
f 852 1247 854 
f 1212 854 1247 
f 1742 1340 1339 
f 505 540 507 
f 1554 1787 1225 
f 2248 613 2247 
f 304 2247 613 
f 2250 2249 1733 
f 1735 1733 2249 
f 414 1883 888 
f 2251 825 826 
f 1909 1526 1524 
f 669 2252 671 
f 2253 671 2252 
f 2097 2254 2096 
f 2236 2096 2254 
f 1370 1938 923 
f 396 394 994 
f 603 606 1488 
f 1479 1488 606 
f 1757 2151 808 
f 881 808 2151 
f 1923 235 697 
f 234 697 235 
f 2256 2139 2255 
f 1860 2255 2139 
f 1932 2242 1934 
f 2257 1934 2242 
f 2 2259 2258 
f 451 2258 2259 
f 643 1301 1697 
f 2022 226 227 
f 2260 1931 1981 
f 863 1699 717 
f 344 1444 1445 
f 1669 2187 1668 
f 2246 745 1714 
f 29 814 2261 
f 287 2261 814 
f 1941 1527 1929 
f 2262 1929 1527 
f 162 1108 760 
f 843 349 347 
f 1483 188 186 
f 1842 1880 2167 
f 2263 2167 1880 
f 1245 2264 1958 
f 1910 1958 2264 
f 2265 1367 1987 
f 1895 1005 1250 
f 1932 318 830 
f 273 1974 352 
f 937 1968 1485 
f 1557 1485 1968 
f 492 1129 1127 
f 1761 630 631 
f 1953 1730 922 
f 2266 2121 1171 
f 1170 1171 2121 
f 2259 2139 2256 
f 198 196 231 
f 2267 231 196 
f 886 411 888 
f 414 888 411 
f 2267 691 233 
f 1917 233 691 
f 1883 1896 1884 
f 2262 1148 813 
f 1151 813 1148 
f 1027 1026 1626 
f 1625 1626 1026 
f 2268 1691 2036 
f 753 2270 2269 
f 1845 2269 2270 
f 750 748 1241 
f 262 260 1491 
f 1956 2271 1955 
f 2135 1955 2271 
f 770 1590 1589 
f 217 723 721 
f 355 2272 357 
f 193 357 2272 
f 1327 380 1158 
f 691 689 1275 
f 1274 1275 689 
f 371 886 373 
f 887 373 886 
f 988 2164 2273 
f 2274 2273 2164 
f 2127 1754 2275 
f 1520 2275 1754 
f 2278 2277 2276 
f 1378 2276 2277 
f 199 1442 1440 
f 1752 1559 1561 
f 1993 572 570 
f 1886 341 339 
f 1631 1634 2279 
f 451 2279 1634 
f 1644 1153 1646 
f 1678 1676 1548 
f 2099 1548 1676 
f 2282 2281 2280 
f 2283 2280 2281 
f 2284 163 2051 
f 161 2051 163 
f 2063 1337 449 
f 450 449 1337 
f 64 1104 2058 
f 1094 2198 1096 
f 1819 122 120 
f 1479 2285 1488 
f 1991 1488 2285 
f 2286 1213 1212 
f 1278 1149 1280 
f 2287 877 875 
f 362 45 1798 
f 1564 1798 45 
f 1997 1852 2288 
f 2289 2288 1852 
f 2103 767 1831 
f 2025 1441 2024 
f 2290 2024 1441 
f 1009 1343 329 
f 2292 2148 2291 
f 890 2291 2148 
f 396 2022 227 
f 1981 1831 698 
f 1795 1796 350 
f 1850 350 1796 
f 1074 1073 997 
f 511 997 1073 
f 1306 1397 2293 
f 1176 2293 1397 
f 1857 1855 408 
f 410 408 1855 
f 1381 1890 1380 
f 1727 1380 1890 
f 1924 2205 2203 
f 2294 2209 864 
f 2291 891 1891 
f 1466 926 925 
f 529 1556 526 
f 191 1740 193 
f 357 193 1740 
f 1022 2295 2200 
f 2296 2200 2295 
f 636 773 1281 
f 1367 2265 2087 
f 441 2087 2265 
f 1768 761 1716 
f 583 1716 761 
f 2045 334 332 
f 2184 1750 2023 
f 226 2023 1750 
f 2155 1002 1000 
f 1081 1079 2233 
f 2297 862 1092 
f 865 1092 862 
f 2298 1207 1205 
f 2290 2026 2024 
f 377 380 1330 
f 344 2057 1444 
f 2301 2300 2299 
f 1106 2299 2300 
f 790 1053 1248 
f 1249 1248 1053 
f 843 1997 2074 
f 1108 162 163 
f 1776 1047 1777 
f 1046 1777 1047 
f 1103 199 1440 
f 1051 1054 1672 
f 1509 1510 369 
f 1604 366 716 
f 1821 480 615 
f 2117 1492 981 
f 140 1416 1208 
f 1321 1208 1416 
f 1282 525 2118 
f 2119 2118 525 
f 993 29 30 
f 1280 2302 1825 
f 1827 1825 2302 
f 274 272 1319 
f 2221 1610 1283 
f 1038 1283 1610 
f 2303 554 557 
f 2305 2304 1532 
f 1219 1532 2304 
f 1269 1216 731 
f 2306 1591 897 
f 899 897 1591 
f 2221 1282 1454 
f 2118 1454 1282 
f 1097 2307 1094 
f 1996 1094 2307 
f 515 2107 1405 
f 2115 1405 2107 
f 2309 2308 849 
f 514 849 2308 
f 1998 241 239 
f 521 1875 439 
f 2182 923 2187 
f 921 2187 923 
f 2166 2310 2278 
f 2311 2278 2310 
f 608 2017 610 
f 886 371 413 
f 1752 413 371 
f 2069 332 333 
f 2076 345 343 
f 307 2312 306 
f 457 306 2312 
f 383 381 1563 
f 15 1563 381 
f 2277 503 501 
f 2314 1697 2313 
f 1741 2313 1697 
f 421 16 14 
f 2028 1168 2315 
f 2007 2315 1168 
f 2291 890 891 
f 1794 2315 1796 
f 1851 1796 2315 
f 2316 1348 2040 
f 1823 622 623 
f 1619 1854 1617 
f 1271 1269 731 
f 1721 1362 1356 
f 1355 1356 1362 
f 1242 748 320 
f 317 320 748 
f 1802 1189 1119 
f 2175 1901 2317 
f 2318 2317 1901 
f 2321 2320 2319 
f 2322 2319 2320 
f 609 1033 2263 
f 1034 2263 1033 
f 822 120 1313 
f 1758 2045 2046 
f 2285 2324 2323 
f 1760 2323 2324 
f 1463 1420 1418 
f 2080 1253 1652 
f 650 1652 1253 
f 1223 1871 1225 
f 1278 1904 1151 
f 813 1151 1904 
f 1448 1156 1157 
f 1214 315 2325 
f 313 2325 315 
f 2294 2282 409 
f 1857 409 2282 
f 1345 246 345 
f 2057 345 246 
f 539 632 507 
f 852 507 632 
f 841 447 445 
f 1173 1322 1321 
f 1752 371 372 
f 2326 40 2188 
f 1502 1290 556 
f 1627 2244 2245 
f 1688 1473 718 
f 720 718 1473 
f 2267 233 231 
f 361 359 1030 
f 772 175 173 
f 1195 609 607 
f 609 1335 608 
f 2327 955 919 
f 958 919 955 
f 1468 1470 521 
f 410 1577 407 
f 1886 407 1577 
f 2328 752 2015 
f 733 1392 730 
f 2264 2329 2052 
f 1629 2052 2329 
f 2330 1244 2038 
f 1245 2038 1244 
f 891 1727 1890 
f 1972 2019 2020 
f 2026 2290 1778 
f 2287 1778 2290 
f 1603 1535 2331 
f 1594 2331 1535 
f 384 416 2332 
f 172 2332 416 
f 1456 2175 1458 
f 805 1546 802 
f 1547 802 1546 
f 1041 1944 1987 
f 2333 1987 1944 
f 2125 1179 911 
f 1958 2038 1245 
f 1827 1961 1810 
f 587 588 2334 
f 2335 2334 588 
f 1619 497 2336 
f 500 2336 497 
f 2337 1514 1513 
f 2088 1054 2198 
f 1957 225 1992 
f 2309 742 2110 
f 2095 1317 2194 
f 1315 2194 1317 
f 1115 607 610 
f 140 2338 1157 
f 1448 1157 2338 
f 1057 1557 1968 
f 966 2032 2034 
f 2339 1470 1469 
f 2341 1373 2340 
f 1437 2340 1373 
f 1967 1081 2233 
f 1162 2342 1163 
f 1974 1163 2342 
f 2043 1172 2343 
f 1173 2343 1172 
f 2005 812 1903 
f 810 1903 812 
f 1143 1970 1967 
f 1077 2029 1074 
f 1795 266 1797 
f 2194 1315 1337 
f 2344 1901 1737 
f 1338 1468 521 
f 363 1969 249 
f 867 1493 869 
f 541 540 576 
f 2009 725 2170 
f 2062 827 2345 
f 701 2345 827 
f 1377 1311 832 
f 1397 1175 1176 
f 543 1806 1255 
f 1261 1255 1806 
f 435 951 1717 
f 1768 1717 951 
f 2119 523 2254 
f 524 2254 523 
f 1928 2176 2177 
f 2181 1276 1370 
f 1328 87 321 
f 2346 948 158 
f 1981 1601 1831 
f 2103 1831 1601 
f 1906 1764 1762 
f 660 1204 1977 
f 2295 1764 1906 
f 640 573 1786 
f 112 2114 1726 
f 1276 499 1587 
f 1961 1772 1807 
f 1771 1807 1772 
f 1961 1905 1772 
f 747 2347 749 
f 1829 749 2347 
f 900 1898 2348 
f 2301 2348 1898 
f 1815 1817 2176 
f 2349 2176 1817 
f 541 631 539 
f 1472 1471 1596 
f 2292 1540 2060 
f 896 2060 1540 
f 312 595 2308 
f 513 2308 595 
f 1824 1827 1810 
f 1242 320 2234 
f 1302 2255 1860 
f 2350 2090 913 
f 1135 913 2090 
f 1892 1629 1539 
f 2123 2217 2122 
f 739 2122 2217 
f 2351 491 489 
f 183 1439 2212 
f 602 2212 1439 
f 409 2209 2294 
f 1913 2352 2202 
f 2130 2202 2352 
f 2320 1422 2322 
f 1980 2322 1422 
f 70 1745 1229 
f 399 1229 1745 
f 298 2196 156 
f 2354 883 2353 
f 881 2353 883 
f 48 361 236 
f 1822 624 622 
f 1812 1824 1810 
f 1580 2355 1698 
f 1593 1698 2355 
f 936 934 2356 
f 1498 2356 934 
f 2357 591 592 
f 618 1557 1057 
f 1681 1112 1110 
f 1136 2206 1334 
f 1543 1101 1670 
f 1352 1670 1101 
f 2094 2293 2358 
f 1176 2358 2293 
f 2359 2357 592 
f 827 1925 701 
f 2123 701 1925 
f 1644 1319 1155 
f 407 2209 409 
f 1748 1712 1713 
f 2149 2148 2292 
f 1872 2302 1280 
f 102 2317 2360 
f 2318 2360 2317 
f 1891 1892 1539 
f 1979 728 1801 
f 840 1801 728 
f 2361 1962 2302 
f 1827 2302 1962 
f 1833 1592 2362 
f 1038 2362 1592 
f 1492 2144 2363 
f 2364 2363 2144 
f 2365 1767 2002 
f 951 2002 1767 
f 1428 1931 2003 
f 2260 2003 1931 
f 92 562 2366 
f 560 2366 562 
f 2257 2367 1934 
f 2368 1934 2367 
f 1826 2369 1287 
f 1853 1287 2369 
f 2370 43 2162 
f 2368 2235 1933 
f 2371 907 905 
f 1648 1652 650 
f 511 545 997 
f 2261 31 29 
f 2362 1038 1610 
f 2274 2327 2185 
f 917 2185 2327 
f 227 429 396 
f 393 396 429 
f 1867 1637 557 
f 1635 557 1637 
f 1989 2373 2372 
f 2115 2372 2373 
f 2 2139 2259 
f 1895 1250 1023 
f 2022 2023 226 
f 2374 701 699 
f 2285 1481 2324 
f 2375 2324 1481 
f 193 2272 2376 
f 1462 2376 2272 
f 2091 2335 588 
f 986 989 994 
f 1735 2248 1734 
f 2377 1734 2248 
f 2044 2067 1720 
f 2378 1720 2067 
f 2379 28 31 
f 1534 2242 1932 
f 1759 1466 337 
f 2371 1230 1985 
f 757 909 756 
f 955 1398 957 
f 1156 1448 2380 
f 1446 2380 1448 
f 1062 1063 2381 
f 755 2381 1063 
f 1973 445 2382 
f 448 2382 445 
f 54 55 2075 
f 292 520 437 
f 2119 2097 2067 
f 2378 2067 2097 
f 2309 2110 2193 
f 1114 1115 610 
f 450 444 442 
f 809 1085 2037 
f 808 881 807 
f 884 807 881 
f 1913 2384 2383 
f 2385 2383 2384 
f 1952 2031 1006 
f 2312 307 2339 
f 1640 2339 307 
f 1505 482 1507 
f 1781 1507 482 
f 1014 1582 1560 
f 2258 451 1675 
f 1865 1866 582 
f 1234 582 1866 
f 1741 842 844 
f 542 1389 544 
f 2091 2090 2350 
f 1885 2208 1886 
f 1484 1010 2183 
f 1968 400 1057 
f 1701 2158 804 
f 2386 804 2158 
f 912 845 848 
f 1964 405 860 
f 2129 1174 1177 
f 1835 1920 2228 
f 1107 2228 1920 
f 2212 602 1480 
f 600 1480 602 
f 1802 1801 840 
f 2136 1924 2203 
f 28 139 786 
f 1597 1519 2387 
f 1517 2387 1519 
f 1783 1408 1411 
f 2100 2214 1621 
f 1062 1621 2214 
f 1924 2136 880 
f 681 1665 680 
f 679 1047 1914 
f 727 2275 2171 
f 2016 2171 2275 
f 770 1589 1109 
f 826 1109 1589 
f 1319 1644 1193 
f 722 528 526 
f 378 936 2225 
f 2356 2225 936 
f 1037 2061 453 
f 920 405 1964 
f 2236 2254 524 
f 1835 1834 1667 
f 1286 1289 1209 
f 1090 1209 1289 
f 1541 2174 103 
f 1645 1646 1873 
f 2073 1873 1646 
f 2248 1735 750 
f 747 750 1735 
f 1112 1347 2047 
f 1742 2054 1340 
f 2377 2248 2247 
f 1024 1895 1023 
f 1690 2251 826 
f 899 1541 898 
f 103 898 1541 
f 438 1310 1309 
f 553 484 550 
f 1035 792 943 
f 1305 2256 2255 
f 2388 516 518 
f 1137 2232 335 
f 743 1574 1572 
f 771 32 2389 
f 2244 2389 32 
f 2390 2102 2331 
f 1603 2331 2102 
f 2391 147 1021 
f 960 1965 962 
f 1788 328 1224 
f 1859 2392 2152 
f 2153 2152 2392 
f 1484 1486 1010 
f 1845 1721 2199 
f 348 2199 1721 
f 1525 1573 1524 
f 2395 2394 2393 
f 1000 2393 2394 
f 821 822 1313 
f 1802 840 838 
f 1453 1454 2118 
f 1978 883 2354 
f 1178 1180 1985 
f 39 1985 1180 
f 2348 2299 2396 
f 1106 2396 2299 
f 329 268 1009 
f 1520 2016 2275 
f 916 1751 918 
f 1679 811 812 
f 1778 2287 875 
f 636 122 1819 
f 1363 1129 492 
f 1753 1776 946 
f 1822 1756 2128 
f 2127 2128 1756 
f 866 869 20 
f 967 20 869 
f 86 210 2101 
f 2005 2101 210 
f 2333 1943 2320 
f 1422 2320 1943 
f 2397 1040 1310 
f 516 1424 647 
f 1964 2398 920 
f 2399 920 2398 
f 2074 2243 843 
f 2334 971 587 
f 589 587 971 
f 137 787 139 
f 1748 90 91 
f 584 198 231 
f 586 1134 1135 
f 1752 1561 80 
f 1565 80 1561 
f 502 503 5 
f 1926 2218 2123 
f 308 2400 305 
f 2252 305 2400 
f 575 540 505 
f 241 1999 1753 
f 1915 1753 1999 
f 2401 2171 2016 
f 2205 1924 1482 
f 638 1482 1924 
f 1196 2141 1194 
f 1933 1934 2368 
f 850 849 514 
f 2253 2130 671 
f 2159 1511 1509 
f 787 2112 785 
f 1945 1963 931 
f 2382 448 1882 
f 1881 1882 448 
f 1591 328 326 
f 1906 2296 2295 
f 2402 1297 952 
f 1483 952 1297 
f 118 713 2143 
f 806 2143 713 
f 1804 1467 1163 
f 2404 2403 1945 
f 1963 1945 2403 
f 1947 1948 2146 
f 2405 2146 1948 
f 967 970 20 
f 1665 1920 1667 
f 1835 1667 1920 
f 1203 297 2406 
f 299 2406 297 
f 2279 451 2259 
f 577 218 574 
f 216 574 218 
f 292 1728 1339 
f 1743 1339 1728 
f 7 1567 6 
f 1570 6 1567 
f 1523 1715 1522 
f 1459 1522 1715 
f 1416 2154 1321 
f 2318 1566 2069 
f 2109 1951 2110 
f 1950 2110 1951 
f 350 1850 347 
f 33 34 2407 
f 1109 2407 34 
f 1560 1565 1561 
f 727 2127 2275 
f 1379 1526 1381 
f 1499 1409 1496 
f 1410 1496 1409 
f 1623 17 970 
f 1451 844 1450 
f 2243 1450 844 
f 1991 2323 1257 
f 1759 1257 2323 
f 2187 2408 2182 
f 2409 2182 2408 
f 1300 1299 1390 
f 1203 745 2246 
f 1551 471 1550 
f 469 1550 471 
f 1431 1740 191 
f 2411 2410 793 
f 1681 793 2410 
f 1750 2184 918 
f 2404 1945 1221 
f 1867 1793 1637 
f 108 1637 1793 
f 960 1183 146 
f 1893 1628 2329 
f 1629 2329 1628 
f 2107 2108 2115 
f 525 523 2119 
f 313 316 2412 
f 1267 2412 316 
f 1313 1314 2340 
f 2288 2340 1314 
f 1228 1957 1992 
f 1506 313 2412 
f 2413 2407 1109 
f 1813 2414 1814 
f 684 1814 2414 
f 2113 2274 2164 
f 348 1653 350 
f 536 1881 448 
f 1791 257 255 
f 1101 1544 1098 
f 1482 638 1281 
f 636 1281 638 
f 1883 2414 1896 
f 1813 1896 2414 
f 3 1860 2139 
f 2257 1600 2367 
f 1426 2367 1600 
f 103 101 898 
f 1899 898 101 
f 1669 1353 1516 
f 2012 1086 1084 
f 751 1048 1983 
f 2240 2279 2415 
f 2259 2415 2279 
f 1569 1951 1568 
f 2109 1568 1951 
f 863 717 865 
f 720 865 717 
f 1854 1607 299 
f 2406 299 1607 
f 24 2141 1196 
f 1100 2416 1294 
f 1296 1294 2416 
f 262 1976 2163 
f 641 1996 2307 
f 1678 1548 1546 
f 1568 2109 1570 
f 1995 1570 2109 
f 1679 812 2005 
f 1475 1624 1623 
f 493 391 389 
f 2381 755 758 
f 1590 2036 563 
f 1659 2417 1889 
f 1407 1889 2417 
f 1521 304 1523 
f 1280 1825 1369 
f 1826 1369 1825 
f 2352 2129 2130 
f 1431 1107 1739 
f 738 1396 1306 
f 1397 1306 1396 
f 2215 1293 2268 
f 1691 2268 1293 
f 538 2158 535 
f 1732 1730 1953 
f 61 372 370 
f 1974 2342 2418 
f 1725 2418 2342 
f 916 2419 1751 
f 1992 1751 2419 
f 2338 1208 1206 
f 2421 2420 2196 
f 153 2196 2420 
f 1927 2422 1866 
f 1234 1866 2422 
f 2322 1915 2319 
f 1999 2319 1915 
f 1820 112 110 
f 2180 998 1261 
f 233 1917 2423 
f 1916 2423 1917 
f 1862 2188 729 
f 1843 504 1894 
f 436 688 1663 
f 1857 408 409 
f 981 492 1127 
f 1771 1809 1807 
f 2206 2017 608 
f 1615 1413 2116 
f 2026 1732 1954 
f 1953 1954 1732 
f 1717 1768 1716 
f 769 2425 2424 
f 2409 2424 2425 
f 2426 1611 1949 
f 803 1942 805 
f 1678 805 1942 
f 2427 287 1803 
f 2311 7 2278 
f 2277 2278 7 
f 953 1912 954 
f 2428 954 1912 
f 1252 2429 1254 
f 385 1254 2429 
f 246 1345 248 
f 1220 1222 1583 
f 1332 1583 1222 
f 1559 1752 372 
f 1183 1764 2295 
f 1556 978 1128 
f 2073 2200 2361 
f 2296 2361 2200 
f 2249 747 1735 
f 2430 1487 1258 
f 1260 1258 1487 
f 1836 1300 1390 
f 1093 2014 1696 
f 1695 1696 2014 
f 273 352 272 
f 1167 1168 779 
f 1817 2431 2349 
f 663 2349 2431 
f 1 4 240 
f 239 240 4 
f 2235 2432 2234 
f 1242 2234 2432 
f 71 2433 190 
f 471 190 2433 
f 825 2251 1926 
f 2434 1926 2251 
f 1102 1103 1440 
f 271 1261 1806 
f 328 1788 293 
f 1324 1582 1412 
f 398 2048 152 
f 1192 152 2048 
f 777 386 2435 
f 2436 2435 386 
f 1398 2274 2113 
f 1566 2344 232 
f 584 232 2344 
f 965 269 277 
f 887 502 2120 
f 1901 1566 2318 
f 1459 1715 1718 
f 2126 419 418 
f 999 1417 2379 
f 138 2379 1417 
f 2262 1528 1148 
f 1150 1148 1528 
f 2026 1778 1780 
f 1686 2166 1082 
f 2437 1082 2166 
f 2175 2317 102 
f 1908 1909 1958 
f 159 157 839 
f 2259 2256 2415 
f 2238 2415 2256 
f 2390 2438 2102 
f 2103 2102 2438 
f 2205 1482 415 
f 174 415 1482 
f 2201 591 2357 
f 1368 984 1240 
f 2343 2201 2357 
f 204 1175 206 
f 2395 2134 2132 
f 2374 2345 701 
f 1922 1234 2422 
f 1907 1890 1381 
f 1935 1370 1274 
f 661 2349 663 
f 1063 900 2348 
f 668 1177 2169 
f 1175 2169 1177 
f 2054 1742 1744 
f 1494 1869 2439 
f 1868 2439 1869 
f 1414 2165 1415 
f 1879 1415 2165 
f 1261 996 1255 
f 2440 1052 790 
f 1053 790 1052 
f 214 938 941 
f 292 290 1728 
f 1380 1728 290 
f 1254 1171 1251 
f 649 1251 1171 
f 945 1199 1200 
f 1775 1322 1811 
f 1103 690 2267 
f 691 2267 690 
f 2229 1823 623 
f 1799 16 2337 
f 422 2337 16 
f 1668 1900 992 
f 2442 244 2441 
f 2443 2441 244 
f 1657 2441 2443 
f 445 1973 841 
f 610 1308 1114 
f 1307 1114 1308 
f 25 1726 22 
f 2142 22 1726 
f 1376 1377 835 
f 832 835 1377 
f 1892 2052 1629 
f 1439 1959 602 
f 1460 602 1959 
f 95 1486 1557 
f 2181 2182 498 
f 2425 498 2182 
f 960 963 1183 
f 2444 958 956 
f 2013 190 1551 
f 471 1551 190 
f 1379 290 291 
f 1886 1577 341 
f 1759 2323 1760 
f 1404 940 938 
f 2170 2010 2009 
f 1111 1112 2047 
f 115 118 979 
f 2117 979 118 
f 2445 2006 2216 
f 19 2216 2006 
f 2446 1594 1761 
f 828 1761 1594 
f 1674 398 1673 
f 2414 414 684 
f 990 1025 1543 
f 1914 2322 1980 
f 732 2431 56 
f 53 56 2431 
f 2086 2229 623 
f 1215 1214 1372 
f 2325 1372 1214 
f 1643 432 433 
f 2158 2232 1137 
f 1705 387 2429 
f 385 2429 387 
f 2449 2448 2447 
f 1064 2447 2448 
f 61 1724 58 
f 2178 929 1536 
f 1404 938 1406 
f 214 1406 938 
f 2450 1822 2128 
f 1615 2116 481 
f 483 481 2116 
f 499 1276 498 
f 2181 498 1276 
f 2260 2002 2003 
f 887 885 1884 
f 331 376 2053 
f 2301 2053 376 
f 693 695 599 
f 1430 599 695 
f 181 648 651 
f 178 176 564 
f 223 434 432 
f 662 1977 2177 
f 548 2177 1977 
f 2376 1386 192 
f 1384 192 1386 
f 444 2087 441 
f 492 263 1363 
f 1355 1363 263 
f 2451 1041 1987 
f 2436 387 1706 
f 33 903 895 
f 901 895 903 
f 30 28 786 
f 2123 1925 1926 
f 216 1982 1984 
f 834 1079 833 
f 1082 833 1079 
f 1734 2241 1736 
f 294 1736 2241 
f 545 543 1255 
f 2028 1797 1655 
f 2452 421 14 
f 2453 862 2297 
f 1105 62 909 
f 263 266 1354 
f 614 617 1286 
f 1288 1286 617 
f 823 1437 1145 
f 1436 1145 1437 
f 691 1275 1917 
f 1273 1917 1275 
f 2199 2269 1845 
f 1501 1671 1672 
f 765 654 652 
f 709 902 903 
f 1385 2083 1017 
f 1019 1017 2083 
f 1560 213 211 
f 376 2300 2301 
f 1217 1219 1020 
f 1021 1020 1219 
f 1445 346 344 
f 1819 120 822 
f 1847 2435 975 
f 2436 975 2435 
f 45 43 2370 
f 1310 2454 2397 
f 1662 2397 2454 
f 1966 2455 1702 
f 1703 1702 2455 
f 2252 2400 2253 
f 2079 2253 2400 
f 2300 1104 1106 
f 1105 64 62 
f 1894 1024 1843 
f 2456 2344 1737 
f 2358 2092 2094 
f 719 2457 2089 
f 2390 2089 2457 
f 1618 1588 1586 
f 513 514 2308 
f 2430 1921 2458 
f 768 2458 1921 
f 1382 628 185 
f 626 185 628 
f 1539 1537 1891 
f 2291 1891 1537 
f 1152 1217 1154 
f 1020 1154 1217 
f 366 1927 1866 
f 593 2394 2395 
f 2147 2304 2305 
f 2460 2459 373 
f 370 373 2459 
f 126 2458 768 
f 1163 1974 1804 
f 273 1804 1974 
f 1192 2048 1477 
f 1930 1531 904 
f 2126 726 419 
f 502 887 1884 
f 17 1622 19 
f 538 768 2232 
f 2041 2195 2186 
f 1055 1837 1763 
f 1179 159 1400 
f 625 1331 1327 
f 893 2245 35 
f 443 1998 1675 
f 399 379 377 
f 1815 2176 1928 
f 1921 2430 1259 
f 1258 1259 2430 
f 531 2450 2128 
f 2447 1067 1918 
f 1707 1918 1067 
f 652 655 1438 
f 2187 1516 2408 
f 1515 2408 1516 
f 1410 2224 2227 
f 1093 1696 99 
f 98 99 1696 
f 497 1586 499 
f 2330 1626 1244 
f 1246 1244 1626 
f 589 971 800 
f 632 1248 852 
f 438 2454 1310 
f 889 1743 1728 
f 372 61 59 
f 1349 1347 2410 
f 1112 2410 1347 
f 380 378 1159 
f 2225 1159 378 
f 2461 1221 2191 
f 1220 2191 1221 
f 2462 532 2451 
f 1041 2451 532 
f 1830 789 319 
f 2169 1175 204 
f 2150 2463 2353 
f 2354 2353 2463 
f 2464 1828 1829 
f 2322 1914 1915 
f 1292 355 358 
f 873 2178 1536 
f 2291 1537 2292 
f 1540 2292 1537 
f 1030 1798 1032 
f 1562 1032 1798 
f 419 725 1272 
f 2030 1272 725 
f 2160 189 190 
f 2465 1741 1451 
f 844 1451 1741 
f 1856 47 1858 
f 1888 1858 47 
f 1619 1003 1854 
f 586 589 1188 
f 1341 1188 589 
f 600 487 1481 
f 2375 1481 487 
f 676 783 983 
f 1514 2337 422 
f 1408 2224 1410 
f 618 1475 1623 
f 1149 1278 1151 
f 903 711 709 
f 431 1271 56 
f 732 56 1271 
f 1602 1723 1603 
f 2457 719 1887 
f 1699 1887 719 
f 1261 271 274 
f 2466 1930 904 
f 185 188 2085 
f 1645 1873 1150 
f 1149 1150 1873 
f 2074 1312 121 
f 120 121 1312 
f 1022 148 2295 
f 1183 2295 148 
f 1095 2210 1828 
f 1086 2011 243 
f 245 243 2011 
f 2231 1465 2157 
f 736 2157 1465 
f 1601 1981 1598 
f 567 2046 569 
f 491 569 2046 
f 2183 269 965 
f 2270 751 1983 
f 877 2287 1514 
f 1512 1514 2287 
f 98 1694 1711 
f 2314 1711 1694 
f 1944 534 647 
f 1591 326 899 
f 1541 899 326 
f 1506 2412 1505 
f 1267 1505 2412 
f 1501 664 1290 
f 582 581 1865 
f 678 1865 581 
f 741 850 213 
f 212 213 850 
f 2350 913 914 
f 1216 2008 733 
f 2421 733 2008 
f 1766 761 1768 
f 65 911 909 
f 2444 2445 69 
f 2216 69 2445 
f 809 807 884 
f 1886 2209 407 
f 1724 61 8 
f 2459 8 61 
f 2309 849 742 
f 2468 2001 2467 
f 2161 2467 2001 
f 804 2386 803 
f 1138 803 2386 
f 2033 1478 2402 
f 1297 2402 1478 
f 2202 706 1913 
f 694 1126 2469 
f 1124 2469 1126 
f 2316 1811 1348 
f 1350 1348 1811 
f 1199 945 2346 
f 948 2346 945 
f 2426 2448 2449 
f 1332 1412 1583 
f 1090 857 870 
f 995 1674 1078 
f 2001 189 2160 
f 2321 443 441 
f 1202 910 1178 
f 911 1178 910 
f 1285 85 88 
f 417 221 222 
f 319 788 829 
f 831 829 788 
f 711 903 33 
f 388 2266 385 
f 1254 385 2266 
f 395 393 164 
f 937 935 1968 
f 2187 1669 1516 
f 529 527 2131 
f 1571 2131 527 
f 1990 2470 1070 
f 1069 1070 2470 
f 1374 1372 2325 
f 2123 700 701 
f 1949 1947 1419 
f 1421 1419 1947 
f 1052 2197 1054 
f 2469 479 694 
f 1405 2471 1404 
f 940 1404 2471 
f 687 2168 205 
f 2391 2399 2398 
f 2305 1725 1008 
f 2114 112 2372 
f 1820 2372 112 
f 2211 1552 2099 
f 1548 2099 1552 
f 2438 2457 342 
f 1887 342 2457 
f 347 1997 843 
f 1806 1804 271 
f 273 271 1804 
f 1117 2161 1085 
f 1084 1085 2161 
f 782 1167 779 
f 4 2258 1675 
f 1120 594 595 
f 2032 277 275 
f 2473 2472 572 
f 571 572 2472 
f 1431 836 837 
f 1530 2060 894 
f 2099 2004 208 
f 1684 219 1683 
f 2230 1683 219 
f 1592 1833 1835 
f 1625 2389 2244 
f 878 927 1779 
f 1905 2296 1906 
f 2207 1142 1125 
f 1209 1090 870 
f 2296 1905 1962 
f 2117 118 2143 
f 2244 1627 1625 
f 1928 2177 462 
f 548 462 2177 
f 800 799 1341 
f 1830 2210 2474 
f 1096 2474 2210 
f 1462 1464 1386 
f 1113 24 1115 
f 1196 1115 24 
f 1227 1229 1331 
f 1330 1331 1229 
f 1313 2340 1437 
f 95 1343 1486 
f 1983 1982 1684 
f 219 1684 1982 
f 1657 781 2027 
f 779 2027 781 
f 2226 1160 1159 
f 1501 1432 1435 
f 929 2178 1730 
f 668 671 1177 
f 1805 1325 1326 
f 2146 1464 1421 
f 1975 1976 262 
f 1851 2289 1852 
f 1693 1836 1738 
f 230 233 489 
f 2423 489 233 
f 2201 2343 1173 
f 861 855 579 
f 890 2475 892 
f 1744 892 2475 
f 159 1179 2125 
f 723 217 218 
f 2476 2091 2452 
f 2350 2452 2091 
f 1394 1306 2293 
f 835 2276 1376 
f 1378 1376 2276 
f 2055 2056 597 
f 2271 1633 2239 
f 1631 2239 1633 
f 1710 1708 1877 
f 188 2477 1187 
f 1698 1187 2477 
f 1139 2280 1141 
f 2283 1141 2280 
f 1336 1318 1889 
f 1196 1195 607 
f 2282 2280 1139 
f 2179 2417 1659 
f 1840 2478 1704 
f 1706 1704 2478 
f 1980 679 1914 
f 2479 2170 2171 
f 1488 1991 1260 
f 695 375 97 
f 1383 2084 1265 
f 623 1265 2084 
f 1573 2038 1958 
f 2417 2179 1649 
f 2078 456 458 
f 598 599 1430 
f 2132 590 593 
f 2289 1851 2315 
f 2087 2417 1649 
f 1661 1072 1074 
f 700 2093 702 
f 508 527 528 
f 773 1818 774 
f 1942 803 1138 
f 2058 1758 64 
f 63 64 1758 
f 1392 2421 2196 
f 1003 2336 1004 
f 1028 1004 2336 
f 1895 1024 1894 
f 245 2011 1551 
f 2013 1551 2011 
f 67 70 2035 
f 2369 1826 1824 
f 2056 694 693 
f 1339 520 292 
f 1888 1923 766 
f 536 448 446 
f 2365 1769 1767 
f 2426 2449 2447 
f 2480 980 1555 
f 978 1555 980 
f 151 634 633 
f 146 1965 960 
f 147 1965 146 
f 1945 931 932 
f 1681 794 793 
f 2288 2289 2341 
f 2007 2341 2289 
f 2481 2157 2156 
f 2441 2364 2442 
f 1086 2442 2364 
f 1116 23 1113 
f 24 1113 23 
f 1972 2070 2019 
f 851 2482 853 
f 1571 853 2482 
f 461 365 247 
f 249 247 365 
f 2483 2236 524 
f 2016 1520 1518 
f 543 1805 1806 
f 573 571 2145 
f 2112 787 1156 
f 2484 2172 2173 
f 1298 1483 1297 
f 1689 1849 549 
f 545 511 542 
f 2370 2162 383 
f 2423 1916 2351 
f 2387 2351 1916 
f 2093 2122 1395 
f 739 1395 2122 
f 2155 593 591 
f 2103 342 767 
f 2257 1723 1602 
f 892 1743 889 
f 2436 386 387 
f 914 421 2350 
f 2452 2350 421 
f 111 23 1116 
f 1359 1922 1358 
f 2422 1358 1922 
f 2396 757 755 
f 1236 684 682 
f 782 323 1328 
f 463 1928 462 
f 1269 1272 2030 
f 227 428 429 
f 2071 2202 2130 
f 2381 1620 1062 
f 2303 557 1635 
f 2339 1469 2312 
f 1897 2312 1469 
f 2327 2274 1398 
f 1267 482 1505 
f 1122 596 594 
f 2485 1092 1429 
f 1639 1875 2223 
f 553 486 484 
f 491 2046 488 
f 1133 1136 1334 
f 1427 559 558 
f 614 1963 2403 
f 1322 391 493 
f 1833 1919 1710 
f 2417 2087 1407 
f 1466 1396 738 
f 2360 104 102 
f 621 1265 623 
f 1847 975 973 
f 2470 522 735 
f 1342 2017 2206 
f 1094 1996 2088 
f 1434 2088 1996 
f 1773 2388 518 
f 733 2421 1392 
f 1125 1123 2207 
f 362 2207 1123 
f 2121 388 1061 
f 568 1593 63 
f 1859 496 494 
f 244 242 1584 
f 726 2127 727 
f 292 437 289 
f 284 1503 72 
f 2304 2147 2391 
f 2399 2391 2147 
f 1599 2103 1601 
f 2399 2031 920 
f 2379 139 28 
f 1298 658 656 
f 2079 2104 2071 
f 2070 2071 2104 
f 2424 2409 2268 
f 2215 2268 2409 
f 1363 1361 1471 
f 2273 987 988 
f 500 769 771 
f 2230 219 217 
f 2446 1761 1687 
f 631 1687 1761 
f 2332 2334 2335 
f 2068 804 802 
f 837 288 760 
f 2282 1139 1857 
f 1142 1857 1139 
f 2388 1773 1423 
f 2439 1650 969 
f 1396 1466 925 
f 2387 1517 1755 
f 2360 331 104 
f 2231 2157 1511 
f 2481 1511 2157 
f 1615 1616 2486 
f 1904 2486 1616 
f 1029 761 1766 
f 454 452 1071 
f 2124 1071 452 
f 1502 1861 2463 
f 2354 2463 1861 
f 1547 472 2068 
f 2341 2340 2288 
f 2204 2136 2203 
f 222 220 517 
f 887 2120 2460 
f 2459 2460 2120 
f 1872 2361 2302 
f 1097 1993 2307 
f 641 2307 1993 
f 1860 2392 1859 
f 126 127 2458 
f 2487 2458 127 
f 2035 2419 916 
f 1349 2410 2411 
f 2071 2253 2079 
f 951 1767 1768 
f 731 732 1271 
f 2480 115 980 
f 979 980 115 
f 1569 1567 2311 
f 7 2311 1567 
f 567 1758 2046 
f 152 1192 149 
f 1552 2211 1549 
f 2319 1999 443 
f 2391 2398 147 
f 1965 147 2398 
f 98 1696 1694 
f 2255 1302 1305 
f 1400 39 1180 
f 199 2267 196 
f 2180 2048 1770 
f 2335 384 2332 
f 1956 1633 2271 
f 1683 1595 1685 
f 1362 1685 1595 
f 2093 1394 2094 
f 2293 2094 1394 
f 3 2153 2392 
f 1006 1007 1952 
f 559 1428 303 
f 950 303 1428 
f 1682 2270 1983 
f 2488 2033 2402 
f 1695 643 1697 
f 2489 1303 1304 
f 156 154 299 
f 1541 327 2174 
f 1521 2174 327 
f 2490 2059 1502 
f 1474 1624 1475 
f 2372 1820 1989 
f 1821 1989 1820 
f 1117 2467 2161 
f 1942 1677 1678 
f 2092 1186 702 
f 1185 702 1186 
f 969 1494 2439 
f 2226 2224 1783 
f 1408 1783 2224 
f 796 2435 1847 
f 508 528 577 
f 284 283 537 
f 1729 1627 2245 
f 897 1062 2214 
f 967 869 1494 
f 2491 560 561 
f 1387 2133 1864 
f 1816 55 53 
f 34 770 1109 
f 8 2459 2120 
f 2404 2461 1988 
f 1165 1988 2461 
f 1890 1907 1892 
f 1296 177 1691 
f 2190 1711 2314 
f 2448 1419 1064 
f 1420 1064 1419 
f 742 740 1995 
f 2037 2143 806 
f 2373 940 2471 
f 2359 2042 2357 
f 2343 2357 2042 
f 1309 1713 438 
f 2105 438 1713 
f 1861 1862 1978 
f 1935 1938 1370 
f 2362 1919 1833 
f 2018 2165 1414 
f 1133 1333 847 
f 846 847 1333 
f 999 31 1001 
f 2261 1001 31 
f 1749 2422 1927 
f 1529 2366 560 
f 2040 1349 2492 
f 2411 2492 1349 
f 2243 798 1450 
f 796 776 777 
f 2111 2113 2164 
f 1700 1701 804 
f 1407 1336 1889 
f 1256 2252 669 
f 735 1071 1069 
f 2063 449 1634 
f 451 1634 449 
f 1901 2344 1566 
f 2189 1207 2298 
f 1020 1022 1154 
f 2462 2450 532 
f 531 532 2450 
f 836 194 1059 
f 2419 2035 1228 
f 2208 863 864 
f 2493 2451 1986 
f 1987 1986 2451 
f 1438 1959 1439 
f 754 1048 751 
f 1182 1671 2059 
f 1663 1662 2454 
f 1699 1885 1887 
f 1644 1155 1153 
f 764 1439 181 
f 183 181 1439 
f 2404 1221 2461 
f 1547 469 472 
f 265 2363 264 
f 1656 264 2363 
f 1373 2341 1215 
f 2007 1215 2341 
f 552 561 551 
f 2065 164 1264 
f 972 2436 1706 
f 1801 884 882 
f 503 2277 7 
f 1474 2216 1624 
f 2365 2002 2260 
f 145 148 1022 
f 1661 281 279 
f 1545 469 1547 
f 1140 1124 1125 
f 96 94 968 
f 2494 968 94 
f 2373 1165 940 
f 2353 881 2151 
f 659 657 241 
f 1647 648 182 
f 1227 1957 1228 
f 2137 798 879 
f 2495 1490 261 
f 1580 1698 2477 
f 566 2086 1187 
f 228 1751 1992 
f 2481 2156 2434 
f 2218 2434 2156 
f 1776 1753 1915 
f 786 2164 988 
f 901 1530 894 
f 381 384 2476 
f 2335 2476 384 
f 1613 1874 906 
f 2060 2149 2292 
f 679 1980 677 
f 1631 2279 2240 
f 221 417 1270 
f 1272 1270 417 
f 1200 947 945 
f 458 2021 2078 
f 2026 1780 1732 
f 1731 1732 1780 
f 2487 2430 2458 
f 1904 1278 1279 
f 353 1974 2418 
f 2213 1608 1611 
f 1802 838 1189 
f 242 2211 209 
f 208 209 2211 
f 2380 1446 1495 
f 1447 1495 1446 
f 2364 1083 1086 
f 1828 2464 1095 
f 1097 1095 2464 
f 2352 2383 1174 
f 2385 1174 2383 
f 2361 2296 1962 
f 1760 253 926 
f 939 1164 2191 
f 2461 2191 1164 
f 1640 1639 2223 
f 1794 1797 2028 
f 982 1830 319 
f 824 2413 1109 
f 1508 2481 2434 
f 2057 344 345 
f 1251 650 1253 
f 720 1473 2328 
f 752 2328 1473 
f 421 1970 420 
f 1143 420 1970 
f 1284 481 1939 
f 482 1939 481 
f 2476 2452 14 
f 1562 1800 1032 
f 763 1032 1800 
f 2175 1456 1901 
f 2284 2061 1037 
f 1528 1191 1150 
f 1259 1759 337 
f 2135 2271 2239 
f 158 159 2125 
f 2186 1956 424 
f 425 424 1956 
f 2035 916 919 
f 1028 2336 771 
f 500 771 2336 
f 1840 974 972 
f 650 1251 649 
f 2195 2041 2044 
f 663 732 730 
f 504 502 1884 
f 1066 1585 1065 
f 1709 1065 1585 
f 2490 1502 2463 
f 1693 1692 127 
f 2487 127 1692 
f 604 1480 606 
f 1479 606 1480 
f 967 1494 969 
f 515 1405 1403 
f 443 2321 2319 
f 512 515 1403 
f 1660 2124 452 
f 1513 585 2106 
f 1097 2496 1993 
f 572 1993 2496 
f 1385 1017 2133 
f 1898 101 2053 
f 1543 1544 1101 
f 2497 2413 2062 
f 824 2062 2413 
f 188 1483 2477 
f 1298 2477 1483 
f 562 486 553 
f 710 2497 2484 
f 2062 2484 2497 
f 2496 2464 1829 
f 2172 2498 1235 
f 699 1235 2498 
f 1919 2362 1608 
f 1610 1608 2362 
f 1740 356 357 
f 2097 2119 2254 
f 2144 1492 2117 
f 1527 1528 2262 
f 155 2401 2016 
f 627 953 626 
f 187 626 953 
f 2476 14 15 
f 1888 47 48 
f 707 1242 2432 
f 1960 2491 561 
f 736 1465 738 
f 771 34 32 
f 1871 666 1433 
f 225 428 227 
f 1688 754 1473 
f 325 293 296 
f 1536 1377 1375 
f 1960 561 1461 
f 552 1461 561 
f 208 2211 2099 
f 2368 2499 2235 
f 2432 2235 2499 
f 96 2411 793 
f 1821 615 616 
f 693 599 2056 
f 1129 1472 1128 
f 2443 324 781 
f 2321 2333 2320 
f 1994 850 514 
f 2434 2218 1926 
f 2330 746 1027 
f 2298 1205 1775 
f 1460 601 602 
f 1213 1757 1211 
f 1982 216 219 
f 2348 2396 1063 
f 755 1063 2396 
f 2499 558 612 
f 1774 346 1445 
f 455 1366 1364 
f 207 210 86 
f 1384 1863 192 
f 194 192 1863 
f 531 2126 418 
f 1401 728 38 
f 999 2379 31 
f 2321 441 2265 
f 2176 2349 661 
f 1519 1597 1588 
f 2115 2373 2471 
f 315 322 314 
f 1548 1552 1545 
f 1517 1520 1754 
f 1957 430 225 
f 428 225 430 
f 2448 2426 1949 
f 2225 2226 1159 
f 461 1346 463 
f 2475 2148 1930 
f 1532 1219 1218 
f 802 1547 2068 
f 213 1559 60 
f 496 1350 1811 
f 470 74 1503 
f 2335 2091 2476 
f 255 2466 1791 
f 1971 1791 2466 
f 645 643 1695 
f 2446 1687 2089 
f 175 2332 172 
f 163 2228 1108 
f 2456 1737 1718 
f 1724 6 1570 
f 496 2152 1350 
f 2204 1789 1975 
f 1723 2257 2242 
f 592 1018 1016 
f 485 1662 2375 
f 1664 2375 1662 
f 2146 2083 2082 
f 1044 665 666 
f 2467 1190 2468 
f 2382 2468 1190 
f 261 1430 2190 
f 773 636 1818 
f 1819 1818 636 
f 2484 2062 2345 
f 1664 686 253 
f 1426 1427 2367 
f 2368 2367 1427 
f 2025 1954 1936 
f 1141 2469 1124 
f 154 155 1617 
f 2380 2112 1156 
f 2400 308 2079 
f 2144 2117 2143 
f 2489 392 715 
f 2043 2186 424 
f 1078 2029 1077 
f 973 1357 1847 
f 2281 2282 2294 
f 1508 1690 1510 
f 1121 2140 1122 
f 2500 1122 2140 
f 1816 1747 55 
f 2076 55 1747 
f 2106 2337 1513 
f 1309 90 1748 
f 928 1311 929 
f 1678 1546 805 
f 868 2113 867 
f 1614 2366 1529 
f 2239 1631 2240 
f 1169 315 1214 
f 770 769 1590 
f 2424 1590 769 
f 2050 2065 2064 
f 2484 2173 710 
f 712 710 2173 
f 2383 2352 1913 
f 482 1267 1939 
f 251 676 983 
f 369 367 1509 
f 2214 2306 897 
f 2370 1563 1564 
f 2072 1153 1154 
f 648 1648 650 
f 2267 199 1103 
f 871 874 1900 
f 837 1107 1431 
f 1612 2188 1862 
f 595 312 1120 
f 2348 2301 2299 
f 294 295 2145 
f 1122 2500 596 
f 2108 596 2500 
f 1303 2135 1305 
f 2238 1305 2135 
f 2330 1027 1626 
f 653 654 2121 
f 1791 1971 2020 
f 1972 2020 1971 
f 666 1871 1044 
f 1223 1044 1871 
f 214 941 1014 
f 2495 2314 2313 
f 1161 1467 1326 
f 1805 1326 1467 
f 2131 2482 2480 
f 117 2480 2482 
f 705 712 2173 
f 2424 2268 2036 
f 1201 910 1202 
f 2215 2408 1515 
f 1490 2465 2501 
f 1451 2501 2465 
f 712 705 1972 
f 2070 1972 705 
f 2192 2250 1733 
f 2134 2393 2427 
f 1001 2427 2393 
f 2493 1986 1365 
f 2391 1021 2304 
f 1219 2304 1021 
f 801 822 820 
f 616 1989 1821 
f 1803 1059 1060 
f 1086 243 2442 
f 244 2442 243 
f 965 964 1499 
f 1409 1499 964 
f 1694 1697 2314 
f 1489 2017 1342 
f 2039 2330 2038 
f 1980 1422 1425 
f 1126 44 1123 
f 42 1123 44 
f 237 224 229 
f 743 746 2039 
f 2330 2039 746 
f 4 2 2258 
f 92 90 1040 
f 1121 792 1035 
f 1043 2306 1045 
f 2214 1045 2306 
f 1100 1325 2416 
f 1389 2416 1325 
f 1638 1874 1635 
f 2303 1635 1874 
f 1540 1630 896 
f 1660 1658 2124 
f 1571 527 508 
f 1218 1152 351 
f 1155 351 1152 
f 1230 2371 905 
f 1822 622 1823 
f 1065 1709 1707 
f 2270 1682 1845 
f 1793 1042 1045 
f 368 369 510 
f 743 2039 1574 
f 2073 2072 2200 
f 1186 2385 2384 
f 1525 2105 1713 
f 709 1971 902 
f 2466 902 1971 
f 614 1286 1963 
f 2226 1784 1160 
f 2428 1160 1784 
f 2000 2468 2382 
f 2152 496 1859 
f 2155 1000 2394 
f 711 2413 2497 
f 1174 2129 2352 
f 96 1650 2411 
f 2492 2411 1650 
f 1930 256 2475 
f 1744 2475 256 
f 1287 1288 1826 
f 1981 698 696 
f 1677 1942 1941 
f 1985 1202 1178 
f 1247 1249 1212 
f 2286 1212 1249 
f 2241 2377 296 
f 1581 296 2377 
f 2051 161 2050 
f 2065 2050 161 
f 2433 470 471 
f 2073 2361 1872 
f 383 1563 2370 
f 1916 1597 2387 
f 1367 2087 1649 
f 1682 1983 1684 
f 1774 1425 1423 
f 2447 1064 1067 
f 788 790 831 
f 1248 831 790 
f 49 2207 46 
f 852 853 507 
f 461 247 1346 
f 505 508 577 
f 230 490 1566 
f 2043 424 1172 
f 390 1172 424 
f 2297 2283 2281 
f 2155 2201 2154 
f 2479 2401 2420 
f 153 2420 2401 
f 944 1951 1569 
f 1860 3 2392 
f 1620 1132 109 
f 2401 155 153 
f 378 379 936 
f 2465 2313 1741 
f 222 517 418 
f 2249 2250 2347 
f 2473 2347 2250 
f 2465 1490 2495 
f 1002 1417 999 
f 2147 2031 2399 
f 1503 472 470 
f 1500 1671 1501 
f 1495 1869 1494 
f 2106 1800 1799 
f 704 705 2173 
f 1709 1239 1238 
f 254 2054 1744 
f 2232 2158 538 
f 1018 590 2132 
f 2245 893 1729 
f 1632 2195 1720 
f 2044 1720 2195 
f 1360 797 796 
f 2419 1228 1992 
f 859 861 961 
f 2230 217 721 
f 404 1814 817 
f 1861 1978 2354 
f 2230 721 1472 
f 2384 1184 1186 
f 1699 863 2208 
f 694 2056 1126 
f 44 1126 2056 
f 2381 1132 1620 
f 138 139 2379 
f 1722 934 937 
f 508 506 1571 
f 432 1643 1773 
f 1049 1687 631 
f 737 1395 739 
f 1592 2228 2284 
f 163 2284 2228 
f 1904 1616 1902 
f 1285 1902 1616 
f 1419 2448 1949 
f 1910 2264 2052 
f 111 1507 110 
f 1781 110 1507 
f 2146 2405 2083 
f 1019 2083 2405 
f 1691 1293 1296 
f 1844 1024 872 
f 223 518 220 
f 2189 1447 1207 
f 2208 1885 1699 
f 1944 1943 2333 
f 616 614 1988 
f 2403 1988 614 
f 1868 2220 2492 
f 2040 2492 2220 
f 711 2407 2413 
f 1424 516 2388 
f 244 1584 2443 
f 324 2443 1584 
f 1978 1979 883 
f 882 883 1979 
f 495 2489 494 
f 1304 494 2489 
f 1769 234 236 
f 1210 912 2455 
f 848 2455 912 
f 1067 1065 1707 
f 1719 1720 2378 
f 2446 2390 2331 
f 2264 1243 2329 
f 1893 2329 1243 
f 1387 1864 1863 
f 1096 2197 2474 
f 2440 2474 2197 
f 2226 1783 1784 
f 1094 2088 2198 
f 956 2445 2444 
f 2339 2223 1470 
f 2160 2013 2012 
f 2298 2219 2189 
f 2076 1345 345 
f 924 1900 921 
f 1830 2474 789 
f 2440 789 2474 
f 2359 1016 1453 
f 262 2204 1975 
f 1405 2115 2471 
f 1740 1431 1739 
f 2007 2289 2315 
f 1713 1572 1525 
f 2071 2130 2253 
f 2328 2014 1093 
f 1008 2147 2305 
f 1243 2264 1245 
f 1722 1498 934 
f 1613 2326 2188 
f 1031 1769 236 
f 2278 2437 2166 
f 2425 500 498 
f 1497 1484 2183 
f 2285 1479 1481 
f 1690 2434 2251 
f 1579 1308 610 
f 1564 45 2370 
f 1497 1498 1722 
f 435 1523 302 
f 2227 2356 1498 
f 501 504 1843 
f 1858 410 1855 
f 333 2318 2069 
f 1140 1141 1124 
f 2483 524 1990 
f 2440 790 789 
f 249 2057 246 
f 830 1534 1932 
f 763 1800 2106 
f 2437 835 833 
f 1861 1502 556 
f 2040 2220 2219 
f 1864 1060 1058 
f 411 886 413 
f 2303 1874 1613 
f 1036 1071 735 
f 995 998 1674 
f 1895 1813 1005 
f 39 2371 1985 
f 1282 2221 1283 
f 1097 2464 2496 
f 1234 1922 1231 
f 1670 990 1543 
f 2385 2358 1176 
f 1111 2047 2153 
f 1160 2428 1912 
f 13 1562 15 
f 2300 376 1104 
f 2496 2473 572 
f 2346 2125 1199 
f 2277 501 1378 
f 1843 1378 501 
f 1709 1585 1239 
f 37 907 2371 
f 161 164 2065 
f 2326 906 907 
f 254 257 1897 
f 2036 1590 2424 
f 1705 2429 1252 
f 1529 2491 778 
f 1960 778 2491 
f 1840 1839 974 
f 1359 974 1839 
f 2445 956 957 
f 555 556 1291 
f 2441 1656 2363 
f 1141 2283 479 
f 2485 479 2283 
f 121 798 2243 
f 833 1082 2437 
f 2095 2378 2097 
f 1748 91 1749 
f 2051 2061 2284 
f 2247 304 1581 
f 2491 1529 560 
f 2064 624 2450 
f 1822 2450 624 
f 1034 943 2310 
f 944 2310 943 
f 1526 1379 291 
f 872 1375 1844 
f 1378 1844 1375 
f 753 2269 644 
f 646 644 2269 
f 1351 1578 1515 
f 1295 1515 1578 
f 2499 2368 1427 
f 1487 1692 605 
f 2373 1989 1165 
f 2422 1749 1358 
f 2238 2240 2415 
f 1442 197 1512 
f 2020 1792 1791 
f 255 1930 2466 
f 1692 1487 2487 
f 2430 2487 1487 
f 1717 1523 435 
f 2359 592 1016 
f 2172 2484 2498 
f 2345 2498 2484 
f 1848 3 1 
f 1801 882 1979 
f 711 33 2407 
f 592 590 1018 
f 1463 2272 355 
f 1755 2502 2387 
f 2351 2387 2502 
f 2492 2439 1868 
f 1162 1250 1725 
f 2159 2231 1511 
f 24 22 2141 
f 2142 2141 22 
f 1233 1651 1232 
f 2416 1389 1296 
f 1388 1296 1389 
f 1335 2263 1880 
f 259 262 2163 
f 872 873 1375 
f 1536 1375 873 
f 35 895 893 
f 2059 2490 2286 
f 1213 2286 2490 
f 1141 479 2469 
f 1716 2456 1718 
f 2273 2274 2185 
f 1660 455 2179 
f 2246 1605 1203 
f 2180 1261 274 
f 966 2034 1411 
f 433 54 2075 
f 994 2022 396 
f 1506 2325 313 
f 2298 2316 2219 
f 2040 2219 2316 
f 2158 1137 2386 
f 1138 2386 1137 
f 2077 183 2212 
f 1698 1593 568 
f 2144 1083 2364 
f 2165 617 1879 
f 963 1055 1763 
f 2312 1897 457 
f 670 668 2169 
f 2342 1162 1725 
f 2217 2156 739 
f 565 826 1589 
f 1841 1809 1771 
f 1026 1028 2389 
f 771 2389 1028 
f 2398 1964 1965 
f 74 470 2433 
f 1271 431 434 
f 1726 2108 2142 
f 2500 2142 2108 
f 989 2184 2023 
f 2081 1704 1705 
f 1491 2138 2204 
f 2136 2204 2138 
f 1179 1400 1180 
f 2265 2333 2321 
f 745 1203 2406 
f 1512 2287 2290 
f 1824 1812 2369 
f 1853 2369 1812 
f 1670 1668 992 
f 1189 1973 1190 
f 2382 1190 1973 
f 1941 1929 1677 
f 228 226 1750 
f 1492 2363 265 
f 80 1565 82 
f 1371 1374 1575 
f 1274 1937 1935 
f 515 513 596 
f 1943 1424 1422 
f 1495 1447 1869 
f 2034 2033 2488 
f 1781 480 1821 
f 2190 2314 2495 
f 1941 151 1527 
f 2249 2347 747 
f 2324 1664 1760 
f 253 1760 1664 
f 395 162 760 
f 117 115 2480 
f 1829 982 749 
f 1087 1316 2098 
f 1317 2098 1316 
f 2353 2151 2150 
f 2360 2318 333 
f 591 2201 2155 
f 383 1976 382 
f 2431 732 663 
f 1874 1638 1075 
f 1409 964 966 
f 729 728 1979 
f 1362 1595 1361 
f 1704 1233 1840 
f 1733 1736 2192 
f 175 971 2334 
f 2346 158 2125 
f 1147 1145 1436 
f 1095 1096 2210 
f 884 1118 809 
f 1445 1425 1774 
f 2153 1848 1111 
f 1592 1835 2228 
f 2499 612 2432 
f 707 2432 612 
f 1708 1709 1238 
f 1787 1553 641 
f 1618 1518 1519 
f 1037 1592 2284 
f 1226 1043 1223 
f 1044 1223 1043 
f 2397 485 486 
f 876 2233 878 
f 1605 2246 1606 
f 1712 1606 2246 
f 2179 1659 1660 
f 1186 2358 2385 
f 2132 593 2395 
f 309 2193 311 
f 997 1077 1074 
f 284 537 1701 
f 309 2309 2193 
f 2308 2309 309 
f 2018 1414 1277 
f 2273 2185 987 
f 2378 2194 1719 
f 1600 2257 1602 
f 2331 1594 2446 
f 2064 2493 2050 
f 1365 2050 2493 
f 2313 2465 2495 
f 1442 2290 1441 
f 1913 1184 2384 
f 2501 1491 1490 
f 1146 1308 1579 
f 1147 1436 1371 
f 1623 970 2494 
f 968 2494 970 
f 526 724 722 
f 1182 2286 1249 
f 1959 1461 1460 
f 2485 2297 1092 
f 2248 750 1241 
f 2406 744 745 
f 2495 261 2190 
f 2161 2001 2160 
f 2222 1948 1946 
f 2427 2261 287 
f 2127 1756 1754 
f 1003 1619 2336 
f 2497 710 711 
f 2006 957 1399 
f 2453 864 862 
f 1443 1980 1425 
f 1848 1 240 
f 696 2260 1981 
f 2310 1569 2311 
f 92 2366 1614 
f 1066 1420 1585 
f 1371 1575 1147 
f 337 1465 2231 
f 231 232 584 
f 2178 871 924 
f 1900 924 871 
f 159 839 1401 
f 884 1119 1118 
f 2164 786 785 
f 491 2351 2502 
f 880 2137 879 
f 374 479 2485 
f 2390 2446 2089 
f 1229 399 1330 
f 377 1330 399 
f 659 241 1753 
f 1596 1595 1683 
f 1015 941 939 
f 1421 1947 2146 
f 1686 1842 2167 
f 1743 1742 1339 
f 1369 2018 1277 
f 1636 1637 108 
f 1164 1165 2461 
f 1143 1967 876 
f 2233 876 1967 
f 627 1158 1911 
f 1026 2389 1625 
f 275 1478 2032 
f 1491 2501 2138 
f 1451 2138 2501 
f 2382 1882 2000 
f 2418 1725 2305 
f 1201 1012 758 
f 1903 2101 2005 
f 365 461 464 
f 2323 1991 2285 
f 185 626 187 
f 1960 653 778 
f 1785 2034 2488 
f 322 315 1169 
f 192 193 2376 
f 1157 137 140 
f 2460 373 887 
f 388 2121 2266 
f 1519 1588 1618 
f 2473 2496 1829 
f 1660 452 455 
f 1647 582 1234 
f 1648 648 1647 
f 2288 1314 1997 
f 53 1817 1816 
f 613 2248 1241 
f 1014 1560 211 
f 2376 1462 1386 
f 1078 281 2029 
f 2178 873 871 
f 735 1069 2470 
f 67 958 2444 
f 1329 322 1169 
f 902 2466 904 
f 1908 1958 1910 
f 2473 1829 2347 
f 1208 2338 140 
f 1870 2220 1868 
f 410 1858 1576 
f 2444 69 67 
f 1254 2266 1171 
f 1690 1508 2434 
f 1867 555 1291 
f 74 2433 71 
f 312 310 792 
f 820 823 1476 
f 1142 2207 49 
f 1454 1452 2222 
f 2405 2222 1452 
f 2364 2441 2363 
f 1990 2236 2483 
f 1105 909 757 
f 374 2485 1429 
f 913 1135 845 
f 584 2344 2456 
f 2414 1883 414 
f 1680 657 658 
f 2401 2479 2171 
f 1680 1393 330 
f 1787 641 640 
f 2001 2468 2000 
f 2106 762 763 
f 2334 2332 175 
f 38 39 1400 
f 864 2453 2294 
f 2281 2294 2453 
f 2231 2159 336 
f 1787 640 1786 
f 1969 363 1865 
f 2261 2427 1001 
f 1308 1146 1144 
f 2393 1000 1001 
f 2355 1580 659 
f 950 1428 2003 
f 93 794 1343 
f 1385 2133 1387 
f 1462 2272 1463 
f 1205 1208 1320 
f 1333 1335 1880 
f 1530 2149 2060 
f 182 582 1647 
f 554 2303 1613 
f 1571 2482 2131 
f 2328 1093 720 
f 972 975 2436 
f 438 436 2454 
f 1663 2454 436 
f 2327 919 917 
f 972 1706 2478 
f 1564 1562 1798 
f 2440 2197 1052 
f 1823 2502 1755 
f 1390 1391 1836 
f 758 1132 2381 
f 947 1200 2355 
f 1593 2355 1200 
f 2134 1060 1864 
f 81 413 1752 
f 2192 571 2472 
f 1195 1033 609 
f 604 2212 1480 
f 2393 2134 2395 
f 2213 2426 2447 
f 489 490 230 
f 1948 2222 2405 
f 2365 696 234 
f 1787 1554 1553 
f 2408 2215 2409 
f 2397 486 1040 
f 589 800 1341 
f 689 692 1937 
f 1936 1937 692 
f 907 37 40 
f 1591 2306 1226 
f 1043 1226 2306 
f 106 1636 108 
f 242 245 2211 
f 111 1504 1507 
f 2472 2250 2192 
f 585 1513 197 
f 2343 2042 2043 
f 2502 569 491 
f 2237 2098 2236 
f 1392 2196 298 
f 162 395 164 
f 1269 2030 1216 
f 1131 1076 109 
f 1196 607 1115 
f 1256 305 2252 
f 1353 1669 1352 
f 2160 190 2013 
f 1970 1210 1966 
f 2455 1966 1210 
f 341 1576 766 
f 1298 656 1580 
f 1395 1394 2093 
f 342 2103 2438 
f 2090 586 1135 
f 460 2216 1474 
f 2247 1581 2377 
f 1194 2140 1121 
f 2053 2301 1898 
f 1454 2222 2221 
f 1451 1449 2138 
f 2137 2138 1449 
f 2286 1182 2059 
f 2205 415 1789 
f 2265 1987 2333 
f 835 2437 2276 
f 2278 2276 2437 
f 279 368 1661 
f 1176 1174 2385 
f 1508 1511 2481 
f 1249 1053 1182 
f 1116 1575 111 
f 2250 2472 2473 
f 2204 262 1491 
f 2064 2450 2462 
f 891 889 1727 
f 1817 53 2431 
f 69 2216 460 
f 1393 1680 658 
f 2397 1662 485 
f 585 197 198 
f 2140 2142 2500 
f 2128 2126 531 
f 1002 1416 1417 
f 40 2326 907 
f 338 1137 335 
f 830 828 1533 
f 285 836 1059 
f 1823 2229 2502 
f 569 2502 2229 
f 2045 2058 334 
f 278 281 1558 
f 866 20 18 
f 434 1270 1271 
f 2374 699 2498 
f 2327 1398 955 
f 2480 1555 2131 
f 1235 699 702 
f 890 2148 2475 
f 2054 254 1897 
f 2421 2008 2010 
f 1758 2058 2045 
f 1782 1785 2488 
f 1633 1956 2186 
f 1186 2092 2358 
f 2374 2498 2345 
f 623 2084 2086 
f 1994 512 1403 
f 901 894 895 
f 1717 1715 1523 
f 1856 1857 1142 
f 1641 433 2075 
f 1259 1257 1759 
f 2113 868 1398 
f 1256 669 1640 
f 1384 1387 1863 
f 772 971 175 
f 966 277 2032 
f 2297 2281 2453 
f 2405 1452 1019 
f 2035 958 67 
f 1642 346 1774 
f 1362 1721 1685 
f 2010 2479 2420 
f 2098 1317 2095 
f 325 328 293 
f 820 1476 949 
f 1424 2388 1423 
f 324 323 780 
f 728 1401 840 
f 1693 127 1300 
f 1803 2134 2427 
f 1904 1279 2486 
f 1413 2486 1279 
f 433 431 54 
f 692 2025 1936 
f 1190 2467 1117 
f 2372 2115 2114 
f 2493 2064 2462 
f 2227 1496 1410 
f 1413 1615 2486 
f 954 2488 2402 
f 278 1558 1197 
f 1474 1402 460 
f 1501 1435 664 
f 1060 2134 1803 
f 2428 1782 2488 
f 2493 2462 2451 
f 393 429 1383 
f 2006 2445 957 
f 895 35 33 
f 1918 2213 2447 
f 458 1792 2021 
f 2166 1034 2310 
f 1116 1114 1307 
f 2325 1506 1374 
f 1504 1374 1506 
f 2237 1087 2098 
f 947 2355 659 
f 1775 1811 2316 
f 1700 804 2068 
f 1609 2222 1946 
f 2150 2490 2463 
f 1014 1013 1582 
f 1769 2365 234 
f 1116 1307 1575 
f 180 1047 679 
f 1305 2238 2256 
f 381 2476 15 
f 1794 2028 2315 
f 214 1014 211 
f 1265 393 1383 
f 796 777 2435 
f 972 2478 1840 
f 1748 1713 1309 
f 2404 1988 2403 
f 2418 2305 1532 
f 353 2418 1532 
f 2100 107 108 
f 1770 998 2180 
f 2066 2359 1453 
f 495 392 2489 
f 1650 2439 2492 
f 1929 2262 811 
f 813 811 2262 
f 2194 2378 2095 
f 631 541 1049 
f 2316 2298 1775 
f 1893 1243 1246 
f 2443 781 1657 
f 1638 1636 106 
f 1383 1382 2084 
f 1382 185 2085 
f 954 2428 2488 
f 2420 2421 2010 
f 1562 13 1800 
f 877 1514 422 
f 2423 2351 489 
f 757 2396 1106 
f 1194 1121 1035 
f 2409 2425 2182 
f 108 1793 2100 
f 1453 2118 2066 
f 2380 1493 2112 
f 867 2112 1493 
f 1613 906 2326 
f 454 1037 453 
f 954 2402 952 
f 609 2263 1335 
f 2241 1734 2377 
f 1420 1066 1064 
f 389 392 495 
f 2499 1427 558 
f 2438 2390 2457 
f 1693 1300 1836 
f 1046 183 2077 
f 1443 1425 1445 
f 2425 769 500 
f 197 1442 199 
f 422 420 877 
f 93 1343 95 
f 1881 536 537 
f 2406 1607 744 
f 1664 2324 2375 
f 782 1328 1329 
f 2459 61 370 
f 2270 753 751 
f 618 1623 2494 
f 2170 2479 2010 
f 1569 2310 944 
f 1782 2428 1784 
f 2489 715 1303 
f 1747 1345 2076 
f 2035 919 958 
f 658 276 1393 
f 1087 1990 1070 
f 1656 2441 1657 
f 485 2375 487 
f 814 29 993 
f 878 1779 875 
f 1873 2073 1872 
f 1283 1038 1036 
f 433 1641 1643 
f 1611 2426 2213 
f 1856 49 47 
f 646 2269 2199 
f 1142 49 1856 
f 1448 2338 1206 
f 331 2360 333 
f 2066 2042 2359 
f 1640 2223 2339 
f 2206 1136 1342 
f 1106 1105 757 
f 391 1322 1173 
f 627 1911 953 
f 1912 953 1911 
f 667 1291 664 
f 2149 1530 1531 
f 1904 810 813 
f 2337 2106 1799 
f 689 1937 1274 
f 2169 2168 670 
f 254 1744 256 
f 2227 1498 1496 
f 1213 2490 2150 
f 1879 483 1415 
f 2297 2485 2283 
f 2225 2356 2227 
f 2365 2260 696 
f 1580 2477 1298 
f 1449 798 2137 
f 2456 1716 583 
f 1059 1803 285 
f 1459 1457 1522 
f 1512 2290 1442 
f 630 831 632 
f 1248 632 831 
f 2243 2074 121 
f 1034 2167 2263 
f 2470 1990 522 
f 1112 1681 2410 
f 270 276 267 
f 1613 2188 1612 
f 575 505 577 
f 2380 1495 1493 
f 2308 309 312 
f 1703 2455 848 
f 365 464 364 
f 488 332 2069 
f 2394 593 2155 
f 2089 718 719 
f 3 1848 2153 
f 1984 574 216 
f 1138 634 1942 
f 851 117 2482 
f 2456 583 584 
f 2371 39 37 
f 1670 992 990 
f 430 1331 625 
f 2494 94 618 
f 179 1388 511 
f 2015 2014 2328 
