#  wavefront obj file written by the visualization toolkit

mtllib pancreas.mtl

v 176.8419952392578 179.51499938964844 284.8710021972656
v 176.69200134277344 179.14300537109375 285.77301025390625
v 177.1490020751953 179.0709991455078 285.614990234375
v 176.35699462890625 179.4980010986328 285.5249938964844
v 176.3209991455078 180.01400756835938 284.62298583984375
v 176.0540008544922 179.86399841308594 285.4119873046875
v 175.93600463867188 180.25 284.9800109863281
v 176.92999267578125 180.13600158691406 284.36199951171875
v 177.31300354003906 179.4290008544922 285.07000732421875
v 177.52000427246094 179.9219970703125 284.87701416015625
v 237.54800415039062 236.0399932861328 338.322998046875
v 237.69200134277344 235.28199768066406 338.0580139160156
v 238.66700744628906 236.32699584960938 338.3529968261719
v 236.48300170898438 234.84300231933594 338.34600830078125
v 176.16700744628906 180.75100708007812 284.4590148925781
v 175.875 180.79299926757812 285.10198974609375
v 176.7830047607422 180.75399780273438 284.18701171875
v 177.54600524902344 180.76199340820312 284.4339904785156
v 237.0780029296875 236.16700744628906 338.4960021972656
v 237.33399963378906 236.3990020751953 338.8590087890625
v 236.69500732421875 235.5780029296875 338.4620056152344
v 177.99200439453125 180.49600219726562 285.0270080566406
v 178.47500610351562 206.55099487304688 318
v 177.48599243164062 205.093994140625 318
v 176.67799377441406 207 318
v 180.0469970703125 205.11300659179688 318
v 176.13400268554688 181.41900634765625 284.5950012207031
v 175.9040069580078 181.3179931640625 285.2070007324219
v 176.72799682617188 181.51300048828125 284.1789855957031
v 177.48800659179688 181.5469970703125 284.1700134277344
v 178.14700317382812 181.0290069580078 284.8800048828125
v 178.14500427246094 181.5469970703125 284.5719909667969
v 178.5489959716797 181.44200134277344 285.1199951171875
v 176.125 181.79800415039062 284.9840087890625
v 176.68499755859375 182.25100708007812 284.4330139160156
v 176.35000610351562 182.26600646972656 285.54400634765625
v 177.49099731445312 182.33599853515625 284.11199951171875
v 178.36000061035156 182.36900329589844 284.4159851074219
v 178.71299743652344 181.97799682617188 284.9809875488281
v 176.86700439453125 183.11099243164062 284.5790100097656
v 176.58799743652344 183.13499450683594 285.7090148925781
v 177.50399780273438 183.13600158691406 284.1180114746094
v 178.30799865722656 183.16700744628906 284.114013671875
v 179.29200744628906 182.63400268554688 285.1549987792969
v 179.12899780273438 183.2689971923828 284.468994140625
v 217.18800354003906 195.69500732421875 338.98199462890625
v 218.01499938964844 197.3280029296875 338.6730041503906
v 218.1959991455078 196.58700561523438 339.7250061035156
v 217.92599487304688 196.2010040283203 336.718994140625
v 176.94400024414062 183.8179931640625 284.7699890136719
v 176.70899963378906 183.718994140625 285.44000244140625
v 177.5279998779297 183.92100524902344 284.2070007324219
v 178.29800415039062 183.9550018310547 284.0350036621094
v 179.11599731445312 183.98500061035156 284.12701416015625
v 225.59300231933594 207.39100646972656 329.9580078125
v 224.18800354003906 205.96299743652344 329.9230041503906
v 226.03199768066406 206.28900146484375 329.2850036621094
v 224.03799438476562 207.52000427246094 330
v 179.76400756835938 183.4510040283203 284.91900634765625
v 179.88099670410156 184.0590057373047 284.4590148925781
v 180.3979949951172 184.03799438476562 285
v 177.0229949951172 184.21400451660156 285.52899169921875
v 177.5279998779297 184.58999633789062 284.6319885253906
v 177.37100219726562 184.68899536132812 285.4010009765625
v 178.28900146484375 184.7259979248047 284.14300537109375
v 179.10400390625 184.76400756835938 284.0270080566406
v 179.9219970703125 184.79400634765625 284.13299560546875
v 269.62799072265625 214.00399780273438 340.0780029296875
v 270.6029968261719 214.5760040283203 340.81298828125
v 270.2850036621094 214.07699584960938 339.1830139160156
v 269.7090148925781 214.33200073242188 341.53900146484375
v 219.2830047607422 179.4080047607422 326.4320068359375
v 217.9429931640625 178.36000061035156 324.8760070800781
v 218.39300537109375 178.3179931640625 328.37799072265625
v 218.1529998779297 179.56900024414062 323.1719970703125
v 180.63999938964844 184.79100036621094 284.5249938964844
v 181.0260009765625 184.62899780273438 285.08099365234375
v 177.69200134277344 185.03900146484375 285.1109924316406
v 178.27099609375 185.40699768066406 284.6109924316406
v 177.95199584960938 185.43499755859375 285.69000244140625
v 179.09100341796875 185.54600524902344 284.114990234375
v 179.91200256347656 185.5749969482422 284.02801513671875
v 180.7220001220703 185.58099365234375 284.2049865722656
v 181.4499969482422 185.4409942626953 284.8450012207031
v 206.19000244140625 184.7310028076172 316.97698974609375
v 208.46099853515625 184.89700317382812 319.47100830078125
v 205.8000030517578 187.3699951171875 319.00799560546875
v 207.83700561523438 183.2050018310547 318.7070007324219
v 178.24400329589844 187.96099853515625 294.218994140625
v 177.74400329589844 188.60299682617188 291.9670104980469
v 178.156005859375 189.36099243164062 293.42401123046875
v 177.65899658203125 186.72900390625 292.5060119628906
v 278.10198974609375 235.14700317382812 337.031005859375
v 279.239013671875 234.7449951171875 336.0530090332031
v 279.6449890136719 235.5189971923828 336.531005859375
v 277.2449951171875 234.43099975585938 335.6860046386719
v 178.41700744628906 185.9459991455078 285.2650146484375
v 179.072998046875 186.322998046875 284.43798828125
v 178.67300415039062 186.54299926757812 285.5220031738281
v 179.90699768066406 186.3719940185547 284.0559997558594
v 180.72500610351562 186.38900756835938 284.06201171875
v 181.47999572753906 186.3260040283203 284.39300537109375
v 195.17599487304688 207.2519989013672 306.96099853515625
v 193.8820037841797 205.64500427246094 307.2850036621094
v 194.92300415039062 207.43299865722656 308.697998046875
v 194.60800170898438 206.08299255371094 305.95599365234375
v 182.01699829101562 186.1719970703125 284.9939880371094
v 221.1649932861328 195.06700134277344 340.27801513671875
v 221.93499755859375 192.7480010986328 341.16900634765625
v 220.4669952392578 193.53700256347656 341.26800537109375
v 222.61500549316406 194.51100158691406 340.1789855957031
v 179.26600646972656 187.19500732421875 284.55999755859375
v 178.83299255371094 187.31300354003906 285.6809997558594
v 179.92300415039062 187.1790008544922 284.114013671875
v 180.7209930419922 187.1909942626953 284.02301025390625
v 181.52099609375 187.177001953125 284.17401123046875
v 182.14500427246094 186.9550018310547 284.70001220703125
v 237.88800048828125 198.66200256347656 334.33099365234375
v 236.9720001220703 197.74200439453125 334.2030029296875
v 236.73899841308594 198.07000732421875 335.46099853515625
v 237.68699645996094 197.9409942626953 332.4049987792969
v 229.93299865722656 191.77200317382812 318.2869873046875
v 228.24899291992188 189.51300048828125 319.4429931640625
v 230.65899658203125 190.81399536132812 319.4330139160156
v 228.4510040283203 191.4459991455078 318.2879943847656
v 234.0449981689453 224.00799560546875 339.62701416015625
v 233.3300018310547 225.13299560546875 339.5469970703125
v 234.52000427246094 225.31100463867188 340.2699890136719
v 233.08200073242188 224.36599731445312 338.260986328125
v 179.29600524902344 187.92300415039062 284.77398681640625
v 178.96400451660156 188.13400268554688 285.8059997558594
v 179.91700744628906 187.95399475097656 284.2449951171875
v 180.70700073242188 187.9929962158203 284.06500244140625
v 181.52999877929688 188.0050048828125 284.0660095214844
v 182.26600646972656 187.89700317382812 284.3909912109375
v 183.80599975585938 187.02000427246094 322.00299072265625
v 183.70199584960938 188.97500610351562 321.4330139160156
v 184.802001953125 188.43699645996094 322.2590026855469
v 182.6699981689453 188.14199829101562 321.71099853515625
v 182.7519989013672 187.53599548339844 285.0669860839844
v 206.6230010986328 179.42599487304688 317.3760070800781
v 206.69900512695312 176.5659942626953 319.5740051269531
v 207.72799682617188 178.43299865722656 319.4809875488281
v 205.60800170898438 177.93299865722656 316.5799865722656
v 179.3209991455078 188.47300720214844 285.09698486328125
v 179.7969970703125 188.552001953125 284.6239929199219
v 179.6439971923828 188.927001953125 285.17498779296875
v 180.6300048828125 188.81700134277344 284.3819885253906
v 181.50399780273438 188.802001953125 284.0989990234375
v 182.30099487304688 188.78399658203125 284.1910095214844
v 182.9720001220703 188.58599853515625 284.7489929199219
v 172.8800048828125 189.7050018310547 310.67401123046875
v 171.5399932861328 189.88900756835938 309.6650085449219
v 171.85299682617188 190.86199951171875 310.50799560546875
v 172.68699645996094 188.7729949951172 309.60101318359375
v 232.41799926757812 215.8800048828125 322.4620056152344
v 231.72500610351562 216.25100708007812 323.697998046875
v 231.3520050048828 215.21099853515625 323.0419921875
v 232.9720001220703 217.552001953125 322.3080139160156
v 231.68600463867188 216.56199645996094 324.88800048828125
v 232.2270050048828 217.72000122070312 323.36199951171875
v 230.44700622558594 215.3350067138672 325.49798583984375
v 180.1580047607422 189.125 284.9549865722656
v 180.80599975585938 189.75399780273438 284.93701171875
v 181.52499389648438 189.62100219726562 284.302001953125
v 215.3070068359375 191.48199462890625 323.1080017089844
v 217.38999938964844 193.11599731445312 320.9519958496094
v 216.86700439453125 193.322998046875 322.9469909667969
v 216.0679931640625 191.2969970703125 321.3599853515625
v 182.28900146484375 189.60299682617188 284.1570129394531
v 182.9720001220703 189.52200317382812 284.47601318359375
v 172.51499938964844 191.38900756835938 311.8299865722656
v 174.32699584960938 189.30299377441406 312.42999267578125
v 183.50799560546875 189.33299255371094 285.0799865722656
v 183.44400024414062 188.7519989013672 285.2070007324219
v 228.81900024414062 202.88900756835938 323.75
v 227.25999450683594 201.53500366210938 322.6669921875
v 228.12399291992188 204.30799865722656 322.7669982910156
v 228.31199645996094 201.61399841308594 323.3169860839844
v 181.63699340820312 190.4770050048828 284.4309997558594
v 181.08900451660156 190.67999267578125 284.9989929199219
v 182.3070068359375 190.4149932861328 284.1969909667969
v 182.97500610351562 190.34800720214844 284.4339904785156
v 183.54400634765625 190.156005859375 285.0159912109375
v 181.69400024414062 191.3090057373047 284.4360046386719
v 181.12399291992188 191.50100708007812 285.00201416015625
v 182.33399963378906 191.23199462890625 284.2080078125
v 182.9770050048828 191.15699768066406 284.4360046386719
v 183.55099487304688 190.96499633789062 285.0069885253906
v 181.69200134277344 192.11399841308594 284.43798828125
v 181.1269989013672 192.3070068359375 285.01300048828125
v 182.33299255371094 192.0399932861328 284.2099914550781
v 182.9759979248047 191.96499633789062 284.43701171875
v 183.5489959716797 191.77099609375 285.00201416015625
v 181.6439971923828 192.82200622558594 284.5090026855469
v 181.21800231933594 193.1479949951172 285.0639953613281
v 182.25999450683594 192.8520050048828 284.260986328125
v 182.94000244140625 192.77099609375 284.4530029296875
v 183.5330047607422 192.5709991455078 285.0060119628906
v 181.98500061035156 193.56199645996094 284.6130065917969
v 181.5489959716797 194.17799377441406 285.3590087890625
v 182.91700744628906 203.46800231933594 317.0450134277344
v 181.40699768066406 201.5260009765625 317.49700927734375
v 180.7010040283203 203.19900512695312 317.9309997558594
v 183.5800018310547 200.9510040283203 315.58099365234375
v 185.9499969482422 186.12899780273438 323.37298583984375
v 185.22500610351562 187.08200073242188 323.1719970703125
v 185.8939971923828 186.9669952392578 325.1059875488281
v 184.73399353027344 185.93099975585938 322.2179870605469
v 182.78700256347656 193.56700134277344 284.60198974609375
v 183.447998046875 193.35299682617188 285.0480041503906
v 225.7949981689453 213.1529998779297 332.3949890136719
v 225.19500732421875 212.13099670410156 331.2139892578125
v 226.2570037841797 211.78500366210938 331.1000061035156
v 224.55099487304688 212.5240020751953 332.3970031738281
v 228.572998046875 212.14100646972656 337.9750061035156
v 228.0590057373047 213.48899841308594 337.9309997558594
v 230.08999633789062 213.5590057373047 338
v 227.052001953125 212.0590057373047 337.6650085449219
v 232.58700561523438 217.3780059814453 338.4320068359375
v 231.66400146484375 218.45700073242188 338.010986328125
v 232.91600036621094 220.33399963378906 337.9830017089844
v 230.7010040283203 216.2239990234375 338.0090026855469
v 275.2279968261719 217.77000427246094 344.5559997558594
v 274.54901123046875 217.2449951171875 345.04998779296875
v 275.14599609375 217.56100463867188 346.7980041503906
v 275.5360107421875 217.65199279785156 342.77099609375
v 233.07000732421875 218.74000549316406 322.3599853515625
v 182.56399536132812 194.28500366210938 285.0870056152344
v 183.23500061035156 194.0050048828125 285.1669921875
v 171.0030059814453 207.50100708007812 310.5989990234375
v 171.08299255371094 207.6699981689453 309.5669860839844
v 171.13600158691406 208.0469970703125 310.1940002441406
v 170.94700622558594 206.6739959716797 310.5880126953125
v 249.5959930419922 217.89999389648438 342.8009948730469
v 248.41400146484375 216.7050018310547 343.1600036621094
v 248.94500732421875 217.8939971923828 343.73699951171875
v 248.98699951171875 217.36000061035156 341.5400085449219
v 179.9720001220703 196.4949951171875 289.125
v 180.31900024414062 197.19500732421875 288.1449890136719
v 180.07699584960938 197.6179962158203 289.4519958496094
v 179.9810028076172 196.22799682617188 287.83599853515625
v 219.22000122070312 194.38600158691406 341.00201416015625
v 219.12899780273438 195.81300354003906 340.1319885253906
v 217.44700622558594 195.04200744628906 340.7929992675781
v 265.0870056152344 215.6179962158203 345.1109924316406
v 265.42498779296875 216.95599365234375 345.7879943847656
v 266.5400085449219 215.97300720214844 345.64300537109375
v 263.88800048828125 216.08999633789062 345.239013671875
v 196.78700256347656 211.5449981689453 293.2019958496094
v 197.24000549316406 212.2969970703125 294.15399169921875
v 195.5449981689453 212.8070068359375 293.6239929199219
v 197.81700134277344 211.0240020751953 293.7590026855469
v 178.07699584960938 178.01600646972656 287.17498779296875
v 177.63900756835938 178.6020050048828 286.52899169921875
v 177.58299255371094 177.9709930419922 287.5190124511719
v 178.5070037841797 178.5780029296875 286.5950012207031
v 177.23199462890625 178.3509979248047 287.802001953125
v 178.677001953125 178.18099975585938 287.1409912109375
v 176.4720001220703 179.3470001220703 286.8909912109375
v 176.91600036621094 178.8769989013672 286.9440002441406
v 177.71400451660156 179.32899475097656 285.57501220703125
v 178.38299560546875 179.21299743652344 286.0639953613281
v 179.4219970703125 178.6280059814453 286.9079895019531
v 179.22000122070312 179.1959991455078 286.302001953125
v 172.3260040283203 205.78799438476562 312.4530029296875
v 172.73800659179688 206.93299865722656 312.2279968261719
v 173.32899475097656 206.71800231933594 313.1059875488281
v 171.5260009765625 206.01100158691406 311.48699951171875
v 276.3030090332031 218.47500610351562 343.4079895019531
v 276.95001220703125 219.22500610351562 344.3699951171875
v 277.4909973144531 218.97999572753906 341.60198974609375
v 276.5260009765625 218.83700561523438 345.406005859375
v 213.83399963378906 174.71600341796875 326.7619934082031
v 211.656005859375 173.71400451660156 327.8599853515625
v 213.7740020751953 174.78799438476562 328.4010009765625
v 212.2310028076172 174.6280059814453 325.2900085449219
v 180.04100036621094 179.30099487304688 286.4219970703125
v 180.63400268554688 179.0590057373047 286.9800109863281
v 222.73699951171875 204.5659942626953 329.65399169921875
v 221.91000366210938 203.58599853515625 328.8110046386719
v 223.5709991455078 203.67599487304688 328.6260070800781
v 220.72000122070312 203.58999633789062 329.5199890136719
v 175.9429931640625 180.29600524902344 285.85101318359375
v 176.1719970703125 179.83999633789062 286.5840148925781
v 244.91600036621094 225.25399780273438 326.38800048828125
v 243.91200256347656 226.16200256347656 326.44500732421875
v 244.2530059814453 225.0570068359375 326.0710144042969
v 244.42999267578125 226.34100341796875 327.5060119628906
v 178.3280029296875 180.03799438476562 285.60198974609375
v 179.13299560546875 179.94000244140625 285.99798583984375
v 179.9600067138672 179.93899536132812 286.1059875488281
v 199.9669952392578 170.375 323.4049987792969
v 199.7429962158203 171.21099853515625 324.135986328125
v 200.8719940185547 170.27699279785156 324.2409973144531
v 199.07000732421875 170.5709991455078 322.5419921875
v 180.75100708007812 179.94500732421875 286.3179931640625
v 274.2179870605469 236.40899658203125 341.2959899902344
v 273.8190002441406 236.07699584960938 340.2279968261719
v 275.2980041503906 236.322998046875 340.5690002441406
v 272.8059997558594 236.46600341796875 340.84600830078125
v 255.10400390625 232.49400329589844 342.0220031738281
v 254.25100708007812 231.93299865722656 343.13800048828125
v 254.072998046875 232.88999938964844 341.3370056152344
v 256.364990234375 231.52200317382812 343.2309875488281
v 181.68600463867188 180.17300415039062 286.98699951171875
v 259.0360107421875 217.87399291992188 338.09698486328125
v 260.92401123046875 216.7469940185547 339.2640075683594
v 260.4939880371094 217.9429931640625 337.44500732421875
v 258.78399658203125 216.60299682617188 339.635009765625
v 227.58999633789062 208.7100067138672 320.2900085449219
v 227.98699951171875 209.7729949951172 320.1940002441406
v 228.16200256347656 209.85699462890625 321.2879943847656
v 228.03599548339844 209.33999633789062 319.2279968261719
v 175.9409942626953 180.9669952392578 285.99798583984375
v 176.12100219726562 180.531005859375 287.1709899902344
v 178.53199768066406 180.88699340820312 285.4280090332031
v 279.7489929199219 221.26400756835938 337.697998046875
v 280.1310119628906 221.72900390625 339.35101318359375
v 280.125 222.8699951171875 338.0379943847656
v 279.0690002441406 220.14500427246094 339.9119873046875
v 179.14199829101562 180.7740020751953 285.8489990234375
v 179.91799926757812 180.72799682617188 286.0010070800781
v 180.71499633789062 180.7270050048828 286.1080017089844
v 181.40499877929688 180.76699829101562 286.4330139160156
v 217.88099670410156 202.18499755859375 329.4200134277344
v 217.06399536132812 201.70700073242188 329.77099609375
v 216.74600219726562 201.91600036621094 329.0929870605469
v 216.7550048828125 200.6479949951172 330.0690002441406
v 174.73500061035156 208.5290069580078 317.32598876953125
v 173.97000122070312 208.0590057373047 316.7510070800781
v 174.7570037841797 208.91900634765625 315.97100830078125
v 174.31500244140625 207.60899353027344 317.6520080566406
v 270.24700927734375 225.99000549316406 345.9800109863281
v 271.2669982910156 230.44000244140625 344.32598876953125
v 272.968994140625 228.29800415039062 345.6789855957031
v 269.12701416015625 229.06199645996094 345.34600830078125
v 176.02499389648438 181.57200622558594 285.70001220703125
v 176.18899536132812 181.44500732421875 287.0480041503906
v 179.14700317382812 181.65899658203125 285.5840148925781
v 179.92100524902344 181.55099487304688 285.9429931640625
v 180.7270050048828 181.53700256347656 286.0480041503906
v 181.5780029296875 181.6060028076172 286.3380126953125
v 277.5880126953125 223.60000610351562 348.04901123046875
v 277.239990234375 224.656005859375 348.02099609375
v 278.8299865722656 224.38499450683594 348
v 276.4330139160156 223.61500549316406 348.2200012207031
v 182.32000732421875 181.52200317382812 286.989013671875
v 176.4290008544922 182.3719940185547 287.3179931640625
v 179.95799255371094 182.4010009765625 285.7950134277344
v 180.7270050048828 182.34500122070312 285.989013671875
v 181.58099365234375 182.39100646972656 286.12799072265625
v 195.218994140625 205.0709991455078 288.4429931640625
v 195.75 205.08099365234375 289.0140075683594
v 195.8730010986328 205.78500366210938 288.614013671875
v 195.19500732421875 204.51300048828125 288.864013671875
v 280.2969970703125 232.60400390625 335.6669921875
v 280.8030090332031 231.4239959716797 335.3659973144531
v 281.5570068359375 231.8769989013672 335.8869934082031
v 279.4729919433594 232.30599975585938 334.7359924316406
v 182.66099548339844 182.6840057373047 286.6679992675781
v 225.2449951171875 194.67799377441406 326.9440002441406
v 224.2949981689453 194.0679931640625 328.60699462890625
v 224.38099670410156 194.26600646972656 326.4219970703125
v 225.13699340820312 194.67100524902344 328.1099853515625
v 176.6840057373047 183.16900634765625 287.3890075683594
v 176.70599365234375 183.53900146484375 286.2300109863281
v 278.2860107421875 235.76600646972656 341.9219970703125
v 278.4410095214844 236.30799865722656 341.072998046875
v 279.322998046875 235.66700744628906 341.7229919433594
v 277.6440124511719 236.2949981689453 341.6820068359375
v 188.4709930419922 175.52999877929688 309.38299560546875
v 189.44700622558594 174.95700073242188 306.5509948730469
v 187.218994140625 175.77200317382812 306.6619873046875
v 191.23199462890625 174.7689971923828 307.6809997558594
v 274.739013671875 217.5540008544922 348.5190124511719
v 274.55499267578125 218.0760040283203 349.6029968261719
v 275.26800537109375 218.06100463867188 349.4179992675781
v 273.9840087890625 217.59500122070312 348.885009765625
v 240.3719940185547 199.77999877929688 328.6860046386719
v 240.74099731445312 200.6820068359375 331.1029968261719
v 241.03900146484375 200.76499938964844 329.48699951171875
v 239.26600646972656 199.1699981689453 331.5660095214844
v 198.5330047607422 190.31700134277344 314.91400146484375
v 200.06100463867188 189.60800170898438 315.0320129394531
v 199.36300659179688 191.06700134277344 316.5119934082031
v 198.76300048828125 189.2899932861328 313.1820068359375
v 229.1909942626953 210.9530029296875 338
v 230.4429931640625 212.5189971923828 338
v 227.85299682617188 210.94900512695312 337.9429931640625
v 211.2169952392578 176.7480010986328 320.8320007324219
v 211.9600067138672 178.4709930419922 319.4750061035156
v 210.02200317382812 178.32000732421875 319.49798583984375
v 212.98199462890625 177.20700073242188 321.2019958496094
v 180.11300659179688 183.2519989013672 285.4750061035156
v 180.75399780273438 183.16200256347656 285.86700439453125
v 181.53399658203125 183.15199279785156 286.0039978027344
v 182.28799438476562 183.21099853515625 286.15899658203125
v 184.46400451660156 210.6219940185547 297.6860046386719
v 183.64100646972656 210.2259979248047 296.14801025390625
v 184.66600036621094 212.2449951171875 296.593994140625
v 184.20199584960938 209.08700561523438 296.5429992675781
v 212.7949981689453 186.18800354003906 342
v 211.093994140625 184.34800720214844 341.69500732421875
v 210.6909942626953 186.84300231933594 341.7799987792969
v 212.4969940185547 183.0919952392578 341.6449890136719
v 175.91400146484375 203.0469970703125 318
v 174.92599487304688 204.44000244140625 318
v 178.16000366210938 202.82200622558594 318
v 265.6960144042969 234.6540069580078 338.8290100097656
v 266.3240051269531 235.02200317382812 339.5559997558594
v 265.3219909667969 235.031005859375 339.67498779296875
v 266.47198486328125 234.6320037841797 338.65399169921875
v 204.2760009765625 194.11300659179688 334.5690002441406
v 203.18600463867188 192.95899963378906 334.1099853515625
v 202.72999572753906 193.91000366210938 333.12799072265625
v 205.322998046875 192.50999450683594 335.6650085449219
v 176.7969970703125 183.87399291992188 285.9599914550781
v 218.92599487304688 192.1479949951172 332.0050048828125
v 219.69900512695312 192.16099548339844 331.32598876953125
v 219.77200317382812 192.41299438476562 332.3739929199219
v 218.9429931640625 192.00399780273438 330.875
v 177.01699829101562 184.06100463867188 287.0419921875
v 199.197998046875 176.8769989013672 330.8240051269531
v 196.49600219726562 179.88299560546875 330.25201416015625
v 199.86099243164062 177.53500366210938 332.70001220703125
v 196.29200744628906 178.04200744628906 327.86700439453125
v 180.8699951171875 183.97300720214844 285.5409851074219
v 181.5590057373047 183.968994140625 285.875
v 182.34300231933594 183.96600341796875 286.0469970703125
v 221.17100524902344 196.62100219726562 332.4230041503906
v 222.45700073242188 197.23399353027344 331.0740051269531
v 220.6909942626953 197.36700439453125 330.50799560546875
v 222.4759979248047 196.38499450683594 332.9289855957031
v 183.0850067138672 183.85400390625 286.4209899902344
v 192.4219970703125 178.73800659179688 297.0870056152344
v 191.447998046875 177.25900268554688 296.81201171875
v 192.41299438476562 177.05999755859375 298.22698974609375
v 190.91200256347656 177.91099548339844 295.12701416015625
v 183.83099365234375 183.51600646972656 287.27899169921875
v 222.572998046875 193.54100036621094 333.4670104980469
v 223.1280059814453 193.7899932861328 332.84100341796875
v 223.11700439453125 194.56900024414062 333.4309997558594
v 222.70199584960938 193.36599731445312 332.18499755859375
v 177.33200073242188 184.6199951171875 286.3680114746094
v 177.58399963378906 184.97799682617188 285.85198974609375
v 177.66799926757812 185.1540069580078 286.8190002441406
v 249.4429931640625 221.72500610351562 344.0350036621094
v 247.22999572753906 224.5780029296875 344.9119873046875
v 250.02499389648438 224.73399353027344 345.03399658203125
v 247.27200317382812 221.30799865722656 344.0539855957031
v 260.9909973144531 231.7740020751953 336.8500061035156
v 261.43701171875 230.58399963378906 336.02099609375
v 262.3949890136719 232.8070068359375 337.0249938964844
v 259.635009765625 230.52999877929688 336.1730041503906
v 241.97799682617188 215.8159942626953 323.7659912109375
v 241.45199584960938 213.91200256347656 322.8500061035156
v 242.5449981689453 213.83799743652344 324.2380065917969
v 241.0469970703125 216.13900756835938 322.4169921875
v 181.60499572753906 184.76499938964844 285.5320129394531
v 182.3509979248047 184.78599548339844 285.9110107421875
v 183.1230010986328 184.75599670410156 286.1839904785156
v 183.90499877929688 184.5760040283203 286.86199951171875
v 266.4590148925781 220.13299560546875 335.3240051269531
v 267.5329895019531 217.0030059814453 336.1659851074219
v 268.70001220703125 218.9340057373047 335.49700927734375
v 264.7619934082031 217.4980010986328 336.4800109863281
v 269.2330017089844 229.60400390625 332.7239990234375
v 270.0260009765625 228.46400451660156 332.0450134277344
v 270.989013671875 230.33900451660156 332.40399169921875
v 268.1600036621094 227.51800537109375 332.56201171875
v 236.79800415039062 235.8419952392578 343.197998046875
v 236.7220001220703 235.6439971923828 342.3330078125
v 237.14700317382812 236.156005859375 342.3659973144531
v 236.40699768066406 234.91299438476562 342.8059997558594
v 276.5870056152344 219.89199829101562 349.15301513671875
v 276.489013671875 220.91700744628906 349.69000244140625
v 277.00799560546875 220.26800537109375 348.38800048828125
v 276.0509948730469 220.19400024414062 349.9150085449219
v 227.5229949951172 214.04200744628906 337.73699951171875
v 228.2209930419922 214.71800231933594 337.95001220703125
v 227.1269989013672 214.78799438476562 337.3810119628906
v 230.20199584960938 205.927001953125 324.8609924316406
v 229.9149932861328 207.19700622558594 324.43798828125
v 230.81399536132812 206.8350067138672 326
v 228.67599487304688 206.2740020751953 322.8919982910156
v 192.5679931640625 190.82699584960938 319.95599365234375
v 193.7220001220703 190.5260009765625 317.5409851074219
v 195.13499450683594 191.59100341796875 319.6700134277344
v 192 190.64599609375 316.61700439453125
v 182.33599853515625 185.66700744628906 285.5950012207031
v 183.11399841308594 185.58399963378906 286.0530090332031
v 183.8470001220703 185.47000122070312 286.5570068359375
v 239.76600646972656 220.76800537109375 342.1390075683594
v 238.09100341796875 222.47000122070312 342.2539978027344
v 240.3260040283203 222.1479949951172 343.2359924316406
v 237.00599670410156 221.72300720214844 341.5320129394531
v 184.58399963378906 185.2209930419922 287.4179992675781
v 188.15899658203125 191.63999938964844 316.4289855957031
v 186.69400024414062 190.21099853515625 319.5979919433594
v 185.29400634765625 192.84300231933594 317.05499267578125
v 188.11500549316406 190.10299682617188 319.46099853515625
v 236.11500549316406 211.67599487304688 321.13299560546875
v 234.03799438476562 209.03799438476562 319.7349853515625
v 236.25599670410156 208.5399932861328 320.8030090332031
v 233.95700073242188 210.68099975585938 319.71099853515625
v 178.09800720214844 185.8560028076172 286.6210021972656
v 178.21400451660156 186.53199768066406 287.6510009765625
v 182.58399963378906 186.60899353027344 285.4070129394531
v 174.03399658203125 190.89500427246094 313.48199462890625
v 172.8679962158203 192.73199462890625 313.3919982910156
v 174.94500732421875 191.48199462890625 314.8340148925781
v 183.16900634765625 186.43299865722656 285.9410095214844
v 183.85000610351562 186.31700134277344 286.4419860839844
v 184.6439971923828 186.16600036621094 287.35400390625
v 178.52699279785156 187.7469940185547 287.4540100097656
v 186.5850067138672 193.2209930419922 292.77801513671875
v 187.2429962158203 194.1649932861328 295.12701416015625
v 186.30499267578125 195.0070037841797 292.3680114746094
v 187.3990020751953 191.23699951171875 293.1159973144531
v 183.25100708007812 187.29800415039062 285.7200012207031
v 183.93800354003906 187.21099853515625 286.3039855957031
v 184.53799438476562 187.02200317382812 287.02801513671875
v 222.61399841308594 209.6790008544922 332.6700134277344
v 223.2480010986328 210.56199645996094 333.3219909667969
v 223.00599670410156 208.90899658203125 333.8139953613281
v 223.46499633789062 210.8730010986328 331.77398681640625
v 178.02699279785156 195.5800018310547 291.90899658203125
v 177.63499450683594 195.1790008544922 291.1990051269531
v 177.5709991455078 196.125 291.072998046875
v 178.00999450683594 194.3179931640625 291.9739990234375
v 283.2659912109375 227.29400634765625 344.04998779296875
v 282.6610107421875 227.22900390625 345.6300048828125
v 283.2770080566406 227.95799255371094 344.9639892578125
v 282.3970031738281 226.15499877929688 344.9320068359375
v 188.0780029296875 199.49099731445312 287.5559997558594
v 189.0330047607422 199.85499572753906 287.96600341796875
v 188.6179962158203 200.18899536132812 287.0150146484375
v 188.72500610351562 199.33900451660156 289.1440124511719
v 183.99000549316406 188.0800018310547 286.0570068359375
v 183.36700439453125 188.16200256347656 285.4320068359375
v 184.81199645996094 188.1479949951172 286.9750061035156
v 192.51699829101562 211.8730010986328 315.1239929199219
v 193.26199340820312 211.48199462890625 314.9549865722656
v 192.93600463867188 211.41700744628906 316.06298828125
v 192.55099487304688 211.5260009765625 314.0509948730469
v 181.0659942626953 195.6280059814453 299.93499755859375
v 181.13600158691406 198.0050048828125 299.0880126953125
v 181.2469940185547 196.89199829101562 302.56500244140625
v 180.33099365234375 195.2100067138672 297.11199951171875
v 234.572998046875 191.58200073242188 323.77398681640625
v 233.30799865722656 190.28199768066406 322.9649963378906
v 233.9550018310547 190.5019989013672 325.1820068359375
v 234.0590057373047 191.7899932861328 322.1520080566406
v 179.25900268554688 188.88900756835938 285.80499267578125
v 178.7989959716797 188.6999969482422 287.10699462890625
v 179.00900268554688 207.03399658203125 307.8450012207031
v 180.56300354003906 208.2429962158203 306.75799560546875
v 178.6510009765625 209.6230010986328 307.5979919433594
v 181.09500122070312 206.09300231933594 306.8550109863281
v 183.94500732421875 188.9290008544922 285.7279968261719
v 184.5570068359375 188.81500244140625 286.3810119628906
v 228.25100708007812 208.3990020751953 318.4679870605469
v 228.4709930419922 207.13099670410156 318.03900146484375
v 229.12899780273438 208.15899658203125 318
v 227.53599548339844 207.5399932861328 318.9309997558594
v 185.52200317382812 188.375 324.10101318359375
v 185.61399841308594 189.13699340820312 322.70599365234375
v 186.4080047607422 189.07899475097656 324.4930114746094
v 229.45199584960938 216.5679931640625 336
v 230.54600524902344 216.25999450683594 336
v 229.96800231933594 217.9929962158203 336
v 228.65899658203125 215.15699768066406 336.0159912109375
v 179.281005859375 189.57000732421875 286.4179992675781
v 178.71600341796875 189.48800659179688 287.97100830078125
v 179.91700744628906 189.55299377441406 285.5989990234375
v 188.08900451660156 183.2729949951172 323.1520080566406
v 186.96299743652344 184.8679962158203 324.1159973144531
v 187.7760009765625 184.2220001220703 325.52301025390625
v 186.0229949951172 184.8939971923828 322.3840026855469
v 229.93899536132812 185.406005859375 333.72198486328125
v 228.9980010986328 186.6739959716797 334.63800048828125
v 230.6959991455078 187.30499267578125 334.33599853515625
v 228.98699951171875 184.9759979248047 333.0010070800781
v 238.04400634765625 225.8459930419922 329.29901123046875
v 240.0050048828125 225.5970001220703 327.3909912109375
v 239.97900390625 226.5760040283203 328.9620056152344
v 238.45899963378906 224.56300354003906 327.30499267578125
v 262.1709899902344 235.35899353027344 340.79901123046875
v 262.3559875488281 234.48599243164062 340.00201416015625
v 263.0849914550781 235.66099548339844 340.6369934082031
v 261.53399658203125 234.47900390625 340.2959899902344
v 184.0679931640625 189.85699462890625 285.68798828125
v 184.63499450683594 189.57200622558594 286.3949890136719
v 185.56500244140625 182.0800018310547 288.8160095214844
v 185.343994140625 181.27699279785156 288.7250061035156
v 186.05299377441406 181.3679962158203 289.75
v 184.86399841308594 181.54299926757812 288.260986328125
v 185.06399536132812 189.2050018310547 287.0270080566406
v 179.29600524902344 190.37899780273438 286.6099853515625
v 178.86300659179688 190.46099853515625 287.5979919433594
v 179.9080047607422 190.34500122070312 285.96099853515625
v 180.49899291992188 190.2429962158203 285.5199890136719
v 246.35499572753906 226.18299865722656 329.7359924316406
v 247.18600463867188 224.8679962158203 330.1520080566406
v 248.06900024414062 225.8419952392578 330.2619934082031
v 245.35499572753906 225.7899932861328 328.7040100097656
v 246.17999267578125 215.76600646972656 343.7200012207031
v 245.3679962158203 215.28199768066406 343.5469970703125
v 245.96400451660156 216.8209991455078 343.9880065917969
v 245.9949951171875 214.7740020751953 342.5740051269531
v 226.03900146484375 201.77099609375 322.14599609375
v 184.11199951171875 190.6909942626953 285.6700134277344
v 184.7050018310547 190.38400268554688 286.4280090332031
v 185.27499389648438 189.88900756835938 287.4110107421875
v 179.31700134277344 191.218994140625 286.7720031738281
v 178.90899658203125 191.33099365234375 287.8479919433594
v 179.90899658203125 191.1439971923828 286.072998046875
v 180.5489959716797 190.96499633789062 285.5849914550781
v 184.125 191.50399780273438 285.6300048828125
v 184.83099365234375 191.2790069580078 286.375
v 185.38299560546875 190.76800537109375 287.4859924316406
v 179.36399841308594 192.26499938964844 287.41400146484375
v 179.9219970703125 191.96200561523438 286.2799987792969
v 175.5970001220703 187.343994140625 311.8089904785156
v 173.90699768066406 188.34500122070312 310.5769958496094
v 174.95799255371094 186.76499938964844 310.0140075683594
v 180.54800415039062 191.76800537109375 285.63299560546875
v 184.0959930419922 192.28700256347656 285.59600830078125
v 184.7169952392578 192.1060028076172 286.0849914550781
v 185.4250030517578 191.42799377441406 287.2409973144531
v 185.33700561523438 192.03599548339844 286.8840026855469
v 185.82899475097656 191.572998046875 288.49700927734375
v 221.1510009765625 193.36700439453125 333.72198486328125
v 221.14100646972656 192.62100219726562 332.5740051269531
v 221.83700561523438 193.052001953125 333.5039978027344
v 220.37399291992188 192.83599853515625 333.1570129394531
v 180.03900146484375 192.87100219726562 286.40399169921875
v 179.718994140625 193.46099853515625 287.10101318359375
v 180.58599853515625 192.60000610351562 285.6860046386719
v 184.06500244140625 193.07699584960938 285.6409912109375
v 184.58700561523438 192.76199340820312 286.0249938964844
v 185.11700439453125 192.8699951171875 286.59698486328125
v 185.58299255371094 192.79100036621094 287.8909912109375
v 180.18800354003906 193.71400451660156 286.3380126953125
v 177.74200439453125 195.19200134277344 290.50299072265625
v 178.39300537109375 195.70799255371094 290.0660095214844
v 177.80999755859375 196.01600646972656 290.4599914550781
v 178.05599975585938 194.4949951171875 290.2380065917969
v 180.69500732421875 193.48899841308594 285.7659912109375
v 183.947998046875 193.9600067138672 285.7340087890625
v 184.677001953125 193.5279998779297 286.2749938964844
v 185.26800537109375 193.89700317382812 287.49200439453125
v 218.50799560546875 196.20899963378906 331.7850036621094
v 219.17100524902344 196.47799682617188 332.95098876953125
v 219.27000427246094 196.3300018310547 331.135009765625
v 218.468994140625 196.95599365234375 333.34100341796875
v 171.66299438476562 208.6009979248047 309.99798583984375
v 172.32000732421875 209.2100067138672 310.4020080566406
v 172.37600708007812 208.79100036621094 311.1180114746094
v 172.3350067138672 209.34800720214844 309.4620056152344
v 233.18699645996094 227.1999969482422 337.3330078125
v 234.08900451660156 227.95399475097656 336.9540100097656
v 233.28199768066406 228.41900634765625 337.9859924316406
v 234.0709991455078 226.28399658203125 336.05499267578125
v 180.1269989013672 194.43800354003906 286.5010070800781
v 179.6840057373047 194.45599365234375 287.39599609375
v 180.7570037841797 194.4040069580078 285.9679870605469
v 224.15699768066406 183.44900512695312 335.4519958496094
v 223.54600524902344 185.12899780273438 336.6239929199219
v 225.3730010986328 185.39700317382812 335.4209899902344
v 222.25100708007812 182.35299682617188 336.3869934082031
v 221.6020050048828 187.14700317382812 318.010986328125
v 221.58200073242188 185.56300354003906 318.2439880371094
v 223.281005859375 186.4320068359375 318.58099365234375
v 220.1219940185547 185.2779998779297 318.2820129394531
v 270.5570068359375 215.44700622558594 345.031005859375
v 271.09100341796875 215.03599548339844 342.8630065917969
v 269.4469909667969 214.56399536132812 343.3789978027344
v 271.6189880371094 215.61000061035156 344.78900146484375
v 191.95799255371094 211.60800170898438 312.8160095214844
v 190.8179931640625 212.23199462890625 311.7569885253906
v 192.5330047607422 212.2469940185547 311.50799560546875
v 190.35499572753906 211.9149932861328 313.61700439453125
v 263.6409912109375 233.17799377441406 342.0150146484375
v 264.364990234375 234.13299560546875 342
v 265.84600830078125 232.8939971923828 342.19000244140625
v 263.20098876953125 234.4949951171875 341.9840087890625
v 241.4530029296875 206.61099243164062 323.6409912109375
v 242.43800354003906 205.68699645996094 326.4570007324219
v 242.34500122070312 207.4759979248047 325.47100830078125
v 241.3939971923828 204.40199279785156 324.9630126953125
v 183.2989959716797 194.61099243164062 285.61700439453125
v 184.08399963378906 194.7220001220703 285.9570007324219
v 184.83099365234375 194.5590057373047 286.4649963378906
v 191.02499389648438 200.82899475097656 291.72198486328125
v 191.4739990234375 201.3780059814453 293.82000732421875
v 192 201.21200561523438 291.16900634765625
v 189.947998046875 200.42999267578125 294.0979919433594
v 231.9739990234375 192.8179931640625 318.9159851074219
v 180.1300048828125 195.28199768066406 286.5320129394531
v 179.7429962158203 195.34800720214844 287.4989929199219
v 180.76600646972656 195.27200317382812 286.10400390625
v 181.53199768066406 195.20899963378906 285.8739929199219
v 182.51699829101562 195.14100646972656 285.7080078125
v 189.02099609375 193.7010040283203 305.6830139160156
v 190.60000610351562 191.89700317382812 304.0060119628906
v 190.89199829101562 192.06100463867188 308.5799865722656
v 189.1479949951172 192.88900756835938 301.3380126953125
v 277.0870056152344 220.0570068359375 336.21099853515625
v 278.10198974609375 220.36900329589844 336.10198974609375
v 277.6440124511719 221.0970001220703 336
v 278.0840148925781 219.5469970703125 337.0169982910156
v 210.9720001220703 187.77699279785156 322.9880065917969
v 213.05799865722656 186.7570037841797 321.2099914550781
v 212.57699584960938 188.1230010986328 324.05999755859375
v 211.16700744628906 185.79200744628906 321.125
v 212.8179931640625 198.7969970703125 330.33599853515625
v 211.6179962158203 198.66700744628906 330.0870056152344
v 212.23199462890625 199.23399353027344 329.79998779296875
v 211.59300231933594 197.98599243164062 330.9119873046875
v 281.02301025390625 225.12899780273438 347.7829895019531
v 279.79998779296875 225.08599853515625 348
v 280.3429870605469 225.927001953125 347.9630126953125
v 280.16900634765625 224.3719940185547 347.9469909667969
v 261.7409973144531 215.0070037841797 340.0190124511719
v 262.0199890136719 214.218994140625 340.4880065917969
v 263.3299865722656 214.32400512695312 339.8080139160156
v 261.0119934082031 214.4429931640625 341.2239990234375
v 183.75900268554688 195.40899658203125 285.9549865722656
v 176.37100219726562 211.10000610351562 309.4540100097656
v 175.04600524902344 210.5760040283203 309.9389953613281
v 175.0800018310547 210.66600036621094 308.7619934082031
v 176.0659942626953 210.32000732421875 310.9649963378906
v 212.2779998779297 197.34100341796875 338.9849853515625
v 212.89500427246094 196.53199768066406 338.8089904785156
v 212.1020050048828 196.8939971923828 339.5780029296875
v 211.42100524902344 196.51699829101562 338.6029968261719
v 184.68699645996094 195.25999450683594 286.2250061035156
v 185.4720001220703 194.9239959716797 287.7850036621094
v 185.43600463867188 195.54800415039062 287.11199951171875
v 239.4080047607422 200.3249969482422 333.6080017089844
v 180.1580047607422 196.09100341796875 286.6520080566406
v 180.76800537109375 196.08200073242188 286.1210021972656
v 181.53399658203125 196.08099365234375 286.00299072265625
v 182.34800720214844 196.06500244140625 285.9590148925781
v 183.21600341796875 196.08099365234375 285.9599914550781
v 177.56500244140625 211.53599548339844 309.12799072265625
v 177.48599243164062 211.01800537109375 310.7460021972656
v 177.4219970703125 211.072998046875 308.0870056152344
v 184.07200622558594 196.20700073242188 286.0260009765625
v 198.25799560546875 194.33399963378906 321.33599853515625
v 199.92599487304688 193.9929962158203 321.72198486328125
v 198.67799377441406 195.177001953125 323.1600036621094
v 199.70700073242188 193.0050048828125 319.9590148925781
v 184.96600341796875 196.10400390625 286.3609924316406
v 276.4460144042969 232.78700256347656 334.23199462890625
v 277.9519958496094 232.61900329589844 334.3110046386719
v 277.5140075683594 231.51400756835938 333.8909912109375
v 177.31100463867188 179.04299926757812 293.1050109863281
v 177.66000366210938 178.49000549316406 291.9049987792969
v 176.63900756835938 179.4550018310547 291.1820068359375
v 178.5800018310547 178.17300415039062 293.51800537109375
v 224.73199462890625 204.82400512695312 328.9330139160156
v 184.19700622558594 213.6649932861328 289.0570068359375
v 184.37600708007812 213.60299682617188 288.82501220703125
v 184.41700744628906 213.76800537109375 289.0769958496094
v 184.38400268554688 213.36900329589844 289.6000061035156
v 239.0469970703125 236.36399841308594 343.614990234375
v 238.0970001220703 235.88900756835938 343.82000732421875
v 238.6269989013672 236.58700561523438 342.88800048828125
v 238.83200073242188 235.63299560546875 343.95599365234375
v 185.30099487304688 174.7830047607422 298.34698486328125
v 184.10499572753906 175.718994140625 297.07598876953125
v 184.2969970703125 175.5540008544922 300.25799560546875
v 185.54400634765625 174.6540069580078 296.14898681640625
v 180.26400756835938 196.91600036621094 286.8999938964844
v 226.22500610351562 210.4250030517578 336.39599609375
v 226.71299743652344 211.56100463867188 335.1310119628906
v 226.6540069580078 211.43899536132812 336.77899169921875
v 225.4709930419922 210.28700256347656 335.0190124511719
v 180.75900268554688 196.8800048828125 286.20098876953125
v 181.5330047607422 196.89100646972656 286.0169982910156
v 182.33799743652344 196.89100646972656 285.99798583984375
v 183.1490020751953 196.89100646972656 285.9960021972656
v 183.95899963378906 196.89500427246094 286
v 184.80599975585938 196.89999389648438 286.0799865722656
v 176.93499755859375 180.14100646972656 294.0639953613281
v 178.15499877929688 179.16700744628906 295.010986328125
v 176.4290008544922 180.02499389648438 292.4119873046875
v 185.64500427246094 197.04200744628906 286.5379943847656
v 268.6080017089844 236.09500122070312 340.2720031738281
v 269.5929870605469 236.20599365234375 340.64599609375
v 268.7139892578125 236.5919952392578 341.052001953125
v 269.12298583984375 235.06500244140625 339.58099365234375
v 178.6269989013672 198.65499877929688 292.2449951171875
v 179.33999633789062 199.78199768066406 292.80999755859375
v 180.04800415039062 198.4969940185547 293.64300537109375
v 178.3040008544922 199.86099243164062 292.0140075683594
v 282.5350036621094 233.62100219726562 336.0840148925781
v 283.0830078125 234.14500427246094 336.46600341796875
v 282.4129943847656 234.83299255371094 336.4110107421875
v 283.2130126953125 233.26600646972656 336.3380126953125
v 185.927001953125 196.56900024414062 287.84600830078125
v 171.68899536132812 200.87100219726562 311.9129943847656
v 171.26800537109375 198.54800415039062 311.0570068359375
v 171.79299926757812 200.58099365234375 310.4679870605469
v 171.28500366210938 198.50100708007812 312.73199462890625
v 274.6180114746094 234.7570037841797 336.1199951171875
v 274.2040100097656 233.61700439453125 334.6889953613281
v 275.8139953613281 234.69500732421875 335.66900634765625
v 273.1929931640625 233.8070068359375 335.385986328125
v 249.6739959716797 219.66600036621094 333.49700927734375
v 251.48300170898438 220.28700256347656 335.8389892578125
v 251.4720001220703 222.5749969482422 335.0260009765625
v 249.7469940185547 218.4980010986328 335.0539855957031
v 180.80499267578125 197.68699645996094 286.35101318359375
v 225.74899291992188 211.96800231933594 334.114013671875
v 181.5279998779297 197.69200134277344 286.0539855957031
v 182.33700561523438 197.7010040283203 286.00201416015625
v 183.14700317382812 197.7010040283203 286
v 183.9550018310547 197.7010040283203 286
v 184.76499938964844 197.70399475097656 286.0140075683594
v 185.5659942626953 197.72000122070312 286.1730041503906
v 186.32400512695312 197.45199584960938 287.5329895019531
v 186.18699645996094 197.76800537109375 286.6730041503906
v 169.9770050048828 197.02999877929688 310.2669982910156
v 168.79400634765625 196.16700744628906 309.9119873046875
v 168.6649932861328 197.33900451660156 309.84100341796875
v 169.8280029296875 195.8780059814453 310.22601318359375
v 180.51800537109375 197.81399536132812 287.1449890136719
v 180.8939971923828 198.42300415039062 286.5299987792969
v 180.7989959716797 198.75599670410156 287.385009765625
v 181.5050048828125 198.49099731445312 286.13299560546875
v 182.32899475097656 198.50399780273438 286.01800537109375
v 183.13900756835938 198.5070037841797 286.010986328125
v 183.9510040283203 198.50900268554688 286.0069885253906
v 184.76300048828125 198.50999450683594 286.0050048828125
v 185.58099365234375 198.51800537109375 286.06298828125
v 186.43899536132812 198.53799438476562 286.5190124511719
v 228.92799377441406 205.05599975585938 318
v 227.88900756835938 204.1699981689453 318
v 229.86500549316406 203.81100463867188 318
v 227.1199951171875 204.88600158691406 318.0769958496094
v 186.76199340820312 198.15499877929688 287.64898681640625
v 181.30599975585938 199.1490020751953 286.54400634765625
v 188.88499450683594 174.83099365234375 304.3190002441406
v 193.4239959716797 210.48500061035156 288.0090026855469
v 194.25900268554688 210.92999267578125 288.0929870605469
v 193.5800018310547 211.38099670410156 288.052001953125
v 193.63400268554688 209.85499572753906 288.0090026855469
v 226.18299865722656 204.0919952392578 321.67401123046875
v 227.33799743652344 205.6649932861328 321.9960021972656
v 226.11000061035156 204.94200134277344 321.52801513671875
v 182.19500732421875 199.26800537109375 286.17401123046875
v 183.07200622558594 199.2790069580078 286.10699462890625
v 183.9040069580078 199.29800415039062 286.0929870605469
v 184.7449951171875 199.3159942626953 286.04998779296875
v 185.5709991455078 199.31900024414062 286.0159912109375
v 186.3979949951172 199.33900451660156 286.1199951171875
v 187.2779998779297 198.8260040283203 287.5820007324219
v 187.23199462890625 199.41600036621094 286.5870056152344
v 235.22999572753906 202.06900024414062 320.4989929199219
v 232.21400451660156 203.5240020751953 318.635009765625
v 232.31500244140625 201.0970001220703 318.6520080566406
v 235.38800048828125 204.74400329589844 320.3399963378906
v 181.14999389648438 199.51199340820312 287.4679870605469
v 181.8489990234375 199.8520050048828 286.8659973144531
v 228.85899353027344 205.6790008544922 328
v 230.17100524902344 206.09100341796875 327.8039855957031
v 229.66600036621094 207.0500030517578 327.95098876953125
v 229.1909942626953 204.47999572753906 327.989013671875
v 195.08700561523438 211.25 288.4639892578125
v 194.41200256347656 212.0449981689453 288.3840026855469
v 194.6580047607422 210.11399841308594 288.09600830078125
v 189.2760009765625 212.02099609375 312.2929992675781
v 188.83599853515625 211.96400451660156 313.7699890136719
v 181.08599853515625 177.68800354003906 297.2550048828125
v 179.947998046875 177.4199981689453 293.94500732421875
v 179.40499877929688 178.58999633789062 296.6130065917969
v 181.46200561523438 176.82000732421875 294.2690124511719
v 248.86399841308594 217.19500732421875 333.4110107421875
v 248.08099365234375 215.85299682617188 332.635986328125
v 247.7519989013672 216.5489959716797 334.1650085449219
v 248.26400756835938 217.2100067138672 332.3380126953125
v 182.8179931640625 199.95399475097656 286.50299072265625
v 183.7030029296875 199.9770050048828 286.4200134277344
v 184.625 200.08999633789062 286.3420104980469
v 185.5449981689453 200.14599609375 286.1440124511719
v 186.3800048828125 200.1280059814453 286.0249938964844
v 187.20599365234375 200.15499877929688 286.1310119628906
v 237.40199279785156 235.8470001220703 340.3269958496094
v 236.68099975585938 235.21099853515625 340.0790100097656
v 236.7949981689453 235.81700134277344 339.2820129394531
v 236.71499633789062 235.1060028076172 341.32000732421875
v 264.2919921875 234.20799255371094 338.5989990234375
v 265.5870056152344 234.34500122070312 337.4169921875
v 188.00599670410156 200.1929931640625 286.5140075683594
v 271.6619873046875 216.57699584960938 336.0539855957031
v 273.17999267578125 218.0709991455078 336.2120056152344
v 271.1929931640625 218.27499389648438 336
v 272.6319885253906 216.25900268554688 336.4200134277344
v 197.45199584960938 195.1439971923828 328.4729919433594
v 197.24899291992188 194.82000732421875 329.6780090332031
v 196.57200622558594 195.4459991455078 328.5400085449219
v 198.5760040283203 194.91700744628906 329.4419860839844
v 279.1080017089844 221.77699279785156 336.5799865722656
v 173.05799865722656 209.70700073242188 310.3760070800781
v 173.02200317382812 209.81399536132812 309.1780090332031
v 173.60499572753906 210.125 309.41400146484375
v 230.00599670410156 211.40899658203125 318.0929870605469
v 230.61300659179688 212.08099365234375 318.385986328125
v 229.87600708007812 211.97999572753906 318.56298828125
v 230.92100524902344 211.03599548339844 318.072998046875
v 182.44400024414062 200.5449981689453 287.4750061035156
v 183.38699340820312 200.57400512695312 287.0660095214844
v 184.31199645996094 200.70899963378906 286.9700012207031
v 185.44000244140625 201.0780029296875 286.7040100097656
v 186.8249969482422 183.5279998779297 290.5530090332031
v 186.28500366210938 182.4969940185547 289.87298583984375
v 187.02000427246094 182.30599975585938 291.03399658203125
v 185.6719970703125 182.9459991455078 288.9150085449219
v 235.5919952392578 196.81300354003906 334.6919860839844
v 235.16400146484375 197.5070037841797 335.6659851074219
v 188.67999267578125 212.41900634765625 316.5840148925781
v 189.44200134277344 212.11500549316406 316.8160095214844
v 188.81399536132812 211.96600341796875 317.52301025390625
v 189.52000427246094 212.3070068359375 315.32000732421875
v 186.35899353027344 200.947998046875 286.1499938964844
v 187.19000244140625 200.93699645996094 286.02398681640625
v 188.0189971923828 200.95199584960938 286.1059875488281
v 210.03900146484375 180.66400146484375 318.6789855957031
v 211.52499389648438 180.06700134277344 318.3890075683594
v 181.74400329589844 203.28599548339844 306.3269958496094
v 181.72500610351562 200.31199645996094 305.84600830078125
v 181.5290069580078 202.3300018310547 304.0350036621094
v 181.62100219726562 201.41600036621094 307.2200012207031
v 188.90199279785156 200.9409942626953 286.4169921875
v 189.25 200.48800659179688 287.0989990234375
v 189.9149932861328 201.1280059814453 286.85699462890625
v 187.92100524902344 199.43099975585938 305.8599853515625
v 187.89599609375 197.55099487304688 303.64300537109375
v 187.677001953125 196.50599670410156 306.82000732421875
v 188.42999267578125 199.10800170898438 301.82598876953125
v 242.01300048828125 234.802001953125 344.12701416015625
v 242.88499450683594 233.96800231933594 345.0570068359375
v 242.05499267578125 233.84100341796875 345.0820007324219
v 243.01499938964844 234.9290008544922 343.4849853515625
v 187.97500610351562 212.0780029296875 317.5679931640625
v 243.31199645996094 211.2209930419922 335.9070129394531
v 244.53900146484375 210.6719970703125 334.3940124511719
v 243.3699951171875 209.5189971923828 335.239013671875
v 244.322998046875 212.8249969482422 334.8699951171875
v 186.38299560546875 201.8280029296875 286.4859924316406
v 226.99200439453125 191.2030029296875 318.3580017089844
v 225.58099365234375 188.57699584960938 319.0799865722656
v 226.99400329589844 189.27200317382812 319.302001953125
v 224.39100646972656 190.42799377441406 318.0260009765625
v 187.16700744628906 201.73300170898438 286.0979919433594
v 187.9980010986328 201.74400329589844 286.0190124511719
v 188.82400512695312 201.75 286.0559997558594
v 189.67799377441406 201.78900146484375 286.2049865722656
v 254.70599365234375 233.1820068359375 339.5039978027344
v 255.38999938964844 232.88699340820312 337.55499267578125
v 255.76300048828125 232.92599487304688 339.02398681640625
v 253.61399841308594 233.2469940185547 337.5830078125
v 191.63699340820312 200.92300415039062 289.9580078125
v 190.5279998779297 201.94500732421875 286.5249938964844
v 185.6820068359375 194.5590057373047 289.7099914550781
v 185.61199951171875 193.58200073242188 289.17999267578125
v 218.8090057373047 193.1909942626953 341.8680114746094
v 217.5540008544922 193.83299255371094 341.77801513671875
v 216.89599609375 192.11399841308594 342.2900085449219
v 185.7469940185547 202.33700561523438 287.3380126953125
v 186.62600708007812 202.71400451660156 286.947998046875
v 185.04400634765625 203.97000122070312 315.1239929199219
v 185.0050048828125 201.50900268554688 313.4570007324219
v 186.05099487304688 202.93899536132812 312.0710144042969
v 187.1750030517578 202.50999450683594 286.385986328125
v 187.97300720214844 202.53199768066406 286.114990234375
v 188.7969970703125 202.5449981689453 286.02398681640625
v 189.61099243164062 202.55299377441406 286.0299987792969
v 190.427001953125 202.58099365234375 286.14599609375
v 190.7310028076172 201.5989990234375 287.0950012207031
v 191.322998046875 202.27200317382812 286.9949951171875
v 191.13600158691406 202.6490020751953 286.46099853515625
v 222.86300659179688 209.67599487304688 331.4440002441406
v 223.62899780273438 209.93800354003906 330.5920104980469
v 223.22999572753906 209.0850067138672 330.4150085449219
v 269.87298583984375 221.74000549316406 346.427001953125
v 271.0270080566406 223.59500122070312 346.6650085449219
v 272.0669860839844 222.75599670410156 347.7430114746094
v 268.1839904785156 222.093994140625 346
v 192.07400512695312 211.10499572753906 317.5790100097656
v 192.68099975585938 211.093994140625 317.0660095214844
v 192.5959930419922 210.4709930419922 317.55999755859375
v 191.98199462890625 211.64599609375 316.8500061035156
v 260.8210144042969 234.41000366210938 340.9580078125
v 260.5459899902344 233.57400512695312 339.9389953613281
v 261.3890075683594 234.84300231933594 341.08099365234375
v 187.4980010986328 212.4459991455078 316.45599365234375
v 188.3780059814453 212.36300659179688 315.25799560546875
v 187.31199645996094 203.11700439453125 286.82598876953125
v 187.9459991455078 203.21200561523438 286.4540100097656
v 187.89999389648438 203.69400024414062 287
v 188.73899841308594 203.29100036621094 286.1839904785156
v 189.54100036621094 203.3159942626953 286.1109924316406
v 190.34800720214844 203.322998046875 286.12200927734375
v 191.14599609375 203.3209991455078 286.2860107421875
v 209.36300659179688 177.99600219726562 337.0690002441406
v 207.65699768066406 179.81500244140625 337.3609924316406
v 210.10800170898438 180.20199584960938 338.84100341796875
v 206.3280029296875 176.8000030517578 335.83599853515625
v 227.50900268554688 218.75799560546875 337.0039978027344
v 227.66600036621094 218.05299377441406 337.6929931640625
v 227.38800048828125 218.0760040283203 336.9320068359375
v 227.78900146484375 218.9929962158203 337.6579895019531
v 191.8780059814453 203.1909942626953 286.86700439453125
v 185.91299438476562 195.59100341796875 289.37298583984375
v 246.32400512695312 214.86000061035156 340.9830017089844
v 246.78500366210938 215.41900634765625 343.1080017089844
v 245.82200622558594 214.26100158691406 341.364990234375
v 207.48500061035156 171.7220001220703 325.0159912109375
v 206.72300720214844 172.08900451660156 326.239013671875
v 208.10499572753906 172.79400634765625 326.57000732421875
v 206.0959930419922 171.1269989013672 325.6679992675781
v 188.7220001220703 193.57699584960938 310.4490051269531
v 191.73800659179688 191.16299438476562 312.8190002441406
v 188.61199951171875 203.87100219726562 286.6159973144531
v 188.47000122070312 204.2519989013672 287.1570129394531
v 189.36500549316406 203.9709930419922 286.4549865722656
v 190.15699768066406 203.99600219726562 286.4280090332031
v 190.95199584960938 203.9949951171875 286.4599914550781
v 191.69400024414062 203.94400024414062 286.6679992675781
v 232.72799682617188 230.9010009765625 339.2869873046875
v 233.37899780273438 231.75599670410156 339.7590026855469
v 233.31399536132812 230.9010009765625 339.93798828125
v 233.20899963378906 231.73399353027344 338.73199462890625
v 192.3159942626953 203.93899536132812 287.07501220703125
v 272.6369934082031 215.58399963378906 342.2539978027344
v 272.0360107421875 215.1300048828125 340.6239929199219
v 273.1960144042969 215.58299255371094 339.4460144042969
v 189.12100219726562 204.48199462890625 287.0509948730469
v 189.89199829101562 204.56100463867188 287.0050048828125
v 190.6909942626953 204.57000732421875 287.00299072265625
v 191.4739990234375 204.53199768066406 287.0329895019531
v 192.10400390625 204.42599487304688 287.1109924316406
v 247.6580047607422 215.90699768066406 341.239013671875
v 247.32400512695312 215.46299743652344 342.322998046875
v 210.47999572753906 195.74200439453125 337.4119873046875
v 210.56300354003906 196.28500366210938 335.8039855957031
v 211.88699340820312 195.44200134277344 337.3059997558594
v 209.62899780273438 196.17300415039062 336.5740051269531
v 235.7050018310547 232.2010040283203 338
v 236.51400756835938 233.2790069580078 338
v 235.69700622558594 233.2790069580078 338.02099609375
v 236.552001953125 232.15199279785156 337.9739990234375
v 241.90699768066406 231.74899291992188 335.4469909667969
v 241.11900329589844 230.35499572753906 333.135986328125
v 242.94200134277344 231.41900634765625 333.34100341796875
v 239.70199584960938 230.99200439453125 336.1130065917969
v 225.16799926757812 212.93699645996094 333.322998046875
v 224.4010009765625 211.93499755859375 333.510986328125
v 227.78199768066406 185.24899291992188 331.3370056152344
v 230.13800048828125 185.83399963378906 331.4020080566406
v 226.89700317382812 184.76800537109375 332.78900146484375
v 195.3979949951172 195.24600219726562 325.052001953125
v 194.17300415039062 194.60699462890625 325.2200012207031
v 194.93800354003906 194.406005859375 323.64599609375
v 195.08900451660156 195.30299377441406 326.27099609375
v 183.2030029296875 172.6999969482422 288.989013671875
v 182.63699340820312 173.0070037841797 288.49798583984375
v 182.62600708007812 172.76100158691406 289.1109924316406
v 183.44000244140625 172.9409942626953 288.44500732421875
v 182.12600708007812 172.9720001220703 288.8789978027344
v 183.75900268554688 172.7310028076172 288.8800048828125
v 184.0959930419922 173.0279998779297 288.5920104980469
v 184.18099975585938 172.91600036621094 289.0679931640625
v 181.59300231933594 173.27000427246094 289.0010070800781
v 181.03199768066406 173.76600646972656 288.510986328125
v 181.0279998779297 173.51400756835938 289.12701416015625
v 181.8979949951172 173.5070037841797 288.3699951171875
v 180.56100463867188 173.77699279785156 288.9209899902344
v 182.58700561523438 173.6479949951172 288.12701416015625
v 183.23500061035156 173.531005859375 288.1310119628906
v 183.968994140625 173.52699279785156 288.24200439453125
v 184.48199462890625 173.2169952392578 288.9320068359375
v 184.51600646972656 173.59300231933594 288.61700439453125
v 184.6699981689453 173.63999938964844 289.1239929199219
v 180.38400268554688 174.32699584960938 288.49200439453125
v 180.24600219726562 174.09300231933594 289.0790100097656
v 179.97999572753906 174.56199645996094 288.87200927734375
v 180.98300170898438 174.45399475097656 288.1520080566406
v 181.6280059814453 174.3070068359375 288.1090087890625
v 182.4080047607422 174.27699279785156 288.0530090332031
v 183.1750030517578 174.2790069580078 288.0270080566406
v 183.9149932861328 174.26300048828125 288.1239929199219
v 184.5030059814453 174.26300048828125 288.468994140625
v 184.7220001220703 174.21400451660156 289.0570068359375
v 180.05799865722656 175.22999572753906 288.36199951171875
v 179.71099853515625 175.13800048828125 288.99200439453125
v 180.80499267578125 175.1020050048828 288.10699462890625
v 181.56399536132812 175.08700561523438 288.0199890136719
v 182.34800720214844 175.0659942626953 288.00799560546875
v 183.14700317382812 175.06300354003906 288.01300048828125
v 183.90699768066406 175.06199645996094 288.1109924316406
v 184.50799560546875 175.0570068359375 288.489013671875
v 184.73500061035156 174.97500610351562 289.135009765625
v 179.38800048828125 176.0449981689453 288.4440002441406
v 179.31900024414062 175.6909942626953 289.1400146484375
v 178.72900390625 176.33799743652344 289.0090026855469
v 180.1219940185547 176.06500244140625 288.114013671875
v 180.75599670410156 175.91099548339844 288.052001953125
v 181.53599548339844 175.875 288.00799560546875
v 182.33900451660156 175.87100219726562 288
v 183.14199829101562 175.86900329589844 288.010986328125
v 183.9080047607422 175.86500549316406 288.1109924316406
v 184.52699279785156 175.843994140625 288.4930114746094
v 184.82899475097656 175.802001953125 289.47900390625
v 283.5880126953125 228.56199645996094 344.26800537109375
v 283.13299560546875 228.531005859375 345.7330017089844
v 283.0589904785156 229.13400268554688 345.0090026855469
v 178.55999755859375 176.85299682617188 288.35101318359375
v 213.08900451660156 175.2050018310547 331.44500732421875
v 215.74400329589844 177.0229949951172 332.3110046386719
v 216.1909942626953 176.2310028076172 329.0159912109375
v 212.97500610351562 175.84500122070312 333.24798583984375
v 179.28799438476562 177.23399353027344 287.9590148925781
v 179.98399353027344 176.77000427246094 288.04998779296875
v 180.74899291992188 176.7050018310547 288.010009765625
v 181.53199768066406 176.68099975585938 288.00201416015625
v 182.33799743652344 176.67799377441406 288
v 183.14199829101562 176.67799377441406 288.010986328125
v 183.91200256347656 176.66900634765625 288.1109924316406
v 184.56100463867188 176.61199951171875 288.4930114746094
v 184.91600036621094 176.4530029296875 289.15301513671875
v 201.48599243164062 176.65499877929688 311.5400085449219
v 201.4429931640625 176.19000244140625 312.739990234375
v 202.57000732421875 177.39199829101562 311.8529968261719
v 200.24200439453125 176.51300048828125 311.114013671875
v 178.01800537109375 177.0850067138672 288.9010009765625
v 177.93099975585938 177.468994140625 288.0419921875
v 231.322998046875 186.31300354003906 328.40899658203125
v 230.53799438476562 185.65699768066406 328.635009765625
v 231.45799255371094 186.27200317382812 329.7980041503906
v 229.8470001220703 185.87399291992188 326.1059875488281
v 178.54299926757812 177.61500549316406 287.7049865722656
v 247.54299926757812 230.0540008544922 330.510986328125
v 247.6959991455078 228.88999938964844 330.3219909667969
v 248.1479949951172 229.9669952392578 331.3630065917969
v 246.875 229.5260009765625 330.0880126953125
v 181.06399536132812 202.9219970703125 289.9119873046875
v 181.68600463867188 202.6269989013672 289.6369934082031
v 182.3159942626953 203.7010040283203 289.51300048828125
v 180.78500366210938 201.7830047607422 289.8949890136719
v 180.04600524902344 177.5469970703125 287.8999938964844
v 243.79400634765625 232.3520050048828 335.37298583984375
v 242.6840057373047 233.18600463867188 338.260986328125
v 179.86300659179688 178.14599609375 287.5469970703125
v 180.73500061035156 177.4980010986328 287.9530029296875
v 181.5330047607422 177.48899841308594 287.99200439453125
v 182.33799743652344 177.48599243164062 288
v 183.14199829101562 177.48599243164062 288.010986328125
v 183.91299438476562 177.4770050048828 288.1080017089844
v 184.58799743652344 177.40899658203125 288.4880065917969
v 185.07699584960938 177.1540069580078 289.3280029296875
v 177.5050048828125 177.75799560546875 288.510009765625
v 177.33700561523438 178.27999877929688 289.2510070800781
v 179.125 178.02099609375 287.4909973144531
v 173.2830047607422 195.9250030517578 317.489990234375
v 173.49000549316406 194.9510040283203 316.33099365234375
v 172.8070068359375 196.28399658203125 316.0589904785156
v 174.75900268554688 194.2689971923828 317.52899169921875
v 180.74200439453125 178.29299926757812 287.6830139160156
v 181.54800415039062 178.3090057373047 287.8970031738281
v 182.33999633789062 178.2969970703125 287.9880065917969
v 183.14199829101562 178.2949981689453 288.010986328125
v 183.91299438476562 178.28599548339844 288.10400390625
v 184.5919952392578 178.22000122070312 288.4360046386719
v 185.1649932861328 178.0030059814453 289.1709899902344
v 176.61099243164062 179.26600646972656 288.1679992675781
v 176.91799926757812 178.83999633789062 288.67401123046875
v 241.5290069580078 233.13499450683594 344.8340148925781
v 241.33700561523438 234.14700317382812 344.3210144042969
v 240.63099670410156 233.19700622558594 344.1889953613281
v 190.24899291992188 214.5709991455078 291.6669921875
v 190.66900634765625 214.86199951171875 293.70001220703125
v 189.1199951171875 214.57200622558594 292.4639892578125
v 191.77000427246094 214.5850067138672 292.3299865722656
v 192.10499572753906 202.54200744628906 287.58099365234375
v 192.80499267578125 203.50100708007812 287.5920104980469
v 282.8689880371094 233.02000427246094 340.87298583984375
v 283.98699951171875 231.8769989013672 340.614013671875
v 283.3009948730469 232.24600219726562 341.593994140625
v 283.2409973144531 232.6009979248047 339.364990234375
v 214.67300415039062 184.20799255371094 318.0639953613281
v 215.68699645996094 182.09100341796875 318.4010009765625
v 217.11399841308594 183.8090057373047 318.552001953125
v 213.968994140625 182.00100708007812 318.47698974609375
v 181.57400512695312 179.14300537109375 287.5329895019531
v 182.3520050048828 179.12600708007812 287.8970031738281
v 183.14500427246094 179.1060028076172 288.00201416015625
v 183.91700744628906 179.09500122070312 288.1029968261719
v 184.59500122070312 179.0279998779297 288.42498779296875
v 185.18099975585938 178.88600158691406 289.03900146484375
v 176.32699584960938 179.9320068359375 288.7120056152344
v 176.61700439453125 179.33200073242188 289.5710144042969
v 219.63699340820312 203.43800354003906 334.8970031738281
v 220.88600158691406 204.05999755859375 336.4159851074219
v 219.08200073242188 202.87600708007812 336.8080139160156
v 220.72500610351562 205.1230010986328 334.39599609375
v 200.98599243164062 179.343994140625 334.5679931640625
v 198.9980010986328 182.56199645996094 333.4750061035156
v 200.7519989013672 181.43299865722656 335.11700439453125
v 200.2209930419922 178.84500122070312 333.78399658203125
v 229.23599243164062 220.32200622558594 337.95098876953125
v 228.447998046875 219.572998046875 337.95098876953125
v 228.46299743652344 220.35699462890625 337.87701416015625
v 229.23599243164062 219.5330047607422 338
v 275.2179870605469 236.2949981689453 341.6820068359375
v 276.2749938964844 236.40899658203125 341.2099914550781
v 182.3209991455078 179.91000366210938 287.6510009765625
v 183.11199951171875 180.00999450683594 287.93798828125
v 183.9409942626953 179.95799255371094 288.0899963378906
v 184.6269989013672 179.83900451660156 288.4150085449219
v 185.12600708007812 179.625 288.9339904785156
v 176.2519989013672 180.8350067138672 288.59100341796875
v 237.88999938964844 236.375 342.0690002441406
v 238.06300354003906 236.16200256347656 340.989013671875
v 238.7989959716797 236.41600036621094 341.31500244140625
v 237.39199829101562 235.85499572753906 341.5050048828125
v 230.9550018310547 212.61000061035156 319.2860107421875
v 230.1739959716797 212.66600036621094 320.2720031738281
v 230.25 212.41400146484375 319.09698486328125
v 230.63999938964844 213.09800720214844 320.74798583984375
v 279.1059875488281 223.57400512695312 347.97900390625
v 280.135986328125 223.6009979248047 347.739013671875
v 182.83599853515625 180.9320068359375 287.6369934082031
v 225.13499450683594 197.8300018310547 328.46099853515625
v 223.7949981689453 198.51100158691406 328.95098876953125
v 224.47300720214844 197.1719970703125 329.4289855957031
v 225.43499755859375 199.0500030517578 328.2080078125
v 225.16099548339844 203.83999633789062 320.1130065917969
v 225.6199951171875 204.45599365234375 319.3030090332031
v 225.64599609375 204.76100158691406 320.6199951171875
v 225.3699951171875 203.49200439453125 318.6820068359375
v 183.96800231933594 181.12600708007812 288.0039978027344
v 184.7050018310547 180.71600341796875 288.3349914550781
v 185.29299926757812 180.4530029296875 288.97198486328125
v 176.38299560546875 181.59800720214844 289.0989990234375
v 217.98500061035156 200.95399475097656 333.3429870605469
v 217.12899780273438 199.90199279785156 333.34698486328125
v 217.03599548339844 200.02999877929688 331.3320007324219
v 217.1649932861328 200.4320068359375 334.74200439453125
v 188.71099853515625 191.48800659179688 296.6960144042969
v 188.08799743652344 188.82699584960938 292.7879943847656
v 189.9530029296875 188.86000061035156 296.0639953613281
v 216.65899658203125 177.11700439453125 335.1090087890625
v 218.14199829101562 177.76699829101562 333.6910095214844
v 216.468994140625 177.42100524902344 333.88299560546875
v 217.7989959716797 177.69700622558594 335.3160095214844
v 234.57699584960938 220.2050018310547 326.322998046875
v 233.39100646972656 220.71299743652344 325.5979919433594
v 234.54200744628906 221.65899658203125 325.97698974609375
v 233.2050018310547 218.98899841308594 325.95599365234375
v 283.3590087890625 233.1199951171875 337.69500732421875
v 283.239990234375 233.86599731445312 337.2359924316406
v 283.4989929199219 233.1280059814453 336.9540100097656
v 282.81298828125 233.50799560546875 338.2720031738281
v 196.03799438476562 195.06700134277344 323.5509948730469
v 196.11900329589844 194.13900756835938 322.114013671875
v 188.8350067138672 190.63400268554688 325.156005859375
v 190.19200134277344 190.6230010986328 322.3380126953125
v 191.08999633789062 191.66000366210938 325.5119934082031
v 187.46400451660156 189.6719970703125 323.4259948730469
v 214.40699768066406 177.7480010986328 337.2909851074219
v 213.57400512695312 179.34800720214844 338.6470031738281
v 215.66099548339844 178.7969970703125 337.6440124511719
v 212.75900268554688 177.531005859375 337.2239990234375
v 282.5790100097656 228.71600341796875 346.8500061035156
v 282.71600341796875 229.07000732421875 346.0140075683594
v 282.7799987792969 228.08099365234375 346.45098876953125
v 281.8110046386719 233.83900451660156 341.4679870605469
v 282.2279968261719 232.6719970703125 342.02398681640625
v 282.2640075683594 233.6300048828125 339.90301513671875
v 213.0260009765625 189.53799438476562 342
v 213.19900512695312 191.5019989013672 342
v 214.5019989013672 192.3560028076172 342
v 211.2830047607422 189.42599487304688 341.8689880371094
v 183.83900451660156 181.8209991455078 317.5719909667969
v 186.08399963378906 183.2519989013672 320.7449951171875
v 186.5959930419922 181.85299682617188 319.7510070800781
v 183.23599243164062 183.63999938964844 318.99700927734375
v 176.72300720214844 182.6999969482422 289.4129943847656
v 184.0019989013672 213.87100219726562 308.40899658203125
v 182.6790008544922 214.02200317382812 306.7130126953125
v 185.15699768066406 214.4669952392578 306.99798583984375
v 181.93899536132812 213.41799926757812 307.9750061035156
v 242.88699340820312 216.92799377441406 326.6789855957031
v 245.0570068359375 219.11000061035156 328.9840087890625
v 242.7779998779297 219.22300720214844 326.3949890136719
v 244.52200317382812 216.67999267578125 329.2900085449219
v 191.9029998779297 203.03399658203125 304.0830078125
v 190.39100646972656 201.1699981689453 301.46600341796875
v 189.44900512695312 201.28399658203125 304.59600830078125
v 192.9949951171875 202.65499877929688 301.1409912109375
v 251.1009979248047 232.10299682617188 344.02099609375
v 250.2790069580078 230.98500061035156 345.3030090332031
v 249.52999877929688 232.55999755859375 344.3330078125
v 251.4250030517578 230.18800354003906 345.32501220703125
v 227.1009979248047 192.46600341796875 337.97698974609375
v 226.0399932861328 195.73399353027344 339.5069885253906
v 228.07200622558594 195.53199768066406 338.45098876953125
v 224.27000427246094 192.6199951171875 339.56298828125
v 284.1889953613281 229.7519989013672 339.6499938964844
v 284.9100036621094 229.7790069580078 340.4200134277344
v 284.44000244140625 230.8979949951172 339.93499755859375
v 284.302001953125 228.50100708007812 340.34698486328125
v 171.91400146484375 202.0850067138672 309.5580139160156
v 170.8979949951172 200.54800415039062 309.739013671875
v 171.27999877929688 201.3249969482422 308.8689880371094
v 216.5749969482422 179.63099670410156 320.9989929199219
v 215.63299560546875 178.84500122070312 321.1780090332031
v 216.6490020751953 178.57400512695312 322.52301025390625
v 215.48500061035156 180.3249969482422 319.5820007324219
v 216.61900329589844 181.48399353027344 319.4809875488281
v 218.51400756835938 182.60699462890625 319.7070007324219
v 217.96400451660156 180.52200317382812 320.9960021972656
v 233.6280059814453 219.14700317382812 327.989013671875
v 232.76800537109375 219.8179931640625 329.18798828125
v 231.44400024414062 218.3260040283203 329.8840026855469
v 235.1479949951172 220.6580047607422 327.4830017089844
v 284.8219909667969 230.92100524902344 340.94000244140625
v 284.572998046875 230.11399841308594 341.6820068359375
v 183.5970001220703 182.2760009765625 287.62799072265625
v 184.74000549316406 182.26800537109375 288.1610107421875
v 281.2030029296875 233.28700256347656 341.99200439453125
v 280.7619934082031 234.33299255371094 341.70098876953125
v 279.8599853515625 232.8459930419922 342.2749938964844
v 211.36399841308594 173.90699768066406 330.0419921875
v 218.68800354003906 196.8040008544922 334.96600341796875
v 219.4459991455078 196.04800415039062 333.8500061035156
v 218.19200134277344 195.46099853515625 335.00299072265625
v 193.3040008544922 210.86900329589844 313.18701171875
v 194.04400634765625 210.3350067138672 314.1340026855469
v 193.5189971923828 211.03199768066406 314.1340026855469
v 194.0500030517578 209.9739990234375 313.3380126953125
v 185.03399658203125 212.20399475097656 311.89801025390625
v 182.7239990234375 211.6490020751953 312.69500732421875
v 183.28700256347656 212.87600708007812 310.07501220703125
v 184.33399963378906 211.66400146484375 313.6130065917969
v 172.13999938964844 192.89700317382812 307.9540100097656
v 172.3260040283203 191.5989990234375 307.59100341796875
v 174.0030059814453 192.66700744628906 307.87799072265625
v 170.81500244140625 191.43600463867188 307.7959899902344
v 178.9929962158203 177.6510009765625 292.0950012207031
v 227.13400268554688 213.58399963378906 337.1780090332031
v 243.5590057373047 213.01499938964844 336.6289978027344
v 244.36099243164062 215.55999755859375 335.31201171875
v 265.5780029296875 234.6719970703125 342
v 247.8979949951172 220.46099853515625 331.5050048828125
v 249.5679931640625 223.21600341796875 332.6300048828125
v 236.3520050048828 227.39700317382812 333.1300048828125
v 238.5189971923828 228.8419952392578 333.59600830078125
v 235.99600219726562 228.4980010986328 335.7950134277344
v 237.48399353027344 227.49000549316406 331.1730041503906
v 252.66700744628906 232.5189971923828 342.81201171875
v 213.83599853515625 194.1269989013672 334.4949951171875
v 211.84300231933594 195.9199981689453 333.7640075683594
v 213.7740020751953 195.48699951171875 332.45098876953125
v 212.16299438476562 194.75900268554688 335.6470031738281
v 284.0769958496094 231.47000122070312 341.67999267578125
v 282.9859924316406 231.64500427246094 342.2699890136719
v 215.38099670410156 199.52699279785156 330.2959899902344
v 213.98699951171875 199.32899475097656 330.2550048828125
v 214.7030029296875 200.08599853515625 329.7829895019531
v 214.81199645996094 198.8300018310547 331.031005859375
v 184.7449951171875 183.2050018310547 288.07501220703125
v 233.5749969482422 196.81900024414062 335.8320007324219
v 233.5279998779297 199.26400756835938 336.114013671875
v 234.8939971923828 198.83099365234375 335.98699951171875
v 231.27699279785156 197.20599365234375 336.3529968261719
v 211.33299255371094 175.33399963378906 334.62200927734375
v 228.14100646972656 199.65699768066406 324.1109924316406
v 227.6739959716797 200.25799560546875 323.06201171875
v 228.8300018310547 201.10899353027344 324.1470031738281
v 226.75900268554688 198.5500030517578 323.3380126953125
v 215.16400146484375 177.77499389648438 322.1780090332031
v 216.6739959716797 177.4669952392578 323.6600036621094
v 176.96400451660156 183.64199829101562 288.5360107421875
v 229.10800170898438 211.59300231933594 319.5400085449219
v 229.2169952392578 211.28399658203125 318.4219970703125
v 228.427001953125 210.69000244140625 319.5350036621094
v 188.34500122070312 208.47300720214844 288
v 189.5030059814453 208.5500030517578 288
v 189.57000732421875 209.71800231933594 288
v 188.3350067138672 207.05799865722656 288
v 247.69500732421875 217.9080047607422 339.4259948730469
v 246.58200073242188 218.16099548339844 337.4419860839844
v 246.218994140625 216.77200317382812 339.125
v 248.65899658203125 218.68699645996094 338.656005859375
v 215.62399291992188 194.947998046875 327.5589904785156
v 217.96299743652344 195.78599548339844 327.79400634765625
v 217.51199340820312 196.4929962158203 327.9880065917969
v 216.97999572753906 194.0709991455078 326.1629943847656
v 226.9810028076172 198.35800170898438 339.177001953125
v 227.67100524902344 197.34100341796875 338.9100036621094
v 229.0709991455078 199.3990020751953 337.6520080566406
v 199.94400024414062 194.3159942626953 323.3450012207031
v 202.9040069580078 192.66600036621094 323.3070068359375
v 252.02699279785156 233.33799743652344 336.364013671875
v 251.76699829101562 233.71600341796875 338.0429992675781
v 250.9530029296875 233.82699584960938 336.9949951171875
v 184.92100524902344 184.35400390625 288.0050048828125
v 174.67300415039062 193.05599975585938 316.11199951171875
v 233.48300170898438 221.10499572753906 323.9169921875
v 234.4770050048828 221.8820037841797 323.677001953125
v 233.80799865722656 221.79200744628906 325.0570068359375
v 234.36500549316406 221.41400146484375 322.9309997558594
v 185.74200439453125 183.83599853515625 288.98199462890625
v 229.11000061035156 200.48800659179688 325.4110107421875
v 228.33200073242188 198.75599670410156 325.7980041503906
v 185.79600524902344 184.57400512695312 288.9639892578125
v 176.25399780273438 181.11399841308594 292.85101318359375
v 177.38499450683594 184.718994140625 287.3370056152344
v 177.4969940185547 184.9510040283203 288.2760009765625
v 226.39100646972656 204.9409942626953 328.1199951171875
v 195.6479949951172 214.7969970703125 302.9639892578125
v 196.33099365234375 213.9510040283203 301.5199890136719
v 196.58099365234375 213.44700622558594 303.02099609375
v 195.25399780273438 215.03199768066406 301.1289978027344
v 229.50599670410156 214.89700317382812 336
v 194.07200622558594 209.20899963378906 313.28900146484375
v 194.11500549316406 209.51199340820312 314.5880126953125
v 194.4510040283203 209.8780059814453 312.40899658203125
v 233.9029998779297 194.42599487304688 320.3659973144531
v 235.19000244140625 193.64500427246094 322.3590087890625
v 235.31700134277344 195.62100219726562 321.4960021972656
v 233.81500244140625 192.3820037841797 321.2070007324219
v 244.04100036621094 205.0659942626953 331.6610107421875
v 243.23199462890625 203.66299438476562 332.1090087890625
v 243.57200622558594 205.16900634765625 333.4840087890625
v 243.91600036621094 204.68899536132812 330.0069885253906
v 232.94200134277344 221.1580047607422 335.8110046386719
v 232.73899841308594 221.98699951171875 335.07598876953125
v 233.1179962158203 221.83999633789062 337.3680114746094
v 232.89999389648438 219.9770050048828 334.9880065917969
v 184.80099487304688 190.15699768066406 320.2489929199219
v 232.7989959716797 223.5050048828125 334.9930114746094
v 233.11900329589844 223.49200439453125 337.14801025390625
v 232.15699768066406 222.156005859375 333.1130065917969
v 185.64300537109375 185.53700256347656 288.7539978027344
v 176.18800354003906 209.1199951171875 313.1809997558594
v 177.85800170898438 210.2209930419922 313.6700134277344
v 176.85699462890625 209.9669952392578 314.8139953613281
v 176.98399353027344 209.91900634765625 312.177001953125
v 170.16799926757812 198.64599609375 310.09600830078125
v 259.5639953613281 215.96800231933594 343.7749938964844
v 258.6319885253906 215.39300537109375 342.91900634765625
v 258.364990234375 216.03700256347656 343.739990234375
v 259.9360046386719 215.0590057373047 342.45599365234375
v 274.5580139160156 218.60499572753906 336.6289978027344
v 274.5559997558594 217.3040008544922 337.635986328125
v 275.7640075683594 217.98300170898438 337.77801513671875
v 273.74700927734375 216.9550018310547 337.12298583984375
v 223.80499267578125 194.0780029296875 330.7040100097656
v 223.58799743652344 193.68099975585938 329.92498779296875
v 224.48500061035156 194.6060028076172 329.5570068359375
v 241.04200744628906 233.0970001220703 337.66900634765625
v 203.781005859375 178.82000732421875 312.4309997558594
v 203.14599609375 177.2790069580078 313.4590148925781
v 203.08900451660156 178.63699340820312 310.989990234375
v 201.35899353027344 194.6649932861328 331.4989929199219
v 203.16400146484375 195.58999633789062 331.8890075683594
v 202.03399658203125 195.4600067138672 329.96600341796875
v 191.1199951171875 174.8509979248047 299.489990234375
v 190.05299377441406 174.7779998779297 298.21600341796875
v 190.1300048828125 174.031005859375 300.42498779296875
v 191.3300018310547 176.06199645996094 298.1239929199219
v 187.87600708007812 185.2310028076172 326.9639892578125
v 187.34300231933594 187.07000732421875 327.58099365234375
v 188.25900268554688 186.60000610351562 328.7300109863281
v 186.76499938964844 186.24899291992188 326.31500244140625
v 274.156005859375 229.16700744628906 332.20098876953125
v 276.39599609375 229.3560028076172 332.80999755859375
v 275.3420104980469 231.1020050048828 333.1889953613281
v 275.0769958496094 227.73300170898438 332.50201416015625
v 189.6490020751953 175.093994140625 296.4949951171875
v 190.48399353027344 176.03799438476562 296.7919921875
v 188.66900634765625 174.406005859375 296.5409851074219
v 201.68899536132812 192.08700561523438 320.3970031738281
v 201.7779998779297 190.97000122070312 318.27398681640625
v 204.21299743652344 190.19400024414062 320.8840026855469
v 200.4739990234375 191.65899658203125 318.125
v 240.02200317382812 208.4530029296875 338.02398681640625
v 238.89300537109375 208.43299865722656 338.0039978027344
v 240.07200622558594 209.41700744628906 338.7720031738281
v 239.17599487304688 207.41400146484375 336.8429870605469
v 228.19900512695312 209.98199462890625 319.135009765625
v 230.0500030517578 211.33099365234375 325.5419921875
v 229.44700622558594 210.5800018310547 323.9070129394531
v 228.90699768066406 212.30299377441406 324.4679870605469
v 230.39199829101562 209.69000244140625 325.1400146484375
v 182.78599548339844 204.19700622558594 298.18701171875
v 182.50100708007812 206.44400024414062 300.03900146484375
v 181.71499633789062 203.96400451660156 301.8529968261719
v 183.83799743652344 206.51300048828125 297.59100341796875
v 234.4029998779297 223.43299865722656 329.49798583984375
v 236.05999755859375 225.0709991455078 329.6860046386719
v 234.35899353027344 225.1739959716797 331.8580017089844
v 235.97900390625 223.5449981689453 328.27301025390625
v 282.8330078125 228.0540008544922 339.1099853515625
v 283.5669860839844 227.5489959716797 340.9460144042969
v 283.6570129394531 228.80499267578125 339.42999267578125
v 282.72900390625 226.90499877929688 340.15301513671875
v 179.96800231933594 192.8000030517578 295.42498779296875
v 179.22799682617188 190.10699462890625 294.65399169921875
v 179.21200561523438 192.41400146484375 293.9049987792969
v 179.55299377441406 190.55499267578125 295.9209899902344
v 206.29400634765625 182.15699768066406 316.2149963378906
v 208.2899932861328 181.3800048828125 318.64898681640625
v 187.11599731445312 178.30499267578125 316.38299560546875
v 184.67100524902344 178.98399353027344 313.3160095214844
v 185.3979949951172 180.093994140625 317.19000244140625
v 186.5800018310547 177.052001953125 312.0830078125
v 189.0019989013672 176.83200073242188 316.0530090332031
v 189.25 175.66099548339844 312.65301513671875
v 191.14500427246094 175.5330047607422 316.1109924316406
v 220.2949981689453 193.8560028076172 328.0769958496094
v 219.4429931640625 194.03199768066406 329.0010070800781
v 219.802001953125 195.1490020751953 327.88299560546875
v 219.90499877929688 192.83399963378906 329.36700439453125
v 185.54299926757812 187.2899932861328 288.3909912109375
v 279.4110107421875 235.48199462890625 337.37200927734375
v 280.25201416015625 235.781005859375 336.9320068359375
v 280.1659851074219 235.572998046875 337.6440124511719
v 175.093994140625 190.66400146484375 306.40399169921875
v 175.6699981689453 192.218994140625 307.6889953613281
v 173.7270050048828 191.1739959716797 307.1659851074219
v 176.86000061035156 191.38400268554688 307.1210021972656
v 221.55099487304688 206.49200439453125 331.2969970703125
v 222.4429931640625 207.1909942626953 330.3909912109375
v 221.9949951171875 207.81700134277344 331.427001953125
v 222.41600036621094 205.85899353027344 330.20599365234375
v 168.47300720214844 198.55999755859375 309.6260070800781
v 169.1479949951172 199.51199340820312 309.7080078125
v 190.69700622558594 184.14599609375 295.1000061035156
v 191.64599609375 185.3179931640625 296.80499267578125
v 190.33099365234375 186.6479949951172 295.3080139160156
v 191.79400634765625 182.67799377441406 296.2309875488281
v 193.8699951171875 190.77200317382812 310.02301025390625
v 195.09500122070312 190.24899291992188 312.4750061035156
v 187.4429931640625 207.9810028076172 317.81298828125
v 186.572998046875 209.05999755859375 318
v 188.40199279785156 209.02200317382812 318
v 185.63600158691406 207.322998046875 317.7090148925781
v 195.125 209.84500122070312 311.6099853515625
v 194.78199768066406 210.6269989013672 312.0039978027344
v 194.3699951171875 208.9010009765625 312.0010070800781
v 268.0639953613281 213.6060028076172 340.43798828125
v 267.8630065917969 213.83299255371094 342.5539855957031
v 268.5830078125 213.9010009765625 341.5199890136719
v 267.1059875488281 213.43899536132812 340.9320068359375
v 218.49899291992188 194.1490020751953 319.125
v 218.36099243164062 194.83799743652344 320.09100341796875
v 217.83900451660156 194.02999877929688 321.0920104980469
v 218.92300415039062 195.62600708007812 318.4930114746094
v 242.8209991455078 211.40699768066406 337.6570129394531
v 256.9330139160156 217.80799865722656 343.95098876953125
v 257.0429992675781 219.75799560546875 344
v 259.1759948730469 219.0570068359375 344.12799072265625
v 255.21499633789062 218.11500549316406 343.7539978027344
v 172.3350067138672 202.03500366210938 317.6929931640625
v 172.7899932861328 203.1280059814453 317.9360046386719
v 174.02699279785156 202.23800659179688 318
v 172.02999877929688 203.21400451660156 317.2550048828125
v 181.0449981689453 199.35400390625 307.364990234375
v 179.8249969482422 201.31399536132812 307.875
v 218.89300537109375 201.89999389648438 331.79400634765625
v 218.25399780273438 201.5019989013672 330.2099914550781
v 235.9409942626953 225.5800018310547 341.5870056152344
v 234.9969940185547 226.54299926757812 340.7919921875
v 235.2760009765625 224.12399291992188 340.90301513671875
v 251.6750030517578 232.1230010986328 335.9859924316406
v 253.17799377441406 230.43099975585938 335.9750061035156
v 253.10800170898438 232.48199462890625 336.2359924316406
v 251.06199645996094 229.68699645996094 334.9939880371094
v 205.5800018310547 171.7729949951172 326.3139953613281
v 206.57699584960938 173.11399841308594 328.22601318359375
v 205.01800537109375 172.98199462890625 328.75201416015625
v 200.05499267578125 194.64500427246094 328.6419982910156
v 199.2989959716797 194.88699340820312 330.864013671875
v 198.53199768066406 194.92100524902344 327.3810119628906
v 221.96299743652344 192.91400146484375 332.3349914550781
v 262.3030090332031 214.26600646972656 343.5329895019531
v 261.9010009765625 213.86399841308594 342.00799560546875
v 261.4700012207031 214.36199951171875 342.7170104980469
v 263.00299072265625 213.83299255371094 342.8320007324219
v 190.73300170898438 212.24899291992188 315.1289978027344
v 191.40499877929688 211.8350067138672 314.0450134277344
v 193.9720001220703 210.7100067138672 312.4599914550781
v 177.9080047607422 187.33099365234375 289.97198486328125
v 178.17599487304688 188.63800048828125 289.510009765625
v 201.05499267578125 174.86700439453125 330.9360046386719
v 199.6199951171875 173.94200134277344 328.2950134277344
v 198.73899841308594 175.58299255371094 328.864013671875
v 201.26100158691406 173.28500366210938 328.7430114746094
v 223.89500427246094 211.90699768066406 332.5690002441406
v 224.37100219726562 210.38499450683594 334.11700439453125
v 224.40199279785156 211.9949951171875 331.1990051269531
v 215.58399963378906 200.2570037841797 329.96600341796875
v 215.53399658203125 200.90699768066406 329.27398681640625
v 245.1739959716797 213.9219970703125 341.7929992675781
v 245.12600708007812 213.53500366210938 340.9750061035156
v 245.30099487304688 214.55099487304688 342.5530090332031
v 265.3909912109375 213.66900634765625 339.34698486328125
v 266.1830139160156 213.24200439453125 341.1570129394531
v 266.4750061035156 213.4810028076172 339.5159912109375
v 264.9700012207031 213.2259979248047 341.2640075683594
v 282.96600341796875 229.24400329589844 338.0780029296875
v 265.2690124511719 233.01499938964844 336.2099914550781
v 266.3139953613281 233.66299438476562 336.4110107421875
v 264.10400390625 233.78199768066406 336.9110107421875
v 180.9739990234375 199.2989959716797 288.5409851074219
v 193.11900329589844 176.4239959716797 299.531005859375
v 193.61199951171875 178.0449981689453 298.77398681640625
v 192.1269989013672 175.59500122070312 299.41900634765625
v 224.14199829101562 197.3300018310547 339.9020080566406
v 178.79200744628906 193.89700317382812 289.489990234375
v 179.2969970703125 193.4669952392578 288.3489990234375
v 179.38299560546875 194.65499877929688 288.5679931640625
v 178.60400390625 192.31500244140625 289.2139892578125
v 240.60800170898438 224.05999755859375 325.8909912109375
v 238.781005859375 223.27099609375 325.7460021972656
v 185.552001953125 188.91200256347656 288.07000732421875
v 186.468994140625 188.39300537109375 289.8890075683594
v 234.1320037841797 189.781005859375 330.6499938964844
v 234.0590057373047 188.9929962158203 332.4429931640625
v 234.84100341796875 191.1790008544922 332.0369873046875
v 233.21200561523438 188.07699584960938 331.1189880371094
v 172.5749969482422 198.31100463867188 317.5459899902344
v 171.76100158691406 199.27000427246094 316.46099853515625
v 172.3719940185547 199.95700073242188 317.6600036621094
v 172.38900756835938 197.45599365234375 316.40899658203125
v 209.14100646972656 187.26199340820312 321.4809875488281
v 212.63699340820312 184.88499450683594 319.4750061035156
v 210.52699279785156 183.23800659179688 319.29400634765625
v 185.96800231933594 190.01400756835938 289.00799560546875
v 178.5449981689453 189.968994140625 288.7749938964844
v 192.94000244140625 208.60400390625 315.1180114746094
v 193.01800537109375 209.3249969482422 316.45098876953125
v 193.58599853515625 209.1580047607422 315.4949951171875
v 192.36399841308594 208.85299682617188 316.718994140625
v 178.56900024414062 190.81900024414062 288.83099365234375
v 235.21400451660156 193.4080047607422 324.2820129394531
v 234.79200744628906 193.19400024414062 329.0069885253906
v 236.00999450683594 195.22000122070312 326.3590087890625
v 234.59500122070312 192.11900329589844 326.1889953613281
v 244.6739959716797 214.00599670410156 330.14300537109375
v 245.30499267578125 212.1199951171875 331.00799560546875
v 246.31100463867188 213.57899475097656 331.9110107421875
v 243.6060028076172 212.85299682617188 329.22100830078125
v 168.04100036621094 197.9219970703125 309.4159851074219
v 168.03399658203125 197.77699279785156 308.6860046386719
v 168.1479949951172 198.75900268554688 308.7829895019531
v 167.94700622558594 197.06399536132812 309.2510070800781
v 244.98599243164062 211.35899353027344 330.2550048828125
v 245.57699584960938 210.58799743652344 331.0350036621094
v 182.6580047607422 190.3509979248047 319.7330017089844
v 182.7169952392578 192.62399291992188 318.20001220703125
v 180.17100524902344 190.53900146484375 318.46099853515625
v 214.91099548339844 187.697998046875 320.1820068359375
v 214.00799560546875 185.71800231933594 318.6910095214844
v 213.5229949951172 188.35299682617188 322.7019958496094
v 202.2740020751953 171.9219970703125 319.0480041503906
v 202.33099365234375 170.76199340820312 320.1809997558594
v 203.2429962158203 171.52099609375 320.17498779296875
v 201.23199462890625 171.46600341796875 318.7340087890625
v 283.30499267578125 229.71499633789062 343.8340148925781
v 282.67401123046875 229.88999938964844 344.3760070800781
v 202.51499938964844 169.97000122070312 321.5509948730469
v 203.16299438476562 170.39300537109375 321.1990051269531
v 201.39599609375 170.13600158691406 320.6719970703125
v 243.18299865722656 227.05099487304688 327.67999267578125
v 242.18600463867188 226.03199768066406 326.53900146484375
v 216.19900512695312 198.27499389648438 332.0950012207031
v 217.07000732421875 199.2310028076172 333.9410095214844
v 217.77200317382812 197.88999938964844 333.07501220703125
v 216.30799865722656 199.1230010986328 331.6520080566406
v 206.89700317382812 191.1439971923828 324.4200134277344
v 207.7209930419922 189.03500366210938 322.5679931640625
v 210.0850067138672 189.16600036621094 324.0190124511719
v 227.5399932861328 213.906005859375 336.2430114746094
v 228.0399932861328 213.5590057373047 335.9930114746094
v 226.96499633789062 212.68299865722656 336.6940002441406
v 203.56100463867188 194.02200317382812 326.1409912109375
v 206.156005859375 192.92799377441406 325.7760009765625
v 205.56399536132812 195.1529998779297 327.2430114746094
v 204.7530059814453 192.87399291992188 325.14898681640625
v 227.66099548339844 199.39199829101562 327.94500732421875
v 228.3509979248047 200.03399658203125 327.7510070800781
v 227.61900329589844 200.1179962158203 327.97900390625
v 228.13600158691406 198.6840057373047 327.5199890136719
v 241.45599365234375 210.4709930419922 339.8919982910156
v 241.41099548339844 211.60000610351562 341.010986328125
v 242.47500610351562 211.23300170898438 340.1289978027344
v 239.531005859375 211.0679931640625 339.97698974609375
v 226.81100463867188 203.49600219726562 328
v 228.42799377441406 203.36099243164062 328
v 227.97900390625 204.61900329589844 328
v 227.35000610351562 202.55299377441406 328
v 264.81500244140625 235.68499755859375 341.95098876953125
v 264.0840148925781 235.90499877929688 341.7229919433594
v 264.885986328125 236.2969970703125 341.6940002441406
v 264.114013671875 234.9499969482422 342
v 283.81298828125 229.40499877929688 343.2019958496094
v 222.54299926757812 184.63699340820312 319.3320007324219
v 224.70199584960938 185.33299255371094 320.1520080566406
v 243.33399963378906 204.84100341796875 328.13800048828125
v 243.72500610351562 206.1269989013672 328.4830017089844
v 241.90499877929688 203.36900329589844 326.4849853515625
v 173.45399475097656 193.9770050048828 314.8269958496094
v 172.5 195.67100524902344 314.67401123046875
v 172.06700134277344 194.52000427246094 313.5050048828125
v 168.22000122070312 193.843994140625 309.5
v 168.1580047607422 194.68899536132812 309.5589904785156
v 169.11199951171875 193.94500732421875 309.9259948730469
v 167.91099548339844 194.30099487304688 308.9169921875
v 241.86900329589844 209.03799438476562 336.69500732421875
v 240.66700744628906 207.98199462890625 336.99700927734375
v 241.1909942626953 209.08399963378906 338.03900146484375
v 241.8159942626953 207.48300170898438 335.2070007324219
v 228.58399963378906 210.9759979248047 320.7699890136719
v 186.86399841308594 189.70899963378906 290.9360046386719
v 211.14700317382812 191.05799865722656 341.47698974609375
v 179.39300537109375 196.46499633789062 289.8139953613281
v 178.73500061035156 196.93800354003906 290.03900146484375
v 179.12600708007812 195.28700256347656 289.54901123046875
v 231.31100463867188 215.8159942626953 327.3110046386719
v 230.62600708007812 215.0330047607422 328.1839904785156
v 235.19500732421875 222.57000732421875 325.0150146484375
v 236.68800354003906 223.1219940185547 324.9169921875
v 236.093994140625 222.7530059814453 325.9830017089844
v 236.2550048828125 222.3249969482422 323.7349853515625
v 226.13699340820312 184.62100219726562 328.4150085449219
v 223.7270050048828 182.77499389648438 330.8890075683594
v 226.49200439453125 184.9040069580078 330.1099853515625
v 222.70700073242188 182.2010040283203 328.0780029296875
v 241.3249969482422 220.47799682617188 325.2749938964844
v 242.91400146484375 221.27099609375 326.0710144042969
v 241.89599609375 222.62899780273438 325.8590087890625
v 171.46499633789062 202.5570068359375 314.9169921875
v 171.68899536132812 203.6719970703125 315.3429870605469
v 171.63600158691406 202.55999755859375 316.5299987792969
v 171.53399658203125 203.45199584960938 313.19000244140625
v 265.97198486328125 214.78900146484375 344.53399658203125
v 264.79901123046875 215.00399780273438 344.34698486328125
v 239.0989990234375 228.74600219726562 331.3919982910156
v 240.0989990234375 235.90499877929688 338.968994140625
v 241.09100341796875 235.56100463867188 339.36199951171875
v 240.593994140625 236.0489959716797 340.0429992675781
v 240.56199645996094 234.8350067138672 338.3299865722656
v 231.9759979248047 190.3979949951172 320.927001953125
v 232.7220001220703 191.79600524902344 320.3489990234375
v 229.77699279785156 188.90699768066406 320.6910095214844
v 269.8479919433594 230.7899932861328 333.2650146484375
v 268.77899169921875 230.3699951171875 334.0050048828125
v 179.6439971923828 195.5760040283203 288.625
v 241.09300231933594 227.5970001220703 329.5039978027344
v 239.08900451660156 227.4429931640625 330.114013671875
v 242 226.8350067138672 327.9159851074219
v 196.0749969482422 189.95599365234375 308.20001220703125
v 196.44000244140625 189.99000549316406 310.3169860839844
v 197.9040069580078 189.01600646972656 309.2590026855469
v 234.11000061035156 220.25599670410156 322.0989990234375
v 234.08399963378906 219.5290069580078 322.02099609375
v 234.85699462890625 220.32200622558594 322.04901123046875
v 233.28900146484375 219.58900451660156 322.3580017089844
v 229.63099670410156 216.5469970703125 331.0369873046875
v 230.96200561523438 216.1719970703125 329.55999755859375
v 230.75900268554688 218.65499877929688 331.0400085449219
v 188.0330047607422 198.3679962158203 295.4490051269531
v 187.77000427246094 197.12899780273438 297.71099853515625
v 189.10400390625 199.55499267578125 298.50299072265625
v 187.03199768066406 196.61500549316406 294.13800048828125
v 203.86199951171875 170.76499938964844 326.0050048828125
v 202.89700317382812 170.80599975585938 326.0920104980469
v 203.13999938964844 172.48699951171875 327.8909912109375
v 202.55999755859375 169.8209991455078 325.5799865722656
v 196.4510040283203 204.42799377441406 297.5450134277344
v 195.1199951171875 203.302001953125 296.77099609375
v 194.91000366210938 203.54200744628906 299.8450012207031
v 196.71299743652344 205.0989990234375 295.57501220703125
v 280.9530029296875 223.50999450683594 340.4590148925781
v 280.8240051269531 224.76499938964844 338.6719970703125
v 179.51800537109375 212.47999572753906 308.75
v 179.93600463867188 213.01499938964844 307.2980041503906
v 181.0019989013672 212.75 308.97900390625
v 178.47000122070312 212.51499938964844 307.2030029296875
v 221.9239959716797 186.63499450683594 343.87701416015625
v 221.18499755859375 185.71200561523438 343.6419982910156
v 220.68800354003906 186.52200317382812 343.93701171875
v 221.97500610351562 185.5989990234375 343.11700439453125
v 219.9499969482422 198.781005859375 339.9750061035156
v 220.08999633789062 200.14199829101562 339.3699951171875
v 222.01699829101562 199.81900024414062 339.2829895019531
v 218.86399841308594 199.53500366210938 339.739990234375
v 243.0240020751953 212.75399780273438 341.6400146484375
v 242.5229949951172 213.7729949951172 341.97900390625
v 244.11599731445312 214.13299560546875 342.1860046386719
v 242.1199951171875 212.27999877929688 341.697998046875
v 213.5959930419922 198.56100463867188 331
v 214.24600219726562 197.53700256347656 331.760986328125
v 172.14500427246094 202.44500732421875 308.5159912109375
v 171.35000610351562 200.59500122070312 308.1730041503906
v 224.52499389648438 202.49099731445312 319.2449951171875
v 225.4739990234375 202.48699951171875 318.2130126953125
v 224.38299560546875 201.64100646972656 318.3840026855469
v 188.24899291992188 211.32400512695312 317.9339904785156
v 221.50999450683594 189.25599670410156 318
v 224.03399658203125 187.63900756835938 318.7690124511719
v 237.62600708007812 200.49000549316406 335.7929992675781
v 238.45899963378906 201.89700317382812 335.6340026855469
v 238.7550048828125 200.89199829101562 335.01300048828125
v 236.51400756835938 200.93600463867188 336
v 186.46499633789062 196.7100067138672 290.7330017089844
v 265.5610046386719 235.97799682617188 340.17999267578125
v 266.3919982910156 235.7050018310547 340
v 266.2019958496094 236.40899658203125 340.7900085449219
v 245.57699584960938 228.9199981689453 330
v 246.30499267578125 227.7220001220703 329.9840087890625
v 244.6300048828125 228.1009979248047 329.95098876953125
v 180.62100219726562 198.26800537109375 288.4219970703125
v 235.2899932861328 230.54400634765625 341.8330078125
v 234.17100524902344 230.20199584960938 340.5660095214844
v 234.906005859375 231.28799438476562 341.0610046386719
v 234.6739959716797 229.343994140625 341.14599609375
v 233.156005859375 212.86900329589844 338.2980041503906
v 235.0970001220703 210.46400451660156 337.89599609375
v 232.00599670410156 210.85800170898438 337.65301513671875
v 235.31700134277344 212.58999633789062 339.0409851074219
v 241.55999755859375 209.6219940185547 322.88299560546875
v 242.51199340820312 211.06500244140625 324.38800048828125
v 241.19500732421875 211.09300231933594 322.6400146484375
v 242.38999938964844 209.58099365234375 325.0379943847656
v 186.3769989013672 197.2010040283203 288.6990051269531
v 229.23599243164062 206.1909942626953 318
v 231.03599548339844 206.16099548339844 318.21600341796875
v 227.97000122070312 205.81900024414062 318.0530090332031
v 213.9499969482422 195.7760009765625 328
v 213.1009979248047 192.72000122070312 327.2969970703125
v 211.9980010986328 193.80799865722656 327.9599914550781
v 239.5489959716797 236.52499389648438 342.0559997558594
v 190.64999389648438 203.31399536132812 306.62200927734375
v 190.51400756835938 204.5 308.83099365234375
v 192.3520050048828 204.90499877929688 307.9909973144531
v 188.95599365234375 203.15699768066406 308.2640075683594
v 200.1929931640625 193.18899536132812 332.0989990234375
v 197.73800659179688 192.8769989013672 331.3659973144531
v 198.9010009765625 194.07400512695312 331.6719970703125
v 197.23399353027344 190.86199951171875 331.54998779296875
v 214.72500610351562 199.42599487304688 328.0249938964844
v 215.75999450683594 199.0489959716797 328
v 215.4770050048828 200.1179962158203 328.0530090332031
v 214.27699279785156 198.50999450683594 328
v 243.76600646972656 214.48800659179688 337.593994140625
v 243.5590057373047 212.48699951171875 339.00799560546875
v 244.4010009765625 213.26800537109375 339.6289978027344
v 186.77200317382812 197.70599365234375 289.3039855957031
v 187.3520050048828 198.42100524902344 289.302001953125
v 218.6490020751953 198.26800537109375 339.79400634765625
v 217.93299865722656 198.72300720214844 338.87799072265625
v 264.3689880371094 235.8459930419922 340.2149963378906
v 263.90899658203125 236.28399658203125 340.9800109863281
v 263.49200439453125 234.6179962158203 339.7699890136719
v 267.3299865722656 224.968994140625 346
v 204.38699340820312 169.66000366210938 324.3699951171875
v 203.74200439453125 169.81199645996094 325.4590148925781
v 205.3520050048828 170.343994140625 325.1449890136719
v 203.1580047607422 169.4499969482422 324.0950012207031
v 236.0760040283203 216.93899536132812 322
v 238.08599853515625 216.61300659179688 322
v 237.9080047607422 218.447998046875 322
v 236.70700073242188 214.11700439453125 321.9859924316406
v 235.38099670410156 201.9929962158203 335.97198486328125
v 230.63099670410156 199.23199462890625 337.0039978027344
v 232.5030059814453 202.33599853515625 336.49700927734375
v 218.59800720214844 197.8489990234375 328.0530090332031
v 218.83399963378906 197.01199340820312 328.3810119628906
v 219.72500610351562 197.65499877929688 328.8559875488281
v 229.9810028076172 209.45599365234375 328.3689880371094
v 229.55799865722656 208.1510009765625 328.093994140625
v 230.63499450683594 208.6529998779297 327.67401123046875
v 227.78500366210938 208.177001953125 329.32598876953125
v 219.52099609375 180.46800231933594 323.14898681640625
v 187.8979949951172 198.96200561523438 288.7349853515625
v 217.33700561523438 192.96499633789062 332.62799072265625
v 218.16799926757812 192.52200317382812 332.7820129394531
v 217.96400451660156 193.1820068359375 333.5979919433594
v 217.9010009765625 192.26100158691406 331.54400634765625
v 270.85400390625 236.3520050048828 340.56201171875
v 271.8420104980469 236.33399963378906 340.6050109863281
v 271.2179870605469 236.33399963378906 341.48199462890625
v 271.2879943847656 235.4929962158203 339.8210144042969
v 187.552001953125 206.75999450683594 316.50299072265625
v 188.7169952392578 207.98500061035156 317.66400146484375
v 189.6510009765625 207.56500244140625 316.5719909667969
v 236.61399841308594 218.17999267578125 339.9259948730469
v 234.18899536132812 216.40699768066406 339.58099365234375
v 234.16900634765625 219.45599365234375 338.7929992675781
v 236.29100036621094 214.99000549316406 339.96099853515625
v 237.48800659179688 236.34300231933594 343.14599609375
v 189.83599853515625 199.9239959716797 289.41400146484375
v 168.09300231933594 195.60299682617188 309.5769958496094
v 168.08299255371094 196.41299438476562 309.60198974609375
v 169 195.13099670410156 309.95001220703125
v 263.77099609375 231.65199279785156 342.75299072265625
v 262.3290100097656 232.97999572753906 342.0369873046875
v 268.0090026855469 236.5989990234375 341
v 268.04901123046875 236.33399963378906 341.65399169921875
v 173.73500061035156 208.0489959716797 315.2969970703125
v 173.4080047607422 207.3090057373047 316.531005859375
v 265.07000732421875 214.7209930419922 338.25799560546875
v 266.44500732421875 214.39700317382812 338.3110046386719
v 264.3399963378906 214.54299926757812 338.8290100097656
v 181.52000427246094 200.13800048828125 288.3219909667969
v 223.57200622558594 202.1479949951172 328.010986328125
v 225.0590057373047 202.1479949951172 328
v 224.96200561523438 203.43800354003906 328.0480041503906
v 223.7729949951172 200.22799682617188 328.1390075683594
v 222.447998046875 199.24600219726562 328.427001953125
v 222.3040008544922 198.2989959716797 329.6300048828125
v 269.9429931640625 233.58700561523438 342.01800537109375
v 268.9110107421875 234.68099975585938 342
v 269.9360046386719 235.41600036621094 341.95098876953125
v 268.4599914550781 233.25399780273438 342.0320129394531
v 227.67799377441406 197.18800354003906 326.4570007324219
v 227.00100708007812 196.49400329589844 325.218994140625
v 227.68899536132812 197.68499755859375 325.2850036621094
v 227.21400451660156 196.60400390625 327.0350036621094
v 171.83200073242188 197.21800231933594 308
v 171.51699829101562 195.64599609375 308
v 173.677001953125 196.32000732421875 308
v 170.03500366210938 196.30099487304688 308.0090026855469
v 279.8450012207031 221.4459991455078 341.2049865722656
v 278.3299865722656 220.37899780273438 343.1679992675781
v 279.5570068359375 221.88099670410156 343.489990234375
v 229.47000122070312 212.18699645996094 320.6759948730469
v 229.9759979248047 212.97300720214844 321.50201416015625
v 229.17100524902344 212.2779998779297 321.6579895019531
v 206.57000732421875 191.06399536132812 336.9389953613281
v 207.95799255371094 191.47500610351562 338.0299987792969
v 207.89500427246094 189.51199340820312 338.71099853515625
v 207.2169952392578 192.9040069580078 337.0979919433594
v 175.33200073242188 185.3459930419922 307.40899658203125
v 176.21600341796875 184.7209930419922 306.11700439453125
v 175.00599670410156 186.1179962158203 306.2229919433594
v 176.66700744628906 183.9949951171875 307.95098876953125
v 175.79800415039062 189.38699340820312 314.52301025390625
v 176.7989959716797 187.68800354003906 314.37799072265625
v 180.5240020751953 193.32000732421875 298.656005859375
v 180.82000732421875 193.53799438476562 301.3489990234375
v 245.85400390625 216.77099609375 334.7439880371094
v 246.5330047607422 217.80099487304688 335.6709899902344
v 247.76699829101562 215.32000732421875 333.3919982910156
v 170.96099853515625 205.75599670410156 310.3500061035156
v 171.44900512695312 207.0399932861328 311.4429931640625
v 280.98199462890625 229.0659942626953 347.5889892578125
v 280.8240051269531 229.56700134277344 346.7900085449219
v 281.89300537109375 229.33900451660156 346.6600036621094
v 279.9630126953125 228.75900268554688 347.5889892578125
v 189.81700134277344 200.34800720214844 287.84698486328125
v 190.51400756835938 200.43800354003906 288.54901123046875
v 246.1060028076172 214.77200317382812 331.34100341796875
v 247.3459930419922 214.89199829101562 332.27801513671875
v 211.2220001220703 196.06300354003906 339.7170104980469
v 210.4320068359375 195.73800659179688 338.7640075683594
v 174.0279998779297 206.58799743652344 317.4739990234375
v 175.60000610351562 207.41299438476562 317.97900390625
v 237.6790008544922 199.44200134277344 335.3760070800781
v 256.9779968261719 215.74899291992188 341.0249938964844
v 256.01800537109375 216.06900024414062 341.14801025390625
v 256.74798583984375 215.9340057373047 342.56201171875
v 256.47900390625 216.15699768066406 339.8789978027344
v 181.70700073242188 208.6540069580078 294.1050109863281
v 181.4530029296875 209.19700622558594 292.9419860839844
v 182.02000427246094 210.125 294.3349914550781
v 181.26100158691406 208.2550048828125 292.82501220703125
v 181.99600219726562 201.16700744628906 288.635986328125
v 240.8520050048828 229.13499450683594 330.75201416015625
v 203.0229949951172 175.74899291992188 334.114013671875
v 202.5659942626953 174.55999755859375 332.68701171875
v 201.01499938964844 176.17999267578125 332.8210144042969
v 204.17100524902344 174.89700317382812 333.8810119628906
v 182.66099548339844 201.28700256347656 287.9939880371094
v 183.12899780273438 201.08399963378906 287.6549987792969
v 183.9600067138672 201.47799682617188 287.6730041503906
v 184.90499877929688 201.5760040283203 287.4530029296875
v 245.58399963378906 212.4929962158203 333.39599609375
v 240.88699340820312 234.86000061035156 344.0039978027344
v 240.16200256347656 234.08700561523438 344.04998779296875
v 219.4250030517578 188.4290008544922 344
v 218.72500610351562 189.21099853515625 344
v 219.5780029296875 189.96499633789062 343.9750061035156
v 218.83200073242188 187.56700134277344 344
v 263.6579895019531 231.8179931640625 336.07000732421875
v 262.7720031738281 233.52699279785156 338.56298828125
v 213.24400329589844 198.19500732421875 328
v 213.81900024414062 197.27000427246094 328
v 212.56399536132812 196.468994140625 328
v 204.17599487304688 191.1280059814453 335.42498779296875
v 203.5050048828125 189.0279998779297 335.7850036621094
v 201.74200439453125 190.447998046875 334.27801513671875
v 205.3070068359375 189.7100067138672 336.302001953125
v 273.0010070800781 225.822998046875 346.78900146484375
v 190.56300354003906 200.9949951171875 287.6789855957031
v 267.1969909667969 213.6060028076172 339.42498779296875
v 190.89300537109375 200.53599548339844 289.8320007324219
v 191.3419952392578 201.05799865722656 288.60400390625
v 182.92599487304688 202.25900268554688 288.28900146484375
v 182.23599243164062 202.45899963378906 289.02899169921875
v 183.25999450683594 201.73300170898438 287.9670104980469
v 226.43699645996094 213.4669952392578 333.6029968261719
v 260.75 234.0760040283203 341.6759948730469
v 225.1929931640625 200.531005859375 318
v 225.15499877929688 198.08599853515625 318
v 226.81100463867188 200.26199340820312 318
v 223.9810028076172 199.4530029296875 318
v 179.5 198.23199462890625 289.9219970703125
v 178.4340057373047 197.78900146484375 290.0989990234375
v 182.0229949951172 208.25799560546875 318
v 180.4510040283203 207.13499450683594 318
v 180.61599731445312 208.80799865722656 317.98699951171875
v 182.197998046875 205.65899658203125 317.9159851074219
v 205.96400451660156 194.08099365234375 335.9339904785156
v 237.38499450683594 231.29100036621094 343.843994140625
v 236.6540069580078 232.7220001220703 343.63299560546875
v 237.99000549316406 232.8820037841797 343.9679870605469
v 236.1959991455078 231.1580047607422 343.0450134277344
v 244.71600341796875 226.8300018310547 329.2019958496094
v 245.1929931640625 224.552001953125 327.3370056152344
v 245.88400268554688 233.44400024414062 338.7340087890625
v 248.10800170898438 232.98899841308594 336.7239990234375
v 248.08700561523438 233.5399932861328 339.22100830078125
v 245.86700439453125 232.83900451660156 336.0610046386719
v 233.7760009765625 225.9499969482422 339.9809875488281
v 232.77999877929688 226.26300048828125 339.6369934082031
v 233.81900024414062 227.14599609375 340.1610107421875
v 272.8789978027344 220.0240020751953 349.3919982910156
v 271.81201171875 219.7689971923828 348.3689880371094
v 272.4360046386719 220.8990020751953 348.89599609375
v 272.822998046875 219.0229949951172 349.1759948730469
v 191.36099243164062 201.73399353027344 287.6610107421875
v 192.14199829101562 201.26699829101562 289.4880065917969
v 192.22799682617188 201.7989959716797 288.4070129394531
v 192.7689971923828 201.5760040283203 289.41400146484375
v 193.1750030517578 202.01499938964844 288.9739990234375
v 259.6400146484375 233.4340057373047 340.9960021972656
v 259.21600341796875 232.63800048828125 339.04998779296875
v 280.34600830078125 222.60400390625 342.04901123046875
v 245.55299377441406 229.9759979248047 330.0260009765625
v 246.5919952392578 230.7270050048828 330.5710144042969
v 278.9440002441406 233.3769989013672 335.39300537109375
v 278.864990234375 231.51100158691406 334.0740051269531
v 222.46099853515625 197.97900390625 323.59100341796875
v 221.2969970703125 197.99899291992188 322.0679931640625
v 222.21499633789062 199.15899658203125 322.5480041503906
v 220.81900024414062 197.01499938964844 323.0639953613281
v 183.92300415039062 202.49400329589844 288.0090026855469
v 246.23800659179688 215.51600646972656 340.010986328125
v 247.61099243164062 216.72799682617188 340.3169860839844
v 189.67999267578125 206.40699768066406 312.91400146484375
v 188.90199279785156 206.73399353027344 314.71600341796875
v 190.35000610351562 207.3070068359375 314.7019958496094
v 187.88800048828125 205.90899658203125 313.9429931640625
v 184.82000732421875 202.46800231933594 287.85400390625
v 203.2729949951172 195.39100646972656 328.2030029296875
v 204.4149932861328 196.656005859375 330.135986328125
v 201.07899475097656 194.73800659179688 328.9540100097656
v 173.4429931640625 204.1790008544922 317.97900390625
v 174.1439971923828 204.9250030517578 318
v 173.875 203.4149932861328 318
v 201.8249969482422 170.28700256347656 325.4809875488281
v 200.71499633789062 171.04200744628906 325.2860107421875
v 201.66400146484375 171.70599365234375 326.5769958496094
v 219.24000549316406 192.78799438476562 329.76800537109375
v 218.25100708007812 193.0959930419922 330.3500061035156
v 218.71200561523438 194.3260040283203 329.9209899902344
v 219.0189971923828 192.26499938964844 330.25299072265625
v 186.9550018310547 213.9239959716797 300.9049987792969
v 188.57699584960938 214.76800537109375 300.8380126953125
v 188.38600158691406 215.15199279785156 303.1679992675781
v 187.19200134277344 214.0780029296875 298.92498779296875
v 232.9759979248047 190.9929962158203 335.2139892578125
v 232.4709930419922 192.39999389648438 335.8819885253906
v 233.42100524902344 192.74600219726562 335.19500732421875
v 231.4409942626953 191.1219940185547 335.9809875488281
v 273.62799072265625 216.57000732421875 345.1789855957031
v 272.42498779296875 216.08799743652344 346.3059997558594
v 273.5559997558594 216.63099670410156 346.9280090332031
v 272.68499755859375 215.968994140625 344.7070007324219
v 250.552001953125 232.9810028076172 336.18499755859375
v 192.92999267578125 202.61399841308594 288.1440124511719
v 197.21299743652344 195.4340057373047 322.9119873046875
v 227.52999877929688 217.04200744628906 336.0989990234375
v 228.55799865722656 217.5070037841797 336.02099609375
v 227.60000610351562 217.86000061035156 336.29400634765625
v 227.88299560546875 216.0709991455078 336.0559997558594
v 193.7429962158203 202.7100067138672 288.677001953125
v 193.8939971923828 202.29200744628906 289.68701171875
v 237.85299682617188 236.41099548339844 339.2279968261719
v 196.06100463867188 181.51800537109375 303.8389892578125
v 195.9250030517578 180.43800354003906 303.2539978027344
v 196.98899841308594 179.6580047607422 305.78399658203125
v 195.4429931640625 181.83299255371094 301.125
v 266.739990234375 230.8090057373047 343.6029968261719
v 269.5220031738281 231.5959930419922 342.97698974609375
v 183.11500549316406 203.42999267578125 288.6409912109375
v 172.60299682617188 206.08999633789062 316.24700927734375
v 174.77499389648438 206.2480010986328 308
v 175.81500244140625 204.87399291992188 308
v 176.6959991455078 206.64500427246094 307.99700927734375
v 173.8979949951172 204.74000549316406 308.0320129394531
v 183.91799926757812 203.36900329589844 288.1300048828125
v 190.9340057373047 200.99000549316406 296.32598876953125
v 189.5189971923828 199.9290008544922 296.2929992675781
v 191.468994140625 201.29200744628906 298.6789855957031
v 184.76199340820312 203.35699462890625 288.0010070800781
v 185.5919952392578 203.33200073242188 287.8819885253906
v 230.73300170898438 209.39300537109375 327.3240051269531
v 230.95799255371094 208.21299743652344 326.95098876953125
v 200.38900756835938 185.89500427246094 310.385009765625
v 202.24099731445312 183.927001953125 311.2900085449219
v 202.73399353027344 185.11399841308594 312.9859924316406
v 201.23199462890625 183.1840057373047 309.9020080566406
v 236.2899932861328 233.9759979248047 342.9389953613281
v 236.66600036621094 233.53799438476562 343.63299560546875
v 236.13600158691406 233.20899963378906 342.7139892578125
v 236.68299865722656 234.3470001220703 343.63299560546875
v 186.4080047607422 203.34800720214844 287.6310119628906
v 187.1790008544922 203.5030059814453 287.375
v 201.89599609375 169.8419952392578 324.5459899902344
v 202.53500366210938 169.5050048828125 324.68798828125
v 261.6199951171875 231.4530029296875 343.0369873046875
v 261.1189880371094 229.3350067138672 345.04400634765625
v 259.8240051269531 231.3800048828125 343.30499267578125
v 263.2869873046875 229.89500427246094 344.6300048828125
v 194.2519989013672 177.35899353027344 300.10198974609375
v 193.85800170898438 176.3159942626953 300.8089904785156
v 193.66099548339844 203.41299438476562 288.13800048828125
v 235.48300170898438 221.5030059814453 322.9259948730469
v 194.44400024414062 202.90699768066406 289.4580078125
v 194.36599731445312 203.4029998779297 288.71600341796875
v 194.86599731445312 203.40199279785156 289.47698974609375
v 183.1300048828125 204.46200561523438 289.1650085449219
v 184.0399932861328 204.5679931640625 288.4209899902344
v 268.031005859375 230.44500732421875 334.8070068359375
v 269.2200012207031 231.88499450683594 335.3580017089844
v 268.27099609375 229.1580047607422 333.4289855957031
v 184.71299743652344 204.11300659179688 288.05999755859375
v 185.5260009765625 204.16700744628906 287.99798583984375
v 186.37399291992188 204.16200256347656 287.9460144042969
v 187.1649932861328 204.17599487304688 287.8280029296875
v 239.11500549316406 212.3699951171875 322
v 238.48500061035156 210.54200744628906 321.7449951171875
v 245.4219970703125 210.5019989013672 332.6570129394531
v 244.53500366210938 208.81300354003906 333.74200439453125
v 245.28900146484375 208.80799865722656 331.87200927734375
v 187.91000366210938 204.218994140625 287.5509948730469
v 278.572998046875 233.81500244140625 342.1960144042969
v 279.69500732421875 234.16600036621094 341.9800109863281
v 278.7550048828125 231.9770050048828 343.1109924316406
v 192.81199645996094 204.6020050048828 287.4530029296875
v 267.11199951171875 236.39199829101562 340.7349853515625
v 266.4320068359375 236.33399963378906 341.65399169921875
v 193.64599609375 204.2969970703125 287.85699462890625
v 194.50599670410156 204.21299743652344 288.3739929199219
v 194.96600341796875 203.91799926757812 289.10198974609375
v 262.55999755859375 213.79200744628906 341.0260009765625
v 193.45199584960938 210.6009979248047 316.3070068359375
v 193.87899780273438 210.7239990234375 315.60400390625
v 193.06900024414062 210.73599243164062 316.8320007324219
v 185.3260040283203 205.12600708007812 288.0660095214844
v 261.5740051269531 222.88900756835938 345.8710021972656
v 264.05999755859375 224.16900634765625 346
v 265.0840148925781 222.22900390625 346
v 262.0199890136719 226.09100341796875 345.9460144042969
v 271.1130065917969 232.5970001220703 342.35198974609375
v 271.29998779296875 233.77099609375 342.02801513671875
v 232.51699829101562 221.2899932861328 330.4930114746094
v 230.38499450683594 218.8780059814453 332.7449951171875
v 186.33599853515625 204.97799682617188 288
v 187.18600463867188 204.9770050048828 287.98199462890625
v 187.97799682617188 204.968994140625 287.8909912109375
v 188.78599548339844 204.93899536132812 287.64599609375
v 189.68800354003906 205.11399841308594 287.58599853515625
v 190.5 205.14700317382812 287.5740051269531
v 191.31399536132812 205.1280059814453 287.56201171875
v 192.11399841308594 205.02200317382812 287.49200439453125
v 227.81300354003906 219.7899932861328 337.6570129394531
v 227.9250030517578 220.44700622558594 337.5660095214844
v 227.58900451660156 220.15499877929688 337.1300048828125
v 178.71600341796875 179.66600036621094 299.6839904785156
v 180.31700134277344 178.57899475097656 300.135986328125
v 178.2790069580078 179.6649932861328 297.4739990234375
v 230.22300720214844 214.89999389648438 323.8219909667969
v 230.6929931640625 213.97799682617188 322.0169982910156
v 229.20399475097656 213.23699951171875 323.0039978027344
v 281.8370056152344 228.88900756835938 347.5429992675781
v 196.26300048828125 212.39700317382812 306.0060119628906
v 195.83399963378906 212.35400390625 308.1549987792969
v 195.64500427246094 213.23300170898438 306.7149963378906
v 196.3719940185547 211.47500610351562 307.2359924316406
v 178.5749969482422 211.88800048828125 309.50201416015625
v 177.52499389648438 200.66200256347656 317.9909973144531
v 175.68899536132812 201.25 318
v 193.61500549316406 205.20399475097656 287.614013671875
v 194.43800354003906 205.0540008544922 288.0010070800781
v 179.51699829101562 176.802001953125 290.17498779296875
v 178.6840057373047 177.4429931640625 290.2149963378906
v 179.6840057373047 177.23199462890625 291.07000732421875
v 178.52499389648438 176.91400146484375 289.6130065917969
v 180.41600036621094 176.55599975585938 290.5199890136719
v 180.21499633789062 175.96299743652344 290.0249938964844
v 233.50599670410156 228.74600219726562 340.1239929199219
v 234.07400512695312 228.31199645996094 340.34600830078125
v 226.4770050048828 185.21299743652344 321.5329895019531
v 224.9239959716797 183.61000061035156 321.0679931640625
v 226.3070068359375 183.9739990234375 322.385009765625
v 184.7429962158203 206.05299377441406 288.4530029296875
v 183.44700622558594 205.61700439453125 289.2850036621094
v 282.0400085449219 226.23899841308594 346.73699951171875
v 186.0489959716797 206.74000549316406 288.06500244140625
v 176.13299560546875 195.83099365234375 307.9989929199219
v 174.06700134277344 194.36700439453125 307.99700927734375
v 176.1909942626953 193.98599243164062 307.989990234375
v 186.38099670410156 205.83999633789062 288.0060119628906
v 173.98199462890625 199.72300720214844 318
v 187.21200561523438 205.8769989013672 288
v 188.0189971923828 205.83099365234375 287.99200439453125
v 188.8000030517578 205.781005859375 287.95001220703125
v 189.61399841308594 205.8000030517578 287.9070129394531
v 190.4320068359375 205.8260040283203 287.8970031738281
v 191.24200439453125 205.8260040283203 287.8909912109375
v 192.06199645996094 205.78599548339844 287.83599853515625
v 236.0570068359375 228.58399963378906 342.6679992675781
v 217.51199340820312 200.93600463867188 328
v 218.66600036621094 201.63600158691406 328.01300048828125
v 217.66200256347656 201.97999572753906 328.239990234375
v 218.99400329589844 200.80099487304688 328
v 197.7779998779297 206.67300415039062 295.114013671875
v 197.5189971923828 205.8090057373047 296.64300537109375
v 198.0030059814453 207.0240020751953 297.1029968261719
v 192.95199584960938 205.63800048828125 287.62799072265625
v 268.8580017089844 236.33399963378906 341.65399169921875
v 268.1570129394531 235.73500061035156 341.9410095214844
v 263.1520080566406 215.4980010986328 338.885986328125
v 264.6940002441406 213.61900329589844 339.739990234375
v 191.31399536132812 174.98599243164062 310.4549865722656
v 178.16900634765625 190.84800720214844 293.12799072265625
v 193.65699768066406 205.77999877929688 287.52899169921875
v 184.2270050048828 205.74099731445312 317.3269958496094
v 228.78900146484375 210.79800415039062 322.2650146484375
v 229.17100524902344 209.3800048828125 323.1780090332031
v 229.1820068359375 219.4250030517578 336
v 230.4429931640625 219.6739959716797 336.0320129394531
v 229.1959991455078 220.32200622558594 336.04901123046875
v 173.64100646972656 187.6009979248047 309.3139953613281
v 172.54600524902344 188.19000244140625 308.3900146484375
v 194.35400390625 205.93099975585938 287.7860107421875
v 195.21800231933594 205.82699584960938 288.14300537109375
v 186.33200073242188 210.697998046875 317.9750061035156
v 185.57200622558594 209.8300018310547 318
v 185.57699584960938 210.63299560546875 317.9540100097656
v 186.9199981689453 210.36900329589844 318
v 245.29200744628906 230.20899963378906 345.9739990234375
v 243.8000030517578 230.45399475097656 345.322998046875
v 244.19500732421875 231.406005859375 345.8479919433594
v 243.1510009765625 228.177001953125 344.90301513671875
v 196.27699279785156 205.66400146484375 289.17401123046875
v 266.6839904785156 213.49000549316406 342.56298828125
v 265.5780029296875 213.48899841308594 342.885009765625
v 266.72698974609375 214.02999877929688 343.68701171875
v 184.29400634765625 209.6529998779297 289.64801025390625
v 183.21299743652344 208.58299255371094 289.95098876953125
v 184.2949981689453 208.36500549316406 289.59698486328125
v 183.20199584960938 209.76400756835938 289.97100830078125
v 241.52999877929688 218.60899353027344 324.68499755859375
v 240.68600463867188 219.73699951171875 324.1929931640625
v 223.8179931640625 193.75799560546875 327.3429870605469
v 223.8470001220703 193.6840057373047 328.7409973144531
v 181.43499755859375 201.56399536132812 289.52899169921875
v 192.6009979248047 208.0279998779297 313.92498779296875
v 192.0959930419922 208.26600646972656 315.739013671875
v 193.52099609375 208.3509979248047 312.9989929199219
v 230.42300415039062 204.73699951171875 325.4079895019531
v 230.6999969482422 205.33099365234375 326.8699951171875
v 230.47500610351562 204.3040008544922 326.4939880371094
v 230.78700256347656 205.81100463867188 326.0350036621094
v 187.21200561523438 206.9770050048828 288.00201416015625
v 186.01199340820312 214.05299377441406 302.8999938964844
v 184.84300231933594 212.1219940185547 300.6759948730469
v 183.82699584960938 212.83099365234375 303.135009765625
v 188.83299255371094 206.54100036621094 287.99700927734375
v 189.61399841308594 206.5959930419922 287.9930114746094
v 190.42300415039062 206.5989990234375 287.989013671875
v 191.23199462890625 206.60000610351562 287.989013671875
v 192.04200744628906 206.59500122070312 287.9800109863281
v 192.86399841308594 206.55499267578125 287.90899658203125
v 280.87200927734375 224.24000549316406 345.9639892578125
v 280.7829895019531 224.25100708007812 347.4490051269531
v 281.6180114746094 225.16700744628906 346.7699890136719
v 280.37298583984375 223.36300659179688 346.86700439453125
v 242.66900634765625 211.84800720214844 340.8269958496094
v 193.77099609375 206.4759979248047 287.7820129394531
v 172.75799560546875 209.1580047607422 308.4779968261719
v 228.031005859375 197.85299682617188 326.85400390625
v 227.5970001220703 198.51400756835938 324.25201416015625
v 229.41600036621094 216.6580047607422 338
v 229.23599243164062 217.91600036621094 338
v 230.4219970703125 217.86199951171875 338
v 228.38299560546875 216.88299560546875 338
v 194.60899353027344 206.7550048828125 287.9309997558594
v 195.23399353027344 206.62899780273438 288.0710144042969
v 195.9080047607422 206.53700256347656 288.45098876953125
v 196.44700622558594 206.3419952392578 289.06201171875
v 181.21499633789062 201.2790069580078 295.6709899902344
v 181.98199462890625 202.875 296.4020080566406
v 181.80599975585938 201.85699462890625 298.77398681640625
v 180.84800720214844 202.58399963378906 294.385009765625
v 221.56300354003906 184.98699951171875 342.3689880371094
v 220.65899658203125 185.13499450683594 342.947998046875
v 185.4199981689453 207.37100219726562 288.43798828125
v 184.23699951171875 207.04100036621094 289.27801513671875
v 185.1320037841797 208.17300415039062 288.89801025390625
v 232.7779998779297 225.58999633789062 338.7279968261719
v 272.8999938964844 219.93800354003906 336
v 275.1369934082031 221.99400329589844 335.8299865722656
v 273.6520080566406 222.9709930419922 334.802001953125
v 274.1289978027344 219.531005859375 336.04998779296875
v 230.23899841308594 217.08099365234375 333.9440002441406
v 231.79600524902344 219.91099548339844 333.9079895019531
v 228.59500122070312 215.94700622558594 333.0830078125
v 273.4119873046875 217.15899658203125 348.0530090332031
v 272.04901123046875 217.36399841308594 347.947998046875
v 272.75 217.86099243164062 348.260009765625
v 272.406005859375 216.4759979248047 347.4670104980469
v 254.39700317382812 232.23399353027344 336.4530029296875
v 267.375 235.5500030517578 341.95098876953125
v 266.9259948730469 234.40199279785156 342
v 266.4320068359375 235.68499755859375 341.95098876953125
v 268.04901123046875 234.89700317382812 342
v 280.57598876953125 227.60499572753906 347.97900390625
v 281.3059997558594 228.35699462890625 347.8800048828125
v 281.9849853515625 227.4550018310547 347.260009765625
v 280.23699951171875 228.35800170898438 347.93499755859375
v 223.43499755859375 186.697998046875 338.9949951171875
v 223.0540008544922 185.84300231933594 340.75
v 223.0959930419922 186.59300231933594 341.87701416015625
v 222.9510040283203 185.20899963378906 338.7749938964844
v 229.55099487304688 214.63699340820312 338
v 196.0850067138672 195.61399841308594 326.9649963378906
v 195.35400390625 195.3679962158203 328.1929931640625
v 217.072998046875 200.88600158691406 336.7239990234375
v 217.08599853515625 199.46200561523438 336.6440124511719
v 217.9929962158203 201.61500549316406 334.73699951171875
v 225 211.4320068359375 330.3370056152344
v 225.78199768066406 211.18299865722656 330.3599853515625
v 189.54800415039062 207.44900512695312 288
v 194.16000366210938 207.2030029296875 309.67498779296875
v 192.88699340820312 206.59800720214844 310.3349914550781
v 193.7790069580078 207.7010040283203 311.17401123046875
v 193.5449981689453 206.14100646972656 308.7879943847656
v 190.4239959716797 207.44900512695312 288
v 191.23199462890625 207.4040069580078 288
v 192.04100036621094 207.4040069580078 288
v 192.8509979248047 207.4010009765625 287.9930114746094
v 193.66900634765625 207.38299560546875 287.96099853515625
v 194.49200439453125 207.40499877929688 287.9729919433594
v 195.25399780273438 207.41799926757812 288.0950012207031
v 195.91400146484375 207.33299255371094 288.42498779296875
v 196.48500061035156 207.13699340820312 289.00799560546875
v 185.78599548339844 208.3159942626953 288.3429870605469
v 190.29299926757812 187.60899353027344 329.9530029296875
v 189.0050048828125 186.71499633789062 329.6929931640625
v 188.99899291992188 188.24899291992188 329.3389892578125
v 189.43499755859375 185.38099670410156 329.5400085449219
v 242.55499267578125 215.06700134277344 325.2950134277344
v 242.74899291992188 213.36000061035156 326.12200927734375
v 243.156005859375 214.96600341796875 328.0369873046875
v 186.3939971923828 208.1219940185547 288.0929870605469
v 180.25 191.36099243164062 302.1369934082031
v 179.531005859375 192.03700256347656 303.85101318359375
v 178.90699768066406 190.11500549316406 303.4630126953125
v 187.13600158691406 207.968994140625 288.0090026855469
v 193.66200256347656 175.91799926757812 302.5660095214844
v 194.63699340820312 177.04400634765625 301.77801513671875
v 192.94000244140625 175.4340057373047 300.97198486328125
v 181.7310028076172 213.8699951171875 305.28399658203125
v 183.23599243164062 214.16700744628906 305.5509948730469
v 180.98500061035156 213.6699981689453 306.27099609375
v 198.21800231933594 211.5229949951172 297.7690124511719
v 197.57000732421875 212.70799255371094 298.2550048828125
v 198.3489990234375 212.51699829101562 296.9830017089844
v 197.5800018310547 211.2010040283203 299.3919982910156
v 278.3609924316406 222.8820037841797 336.1600036621094
v 276.9880065917969 221.91400146484375 336
v 209.7270050048828 190.84500122070312 325.7879943847656
v 211.82400512695312 189.47900390625 325.6629943847656
v 190.4239959716797 208.52699279785156 288
v 191.27699279785156 208.34800720214844 288
v 192.08599853515625 208.25799560546875 288
v 192.85000610351562 208.21299743652344 288
v 193.65899658203125 208.21200561523438 287.99798583984375
v 194.46499633789062 208.21200561523438 288.0069885253906
v 195.23599243164062 208.2050018310547 288.10198974609375
v 195.91299438476562 208.13900756835938 288.42498779296875
v 196.48699951171875 207.9429931640625 289
v 186.53900146484375 199.14100646972656 309.4469909667969
v 188.3040008544922 201.49200439453125 307.4219970703125
v 185.73800659179688 209.05499267578125 288.4230041503906
v 185.1060028076172 209.22000122070312 289.02301025390625
v 186.46400451660156 209.02999877929688 288.10400390625
v 187.55799865722656 209.07899475097656 288.0090026855469
v 244.4759979248047 216.10899353027344 343.55999755859375
v 231.25999450683594 220.0590057373047 337.9519958496094
v 231.92799377441406 221.07200622558594 337.6860046386719
v 230.8780059814453 220.98800659179688 337.43798828125
v 227.53500366210938 216.29299926757812 337.9410095214844
v 226.9969940185547 215.76300048828125 337.6470031738281
v 227.06500244140625 216.552001953125 337.72698974609375
v 228.0330047607422 215.6009979248047 337.9519958496094
v 243.3699951171875 210.78900146484375 327.67498779296875
v 239.38400268554688 233.32899475097656 344.0220031738281
v 238.94000244140625 234.08799743652344 344
v 223.4720001220703 204.92999267578125 336.9020080566406
v 224.36900329589844 206.927001953125 336.5400085449219
v 225.59500122070312 204.01499938964844 337.97100830078125
v 222.3280029296875 206.33599853515625 335.0559997558594
v 173.5780029296875 201.07000732421875 318
v 172.20399475097656 201.15699768066406 317.6000061035156
v 191.32200622558594 209.4929962158203 288
v 217.4250030517578 178.30099487304688 336.364990234375
v 235.4600067138672 220.93499755859375 322.2669982910156
v 236.7469940185547 221.0590057373047 322.4079895019531
v 234.66700744628906 220.99600219726562 322.3580017089844
v 192.44400024414062 209.40499877929688 288
v 192.9040069580078 208.96800231933594 288
v 193.69200134277344 209.05799865722656 288.0039978027344
v 194.4929962158203 209.0570068359375 288.0159912109375
v 195.22799682617188 209.01199340820312 288.1059875488281
v 195.90899658203125 208.94500732421875 288.4259948730469
v 196.48500061035156 208.74899291992188 289.00201416015625
v 185.74400329589844 209.906005859375 288.42498779296875
v 185.1580047607422 210.04200744628906 288.97601318359375
v 186.42300415039062 209.83900451660156 288.10400390625
v 187.32899475097656 209.9199981689453 288.010986328125
v 226.89700317382812 215.5659942626953 336.7120056152344
v 227.3520050048828 214.72300720214844 336.3290100097656
v 188.49200439453125 210.2790069580078 288
v 233.2169952392578 188.35800170898438 329.2080078125
v 232.49899291992188 187.24899291992188 330.885986328125
v 232.1790008544922 186.98399353027344 329.1449890136719
v 198.78599548339844 179.01699829101562 308.0190124511719
v 197.677001953125 177.33900451660156 308.48199462890625
v 200.04100036621094 178.76499938964844 309.322998046875
v 196.32200622558594 177.63600158691406 306.65399169921875
v 225.2989959716797 198.03900146484375 322.9620056152344
v 226.49000549316406 199.62399291992188 322.4460144042969
v 224.95199584960938 199.33700561523438 322.2359924316406
v 188.7530059814453 209.69500732421875 288
v 175.5019989013672 209.11599731445312 308.00799560546875
v 176.74000549316406 210.16099548339844 308.031005859375
v 175.25599670410156 210.1060028076172 308.1629943847656
v 177.10000610351562 208.6649932861328 307.9739990234375
v 205.0260009765625 175.74899291992188 335.0270080566406
v 203.90499877929688 176.906005859375 335.5480041503906
v 190.4239959716797 209.69500732421875 288
v 190.4199981689453 209.02699279785156 317.9540100097656
v 189.69900512695312 208.3040008544922 317.7409973144531
v 189.61099243164062 209.01699829101562 317.97900390625
v 190.89100646972656 208.41400146484375 317.51800537109375
v 169.47300720214844 191.35499572753906 308.8609924316406
v 169.8280029296875 191.49400329589844 308.2619934082031
v 169.52999877929688 192.39300537109375 308.29901123046875
v 169.92100524902344 190.58900451660156 308.0559997558594
v 192.4429931640625 210.5679931640625 288.00201416015625
v 169.5760040283203 191.5469970703125 309.552001953125
v 168.88299560546875 192.1750030517578 308.9620056152344
v 170.24000549316406 190.64199829101562 309.2900085449219
v 271.3659973144531 216.06500244140625 346.6199951171875
v 167.8209991455078 195.3249969482422 308.9909973144531
v 167.83099365234375 196.1820068359375 309.0360107421875
v 168.04800415039062 196.09300231933594 308.42498779296875
v 195.23199462890625 209.75799560546875 288.1340026855469
v 195.87100219726562 209.7519989013672 288.44000244140625
v 196.4510040283203 209.593994140625 289.0119934082031
v 185.71299743652344 210.68800354003906 288.46099853515625
v 184.88299560546875 210.77200317382812 289.218994140625
v 186.42300415039062 210.6479949951172 288.10400390625
v 187.23899841308594 210.72900390625 288.010986328125
v 188.40199279785156 211.15899658203125 288
v 181.9810028076172 211.875 291.9230041503906
v 182.41299438476562 212.11500549316406 290.97198486328125
v 182.5780029296875 212.4969940185547 292.3949890136719
v 181.56100463867188 211.25799560546875 290.8580017089844
v 169.37399291992188 192.92799377441406 309.8949890136719
v 170.27099609375 193.2740020751953 310.3349914550781
v 168.66900634765625 193.19000244140625 309.6520080566406
v 183.0590057373047 212.1999969482422 290.3909912109375
v 183.21600341796875 212.7550048828125 291.1319885253906
v 182.3419952392578 211.4459991455078 290.2439880371094
v 189.57000732421875 210.593994140625 288
v 234.22900390625 190.4709930419922 327.6510009765625
v 234.5749969482422 191.70899963378906 329.97601318359375
v 190.4239959716797 210.63900756835938 288
v 191.27699279785156 210.5709991455078 288
v 213.4409942626953 194.74000549316406 341.67498779296875
v 212.23800659179688 195.10499572753906 341.1789855957031
v 213.25799560546875 195.65899658203125 340.6570129394531
v 211.7989959716797 193.51800537109375 341.7919921875
v 238.80799865722656 220.14199829101562 322.3269958496094
v 238.47500610351562 219.4510040283203 322.0559997558594
v 239.6999969482422 219.19500732421875 322.3699951171875
v 237.66099548339844 220.2480010986328 322.0840148925781
v 197.60899353027344 210.67999267578125 292.53399658203125
v 197.32000732421875 210.95899963378906 291.260009765625
v 197.75399780273438 210.2790069580078 291.3089904785156
v 196.72999572753906 211.43600463867188 292.0539855957031
v 198.27999877929688 195.16900634765625 325.4440002441406
v 197.3780059814453 195.64700317382812 324.5790100097656
v 199.7169952392578 194.49400329589844 325.6809997558594
v 244.375 233.11000061035156 338.1239929199219
v 186.83299255371094 185.36500549316406 325.1369934082031
v 171.56100463867188 203.41000366210938 311.0360107421875
v 171.51499938964844 204.17799377441406 311.4750061035156
v 171.48399353027344 202.38600158691406 312.8630065917969
v 188.72900390625 184.9770050048828 328.0409851074219
v 188.89300537109375 183.49099731445312 325.7070007324219
v 195.62899780273438 210.52699279785156 288.49200439453125
v 213.3990020751953 188.9669952392578 324.7829895019531
v 213.9029998779297 189.75900268554688 324.70599365234375
v 196.26600646972656 210.35699462890625 288.9830017089844
v 185.68600463867188 211.54800415039062 288.4440002441406
v 185.01800537109375 211.93800354003906 288.92999267578125
v 186.42100524902344 211.45799255371094 288.1029968261719
v 187.08700561523438 211.39300537109375 288.01300048828125
v 187.95199584960938 211.9250030517578 288.0090026855469
v 282.0690002441406 228.43699645996094 337.7969970703125
v 281.9519958496094 229.03199768066406 336.8059997558594
v 180.55799865722656 176.7899932861328 292.3940124511719
v 189.52499389648438 211.35699462890625 288
v 192.7969970703125 175.35899353027344 304.3210144042969
v 191.197998046875 174.7169952392578 304.9360046386719
v 193.072998046875 175.23599243164062 306.0880126953125
v 192.28199768066406 174.94500732421875 302.79400634765625
v 190.4239959716797 211.44700622558594 288
v 191.23199462890625 211.44700622558594 288
v 192.0850067138672 211.4239959716797 288
v 191.7830047607422 174.82699584960938 313.0769958496094
v 192.88499450683594 211.5659942626953 288.010986328125
v 247.2949981689453 219.80299377441406 344
v 249.0019989013672 219.2949981689453 343.96600341796875
v 237.8209991455078 202.23699951171875 321.8550109863281
v 237.96400451660156 199.89100646972656 322.2720031738281
v 239.2449951171875 201.92100524902344 322.5140075683594
v 235.90699768066406 198.56500244140625 321.13299560546875
v 208.51100158691406 193.4199981689453 338.10198974609375
v 209.54600524902344 193.40199279785156 339.3789978027344
v 209.52999877929688 192.04600524902344 339.7560119628906
v 209.11000061035156 194.53799438476562 338.1669921875
v 247.16200256347656 223.1750030517578 330.25299072265625
v 251.58099365234375 224.89199829101562 334.84100341796875
v 181.2209930419922 184.9250030517578 318.26300048828125
v 182.67999267578125 185.2010040283203 320.4169921875
v 181.0760040283203 183.49200439453125 315.70599365234375
v 210.23899841308594 197.23800659179688 334.33599853515625
v 209.46499633789062 197.70599365234375 335.3190002441406
v 195.94700622558594 211.3070068359375 289.34100341796875
v 202.71299743652344 189.20399475097656 317.1860046386719
v 185.65699768066406 212.48500061035156 288.31201171875
v 221.11099243164062 205.3300018310547 331.29998779296875
v 221.23199462890625 204.5469970703125 330.5570068359375
v 186.39599609375 212.27699279785156 288.10400390625
v 187.1840057373047 212.20799255371094 288.0220031738281
v 171.51100158691406 188.94500732421875 308.5069885253906
v 177.593994140625 207.9429931640625 318
v 176.90699768066406 208.38499450683594 317.9590148925781
v 178.14500427246094 209.21600341796875 317.802001953125
v 234.04400634765625 214.26100158691406 339.2860107421875
v 177.10400390625 209.58999633789062 317.12701416015625
v 175.63800048828125 208.39999389648438 317.7690124511719
v 171.8560028076172 188.5590057373047 307.45001220703125
v 189.56199645996094 212.20700073242188 288.010986328125
v 188.85000610351562 212.25100708007812 288.01300048828125
v 190.4149932861328 212.25100708007812 288.010986328125
v 191.2239990234375 212.25100708007812 288.010986328125
v 192.02999877929688 212.2480010986328 288.0119934082031
v 192.7169952392578 212.18099975585938 288.0159912109375
v 193.48500061035156 212.47000122070312 288.14898681640625
v 208.197998046875 198.27999877929688 329.2040100097656
v 208.0070037841797 198.16799926757812 328.4330139160156
v 208.76499938964844 198.3159942626953 328.3429870605469
v 206.9669952392578 197.79200744628906 329.1300048828125
v 213.9429931640625 178.9080047607422 320.135009765625
v 195.18800354003906 212.00399780273438 289.0299987792969
v 229.1820068359375 215.3820037841797 338
v 184.9340057373047 213.08999633789062 288.635009765625
v 184.40699768066406 212.3939971923828 289.4549865722656
v 239.07899475097656 236.4929962158203 339.4939880371094
v 185.6750030517578 213.20399475097656 288.25299072265625
v 186.3300018310547 213.0590057373047 288.1659851074219
v 187.11700439453125 213.02099609375 288.12298583984375
v 187.9219970703125 212.97300720214844 288.1130065917969
v 220.86500549316406 197.4029998779297 318.2049865722656
v 219.98800659179688 196.0279998779297 318.06298828125
v 221.58200073242188 196.3000030517578 318
v 219.4600067138672 196.73800659179688 318.7640075683594
v 188.72799682617188 212.9739990234375 288.1090087890625
v 189.53599548339844 213.02099609375 288.1090087890625
v 190.3489990234375 213.05099487304688 288.14801025390625
v 191.15899658203125 213.05099487304688 288.14898681640625
v 191.96600341796875 213.01800537109375 288.1159973144531
v 192.77000427246094 212.947998046875 288.1310119628906
v 173.58399963378906 198.5070037841797 308
v 174.63800048828125 200.64300537109375 308.0039978027344
v 173.031005859375 199.74600219726562 308.00299072265625
v 176.13400268554688 198.218994140625 308
v 180.48500061035156 203.93699645996094 307.6159973144531
v 177.78599548339844 203.9340057373047 307.9800109863281
v 194.1219940185547 213.0469970703125 288.77398681640625
v 187.08200073242188 193.63900756835938 313.56500244140625
v 186.5570068359375 196.01400756835938 311.09100341796875
v 189.5260009765625 191.7989959716797 314.7040100097656
v 194.79200744628906 212.66000366210938 289.1889953613281
v 265.0610046386719 236.57000732421875 341.0140075683594
v 184.69200134277344 213.7100067138672 288.6310119628906
v 185.31900024414062 213.66600036621094 288.5509948730469
v 186.11300659179688 213.66400146484375 288.54400634765625
v 186.9199981689453 213.656005859375 288.5429992675781
v 187.72900390625 213.65499877929688 288.5320129394531
v 188.5229949951172 213.6540069580078 288.4880065917969
v 189.30999755859375 213.67300415039062 288.4800109863281
v 190.05999755859375 213.65199279785156 288.4530029296875
v 190.98500061035156 213.87899780273438 288.8370056152344
v 191.8090057373047 213.65199279785156 288.4809875488281
v 192.57899475097656 213.65899658203125 288.56500244140625
v 193.3769989013672 213.46200561523438 288.5870056152344
v 193.79800415039062 213.71800231933594 289.60699462890625
v 194.5240020751953 213.24099731445312 290.052001953125
v 231.80299377441406 189.23500061035156 322
v 229.81399536132812 187.6479949951172 321.90899658203125
v 231.51100158691406 188.49899291992188 323.28399658203125
v 209.66099548339844 183.41299438476562 340.49700927734375
v 209.4459991455078 185.64300537109375 340.9219970703125
v 208.19900512695312 184.28399658203125 339.68701171875
v 184.90899658203125 213.88299560546875 289.0140075683594
v 185.65499877929688 213.94900512695312 289.5270080566406
v 186.60800170898438 214.03799438476562 289.54400634765625
v 187.45599365234375 214.06199645996094 289.5220031738281
v 188.27200317382812 214.07400512695312 289.43798828125
v 188.96099853515625 214.05799865722656 289.1709899902344
v 189.89700317382812 214.20199584960938 289.56201171875
v 175.9010009765625 209.4949951171875 316.4649963378906
v 252.41400146484375 231.45599365234375 344.2229919433594
v 254.24600219726562 230.00799560546875 344.9620056152344
v 236.31300354003906 195.38800048828125 323.3219909667969
v 277.4309997558594 231.21099853515625 344.0360107421875
v 276.9679870605469 232.8979949951172 342.6109924316406
v 275.3710021972656 232.1060028076172 342.9880065917969
v 230.74899291992188 186.03599548339844 333.6650085449219
v 230.7050018310547 185.6230010986328 332.6499938964844
v 192.12600708007812 214.1510009765625 289.4519958496094
v 193.02999877929688 214.02099609375 289.5849914550781
v 224.07400512695312 200.33900451660156 322.1080017089844
v 193.07699584960938 215.93099975585938 303.3450012207031
v 194.41799926757812 215.6219940185547 302.8609924316406
v 193.54800415039062 215.5570068359375 304.52301025390625
v 193.468994140625 215.61099243164062 301.2900085449219
v 182.35499572753906 173.10499572753906 289.5010070800781
v 183.16200256347656 172.9340057373047 289.552001953125
v 183.8090057373047 172.88600158691406 289.3869934082031
v 180.79400634765625 173.9149932861328 289.50799560546875
v 181.68099975585938 173.60499572753906 289.63299560546875
v 182.50599670410156 173.677001953125 289.8819885253906
v 183.156005859375 173.53700256347656 289.8760070800781
v 183.87600708007812 173.43499755859375 289.7619934082031
v 184.37100219726562 173.302001953125 289.40899658203125
v 180.22799682617188 174.56199645996094 289.4909973144531
v 180.91099548339844 174.50799560546875 289.8580017089844
v 181.53700256347656 174.31199645996094 289.9079895019531
v 182.30799865722656 174.27000427246094 290.0010070800781
v 183.10400390625 174.2760009765625 290.0679931640625
v 183.88099670410156 174.17999267578125 289.94000244140625
v 184.4709930419922 173.9510040283203 289.5769958496094
v 179.87899780273438 175.36199951171875 289.6050109863281
v 180.6739959716797 175.1529998779297 289.9429931640625
v 181.45599365234375 175.04200744628906 290.0950012207031
v 182.09300231933594 174.8730010986328 290.1260070800781
v 182.77099609375 175.0590057373047 290.53900146484375
v 183.74600219726562 174.9810028076172 290.3970031738281
v 184.47500610351562 174.7030029296875 289.7040100097656
v 179.29100036621094 176.13900756835938 289.6260070800781
v 223.5659942626953 194.1540069580078 332.2590026855469
v 223.25399780273438 193.68899536132812 331.5539855957031
v 234.69900512695312 206.41600036621094 319.9320068359375
v 232.67300415039062 207.32899475097656 318.8330078125
v 181.11000061035156 175.87899780273438 290.4460144042969
v 182 175.5399932861328 290.64898681640625
v 182.50399780273438 175.76699829101562 292.0679931640625
v 183.20599365234375 175.406005859375 291.4389953613281
v 183.927001953125 175.4010009765625 291.58099365234375
v 184.49899291992188 175.38999938964844 290.1830139160156
v 184.82699584960938 175.82400512695312 291.0899963378906
v 214.63900756835938 195.4320068359375 340.75299072265625
v 213.8979949951172 195.69200134277344 339.6090087890625
v 214.9669952392578 176.45199584960938 323.864013671875
v 239.0800018310547 231.78700256347656 344.0190124511719
v 237.78700256347656 229.4709930419922 343.85198974609375
v 250.15699768066406 218.44200134277344 343.6369934082031
v 279.5610046386719 222.22799682617188 346.1650085449219
v 278.3330078125 221.23599243164062 346.0249938964844
v 278.6669921875 221.99000549316406 347.63299560546875
v 207.072998046875 197.0760040283203 331.7149963378906
v 208.3419952392578 197.72000122070312 330.7749938964844
v 208.05599975585938 197.28700256347656 332.9049987792969
v 207.35499572753906 197.7169952392578 330.1400146484375
v 180.75 176.57200622558594 291.2070007324219
v 181.48399353027344 176.1719970703125 291.5780029296875
v 233.97999572753906 218.67100524902344 322
v 235.16600036621094 219.0330047607422 322
v 186.48399353027344 189.33599853515625 322.1510009765625
v 239.73599243164062 234.88499450683594 344
v 240.53700256347656 235.77099609375 343.6400146484375
v 185.18699645996094 176.593994140625 290.2640075683594
v 177.8509979248047 177.6300048828125 289.5539855957031
v 171.34500122070312 193.572998046875 311.7449951171875
v 171.322998046875 195.8280029296875 312.6759948730469
v 194.77499389648438 193.58099365234375 330
v 193.60400390625 192.9040069580078 330
v 193.6750030517578 193.66700744628906 329.93701171875
v 193.96600341796875 191.6179962158203 330
v 219.0070037841797 197.29800415039062 339.9540100097656
v 254.30099487304688 228.4409942626953 335.98199462890625
v 255.88099670410156 231.22500610351562 336.0559997558594
v 255.02200317382812 231.21299743652344 336.04400634765625
v 255.1649932861328 228.69700622558594 336
v 212.48199462890625 197.2530059814453 331.9169921875
v 239.3459930419922 233.3070068359375 337.7879943847656
v 242.18099975585938 234.96299743652344 339.6860046386719
v 238.44000244140625 198.73800659179688 323.7250061035156
v 237.4290008544922 196.8459930419922 324.5159912109375
v 238.7050018310547 198.0919952392578 326.2300109863281
v 236.97799682617188 197.0850067138672 322.4880065917969
v 222.65499877929688 187.4040069580078 343.5419921875
v 221.57699584960938 187.91000366210938 343.9490051269531
v 222.59100341796875 186.07000732421875 342.9519958496094
v 175.5229949951172 202.90899658203125 308.00201416015625
v 177.26699829101562 200.75 308
v 250.53900146484375 217.95899963378906 342.677001953125
v 229.08700561523438 207.7830047607422 337.947998046875
v 227.9340057373047 209.79400634765625 337.97900390625
v 230.88699340820312 209 337.468994140625
v 226.88800048828125 209.16299438476562 337.9169921875
v 224.46200561523438 194.62100219726562 318
v 222.1840057373047 191.14300537109375 318
v 226.1820068359375 193.343994140625 318
v 221.18899536132812 192.927001953125 318
v 185.6929931640625 177.60299682617188 290.3949890136719
v 193.14300537109375 210.10899353027344 316.9469909667969
v 178.11399841308594 178.05299377441406 290.6499938964844
v 226.02999877929688 205.18099975585938 319.36700439453125
v 226.16900634765625 204.8979949951172 318.5060119628906
v 226.80099487304688 205.6490020751953 318.3999938964844
v 221.25799560546875 194.52099609375 334
v 222.01400756835938 194.1580047607422 333.92999267578125
v 221.91000366210938 195.54600524902344 333.7130126953125
v 180.36399841308594 180.37399291992188 307.3399963378906
v 178.16099548339844 182.5189971923828 308.093994140625
v 179.5850067138672 182.0709991455078 310.4490051269531
v 178.625 181.5290069580078 305.49700927734375
v 222.59100341796875 185.2010040283203 341.15399169921875
v 207.93099975585938 193.3560028076172 326.9580078125
v 207.24099731445312 196.18099975585938 327.89300537109375
v 230.0449981689453 220.32200622558594 337.95098876953125
v 217.36099243164062 193.5030059814453 323.8380126953125
v 218.37899780273438 194.62100219726562 325.64898681640625
v 215.3979949951172 192.64100646972656 325.5150146484375
v 243.97799682617188 234.21200561523438 339.8609924316406
v 210.31399536132812 197.2830047607422 332.6260070800781
v 185.67999267578125 178.5989990234375 289.7969970703125
v 282.5690002441406 230.6060028076172 343.7130126953125
v 282.2909851074219 231.54299926757812 342.9750061035156
v 282.9989929199219 230.82200622558594 343.03900146484375
v 281.86700439453125 231.15699768066406 343.6789855957031
v 233.19000244140625 195.1009979248047 335.4339904785156
v 231.44900512695312 194.5590057373047 336.0669860839844
v 186.50100708007812 178.89300537109375 290.82598876953125
v 183.7969970703125 205.7220001220703 296.6650085449219
v 184.11099243164062 207.55799865722656 296.5069885253906
v 183.91700744628906 207.90499877929688 318
v 177.11099243164062 178.80799865722656 290.3399963378906
v 262.7829895019531 227.59500122070312 335.9649963378906
v 265.63299560546875 229.33999633789062 335.4830017089844
v 262.31201171875 229.08200073242188 336
v 264.9849853515625 225.74000549316406 335.0530090332031
v 226.427001953125 205.63400268554688 320.93701171875
v 226.6790008544922 205.99400329589844 319.2439880371094
v 237.34800720214844 205.93299865722656 334.47601318359375
v 237.21299743652344 206.802001953125 335.3160095214844
v 239.23300170898438 206.41900634765625 334.989013671875
v 235.51800537109375 205.9530029296875 335.54400634765625
v 283.7359924316406 227.76100158691406 343.2279968261719
v 283.218994140625 226.86500549316406 342.13800048828125
v 250.98500061035156 218.14999389648438 339.96099853515625
v 252.47999572753906 219.14500427246094 337.8590087890625
v 250.1529998779297 219.0030059814453 338.0610046386719
v 252.66600036621094 217.968994140625 339.4620056152344
v 187.24899291992188 211.3780059814453 317.93499755859375
v 186.69400024414062 211.6230010986328 317.6579895019531
v 185.81100463867188 179.8040008544922 289.7659912109375
v 244.24099731445312 222.3470001220703 326.68701171875
v 245.6750030517578 222.32699584960938 328.68701171875
v 244.07699584960938 220.43899536132812 327.1419982910156
v 183.36500549316406 209.18499755859375 299.65899658203125
v 182.29100036621094 208.84500122070312 302.25201416015625
v 183.3699951171875 207.34500122070312 298.36199951171875
v 221.95899963378906 192.8699951171875 329.7959899902344
v 221.24200439453125 192.58099365234375 330.84698486328125
v 221.3820037841797 192.7209930419922 329.1990051269531
v 221.77499389648438 192.79400634765625 331.0950012207031
v 239.57899475097656 224.5399932861328 343.5570068359375
v 237.05799865722656 224.1179962158203 342.33099365234375
v 182.4040069580078 186.77000427246094 321.1990051269531
v 181.18899536132812 186.22900390625 319.5589904785156
v 181.4720001220703 187.99099731445312 320.5010070800781
v 183.17799377441406 208.3350067138672 295.94000244140625
v 183.06700134277344 206.4600067138672 295.9110107421875
v 214.61900329589844 200.4250030517578 329.0220031738281
v 213.9929962158203 200.01199340820312 329.6369934082031
v 275.52398681640625 221.2480010986328 349.9519958496094
v 275.2550048828125 222.27200317382812 349.6310119628906
v 276.8210144042969 222.05599975585938 349.1709899902344
v 274.1520080566406 221.22799682617188 349.9700012207031
v 229.5709991455078 201.52999877929688 325.39599609375
v 229.32699584960938 201.91200256347656 324.34698486328125
v 275.83099365234375 218.1320037841797 345.4530029296875
v 232.6580047607422 227.08299255371094 339.6470031738281
v 232.64999389648438 227.8990020751953 339.65399169921875
v 233.24200439453125 227.70399475097656 339.96600341796875
v 232.5850067138672 227.72300720214844 338.697998046875
v 192.5970001220703 209.67599487304688 317.49200439453125
v 191.61199951171875 209.72000122070312 317.91400146484375
v 191.89700317382812 209.0019989013672 317.61199951171875
v 219.2550048828125 178.8560028076172 335.677001953125
v 220.6699981689453 178.86000061035156 334.24700927734375
v 196.19200134277344 183.29100036621094 304.5069885253906
v 197.80299377441406 183.39199829101562 306.4800109863281
v 195.6739959716797 185.87399291992188 304.3080139160156
v 197.34500122070312 181.3560028076172 305.9339904785156
v 240.03199768066406 205.5780029296875 334.2869873046875
v 278.9849853515625 220.10899353027344 337.50299072265625
v 278.29998779296875 219.1719970703125 338.94500732421875
v 215.83200073242188 194.18499755859375 336.56298828125
v 214.3939971923828 193.61500549316406 335.6700134277344
v 215.3000030517578 193.96200561523438 334.7900085449219
v 214.6840057373047 194.27499389648438 337.5350036621094
v 231.9149932861328 187.01800537109375 332.9580078125
v 176.2760009765625 180.69000244140625 290.65899658203125
v 249.5590057373047 225.1320037841797 332.14599609375
v 225.18699645996094 210.71200561523438 330.0889892578125
v 225.42100524902344 209.34800720214844 330.0419921875
v 227.61900329589844 201.47500610351562 328
v 228.41799926757812 201.32000732421875 327.95001220703125
v 226.86500549316406 200.23500061035156 328
v 277.62799072265625 230.66600036621094 333.62701416015625
v 278.5610046386719 228.83200073242188 334
v 279.3380126953125 230.02499389648438 334.0260009765625
v 244.4980010986328 215.18699645996094 342.9849853515625
v 243.69400024414062 216.0290069580078 342.8630065917969
v 243.33399963378906 215.281005859375 342.28399658203125
v 176.48699951171875 181.8730010986328 291.3710021972656
v 226.8560028076172 197.3769989013672 324.18701171875
v 225.968994140625 197.19200134277344 323.7900085449219
v 225.8459930419922 195.86500549316406 324.531005859375
v 242.2310028076172 210.1300048828125 337.3429870605469
v 193.7790069580078 174.38800048828125 314.1780090332031
v 194.00999450683594 174.86700439453125 311.37200927734375
v 212.41299438476562 199.72300720214844 329.0570068359375
v 213.63299560546875 200.17799377441406 328.9169921875
v 213.16200256347656 199.63800048828125 329.7359924316406
v 212.927001953125 199.8280029296875 328.42401123046875
v 193.07699584960938 187.968994140625 330.5870056152344
v 194.4709930419922 190.0749969482422 330.5830078125
v 192.13299560546875 188.98899841308594 330.010986328125
v 175.0919952392578 208.7429962158203 314.26800537109375
v 175.91600036621094 209.6719970703125 315.1719970703125
v 244.7729949951172 207.62399291992188 332.4679870605469
v 244.7050018310547 206.21299743652344 330.9419860839844
v 244.18899536132812 206.3090057373047 332.8089904785156
v 245.19900512695312 207.7030029296875 330.7359924316406
v 201.43699645996094 184.8280029296875 335.43798828125
v 199.4929962158203 186.2760009765625 333.5220031738281
v 203.0540008544922 187.58399963378906 335.7669982910156
v 275.4960021972656 235.05799865722656 337.0539855957031
v 276.572998046875 235.072998046875 337.19500732421875
v 275.8139953613281 235.40699768066406 338.84698486328125
v 239.64199829101562 220.03799438476562 323.0169982910156
v 239.90699768066406 221.09800720214844 324.0249938964844
v 240.6300048828125 218.85000610351562 323.1789855957031
v 171.3800048828125 205.01400756835938 310.8179931640625
v 171.90699768066406 204.9340057373047 312.41400146484375
v 171.50399780273438 204.43600463867188 309.4129943847656
v 229.92599487304688 214.052001953125 327.8139953613281
v 229.81700134277344 214.76600646972656 329.9590148925781
v 229.7209930419922 212.7259979248047 330.00201416015625
v 272.5840148925781 215.38600158691406 338.2439880371094
v 242.4600067138672 204.90199279785156 333.92498779296875
v 239.70199584960938 204.1179962158203 334.6669921875
v 240.71099853515625 203.02999877929688 334.177001953125
v 189.9029998779297 181.65499877929688 323.9519958496094
v 191.8520050048828 182.06700134277344 327.9219970703125
v 191.59500122070312 179.91099548339844 324.947998046875
v 190.41200256347656 182.60499572753906 326.7919921875
v 186.8249969482422 180.72300720214844 290.91400146484375
v 271.3299865722656 220.718994140625 347.93701171875
v 270.47698974609375 218.87899780273438 347.43798828125
v 226.74200439453125 207.3000030517578 337.7550048828125
v 225.6490020751953 208.8800048828125 336.8320007324219
v 211.74600219726562 188.37600708007812 324.70098876953125
v 176.99400329589844 183.1699981689453 292.0559997558594
v 177.21600341796875 183.95399475097656 290.1419982910156
v 190.19500732421875 211.85400390625 316.9809875488281
v 190.65199279785156 212.17799377441406 316.14801025390625
v 190.98800659179688 211.82699584960938 316.95098876953125
v 189.98199462890625 212.24899291992188 316.0660095214844
v 234.58299255371094 216.1529998779297 321.9830017089844
v 234.92799377441406 213.87100219726562 321.48199462890625
v 233.51100158691406 214.5919952392578 321.4289855957031
v 185.34300231933594 175.5540008544922 302.7449951171875
v 183.28199768066406 176.49000549316406 301.8710021972656
v 183.81500244140625 177.2050018310547 304.468994140625
v 176.62600708007812 181.42999267578125 295.12799072265625
v 176.6750030517578 182.82400512695312 296.27301025390625
v 176.95700073242188 181.7449951171875 297.43499755859375
v 176.5279998779297 182.33900451660156 293.8190002441406
v 176.552001953125 191.7760009765625 317.6780090332031
v 175.86099243164062 192.95899963378906 317.3590087890625
v 177.60899353027344 192.86099243164062 317.9880065917969
v 175.8419952392578 191.22900390625 316.6419982910156
v 208.75 175.84100341796875 321.197998046875
v 272.0920104980469 235.1510009765625 341.9630126953125
v 271.10400390625 235.1909942626953 341.95098876953125
v 272.6159973144531 233.68099975585938 342.1050109863281
v 192.48300170898438 191.87399291992188 323.4460144042969
v 194.3179931640625 192.98199462890625 322.7720031738281
v 193.3520050048828 193.52000427246094 324.239990234375
v 192.50100708007812 191.1750030517578 321.79400634765625
v 196.26400756835938 204.8699951171875 299.7619934082031
v 195.35800170898438 204.427001953125 301.73699951171875
v 227.2989959716797 214.2790069580078 332.4010009765625
v 228.7259979248047 214.4770050048828 331.2510070800781
v 228.4290008544922 215.27699279785156 331.4930114746094
v 227.57200622558594 212.3509979248047 331.135009765625
v 281.3219909667969 229.9969940185547 345.4259948730469
v 280.0119934082031 230.19000244140625 345.5169982910156
v 182.6300048828125 176.74600219726562 296.0299987792969
v 182.697998046875 176.82699584960938 299.08599853515625
v 183.5709991455078 175.81300354003906 294.760986328125
v 215.4340057373047 196.13499450683594 327.98699951171875
v 192.427001953125 201.77499389648438 296.1940002441406
v 193.63499450683594 202.30999755859375 298.2590026855469
v 186.5800018310547 184.70799255371094 290.1449890136719
v 262.322998046875 218.43600463867188 345.57598876953125
v 261.8190002441406 216.95599365234375 344.8529968261719
v 261.18798828125 218.49000549316406 344.5320129394531
v 262.81298828125 217.03599548339844 345.6830139160156
v 230.70399475097656 207.2010040283203 327.614990234375
v 221.20899963378906 178.968994140625 332.27099609375
v 218.9759979248047 178.23800659179688 331.3370056152344
v 219.89500427246094 178.90699768066406 329.7969970703125
v 177.6060028076172 185.64199829101562 290.2760009765625
v 172.822998046875 205.63400268554688 317.07501220703125
v 192.9810028076172 181.1280059814453 297.32501220703125
v 193.68299865722656 179.7169952392578 298.12200927734375
v 194.41099548339844 181.51499938964844 298.8590087890625
v 279.9859924316406 231.177001953125 334.3739929199219
v 232.68800354003906 230.73800659179688 338.4330139160156
v 232.64999389648438 230.0399932861328 338.3580017089844
v 233.2949981689453 230.843994140625 338.0830078125
v 232.38999938964844 230.06199645996094 339.0270080566406
v 249.25100708007812 218.25799560546875 340.04998779296875
v 211.84500122070312 190.64300537109375 326.39300537109375
v 213.08799743652344 189.61300659179688 325.6780090332031
v 213.5019989013672 190.94700622558594 326.12799072265625
v 196.61000061035156 193.84800720214844 330.2460021972656
v 197.8990020751953 194.43600463867188 330.78900146484375
v 195.61900329589844 192.22900390625 330.4179992675781
v 281.4490051269531 224.89700317382812 345.0979919433594
v 221.37899780273438 206.64700317382812 333.4410095214844
v 221.1750030517578 206.27200317382812 332.32000732421875
v 221.63099670410156 207.3990020751953 332.7550048828125
v 220.72300720214844 205.5030059814453 332.79400634765625
v 219.73399353027344 196.96800231933594 330.2980041503906
v 219.11000061035156 196.1510009765625 328.8529968261719
v 266.6520080566406 222.57000732421875 334.2590026855469
v 268.2619934082031 222.2259979248047 334.15899658203125
v 267.7749938964844 223.5659942626953 333.5260009765625
v 229.77000427246094 212.2530059814453 319.5159912109375
v 221.14100646972656 192.322998046875 342.0369873046875
v 219.8800048828125 192.77499389648438 341.9830017089844
v 220.15699768066406 192.12100219726562 342.3699951171875
v 227.61900329589844 201.87899780273438 318
v 228.80499267578125 200.23500061035156 318
v 230.19900512695312 202.2830047607422 318
v 187.16099548339844 186.52000427246094 290.86700439453125
v 233.3090057373047 198.13299560546875 319.15399169921875
v 179.01400756835938 208.0330047607422 318
v 179.85800170898438 209.63900756835938 317.5799865722656
v 237.3419952392578 234.93699645996094 343.95098876953125
v 237.2570037841797 235.6750030517578 343.86700439453125
v 236.76600646972656 235.1439971923828 343.7149963378906
v 216.0290069580078 193.61300659179688 341.74798583984375
v 195.92300415039062 211.74099731445312 311.2030029296875
v 195.0240020751953 212.0019989013672 311.27899169921875
v 195.8520050048828 212.052001953125 310.20001220703125
v 195.53700256347656 211.0330047607422 311.56298828125
v 228.0290069580078 185.76800537109375 322.25
v 228.7760009765625 185.56700134277344 323.77801513671875
v 229.66299438476562 186.58999633789062 323.3070068359375
v 227.60699462890625 184.73599243164062 323.23699951171875
v 207.5989990234375 194.781005859375 336.6210021972656
v 276.0299987792969 234.23800659179688 342.0369873046875
v 274.9519958496094 233.24200439453125 342.2409973144531
v 233.01300048828125 206.61599731445312 336.68499755859375
v 235.1280059814453 207.6529998779297 336.1180114746094
v 233.09800720214844 204.4080047607422 336.35699462890625
v 228.41299438476562 220.3070068359375 336.12298583984375
v 229.0469970703125 220.92300415039062 336.3169860839844
v 228.26499938964844 220.79200744628906 336.8240051269531
v 179.9149932861328 202.58599853515625 292.9620056152344
v 179.72300720214844 203.31199645996094 292.5
v 180.3979949951172 203.6510009765625 293.38299560546875
v 179.1020050048828 202.5850067138672 292.18798828125
v 274.7489929199219 223.18299865722656 348.93499755859375
v 276.1369934082031 223.0229949951172 348.8160095214844
v 273.5799865722656 222.17599487304688 349.5480041503906
v 226.13699340820312 201.07000732421875 328
v 220.2899932861328 192.447998046875 331.13800048828125
v 233.24899291992188 230.0989990234375 338.0589904785156
v 233.73899841308594 229.5959930419922 338.0249938964844
v 234.43499755859375 231.0850067138672 338
v 232.6909942626953 228.9669952392578 338.343994140625
v 283.6260070800781 230.5800018310547 342.6109924316406
v 225.88099670410156 195.31700134277344 327.69000244140625
v 226.57899475097656 196 327.53399658203125
v 225.9409942626953 196.20199584960938 328.1679992675781
v 225.9290008544922 195.35299682617188 326.2250061035156
v 187.23899841308594 189.48199462890625 325.7959899902344
v 228.6300048828125 210.54100036621094 318.4830017089844
v 198.41900634765625 208.99200439453125 293.97100830078125
v 198.6179962158203 209.25799560546875 295.7239990234375
v 198.2989959716797 210.11500549316406 294.0369873046875
v 198.343994140625 207.8800048828125 295.0790100097656
v 248.427001953125 218.29100036621094 336.6610107421875
v 265.62298583984375 236.33399963378906 341.65399169921875
v 248.43800354003906 227.77699279785156 331.03399658203125
v 247.6909942626953 227.00399780273438 330.0589904785156
v 248.86099243164062 226.11199951171875 331.114013671875
v 195.86900329589844 214.07699584960938 304.29901123046875
v 194.8000030517578 215.093994140625 304.31201171875
v 171.4669952392578 200.06399536132812 315.3160095214844
v 171.5800018310547 200.6280059814453 316.53399658203125
v 171.71400451660156 198.8679962158203 315.10400390625
v 248.1840057373047 232.09100341796875 345.30499267578125
v 248.09100341796875 230.2469940185547 345.9729919433594
v 212.26800537109375 192.2270050048828 341.9700012207031
v 210.51499938964844 191.99200439453125 341.1960144042969
v 171.27000427246094 188.8419952392578 307.62799072265625
v 170.8000030517578 189.20199584960938 307.5220031738281
v 171.2899932861328 189.07200622558594 306.79901123046875
v 241.56900024414062 216.91799926757812 323.2239990234375
v 241.9929962158203 216.86199951171875 324.57598876953125
v 241.30299377441406 217.77200317382812 323.3550109863281
v 240.73699951171875 217.6060028076172 322.4599914550781
v 239.697998046875 235.08799743652344 338.0849914550781
v 195.9929962158203 204.26800537109375 290.5710144042969
v 195.85800170898438 204.17300415039062 291.65899658203125
v 196.6269989013672 205.0330047607422 291.00799560546875
v 195.5540008544922 203.656005859375 290.93701171875
v 281.49798583984375 234.8730010986328 338.2170104980469
v 280.760986328125 235.27200317382812 338.01300048828125
v 281.8290100097656 235.38600158691406 337.2250061035156
v 280.8760070800781 234.7169952392578 339.18701171875
v 206.06300354003906 196.0279998779297 333.7080078125
v 207.20799255371094 196.80299377441406 333.1099853515625
v 206.6929931640625 196.13999938964844 334.94000244140625
v 234.84100341796875 193.5229949951172 333.3039855957031
v 234.9980010986328 192.10699462890625 332.8890075683594
v 234.33700561523438 192.03700256347656 334.02398681640625
v 234.8769989013672 192.3209991455078 331.95098876953125
v 217.41700744628906 196.05099487304688 332.13800048828125
v 215.81100463867188 196.23199462890625 332.1990051269531
v 215.7429962158203 194.5240020751953 332.2619934082031
v 177.8350067138672 193.17799377441406 291.8330078125
v 178.80499267578125 193.71800231933594 293.0580139160156
v 177.62100219726562 193.68699645996094 291.0090026855469
v 171.72500610351562 198.53199768066406 308
v 210.77699279785156 191.73300170898438 327.3399963378906
v 276.1759948730469 224.7949981689453 348.0459899902344
v 275.0039978027344 225.46499633789062 347.75201416015625
v 275.99200439453125 226.6510009765625 347.9209899902344
v 275.56201171875 223.69700622558594 348.3420104980469
v 190.48399353027344 190.61300659179688 299.85699462890625
v 220.78700256347656 193.05099487304688 328.4859924316406
v 228.32000732421875 203.14599609375 318
v 244.19000244140625 205.4980010986328 329.57598876953125
v 245.73399353027344 231.84800720214844 345.7690124511719
v 246.63600158691406 230.8939971923828 345.9729919433594
v 178.28399658203125 189.4980010986328 289.6629943847656
v 220.83599853515625 194.91600036621094 318
v 219.4550018310547 194.8979949951172 318.0740051269531
v 258.614990234375 226.94500732421875 336
v 258.5820007324219 223.46600341796875 336
v 256.135986328125 224.4929962158203 336
v 217.13900756835938 193.71099853515625 331.3080139160156
v 216.31199645996094 193.8260040283203 332.5190124511719
v 216.6739959716797 194.73199462890625 331.7049865722656
v 185.53199768066406 211.32699584960938 317.6579895019531
v 185.5570068359375 212.02000427246094 316.3900146484375
v 186.3249969482422 212.072998046875 316.7460021972656
v 184.15499877929688 211.54100036621094 316.88299560546875
v 224.052001953125 182.31700134277344 333.5459899902344
v 222.43800354003906 180.1699981689453 331.9620056152344
v 222.92100524902344 180.3280029296875 333.6029968261719
v 191.21600341796875 209.02999877929688 317.906005859375
v 219.74600219726562 190.46600341796875 318.10101318359375
v 219.36900329589844 192.50799560546875 318.2590026855469
v 177.91600036621094 189.5780029296875 290.8210144042969
v 178.21600341796875 190.23300170898438 290.00799560546875
v 177.81300354003906 190.26300048828125 291.70599365234375
v 217.49200439453125 187.4669952392578 343.7879943847656
v 218.99400329589844 186.4010009765625 343.95098876953125
v 182.53500366210938 196.09500122070312 317.5260009765625
v 180.1280059814453 194.88900756835938 317.97698974609375
v 237.2519989013672 197.01300048828125 328.9639892578125
v 186.40699768066406 191.60499572753906 290.8890075683594
v 178.11099243164062 191.24200439453125 290.24200439453125
v 177.77999877929688 191.4409942626953 291.5989990234375
v 229.12899780273438 218.67100524902344 338
v 228.43800354003906 218.7530059814453 337.9540100097656
v 228.42799377441406 217.9250030517578 337.97900390625
v 173.55299377441406 209.2570037841797 311.4100036621094
v 174.07200622558594 210.156005859375 310.3489990234375
v 174.78199768066406 209.7830047607422 311.2019958496094
v 193.85699462890625 180.6300048828125 327.93798828125
v 193.3209991455078 178.03700256347656 324.8609924316406
v 177.78399658203125 192.49400329589844 290.8599853515625
v 200.88099670410156 194.82400512695312 330.57000732421875
v 200.11199951171875 194.4770050048828 331.5830078125
v 223.531005859375 197.89700317382812 329.8089904785156
v 223.73399353027344 196.9029998779297 330.33599853515625
v 279.5899963378906 222.7949981689453 347.656005859375
v 241.74400329589844 235.9199981689453 341.06298828125
v 210.7030029296875 182.78500366210938 341.02801513671875
v 211.75900268554688 181.5959930419922 340.6239929199219
v 210.75399780273438 195.4980010986328 328
v 209.27099609375 194.61300659179688 327.9700012207031
v 199.06700134277344 188.26499938964844 310.7070007324219
v 200.86399841308594 187.64199829101562 313.156005859375
v 197.5850067138672 189.54100036621094 311.6929931640625
v 281.29901123046875 234.57400512695312 340.5570068359375
v 226.71099853515625 209.67300415039062 330.1390075683594
v 239.86900329589844 199.5959930419922 326.4389953613281
v 239.10299682617188 198.63499450683594 329.10198974609375
v 189.02999877929688 214.33099365234375 290.5870056152344
v 193.64199829101562 209.8520050048828 316.15399169921875
v 281.9419860839844 226.51499938964844 339.2279968261719
v 281.5979919433594 227.3800048828125 338.1109924316406
v 178.91000366210938 210.98300170898438 311.98699951171875
v 221.25900268554688 194.97999572753906 326.0150146484375
v 220.89100646972656 195.61399841308594 325.22100830078125
v 221.87399291992188 195.14700317382812 325.0840148925781
v 220.4770050048828 195.3300018310547 326.4519958496094
v 186.03599548339844 213.4429931640625 309.7980041503906
v 187.3300018310547 212.1999969482422 312.1780090332031
v 226.9510040283203 216.64599609375 336.8380126953125
v 227.1820068359375 217.37399291992188 337.3009948730469
v 219.99600219726562 196.46400451660156 332.6319885253906
v 171.09300231933594 205.5500030517578 309.260986328125
v 178.31500244140625 196.5919952392578 292.0950012207031
v 178.98800659179688 195.49899291992188 292.8800048828125
v 177.72500610351562 196.41600036621094 291.5690002441406
v 245.21600341796875 215.69200134277344 330.5790100097656
v 246.8470001220703 217.46299743652344 331.47900390625
v 246.94200134277344 215.57899475097656 331.90399169921875
v 227.81900024414062 187.12600708007812 321.0790100097656
v 226.2010040283203 187.04400634765625 320.2900085449219
v 200.37399291992188 170.71800231933594 319.1390075683594
v 280.72601318359375 231.10000610351562 344.0150146484375
v 281.0899963378906 232.2209930419922 342.760986328125
v 281.98699951171875 230.2729949951172 344.385009765625
v 191.41900634765625 215.4530029296875 300.6929931640625
v 191.75100708007812 215.89100646972656 302.885009765625
v 192.8000030517578 215.29200744628906 298.8869934082031
v 237.68099975585938 223.0749969482422 325.2619934082031
v 237.43600463867188 222.41299438476562 323.9049987792969
v 251.30499267578125 220.18899536132812 343.95001220703125
v 251.58900451660156 218.01800537109375 343.239990234375
v 197.66299438476562 186.7100067138672 332.6080017089844
v 201.03700256347656 188.43699645996094 334.4670104980469
v 196.73899841308594 183.8979949951172 332.0369873046875
v 248.36199951171875 217.3509979248047 334.97100830078125
v 183.33700561523438 185.7169952392578 321.6679992675781
v 185.9409942626953 192.60499572753906 289.739990234375
v 185.9949951171875 193.5989990234375 291.12298583984375
v 232.15499877929688 217.20700073242188 325.3949890136719
v 232.21400451660156 217.26699829101562 328.3429870605469
v 222.30099487304688 199.46800231933594 318.4049987792969
v 221.89500427246094 198.54299926757812 318.07598876953125
v 222.8159942626953 199.25399780273438 318.0379943847656
v 221.17100524902344 198.44500732421875 318.50799560546875
v 178.01300048828125 193.38900756835938 290.2130126953125
v 177.60899353027344 194.50599670410156 290.9949951171875
v 223.2259979248047 207.66700744628906 334.80999755859375
v 178.28199768066406 185.1540069580078 313.2120056152344
v 179.16799926757812 186.1300048828125 316.4670104980469
v 228.7760009765625 199.76199340820312 326.8240051269531
v 272.2640075683594 215.66400146484375 336.65899658203125
v 273 215.8520050048828 337.5069885253906
v 193.281005859375 185.59300231933594 299.0199890136719
v 193.18499755859375 183.50100708007812 297.9159851074219
v 194.58799743652344 183.58599853515625 299.7309875488281
v 203.33999633789062 181.73199462890625 336.5580139160156
v 205.281005859375 185.54400634765625 337.61199951171875
v 271.6130065917969 215.13099670410156 337.13299560546875
v 271.20098876953125 215.6269989013672 336.2430114746094
v 204.48500061035156 195.1179962158203 333.92498779296875
v 205.20599365234375 196.4600067138672 332.16900634765625
v 230.95799255371094 206.5959930419922 326.95098876953125
v 230.95799255371094 207.4040069580078 326.95098876953125
v 190.0959930419922 189.6959991455078 329.6369934082031
v 190.05499267578125 190.54400634765625 328.70599365234375
v 190.95799255371094 190.90899658203125 329.6300048828125
v 189.0780029296875 189.71499633789062 328.4590148925781
v 192.4199981689453 214.95799255371094 307.7030029296875
v 192.06300354003906 214.31199645996094 308.84100341796875
v 190.23500061035156 215.0019989013672 307.8059997558594
v 193.80099487304688 214.02699279785156 308.5989990234375
v 179.78500366210938 186.61599731445312 318.1210021972656
v 177.8070068359375 188.33200073242188 316.864990234375
v 182.76699829101562 181.0229949951172 314.33599853515625
v 181.99400329589844 180.46299743652344 311.43701171875
v 277.12200927734375 222.8419952392578 348.3330078125
v 278.2300109863281 222.79400634765625 348.02801513671875
v 211.57200622558594 199.13600158691406 329.59698486328125
v 211.39999389648438 199.0919952392578 328.843994140625
v 210.73199462890625 198.55499267578125 329.7770080566406
v 194.63999938964844 192.1699981689453 321.35101318359375
v 248.63600158691406 233.93600463867188 342.86199951171875
v 249.47000122070312 233.3769989013672 341.03399658203125
v 249.55599975585938 233.22799682617188 343.093994140625
v 248.0189971923828 233.91299438476562 341.4540100097656
v 260.0450134277344 233.24200439453125 341.9330139160156
v 258.635986328125 232.26800537109375 342.3819885253906
v 191.70399475097656 174.57699584960938 300.927001953125
v 209.78700256347656 195.32200622558594 338.02301025390625
v 197.29400634765625 206.19700622558594 293.22601318359375
v 177.05999755859375 183.24600219726562 298.6440124511719
v 270.18798828125 231.7830047607422 334.44500732421875
v 199.65199279785156 173.96600341796875 315.02899169921875
v 201.656005859375 175.22799682617188 314.7510070800781
v 199.5279998779297 175.01800537109375 313.09600830078125
v 200.55499267578125 173.65899658203125 316.6960144042969
v 177.7949981689453 196.90199279785156 290.4230041503906
v 177.5189971923828 196.9770050048828 291
v 180.65699768066406 211.99400329589844 310.625
v 205.45899963378906 195.1269989013672 335.1419982910156
v 212.08999633789062 182.63299560546875 318.2560119628906
v 213.11000061035156 184.61000061035156 318.30499267578125
v 189.44000244140625 205.32899475097656 311.1449890136719
v 186.9499969482422 204.7519989013672 312.9779968261719
v 188.05999755859375 203.86000061035156 310.1820068359375
v 236.05999755859375 234.16099548339844 341.4330139160156
v 236.31399536132812 234.6929931640625 340.36700439453125
v 220.61099243164062 195.56199645996094 333.7200012207031
v 234.875 232.26699829101562 340.6419982910156
v 233.97300720214844 231.6269989013672 340.0369873046875
v 234.11099243164062 232.5030059814453 339.95599365234375
v 234.0989990234375 230.9429931640625 340.2650146484375
v 231.4669952392578 214.927001953125 338.15899658203125
v 232.3280029296875 214.1060028076172 338.3529968261719
v 232.3719940185547 228.4219970703125 339.10400390625
v 236.36500549316406 199.1649932861328 335.9440002441406
v 184.9250030517578 208.86000061035156 318
v 216.23800659179688 201.09100341796875 328.2200012207031
v 177.75100708007812 197.7100067138672 290.42498779296875
v 177.5189971923828 197.78599548339844 291
v 194.1540069580078 209.74000549316406 315.54998779296875
v 226.05999755859375 203.45599365234375 318.0830078125
v 226.77200317382812 203.05299377441406 318
v 226.7519989013672 204.0570068359375 318.0249938964844
v 277.32000732421875 220.0189971923828 345.5050048828125
v 276.9429931640625 219.60000610351562 346.343994140625
v 277.37200927734375 220.49600219726562 347.28399658203125
v 234.37600708007812 221.67799377441406 328.1619873046875
v 199.26100158691406 170.59100341796875 319.73699951171875
v 199.48500061035156 170.05599975585938 321.88299560546875
v 200.18099975585938 169.88600158691406 320.8909912109375
v 198.4550018310547 170.3520050048828 321.0379943847656
v 181.1219940185547 189.32699584960938 319.8420104980469
v 182.46400451660156 189.406005859375 321.0150146484375
v 179.63499450683594 188.072998046875 318.61700439453125
v 221.36199951171875 193.99400329589844 327.15899658203125
v 220.79600524902344 194.69000244140625 327.0379943847656
v 218.86000061035156 202.41099548339844 333.93798828125
v 218.00100708007812 202.2689971923828 336.3030090332031
v 274.4129943847656 234.23800659179688 342.0369873046875
v 275.40301513671875 235.3800048828125 341.9580078125
v 273.1199951171875 232.3260040283203 342.6419982910156
v 265.6130065917969 227.77099609375 345.5989990234375
v 187.35299682617188 197.9720001220703 292.00299072265625
v 177.75100708007812 198.5189971923828 290.42498779296875
v 177.5189971923828 198.593994140625 291
v 178.2469940185547 198.45599365234375 290.12200927734375
v 179.07000732421875 198.98899841308594 290.010009765625
v 231.73300170898438 186.66799926757812 330.9830017089844
v 229.32000732421875 185.46400451660156 329.49798583984375
v 229.1280059814453 185.37100219726562 326.5119934082031
v 220.88800048828125 180.96099853515625 324.9110107421875
v 220.30799865722656 181.21600341796875 321.4570007324219
v 230.31900024414062 212.10499572753906 327.88299560546875
v 223.427001953125 182.39500427246094 324.1289978027344
v 222.0260009765625 181.8419952392578 321.8580017089844
v 196.875 193.85899353027344 321.3919982910156
v 212.91600036621094 199.23500061035156 328.0849914550781
v 213.718994140625 199.50100708007812 328.1709899902344
v 210.57000732421875 173.2689971923828 326.3529968261719
v 210.0399932861328 173.48800659179688 324.8320007324219
v 235.28799438476562 230.5780029296875 337.9519958496094
v 267.1289978027344 235.42300415039062 339.7460021972656
v 267.8450012207031 236.2949981689453 340.3190002441406
v 268.0150146484375 235.30299377441406 339.6719970703125
v 209.33299255371094 190.9199981689453 339.802001953125
v 183.1199951171875 206.5030059814453 289.8009948730469
v 183.25399780273438 207.42100524902344 289.89801025390625
v 177.75100708007812 199.32699584960938 290.42498779296875
v 177.5189971923828 199.4029998779297 291
v 178.3459930419922 199.2729949951172 290.10400390625
v 214.88699340820312 180.5279998779297 339.4750061035156
v 214.32200622558594 182.35699462890625 341.2860107421875
v 216.4320068359375 181.80599975585938 340.9339904785156
v 213.1009979248047 180.5989990234375 339.9020080566406
v 181.32699584960938 197.53700256347656 305.8450012207031
v 181.36700439453125 199.22799682617188 303.1310119628906
v 214.7790069580078 184.66600036621094 342.02398681640625
v 216.43800354003906 183.7270050048828 342.02398681640625
v 189.07200622558594 186.95799255371094 293.3800048828125
v 277.3429870605469 225.38800048828125 334.84100341796875
v 277.3299865722656 223.9929962158203 335.718994140625
v 278.6709899902344 224.6280059814453 336.0769958496094
v 275.93798828125 224.75999450683594 334.70098876953125
v 179.9550018310547 199.2899932861328 289.9360046386719
v 180.54200744628906 199.03700256347656 289.5199890136719
v 188.1199951171875 198.86900329589844 290.4939880371094
v 189.0800018310547 199.48699951171875 290.7659912109375
v 188.5800018310547 199.218994140625 293.0559997558594
v 195.76400756835938 208.8489990234375 308.0169982910156
v 195.61700439453125 208.9669952392578 309.5889892578125
v 196.23800659179688 210.3800048828125 308.989990234375
v 268.07000732421875 214.0780029296875 338.5820007324219
v 273.6340026855469 231.05599975585938 343.8330078125
v 227.08799743652344 216.36300659179688 336.2869873046875
v 177.75100708007812 200.13600158691406 290.42498779296875
v 177.5189971923828 200.21099853515625 291
v 178.3459930419922 200.1269989013672 290.10400390625
v 179.10800170898438 200.08200073242188 290.010986328125
v 179.90699768066406 200.07200622558594 289.9830017089844
v 180.6510009765625 200.0449981689453 289.8269958496094
v 181.1060028076172 199.90199279785156 289.33099365234375
v 177.2740020751953 183.2570037841797 306.06298828125
v 196.6219940185547 211.61599731445312 305.010009765625
v 235.48699951171875 233.9250030517578 340.2349853515625
v 234.91299438476562 233.3459930419922 340.17401123046875
v 234.96499633789062 233.9290008544922 339.4020080566406
v 235.63600158691406 233.41900634765625 341.2669982910156
v 225.77999877929688 183.36599731445312 323.81500244140625
v 224.68499755859375 183.72999572753906 326.2170104980469
v 227.2259979248047 184.71299743652344 325.22900390625
v 234.1529998779297 233.2469940185547 339.26800537109375
v 194.42999267578125 214.02699279785156 294.0350036621094
v 196.23399353027344 213.6929931640625 294.75299072265625
v 195.55499267578125 214.50100708007812 295.6510009765625
v 213.60400390625 193.25399780273438 342
v 219.5279998779297 202.79299926757812 330.10101318359375
v 219.54800415039062 203.24600219726562 329.0400085449219
v 218.80299377441406 202.5970001220703 329.69500732421875
v 245.8780059814453 224.58799743652344 328.9100036621094
v 177.75100708007812 200.94400024414062 290.427001953125
v 177.52000427246094 201.01699829101562 291.0039978027344
v 178.3459930419922 200.93600463867188 290.10400390625
v 179.10800170898438 200.93600463867188 290.010986328125
v 179.90899658203125 200.92799377441406 289.989013671875
v 180.67599487304688 200.85899353027344 289.8869934082031
v 181.281005859375 200.6219940185547 289.4419860839844
v 227.48399353027344 206.51499938964844 318.3269958496094
v 196.8780059814453 212.59300231933594 301.6789855957031
v 252.76199340820312 217.29800415039062 342.468994140625
v 253.32200622558594 218.1479949951172 343.6159973144531
v 251.46299743652344 217.43699645996094 341.5660095214844
v 212.9499969482422 176.18499755859375 322.8500061035156
v 211.24000549316406 175.5279998779297 323.01800537109375
v 193.82899475097656 194.4759979248047 329.61700439453125
v 194.21099853515625 195.03700256347656 328.6000061035156
v 194.70899963378906 194.9969940185547 329.5570068359375
v 193.6179962158203 194.5030059814453 328.69000244140625
v 189.88400268554688 200.1230010986328 291.59698486328125
v 253.86399841308594 223.4980010986328 335.97100830078125
v 254.906005859375 221.3939971923828 336.0320129394531
v 186.93899536132812 201.81300354003906 309.6619873046875
v 185.5570068359375 200.50999450683594 311.41400146484375
v 177.7519989013672 201.73800659179688 290.4519958496094
v 177.55299377441406 201.8179931640625 291.05499267578125
v 178.3459930419922 201.7429962158203 290.1090087890625
v 179.10800170898438 201.74400329589844 290.010986328125
v 179.95599365234375 201.78500366210938 289.9909973144531
v 192.81700134277344 201.49600219726562 290.54901123046875
v 200.2729949951172 194.76499938964844 330.4150085449219
v 193.3719940185547 201.7830047607422 290.0150146484375
v 177.8000030517578 202.42599487304688 290.5660095214844
v 177.86399841308594 202.70899963378906 291.18499755859375
v 178.33999633789062 202.5330047607422 290.1619873046875
v 179.10699462890625 202.55099487304688 290.0169982910156
v 179.95700073242188 202.5970001220703 289.9960021972656
v 213.13800048828125 176.43699645996094 334.7239990234375
v 223.2310028076172 181.6479949951172 334.7969970703125
v 221.7689971923828 180.3520050048828 335.1780090332031
v 196.3679962158203 195.58200073242188 325.0790100097656
v 270.4389953613281 235.4720001220703 339.8370056152344
v 272.7239990234375 231.23699951171875 333.3059997558594
v 273.9630126953125 232.08200073242188 333.9849853515625
v 272.34698486328125 232.4219970703125 334.3240051269531
v 273.84698486328125 230.71600341796875 333.1000061035156
v 171.875 202.4010009765625 310.8429870605469
v 255.6060028076172 217.00799560546875 338.9779968261719
v 257.3710021972656 216.67100524902344 338.9630126953125
v 255.27099609375 216.6009979248047 339.9830017089844
v 193.802001953125 202.1959991455078 291.0710144042969
v 232.968994140625 225.6929931640625 337.3450012207031
v 232.57200622558594 226.71099853515625 338.5320129394531
v 194.5050048828125 202.69900512695312 290.4460144042969
v 227.2429962158203 212.68899536132812 334.0899963378906
v 227.4530029296875 185.0709991455078 333.79400634765625
v 178.31199645996094 203.2740020751953 290.4049987792969
v 178.12600708007812 203.52200317382812 290.9410095214844
v 179.1020050048828 203.3520050048828 290.0539855957031
v 179.91200256347656 203.36099243164062 290.00201416015625
v 180.66600036621094 203.41400146484375 289.9949951171875
v 233.12600708007812 193.20599365234375 319.906005859375
v 232.89100646972656 194.6479949951172 318.9490051269531
v 250.91900634765625 233.0959930419922 341.156005859375
v 252.33599853515625 233.22300720214844 340.3590087890625
v 222.39300537109375 202.12399291992188 338.0299987792969
v 220.1300048828125 202.67999267578125 337.64801025390625
v 220.42599487304688 201.343994140625 338.32000732421875
v 180.10000610351562 209.74099731445312 306.15399169921875
v 179.46200561523438 210.96600341796875 305.302001953125
v 178.66799926757812 210.87600708007812 306.7250061035156
v 180.87600708007812 210.57000732421875 304.5679931640625
v 176.00999450683594 185.9459991455078 305.06201171875
v 174.7310028076172 187.11700439453125 305.53399658203125
v 279.739013671875 223.9320068359375 337.0060119628906
v 282.85400390625 234.7209930419922 336.89599609375
v 282.4960021972656 235.07400512695312 337.0710144042969
v 237.29200744628906 233.38099670410156 343.9410095214844
v 237.3419952392578 234.1280059814453 343.95098876953125
v 238.13099670410156 234.08799743652344 344
v 233.72799682617188 220.5489959716797 322.5539855957031
v 195.03199768066406 203.21800231933594 290.3739929199219
v 195.38099670410156 203.74200439453125 290.0530090332031
v 242.08299255371094 202.05099487304688 330.3710021972656
v 242.91200256347656 203.29200744628906 329.1789855957031
v 241.7899932861328 202.0850067138672 332.0790100097656
v 183.7169952392578 178.29400634765625 308.8429870605469
v 181.60299682617188 178.54600524902344 303.9949951171875
v 192.1479949951172 212.01699829101562 315.8760070800781
v 178.5019989013672 204.15899658203125 290.44500732421875
v 178.28700256347656 204.1929931640625 291.0450134277344
v 179.12100219726562 204.16000366210938 290.1000061035156
v 179.91200256347656 204.16900634765625 290.0069885253906
v 180.7209930419922 204.1699981689453 290
v 201.6840057373047 193.7429962158203 325.0539855957031
v 181.50900268554688 204.09500122070312 289.9469909667969
v 223.03900146484375 196.11399841308594 324.22198486328125
v 221.4459991455078 196.36099243164062 324.3190002441406
v 223.36399841308594 194.38299560546875 325.54998779296875
v 217.9320068359375 195.35800170898438 330.92401123046875
v 191.55799865722656 176.86700439453125 320.8030090332031
v 193.1929931640625 176.1269989013672 321.38800048828125
v 237.16200256347656 225.0709991455078 328.7120056152344
v 217.75599670410156 192.14500427246094 319.8070068359375
v 186.81500244140625 188.6719970703125 326.6340026855469
v 187.2519989013672 188.22000122070312 327.5870056152344
v 186.51600646972656 187.7010040283203 326.54998779296875
v 187.3800048828125 188.91099548339844 327.43701171875
v 219.76699829101562 199.21200561523438 328.1369934082031
v 220.7729949951172 201.1510009765625 328
v 217.64700317382812 199.4720001220703 328
v 195.58099365234375 204.38800048828125 289.5570068359375
v 223.2220001220703 191.72000122070312 340.7860107421875
v 222.4669952392578 190.9409942626953 342.23199462890625
v 194.75399780273438 178.73699951171875 299.76800537109375
v 195.2469940185547 178.5749969482422 301.05999755859375
v 195.28900146484375 180.2989959716797 300.114990234375
v 178.55999755859375 204.85499572753906 290.6029968261719
v 178.38699340820312 204.78500366210938 291.1239929199219
v 179.14300537109375 204.94700622558594 290.1839904785156
v 179.91400146484375 204.97500610351562 290.02099609375
v 180.7209930419922 204.97900390625 290
v 181.5279998779297 204.9739990234375 289.9930114746094
v 182.4029998779297 204.86199951171875 289.77398681640625
v 279.4939880371094 231.19500732421875 344.0679931640625
v 198.11599731445312 209.81399536132812 292.6319885253906
v 178.01199340820312 210.58299255371094 315.5270080566406
v 177.40899658203125 210.26300048828125 316.2869873046875
v 184.9530029296875 198.27200317382812 312.9909973144531
v 196.22999572753906 205.04100036621094 289.8030090332031
v 222.02099609375 200.5679931640625 328.0589904785156
v 237.76699829101562 232.8260040283203 337.97900390625
v 237.26800537109375 233.33299255371094 338
v 236.37899780273438 230.75 337.5480041503906
v 178.6300048828125 205.2729949951172 290.9049987792969
v 179.13099670410156 205.58599853515625 290.4519958496094
v 179.11700439453125 205.85899353027344 290.9570007324219
v 179.90499877929688 205.75999450683594 290.1090087890625
v 180.718994140625 205.78500366210938 290.00799560546875
v 181.5290069580078 205.78599548339844 289.99798583984375
v 182.37399291992188 205.7570037841797 289.8970031738281
v 180.49600219726562 200.11300659179688 294.3039855957031
v 180.0590057373047 201.43899536132812 293.48199462890625
v 179.1699981689453 200.73899841308594 292.6180114746094
v 221.13699340820312 179.9980010986328 329.4010009765625
v 248.87399291992188 228.19700622558594 346
v 256.1520080566406 232.7209930419922 337.4620056152344
v 255.68899536132812 232.31399536132812 336.40899658203125
v 259.9440002441406 221.79400634765625 344.88800048828125
v 180.7779998779297 198.47300720214844 317.4620056152344
v 183.26699829101562 197.593994140625 316.02899169921875
v 196.87899780273438 205.90499877929688 289.9429931640625
v 216.31199645996094 194.20700073242188 334.99798583984375
v 268.1000061035156 234.75 338.7340087890625
v 268.85198974609375 234.77000427246094 338.78399658203125
v 268.5559997558594 234.67100524902344 337.09698486328125
v 197.37899780273438 206.0070037841797 291.3139953613281
v 230.968994140625 220.82400512695312 336.36199951171875
v 229.76499938964844 220.9709930419922 336.34600830078125
v 232.21800231933594 220.1219940185547 335.97198486328125
v 234.2429962158203 194.14199829101562 334.2720031738281
v 220.8280029296875 181.10400390625 336.93701171875
v 221.052001953125 182.572998046875 339.18701171875
v 219.56199645996094 181.47900390625 339.10101318359375
v 181.84100341796875 207.38699340820312 294.94500732421875
v 179.87899780273438 206.4980010986328 290.36700439453125
v 179.64700317382812 206.6439971923828 290.9840087890625
v 180.71499633789062 206.58599853515625 290.04998779296875
v 181.5290069580078 206.59500122070312 290.00201416015625
v 182.33700561523438 206.59300231933594 289.99200439453125
v 281.3800048828125 229.47999572753906 335.4830017089844
v 280.8219909667969 228.58900451660156 334.96099853515625
v 281.43798828125 228.50100708007812 336.5509948730469
v 280.4219970703125 229.75900268554688 334.3160095214844
v 209.25599670410156 172.6230010986328 325.447998046875
v 201.08399963378906 194.2790069580078 327.0169982910156
v 234.281005859375 195.82400512695312 334.8919982910156
v 197.04200744628906 206.85299682617188 289.6470031738281
v 197.66600036621094 206.802001953125 290.3999938964844
v 254.73800659179688 218.68699645996094 337.5350036621094
v 231.1649932861328 196.65899658203125 318.11199951171875
v 231.32699584960938 195.17799377441406 318.2250061035156
v 233.00599670410156 195.96099853515625 318.75799560546875
v 228.65199279785156 195.58999633789062 318
v 232.64999389648438 228.70700073242188 339.65399169921875
v 233.2310028076172 229.33799743652344 339.9849853515625
v 180.11599731445312 207.4080047607422 290.4169921875
v 179.89300537109375 207.468994140625 291.0150146484375
v 180.73800659179688 207.39599609375 290.0929870605469
v 181.52999877929688 207.4029998779297 290.0069885253906
v 182.36000061035156 207.447998046875 289.9989929199219
v 220.4980010986328 204.7010040283203 332.0199890136719
v 220.11099243164062 203.46200561523438 331.5249938964844
v 217.89999389648438 197.80599975585938 337.00799560546875
v 217.93099975585938 198.08299255371094 335.0450134277344
v 226.9290008544922 206.70399475097656 320.0610046386719
v 196.98899841308594 172.14999389648438 320.59100341796875
v 198.05599975585938 171.66299438476562 319.20001220703125
v 196.72999572753906 172.81199645996094 318.92498779296875
v 198.6300048828125 211.63699340820312 296.5989990234375
v 198.5590057373047 212.06399536132812 295.60198974609375
v 197.05599975585938 207.67100524902344 289.5929870605469
v 197.61300659179688 207.4709930419922 290.0369873046875
v 198.08999633789062 207.1840057373047 291.614990234375
v 198.14999389648438 207.88499450683594 290.69500732421875
v 272.9519958496094 230.16299438476562 332.36700439453125
v 180.16600036621094 208.21499633789062 290.4800109863281
v 179.96200561523438 208.1840057373047 291.0679931640625
v 180.76600646972656 208.21099853515625 290.1090087890625
v 181.53199768066406 208.21200561523438 290.010986328125
v 182.25599670410156 208.1580047607422 289.99798583984375
v 183.33700561523438 211.63299560546875 315.0050048828125
v 182.8000030517578 211.427001953125 316.6860046386719
v 184.86900329589844 211.98199462890625 315.093994140625
v 215 191.5 324.76800537109375
v 208.83999633789062 195.1230010986328 337.31298828125
v 209.83299255371094 194.68699645996094 338.98699951171875
v 234.32000732421875 208.53199768066406 336.7699890136719
v 236.822998046875 208.01800537109375 337.1919860839844
v 197.03500366210938 208.45899963378906 289.5889892578125
v 197.67100524902344 208.24400329589844 290.08099365234375
v 191.28399658203125 214.45899963378906 290.5450134277344
v 192.51800537109375 214.33900451660156 290.99700927734375
v 205.07200622558594 180.06199645996094 314.3840026855469
v 204.11900329589844 182.4199981689453 313.0719909667969
v 224.3159942626953 196.1009979248047 330.1830139160156
v 228.53700256347656 209.17799377441406 318.3219909667969
v 254.9010009765625 219.27000427246094 343.9729919433594
v 254.18699645996094 217.03599548339844 342.65899658203125
v 180.21400451660156 208.91900634765625 290.7690124511719
v 195.8179931640625 190.79600524902344 316.5559997558594
v 194.27699279785156 190.46099853515625 314.77099609375
v 180.76100158691406 209.00999450683594 290.1919860839844
v 181.5330047607422 209.02000427246094 290.0169982910156
v 182.36000061035156 208.97500610351562 289.9989929199219
v 232.89999389648438 215.5540008544922 338.9809875488281
v 196.04400634765625 205.5780029296875 301.8240051269531
v 194.3990020751953 204.38400268554688 303.0539855957031
v 215.60899353027344 175.65499877929688 326.63299560546875
v 214.3070068359375 175.5749969482422 324.9339904785156
v 185.7209930419922 212.88099670410156 298.5880126953125
v 171.4759979248047 207.95399475097656 310.97698974609375
v 242.3000030517578 212.10000610351562 323.7130126953125
v 196.13999938964844 174.73500061035156 312.26800537109375
v 195.89100646972656 173.92100524902344 314.5299987792969
v 197.00999450683594 209.29100036621094 289.63299560546875
v 197.54200744628906 208.9250030517578 290.0580139160156
v 198.12600708007812 208.88999938964844 290.9150085449219
v 216.84300231933594 193.7519989013672 333.75799560546875
v 278.4070129394531 225.69400024414062 348
v 278.2909851074219 226.94500732421875 348
v 279.6390075683594 226.81100463867188 348
v 276.9880065917969 226.2270050048828 348
v 236.50100708007812 234.08399963378906 338.0419921875
v 275.5090026855469 220.4969940185547 336.0220031738281
v 218.22900390625 201.52000427246094 337.93499755859375
v 180.79299926757812 209.76300048828125 290.4010009765625
v 181.5279998779297 209.81900024414062 290.05999755859375
v 182.33700561523438 209.8300018310547 290.00201416015625
v 184.80799865722656 195.39999389648438 314.885986328125
v 192.3159942626953 192.79200744628906 325.135986328125
v 196.8070068359375 210.39599609375 289.7550048828125
v 197.60400390625 209.73500061035156 290.3949890136719
v 219.31100463867188 193.73399353027344 318.2439880371094
v 218.32699584960938 193.08399963378906 319.0929870605469
v 198.0749969482422 209.6020050048828 291.4540100097656
v 221.98500061035156 202.50100708007812 328.135986328125
v 180.46800231933594 209.531005859375 291.16400146484375
v 180.92799377441406 210.39199829101562 290.6860046386719
v 180.99000549316406 210.31300354003906 291.54400634765625
v 181.531005859375 210.6020050048828 290.2099914550781
v 182.36900329589844 210.66700744628906 290.02301025390625
v 183.21299743652344 210.6529998779297 289.9729919433594
v 183.9429931640625 210.47999572753906 289.8399963378906
v 240.26300048828125 222.531005859375 325.02899169921875
v 201.8459930419922 188.68800354003906 315.52801513671875
v 203.73699951171875 186.66900634765625 315.46099853515625
v 220.36199951171875 197.1820068359375 320.60198974609375
v 219.093994140625 195.98800659179688 319.8590087890625
v 219.7100067138672 197.0019989013672 319.5899963378906
v 219.35400390625 195.875 321.9280090332031
v 221.0279998779297 198.20199584960938 319.8210144042969
v 259.7569885253906 215.53500366210938 340.59100341796875
v 197.3070068359375 210.64700317382812 290.5299987792969
v 277.3330078125 221.18800354003906 348.635009765625
v 219.36199951171875 195.5919952392578 327.10400390625
v 233.2899932861328 224.7989959716797 336.72198486328125
v 183.39500427246094 211.66600036621094 289.9809875488281
v 184.20700073242188 211.33099365234375 289.6669921875
v 179.70799255371094 189.33599853515625 302.4259948730469
v 190.4239959716797 209.8300018310547 318
v 191.4320068359375 210.5780029296875 317.9119873046875
v 190.52099609375 174.2449951171875 302.5769958496094
v 271.27801513671875 216.61099243164062 347.5409851074219
v 269.9429931640625 216.3209991455078 346.4100036621094
v 270.5719909667969 217.70599365234375 347.3869934082031
v 280.260009765625 235.3520050048828 341.614990234375
v 280.2049865722656 235.74099731445312 340.97900390625
v 169.98399353027344 194.93299865722656 308.0119934082031
v 168.7969970703125 195.2480010986328 308.1029968261719
v 198.77699279785156 192.27000427246094 318.6520080566406
v 196.57699584960938 211.4759979248047 290.6889953613281
v 190.11900329589844 179.552001953125 293.364013671875
v 190.51199340820312 181.53799438476562 294.4280090332031
v 189.1300048828125 180.81700134277344 292.7749938964844
v 191.34800720214844 179.85000610351562 295.3110046386719
v 240.30099487304688 236.4250030517578 342.5039978027344
v 240.71099853515625 236.19400024414062 341.27301025390625
v 241.20599365234375 236.06500244140625 342.572998046875
v 239.8470001220703 236.33200073242188 340.8190002441406
v 255.88999938964844 216.3070068359375 342.3869934082031
v 256.8290100097656 216.4459991455078 343.6090087890625
v 243.19400024414062 235.47000122070312 341.09100341796875
v 244.7449951171875 234.58599853515625 340.8699951171875
v 243.7830047607422 235.06399536132812 342.11700439453125
v 171.32000732421875 201.281005859375 314.7019958496094
v 171.5760040283203 201.72900390625 316.5039978027344
v 183.82400512695312 212.69500732421875 290.23199462890625
v 170.343994140625 194.8090057373047 310.6629943847656
v 170.8000030517578 196.6320037841797 311.1990051269531
v 245.24200439453125 218.031005859375 336.0299987792969
v 244.7239990234375 216.97300720214844 337.3389892578125
v 282.3529968261719 229.59800720214844 345.2969970703125
v 235.31500244140625 227.19200134277344 335.17498779296875
v 227.11099243164062 207.73699951171875 320.739013671875
v 227.3470001220703 206.88800048828125 321.7300109863281
v 279.9809875488281 235.64599609375 340.33099365234375
v 279.4830017089844 236.302001953125 340.96099853515625
v 280.6180114746094 235.0489959716797 340.093994140625
v 195.29400634765625 184.9290008544922 302.66400146484375
v 194.322998046875 186.2209930419922 301.302001953125
v 217.05999755859375 194.9290008544922 336.6369934082031
v 276.67401123046875 235.98199462890625 341.7590026855469
v 277.4739990234375 236.4550018310547 340.802001953125
v 277.25799560546875 235.24099731445312 341.9630126953125
v 195.427001953125 212.41799926757812 290.29998779296875
v 191.8470001220703 205.5919952392578 309.697998046875
v 215.05999755859375 195.24600219726562 339.4389953613281
v 215.94200134277344 195.0709991455078 340.69500732421875
v 272.6919860839844 221.822998046875 348.989013671875
v 273.06298828125 220.9929962158203 349.61700439453125
v 244.33999633789062 233.05499267578125 345.4119873046875
v 242.71499633789062 232.22999572753906 345.5169982910156
v 192.01300048828125 207.45799255371094 313.06298828125
v 191.04200744628906 207.1179962158203 313.2430114746094
v 191.66299438476562 207.77099609375 314.5480041503906
v 191.3820037841797 206.51300048828125 311.6059875488281
v 222.76800537109375 197.81700134277344 318
v 193.2239990234375 211.4499969482422 312.23699951171875
v 168.97799682617188 192.3939971923828 309.55999755859375
v 168.31500244140625 193.1439971923828 309.0690002441406
v 241.75999450683594 221.4340057373047 343.5369873046875
v 243.17999267578125 224.6439971923828 344.5140075683594
v 181.4949951171875 211.1999969482422 291.8269958496094
v 223.72300720214844 198.80599975585938 322.8580017089844
v 223.03700256347656 200.0989990234375 321.9230041503906
v 243.38699340820312 207.60800170898438 327.75799560546875
v 244.427001953125 206.86900329589844 329.5469970703125
v 244.87399291992188 208.77499389648438 329.8529968261719
v 194.9409942626953 208.56199645996094 310.57598876953125
v 244.88099670410156 218.18299865722656 343.8789978027344
v 246.3249969482422 218.4550018310547 344
v 244.19700622558594 223.66799926757812 326.0899963378906
v 184.9010009765625 213.79100036621094 289.83599853515625
v 184.6909942626953 213.6439971923828 290.79901123046875
v 183.95199584960938 213.33099365234375 291.2409973144531
v 185.31700134277344 213.96099853515625 291.2900085449219
v 224.02000427246094 188.30499267578125 338.6199951171875
v 223.4550018310547 187.65899658203125 341.1650085449219
v 224.60899353027344 187.2969970703125 336.6610107421875
v 186.63699340820312 174.14599609375 297.47601318359375
v 187.53700256347656 173.80099487304688 299.5820007324219
v 187.81399536132812 173.927001953125 297.4540100097656
v 186.0030059814453 174.4600067138672 300.2439880371094
v 194.06100463867188 213.63499450683594 290.90899658203125
v 179.71400451660156 192.5500030517578 306.72900390625
v 179.81100463867188 193.64199829101562 307.5589904785156
v 178.6479949951172 192.08200073242188 307.3580017089844
v 180.63400268554688 194.12600708007812 306.62701416015625
v 172.2209930419922 204.64500427246094 316.7179870605469
v 249.81399536132812 233.50799560546875 339.02398681640625
v 189.6009979248047 179.36000061035156 321.1570129394531
v 206.302001953125 197.28700256347656 330.5610046386719
v 257.1809997558594 230.41600036621094 336.0419921875
v 257.9219970703125 228.5050048828125 336
v 259.36700439453125 217.41000366210938 344
v 257.9590148925781 216.8070068359375 343.9410095214844
v 186.33099365234375 214.20399475097656 291.2139892578125
v 227.63099670410156 208.36599731445312 321.614013671875
v 187.25399780273438 214.27999877929688 291.1029968261719
v 188.13499450683594 214.2949981689453 290.95098876953125
v 204.0030059814453 176.4080047607422 316.010986328125
v 203.42799377441406 173.43099975585938 318.7170104980469
v 205.3159942626953 175.08599853515625 319.0669860839844
v 201.90499877929688 173.54800415039062 317.3330078125
v 190.36500549316406 176.74899291992188 295.2229919433594
v 189.6510009765625 175.71400451660156 295.1199951171875
v 267.5419921875 215.23599243164062 345.1109924316406
v 268.7099914550781 217.34300231933594 346.24700927734375
v 242.75599670410156 230.66900634765625 331.17999267578125
v 244.27000427246094 230.4600067138672 330.3009948730469
v 244.12399291992188 231.5 332.2569885253906
v 242.81900024414062 229.21499633789062 330.0299987792969
v 191.29200744628906 190.0540008544922 329.9679870605469
v 217.3459930419922 180.2530059814453 338.6300048828125
v 193.3979949951172 214.01199340820312 291.01800537109375
v 179.57000732421875 192.14599609375 296.96600341796875
v 179.20399475097656 189.29600524902344 297.42498779296875
v 279.2959899902344 234.9810028076172 339.3299865722656
v 200.21800231933594 191.07899475097656 332.6470031738281
v 195.22500610351562 187.42999267578125 331.7820129394531
v 193.66299438476562 208.88499450683594 314.37298583984375
v 194.61099243164062 212.80099487304688 309.8869934082031
v 264.0429992675781 214.24200439453125 343.7049865722656
v 263.4110107421875 214.93800354003906 344.1789855957031
v 264.1659851074219 213.5240020751953 342.8080139160156
v 283.77899169921875 231.76699829101562 338.8349914550781
v 283.3800048828125 232.58599853515625 338.2770080566406
v 283.56298828125 232.36500549316406 337.35198974609375
v 184.531005859375 175.18600463867188 292.4639892578125
v 184.63800048828125 175.03799438476562 294.4779968261719
v 185.42999267578125 174.7790069580078 293.1719970703125
v 183.88999938964844 175.34500122070312 293.2449951171875
v 232.4969940185547 218.92799377441406 323.6090087890625
v 185.5659942626953 175.6009979248047 292.04998779296875
v 232.29200744628906 212.2270050048828 319.31201171875
v 233.66700744628906 212.8159942626953 320.28900146484375
v 232.03399658203125 213.28599548339844 320.4649963378906
v 233.98300170898438 211.947998046875 320.0950012207031
v 277.5769958496094 235.76699829101562 339.9960021972656
v 278.7969970703125 235.72500610351562 340.0899963378906
v 277.89599609375 235.01699829101562 339.21099853515625
v 276.0260009765625 219.3780059814453 349.69000244140625
v 276.3160095214844 218.99000549316406 348.8190002441406
v 275.875 218.58799743652344 349.4110107421875
v 274.42401123046875 217.07899475097656 346.81201171875
v 274.16400146484375 217.156005859375 347.88299560546875
v 280.3269958496094 225.63099670410156 337.40301513671875
v 238.36300659179688 219.9720001220703 340.8789978027344
v 235.94500732421875 221.20700073242188 340.14599609375
v 209.71499633789062 197.78500366210938 330.6759948730469
v 209.41400146484375 198.39599609375 329.2969970703125
v 186.49200439453125 175.1580047607422 292.6050109863281
v 186.33599853515625 174.6269989013672 293.79998779296875
v 187.05799865722656 174.83099365234375 293.5450134277344
v 187.70599365234375 175.26100158691406 293.125
v 194.98899841308594 182.78500366210938 331.32598876953125
v 194.42799377441406 184.28700256347656 331.7659912109375
v 192.51699829101562 183.8159942626953 330.5450134277344
v 180.61199951171875 190.20799255371094 301.0780029296875
v 180.90899658203125 191.7550048828125 299.97698974609375
v 180.843994140625 190.43699645996094 299.6659851074219
v 282.5379943847656 234.67300415039062 337.6510009765625
v 239.33399963378906 214.8159942626953 322.0249938964844
v 209.23399353027344 197.7220001220703 333.97100830078125
v 209.00799560546875 197.4669952392578 332.2330017089844
v 183.281005859375 175.6219940185547 292.9339904785156
v 215.16400146484375 186.927001953125 342.5610046386719
v 216.052001953125 188.7310028076172 343.1659851074219
v 214.66900634765625 189.0780029296875 342.2820129394531
v 234.16200256347656 233.1580047607422 338.3529968261719
v 234.05099487304688 232.14700317382812 338.0769958496094
v 234.86900329589844 233.25100708007812 338.0899963378906
v 233.59300231933594 232.677001953125 338.7170104980469
v 239.53799438476562 201.88600158691406 334.5820007324219
v 221.781005859375 190.14199829101562 343.2879943847656
v 221.2100067138672 191.45199584960938 342.8550109863281
v 222.9530029296875 189.33799743652344 342.6189880371094
v 186.4980010986328 175.92999267578125 292.06500244140625
v 222.05999755859375 207.5019989013672 333.7959899902344
v 187.27499389648438 175.9029998779297 292.2040100097656
v 208.1999969482422 197.61700439453125 334.8139953613281
v 188.11599731445312 175.94200134277344 292.47900390625
v 188.78199768066406 175.65499877929688 293.4590148925781
v 188.97799682617188 176.5970001220703 292.6130065917969
v 189.56700134277344 176.26699829101562 293.81201171875
v 181.80499267578125 176.281005859375 292.9519958496094
v 244.17799377441406 217.0030059814453 336.2619934082031
v 235.78399658203125 234.38600158691406 339.4519958496094
v 267.239990234375 236.33399963378906 341.65399169921875
v 271.2959899902344 226.9010009765625 332.33599853515625
v 273.31500244140625 226.97799682617188 332.2929992675781
v 272.20001220703125 228.7760009765625 332.03900146484375
v 271.67401123046875 224.83599853515625 333.3630065917969
v 216.26600646972656 201 329.92401123046875
v 238.94000244140625 234.89700317382812 344
v 239.65199279785156 235.9720001220703 343.7449951171875
v 238.13099670410156 234.89700317382812 344
v 185.66600036621094 176.64100646972656 291.3630065917969
v 181.45599365234375 209.21099853515625 304.656005859375
v 186.39599609375 176.6439971923828 291.8800048828125
v 187.197998046875 176.6820068359375 292.0010070800781
v 188.0399932861328 176.6699981689453 292.09600830078125
v 235.95199584960938 221.6490020751953 326.5889892578125
v 237.4340057373047 223.02200317382812 326.68798828125
v 236.27000427246094 222.2949981689453 327.7239990234375
v 217.9010009765625 177.88099670410156 331.04998779296875
v 225.53500366210938 184.3470001220703 332.1830139160156
v 230.81399536132812 207.6439971923828 326
v 283.8389892578125 230.85800170898438 338.7439880371094
v 283.5509948730469 230.0229949951172 338.45098876953125
v 201.718994140625 177.1199951171875 334.2919921875
v 284.5989990234375 228.5540008544922 341.489013671875
v 229.23199462890625 209.01699829101562 318.02099609375
v 230 208.7969970703125 318
v 241.33200073242188 201.58700561523438 327.33099365234375
v 240.58099365234375 200.4709930419922 326.7619934082031
v 240.53900146484375 202.1790008544922 324.5870056152344
v 186.4499969482422 177.58999633789062 291.45098876953125
v 187.20399475097656 177.50799560546875 291.8949890136719
v 187.99899291992188 177.48800659179688 292.00201416015625
v 188.81500244140625 177.4720001220703 292.1340026855469
v 189.52699279785156 177.51600646972656 292.6050109863281
v 182.67300415039062 210.70799255371094 295.46099853515625
v 182.218994140625 211.33799743652344 294.46600341796875
v 182.4029998779297 209.19200134277344 295.40399169921875
v 238.36099243164062 220.9739990234375 322.8599853515625
v 189.93499755859375 177.1580047607422 293.5870056152344
v 222.62899780273438 195.5019989013672 333.6419982910156
v 225.4409942626953 196.91600036621094 328.4100036621094
v 226.03399658203125 197.3679962158203 328.0710144042969
v 172.29600524902344 206.66900634765625 308.0920104980469
v 173.697998046875 207.12399291992188 308.00299072265625
v 172.73699951171875 207.95700073242188 308.0979919433594
v 173.197998046875 205.9980010986328 308.02099609375
v 189.00900268554688 215.33999633789062 305.989013671875
v 190.99000549316406 215.43899536132812 306.4739990234375
v 187.84500122070312 214.5070037841797 308.1059875488281
v 225.49400329589844 184.29800415039062 334.2980041503906
v 172.43699645996094 207.94400024414062 311.7460021972656
v 278.8009948730469 228.25999450683594 347.468994140625
v 278.6990051269531 229.52999877929688 346.24700927734375
v 279.93798828125 229.3509979248047 346.8420104980469
v 277.1340026855469 228.06700134277344 347.385986328125
v 228.83299255371094 211.46400451660156 321.197998046875
v 207.38699340820312 173.97000122070312 331.7030029296875
v 205.8209991455078 173.85800170898438 331.052001953125
v 206.0189971923828 174.61199951171875 333.3599853515625
v 272.40899658203125 235.80099487304688 340.0299987792969
v 272.510986328125 235.03599548339844 339.2330017089844
v 257.2919921875 230.03599548339844 344.67999267578125
v 187.20399475097656 178.37100219726562 291.6470031738281
v 188.03900146484375 178.39700317382812 291.9670104980469
v 188.7570037841797 178.23199462890625 292.0790100097656
v 189.5330047607422 178.34300231933594 292.4620056152344
v 190.25100708007812 178.2429962158203 293.5249938964844
v 196.69500732421875 207.63499450683594 301.8900146484375
v 195.23199462890625 206.11199951171875 303.93798828125
v 197.26100158691406 206.48399353027344 299.40899658203125
v 209.91099548339844 173.4250030517578 328.1830139160156
v 253.9980010986328 216.8939971923828 340.1499938964844
v 254.2519989013672 216.3679962158203 341.35101318359375
v 255.10800170898438 216.19200134277344 341.07598876953125
v 252.86300659179688 217.0659942626953 340.9549865722656
v 264.39300537109375 218.4770050048828 345.97100830078125
v 266.97100830078125 217.91600036621094 346
v 264.2149963378906 217.3249969482422 345.9469909667969
v 242.01199340820312 208.5399932861328 324.0199890136719
v 240.81900024414062 208.5019989013672 322.25299072265625
v 173.31199645996094 187.35400390625 307.80999755859375
v 174.5229949951172 186.3070068359375 308.55499267578125
v 256.9490051269531 232.53199768066406 341.7070007324219
v 255.38800048828125 232.81199645996094 340.9010009765625
v 187.82400512695312 179.73800659179688 291.781005859375
v 223.7519989013672 184.23899841308594 319.90399169921875
v 189.04800415039062 179.2310028076172 292.3039855957031
v 226.05099487304688 204.2010040283203 318.30999755859375
v 171.84500122070312 197.43299865722656 314.3739929199219
v 171.34500122070312 199.5590057373047 314.12200927734375
v 210.7220001220703 195.0399932861328 339.92401123046875
v 211.58999633789062 195.4720001220703 340.3699951171875
v 223.48300170898438 200.43299865722656 318.32000732421875
v 193.4600067138672 174.89300537109375 317.2309875488281
v 282.3659973144531 231.0500030517578 336.16900634765625
v 281.72698974609375 230.26499938964844 335.7560119628906
v 282.60699462890625 230.04600524902344 336.8580017089844
v 284.156005859375 228.83599853515625 342.7619934082031
v 237.0019989013672 219.0330047607422 322
v 234.49200439453125 217.91600036621094 322
v 257.8450012207031 231.63299560546875 336.4079895019531
v 256.510009765625 232.17599487304688 336.4049987792969
v 173.65699768066406 207.40499877929688 313.9570007324219
v 174.4409942626953 207.8719940185547 312.84100341796875
v 190.56199645996094 176.99400329589844 319.1679992675781
v 188.968994140625 178.0919952392578 318.94500732421875
v 228.45700073242188 220.89100646972656 337.56500244140625
v 229.14500427246094 221.02499389648438 337.2409973144531
v 190.5780029296875 190.82000732421875 318.3840026855469
v 208.16900634765625 197.40199279785156 328.0830078125
v 209.3509979248047 197.19200134277344 328.0369873046875
v 226.65199279785156 187.6909942626953 335.72900390625
v 278.79400634765625 230.44900512695312 345
v 219.3419952392578 192.8260040283203 333.34100341796875
v 273.7820129394531 218.27099609375 349.6260070800781
v 244.84300231933594 214.9499969482422 339.125
v 245.47999572753906 214.30499267578125 340.2489929199219
v 187.9600067138672 181.74899291992188 291.97900390625
v 192.70199584960938 201.80799865722656 292.1499938964844
v 192.58200073242188 202.09500122070312 293.84100341796875
v 210.58399963378906 198.49600219726562 328.6029968261719
v 210.86199951171875 197.35499572753906 328.01800537109375
v 211.46299743652344 198.593994140625 328.0950012207031
v 209.75999450683594 198.1320037841797 328.2330017089844
v 266.6780090332031 234.3769989013672 337.3420104980469
v 260.25299072265625 219.50399780273438 336.2669982910156
v 264.8330078125 221.36300659179688 335.4670104980469
v 263.0559997558594 223.5399932861328 335.7950134277344
v 263.00201416015625 218.8459930419922 336.2820129394531
v 221.4550018310547 197.50399780273438 339.9800109863281
v 181.89100646972656 177.60299682617188 301.239013671875
v 194.5050048828125 179.57000732421875 298.9909973144531
v 227.58700561523438 189.72999572753906 336.27099609375
v 225.031005859375 190.27200317382812 338.6579895019531
v 229.0240020751953 193.43899536132812 336.62298583984375
v 269.6189880371094 226.0959930419922 332.54998779296875
v 269.26800537109375 223.96200561523438 333.5889892578125
v 168.56100463867188 198.4290008544922 308.21600341796875
v 218.5240020751953 191.48399353027344 318.7699890136719
v 227.80499267578125 206.4949951171875 328.37799072265625
v 222.2740020751953 188.7899932861328 343.6180114746094
v 220.60499572753906 188.9709930419922 343.98199462890625
v 250.79600524902344 233.64999389648438 338.6400146484375
v 249.75 233.59300231933594 337.5610046386719
v 171.48300170898438 189.64599609375 306.27801513671875
v 172.18699645996094 188.781005859375 306.42401123046875
v 170.50399780273438 189.6959991455078 306.7770080566406
v 275.3800048828125 220.4499969482422 350
v 222.93099975585938 193.36900329589844 330.489990234375
v 228.56100463867188 209.85899353027344 318.385986328125
v 269.74200439453125 234.20399475097656 336.5840148925781
v 271.23699951171875 233.66799926757812 336.0199890136719
v 268.6579895019531 233.00399780273438 335.9100036621094
v 225.5070037841797 188.87399291992188 336.7749938964844
v 224.4510040283203 189.4320068359375 339.0039978027344
v 229.50599670410156 207.45799255371094 318
v 230.91299438476562 207.78900146484375 318.0419921875
v 178.02999877929688 192.26199340820312 292.385009765625
v 214.88999938964844 194.3509979248047 341.6709899902344
v 215.9600067138672 177.2530059814453 336.1789855957031
v 223.9290008544922 195.75799560546875 331.0870056152344
v 223.2030029296875 196.6009979248047 331.5190124511719
v 223.31199645996094 195.9550018310547 332.62200927734375
v 174.30799865722656 189.7030029296875 305.2720031738281
v 175.8209991455078 189.7550048828125 304.8529968261719
v 175.0229949951172 188.7469940185547 304.5639953613281
v 230.8209991455078 208.7969970703125 326.0840148925781
v 274.5780029296875 235.34300231933594 338.57598876953125
v 234.93699645996094 195.4980010986328 333.697998046875
v 212.96600341796875 196.28799438476562 339.84100341796875
v 266.8420104980469 232.052001953125 335.9549865722656
v 181.5780029296875 205.01699829101562 305.0950012207031
v 220.13699340820312 185.35800170898438 343.197998046875
v 274.51800537109375 235.68499755859375 341.95098876953125
v 273.44000244140625 235.00399780273438 342
v 273.1700134277344 235.98199462890625 341.7590026855469
v 191.83700561523438 212.10299682617188 314.99200439453125
v 240.177001953125 204.31199645996094 322.9360046386719
v 239.42100524902344 200.52999877929688 323.77899169921875
v 197.52000427246094 191.11599731445312 316.5660095214844
v 197.08700561523438 192.31900024414062 319.3580017089844
v 261.2829895019531 215.22000122070312 343.7980041503906
v 188.22799682617188 183.4810028076172 292.18798828125
v 189.3820037841797 182.83399963378906 293.33099365234375
v 281.802001953125 234.3260040283203 338.8609924316406
v 276.1369934082031 218.36900329589844 346.67498779296875
v 275.7070007324219 217.9510040283203 347.47100830078125
v 260.95599365234375 233.23899841308594 341.97900390625
v 261.93701171875 234.4409942626953 341.74700927734375
v 262.4360046386719 215.46299743652344 344.6210021972656
v 209.5989990234375 188.63800048828125 340.9429931640625
v 237.218994140625 226.1719970703125 330.09600830078125
v 260.57000732421875 216.99200439453125 344.0989990234375
v 195.52999877929688 212.25900268554688 292.6919860839844
v 194.79800415039062 212.96600341796875 291.6080017089844
v 195.81900024414062 212.1529998779297 291.7049865722656
v 194.16900634765625 213.4669952392578 292.49200439453125
v 191.26699829101562 187.27499389648438 297.25
v 192.218994140625 188.1269989013672 299.52301025390625
v 186.16000366210938 214.3820037841797 295.8160095214844
v 185.99000549316406 214.50599670410156 294.70001220703125
v 187.25100708007812 214.74600219726562 295.28900146484375
v 184.92300415039062 213.72999572753906 295.593994140625
v 187.7760009765625 174.69400024414062 294.6499938964844
v 245.56199645996094 232.22799682617188 333.5260009765625
v 228.6719970703125 211.56500244140625 322.6470031738281
v 214.63699340820312 200.13299560546875 328.3299865722656
v 266.57598876953125 227.35800170898438 333.8900146484375
v 265.4460144042969 224.47300720214844 333.7619934082031
v 242.97500610351562 216.1790008544922 342.343994140625
v 242.08099365234375 217.3040008544922 342.0260009765625
v 243.51100158691406 217.47999572753906 343.072998046875
v 241.8939971923828 215.1649932861328 342.01800537109375
v 185.78199768066406 214.3179931640625 293.0870056152344
v 232.6820068359375 189.30299377441406 324.1969909667969
v 193.9669952392578 210.90899658203125 314.7460021972656
v 194.33200073242188 210.1929931640625 314.97900390625
v 188.1320037841797 185.0330047607422 292.0299987792969
v 236.32400512695312 235.02200317382812 339.218994140625
v 204.9459991455078 171.0030059814453 326.0249938964844
v 204.61399841308594 171.99099731445312 326.9639892578125
v 224.43099975585938 200.7050018310547 318.0570068359375
v 204.13099670410156 171.86199951171875 320.7749938964844
v 203.9770050048828 170.33599853515625 322.0639953613281
v 177.4429931640625 180.37600708007812 296.2279968261719
v 198.24000549316406 172.81900024414062 324.1780090332031
v 197.8939971923828 171.1529998779297 321.72601318359375
v 195.9770050048828 174.4600067138672 322.47900390625
v 228.58799743652344 207.80099487304688 322.7179870605469
v 249.26800537109375 231.5540008544922 334.7409973144531
v 248.97900390625 229.6439971923828 332.8760070800781
v 247.81399536132812 230.89599609375 332.20599365234375
v 169.7740020751953 193.68600463867188 308.0580139160156
v 170.80299377441406 193.28199768066406 308.0169982910156
v 168.78199768066406 193.1280059814453 308.39599609375
v 280.9739990234375 224.13400268554688 343.71099853515625
v 269.0580139160156 213.74600219726562 339.35400390625
v 268.8059997558594 213.82400512695312 340.4209899902344
v 256.6409912109375 232.77999877929688 339.59698486328125
v 257.25 232.41299438476562 337.35101318359375
v 258.12701416015625 232.62399291992188 339.7080078125
v 218.4709930419922 191.9720001220703 342.6099853515625
v 275.1910095214844 228.04299926757812 346.72698974609375
v 277.0719909667969 229.76300048828125 345.6650085449219
v 238.25799560546875 214.35499572753906 340.2560119628906
v 239.16000366210938 216.76800537109375 340.3030090332031
v 240.56100463867188 216.08900451660156 341.2120056152344
v 266.0740051269531 215.7100067138672 337.3299865722656
v 264.2829895019531 215.802001953125 337.7820129394531
v 278.8710021972656 225.83900451660156 335.69500732421875
v 278.1570129394531 227.0050048828125 334.20001220703125
v 220.30299377441406 193.94500732421875 333.9580078125
v 214.28700256347656 189.5989990234375 322.5790100097656
v 271.25 231.4219970703125 333.40899658203125
v 178.32699584960938 187.76800537109375 303.0360107421875
v 177.75599670410156 185.34300231933594 302.4410095214844
v 179.09500122070312 187.04800415039062 301.9289855957031
v 176.96499633789062 186.38400268554688 303.8659973144531
v 222.50900268554688 194.25 326.19500732421875
v 266.3710021972656 225.16299438476562 333.0060119628906
v 266.31298828125 223.7830047607422 333.3399963378906
v 193.56500244140625 175.12100219726562 308.510009765625
v 202.3070068359375 169.72900390625 323.0660095214844
v 184.11599731445312 184.82899475097656 321.31201171875
v 227.11599731445312 198.1750030517578 327.947998046875
v 226.50799560546875 198.9459991455078 328.01800537109375
v 226.7830047607422 196.88099670410156 327.9289855957031
v 177.4219970703125 184.78900146484375 292.5069885253906
v 220.05999755859375 204.12399291992188 333.2200012207031
v 230.58200073242188 210.20799255371094 326.552001953125
v 230.27499389648438 210.6699981689453 328.4490051269531
v 184.53900146484375 209.78500366210938 318
v 196.95899963378906 211.75999450683594 302.83599853515625
v 197.13800048828125 211.57699584960938 301.0400085449219
v 223.12399291992188 188.1909942626953 342.9079895019531
v 223.1479949951172 187.35000610351562 342.70001220703125
v 195.0399932861328 213.36199951171875 308.0920104980469
v 194.76300048828125 214.13800048828125 307.1059875488281
v 250.47000122070312 226.87100219726562 333.4020080566406
v 169.9530029296875 192.2259979248047 309.99200439453125
v 279.9469909667969 235.01300048828125 338.5889892578125
v 277.09600830078125 235.1490020751953 338.68499755859375
v 238.1020050048828 210.98599243164062 339.5920104980469
v 238.5070037841797 212.45399475097656 340.20599365234375
v 237.0189971923828 212.50999450683594 339.7380065917969
v 222.48199462890625 208.8489990234375 331.42999267578125
v 222.1959991455078 208.4969940185547 332.8689880371094
v 268.8580017089844 235.68499755859375 341.95098876953125
v 171.82000732421875 204.53900146484375 313.531005859375
v 172.5540008544922 205.9810028076172 313.7590026855469
v 193.26199340820312 190.82899475097656 306.2860107421875
v 192.22500610351562 190.03199768066406 302.39300537109375
v 193.7760009765625 189.64500427246094 304.4469909667969
v 224.4739990234375 199.4029998779297 339.0989990234375
v 242.38299560546875 235.6219940185547 342.32000732421875
v 232.95700073242188 220.00999450683594 324.00299072265625
v 227.76600646972656 220.15499877929688 336.5050048828125
v 273.2439880371094 234.78900146484375 337.18798828125
v 271.10400390625 234.90899658203125 337.9440002441406
v 177.9709930419922 183.74600219726562 310.5790100097656
v 175.96200561523438 185.14199829101562 309.1820068359375
v 176.56300354003906 185.59800720214844 310.8909912109375
v 191.2310028076172 207.98300170898438 316.22198486328125
v 195.88499450683594 208.92599487304688 306.17401123046875
v 196.3070068359375 210.39500427246094 306.70599365234375
v 268.0249938964844 225.06100463867188 332.5639953613281
v 241.42599487304688 235.5189971923828 343.510009765625
v 216.68099975585938 190.32400512695312 320.3089904785156
v 217.3730010986328 188.802001953125 318.8169860839844
v 283.2349853515625 232.4669952392578 336.3789978027344
v 206.55099487304688 188.79200744628906 337.7120056152344
v 205.26400756835938 188.17300415039062 337.010986328125
v 189.65899658203125 210.73500061035156 317.94500732421875
v 188.88999938964844 210.67799377441406 317.9750061035156
v 189.48399353027344 211.41700744628906 317.7099914550781
v 189.3070068359375 209.90699768066406 318
v 257.4219970703125 215.91299438476562 343.52301025390625
v 257.6549987792969 215.46600341796875 342.197998046875
v 235.00399780273438 232.52499389648438 338
v 233.29400634765625 230.08900451660156 339.99700927734375
v 232.64999389648438 229.51600646972656 339.65399169921875
v 217.15199279785156 191.24200439453125 343.24700927734375
v 216.14999389648438 190.46099853515625 342.86199951171875
v 210.0279998779297 174.10400390625 332.0660095214844
v 271.75 218.63699340820312 348.20599365234375
v 238.23699951171875 236.33700561523438 340.14898681640625
v 280.885986328125 234.91099548339844 336.0679931640625
v 280.7139892578125 235.51800537109375 336.3529968261719
v 280.093994140625 234.0709991455078 335.9679870605469
v 236.21200561523438 196.81300354003906 332.8550109863281
v 177.13499450683594 195.7830047607422 317.9859924316406
v 198.3040008544922 174.29200744628906 326.739990234375
v 197.0070037841797 175.91900634765625 326.12200927734375
v 199.70599365234375 172.66099548339844 326.27301025390625
v 214.90899658203125 194.38999938964844 333.010986328125
v 171.85400390625 203.32899475097656 309.4460144042969
v 181.44700622558594 200.78500366210938 300.8190002441406
v 235.6490020751953 232.2449951171875 341.9580078125
v 187.00799560546875 174.33200073242188 301.885009765625
v 187.4320068359375 174.906005859375 303.375
v 172.38699340820312 204.0970001220703 308.39300537109375
v 275.2699890136719 233.06199645996094 334.2250061035156
v 208.2100067138672 172.2169952392578 324.2430114746094
v 208.88900756835938 173.7209930419922 323.3280029296875
v 280.7460021972656 227.31399536132812 336.72900390625
v 276.5379943847656 219.0970001220703 347.4800109863281
v 177.63699340820312 189.90699768066406 317.6390075683594
v 275.3009948730469 218.7209930419922 349.8800048828125
v 275.06201171875 219.57000732421875 349.98199462890625
v 274.4729919433594 218.6739959716797 349.9320068359375
v 269.0140075683594 215.2480010986328 345.0920104980469
v 257.3760070800781 221.98199462890625 344.27899169921875
v 253.843994140625 220.36700439453125 343.9649963378906
v 282.5840148925781 232.4709930419922 336.04901123046875
v 282.64300537109375 231.78599548339844 336.0870056152344
v 280.1579895019531 223.1439971923828 344.9549865722656
v 219.1649932861328 187.80299377441406 318.0580139160156
v 270.59600830078125 221.33599853515625 334.95098876953125
v 213.63699340820312 195.16299438476562 338.3789978027344
v 228.10699462890625 201.19200134277344 337.9339904785156
v 245.031005859375 220.39700317382812 343.9590148925781
v 222.2469940185547 183.74400329589844 337.9049987792969
v 222.03599548339844 184.12399291992188 340.2460021972656
v 186.48500061035156 175.99400329589844 304.68798828125
v 192.46499633789062 191.625 329.98199462890625
v 229.53700256347656 213.2050018310547 326.2139892578125
v 280.5450134277344 233.3800048828125 335.9410095214844
v 210.35000610351562 193.89100646972656 340.17401123046875
v 241.4720001220703 230.66299438476562 344.3609924316406
v 239.64999389648438 230.07200622558594 344.0320129394531
v 239.2050018310547 227.07000732421875 343.8609924316406
v 172.03599548339844 205.29200744628906 315.1199951171875
v 219.60000610351562 192.30799865722656 330.3420104980469
v 220.55799865722656 192.6230010986328 329.57501220703125
v 265.3179931640625 223.2689971923828 334.72601318359375
v 220.2830047607422 197.75999450683594 319
v 252.625 223.20700073242188 344.0400085449219
v 255.57200622558594 224.61900329589844 344.46099853515625
v 283.3340148925781 230.97999572753906 337.2980041503906
v 283.6319885253906 231.53799438476562 337.64300537109375
v 262.6910095214844 220.5449981689453 345.7879943847656
v 261.1929931640625 219.90199279785156 344.9909973144531
v 168.23800659179688 193.7570037841797 308.4960021972656
v 175.4409942626953 209.12100219726562 311.9960021972656
v 193.77099609375 202.68699645996094 292.5820007324219
v 194.8730010986328 203.73599243164062 292.8580017089844
v 194.92100524902344 203.21800231933594 291.50201416015625
v 193.50399780273438 202.70199584960938 294.32000732421875
v 243.98199462890625 234.24200439453125 344.4590148925781
v 273.0989990234375 218.1060028076172 348.80499267578125
v 201.19500732421875 169.85000610351562 322.62200927734375
v 200.29100036621094 169.95399475097656 322.72100830078125
v 232.697998046875 230.23500061035156 339.6830139160156
v 174.17799377441406 198.2220001220703 317.97198486328125
v 257.8030090332031 215.71400451660156 340.17401123046875
v 239.98899841308594 213.88400268554688 341.22900390625
v 237.47300720214844 225.63800048828125 343.114013671875
v 186.35400390625 212.3459930419922 315.4079895019531
v 228.83200073242188 193.6580047607422 318
v 230.57400512695312 193.46099853515625 318.1650085449219
v 193.78700256347656 188.0590057373047 302.5679931640625
v 195.36599731445312 188.1699981689453 305.302001953125
v 194.7570037841797 215.05499267578125 298.8550109863281
v 177.7469940185547 197.2010040283203 291.5880126953125
v 171.1009979248047 192.2100067138672 310.6759948730469
v 179.16600036621094 197.1999969482422 292.7569885253906
v 264.65301513671875 230.69200134277344 336
v 266.9729919433594 220.26699829101562 346.0090026855469
v 227.77000427246094 218.72500610351562 336.3420104980469
v 227.7989959716797 219.5279998779297 336.3580017089844
v 230.0449981689453 209.8300018310547 318
v 231.23800659179688 209.8300018310547 318.04901123046875
v 244.7239990234375 234.51499938964844 343.04998779296875
v 246.36500549316406 234.38600158691406 341.864990234375
v 177.78399658203125 198.07200622558594 291.6050109863281
v 178.26100158691406 197.6009979248047 291.9800109863281
v 240.87399291992188 201.9929962158203 333.2690124511719
v 242.32200622558594 203.51800537109375 333.4389953613281
v 267.62200927734375 234.1230010986328 336.2909851074219
v 267.5820007324219 234.5540008544922 337.3999938964844
v 172.72300720214844 206.85800170898438 315.1059875488281
v 240.44200134277344 218.69700622558594 341.2690124511719
v 176.54400634765625 189.80799865722656 316.0769958496094
v 177.78399658203125 198.9250030517578 291.6050109863281
v 222.6719970703125 200.21299743652344 319.57598876953125
v 221.69000244140625 199.1060028076172 319.31298828125
v 243.36599731445312 212.26199340820312 340.62298583984375
v 244.14500427246094 213.0970001220703 341.49700927734375
v 180.0850067138672 195.5030059814453 294.468994140625
v 276.2959899902344 226.49400329589844 333.77099609375
v 274.4419860839844 225.81500244140625 333.3689880371094
v 201.63800048828125 180.46800231933594 309.91900634765625
v 202.85299682617188 181.7830047607422 310.8450012207031
v 200.44500732421875 180.9340057373047 309.052001953125
v 184.18899536132812 208.48500061035156 297.4989929199219
v 239.59100341796875 236.60699462890625 343.02398681640625
v 237.4969940185547 223.79200744628906 327.6199951171875
v 177.6790008544922 199.66400146484375 291.5260009765625
v 273.7749938964844 216.16799926757812 338.65301513671875
v 273.7510070800781 215.93899536132812 340.90399169921875
v 275.114990234375 216.58799743652344 339.9169921875
v 181.45199584960938 210.8459930419922 316.8240051269531
v 181.63999938964844 211.36399841308594 315.0899963378906
v 179.64100646972656 210.8159942626953 316.1679992675781
v 241.70399475097656 209.68600463867188 339.1000061035156
v 177.74899291992188 200.43499755859375 291.5849914550781
v 217.90699768066406 194.24400329589844 334.2080078125
v 218.71800231933594 193.96499633789062 333.9750061035156
v 218.75 195.18499755859375 334.17999267578125
v 172.50999450683594 188.10000610351562 307.2380065917969
v 172.90899658203125 187.99099731445312 306.5069885253906
v 219.52499389648438 194.86199951171875 333.99798583984375
v 219.4250030517578 193.6280059814453 333.9410095214844
v 194.69900512695312 177.052001953125 324.5409851074219
v 228.42799377441406 202.55299377441406 328
v 177.7530059814453 201.28399658203125 291.58599853515625
v 178.33200073242188 200.9759979248047 291.989990234375
v 265.21099853515625 213.99899291992188 343.6679992675781
v 229.20599365234375 202.50900268554688 327.9169921875
v 247.42999267578125 218.18600463867188 344
v 247.29299926757812 216.8419952392578 343.9540100097656
v 172.66700744628906 204.14999389648438 317.7449951171875
v 184.94200134277344 214.1929931640625 294.40301513671875
v 184.6540069580078 214.0050048828125 293.12701416015625
v 184.01100158691406 213.62600708007812 294.6300048828125
v 214.8159942626953 197.2969970703125 328
v 177.8459930419922 198.69000244140625 318
v 222.2830047607422 193.0780029296875 330.8370056152344
v 193.07400512695312 193.74400329589844 329.56500244140625
v 192.43699645996094 193.1580047607422 328.8680114746094
v 192.92999267578125 193.8040008544922 328.40399169921875
v 192.86700439453125 192.85800170898438 329.93701171875
v 177.81199645996094 202.00599670410156 291.59600830078125
v 178.3509979248047 201.83299255371094 291.9460144042969
v 179.10400390625 201.7310028076172 292.385009765625
v 232.99099731445312 187.8509979248047 332.7569885253906
v 269.2279968261719 214.53500366210938 337.3550109863281
v 268.3479919433594 215.38400268554688 336.9590148925781
v 269.468994140625 213.98899841308594 338.11700439453125
v 237.906005859375 203.40699768066406 335.7130126953125
v 239.0919952392578 202.82200622558594 335.1669921875
v 233.0500030517578 189.1479949951172 326.1130065917969
v 180.802001953125 211.2480010986328 312.8760070800781
v 219.93800354003906 187.32400512695312 344
v 175.4459991455078 205.97999572753906 318
v 173.90199279785156 205.67599487304688 317.7699890136719
v 193.17300415039062 193.99200439453125 326.614013671875
v 178.3520050048828 202.6320037841797 291.82598876953125
v 189.7270050048828 190.88699340820312 327.13800048828125
v 188.0260009765625 189.7010040283203 327.0190124511719
v 280.96099853515625 230.468994140625 334.96099853515625
v 204.8730010986328 184.13600158691406 314.8030090332031
v 196.91099548339844 190.3179931640625 314.1700134277344
v 229.93699645996094 210.5850067138672 318
v 227.24899291992188 212.23399353027344 335.9830017089844
v 178.38699340820312 203.53599548339844 291.5989990234375
v 179.0749969482422 203.38099670410156 292.0530090332031
v 192.41099548339844 204.218994140625 306.1659851074219
v 227.60899353027344 197.55099487304688 327.6029968261719
v 237.9239959716797 206.8000030517578 321.2900085449219
v 238.7899932861328 205.61300659179688 321.81500244140625
v 173.91900634765625 208.4010009765625 311.9599914550781
v 243.1269989013672 206.47500610351562 333.9100036621094
v 178.56500244140625 204.45399475097656 291.58599853515625
v 179.1230010986328 204.22799682617188 291.9939880371094
v 179.7949981689453 204.0800018310547 292.4700012207031
v 281.822998046875 225.093994140625 340.2640075683594
v 281.9840087890625 225.07699584960938 342.5830078125
v 212.21200561523438 199.24899291992188 328.27801513671875
v 212.2469940185547 198.1060028076172 328.02099609375
v 178.718994140625 205.18499755859375 291.4119873046875
v 179.19000244140625 205.05499267578125 291.87200927734375
v 179.85499572753906 204.93499755859375 292.3240051269531
v 180.45199584960938 204.74200439453125 293.1390075683594
v 206.97900390625 174.96099853515625 334.3330078125
v 196.32200622558594 205.03399658203125 292.4620056152344
v 195.2259979248047 204.08700561523438 294.4330139160156
v 179.33099365234375 205.86399841308594 291.5419921875
v 179.9040069580078 205.79600524902344 292.0840148925781
v 180.41600036621094 205.57000732421875 292.6759948730469
v 270.0190124511719 216.18299865722656 336.0509948730469
v 217.2100067138672 194.49400329589844 334.8699951171875
v 262.5610046386719 217.16299438476562 337.4590148925781
v 276.01300048828125 219.25900268554688 336.5589904785156
v 180.33799743652344 182.60800170898438 312.864013671875
v 233.69000244140625 222.9080047607422 338.5580139160156
v 179.97999572753906 206.76699829101562 291.7179870605469
v 180.56700134277344 206.5330047607422 292.5570068359375
v 180.98699951171875 205.91400146484375 293.72198486328125
v 235.77999877929688 226.39700317382812 331.6159973144531
v 238.6790008544922 222.32000732421875 324.1470031738281
v 180.1580047607422 207.73800659179688 291.64300537109375
v 180.69200134277344 207.51699829101562 292.3059997558594
v 181.18299865722656 207.46800231933594 293.39599609375
v 223.64199829101562 188.88400268554688 341.2120056152344
v 223.59800720214844 190.02499389648438 341.08599853515625
v 230.281005859375 215.5449981689453 335.02899169921875
v 231.87899780273438 217.71600341796875 334.9440002441406
v 185.9239959716797 213.7010040283203 296.9859924316406
v 187.18699645996094 214.4250030517578 296.9309997558594
v 180.22900390625 208.5780029296875 291.5199890136719
v 180.7519989013672 208.32000732421875 292.1130065917969
v 281.4859924316406 234.28599548339844 336.0509948730469
v 198.13800048828125 207.46800231933594 293.2980041503906
v 198.36300659179688 208.21499633789062 292
v 198.35899353027344 208.2519989013672 293.3970031738281
v 235.38400268554688 194.7530059814453 331.2309875488281
v 198.9709930419922 180.9320068359375 307.5400085449219
v 180.78500366210938 209.1840057373047 291.95001220703125
v 230.44900512695312 191.63699340820312 336
v 229.0659942626953 189.05999755859375 335.7929992675781
v 231.58299255371094 187.42799377441406 326.23199462890625
v 196.99000549316406 214.18099975585938 296.27398681640625
v 197.78599548339844 213.6219940185547 297.1470031738281
v 196.82200622558594 214.00999450683594 298.10198974609375
v 198.1529998779297 213.13099670410156 295.8500061035156
v 181.29299926757812 209.86000061035156 292.3760070800781
v 186.13800048828125 205.75100708007812 315.9360046386719
v 228.31700134277344 213.07699584960938 335.0469970703125
v 198.3159942626953 209.00599670410156 292.46099853515625
v 235.06399536132812 226.45199584960938 334.03900146484375
v 231.44400024414062 212.04100036621094 318.4549865722656
v 243.13099670410156 211.593994140625 339.45599365234375
v 242.58099365234375 210.63900756835938 339.0780029296875
v 215.66700744628906 194.06900024414062 333.46600341796875
v 181.43899536132812 210.62399291992188 292.36199951171875
v 245.3159942626953 230.9980010986328 330.4389953613281
v 227.53799438476562 219.5500030517578 337.0270080566406
v 181.69700622558594 210.26400756835938 293.125
v 202.6179962158203 179.41400146484375 310.4079895019531
v 203.7550048828125 180.20399475097656 311.6820068359375
v 241.20899963378906 212.97900390625 341.7969970703125
v 170.91099548339844 194.38800048828125 308.0010070800781
v 181.85899353027344 211.19500732421875 293.0889892578125
v 231.9980010986328 214.56500244140625 321.843994140625
v 230.6739959716797 207.93299865722656 327.65399169921875
v 208.24400329589844 186.93800354003906 339.7200012207031
v 273.5379943847656 223.0489959716797 348.739013671875
v 182.16799926757812 211.927001953125 293.2590026855469
v 190.97900390625 183.23500061035156 328.88299560546875
v 193.07699584960938 182.38499450683594 329.5539855957031
v 190.781005859375 184.56399536132812 329.7340087890625
v 246.17999267578125 229.06700134277344 345.98199462890625
v 183.22300720214844 213.06399536132812 292.1709899902344
v 182.9029998779297 212.88400268554688 293.35198974609375
v 188.6790008544922 214.87399291992188 294.3550109863281
v 190.23500061035156 215.10000610351562 295.8710021972656
v 188.5240020751953 214.8209991455078 296.3160095214844
v 192.7270050048828 207.39700317382812 312.0840148925781
v 202.68099975585938 173.81700134277344 330.9679870605469
v 203.72000122070312 173.31300354003906 329.6730041503906
v 178.50100708007812 187.69000244140625 296.2149963378906
v 177.68699645996094 185.9149932861328 294.8819885253906
v 227.83200073242188 214.5229949951172 333.2829895019531
v 183.67100524902344 213.4969940185547 293.0429992675781
v 277.1990051269531 228.25599670410156 333.39898681640625
v 223.73899841308594 194.9949951171875 332.375
v 184.49200439453125 213.76199340820312 291.9230041503906
v 264.8680114746094 235.00399780273438 342
v 270.20098876953125 234.80499267578125 339.0320129394531
v 269.51300048828125 234.85499572753906 337.8890075683594
v 225.031005859375 196.13299560546875 329.2139892578125
v 197.36300659179688 205.75799560546875 297.9419860839844
v 270.5350036621094 214.44700622558594 337.62701416015625
v 270.1409912109375 215.02000427246094 336.51800537109375
v 277.0690002441406 218.6300048828125 337.6289978027344
v 277.5199890136719 218.70799255371094 339.15301513671875
v 277.57598876953125 219.093994140625 337.32000732421875
v 276.7229919433594 217.74600219726562 339.4230041503906
v 219.5709991455078 184.33700561523438 318.968994140625
v 218.04400634765625 186.00599670410156 318.3039855957031
v 245.02099609375 231.53500366210938 331.364990234375
v 281.2820129394531 226.6479949951172 347.7359924316406
v 279.3739929199219 227.6230010986328 347.97900390625
v 196.34500122070312 211.51199340820312 309.14599609375
v 196.28199768066406 211.22500610351562 310.6029968261719
v 187.11399841308594 214.5679931640625 293.2850036621094
v 276.5719909667969 236.0019989013672 340.0589904785156
v 188.04400634765625 214.50900268554688 292.54400634765625
v 215.3350067138672 200.69900512695312 328.406005859375
v 206.1300048828125 196.92599487304688 328.4530029296875
v 207.41299438476562 197.6479949951172 328.2550048828125
v 218.87899780273438 195.55499267578125 329.9410095214844
v 246.4770050048828 234.0850067138672 340.04998779296875
v 230.19900512695312 219.0330047607422 338
v 230.11500549316406 205.08999633789062 337.5950012207031
v 193.10299682617188 214.22900390625 292.5740051269531
v 247.197998046875 214.22900390625 333.2950134277344
v 245.9759979248047 214.53700256347656 334.0459899902344
v 265.62298583984375 235.68499755859375 341.95098876953125
v 221.7550048828125 198.9669952392578 320.9679870605469
v 222.41299438476562 199.81300354003906 321.2120056152344
v 189.68600463867188 183.91299438476562 328.0069885253906
v 175.447998046875 207.7969970703125 308
v 184.7239990234375 214.25399780273438 304.7040100097656
v 186.9949951171875 215.00799560546875 305.2929992675781
v 218.697998046875 193.05099487304688 333.64801025390625
v 237.61500549316406 227.28399658203125 343.43701171875
v 236.08399963378906 226.677001953125 342.2340087890625
v 276.0880126953125 218.40199279785156 348.22698974609375
v 223.9969940185547 194.76699829101562 324.927001953125
v 224.72000122070312 195.89500427246094 324.2550048828125
v 201.0500030517578 190.55599975585938 316.81201171875
v 177.53199768066406 180.76400756835938 298.8070068359375
v 185.6999969482422 174.55499267578125 294.52301025390625
v 186.46299743652344 174.39199829101562 295.3789978027344
v 186.98699951171875 174.54400634765625 294.6510009765625
v 188.76800537109375 175.05099487304688 294.7980041503906
v 226.0019989013672 201.74400329589844 318
v 182.6699981689453 176.16400146484375 293.96600341796875
v 247.82699584960938 233.39700317382812 344.0899963378906
v 234.9720001220703 222.4239959716797 339.9460144042969
v 234.41200256347656 221.35000610351562 338.64599609375
v 243.83099365234375 207.84500122070312 333.9960021972656
v 272.0920104980469 236.33399963378906 341.65399169921875
v 281.6510009765625 225.85499572753906 347.56298828125
v 188.76100158691406 173.8560028076172 298.8529968261719
v 205.3820037841797 171.29400634765625 322.2699890136719
v 205.19500732421875 170.23199462890625 323.4219970703125
v 206.33900451660156 170.8939971923828 324.04998779296875
v 193.60899353027344 204.80299377441406 305.2690124511719
v 221.2989959716797 182.86199951171875 319.9739990234375
v 222.9550018310547 183.2519989013672 320.0929870605469
v 222.9320068359375 182.2740020751953 320.8349914550781
v 177.02499389648438 188.68099975585938 304.0509948730469
v 228.80499267578125 214.47999572753906 334.03399658203125
v 207.33700561523438 196.3679962158203 335.6860046386719
v 206.57899475097656 195.19500732421875 335.9330139160156
v 233.50100708007812 224.85400390625 334.635986328125
v 200.9669952392578 178.1020050048828 310.0710144042969
v 198.91900634765625 177.06300354003906 309.86199951171875
v 208.04299926757812 173.66799926757812 329.8890075683594
v 221.06500244140625 198.38900756835938 328.98699951171875
v 191.0279998779297 185.82000732421875 330.0150146484375
v 192.55599975585938 185.3979949951172 330.8630065917969
v 281.89898681640625 229.5749969482422 336.1130065917969
v 218.41600036621094 194.6479949951172 323.81201171875
v 218.48800659179688 195.07699584960938 322.6300048828125
v 219.8179931640625 195.70799255371094 324.0350036621094
v 217.9980010986328 194.54100036621094 322.1629943847656
v 229.2259979248047 203.33299255371094 327.9540100097656
v 230.04400634765625 204.45599365234375 327.6510009765625
v 229.9929962158203 203.3979949951172 327.2070007324219
v 223.09300231933594 208.23300170898438 330.3080139160156
v 276.09600830078125 217.24600219726562 341.1260070800781
v 205.5449981689453 197.12100219726562 330.8290100097656
v 171.8300018310547 208.4409942626953 308.7359924316406
v 171.5449981689453 207.33200073242188 308.4880065917969
v 229.48599243164062 204.79100036621094 324.0719909667969
v 229.8769989013672 203.35400390625 324.5379943847656
v 242.82000732421875 224.89700317382812 326.0480041503906
v 239.36599731445312 209.2010040283203 321.8330078125
v 252.5050048828125 226.8489990234375 335.5190124511719
v 231.83900451660156 218.2899932861328 335.9070129394531
v 263.77899169921875 213.4810028076172 341.13800048828125
v 227.96600341796875 197.58599853515625 318
v 230.66900634765625 199.093994140625 318.0119934082031
v 197.01100158691406 188.5050048828125 307.3609924316406
v 195.32000732421875 189.60400390625 306.4330139160156
v 197.34500122070312 186.33799743652344 306.6990051269531
v 220.5800018310547 179.8249969482422 335.7550048828125
v 180.88999938964844 198.07899475097656 295.8559875488281
v 170.44500732421875 197.60000610351562 308
v 234.03399658203125 196.5709991455078 319.7430114746094
v 218.56900024414062 195.0570068359375 321.0710144042969
v 186.0989990234375 188.35299682617188 325.614013671875
v 228.447998046875 219.5330047607422 336.04901123046875
v 258.8970031738281 227.75100708007812 345.3789978027344
v 237.447998046875 209.98300170898438 338.5710144042969
v 278.42401123046875 234.98699951171875 338.0820007324219
v 182.48699951171875 212.22000122070312 294.0690002441406
v 195.81300354003906 194.78199768066406 329.68701171875
v 187.89599609375 188.42100524902344 328.1260070800781
v 227.14100646972656 186.20199584960938 334.6709899902344
v 232.87899780273438 223.23300170898438 332.1990051269531
v 170.70199584960938 191.2259979248047 310.0090026855469
v 230.0050048828125 220.98800659179688 337.2650146484375
v 186.06900024414062 211.98399353027344 313.8450012207031
v 187.22999572753906 212.3280029296875 315.0840148925781
v 226.47900390625 195.802001953125 325.9880065917969
v 239.31199645996094 218.3000030517578 322.0509948730469
v 239.88699340820312 216.7740020751953 322.0320129394531
v 244.13400268554688 212.81300354003906 340.5190124511719
v 180.89999389648438 195.0780029296875 304.8680114746094
v 195.81500244140625 210.00999450683594 310.70098876953125
v 188.62399291992188 173.97300720214844 301.7879943847656
v 192.51300048828125 193.3179931640625 327.0150146484375
v 195.70899963378906 179.86399841308594 301.97601318359375
v 195.6999969482422 178.61099243164062 304.4429931640625
v 195.11099243164062 177.7989959716797 303.1180114746094
v 189.74600219726562 214.9709930419922 299.86700439453125
v 190.10699462890625 215.56700134277344 302.1669921875
v 275.1440124511719 230.10499572753906 344.927001953125
v 175.7310028076172 187.4530029296875 304.6709899902344
v 176.98800659179688 184.3560028076172 304.0889892578125
v 215.67799377441406 186.18699645996094 318.44500732421875
v 177.04100036621094 183.9149932861328 294.7149963378906
v 242.53700256347656 219.68600463867188 342.9049987792969
v 283.2430114746094 231.69700622558594 336.5459899902344
v 219.81500244140625 191.3000030517578 343.30499267578125
v 168.04800415039062 196.91700744628906 308.49798583984375
v 170.9340057373047 206.56399536132812 309.385009765625
v 178.35699462890625 191.40499877929688 305.947998046875
v 179.93499755859375 193.01400756835938 305.3630065917969
v 177.7689971923828 190.4550018310547 304.5660095214844
v 267.27099609375 234.6540069580078 338.6470031738281
v 169.5780029296875 200.3679962158203 309.5530090332031
v 263.27099609375 235.74000549316406 341.64300537109375
v 207.38800048828125 196.88499450683594 334.35198974609375
v 281.5780029296875 232.90699768066406 335.9620056152344
v 192.69400024414062 214.64700317382812 293.8529968261719
v 282.260009765625 228.33900451660156 347.43701171875
v 200.06500244140625 172.22900390625 318.0360107421875
v 253.2050018310547 225.14500427246094 335.9339904785156
v 190.83099365234375 191.5469970703125 328.3290100097656
v 191.85400390625 192.2050018310547 329.385986328125
v 191.86500549316406 192.69400024414062 327.5150146484375
v 176.60400390625 190.46600341796875 305.7170104980469
v 245.1739959716797 233.73199462890625 344.3089904785156
v 224.56900024414062 197.48399353027344 323.67498779296875
v 230.3260040283203 203.56700134277344 325.6629943847656
v 231.43099975585938 189.5989990234375 335.28399658203125
v 233.51699829101562 190.2689971923828 334.2760009765625
v 219.1199951171875 180.08299255371094 336.98199462890625
v 237.6179962158203 205.04600524902344 335.0539855957031
v 236.03500366210938 204.1699981689453 335.82000732421875
v 191.19200134277344 211.28700256347656 317.6470031738281
v 194.42599487304688 194.3520050048828 329.92498779296875
v 231.07200622558594 204.85899353027344 318.1260070800781
v 233.13499450683594 205.7570037841797 319.0249938964844
v 235.93299865722656 222.69500732421875 341.3219909667969
v 235.60800170898438 234.0399932861328 338.322998046875
v 223.3719940185547 193.45199584960938 328.7820129394531
v 222.7449951171875 193.5760040283203 327.4930114746094
v 170.5290069580078 189.71600341796875 308.3630065917969
v 220.7259979248047 183.75 341.5580139160156
v 189.572998046875 184.97900390625 293.6679992675781
v 216.35299682617188 200.23500061035156 328
v 179.00900268554688 198.96200561523438 307.9429931640625
v 174.6009979248047 196.42100524902344 317.9200134277344
v 223.03700256347656 195.5449981689453 318
v 256.8819885253906 218.74000549316406 337.0920104980469
v 219.4600067138672 202.9709930419922 333.27099609375
v 279.8479919433594 232.03399658203125 343.052001953125
v 235.17100524902344 234.16099548339844 338.8320007324219
v 234.74000549316406 233.79800415039062 338.4830017089844
v 201.91099548339844 177.5540008544922 310.70001220703125
v 238.01499938964844 231.94500732421875 337.6409912109375
v 237.927001953125 230.18699645996094 336.4049987792969
v 187.5760040283203 212.03199768066406 314.0169982910156
v 216.83799743652344 197.5659942626953 328
v 168.17100524902344 194.52099609375 308.3500061035156
v 168.05499267578125 195.2519989013672 308.4159851074219
v 259.5539855957031 224.46099853515625 345.37701416015625
v 282.97698974609375 226.41900634765625 343.0050048828125
v 280.9360046386719 235.7790069580078 337.0220031738281
v 281.5400085449219 235.38800048828125 336.3699951171875
v 244.43499755859375 209.75100708007812 329.2799987792969
v 253.19400024414062 233.41799926757812 339.6659851074219
v 178.25599670410156 210.1439971923828 317.0190124511719
v 217.92100524902344 182.781005859375 341.8599853515625
v 182.7989959716797 204.593994140625 296.1990051269531
v 252.2429962158203 225.39300537109375 344.7770080566406
v 211.90899658203125 176.28500366210938 336.12200927734375
v 197.0489959716797 195.44500732421875 326.781005859375
v 254.9550018310547 216.4429931640625 342.0069885253906
v 183.1060028076172 212.83399963378906 294.5379943847656
v 194.3280029296875 211.4040069580078 311.93798828125
v 190.4239959716797 210.61900329589844 317.95098876953125
v 190.375 211.3179931640625 317.6579895019531
v 259.1409912109375 232.02499389648438 337.3450012207031
v 220.7989959716797 181.6540069580078 320.552001953125
v 218.95399475097656 202.5449981689453 328.54998779296875
v 219.89300537109375 201.78900146484375 328
v 222.58099365234375 193.20899963378906 329.0769958496094
v 171.25100708007812 200.86500549316406 313.239990234375
v 180.4429931640625 197.34500122070312 307.6130065917969
v 180.25799560546875 195.47999572753906 307.6499938964844
v 181.05099487304688 195.80799865722656 306.81500244140625
v 178.5050048828125 196.8489990234375 307.9700012207031
v 194.281005859375 194.93699645996094 327.09100341796875
v 233.50399780273438 216.72799682617188 322.0419921875
v 198.56300354003906 187.17599487304688 308.4960021972656
v 228.81300354003906 196.5189971923828 337.4330139160156
v 226.85699462890625 210.30299377441406 337.6709899902344
v 220.4739990234375 202.97300720214844 328.3139953613281
v 203.5240020751953 169.85000610351562 322.8219909667969
v 225.1320037841797 201.62399291992188 318.0509948730469
v 223.99200439453125 194.60800170898438 331.2099914550781
v 208.9929962158203 174.6020050048828 333.92401123046875
v 243.22500610351562 227.93699645996094 329.385986328125
v 232.5469970703125 188.781005859375 334.1440124511719
v 178.4739990234375 194.9409942626953 307.9440002441406
v 173.7689971923828 187.1699981689453 306.52099609375
v 269.8909912109375 236.3520050048828 341.6109924316406
v 172.9770050048828 196.99899291992188 317.70001220703125
v 193.822998046875 202.4929962158203 296.0379943847656
v 180.14599609375 188.56500244140625 301.4209899902344
v 179.2030029296875 186.47300720214844 300.3800048828125
v 178.51800537109375 211.7030029296875 305.5539855957031
v 179.2220001220703 212.0489959716797 304.50799560546875
v 224.41099548339844 209.4290008544922 330.0450134277344
v 224.406005859375 210.86599731445312 330.3340148925781
v 198.34500122070312 173.06500244140625 317.1210021972656
v 181.38299560546875 199.9720001220703 297.34600830078125
v 237.5469970703125 234.26800537109375 338
v 238.53500366210938 234.08799743652344 338
v 219.82899475097656 195.30999755859375 325.31500244140625
v 243.2989959716797 223.56900024414062 326
v 191.9709930419922 215.677001953125 304.8389892578125
v 192.83299255371094 215.23899841308594 306.2900085449219
v 190.37100219726562 215.69900512695312 304.3890075683594
v 217.24899291992188 189.9239959716797 343.7359924316406
v 234.38900756835938 229.17100524902344 337.7460021972656
v 208.4199981689453 196.58599853515625 336.02099609375
v 182.7519989013672 210.8520050048828 302.6839904785156
v 219.46200561523438 181.16099548339844 320.6319885253906
v 176.7010040283203 210.07000732421875 315.6390075683594
v 215.46600341796875 191.38299560546875 342.15301513671875
v 181.87399291992188 210.14999389648438 317.7929992675781
v 178.51199340820312 186.4969940185547 298.28399658203125
v 180.12899780273438 188.8070068359375 299.6109924316406
v 181.35299682617188 204.24099731445312 294.7030029296875
v 197.8070068359375 173.7469940185547 314.75799560546875
v 197.64500427246094 174.5050048828125 313.01800537109375
v 176.1529998779297 210.9040069580078 308.42401123046875
v 204.468994140625 178.45199584960938 314.3080139160156
v 205.01100158691406 178.3419952392578 336.0369873046875
v 228.43299865722656 218.72000122070312 336.0459899902344
v 181.91200256347656 205.5919952392578 295.1789855957031
v 236.75900268554688 221.62100219726562 323.10400390625
v 238.60400390625 209.98500061035156 338.85400390625
v 274.1499938964844 220.2989959716797 349.9580078125
v 188.86700439453125 213.03599548339844 310.5379943847656
v 273.9809875488281 224.07000732421875 348.1419982910156
v 254.8800048828125 226.23300170898438 336
v 205.91700744628906 197.2790069580078 329.697998046875
v 185.86900329589844 176.6269989013672 308.8489990234375
v 198.41400146484375 210.80499267578125 294.5119934082031
v 198.66900634765625 210.4040069580078 295.42498779296875
v 198.2530059814453 211.5489959716797 294.5329895019531
v 198.66299438476562 211.22000122070312 295.4620056152344
v 196.2310028076172 173.51600646972656 316.9179992675781
v 173.1739959716797 204.9600067138672 317.69000244140625
v 198.11399841308594 212.42300415039062 294.7850036621094
v 198.2169952392578 175.7259979248047 311.2430114746094
v 196.29200744628906 175.8300018310547 309.64801025390625
v 244.6820068359375 222.13400268554688 344.0069885253906
v 195.41600036621094 183.4459991455078 302.03900146484375
v 194.83099365234375 184.81900024414062 300.8580017089844
v 180.23399353027344 190.88299560546875 298.41400146484375
v 225.0290069580078 194.947998046875 325.2120056152344
v 197.4969940185547 213.31500244140625 295.0400085449219
v 177.7429962158203 184.64199829101562 298.8179931640625
v 178.04200744628906 184.6699981689453 300.6579895019531
v 177.24899291992188 184.7259979248047 296.9700012207031
v 206.95599365234375 172.01199340820312 323.24798583984375
v 170.36599731445312 190.7050018310547 307.2720031738281
v 171.33200073242188 190.8419952392578 307.0719909667969
v 273.7950134277344 219.2050018310547 349.9119873046875
v 261.7239990234375 233.36900329589844 339.17498779296875
v 260.6919860839844 232.72000122070312 338.4670104980469
v 193.6179962158203 215.06500244140625 296.9219970703125
v 273.5220031738281 216.26699829101562 343.18499755859375
v 206.9029998779297 186.5399932861328 338.6549987792969
v 206.8979949951172 182.66700744628906 338.37298583984375
v 194.0189971923828 214.72999572753906 295.2720031738281
v 191.7469940185547 208.4199981689453 316.93499755859375
v 277.7170104980469 222.00999450683594 348.23199462890625
v 277.78900146484375 221.2760009765625 347.7640075683594
v 218.35499572753906 184.35899353027344 342.3500061035156
v 219.23399353027344 185.58999633789062 343.4219970703125
v 217.2570037841797 185.50599670410156 342.8840026855469
v 271.4389953613281 214.76400756835938 339.1730041503906
v 181.5679931640625 207.12399291992188 304.25
v 185.13800048828125 176.94500732421875 306.7669982910156
v 232.40899658203125 210.97799682617188 318.7139892578125
v 242.85899353027344 208.73199462890625 326.70098876953125
v 192.14999389648438 215.07200622558594 295.23199462890625
v 212.9499969482422 188.73699951171875 325.60400390625
v 179.5290069580078 211.01100158691406 314.2669982910156
v 187.4029998779297 174.2830047607422 295.9729919433594
v 262.65899658203125 235.37100219726562 341.62200927734375
v 204.05099487304688 173.71499633789062 330.9729919433594
v 225.21099853515625 195.32699584960938 328.68798828125
v 236.11399841308594 220.14199829101562 322.04901123046875
v 232.02699279785156 221.11000061035156 336.6610107421875
v 280.77801513671875 235.17599487304688 341.0469970703125
v 210.5030059814453 176.16900634765625 336.24700927734375
v 208.5449981689453 176 335.6730041503906
v 233.65699768066406 189.10499572753906 333.7929992675781
v 234.7100067138672 190.53199768066406 333.2760009765625
v 210.22000122070312 181.6280059814453 339.9639892578125
v 209.07699584960938 182.0449981689453 339.2799987792969
v 238.8560028076172 235.44700622558594 338.0559997558594
v 228.88299560546875 213.95899963378906 325.0060119628906
v 282.5220031738281 226.03599548339844 340.906005859375
v 219.0709991455078 200.72000122070312 338.81298828125
v 217.74600219726562 199.98500061035156 338.47198486328125
v 240.0489959716797 212.4340057373047 340.9809875488281
v 199.4290008544922 183.8979949951172 308.3290100097656
v 211.25999450683594 194.39700317382812 340.9469909667969
v 206.52200317382812 173.72500610351562 321.6289978027344
v 229.24200439453125 209.8260040283203 318.0459899902344
v 229.2519989013672 210.625 318.0929870605469
v 212.25399780273438 196.01699829101562 340.25799560546875
v 212.61599731445312 180.3489990234375 318.5400085449219
v 195.19900512695312 174.23199462890625 319.30999755859375
v 237.49600219726562 221.56399536132812 323.0690002441406
v 224.36700439453125 208.75900268554688 335.0369873046875
v 224.49000549316406 182.406005859375 322.3580017089844
v 232.5780029296875 209.23599243164062 318.7349853515625
v 173.90499877929688 190.2899932861328 306.14300537109375
v 183.6009979248047 212.23300170898438 295.6390075683594
v 283.1239929199219 234.41700744628906 337.0769958496094
v 224.45599365234375 195.27000427246094 330.10198974609375
v 196.8350067138672 212.8820037841797 299.90301513671875
v 179.8090057373047 213.447998046875 305.8320007324219
v 178.75599670410156 213.04100036621094 305.97198486328125
v 196.02099609375 213.25900268554688 305.3900146484375
v 195.2830047607422 214.1790008544922 305.5820007324219
v 214.5659942626953 177.0679931640625 335.54400634765625
v 218.42999267578125 190.7310028076172 343.74700927734375
v 223.55799865722656 201.3000030517578 319.3819885253906
v 223.66700744628906 201.29100036621094 320.9639892578125
v 269.2090148925781 219.46800231933594 346.59698486328125
v 258.4100036621094 215.46499633789062 341.13299560546875
v 222.93899536132812 200.57000732421875 320.6679992675781
v 181.85800170898438 212.156005859375 303.86700439453125
v 182.64999389648438 213.5030059814453 304.3970031738281
v 181.07899475097656 213.2310028076172 304.364990234375
v 268.1369934082031 214.50599670410156 344.0589904785156
v 279.58599853515625 228.47900390625 334.0469970703125
v 169.2729949951172 200.45700073242188 308.9010009765625
v 170.30499267578125 200.7969970703125 309.1910095214844
v 170.0919952392578 200.3679962158203 308.3949890136719
v 213.0850067138672 194.0919952392578 336.5150146484375
v 244.60000610351562 229.23599243164062 330
v 188.44900512695312 182.36099243164062 321.21099853515625
v 187.6739959716797 180.24899291992188 319.5559997558594
v 191.44500732421875 213.2449951171875 310.2760009765625
v 190.0189971923828 214.14500427246094 309.1159973144531
v 173.3990020751953 189.5800018310547 305.66900634765625
v 188.43899536132812 214.5749969482422 298.385986328125
v 170.5469970703125 192.2239990234375 308.0429992675781
v 173.88800048828125 209.9290008544922 308.4939880371094
v 173.94000244140625 209.0659942626953 308.07000732421875
v 197.27699279785156 209.99200439453125 301.2489929199219
v 196.54200744628906 209.92300415039062 304.08099365234375
v 188.00900268554688 194.62600708007812 298.8219909667969
v 169.41900634765625 196.93299865722656 308.01300048828125
v 204.21600341796875 174.14100646972656 332.3710021972656
v 217.10299682617188 176.69700622558594 326.26300048828125
v 194.00599670410156 176.26600646972656 304.010986328125
v 246.44200134277344 232.9550018310547 344.885009765625
v 246.24899291992188 233.7969970703125 343.7430114746094
v 228.88299560546875 210.20799255371094 329.64898681640625
v 174.22999572753906 186.41299438476562 307.32501220703125
v 274.5660095214844 216.78900146484375 342.67498779296875
v 196.01100158691406 214.4029998779297 299.4649963378906
v 182.6820068359375 211.81399536132812 295.1289978027344
v 232.38600158691406 229.2760009765625 339
v 255.72799682617188 216.91900634765625 343.2569885253906
v 178.04800415039062 212.36199951171875 305.7070007324219
v 177.9219970703125 212.86500549316406 305.4150085449219
v 178.0489959716797 211.76400756835938 307.34600830078125
v 247.4949951171875 234.072998046875 343.1059875488281
v 255.04800415039062 227.41200256347656 345.4549865722656
v 180.27200317382812 211.83599853515625 304.3290100097656
v 191.43899536132812 212.18699645996094 316.0150146484375
v 183.10400390625 209.60800170898438 317.989013671875
v 183.16000366210938 210.8730010986328 317.67999267578125
v 174.24600219726562 210.39100646972656 309.1669921875
v 246.2259979248047 231.7259979248047 332.0409851074219
v 193.7480010986328 212.1929931640625 311.4169921875
v 177.78399658203125 182.3260040283203 303.5429992675781
v 177.3249969482422 183.24400329589844 301.42999267578125
v 177.76199340820312 181.29800415039062 301.10198974609375
v 173.49000549316406 202.91900634765625 308.0769958496094
v 198.4290008544922 208.2239990234375 297.0480041503906
v 191.88099670410156 215.22300720214844 296.9320068359375
v 190.84500122070312 215.12100219726562 298.3110046386719
v 227.6490020751953 217.1510009765625 337.9169921875
v 211.72000122070312 179.73300170898438 339.156005859375
v 198.66400146484375 210.07000732421875 296.7080078125
v 198.64199829101562 210.8769989013672 296.66900634765625
v 193.1269989013672 213.20599365234375 310.1940002441406
v 168.68299865722656 199.99400329589844 309.23699951171875
v 219.5749969482422 182.32200622558594 341.010009765625
v 219.6300048828125 183.93699645996094 342.1910095214844
v 235.0679931640625 228.03399658203125 341.3070068359375
v 275.70098876953125 218.08099365234375 348.8429870605469
v 220.09800720214844 182.8800048828125 319.79901123046875
v 220.9409942626953 184.15699768066406 319.1669921875
v 275.322998046875 217.75399780273438 348.4100036621094
v 188.03700256347656 210.0489959716797 318
v 194.9949951171875 214.86199951171875 296.75799560546875
v 195.94200134277344 214.70399475097656 297.4649963378906
v 217.5540008544922 177.4429931640625 328.7349853515625
v 184.35899353027344 210.61900329589844 317.95098876953125
v 194.22000122070312 214.90499877929688 305.88299560546875
v 168.23699951171875 199.36199951171875 309.1579895019531
v 168.5850067138672 199.82000732421875 308.62799072265625
v 204.8509979248047 179.9199981689453 336.5920104980469
v 194.59800720214844 176.63699340820312 305.39898681640625
v 195.02499389648438 176.04400634765625 307.2659912109375
v 229.94700622558594 202.32200622558594 325.1520080566406
v 211.26199340820312 177.82000732421875 337.6659851074219
v 169.21200561523438 200.1790008544922 308.3659973144531
v 210.5070037841797 193.06500244140625 340.8659973144531
v 276.7380065917969 218.11500549316406 341.15301513671875
v 254.0760040283203 217.79400634765625 338.9809875488281
v 202.76600646972656 178.7729949951172 335.7229919433594
v 243.85400390625 227.38099670410156 328.84698486328125
v 198.1719970703125 180.6529998779297 332.56298828125
v 220.66400146484375 190.54299926757812 343.73199462890625
v 216.04400634765625 195.02999877929688 338.89801025390625
v 251.89599609375 227.70599365234375 345.88800048828125
v 221.94500732421875 193.18899536132812 328.25299072265625
v 189.54200744628906 214.83999633789062 297.4840087890625
v 218.3000030517578 181.59800720214844 340.6789855957031
v 172.9709930419922 188.76499938964844 305.8030090332031
v 173.77499389648438 188.7949981689453 305.1239929199219
v 173.6199951171875 187.9409942626953 305.67498779296875
v 177.91000366210938 193.11700439453125 307.8609924316406
v 279.6189880371094 227.29200744628906 334.76800537109375
v 174.48699951171875 187.97300720214844 305.0050048828125
v 172.23699951171875 194.48500061035156 307.9989929199219
v 187.89199829101562 196.89700317382812 300.92498779296875
v 249.95700073242188 217.8939971923828 341.47698974609375
v 193.74400329589844 214.68800354003906 307.39300537109375
v 198.406005859375 209.24600219726562 297.8219909667969
v 197.8159942626953 208.17599487304688 299.2340087890625
v 188.1739959716797 195.28199768066406 302.5710144042969
v 229.88099670410156 202.40499877929688 326.6159973144531
v 174.21099853515625 208.21299743652344 308.0010070800781
v 181.031005859375 195.11399841308594 302.49700927734375
v 195.6840057373047 207.66799926757812 304.7380065917969
v 169.70799255371094 190.2519989013672 307.4599914550781
v 169.93299865722656 190.2729949951172 307.1260070800781
v 169.99600219726562 189.95399475097656 307.45001220703125
v 224.77699279785156 202.23399353027344 321.1549987792969
v 198.30999755859375 210.4290008544922 297.99700927734375
v 247.20599365234375 232.2429962158203 334.32000732421875
v 180.41099548339844 193.697998046875 303.5950012207031
v 179.38900756835938 179.97500610351562 302.7550048828125
v 197.8979949951172 209.7030029296875 299.34100341796875
v 218.93499755859375 202.88600158691406 334.9849853515625
v 229.1999969482422 201.25399780273438 327.07501220703125
v 179.91299438476562 213.6580047607422 305
v 179.67599487304688 213.4510040283203 304.5429992675781
v 180.3350067138672 213.59300231933594 304.489990234375
v 179.1510009765625 213.33799743652344 305.0889892578125
v 230.25399780273438 208.4530029296875 324.8299865722656
v 177.10299682617188 182.08900451660156 299.5039978027344
v 196.56399536132812 212.82000732421875 304.2720031738281
v 177.89100646972656 212.83299255371094 304.97100830078125
v 178.3820037841797 212.99000549316406 304.9010009765625
v 178.45799255371094 212.45399475097656 304.72900390625
v 172.7469940185547 201.07699584960938 308.05999755859375
v 171.5330047607422 199.52000427246094 308.0050048828125
v 233.5260009765625 232.5469970703125 339.5199890136719
v 172.46099853515625 190.81399536132812 306.9599914550781
v 239.4530029296875 236.18899536132812 338.343994140625
v 173.07000732421875 190.2729949951172 306.35400390625
v 169.09500122070312 199.3719940185547 308.177001953125
v 179.0780029296875 212.94400024414062 304.45599365234375
v 168.86900329589844 194.2030029296875 308.13800048828125
v 170.23899841308594 199.37399291992188 308.02899169921875
v 171.9429931640625 190.26699829101562 306.43798828125
v 170.7259979248047 190.28799438476562 306.62298583984375
v 171.3699951171875 206.4029998779297 308.52099609375
v 180.6490020751953 213.75999450683594 305.114013671875
v 177.67999267578125 212.9550018310547 305.02099609375
v 179.9409942626953 212.9239959716797 304.22100830078125
v 172.0749969482422 205.4530029296875 308.30499267578125
v 172.552001953125 189.5659942626953 306.0559997558594
v 170.36199951171875 189.54100036621094 307.4289855957031
v 169.36099243164062 198.50900268554688 308.0159912109375
v 170.343994140625 198.50999450683594 308
v 168.69900512695312 196.1179962158203 308.10400390625
v 168.64300537109375 196.89300537109375 308.10400390625
v 168.6280059814453 197.7030029296875 308.1409912109375
v 169.4499969482422 197.7010040283203 308.010986328125

g grp1
usemtl mtl1
f 3 2 1 
f 4 1 2 
f 4 6 5 
f 7 5 6 
f 5 1 4 
f 8 1 5 
f 9 3 1 
f 10 9 1 
f 10 1 8 
f 13 12 11 
f 14 11 12 
f 15 5 7 
f 16 15 7 
f 17 8 5 
f 17 5 15 
f 18 10 8 
f 18 8 17 
f 20 11 19 
f 21 19 11 
f 22 10 18 
f 25 24 23 
f 26 23 24 
f 27 15 16 
f 28 27 16 
f 29 17 15 
f 29 15 27 
f 30 18 17 
f 30 17 29 
f 31 22 18 
f 32 31 18 
f 32 18 30 
f 33 31 32 
f 34 27 28 
f 35 27 34 
f 36 35 34 
f 35 29 27 
f 37 30 29 
f 37 29 35 
f 38 32 30 
f 38 30 37 
f 39 33 32 
f 39 32 38 
f 40 35 36 
f 41 40 36 
f 42 37 35 
f 42 35 40 
f 43 38 37 
f 43 37 42 
f 44 39 38 
f 45 44 38 
f 45 38 43 
f 48 47 46 
f 49 46 47 
f 50 40 41 
f 51 50 41 
f 52 42 40 
f 52 40 50 
f 53 43 42 
f 53 42 52 
f 54 45 43 
f 54 43 53 
f 57 56 55 
f 58 55 56 
f 60 59 45 
f 44 45 59 
f 60 45 54 
f 61 59 60 
f 62 50 51 
f 63 50 62 
f 64 63 62 
f 63 52 50 
f 65 53 52 
f 65 52 63 
f 66 54 53 
f 66 53 65 
f 67 60 54 
f 67 54 66 
f 70 69 68 
f 71 68 69 
f 74 73 72 
f 75 72 73 
f 76 60 67 
f 61 60 76 
f 77 61 76 
f 78 63 64 
f 79 63 78 
f 80 79 78 
f 79 65 63 
f 81 66 65 
f 81 65 79 
f 82 67 66 
f 82 66 81 
f 83 76 67 
f 83 67 82 
f 84 77 76 
f 87 86 85 
f 88 85 86 
f 84 76 83 
f 91 90 89 
f 92 89 90 
f 95 94 93 
f 96 93 94 
f 97 79 80 
f 98 79 97 
f 99 98 97 
f 98 81 79 
f 100 82 81 
f 100 81 98 
f 101 83 82 
f 101 82 100 
f 102 84 83 
f 102 83 101 
f 105 104 103 
f 106 103 104 
f 107 84 102 
f 110 109 108 
f 111 108 109 
f 112 98 99 
f 113 112 99 
f 114 100 98 
f 114 98 112 
f 115 101 100 
f 115 100 114 
f 116 102 101 
f 116 101 115 
f 117 107 102 
f 120 119 118 
f 121 118 119 
f 117 102 116 
f 124 123 122 
f 125 122 123 
f 128 127 126 
f 129 126 127 
f 130 112 113 
f 131 130 113 
f 132 114 112 
f 132 112 130 
f 133 115 114 
f 133 114 132 
f 134 116 115 
f 134 115 133 
f 135 117 116 
f 135 116 134 
f 138 137 136 
f 139 136 137 
f 140 117 135 
f 143 142 141 
f 144 141 142 
f 145 130 131 
f 146 130 145 
f 147 146 145 
f 146 132 130 
f 148 133 132 
f 148 132 146 
f 149 134 133 
f 149 133 148 
f 150 135 134 
f 150 134 149 
f 151 140 135 
f 154 153 152 
f 155 152 153 
f 151 135 150 
f 158 157 156 
f 159 156 157 
f 161 157 160 
f 162 160 157 
f 163 146 147 
f 148 146 163 
f 164 148 163 
f 165 148 164 
f 168 167 166 
f 169 166 167 
f 165 149 148 
f 170 150 149 
f 170 149 165 
f 171 151 150 
f 171 150 170 
f 154 152 172 
f 173 172 152 
f 174 151 171 
f 175 151 174 
f 178 177 176 
f 179 176 177 
f 181 180 164 
f 165 164 180 
f 182 170 165 
f 182 165 180 
f 183 171 170 
f 183 170 182 
f 184 174 171 
f 184 171 183 
f 185 180 181 
f 186 185 181 
f 187 182 180 
f 187 180 185 
f 188 183 182 
f 188 182 187 
f 189 184 183 
f 189 183 188 
f 190 185 186 
f 191 190 186 
f 192 187 185 
f 192 185 190 
f 193 188 187 
f 193 187 192 
f 194 189 188 
f 194 188 193 
f 195 190 191 
f 196 195 191 
f 197 192 190 
f 197 190 195 
f 198 193 192 
f 198 192 197 
f 199 194 193 
f 199 193 198 
f 200 195 196 
f 201 200 196 
f 200 197 195 
f 204 203 202 
f 205 202 203 
f 208 207 206 
f 209 206 207 
f 210 198 197 
f 210 197 200 
f 211 199 198 
f 211 198 210 
f 214 213 212 
f 215 212 213 
f 218 217 216 
f 219 216 217 
f 222 221 220 
f 223 220 221 
f 226 225 224 
f 227 224 225 
f 228 159 161 
f 157 161 159 
f 200 229 210 
f 230 210 229 
f 233 232 231 
f 234 231 232 
f 237 236 235 
f 238 235 236 
f 241 240 239 
f 242 239 240 
f 211 210 230 
f 108 244 243 
f 245 243 244 
f 248 247 246 
f 249 246 247 
f 252 251 250 
f 253 250 251 
f 256 255 254 
f 257 254 255 
f 258 255 256 
f 259 254 257 
f 4 2 260 
f 261 260 2 
f 261 3 255 
f 262 255 3 
f 261 2 3 
f 261 255 258 
f 263 257 255 
f 263 255 262 
f 264 259 257 
f 265 264 257 
f 265 257 263 
f 268 267 266 
f 269 266 267 
f 272 271 270 
f 273 270 271 
f 276 275 274 
f 277 274 275 
f 279 264 278 
f 265 278 264 
f 282 281 280 
f 283 280 281 
f 284 7 6 
f 285 284 6 
f 4 285 6 
f 260 285 4 
f 9 262 3 
f 288 287 286 
f 289 286 287 
f 10 262 9 
f 290 262 10 
f 263 262 290 
f 291 265 263 
f 291 263 290 
f 292 278 265 
f 292 265 291 
f 295 294 293 
f 296 293 294 
f 297 278 292 
f 279 278 297 
f 300 299 298 
f 301 298 299 
f 304 303 302 
f 305 302 303 
f 306 279 297 
f 309 308 307 
f 310 307 308 
f 313 312 311 
f 314 311 312 
f 284 16 7 
f 315 16 284 
f 316 284 285 
f 315 284 316 
f 22 290 10 
f 317 290 22 
f 320 319 318 
f 321 318 319 
f 322 291 290 
f 322 290 317 
f 323 292 291 
f 323 291 322 
f 324 297 292 
f 324 292 323 
f 325 306 297 
f 325 297 324 
f 328 327 326 
f 329 326 327 
f 332 331 330 
f 333 330 331 
f 336 335 334 
f 337 334 335 
f 315 28 16 
f 338 28 315 
f 339 315 316 
f 338 315 339 
f 31 317 22 
f 317 31 33 
f 340 317 33 
f 322 317 340 
f 341 323 322 
f 341 322 340 
f 342 324 323 
f 342 323 341 
f 343 325 324 
f 343 324 342 
f 346 345 344 
f 347 344 345 
f 348 325 343 
f 306 325 348 
f 338 34 28 
f 36 34 338 
f 339 36 338 
f 349 36 339 
f 39 340 33 
f 44 340 39 
f 350 341 340 
f 350 340 44 
f 351 342 341 
f 351 341 350 
f 352 343 342 
f 352 342 351 
f 355 354 353 
f 356 353 354 
f 359 358 357 
f 360 357 358 
f 361 343 352 
f 348 343 361 
f 364 363 362 
f 365 362 363 
f 349 366 41 
f 367 41 366 
f 41 36 349 
f 370 369 368 
f 371 368 369 
f 374 373 372 
f 375 372 373 
f 378 377 376 
f 379 376 377 
f 382 381 380 
f 383 380 381 
f 386 385 384 
f 387 384 385 
f 389 216 388 
f 390 388 216 
f 393 392 391 
f 394 391 392 
f 395 350 44 
f 396 351 350 
f 396 350 395 
f 397 352 351 
f 397 351 396 
f 398 361 352 
f 398 352 397 
f 401 400 399 
f 402 399 400 
f 405 404 403 
f 406 403 404 
f 408 407 24 
f 409 24 407 
f 412 411 410 
f 413 410 411 
f 416 415 414 
f 417 414 415 
f 367 51 41 
f 418 51 367 
f 421 420 419 
f 422 419 420 
f 418 367 423 
f 366 423 367 
f 426 425 424 
f 427 424 425 
f 395 44 59 
f 395 59 61 
f 428 395 61 
f 396 395 428 
f 429 397 396 
f 429 396 428 
f 430 398 397 
f 430 397 429 
f 433 432 431 
f 434 431 432 
f 435 398 430 
f 361 398 435 
f 438 437 436 
f 439 436 437 
f 440 361 435 
f 443 442 441 
f 444 441 442 
f 418 62 51 
f 445 64 62 
f 446 64 445 
f 423 445 62 
f 418 423 62 
f 447 446 445 
f 450 449 448 
f 451 448 449 
f 454 453 452 
f 455 452 453 
f 428 61 77 
f 458 457 456 
f 459 456 457 
f 460 428 77 
f 429 428 460 
f 461 430 429 
f 461 429 460 
f 462 435 430 
f 462 430 461 
f 463 440 435 
f 466 465 464 
f 467 464 465 
f 463 435 462 
f 470 469 468 
f 471 468 469 
f 474 473 472 
f 475 472 473 
f 446 78 64 
f 80 78 446 
f 447 80 446 
f 478 477 476 
f 479 476 477 
f 84 460 77 
f 217 481 480 
f 482 480 481 
f 485 484 483 
f 486 483 484 
f 489 488 487 
f 490 487 488 
f 461 460 491 
f 84 491 460 
f 492 462 461 
f 492 461 491 
f 493 463 462 
f 493 462 492 
f 496 495 494 
f 497 494 495 
f 498 463 493 
f 501 500 499 
f 502 499 500 
f 505 504 503 
f 506 503 504 
f 97 80 507 
f 447 507 80 
f 99 97 507 
f 508 99 507 
f 107 491 84 
f 509 491 107 
f 512 511 510 
f 172 510 511 
f 513 492 491 
f 513 491 509 
f 514 493 492 
f 514 492 513 
f 515 498 493 
f 515 493 514 
f 508 113 99 
f 516 113 508 
f 117 509 107 
f 519 518 517 
f 520 517 518 
f 140 509 117 
f 521 509 140 
f 513 509 521 
f 522 514 513 
f 522 513 521 
f 523 515 514 
f 523 514 522 
f 516 131 113 
f 526 525 524 
f 527 524 525 
f 530 529 528 
f 531 528 529 
f 534 533 532 
f 535 532 533 
f 538 537 536 
f 539 536 537 
f 540 522 521 
f 540 521 541 
f 140 541 521 
f 542 523 522 
f 545 544 543 
f 546 543 544 
f 542 522 540 
f 549 548 547 
f 550 547 548 
f 553 552 551 
f 554 551 552 
f 555 145 131 
f 556 555 131 
f 559 558 557 
f 560 557 558 
f 516 556 131 
f 555 147 145 
f 151 541 140 
f 175 541 151 
f 561 541 175 
f 540 541 561 
f 562 542 540 
f 562 540 561 
f 565 564 563 
f 566 563 564 
f 569 568 567 
f 138 567 568 
f 572 571 570 
f 573 570 571 
f 574 555 556 
f 575 574 556 
f 576 163 147 
f 555 576 147 
f 574 576 555 
f 579 578 577 
f 580 577 578 
f 164 163 576 
f 583 582 581 
f 584 581 582 
f 587 586 585 
f 588 585 586 
f 591 590 589 
f 592 589 590 
f 174 561 175 
f 593 561 174 
f 594 562 561 
f 594 561 593 
f 597 596 595 
f 598 595 596 
f 599 562 594 
f 542 562 599 
f 600 574 575 
f 601 600 575 
f 602 576 574 
f 602 574 600 
f 603 164 576 
f 603 576 602 
f 603 181 164 
f 606 605 604 
f 607 604 605 
f 610 609 608 
f 611 608 609 
f 612 177 178 
f 184 593 174 
f 613 593 184 
f 614 594 593 
f 614 593 613 
f 615 599 594 
f 615 594 614 
f 616 600 601 
f 617 616 601 
f 618 602 600 
f 618 600 616 
f 619 603 602 
f 619 602 618 
f 619 186 181 
f 619 181 603 
f 189 613 184 
f 620 613 189 
f 621 614 613 
f 621 613 620 
f 622 615 614 
f 622 614 621 
f 623 616 617 
f 624 616 623 
f 173 626 625 
f 627 625 626 
f 624 618 616 
f 628 619 618 
f 628 618 624 
f 628 191 186 
f 628 186 619 
f 194 620 189 
f 629 620 194 
f 630 621 620 
f 630 620 629 
f 631 622 621 
f 632 631 621 
f 632 621 630 
f 633 631 632 
f 636 635 634 
f 637 634 635 
f 639 638 623 
f 624 623 638 
f 640 628 624 
f 640 624 638 
f 640 196 191 
f 640 191 628 
f 199 629 194 
f 641 629 199 
f 642 630 629 
f 642 629 641 
f 643 632 630 
f 643 630 642 
f 644 633 632 
f 644 632 643 
f 645 638 639 
f 648 647 646 
f 649 646 647 
f 650 640 638 
f 650 638 645 
f 650 201 196 
f 650 196 640 
f 211 641 199 
f 651 641 211 
f 652 642 641 
f 652 641 651 
f 652 653 643 
f 644 643 653 
f 643 642 652 
f 656 655 654 
f 657 654 655 
f 660 659 658 
f 661 658 659 
f 664 663 662 
f 665 662 663 
f 667 666 639 
f 645 639 666 
f 668 650 645 
f 668 645 666 
f 671 670 669 
f 672 669 670 
f 675 674 673 
f 676 673 674 
f 679 678 677 
f 680 677 678 
f 683 682 681 
f 684 681 682 
f 201 650 668 
f 687 686 685 
f 688 685 686 
f 691 690 689 
f 692 689 690 
f 693 230 229 
f 651 211 230 
f 693 651 230 
f 694 651 693 
f 695 652 651 
f 695 651 694 
f 698 697 696 
f 699 696 697 
f 653 652 695 
f 700 124 122 
f 701 666 667 
f 702 701 667 
f 703 668 666 
f 703 666 701 
f 704 201 668 
f 704 668 703 
f 705 229 201 
f 200 201 229 
f 708 707 706 
f 709 706 707 
f 712 711 710 
f 713 710 711 
f 716 715 714 
f 717 714 715 
f 705 201 704 
f 720 719 718 
f 721 718 719 
f 724 723 722 
f 725 722 723 
f 728 727 726 
f 729 726 727 
f 693 229 705 
f 730 693 705 
f 730 694 693 
f 733 732 731 
f 734 731 732 
f 737 736 735 
f 738 735 736 
f 739 695 694 
f 739 694 730 
f 740 653 695 
f 741 740 695 
f 741 695 739 
f 118 383 742 
f 381 742 383 
f 743 701 702 
f 242 743 702 
f 744 703 701 
f 744 701 743 
f 745 704 703 
f 745 703 744 
f 746 705 704 
f 746 704 745 
f 747 730 705 
f 747 705 746 
f 749 748 731 
f 750 731 748 
f 751 730 747 
f 754 753 752 
f 755 752 753 
f 756 739 730 
f 96 758 757 
f 759 757 758 
f 751 756 730 
f 756 741 739 
f 762 761 760 
f 763 760 761 
f 764 282 280 
f 767 766 765 
f 768 765 766 
f 771 770 769 
f 772 769 770 
f 775 774 773 
f 776 773 774 
f 777 743 242 
f 780 779 778 
f 781 778 779 
f 782 744 743 
f 782 743 777 
f 783 745 744 
f 783 744 782 
f 784 746 745 
f 784 745 783 
f 785 747 746 
f 785 746 784 
f 786 751 747 
f 786 747 785 
f 787 756 751 
f 787 751 786 
f 789 788 760 
f 790 760 788 
f 791 756 787 
f 794 793 792 
f 795 792 793 
f 798 797 796 
f 799 796 797 
f 802 801 800 
f 803 800 801 
f 791 804 756 
f 741 756 804 
f 807 806 805 
f 808 805 806 
f 811 810 809 
f 812 809 810 
f 815 814 813 
f 816 813 814 
f 817 782 777 
f 818 781 779 
f 819 783 782 
f 819 782 817 
f 820 784 783 
f 820 783 819 
f 821 785 784 
f 821 784 820 
f 822 786 785 
f 822 785 821 
f 823 787 786 
f 823 786 822 
f 824 791 787 
f 824 787 823 
f 825 804 791 
f 826 825 791 
f 826 791 824 
f 829 828 827 
f 830 827 828 
f 832 817 831 
f 777 831 817 
f 833 832 831 
f 834 819 817 
f 834 817 832 
f 835 820 819 
f 835 819 834 
f 836 821 820 
f 836 820 835 
f 837 822 821 
f 837 821 836 
f 838 823 822 
f 838 822 837 
f 839 824 823 
f 839 823 838 
f 840 826 824 
f 840 824 839 
f 843 842 841 
f 844 841 842 
f 845 826 840 
f 825 826 845 
f 846 832 833 
f 847 373 374 
f 846 834 832 
f 850 849 848 
f 851 848 849 
f 178 853 852 
f 854 852 853 
f 855 835 834 
f 855 834 846 
f 856 836 835 
f 856 835 855 
f 857 837 836 
f 857 836 856 
f 858 838 837 
f 858 837 857 
f 859 839 838 
f 859 838 858 
f 860 840 839 
f 860 839 859 
f 861 845 840 
f 862 861 840 
f 862 840 860 
f 536 861 862 
f 865 864 863 
f 866 863 864 
f 868 846 867 
f 833 867 846 
f 871 870 869 
f 872 869 870 
f 874 873 849 
f 875 849 873 
f 877 684 876 
f 682 876 684 
f 868 855 846 
f 880 879 878 
f 881 878 879 
f 884 883 882 
f 885 882 883 
f 886 856 855 
f 886 855 868 
f 887 857 856 
f 887 856 886 
f 888 858 857 
f 888 857 887 
f 889 859 858 
f 889 858 888 
f 890 860 859 
f 890 859 889 
f 891 862 860 
f 891 860 890 
f 894 893 892 
f 895 892 893 
f 412 410 896 
f 897 896 410 
f 898 862 891 
f 536 862 898 
f 538 536 898 
f 901 900 899 
f 902 899 900 
f 905 904 903 
f 906 903 904 
f 907 320 318 
f 910 909 908 
f 661 908 909 
f 913 912 911 
f 914 911 912 
f 915 886 868 
f 916 886 915 
f 887 886 916 
f 917 887 916 
f 888 887 917 
f 918 888 917 
f 921 920 919 
f 922 919 920 
f 924 923 120 
f 119 120 923 
f 918 889 888 
f 927 926 925 
f 928 925 926 
f 929 890 889 
f 929 889 918 
f 930 891 890 
f 930 890 929 
f 931 898 891 
f 931 891 930 
f 143 932 393 
f 933 393 932 
f 936 935 934 
f 937 934 935 
f 938 898 931 
f 538 898 938 
f 538 938 939 
f 940 939 938 
f 943 942 941 
f 944 941 942 
f 947 946 945 
f 948 945 946 
f 949 927 925 
f 952 951 950 
f 953 950 951 
f 954 929 918 
f 957 956 955 
f 958 955 956 
f 959 930 929 
f 959 929 954 
f 960 931 930 
f 960 930 959 
f 961 938 931 
f 961 931 960 
f 962 940 938 
f 962 938 961 
f 965 964 963 
f 966 963 964 
f 967 698 696 
f 968 940 962 
f 740 969 653 
f 970 653 969 
f 243 972 971 
f 973 971 972 
f 975 954 974 
f 918 974 954 
f 205 977 976 
f 978 976 977 
f 979 959 954 
f 979 954 975 
f 980 960 959 
f 980 959 979 
f 981 961 960 
f 981 960 980 
f 982 962 961 
f 982 961 981 
f 983 968 962 
f 983 962 982 
f 985 984 968 
f 940 968 984 
f 986 985 968 
f 986 968 983 
f 527 988 987 
f 989 987 988 
f 992 991 990 
f 993 990 991 
f 996 995 994 
f 997 994 995 
f 999 998 592 
f 1000 592 998 
f 949 925 1001 
f 1002 1001 925 
f 1004 979 1003 
f 975 1003 979 
f 1005 1004 1003 
f 1004 980 979 
f 1006 981 980 
f 1006 980 1004 
f 1007 982 981 
f 1007 981 1006 
f 1008 983 982 
f 1008 982 1007 
f 1009 986 983 
f 1009 983 1008 
f 1012 1011 1010 
f 1013 1010 1011 
f 1016 1015 1014 
f 1017 1014 1015 
f 1018 986 1009 
f 1019 740 741 
f 1021 611 1020 
f 1022 1020 611 
f 1025 1024 1023 
f 1026 1023 1024 
f 1028 708 1027 
f 706 1027 708 
f 1004 1005 1029 
f 1030 1029 1005 
f 1029 1006 1004 
f 1031 1007 1006 
f 1031 1006 1029 
f 1032 1008 1007 
f 1032 1007 1031 
f 1033 1009 1008 
f 1033 1008 1032 
f 1034 1018 1009 
f 1034 1009 1033 
f 1037 1036 1035 
f 1038 1035 1036 
f 1039 1018 1034 
f 678 1041 1040 
f 1042 1040 1041 
f 1043 1029 1030 
f 1031 1029 1043 
f 1044 1031 1043 
f 1032 1031 1044 
f 1045 1032 1044 
f 1033 1032 1045 
f 1046 1033 1045 
f 1034 1033 1046 
f 1047 1034 1046 
f 1039 1034 1047 
f 658 232 233 
f 1049 1048 236 
f 238 236 1048 
f 1052 1051 1050 
f 1053 1050 1051 
f 1056 1055 1054 
f 1057 1054 1055 
f 1060 1059 1058 
f 1061 1058 1059 
f 1063 1062 215 
f 212 215 1062 
f 1065 584 1064 
f 1066 1064 584 
f 1069 1068 1067 
f 1070 1067 1068 
f 1073 1072 1071 
f 1074 1071 1072 
f 1075 1072 1073 
f 1071 1074 1076 
f 1077 1076 1074 
f 1078 1076 1077 
f 1081 1080 1079 
f 1082 1079 1080 
f 1083 1080 1081 
f 1075 1079 1082 
f 1082 1072 1075 
f 1084 1072 1082 
f 1085 1074 1072 
f 1085 1072 1084 
f 1086 1077 1074 
f 1086 1074 1085 
f 1087 1078 1077 
f 1088 1087 1077 
f 1088 1077 1086 
f 1089 1087 1088 
f 1083 1091 1090 
f 1092 1090 1091 
f 1090 1080 1083 
f 1093 1080 1090 
f 1094 1082 1080 
f 1094 1080 1093 
f 1095 1084 1082 
f 1095 1082 1094 
f 1096 1085 1084 
f 1096 1084 1095 
f 1097 1086 1085 
f 1097 1085 1096 
f 1098 1088 1086 
f 1098 1086 1097 
f 1099 1089 1088 
f 1099 1088 1098 
f 1100 1090 1092 
f 1101 1100 1092 
f 1102 1093 1090 
f 1102 1090 1100 
f 1103 1094 1093 
f 1103 1093 1102 
f 1104 1095 1094 
f 1104 1094 1103 
f 1105 1096 1095 
f 1105 1095 1104 
f 1106 1097 1096 
f 1106 1096 1105 
f 1107 1098 1097 
f 1107 1097 1106 
f 1108 1099 1098 
f 1108 1098 1107 
f 1101 1110 1109 
f 1111 1109 1110 
f 1109 1100 1101 
f 1112 1100 1109 
f 1113 1102 1100 
f 1113 1100 1112 
f 1114 1103 1102 
f 1114 1102 1113 
f 1115 1104 1103 
f 1115 1103 1114 
f 1116 1105 1104 
f 1116 1104 1115 
f 1117 1106 1105 
f 1117 1105 1116 
f 1118 1107 1106 
f 1118 1106 1117 
f 1119 1108 1107 
f 1119 1107 1118 
f 1122 1121 1120 
f 534 1120 1121 
f 1123 1109 1111 
f 1126 1125 1124 
f 1127 1124 1125 
f 1128 1109 1123 
f 1129 1112 1109 
f 1129 1109 1128 
f 1130 1113 1112 
f 1130 1112 1129 
f 1131 1114 1113 
f 1131 1113 1130 
f 1132 1115 1114 
f 1132 1114 1131 
f 1133 1116 1115 
f 1133 1115 1132 
f 1134 1117 1116 
f 1134 1116 1133 
f 1135 1118 1117 
f 1135 1117 1134 
f 1136 1119 1118 
f 1136 1118 1135 
f 1139 1138 1137 
f 1140 1137 1138 
f 1142 1123 1141 
f 1111 1141 1123 
f 1145 1144 1143 
f 1146 1143 1144 
f 1147 1123 1142 
f 1150 1149 1148 
f 1151 1148 1149 
f 1128 1123 1147 
f 1154 1153 1152 
f 1155 1152 1153 
f 1156 1129 1128 
f 1158 1157 1058 
f 1060 1058 1157 
f 1159 1156 1128 
f 1160 1130 1129 
f 1160 1129 1156 
f 1161 1131 1130 
f 1161 1130 1160 
f 1162 1132 1131 
f 1162 1131 1161 
f 1163 1133 1132 
f 1163 1132 1162 
f 1164 1134 1133 
f 1164 1133 1163 
f 1165 1135 1134 
f 1165 1134 1164 
f 1166 1136 1135 
f 1166 1135 1165 
f 256 1142 1167 
f 1141 1167 1142 
f 1167 258 256 
f 1168 258 1167 
f 1142 256 254 
f 1147 1142 254 
f 1147 254 259 
f 1169 1147 259 
f 1128 1147 1169 
f 1172 1171 1170 
f 1173 1170 1171 
f 1159 1128 1169 
f 1174 1160 1156 
f 1174 1156 1159 
f 1175 1161 1160 
f 1175 1160 1174 
f 1176 1162 1161 
f 1176 1161 1175 
f 1177 1163 1162 
f 1177 1162 1176 
f 1178 1164 1163 
f 1178 1163 1177 
f 1179 1165 1164 
f 1179 1164 1178 
f 1180 1166 1165 
f 1180 1165 1179 
f 1181 260 261 
f 1182 1181 261 
f 258 1182 261 
f 1168 1182 258 
f 264 1169 259 
f 947 1184 1183 
f 1185 1183 1184 
f 1188 1187 1186 
f 1189 1186 1187 
f 1191 1190 1018 
f 985 1018 1190 
f 264 1159 1169 
f 1159 264 279 
f 1174 1159 279 
f 1194 1193 1192 
f 1195 1192 1193 
f 907 711 712 
f 1198 1197 1196 
f 1199 1196 1197 
f 1175 1174 1200 
f 279 1200 1174 
f 1201 1176 1175 
f 1201 1175 1200 
f 1202 1177 1176 
f 1202 1176 1201 
f 1203 1178 1177 
f 1203 1177 1202 
f 1204 1179 1178 
f 1204 1178 1203 
f 1205 1180 1179 
f 1205 1179 1204 
f 1206 260 1181 
f 1207 1206 1181 
f 1206 285 260 
f 1207 1181 1182 
f 1210 1209 1208 
f 1211 1208 1209 
f 1214 1213 1212 
f 1215 1212 1213 
f 1218 1217 1216 
f 1219 1216 1217 
f 1221 300 1220 
f 298 1220 300 
f 1222 1200 306 
f 279 306 1200 
f 1201 1200 1222 
f 1223 1202 1201 
f 1223 1201 1222 
f 1224 1203 1202 
f 1224 1202 1223 
f 1225 1204 1203 
f 1225 1203 1224 
f 1226 1205 1204 
f 1226 1204 1225 
f 1206 316 285 
f 1227 316 1206 
f 1230 1229 1228 
f 1231 1228 1229 
f 1234 1233 1232 
f 1235 1232 1233 
f 346 1236 725 
f 1237 725 1236 
f 1238 1223 1222 
f 1241 1240 1239 
f 1242 1239 1240 
f 1245 1244 1243 
f 1246 1243 1244 
f 1247 1224 1223 
f 1247 1223 1238 
f 1248 1225 1224 
f 1248 1224 1247 
f 1249 1226 1225 
f 1249 1225 1248 
f 1227 339 316 
f 1250 339 1227 
f 348 1238 306 
f 1222 306 1238 
f 1253 1252 1251 
f 1254 1251 1252 
f 1257 1256 1255 
f 520 1255 1256 
f 1260 1259 1258 
f 1261 1258 1259 
f 1264 1263 1262 
f 1265 1262 1263 
f 1268 1267 1266 
f 1269 1266 1267 
f 1067 1270 1069 
f 1271 1069 1270 
f 1274 1273 1272 
f 1275 1272 1273 
f 598 1248 1247 
f 1278 1277 1276 
f 1279 1276 1277 
f 1281 1280 1121 
f 1282 1121 1280 
f 596 1249 1248 
f 1284 1192 1283 
f 1285 1283 1192 
f 596 1248 598 
f 1288 1287 1286 
f 1289 1286 1287 
f 1292 1291 1290 
f 1293 1290 1291 
f 1250 349 339 
f 1294 349 1250 
f 1297 1296 1295 
f 1298 1295 1296 
f 1301 1300 1299 
f 1302 1299 1300 
f 1305 1304 1303 
f 1306 1303 1304 
f 1309 1308 1307 
f 1310 1307 1308 
f 1313 1312 1311 
f 1314 1311 1312 
f 1317 1316 1315 
f 1318 1315 1316 
f 1321 1320 1319 
f 807 1319 1320 
f 1324 1323 1322 
f 1325 1322 1323 
f 1198 1327 1326 
f 1328 1326 1327 
f 1331 1330 1329 
f 1332 1329 1330 
f 1317 1333 1316 
f 1334 1316 1333 
f 1336 1247 1335 
f 1238 1335 1247 
f 598 1247 1336 
f 595 598 1336 
f 1283 1338 1337 
f 1339 1337 1338 
f 1340 276 1124 
f 1126 1124 276 
f 655 1342 1341 
f 1343 1341 1342 
f 1346 1345 1344 
f 1347 1344 1345 
f 1350 1349 1348 
f 1351 1348 1349 
f 1354 1353 1352 
f 1355 1352 1353 
f 880 763 879 
f 1356 879 763 
f 482 1357 480 
f 217 480 1357 
f 1359 1358 953 
f 950 953 1358 
f 1360 686 687 
f 1362 813 1361 
f 885 1361 813 
f 1365 1364 1363 
f 1366 1363 1364 
f 1367 303 304 
f 1370 1369 1368 
f 1371 1368 1369 
f 1373 1372 1194 
f 1193 1194 1372 
f 1376 1375 1374 
f 1377 1374 1375 
f 1378 1336 1335 
f 1381 1380 1379 
f 1382 1379 1380 
f 440 1378 1335 
f 922 595 1336 
f 922 1336 1378 
f 1383 1124 1127 
f 1386 1385 1384 
f 1387 1384 1385 
f 1323 1324 1388 
f 1389 1388 1324 
f 1390 366 1294 
f 349 1294 366 
f 913 1392 1391 
f 1393 1391 1392 
f 1396 1395 1394 
f 1397 1394 1395 
f 1400 1399 1398 
f 1401 1398 1399 
f 1404 1403 1402 
f 1405 1402 1403 
f 1390 423 366 
f 1312 1407 1406 
f 1408 1406 1407 
f 754 1409 753 
f 1410 753 1409 
f 1413 1412 1411 
f 966 1411 1412 
f 1414 1378 440 
f 1415 1173 1171 
f 1418 1417 1416 
f 1419 1416 1417 
f 1420 922 1378 
f 1420 1378 1414 
f 1386 1384 1421 
f 1422 1421 1384 
f 1423 1420 1414 
f 1424 790 788 
f 1425 445 423 
f 1426 1425 423 
f 1426 423 1390 
f 1425 447 445 
f 56 57 764 
f 1427 764 57 
f 1414 440 463 
f 1430 1429 1428 
f 1431 1428 1429 
f 1432 573 571 
f 1434 1433 1347 
f 1435 1347 1433 
f 1438 1437 1436 
f 1439 1436 1437 
f 1442 1441 1440 
f 1443 1440 1441 
f 1446 1445 1444 
f 1447 1444 1445 
f 1448 138 568 
f 1450 1449 1445 
f 1451 1445 1449 
f 1452 1414 498 
f 463 498 1414 
f 1455 1454 1453 
f 1456 1453 1454 
f 1320 1457 807 
f 806 807 1457 
f 1460 1459 1458 
f 1461 1458 1459 
f 1464 1463 1462 
f 1465 1462 1463 
f 1467 1466 363 
f 1468 363 1466 
f 1426 447 1425 
f 1469 1058 1061 
f 1471 1139 1470 
f 1472 1470 1139 
f 416 1474 1473 
f 1475 1473 1474 
f 1478 1477 1476 
f 1479 1476 1477 
f 1482 1481 1480 
f 1483 1480 1481 
f 1486 1485 1484 
f 1487 1484 1485 
f 1489 1477 1488 
f 1490 1488 1477 
f 515 1452 498 
f 1452 1423 1414 
f 1493 1492 1491 
f 1494 1491 1492 
f 1497 1496 1495 
f 1498 1495 1496 
f 1393 1499 312 
f 314 312 1499 
f 1502 1501 1500 
f 1503 1500 1501 
f 1506 1505 1504 
f 1507 1504 1505 
f 1510 1509 1508 
f 1511 1508 1509 
f 447 1426 507 
f 508 507 1426 
f 1514 1513 1512 
f 1515 1512 1513 
f 1518 1517 1516 
f 1519 1516 1517 
f 88 1521 1520 
f 141 1520 1521 
f 1524 1523 1522 
f 1525 1522 1523 
f 1525 1527 1526 
f 1528 1526 1527 
f 1531 1530 1529 
f 1532 1529 1530 
f 1533 1452 515 
f 1536 1535 1534 
f 95 1534 1535 
f 1539 1538 1537 
f 1540 1537 1538 
f 1543 1542 1541 
f 1544 1541 1542 
f 1546 1545 1457 
f 829 1457 1545 
f 1549 1548 1547 
f 1550 1547 1548 
f 708 1028 1551 
f 1552 1551 1028 
f 1555 1554 1553 
f 1556 1553 1554 
f 1558 1435 1557 
f 1559 1557 1435 
f 1562 1561 1560 
f 1563 1560 1561 
f 1566 1565 1564 
f 1567 1564 1565 
f 1568 950 1358 
f 1571 1570 1569 
f 1572 1569 1570 
f 1575 1574 1573 
f 1576 1573 1574 
f 1578 937 1577 
f 935 1577 937 
f 1251 1579 1253 
f 1580 1253 1579 
f 1582 128 1581 
f 1583 1581 128 
f 1586 1585 1584 
f 1587 1584 1585 
f 1024 1589 1588 
f 1590 1588 1589 
f 1592 1591 906 
f 1593 906 1591 
f 441 1594 636 
f 635 636 1594 
f 1597 1596 1595 
f 1598 1595 1596 
f 1600 684 1599 
f 928 1599 684 
f 1558 1601 1435 
f 1347 1435 1601 
f 1603 516 1602 
f 508 1602 516 
f 1606 1605 1604 
f 1607 1604 1605 
f 1608 525 1063 
f 1609 1063 525 
f 542 1533 523 
f 515 523 1533 
f 213 1610 215 
f 1608 215 1610 
f 1612 1376 1611 
f 1374 1611 1376 
f 1614 1022 1613 
f 1615 1613 1022 
f 1618 1617 1616 
f 1619 1616 1617 
f 1620 1514 1512 
f 1615 1022 611 
f 1622 1621 897 
f 1623 897 1621 
f 1603 556 516 
f 1624 867 833 
f 575 556 1603 
f 1626 1625 438 
f 1627 438 1625 
f 1628 111 1312 
f 1314 1312 111 
f 1631 1630 1629 
f 1632 1629 1630 
f 586 1633 588 
f 1634 588 1633 
f 1636 1533 1635 
f 542 1635 1533 
f 1639 1638 1637 
f 1640 1637 1638 
f 1643 1642 1641 
f 1644 1641 1642 
f 714 717 1645 
f 86 1645 717 
f 715 1646 717 
f 1647 717 1646 
f 599 1635 542 
f 615 1635 599 
f 1648 1636 1635 
f 1648 1635 615 
f 1649 601 575 
f 1652 1651 1650 
f 1653 1650 1651 
f 1654 601 1649 
f 1657 1656 1655 
f 1658 1655 1656 
f 1661 1660 1659 
f 1662 1659 1660 
f 633 622 631 
f 1665 1664 1663 
f 1666 1663 1664 
f 1668 1667 1660 
f 1662 1660 1667 
f 1448 1670 1669 
f 1671 1669 1670 
f 1654 617 601 
f 1632 617 1654 
f 1673 715 1672 
f 1674 1672 715 
f 1677 1676 1675 
f 1678 1675 1676 
f 1680 1122 1679 
f 1120 1679 1122 
f 633 1648 622 
f 615 622 1648 
f 1682 1681 1676 
f 1683 1676 1681 
f 289 287 1684 
f 1685 1684 287 
f 1688 1687 1686 
f 1689 1686 1687 
f 1692 1691 1690 
f 1493 1690 1691 
f 1522 1525 1526 
f 573 1694 1693 
f 1695 1693 1694 
f 1698 1697 1696 
f 1699 1696 1697 
f 1702 1701 1700 
f 1703 1700 1701 
f 1706 1705 1704 
f 1707 1704 1705 
f 1710 1709 1708 
f 1711 1708 1709 
f 1714 1713 1712 
f 1715 1712 1713 
f 1716 1679 1120 
f 1718 1717 675 
f 674 675 1717 
f 1720 1719 690 
f 1721 690 1719 
f 1171 1723 1722 
f 1724 1722 1723 
f 1727 1726 1725 
f 1728 1725 1726 
f 1731 1730 1729 
f 1732 1729 1730 
f 1391 1393 1733 
f 313 1733 1393 
f 639 623 1630 
f 1632 1630 623 
f 1256 1636 1734 
f 1648 1734 1636 
f 1689 1252 1253 
f 1735 1289 1287 
f 1737 1736 647 
f 1738 647 1736 
f 1740 1739 162 
f 160 162 1739 
f 1743 1742 1741 
f 1744 1741 1742 
f 970 644 653 
f 1747 1746 1745 
f 1748 1745 1746 
f 1751 1750 1749 
f 1301 1749 1750 
f 1754 1753 1752 
f 1755 1752 1753 
f 248 246 1756 
f 1757 1756 246 
f 1758 1366 1364 
f 1630 667 639 
f 1021 1049 236 
f 1631 667 1630 
f 1761 1760 1759 
f 1762 1759 1760 
f 1764 1763 124 
f 1765 124 1763 
f 1767 1766 468 
f 470 468 1766 
f 1631 702 667 
f 1768 702 1631 
f 1770 1769 587 
f 1771 587 1769 
f 1551 1773 1772 
f 1774 1772 1773 
f 1777 1776 1775 
f 1778 1775 1776 
f 1780 1779 1331 
f 1781 1331 1779 
f 1784 1783 1782 
f 1785 1782 1783 
f 1788 1787 1786 
f 1789 1786 1787 
f 242 702 1768 
f 1792 1791 1790 
f 1793 1790 1791 
f 1795 1794 320 
f 319 320 1794 
f 969 740 1019 
f 1798 1797 1796 
f 1799 1796 1797 
f 1802 1801 1800 
f 1803 1800 1801 
f 1806 1805 1804 
f 1807 1804 1805 
f 1810 1809 1808 
f 1811 1808 1809 
f 1813 1377 1812 
f 1375 1812 1377 
f 1319 1814 1321 
f 1815 1321 1814 
f 1246 1817 1816 
f 1818 1816 1817 
f 1819 927 949 
f 243 110 108 
f 958 1821 1820 
f 673 1820 1821 
f 1824 1823 1822 
f 1825 1822 1823 
f 1019 741 804 
f 1826 1019 804 
f 1829 1828 1827 
f 412 1827 1828 
f 1770 587 585 
f 1151 1831 1830 
f 1832 1830 1831 
f 240 831 777 
f 1833 831 240 
f 1836 1835 1834 
f 1837 1834 1835 
f 1840 1839 1838 
f 1841 1838 1839 
f 1844 1843 1842 
f 1845 1842 1843 
f 1833 240 241 
f 1234 912 913 
f 1846 1826 804 
f 1846 804 825 
f 1848 841 1847 
f 1849 1847 841 
f 1402 1851 1850 
f 1852 1850 1851 
f 1853 1230 771 
f 1228 771 1230 
f 1833 833 831 
f 1856 1855 1854 
f 1857 1854 1855 
f 1860 1859 1858 
f 1861 1858 1859 
f 1138 1139 1471 
f 1864 1863 1862 
f 1865 1862 1863 
f 1868 1867 1866 
f 1358 1866 1867 
f 825 845 1869 
f 1870 1869 845 
f 1846 825 1869 
f 1804 1807 1871 
f 1872 1871 1807 
f 1874 1873 591 
f 1875 591 1873 
f 337 1876 334 
f 993 334 1876 
f 1879 1878 1877 
f 1880 1877 1878 
f 1883 1882 1881 
f 1884 1881 1882 
f 1887 1886 1885 
f 1380 1885 1886 
f 1890 1889 1888 
f 1404 1888 1889 
f 1893 1892 1891 
f 1894 1891 1892 
f 1870 845 861 
f 1895 75 1328 
f 1322 1328 75 
f 1896 861 536 
f 1870 861 1896 
f 1899 1898 1897 
f 1900 1897 1898 
f 1903 1902 1901 
f 1904 1901 1902 
f 1907 1906 1905 
f 1553 1905 1906 
f 1896 536 539 
f 1910 1909 1908 
f 1911 1908 1909 
f 771 1228 1912 
f 474 1912 1228 
f 1913 539 537 
f 1915 1914 828 
f 1916 828 1914 
f 687 685 1917 
f 1918 1917 685 
f 1920 794 1919 
f 792 1919 794 
f 1922 331 1921 
f 332 1921 331 
f 1924 1616 1923 
f 1925 1923 1616 
f 1624 1926 867 
f 868 867 1926 
f 1929 1928 1927 
f 1930 1927 1928 
f 1932 1931 1240 
f 1930 1240 1931 
f 1935 1934 1933 
f 1936 1933 1934 
f 1939 1938 1937 
f 1940 1937 1938 
f 1943 1942 1941 
f 1944 1941 1942 
f 472 1912 474 
f 1947 1946 1945 
f 321 1945 1946 
f 1950 1949 1948 
f 1233 1948 1949 
f 1953 1952 1951 
f 1954 1951 1952 
f 1957 1956 1955 
f 1958 1955 1956 
f 510 173 1959 
f 1960 1959 173 
f 1962 547 1961 
f 550 1961 547 
f 1964 1963 884 
f 1965 884 1963 
f 1966 269 234 
f 1967 234 269 
f 1970 1969 1968 
f 1971 1968 1969 
f 1973 1913 1972 
f 537 1972 1913 
f 1975 1661 1974 
f 1659 1974 1661 
f 737 738 1976 
f 1977 1976 738 
f 1979 333 1978 
f 1922 1978 333 
f 1980 120 118 
f 1983 1982 1981 
f 1984 1981 1982 
f 1987 1986 1985 
f 1988 1985 1986 
f 1989 915 1926 
f 868 1926 915 
f 1990 1758 1059 
f 1364 1059 1758 
f 1993 1992 1991 
f 1994 1991 1992 
f 1995 915 1989 
f 1996 916 915 
f 1996 915 1995 
f 1997 917 916 
f 1997 916 1996 
f 1998 918 917 
f 1998 917 1997 
f 1999 1660 1661 
f 945 2000 1184 
f 2001 1184 2000 
f 2004 2003 2002 
f 2005 2002 2003 
f 2006 454 1623 
f 2007 1623 454 
f 537 538 939 
f 1865 2009 2008 
f 2010 2008 2009 
f 1972 537 939 
f 2013 2012 2011 
f 2014 2011 2012 
f 336 334 2015 
f 991 2015 334 
f 940 1972 939 
f 2016 1972 940 
f 1973 1972 2016 
f 2017 1618 1924 
f 1616 1924 1618 
f 2019 2018 1973 
f 1913 1973 2018 
f 2019 1973 2016 
f 967 2018 2019 
f 2020 1995 1989 
f 2021 2020 1989 
f 2022 1996 1995 
f 2022 1995 2020 
f 212 1062 2023 
f 818 2023 1062 
f 1997 1996 2022 
f 2024 1000 998 
f 2027 2026 2025 
f 2028 2025 2026 
f 241 1737 2029 
f 2030 2029 1737 
f 2033 2032 2031 
f 2034 2031 2032 
f 2035 417 1954 
f 1951 1954 417 
f 1184 947 945 
f 2038 2037 2036 
f 2039 2036 2037 
f 2040 607 289 
f 2041 289 607 
f 1998 974 918 
f 2044 2043 2042 
f 2045 2042 2043 
f 1020 1049 1021 
f 2048 2047 2046 
f 127 2046 2047 
f 2016 940 984 
f 2051 2050 2049 
f 2052 2049 2050 
f 2053 2016 984 
f 2019 2016 2053 
f 2054 967 2019 
f 2055 2054 2019 
f 2055 2019 2053 
f 2054 2055 2056 
f 2057 2056 2055 
f 998 999 2058 
f 2059 2058 999 
f 2060 319 1794 
f 2062 1151 2061 
f 1830 2061 1151 
f 2063 360 758 
f 2064 758 360 
f 2067 2066 2065 
f 2068 2065 2066 
f 1945 319 2060 
f 2069 1997 2022 
f 2071 1048 2070 
f 1020 2070 1048 
f 2020 2069 2022 
f 2074 2073 2072 
f 2075 2072 2073 
f 2076 1997 2069 
f 1998 1997 2076 
f 2078 2077 1475 
f 2079 1475 2077 
f 974 1998 2076 
f 2081 2080 408 
f 2082 408 2080 
f 2085 2084 2083 
f 295 2083 2084 
f 2088 2087 2086 
f 2089 2086 2087 
f 2092 2091 2090 
f 2093 2090 2091 
f 2096 2095 2094 
f 2097 2094 2095 
f 985 2053 984 
f 2100 2099 2098 
f 2101 2098 2099 
f 718 1812 1375 
f 2102 1413 1411 
f 2055 2053 1190 
f 985 1190 2053 
f 2103 2057 2055 
f 2103 2055 1190 
f 2104 1271 1270 
f 2107 2106 2105 
f 2108 2105 2106 
f 2109 2057 2103 
f 2110 2057 2109 
f 892 2111 894 
f 20 894 2111 
f 2114 2113 2112 
f 2115 2112 2113 
f 687 2116 1936 
f 2117 1936 2116 
f 2020 2021 2118 
f 1154 2118 2021 
f 2119 1978 1922 
f 2122 2121 2120 
f 2123 2120 2121 
f 2124 2069 2020 
f 2127 2126 2125 
f 699 2125 2126 
f 2118 2124 2020 
f 2128 2076 2069 
f 2128 2069 2124 
f 2129 974 2076 
f 2129 2076 2128 
f 348 1335 1238 
f 1891 2130 1893 
f 2131 1893 2130 
f 2134 2133 2132 
f 2135 2132 2133 
f 2138 2137 2136 
f 2139 2136 2137 
f 2140 974 2129 
f 2141 1003 975 
f 2141 975 2140 
f 974 2140 975 
f 2141 1005 1003 
f 986 1018 985 
f 2083 2142 1789 
f 2143 1789 2142 
f 2146 2145 2144 
f 2147 2144 2145 
f 1626 2148 1625 
f 2149 1625 2148 
f 2103 1190 1191 
f 2150 2109 2103 
f 2150 2103 1191 
f 1744 2151 1417 
f 1419 1417 2151 
f 2153 2152 2109 
f 2110 2109 2152 
f 2153 2109 2150 
f 2154 2152 2153 
f 2155 2118 1154 
f 2156 2118 2155 
f 2158 1767 2157 
f 2159 2157 1767 
f 2156 2124 2118 
f 2160 2128 2124 
f 2160 2124 2156 
f 2161 2129 2128 
f 2161 2128 2160 
f 2162 2140 2129 
f 2162 2129 2161 
f 2163 2141 2140 
f 2163 2140 2162 
f 457 1844 2164 
f 2165 2164 1844 
f 951 2167 2166 
f 2168 2166 2167 
f 2169 1005 2141 
f 2163 2169 2141 
f 2169 1030 1005 
f 2171 2170 1339 
f 2172 1339 2170 
f 1039 1191 1018 
f 2173 1191 1039 
f 2175 2174 1829 
f 1828 1829 2174 
f 2176 2150 1191 
f 2176 1191 2173 
f 2177 2153 2150 
f 2177 2150 2176 
f 2178 2154 2153 
f 2178 2153 2177 
f 2179 727 728 
f 2181 545 2180 
f 2182 2180 545 
f 2183 2160 2156 
f 2186 2185 2184 
f 2187 2184 2185 
f 2189 1933 2188 
f 2117 2188 1933 
f 2183 2161 2160 
f 2191 2190 1781 
f 1330 1781 2190 
f 2192 2162 2161 
f 2192 2161 2183 
f 2193 2163 2162 
f 2193 2162 2192 
f 2194 2169 2163 
f 2194 2163 2193 
f 2195 1043 1030 
f 2169 2195 1030 
f 2194 2195 2169 
f 2196 1044 1043 
f 2196 1043 2195 
f 2197 1045 1044 
f 2197 1044 2196 
f 2198 1046 1045 
f 2198 1045 2197 
f 2199 1047 1046 
f 2199 1046 2198 
f 2173 1039 1047 
f 2199 2173 1047 
f 1218 2201 2200 
f 2202 2200 2201 
f 2204 2203 880 
f 2205 880 2203 
f 158 2207 2206 
f 2208 2206 2207 
f 1968 2209 1970 
f 1280 1970 2209 
f 2212 2211 2210 
f 2213 2210 2211 
f 2214 1796 1799 
f 204 409 2215 
f 2216 2215 409 
f 2217 2176 2173 
f 2218 2177 2176 
f 2218 2176 2217 
f 356 2178 2177 
f 353 356 2177 
f 353 2177 2218 
f 2221 2220 2219 
f 2222 2219 2220 
f 2221 2219 2223 
f 2224 2223 2219 
f 1835 2225 1837 
f 2226 1837 2225 
f 2229 2228 2227 
f 1718 2227 2228 
f 2231 2230 2156 
f 2183 2156 2230 
f 2232 535 533 
f 2233 2183 2230 
f 2236 2235 2234 
f 1943 2234 2235 
f 2237 2192 2183 
f 2238 2215 2216 
f 2233 2237 2183 
f 2239 2193 2192 
f 2239 2192 2237 
f 2240 2194 2193 
f 2240 2193 2239 
f 2241 2195 2194 
f 2241 2194 2240 
f 2242 2196 2195 
f 2242 2195 2241 
f 2243 2197 2196 
f 2243 2196 2242 
f 2244 2198 2197 
f 2244 2197 2243 
f 2245 2199 2198 
f 2245 2198 2244 
f 2039 1834 2246 
f 1837 2246 1834 
f 2249 2248 2247 
f 2250 2247 2248 
f 2253 2252 2251 
f 1793 2251 2252 
f 2245 2254 2199 
f 2173 2199 2254 
f 794 1920 2255 
f 2256 2255 1920 
f 2257 1925 728 
f 2258 728 1925 
f 1525 372 1527 
f 2259 1527 372 
f 2260 91 1517 
f 89 1517 91 
f 2261 2217 2254 
f 2173 2254 2217 
f 2262 202 976 
f 205 976 202 
f 1733 313 2263 
f 2264 2263 313 
f 2267 2266 2265 
f 572 2265 2266 
f 626 155 2268 
f 2269 2268 155 
f 2218 2217 2270 
f 2261 2270 2217 
f 2271 353 2218 
f 2271 2218 2270 
f 2274 2273 2272 
f 2275 2272 2273 
f 2278 2277 2276 
f 2279 2276 2277 
f 355 353 2271 
f 2280 354 355 
f 1810 1613 1615 
f 2283 2282 2281 
f 1617 2281 2282 
f 2286 2285 2284 
f 2287 2284 2285 
f 1301 2288 1749 
f 2289 1749 2288 
f 604 607 2040 
f 364 2290 363 
f 2291 363 2290 
f 417 2011 2014 
f 1154 2021 1153 
f 2292 1153 2021 
f 1584 2102 1411 
f 2294 2293 1650 
f 2295 1650 2293 
f 2298 2297 2296 
f 2299 2296 2297 
f 2300 2239 2237 
f 2090 2302 2301 
f 2303 2301 2302 
f 2233 2300 2237 
f 1397 2240 2239 
f 1397 2239 2300 
f 2304 2241 2240 
f 2304 2240 1397 
f 2305 2242 2241 
f 2305 2241 2304 
f 2306 2243 2242 
f 2306 2242 2305 
f 2307 2244 2243 
f 2307 2243 2306 
f 2308 2245 2244 
f 2308 2244 2307 
f 2309 2254 2245 
f 2309 2245 2308 
f 2312 2311 2310 
f 2313 2310 2311 
f 1811 1705 2314 
f 1706 2314 1705 
f 2315 2261 2254 
f 2309 2315 2254 
f 2316 661 909 
f 2317 1422 1939 
f 2318 1939 1422 
f 2321 2320 2319 
f 2322 2319 2320 
f 510 172 173 
f 2323 2270 2315 
f 2261 2315 2270 
f 2324 2271 2270 
f 2324 2270 2323 
f 2325 355 2271 
f 2325 2271 2324 
f 2326 2280 355 
f 2326 355 2325 
f 2329 2328 2327 
f 2330 2327 2328 
f 1803 1801 2331 
f 2332 2331 1801 
f 2230 2334 2333 
f 2335 2333 2334 
f 2336 129 127 
f 2233 2230 2333 
f 2339 2338 2337 
f 2340 2337 2338 
f 2342 2191 2341 
f 2343 2341 2191 
f 2346 2345 2344 
f 2347 2344 2345 
f 2348 1585 1586 
f 2351 2350 2349 
f 2352 2349 2350 
f 1711 1928 1708 
f 1929 1708 1928 
f 2355 2354 2353 
f 2356 2353 2354 
f 2359 2358 2357 
f 2360 2357 2358 
f 2361 217 218 
f 2363 2362 1070 
f 1067 1070 2362 
f 2365 2364 1254 
f 2366 1254 2364 
f 2368 2367 213 
f 1610 213 2367 
f 2369 2305 2304 
f 2372 2371 2370 
f 2373 2370 2371 
f 1397 2369 2304 
f 2374 2306 2305 
f 2374 2305 2369 
f 2375 2307 2306 
f 2375 2306 2374 
f 2376 2308 2307 
f 2376 2307 2375 
f 2377 2309 2308 
f 2377 2308 2376 
f 2378 2315 2309 
f 2378 2309 2377 
f 2379 2323 2315 
f 2379 2315 2378 
f 2380 2324 2323 
f 2380 2323 2379 
f 2381 2325 2324 
f 2381 2324 2380 
f 2382 2326 2325 
f 2382 2325 2381 
f 2383 2333 2335 
f 2386 2385 2384 
f 2387 2384 2385 
f 2390 2389 2388 
f 458 2388 2389 
f 2391 2333 2383 
f 2233 2333 2391 
f 2394 2393 2392 
f 1962 2392 2393 
f 2395 2233 2391 
f 2300 2233 2395 
f 2397 2396 2149 
f 2398 2149 2396 
f 1394 2300 2395 
f 1397 2300 1394 
f 2400 2399 1296 
f 2401 1296 2399 
f 2404 2403 2402 
f 2405 2402 2403 
f 907 712 2406 
f 2407 2406 712 
f 1395 2369 1397 
f 2409 1692 2408 
f 1690 2408 1692 
f 2410 2374 2369 
f 2410 2369 1395 
f 2411 2375 2374 
f 2411 2374 2410 
f 2412 2376 2375 
f 2412 2375 2411 
f 2413 2377 2376 
f 2413 2376 2412 
f 2414 2378 2377 
f 2414 2377 2413 
f 2415 2379 2378 
f 2415 2378 2414 
f 2416 2380 2379 
f 2416 2379 2415 
f 2417 2381 2380 
f 2417 2380 2416 
f 2418 2382 2381 
f 2418 2381 2417 
f 2420 2419 941 
f 943 941 2419 
f 2422 2421 2335 
f 2383 2335 2421 
f 2423 2391 2383 
f 2423 2383 2421 
f 2424 2395 2391 
f 2424 2391 2423 
f 2424 1394 2395 
f 2425 609 610 
f 900 2337 2340 
f 222 2427 2426 
f 2428 2426 2427 
f 2431 2430 2429 
f 2432 2429 2430 
f 1411 1586 1584 
f 2433 1845 1843 
f 231 234 1967 
f 1185 2001 2434 
f 2435 2434 2001 
f 2438 2437 2436 
f 2439 2436 2437 
f 1575 1573 2440 
f 2441 2440 1573 
f 2442 2411 2410 
f 2443 1258 1261 
f 2445 2444 2151 
f 2446 2151 2444 
f 2447 2412 2411 
f 2447 2411 2442 
f 2448 2413 2412 
f 2448 2412 2447 
f 2449 2414 2413 
f 2449 2413 2448 
f 2450 2415 2414 
f 2450 2414 2449 
f 2451 2416 2415 
f 2451 2415 2450 
f 2452 2417 2416 
f 2452 2416 2451 
f 2453 2418 2417 
f 2453 2417 2452 
f 2454 2421 2422 
f 2455 2454 2422 
f 2456 2423 2421 
f 2456 2421 2454 
f 2457 2424 2423 
f 2457 2423 2456 
f 2430 2458 482 
f 2459 482 2458 
f 2460 2424 2457 
f 1640 2462 2461 
f 2463 2461 2462 
f 2466 2465 2464 
f 2467 2464 2465 
f 1387 2469 2468 
f 2470 2468 2469 
f 2460 2471 2424 
f 1394 2424 2471 
f 2474 2473 2472 
f 2475 2472 2473 
f 1396 1394 2471 
f 1013 2477 2476 
f 1991 2476 2477 
f 2478 1395 1396 
f 2410 1395 2478 
f 2481 2480 2479 
f 2482 2479 2480 
f 2442 2410 2478 
f 2485 2484 2483 
f 2486 2483 2484 
f 2487 2447 2442 
f 2489 2483 2488 
f 2490 2488 2483 
f 678 679 71 
f 1562 71 679 
f 2491 677 680 
f 1914 2493 2492 
f 2494 2492 2493 
f 2099 680 2101 
f 1040 2101 680 
f 851 2449 2448 
f 1726 1914 2492 
f 2447 851 2448 
f 875 2450 2449 
f 875 2449 851 
f 2495 2451 2450 
f 2495 2450 875 
f 2496 2452 2451 
f 2496 2451 2495 
f 2497 2453 2452 
f 2497 2452 2496 
f 2498 2454 2455 
f 2499 2498 2455 
f 2500 2456 2454 
f 2500 2454 2498 
f 2501 2457 2456 
f 2501 2456 2500 
f 2502 2460 2457 
f 2502 2457 2501 
f 2505 2504 2503 
f 2506 2503 2504 
f 2508 1727 2507 
f 2509 2507 1727 
f 2511 2510 2504 
f 2512 2504 2510 
f 2513 1396 2471 
f 2515 1637 2514 
f 2461 2514 1637 
f 2460 2513 2471 
f 2516 2478 1396 
f 2516 1396 2513 
f 2517 2442 2478 
f 2517 2478 2516 
f 2520 2519 2518 
f 2521 2518 2519 
f 2487 2442 2517 
f 2524 2523 2522 
f 2525 2522 2523 
f 1884 2164 503 
f 2165 503 2164 
f 2528 2527 2526 
f 2529 2526 2527 
f 2531 2530 754 
f 2532 754 2530 
f 848 851 2447 
f 2533 2042 2045 
f 2487 848 2447 
f 849 875 851 
f 2534 1480 1483 
f 2536 2535 1755 
f 2537 1755 2535 
f 1482 1480 2538 
f 2539 2538 1480 
f 2540 2496 2495 
f 716 2541 1674 
f 2542 1674 2541 
f 875 2540 2495 
f 2543 2497 2496 
f 2543 2496 2540 
f 2544 2498 2499 
f 2545 2544 2499 
f 2546 2500 2498 
f 2546 2498 2544 
f 2547 2501 2500 
f 2547 2500 2546 
f 2548 2502 2501 
f 2548 2501 2547 
f 1512 2549 1620 
f 2550 1620 2549 
f 2551 881 879 
f 2552 2513 2460 
f 2555 2554 2553 
f 2556 2553 2554 
f 2502 2552 2460 
f 2557 2516 2513 
f 2557 2513 2552 
f 2558 2517 2516 
f 2558 2516 2557 
f 2559 2487 2517 
f 2559 2517 2558 
f 2560 1527 2259 
f 2561 2487 2559 
f 451 2562 448 
f 2563 448 2562 
f 850 848 2487 
f 2566 2565 2564 
f 2567 2564 2565 
f 2561 850 2487 
f 2570 2569 2568 
f 2571 2568 2569 
f 605 1362 2572 
f 1361 2572 1362 
f 993 991 334 
f 2573 815 1362 
f 813 1362 815 
f 2575 2574 1293 
f 2576 1293 2574 
f 2578 1051 2577 
f 1369 2577 1051 
f 2540 875 873 
f 2579 2540 873 
f 1691 87 1493 
f 2580 1493 87 
f 2579 2543 2540 
f 2581 2544 2545 
f 2583 2582 1544 
f 1541 1544 2582 
f 2584 2546 2544 
f 2584 2544 2581 
f 2585 2547 2546 
f 2585 2546 2584 
f 153 2586 155 
f 2269 155 2586 
f 2548 2547 2585 
f 2589 2588 2587 
f 25 2587 2588 
f 1911 2590 1841 
f 1838 1841 2590 
f 2589 2591 2588 
f 2592 2588 2591 
f 2593 2269 2586 
f 2594 2552 2502 
f 2594 2502 2595 
f 2548 2595 2502 
f 2596 2557 2552 
f 2596 2552 2594 
f 2597 2558 2557 
f 2597 2557 2596 
f 2598 2559 2558 
f 2598 2558 2597 
f 2599 2561 2559 
f 2599 2559 2598 
f 2600 850 2561 
f 2600 2561 2599 
f 874 849 850 
f 874 850 2600 
f 2603 2602 2601 
f 2604 2601 2602 
f 2605 1199 1325 
f 1197 1325 1199 
f 2606 873 874 
f 2322 2432 2319 
f 2607 2319 2432 
f 2606 2579 873 
f 2545 2609 2608 
f 768 2608 2609 
f 2610 13 2111 
f 11 2111 13 
f 2581 2545 2608 
f 2611 2581 2608 
f 2612 2584 2581 
f 2612 2581 2611 
f 2613 2585 2584 
f 2613 2584 2612 
f 2614 2548 2585 
f 2614 2585 2613 
f 2617 2616 2615 
f 2618 2615 2616 
f 2619 2548 2614 
f 2595 2548 2619 
f 2620 2594 2595 
f 2620 2595 2619 
f 2621 2596 2594 
f 2621 2594 2620 
f 2622 2597 2596 
f 2622 2596 2621 
f 2623 2598 2597 
f 2623 2597 2622 
f 2624 2599 2598 
f 2624 2598 2623 
f 2627 2626 2625 
f 2628 2625 2626 
f 2600 2599 2624 
f 2630 2629 1578 
f 937 1578 2629 
f 2631 874 2600 
f 934 2629 560 
f 557 560 2629 
f 2633 2632 1027 
f 2634 1027 2632 
f 2635 2606 874 
f 2635 874 2631 
f 2636 1873 1874 
f 766 2608 768 
f 2637 2608 766 
f 2638 2611 2608 
f 2638 2608 2637 
f 2639 2612 2611 
f 2639 2611 2638 
f 2640 2613 2612 
f 2640 2612 2639 
f 2641 2614 2613 
f 2641 2613 2640 
f 2642 2619 2614 
f 2642 2614 2641 
f 2643 2620 2619 
f 2643 2619 2642 
f 2644 2621 2620 
f 2644 2620 2643 
f 2645 2622 2621 
f 2645 2621 2644 
f 2646 2623 2622 
f 2646 2622 2645 
f 2647 2624 2623 
f 2647 2623 2646 
f 2648 2600 2624 
f 2648 2624 2647 
f 2648 2649 2631 
f 2650 2631 2649 
f 2631 2600 2648 
f 2653 2652 2651 
f 1765 2651 2652 
f 2635 2631 2650 
f 404 2655 2654 
f 2656 2654 2655 
f 2637 766 767 
f 2657 2637 767 
f 2638 2637 2657 
f 2658 2638 2657 
f 2639 2638 2658 
f 2659 2639 2658 
f 2640 2639 2659 
f 2660 2640 2659 
f 2641 2640 2660 
f 2661 2641 2660 
f 2642 2641 2661 
f 2662 2642 2661 
f 2643 2642 2662 
f 2663 2643 2662 
f 2644 2643 2663 
f 2645 2644 2663 
f 2664 332 330 
f 1367 2665 303 
f 2666 303 2665 
f 1657 1655 2667 
f 1437 2667 1655 
f 2172 2669 2668 
f 2670 2668 2669 
f 583 581 2671 
f 2672 2671 581 
f 2647 2646 2673 
f 2645 2673 2646 
f 2674 2647 2673 
f 2648 2647 2674 
f 2649 2648 2674 
f 177 612 2470 
f 2675 2470 612 
f 2678 2677 2676 
f 2679 2676 2677 
f 2680 1075 1073 
f 2681 1073 1071 
f 2680 1073 2681 
f 2682 1071 1076 
f 2681 1071 2682 
f 1078 2682 1076 
f 2683 1083 1081 
f 2684 1081 1079 
f 2683 1081 2684 
f 1079 1075 2680 
f 2680 2684 1079 
f 2685 2684 2680 
f 2686 2680 2681 
f 2685 2680 2686 
f 2687 2681 2682 
f 2686 2681 2687 
f 2688 1078 1087 
f 2688 2682 1078 
f 2688 2687 2682 
f 1089 2688 1087 
f 2689 1092 1091 
f 1091 1083 2683 
f 2683 2689 1091 
f 2690 2689 2683 
f 2691 2683 2684 
f 2690 2683 2691 
f 2692 2684 2685 
f 2691 2684 2692 
f 2693 2685 2686 
f 2692 2685 2693 
f 2694 2686 2687 
f 2693 2686 2694 
f 2695 2687 2688 
f 2694 2687 2695 
f 2695 1089 1099 
f 1089 2695 2688 
f 2689 1101 1092 
f 2696 1101 2689 
f 2697 2689 2690 
f 2696 2689 2697 
f 2698 2690 2691 
f 2697 2690 2698 
f 2699 2691 2692 
f 2698 2691 2699 
f 2700 2692 2693 
f 2699 2692 2700 
f 2701 2693 2694 
f 2700 2693 2701 
f 2702 2694 2695 
f 2701 2694 2702 
f 2702 1099 1108 
f 1099 2702 2695 
f 2703 1111 1110 
f 1110 1101 2696 
f 2696 2703 1110 
f 2224 2703 2696 
f 2224 2696 2697 
f 1466 2705 2704 
f 442 2704 2705 
f 505 2706 504 
f 2707 504 2706 
f 2708 2697 2698 
f 2224 2697 2708 
f 2709 2698 2699 
f 2708 2698 2709 
f 2709 2700 2710 
f 2711 2710 2700 
f 2699 2700 2709 
f 2711 2700 2701 
f 2712 2711 2701 
f 2701 2713 2712 
f 2714 2712 2713 
f 2702 2713 2701 
f 2713 1108 1119 
f 1108 2713 2702 
f 2222 1141 1111 
f 2518 2715 2520 
f 2716 2520 2715 
f 2605 1388 394 
f 2717 394 1388 
f 2703 2222 1111 
f 2038 2036 2718 
f 2719 2718 2036 
f 2219 2222 2703 
f 2219 2703 2224 
f 721 1812 718 
f 2563 237 2720 
f 235 2720 237 
f 2723 2722 2721 
f 1947 2721 2722 
f 2726 2725 2724 
f 2727 2724 2725 
f 2223 2708 2728 
f 2729 2728 2708 
f 2224 2708 2223 
f 456 2388 458 
f 2729 2708 2709 
f 2710 2729 2709 
f 2731 2730 1776 
f 228 1776 2730 
f 2732 568 569 
f 2734 2733 2000 
f 2001 2000 2733 
f 2714 2713 1119 
f 2191 1781 1779 
f 2735 2714 1119 
f 2735 1119 1136 
f 2736 1167 1141 
f 511 1724 2737 
f 2738 2737 1724 
f 2741 2740 2739 
f 2742 2739 2740 
f 2222 2736 1141 
f 2743 1871 48 
f 47 48 1871 
f 2220 2736 2222 
f 2167 951 952 
f 2746 2745 2744 
f 2747 2744 2745 
f 2748 1813 1812 
f 2749 1762 1469 
f 2750 1469 1762 
f 2108 573 2459 
f 1693 2459 573 
f 2753 2752 2751 
f 2754 2751 2752 
f 2756 1800 2755 
f 2757 2755 1800 
f 2121 2630 2758 
f 2759 2758 2630 
f 2760 2720 235 
f 2221 2223 2728 
f 2763 2762 2761 
f 2764 2761 2762 
f 2767 2766 2765 
f 2768 2765 2766 
f 1136 1166 2735 
f 2769 2735 1166 
f 995 996 2182 
f 2770 2182 996 
f 2736 1168 1167 
f 2771 1168 2736 
f 2771 2736 2220 
f 2774 2773 2772 
f 1244 2772 2773 
f 2777 2776 2775 
f 634 2775 2776 
f 2780 2779 2778 
f 2781 2778 2779 
f 2782 2360 2358 
f 2784 2783 1698 
f 1697 1698 2783 
f 1585 2746 2744 
f 2785 1216 1219 
f 2771 2220 2221 
f 1593 2532 2530 
f 2787 2786 1405 
f 2788 1405 2786 
f 2042 2533 2789 
f 1158 2789 2533 
f 2790 1369 2748 
f 1370 2748 1369 
f 1166 1180 2769 
f 2791 2769 1180 
f 2794 2793 2792 
f 2795 2792 2793 
f 1382 2797 2796 
f 2096 2796 2797 
f 2798 2769 2791 
f 1504 1507 2799 
f 2800 2799 1507 
f 2801 2034 2262 
f 202 2262 2034 
f 2802 1168 2771 
f 2805 2804 2803 
f 2806 2803 2804 
f 2802 1182 1168 
f 2808 2772 2807 
f 1245 2807 2772 
f 2811 2810 2809 
f 2812 2809 2810 
f 534 532 2813 
f 2814 2813 532 
f 2817 2816 2815 
f 2818 2815 2816 
f 2820 2272 2819 
f 2275 2819 2272 
f 1205 2791 1180 
f 2821 2791 1205 
f 2041 2823 2822 
f 2824 2822 2823 
f 2798 2791 2821 
f 2826 2825 1505 
f 2827 1505 2825 
f 2830 2829 2828 
f 2831 2828 2829 
f 496 2832 495 
f 2833 495 2832 
f 2836 2835 2834 
f 2575 2834 2835 
f 762 1206 1207 
f 402 2837 2800 
f 2838 2800 2837 
f 1612 2839 1376 
f 2840 1376 2839 
f 2843 2842 2841 
f 2844 2841 2842 
f 1207 1182 2802 
f 762 1207 2802 
f 2846 1386 2845 
f 1421 2845 1386 
f 1226 2821 1205 
f 273 2847 270 
f 224 270 2847 
f 2850 2849 2848 
f 2851 2848 2849 
f 996 2853 2852 
f 2854 2852 2853 
f 1261 1259 2855 
f 2856 2855 1259 
f 2859 2858 2857 
f 2860 2857 2858 
f 1730 2811 1732 
f 2861 1732 2811 
f 2863 2862 321 
f 318 321 2862 
f 1386 179 1385 
f 2469 1385 179 
f 2866 2865 2864 
f 2867 2864 2865 
f 2868 583 2671 
f 1227 1206 2869 
f 762 2869 1206 
f 2573 1362 2870 
f 605 2870 1362 
f 1226 1249 2821 
f 597 2821 1249 
f 2367 2368 2871 
f 2872 2871 2368 
f 627 626 2268 
f 2874 1702 2873 
f 2875 2873 1702 
f 2878 2877 2876 
f 1485 2876 2877 
f 223 2319 2607 
f 2425 2880 2879 
f 2881 2879 2880 
f 2869 2882 1250 
f 1294 1250 2882 
f 1250 1227 2869 
f 1387 2884 2883 
f 2885 2883 2884 
f 596 597 1249 
f 2886 950 1568 
f 2888 2887 2560 
f 1528 2560 2887 
f 2891 2890 2889 
f 2892 2889 2890 
f 2894 2742 2893 
f 2895 2893 2742 
f 2897 1455 2896 
f 1453 2896 1455 
f 2900 2899 2898 
f 2901 2898 2899 
f 2904 2903 2902 
f 1213 2902 2903 
f 2907 2906 2905 
f 811 2905 2906 
f 2909 2289 2908 
f 2910 2908 2289 
f 2912 2911 2536 
f 2913 2536 2911 
f 1686 1689 1377 
f 1374 1377 1689 
f 2916 2915 2914 
f 1740 2914 2915 
f 2917 1042 1041 
f 2861 2919 2918 
f 2920 2918 2919 
f 2923 2922 2921 
f 2924 2921 2922 
f 921 2925 597 
f 2821 597 2925 
f 921 597 920 
f 595 920 597 
f 2051 2926 2050 
f 2927 2050 2926 
f 2764 2929 2928 
f 2437 2928 2929 
f 2930 714 1692 
f 1645 1692 714 
f 567 207 208 
f 2932 1294 2931 
f 2882 2931 1294 
f 2935 2934 2933 
f 2936 2933 2934 
f 1881 2938 2937 
f 2939 2937 2938 
f 2942 2941 2940 
f 775 2940 2941 
f 922 920 595 
f 1354 2235 2236 
f 2945 2944 2943 
f 2946 2943 2944 
f 2949 2948 2947 
f 2950 2947 2948 
f 2932 1390 1294 
f 2951 393 391 
f 2953 2189 2952 
f 2954 2952 2189 
f 2957 2956 2955 
f 2958 2955 2956 
f 2960 1792 2959 
f 1790 2959 1792 
f 2963 2962 2961 
f 2964 2961 2962 
f 1970 2965 1969 
f 2966 1969 2965 
f 2968 2967 774 
f 2969 774 2967 
f 2970 1404 1402 
f 2972 2127 2971 
f 2125 2971 2127 
f 1420 919 922 
f 2973 919 1420 
f 2976 2975 2974 
f 2977 2974 2975 
f 2978 870 871 
f 2555 375 2554 
f 373 2554 375 
f 2856 2980 2979 
f 2981 2979 2980 
f 2932 1426 1390 
f 2982 1426 2932 
f 2983 1978 2119 
f 2986 2985 2984 
f 436 2984 2985 
f 2987 2064 360 
f 1423 2973 1420 
f 2990 2989 2988 
f 2991 2988 2989 
f 238 2071 2992 
f 1398 2992 2071 
f 2995 2994 2993 
f 2409 2993 2994 
f 2997 2996 1859 
f 2998 1859 2996 
f 2705 1466 1467 
f 2232 2312 535 
f 2999 535 2312 
f 3002 3001 3000 
f 3003 3000 3001 
f 656 3005 3004 
f 1889 3004 3005 
f 3008 3007 3006 
f 464 3006 3007 
f 3009 1234 913 
f 110 3011 3010 
f 3012 3010 3011 
f 3015 3014 3013 
f 2027 3013 3014 
f 1423 1452 2973 
f 3016 2973 1452 
f 2567 3017 863 
f 865 863 3017 
f 3019 3018 2033 
f 2032 2033 3018 
f 770 3021 3020 
f 3022 3020 3021 
f 900 1462 1465 
f 3023 973 972 
f 3026 3025 3024 
f 3027 3024 3025 
f 3030 3029 3028 
f 3031 3028 3029 
f 2568 3032 1954 
f 2035 1954 3032 
f 3034 2670 3033 
f 2669 3033 2670 
f 3036 3035 2812 
f 3037 2812 3035 
f 108 111 1628 
f 3040 3039 3038 
f 2267 3038 3039 
f 3043 3042 3041 
f 3044 3041 3042 
f 3046 3045 2842 
f 3047 2842 3045 
f 3048 2873 2875 
f 637 3049 421 
f 420 421 3049 
f 3052 3051 3050 
f 3053 3050 3051 
f 1373 3054 1372 
f 1334 1372 3054 
f 579 1480 2534 
f 1452 1533 3016 
f 1636 3016 1533 
f 2208 1949 1950 
f 3057 3056 3055 
f 3058 3055 3056 
f 2732 569 1275 
f 3059 1275 569 
f 877 928 684 
f 3060 1393 1392 
f 3063 3062 3061 
f 3064 3061 3062 
f 1401 3065 2817 
f 816 2817 3065 
f 3066 1714 1712 
f 3068 3067 606 
f 3069 606 3067 
f 3071 3070 1428 
f 1430 1428 3070 
f 3073 3072 1642 
f 3074 1642 3072 
f 3076 1308 3075 
f 1309 3075 1308 
f 1287 3077 1735 
f 3078 1735 3077 
f 2717 1388 1389 
f 2586 3080 3079 
f 3081 3079 3080 
f 3084 3083 3082 
f 456 3082 3083 
f 3085 3082 459 
f 456 459 3082 
f 3086 1759 1762 
f 3089 3088 3087 
f 3090 3087 3088 
f 3093 3092 3091 
f 3094 3091 3092 
f 3097 3096 3095 
f 2724 3095 3096 
f 1457 829 827 
f 3100 3099 3098 
f 3101 3098 3099 
f 1688 3103 3102 
f 3104 3102 3103 
f 3106 531 3105 
f 3107 3105 531 
f 3108 2625 1941 
f 1943 1941 2625 
f 3109 1851 2993 
f 2995 2993 1851 
f 3112 3111 3110 
f 3113 3110 3111 
f 1713 688 1715 
f 686 1715 688 
f 3114 1257 1255 
f 3115 1529 1532 
f 3116 842 843 
f 2900 1440 2899 
f 3117 2899 1440 
f 474 1228 1231 
f 3119 3118 2276 
f 2278 2276 3118 
f 1603 3120 575 
f 1649 575 3120 
f 2617 3121 2616 
f 3122 2616 3121 
f 2803 3124 3123 
f 3125 3123 3124 
f 3128 3127 3126 
f 1897 3126 3127 
f 3131 3130 3129 
f 3132 3129 3130 
f 3135 3134 3133 
f 1746 3133 3134 
f 3136 2854 2853 
f 3138 2768 3137 
f 2766 3137 2768 
f 3140 3120 3139 
f 1603 3139 3120 
f 3141 3140 3139 
f 3140 1654 1649 
f 3140 1649 3120 
f 1545 1665 1663 
f 2003 3142 2005 
f 3143 2005 3142 
f 3145 1670 3144 
f 501 3144 1670 
f 3146 1657 2752 
f 2667 2752 1657 
f 520 1734 3147 
f 1648 3147 1734 
f 1691 1645 87 
f 86 87 1645 
f 3148 3140 3141 
f 3149 3148 3141 
f 3148 1632 1654 
f 3148 1654 3140 
f 633 3147 1648 
f 1219 3151 3150 
f 3152 3150 3151 
f 3155 3154 3153 
f 908 3153 3154 
f 2906 93 96 
f 2922 2923 3156 
f 3157 3156 2923 
f 3158 3148 3149 
f 3160 1473 3159 
f 1475 3159 1473 
f 1632 3148 3158 
f 1932 3161 432 
f 3162 432 3161 
f 3163 1237 1236 
f 1240 1241 3161 
f 3162 3161 1241 
f 2750 1760 3164 
f 1761 3164 1760 
f 404 3165 406 
f 3166 406 3165 
f 2010 1852 3167 
f 3168 3167 1852 
f 3086 1762 2749 
f 3170 3169 387 
f 3171 387 3169 
f 3172 1338 1283 
f 678 71 69 
f 2964 3173 214 
f 2368 214 3173 
f 3175 2753 3174 
f 2751 3174 2753 
f 2288 3084 2910 
f 3085 2910 3084 
f 1188 1186 3176 
f 2663 3176 1186 
f 2888 2560 2259 
f 2852 1651 2770 
f 3177 2770 1651 
f 1515 3178 1512 
f 3179 1512 3178 
f 3180 1456 1454 
f 3183 3182 3181 
f 3184 3181 3182 
f 2058 2024 998 
f 1350 1348 3185 
f 3186 3185 1348 
f 2105 3187 2107 
f 3188 2107 3187 
f 1342 655 3189 
f 656 3189 655 
f 2458 2430 3187 
f 2431 3187 2430 
f 3190 2913 2911 
f 3192 3191 528 
f 3193 528 3191 
f 1302 3195 3194 
f 3196 3194 3195 
f 3028 2227 3197 
f 3198 3197 2227 
f 1676 1683 1678 
f 3199 1678 1683 
f 762 760 790 
f 3201 3200 2795 
f 3202 2795 3200 
f 3204 2679 3203 
f 3205 3203 2679 
f 1743 3206 1742 
f 3207 1742 3206 
f 2563 2720 3208 
f 3209 3208 2720 
f 3211 3210 2903 
f 3212 2903 3210 
f 3065 3213 816 
f 882 816 3213 
f 209 136 3214 
f 2834 3214 136 
f 2910 2524 2908 
f 2522 2908 2524 
f 3216 3215 970 
f 644 970 3215 
f 969 3216 970 
f 1739 3218 3217 
f 1265 3217 3218 
f 3221 3220 3219 
f 3222 3219 3220 
f 649 3223 3107 
f 3158 3107 3223 
f 3224 649 3107 
f 3225 2439 2437 
f 2576 3227 3226 
f 1960 3226 3227 
f 3228 1421 1422 
f 902 3230 3229 
f 2917 3229 3230 
f 3233 3232 3231 
f 1548 3231 3232 
f 3235 2902 3234 
f 1214 3234 2902 
f 3236 3229 2917 
f 899 902 3237 
f 3229 3237 902 
f 3239 1474 3238 
f 416 3238 1474 
f 3179 2549 1512 
f 2605 1325 1323 
f 2207 1235 1949 
f 1233 1949 1235 
f 870 2978 3240 
f 3241 3240 2978 
f 3244 3243 3242 
f 3245 3242 3243 
f 3248 3247 3246 
f 3249 3246 3247 
f 646 649 3224 
f 529 646 3224 
f 3251 3227 3250 
f 2574 3250 3227 
f 3253 1523 3252 
f 1524 3252 1523 
f 1738 1629 649 
f 3223 649 1629 
f 1285 3172 1283 
f 647 1738 649 
f 1738 1768 1631 
f 1738 1631 1629 
f 3255 344 3254 
f 347 3254 344 
f 2889 3257 3256 
f 3258 3256 3257 
f 1907 2073 2074 
f 1271 3259 2956 
f 2958 2956 3259 
f 2998 2742 2894 
f 3262 3261 3260 
f 3263 3260 3261 
f 648 646 529 
f 530 648 529 
f 2058 3265 3264 
f 2146 3264 3265 
f 3266 1476 1627 
f 1479 1627 1476 
f 2398 1627 1625 
f 738 1050 1977 
f 3267 1977 1050 
f 3268 2251 1793 
f 1738 239 1768 
f 242 1768 239 
f 1736 239 1738 
f 3269 2944 2945 
f 3270 1766 1767 
f 721 2748 1812 
f 3273 3272 3271 
f 3274 3271 3272 
f 3275 648 530 
f 3276 3275 530 
f 1737 647 648 
f 1737 648 3275 
f 3277 1796 2214 
f 1357 2459 1693 
f 3239 3238 3095 
f 3278 3095 3238 
f 3280 3279 1646 
f 1647 1646 3279 
f 1824 1980 742 
f 118 742 1980 
f 2075 3282 3281 
f 3283 3281 3282 
f 475 895 3284 
f 3285 3284 895 
f 431 3286 3189 
f 1342 3189 3286 
f 3289 3288 3287 
f 3290 3287 3288 
f 3292 3291 218 
f 2361 218 3291 
f 2321 223 221 
f 664 2851 3053 
f 3293 3053 2851 
f 3294 924 120 
f 3295 1556 1554 
f 326 2249 328 
f 3296 328 2249 
f 3297 3275 3276 
f 3298 3297 3276 
f 2030 1737 3275 
f 2030 3275 3297 
f 2458 2108 2459 
f 3177 1652 3299 
f 1434 3299 1652 
f 771 1912 770 
f 3021 770 1912 
f 1736 1737 241 
f 3302 3301 3300 
f 1817 3300 3301 
f 239 1736 241 
f 3305 3304 3303 
f 271 3303 3304 
f 1508 3306 2190 
f 1330 2190 3306 
f 3309 3308 3307 
f 3310 3307 3308 
f 3312 3311 2836 
f 3313 2836 3311 
f 3315 1529 3314 
f 3115 3314 1529 
f 1251 2366 3316 
f 3317 3316 2366 
f 557 2629 2630 
f 3319 3318 3034 
f 3320 3034 3318 
f 1826 1846 1869 
f 1917 2147 2116 
f 3321 2116 2147 
f 3322 1826 1869 
f 3323 3297 3298 
f 3324 3323 3298 
f 3325 2030 3297 
f 3325 3297 3323 
f 3326 2029 2030 
f 3326 2030 3325 
f 3327 2672 1065 
f 584 1065 2672 
f 1145 3328 1144 
f 3329 1144 3328 
f 2868 2671 2672 
f 72 1895 3330 
f 3331 3330 1895 
f 3332 2916 2914 
f 1748 3330 3333 
f 3334 3333 3330 
f 3335 1271 2104 
f 2892 3337 3336 
f 2008 3336 3337 
f 1655 551 554 
f 275 3338 277 
f 3339 277 3338 
f 1870 3322 1869 
f 3340 3051 3052 
f 2174 3342 3341 
f 3343 3341 3342 
f 2570 1952 3344 
f 1953 3344 1952 
f 3346 2334 3345 
f 2231 3345 2334 
f 1828 2174 3341 
f 3347 3323 3324 
f 3348 3347 3324 
f 3349 3325 3323 
f 3349 3323 3347 
f 2235 1354 1352 
f 3326 3325 3349 
f 3352 3351 3350 
f 3353 3350 3351 
f 935 3355 3354 
f 549 3354 3355 
f 3357 3356 3351 
f 406 3351 3356 
f 3358 1256 1257 
f 3361 3360 3359 
f 3362 3359 3360 
f 3364 2029 3363 
f 3326 3363 2029 
f 241 2029 3364 
f 3364 1624 1833 
f 833 1833 1624 
f 417 415 2011 
f 2013 2011 415 
f 241 3364 1833 
f 3365 1870 1896 
f 3322 1870 3365 
f 539 3366 3365 
f 3367 3365 3366 
f 3365 1896 539 
f 3370 3369 3368 
f 105 3368 3369 
f 1560 2017 3371 
f 1924 3371 2017 
f 1913 3366 539 
f 3372 3034 3320 
f 2105 3373 3187 
f 2458 3187 3373 
f 3374 3347 3348 
f 3375 3374 3348 
f 3376 3349 3347 
f 3376 3347 3374 
f 3377 3326 3349 
f 3377 3349 3376 
f 1843 458 2389 
f 3378 3326 3377 
f 3363 3326 3378 
f 3379 3364 3363 
f 3379 3363 3378 
f 3380 1926 1624 
f 3364 3380 1624 
f 3379 3380 3364 
f 2856 2979 3135 
f 3134 3135 2979 
f 3381 1958 1956 
f 3382 2210 2213 
f 3385 3384 3383 
f 3386 3383 3384 
f 3389 3388 3387 
f 3333 3387 3388 
f 3390 3384 3385 
f 2459 1357 482 
f 3393 3392 3391 
f 252 3391 3392 
f 3394 3077 1287 
f 2493 1914 1915 
f 283 3396 3395 
f 3397 3395 3396 
f 3398 2572 2823 
f 1361 2823 2572 
f 2750 2789 1158 
f 3399 3374 3375 
f 3400 3399 3375 
f 3401 3376 3374 
f 3401 3374 3399 
f 3402 3377 3376 
f 3402 3376 3401 
f 3403 3378 3377 
f 3403 3377 3402 
f 3404 3379 3378 
f 3404 3378 3403 
f 3405 3380 3379 
f 3405 3379 3404 
f 3406 1849 2774 
f 844 2774 1849 
f 3407 1429 1430 
f 3380 3405 1926 
f 1989 1926 3405 
f 1143 2463 1145 
f 3327 1145 2463 
f 3409 3209 3408 
f 3410 3408 3209 
f 3412 391 3411 
f 394 3411 391 
f 3415 3414 3413 
f 3416 3413 3414 
f 3417 1913 2018 
f 696 3417 2018 
f 3125 3419 3418 
f 814 3418 3419 
f 3035 2763 2761 
f 967 696 2018 
f 3283 978 3420 
f 3421 3420 978 
f 3422 3399 3400 
f 3423 3422 3400 
f 3424 3401 3399 
f 3424 3399 3422 
f 3425 3402 3401 
f 3425 3401 3424 
f 3426 3403 3402 
f 3426 3402 3425 
f 1155 3404 3403 
f 1155 3403 3426 
f 2292 3405 3404 
f 2292 3404 1155 
f 2292 2021 1989 
f 2292 1989 3405 
f 1919 792 3342 
f 3343 3342 792 
f 698 967 2054 
f 1213 2903 3212 
f 3427 698 2054 
f 2056 3427 2054 
f 1679 2792 1680 
f 3202 1680 2792 
f 3160 3159 3428 
f 2079 3428 3159 
f 3429 3427 2056 
f 2057 3429 2056 
f 3430 3422 3423 
f 3431 3430 3423 
f 3432 3424 3422 
f 3432 3422 3430 
f 3433 3425 3424 
f 3433 3424 3432 
f 3434 3426 3425 
f 3434 3425 3433 
f 1152 1155 3426 
f 1152 3426 3434 
f 1153 2292 1155 
f 1125 3435 1127 
f 1383 1127 3435 
f 3133 3436 3135 
f 3437 3135 3436 
f 3438 1067 2362 
f 3439 1901 1904 
f 3442 3441 3440 
f 3443 3440 3441 
f 3444 1319 807 
f 3446 1984 3445 
f 3447 3445 1984 
f 3448 3429 2110 
f 2057 2110 3429 
f 3450 3449 2336 
f 129 2336 3449 
f 3451 3448 2110 
f 2225 2850 2226 
f 2048 2226 2850 
f 3452 818 779 
f 3453 584 582 
f 3430 3431 3454 
f 3455 3454 3431 
f 3454 3432 3430 
f 3456 3433 3432 
f 3456 3432 3454 
f 3457 3434 3433 
f 3457 3433 3456 
f 3458 1152 3434 
f 3458 3434 3457 
f 3460 3459 700 
f 1764 700 3459 
f 1307 1367 3461 
f 3462 3461 1367 
f 1209 3464 3463 
f 3465 3463 3464 
f 3468 3467 3466 
f 3469 3466 3467 
f 3471 3470 1957 
f 1956 1957 3470 
f 3214 2834 2575 
f 3472 320 907 
f 3474 3473 802 
f 801 802 3473 
f 3477 3476 3475 
f 2137 3475 3476 
f 3478 1416 1419 
f 3451 2110 2152 
f 2152 2154 3479 
f 3480 3479 2154 
f 3451 2152 3479 
f 3482 1441 3481 
f 3483 3481 1441 
f 3253 2778 3484 
f 3485 3484 2778 
f 543 3486 545 
f 997 545 3486 
f 3090 3479 3480 
f 3487 3454 3455 
f 3488 3487 3455 
f 3489 3456 3454 
f 3489 3454 3487 
f 3490 3457 3456 
f 3490 3456 3489 
f 3491 3458 3457 
f 3491 3457 3490 
f 754 2532 1409 
f 3492 1409 2532 
f 3493 3458 3491 
f 1152 3458 3493 
f 3495 3183 3494 
f 3496 3494 3183 
f 1154 1152 3493 
f 3151 1219 1217 
f 3128 3126 3497 
f 2087 3497 3126 
f 2923 3498 3157 
f 3499 3157 3498 
f 3500 1511 1509 
f 3501 169 167 
f 3504 3503 3502 
f 3505 3502 3503 
f 3507 3506 2250 
f 3508 2250 3506 
f 2178 3480 2154 
f 3509 3480 2178 
f 3087 3090 3480 
f 3511 3510 109 
f 111 109 3510 
f 3087 3480 3509 
f 3514 3513 3512 
f 2148 3512 3513 
f 2795 3202 2792 
f 3515 3487 3488 
f 3516 3515 3488 
f 3517 3489 3487 
f 3517 3487 3515 
f 3518 3490 3489 
f 3518 3489 3517 
f 3519 3491 3490 
f 3519 3490 3518 
f 3520 3493 3491 
f 3520 3491 3519 
f 3521 1154 3493 
f 3521 3493 3520 
f 2965 3200 2966 
f 3522 2966 3200 
f 2155 1154 3521 
f 1541 2582 3001 
f 3003 3001 2582 
f 3063 3523 2526 
f 2528 2526 3523 
f 3525 3524 1455 
f 1454 1455 3524 
f 978 977 3421 
f 3526 3421 977 
f 356 3509 2178 
f 3509 356 354 
f 3527 3509 354 
f 3087 3509 3527 
f 3528 1930 1931 
f 3530 3529 1057 
f 3531 1057 3529 
f 3089 3087 3527 
f 971 110 243 
f 1350 1798 3277 
f 1796 3277 1798 
f 3532 3515 3516 
f 3533 3515 3532 
f 3534 3533 3532 
f 3533 3517 3515 
f 3535 3518 3517 
f 3535 3517 3533 
f 3536 3519 3518 
f 3536 3518 3535 
f 3537 3520 3519 
f 3537 3519 3536 
f 3538 3521 3520 
f 3538 3520 3537 
f 2231 2155 3521 
f 2231 3521 3538 
f 2327 3540 3539 
f 3541 3539 3540 
f 3134 2981 3542 
f 72 3542 2981 
f 1310 1308 3543 
f 3076 3543 1308 
f 965 3544 964 
f 3545 964 3544 
f 3546 1570 1571 
f 1545 1663 829 
f 1666 829 1663 
f 3527 354 2280 
f 3144 3548 3547 
f 205 3547 3548 
f 3549 3527 2280 
f 3089 3527 3549 
f 3550 2866 2864 
f 795 3552 3551 
f 3553 3551 3552 
f 3554 3089 3549 
f 3556 3555 2266 
f 3557 2266 3555 
f 3558 2796 2096 
f 672 3560 3559 
f 3561 3559 3560 
f 3562 2838 2837 
f 3533 3534 3563 
f 3564 3563 3534 
f 3563 3535 3533 
f 3565 3536 3535 
f 3565 3535 3563 
f 3566 3537 3536 
f 3566 3536 3565 
f 3567 3538 3537 
f 3567 3537 3566 
f 3345 2231 3538 
f 3345 3538 3567 
f 2879 1615 609 
f 611 609 1615 
f 1555 1906 2481 
f 2480 2481 1906 
f 3570 3569 3568 
f 3571 3568 3569 
f 3572 3339 3338 
f 3428 2079 1591 
f 3573 1591 2079 
f 1379 2796 3574 
f 3558 3574 2796 
f 2326 3549 2280 
f 3575 3549 2326 
f 3576 3554 3549 
f 3576 3549 3575 
f 814 3419 2816 
f 3577 2816 3419 
f 3580 3579 3578 
f 3581 3578 3579 
f 3583 3582 2225 
f 2849 2225 3582 
f 3584 3563 3564 
f 3585 3584 3564 
f 3586 3565 3563 
f 3586 3563 3584 
f 3587 3566 3565 
f 3587 3565 3586 
f 3588 3567 3566 
f 3588 3566 3587 
f 3346 3345 3567 
f 3346 3567 3588 
f 2813 1120 534 
f 3590 3589 2583 
f 2582 2583 3589 
f 2365 3592 3591 
f 1341 3591 3592 
f 3593 2808 2807 
f 3596 3595 3594 
f 3310 3594 3595 
f 2402 3597 2404 
f 3598 2404 3597 
f 3322 1782 1785 
f 2382 3575 2326 
f 3599 3575 2382 
f 3600 3576 3575 
f 3600 3575 3599 
f 3075 3118 3119 
f 3602 3601 3576 
f 3554 3576 3601 
f 3602 3576 3600 
f 470 3440 3603 
f 3443 3603 3440 
f 3604 3584 3585 
f 3605 3604 3585 
f 3606 3586 3584 
f 3606 3584 3604 
f 3607 3587 3586 
f 3607 3586 3606 
f 3608 3588 3587 
f 3608 3587 3607 
f 2285 3346 3588 
f 2285 3588 3608 
f 2286 2334 3346 
f 2286 3346 2285 
f 1300 2823 1361 
f 3610 3132 3609 
f 3611 3609 3132 
f 2995 3612 2542 
f 166 2542 3612 
f 3613 2571 3267 
f 3614 3267 2571 
f 3616 3615 3036 
f 3035 3036 3615 
f 1651 1652 3177 
f 2418 3599 2382 
f 3617 3599 2418 
f 3618 3600 3599 
f 3618 3599 3617 
f 3620 2673 3619 
f 2645 3619 2673 
f 3602 3600 3618 
f 141 3621 1520 
f 3622 1520 3621 
f 3623 3162 1241 
f 311 314 563 
f 3624 563 314 
f 3625 3409 1572 
f 3626 1572 3409 
f 3627 3604 3605 
f 489 3628 488 
f 3629 488 3628 
f 3630 3606 3604 
f 3630 3604 3627 
f 3631 3607 3606 
f 3631 3606 3630 
f 3632 3608 3607 
f 3632 3607 3631 
f 220 3291 3633 
f 3292 3633 3291 
f 2285 3608 3632 
f 1469 1158 1058 
f 3635 2960 3634 
f 2959 3634 2960 
f 2361 223 2607 
f 276 274 3636 
f 3637 3636 274 
f 401 399 3638 
f 2302 3638 399 
f 3639 233 231 
f 2286 2422 2335 
f 2064 2878 2876 
f 457 458 3640 
f 1843 3640 458 
f 2888 3641 2887 
f 3642 2887 3641 
f 2453 3617 2418 
f 3643 3617 2453 
f 3644 3618 3617 
f 3644 3617 3643 
f 3645 3602 3618 
f 3645 3618 3644 
f 1899 1897 3646 
f 3127 3646 1897 
f 2443 1261 2855 
f 3649 3648 3647 
f 3650 3647 3648 
f 3651 1055 1056 
f 2338 2407 3652 
f 710 3652 2407 
f 3653 3317 2364 
f 2366 2364 3317 
f 3654 3630 3627 
f 3655 3631 3630 
f 3655 3630 3654 
f 3656 3632 3631 
f 3656 3631 3655 
f 2287 2285 3632 
f 2287 3632 3656 
f 3629 1552 1028 
f 3002 1543 1541 
f 3657 3548 3144 
f 2957 2955 3658 
f 1274 3658 2955 
f 2284 2455 2422 
f 2284 2422 2286 
f 2497 3643 2453 
f 3659 3643 2497 
f 3660 3644 3643 
f 3660 3643 3659 
f 3122 3661 1564 
f 3662 1564 3661 
f 3645 3644 3660 
f 3663 3645 3660 
f 281 282 3664 
f 1927 3664 282 
f 2348 964 3545 
f 3666 3654 3665 
f 3627 3665 3654 
f 3667 3666 3665 
f 3668 3655 3654 
f 3668 3654 3666 
f 3669 3656 3655 
f 3669 3655 3668 
f 3670 2287 3656 
f 3670 3656 3669 
f 3671 2284 2287 
f 3671 2287 3670 
f 1751 3672 1633 
f 1634 1633 3672 
f 2499 2284 3671 
f 385 3673 3170 
f 3674 3170 3673 
f 3677 3676 3675 
f 3678 3675 3676 
f 2499 2455 2284 
f 2068 2066 3675 
f 3679 3675 2066 
f 2543 3659 2497 
f 310 308 3680 
f 726 3680 308 
f 3681 3660 3659 
f 3682 2843 477 
f 2841 477 2843 
f 2528 3663 3660 
f 2528 3660 3681 
f 2506 3666 3667 
f 1889 3005 1403 
f 3683 1403 3005 
f 3684 129 3449 
f 2506 3668 3666 
f 2512 3669 3668 
f 2512 3668 2506 
f 3685 3670 3669 
f 3685 3669 2512 
f 3686 3671 3670 
f 3686 3670 3685 
f 3686 2499 3671 
f 2609 3686 3685 
f 3687 2394 2392 
f 3686 2545 2499 
f 3689 3688 2853 
f 2479 2853 3688 
f 2398 2556 3266 
f 3690 3266 2556 
f 3693 3692 3691 
f 2491 3691 3692 
f 3659 2543 2579 
f 3695 370 3694 
f 2171 3694 370 
f 1942 3696 1944 
f 3697 1944 3696 
f 2823 1300 2824 
f 1301 2824 1300 
f 657 655 1341 
f 1491 1494 755 
f 3698 755 1494 
f 3681 3659 3699 
f 2579 3699 3659 
f 3702 3701 3700 
f 3703 3700 3701 
f 2527 3681 3699 
f 3706 3705 3704 
f 3707 3704 3705 
f 2527 2528 3681 
f 3709 3708 1983 
f 1982 1983 3708 
f 3381 2781 2779 
f 2504 2512 2506 
f 3712 3711 3710 
f 2789 3710 3711 
f 2510 3685 2512 
f 3714 1752 3713 
f 2537 3713 1752 
f 3715 3685 2510 
f 3717 830 3716 
f 1916 3716 830 
f 1727 3716 1916 
f 3719 3718 1399 
f 1964 1399 3718 
f 2609 2545 3686 
f 1122 3720 1281 
f 1970 1281 3720 
f 3721 1365 1363 
f 2275 2273 1554 
f 3295 1554 2273 
f 3723 3722 3593 
f 566 3593 3722 
f 3725 3695 3724 
f 3726 3724 3695 
f 2857 3727 2859 
f 3728 2859 3727 
f 143 1521 932 
f 1647 932 1521 
f 3729 3550 2864 
f 3731 3730 371 
f 3732 371 3730 
f 1567 2616 3122 
f 3733 3699 2579 
f 1856 3734 1855 
f 3281 1855 3734 
f 3736 3735 2715 
f 2716 2715 3735 
f 910 908 3154 
f 952 1729 1732 
f 2051 3738 3737 
f 3047 3737 3738 
f 664 3053 3051 
f 3118 3739 2278 
f 3740 2278 3739 
f 3715 2510 2511 
f 3743 3742 3741 
f 3744 3741 3742 
f 3222 3220 2615 
f 3745 2615 3220 
f 3715 768 2609 
f 1964 3213 3065 
f 1601 3746 1344 
f 681 1344 3746 
f 2609 3685 3715 
f 2507 2509 3747 
f 3748 3747 2509 
f 1399 3065 1401 
f 1680 3720 1122 
f 3750 496 3749 
f 494 3749 496 
f 2503 2506 3751 
f 3667 3751 2506 
f 3733 2606 2635 
f 2334 2230 2231 
f 3753 3752 2675 
f 2470 2675 3752 
f 738 737 735 
f 2915 1779 1780 
f 3756 3755 3754 
f 1720 3754 3755 
f 2370 105 3757 
f 3369 3757 105 
f 3759 3758 610 
f 2425 610 3758 
f 288 286 3760 
f 2041 3760 286 
f 765 768 767 
f 3761 767 768 
f 1146 1144 3329 
f 3762 3761 768 
f 3763 768 3715 
f 2511 3763 3715 
f 3762 768 3763 
f 3764 3761 3762 
f 3766 2357 3765 
f 3767 3765 2357 
f 3770 3769 3768 
f 3771 3768 3769 
f 3772 2650 2649 
f 2036 2039 2719 
f 2246 2719 2039 
f 3733 2635 2650 
f 3775 3774 3773 
f 3776 3773 3774 
f 1433 1559 1435 
f 3777 2983 2119 
f 3778 2044 3261 
f 3263 3261 2044 
f 1579 1251 3316 
f 3779 2923 2921 
f 3780 3239 2724 
f 3095 2724 3239 
f 2745 3781 2747 
f 3782 2747 3781 
f 2542 2994 2995 
f 1936 2352 2350 
f 2657 767 3761 
f 2065 3495 3494 
f 2658 2657 3761 
f 1571 3784 3783 
f 1460 3783 3784 
f 3764 2658 3761 
f 3785 2658 3764 
f 3786 313 311 
f 3785 2659 2658 
f 3787 2660 2659 
f 3785 3787 2659 
f 3788 2661 2660 
f 3787 3788 2660 
f 3176 2662 2661 
f 3788 3176 2661 
f 2662 3176 2663 
f 3619 2645 2663 
f 3619 2663 1186 
f 3791 3790 3789 
f 3792 3789 3790 
f 437 1489 3793 
f 3794 3793 1489 
f 3796 248 3795 
f 1756 3795 248 
f 3799 3798 3797 
f 3800 3797 3798 
f 3801 3242 2384 
f 2386 2384 3242 
f 3350 1278 3802 
f 2443 3802 1278 
f 1376 2840 1375 
f 2891 1375 2840 
f 2674 2673 3620 
f 3803 2649 2674 
f 3620 3803 2674 
f 3290 1835 1836 
f 3772 2649 3803 
f 911 1392 913 
f 1516 1519 3804 
f 3805 3804 1519 
f 1506 1504 2329 
f 2328 2329 1504 
f 3806 3724 3726 
f 2104 2531 754 
f 1479 1477 1489 
f 1686 3103 1688 
f 1861 3808 3807 
f 3210 3807 3808 
f 1652 1650 3809 
f 2295 3809 1650 
f 1755 2537 1752 
f 3025 3026 3810 
f 2211 3810 3026 
f 3812 1598 3811 
f 3813 3811 1598 
f 636 634 2776 
f 3816 3815 3814 
f 1195 3814 3815 
f 3819 3818 3817 
f 3820 3817 3818 
f 3217 3821 161 
f 228 161 3821 
f 3822 3819 3817 
f 3825 3824 3823 
f 3826 3823 3824 
f 369 3828 3827 
f 3829 3827 3828 
f 3832 3831 3830 
f 476 3830 3831 
f 376 3834 3833 
f 2100 3833 3834 
f 3835 3472 3361 
f 2406 3361 3472 
f 497 3837 3836 
f 1908 3836 3837 
f 3839 3838 3258 
f 721 3258 3838 
f 3822 3840 3819 
f 3841 3819 3840 
f 3841 3840 3842 
f 3843 3842 3840 
f 3212 3845 3844 
f 3846 3844 3845 
f 2392 3848 3847 
f 3849 3847 3848 
f 3850 3473 3474 
f 457 2164 3851 
f 1884 3851 2164 
f 2577 2790 3852 
f 3853 3852 2790 
f 2712 3817 3820 
f 3854 2712 3820 
f 2711 2712 3854 
f 2710 2711 3854 
f 3817 2712 2714 
f 3683 1531 3184 
f 3315 3184 1531 
f 1966 3190 2911 
f 3142 3856 3855 
f 3857 3855 3856 
f 3860 3859 3858 
f 3861 3858 3859 
f 3862 1823 1824 
f 3864 3863 3511 
f 3865 3511 3863 
f 3866 3840 3822 
f 3225 3867 2439 
f 3000 2439 3867 
f 3868 3843 3840 
f 3868 3840 3866 
f 1971 2356 1968 
f 2354 1968 2356 
f 2578 3852 3869 
f 2726 3869 3852 
f 3870 3843 3868 
f 2776 441 636 
f 3843 3870 3871 
f 3872 3871 3870 
f 3873 3871 3872 
f 3301 842 3116 
f 554 1437 1655 
f 75 73 1324 
f 1389 1324 73 
f 3874 2551 2729 
f 2728 2729 2551 
f 3417 699 3367 
f 2126 3367 699 
f 3875 1963 3718 
f 1964 3718 1963 
f 3876 3383 3284 
f 3386 3284 3383 
f 3874 2729 2710 
f 3877 1920 1919 
f 3880 3879 3878 
f 3881 3878 3879 
f 328 3882 327 
f 329 327 3882 
f 3884 772 3883 
f 3885 3883 772 
f 2807 1245 854 
f 852 854 1245 
f 1600 681 684 
f 2733 3884 3883 
f 3822 2714 3886 
f 2735 3886 2714 
f 3887 3466 3469 
f 3478 1775 1778 
f 3888 3822 3886 
f 3866 3822 3888 
f 3889 3868 3866 
f 3889 3866 3888 
f 3890 3870 3868 
f 3890 3868 3889 
f 1054 3340 3052 
f 3872 3870 3890 
f 3893 3892 3891 
f 1743 3891 3892 
f 2980 1259 3894 
f 1260 3894 1259 
f 3801 3244 3242 
f 670 3767 2357 
f 1066 3895 1064 
f 1747 1064 3895 
f 1236 3255 3163 
f 2723 3163 3255 
f 2295 1559 1433 
f 2221 2551 1356 
f 879 1356 2551 
f 1819 2819 2275 
f 3241 3896 485 
f 484 485 3896 
f 591 1875 590 
f 2007 590 1875 
f 2728 2551 2221 
f 977 205 3526 
f 3548 3526 205 
f 1315 1318 1514 
f 1513 1514 1318 
f 3898 3897 1315 
f 1317 1315 3897 
f 3899 1212 1215 
f 2769 3886 2735 
f 3900 1318 1316 
f 3902 565 3901 
f 563 3901 565 
f 382 3904 3903 
f 3905 3903 3904 
f 3888 3886 3906 
f 2769 3906 3886 
f 3907 3889 3888 
f 3907 3888 3906 
f 3908 3890 3889 
f 3908 3889 3907 
f 3909 3872 3890 
f 3909 3890 3908 
f 1607 2085 1788 
f 1787 1788 2085 
f 3910 3872 3909 
f 137 138 1448 
f 3912 1987 3911 
f 3913 3911 1987 
f 3914 2908 2522 
f 3910 3915 3872 
f 3873 3872 3915 
f 1356 763 761 
f 337 335 2117 
f 2188 2117 335 
f 3916 2776 2777 
f 3918 3917 1239 
f 1241 1239 3917 
f 1356 2771 2221 
f 3921 3920 3919 
f 3922 3919 3920 
f 3924 3923 3248 
f 3925 3248 3923 
f 3453 3926 1066 
f 3895 1066 3926 
f 3719 1399 1400 
f 660 3639 3927 
f 1967 3927 3639 
f 3930 3929 3928 
f 3931 3928 3929 
f 1780 1740 2915 
f 1950 1948 3932 
f 1391 3932 1948 
f 2798 3906 2769 
f 3935 3934 3933 
f 1589 3933 3934 
f 301 299 3936 
f 3937 3936 299 
f 3548 3657 3526 
f 2633 3526 3657 
f 303 2666 305 
f 3938 305 2666 
f 3907 3906 3939 
f 2798 3939 3906 
f 3940 3908 3907 
f 3940 3907 3939 
f 3941 3909 3908 
f 3941 3908 3940 
f 3942 3910 3909 
f 3942 3909 3941 
f 3943 3915 3910 
f 3943 3910 3942 
f 337 3321 1876 
f 2185 1876 3321 
f 2981 2980 74 
f 3894 74 2980 
f 3945 3634 3944 
f 3946 3944 3634 
f 2802 761 762 
f 1361 3195 1300 
f 1302 1300 3195 
f 2771 761 2802 
f 3947 1025 3572 
f 1023 3572 1025 
f 3950 3949 3948 
f 3951 3948 3949 
f 3953 3952 247 
f 3954 247 3952 
f 2771 1356 761 
f 691 689 3955 
f 3956 3955 689 
f 1623 896 897 
f 2269 3957 2268 
f 3958 2268 3957 
f 3960 302 3959 
f 305 3959 302 
f 179 1386 2846 
f 3961 3940 3939 
f 1717 1718 3962 
f 2228 3962 1718 
f 3963 3941 3940 
f 3963 3940 3961 
f 3963 3942 3941 
f 3964 1244 2773 
f 403 406 3356 
f 3700 3943 3942 
f 3614 1977 3267 
f 3700 3942 3963 
f 3966 3965 3074 
f 1644 3074 3965 
f 870 3240 2297 
f 2299 2297 3240 
f 385 3170 387 
f 2883 1939 2318 
f 3968 1976 3967 
f 1977 3967 1976 
f 1722 1724 511 
f 1787 2085 2083 
f 1497 1704 1707 
f 3219 3969 3221 
f 2028 3221 3969 
f 3970 1528 2887 
f 3973 3972 3971 
f 358 3971 3972 
f 3436 672 3437 
f 3559 3437 672 
f 1120 2813 3974 
f 3900 3974 2813 
f 742 3862 1824 
f 3975 1881 2731 
f 3976 2731 1881 
f 3978 3977 3781 
f 455 3781 3977 
f 3980 3979 2896 
f 1921 2896 3979 
f 3779 3982 3981 
f 1526 3981 3982 
f 949 2819 1819 
f 3984 3040 3983 
f 2201 3983 3040 
f 502 3985 499 
f 2634 499 3985 
f 534 1121 1282 
f 416 3807 415 
f 2013 415 3807 
f 2603 3987 3986 
f 3168 3986 3987 
f 3988 3767 671 
f 670 671 3767 
f 2172 2668 3522 
f 3989 3522 2668 
f 2869 790 1424 
f 637 421 3990 
f 419 3990 421 
f 3991 379 377 
f 790 2869 762 
f 1185 1184 2001 
f 3993 1868 3992 
f 1866 3992 1868 
f 2798 2925 3961 
f 3994 3961 2925 
f 2821 2925 2798 
f 3996 697 3995 
f 698 3995 697 
f 2954 2189 2188 
f 3999 3998 3997 
f 4000 3997 3998 
f 413 4001 897 
f 1622 897 4001 
f 1399 1964 3065 
f 4004 4003 4002 
f 4005 4002 4003 
f 1628 4006 108 
f 244 108 4006 
f 4007 878 2968 
f 2967 2968 878 
f 3195 1361 885 
f 663 1365 3721 
f 4008 3514 3512 
f 4010 4009 1311 
f 4011 1311 4009 
f 3878 3881 4012 
f 4013 4012 3881 
f 4014 1664 1665 
f 3060 1499 1393 
f 2882 2869 1424 
f 3661 3138 3662 
f 4015 3662 3138 
f 57 4016 1427 
f 1710 1427 4016 
f 3863 4018 4017 
f 2756 4017 4018 
f 2432 2430 482 
f 2992 1401 2817 
f 3978 2745 3545 
f 2746 3545 2745 
f 4020 4019 1413 
f 1412 1413 4019 
f 3418 814 815 
f 4022 3081 4021 
f 4023 4021 3081 
f 1687 1254 1252 
f 4024 479 477 
f 94 2063 96 
f 758 96 2063 
f 3341 413 411 
f 444 2705 4025 
f 1467 4025 2705 
f 4026 1499 3060 
f 1711 3048 1928 
f 1930 1928 3048 
f 4028 2158 4027 
f 4029 4027 2158 
f 1765 123 124 
f 4031 3765 4030 
f 3767 4030 3765 
f 4033 1847 4032 
f 564 4032 1847 
f 4034 3158 3149 
f 1800 1803 2757 
f 2782 2757 1803 
f 1862 1865 3337 
f 2008 3337 1865 
f 2715 4035 3736 
f 3023 3736 4035 
f 4036 1258 2443 
f 4039 4038 4037 
f 3162 4037 4038 
f 411 412 1828 
f 1527 2560 1528 
f 3874 881 2551 
f 1537 4041 4040 
f 4042 4040 4041 
f 3994 2925 921 
f 2419 3421 3526 
f 4043 2131 2130 
f 4044 299 300 
f 923 3574 4045 
f 3558 4045 3574 
f 737 4046 736 
f 2716 736 4046 
f 4047 4029 2157 
f 2158 2157 4029 
f 3322 1785 1826 
f 519 1826 1785 
f 2804 4047 2157 
f 560 4048 934 
f 936 934 4048 
f 2931 2882 2946 
f 1424 2946 2882 
f 4049 1801 1802 
f 1910 220 1909 
f 3633 1909 220 
f 4052 4051 4050 
f 3318 4050 4051 
f 1974 3194 3196 
f 1929 1927 282 
f 4053 3486 543 
f 4054 3905 2566 
f 4055 2566 3905 
f 4057 3698 4056 
f 386 4056 3698 
f 2665 1307 1310 
f 49 3591 1341 
f 203 3547 205 
f 2331 2782 1803 
f 1461 1597 4058 
f 1595 4058 1597 
f 919 4059 921 
f 3994 921 4059 
f 3672 1751 1749 
f 4060 3994 4059 
f 1019 1826 519 
f 4061 3094 3172 
f 3726 3172 3094 
f 273 4062 2847 
f 4063 2847 4062 
f 4065 4064 1918 
f 2144 1918 4064 
f 3954 2977 249 
f 4066 249 2977 
f 3078 3344 1735 
f 4067 1735 3344 
f 3200 2965 3202 
f 3720 3202 2965 
f 1366 1770 4068 
f 585 4068 1770 
f 4069 1458 4058 
f 1461 4058 1458 
f 4072 4071 4070 
f 4073 4070 4071 
f 4075 4074 1257 
f 1549 1257 4074 
f 2655 404 405 
f 512 510 1959 
f 1015 3152 3151 
f 1780 1739 1740 
f 245 972 243 
f 4078 4077 4076 
f 4079 4076 4077 
f 4080 3842 3843 
f 3292 1838 2590 
f 2045 4081 1157 
f 3799 1157 4081 
f 2208 1950 4082 
f 3932 4082 1950 
f 2966 3522 3989 
f 2425 2879 609 
f 369 3725 3828 
f 3724 3828 3725 
f 2840 2839 2890 
f 4083 2890 2839 
f 956 3198 1821 
f 1718 1821 3198 
f 2804 4084 2806 
f 4085 2806 4084 
f 4088 4087 4086 
f 4089 4086 4087 
f 4090 3785 3764 
f 553 4091 552 
f 2651 552 4091 
f 544 2181 4092 
f 4093 4092 2181 
f 3885 3477 3883 
f 2435 3883 3477 
f 2973 4094 919 
f 4059 919 4094 
f 4095 893 894 
f 4097 1786 4096 
f 1878 4096 1786 
f 3282 976 978 
f 2137 2037 3475 
f 2038 3475 2037 
f 3029 1146 3329 
f 4098 2025 2028 
f 4100 1682 4099 
f 1677 4099 1682 
f 2625 2628 1943 
f 2234 1943 2628 
f 3321 2147 2187 
f 2145 2187 2147 
f 3640 1844 457 
f 4101 2943 788 
f 1424 788 2943 
f 380 3904 382 
f 4104 4103 4102 
f 296 4102 4103 
f 484 4105 486 
f 3723 486 4105 
f 1587 4107 4106 
f 4108 4106 4107 
f 3016 4094 2973 
f 4110 2485 4109 
f 4111 4109 2485 
f 2312 2310 2999 
f 4112 2999 2310 
f 3371 4113 1560 
f 4114 1560 4113 
f 4117 4116 4115 
f 3544 4115 4116 
f 4118 3012 3011 
f 3217 160 1739 
f 3112 3931 4119 
f 4120 4119 3931 
f 4123 4122 4121 
f 1911 4121 4122 
f 4125 4124 1923 
f 1924 1923 4124 
f 3361 3359 4126 
f 4127 4126 3359 
f 4128 2775 634 
f 934 937 2629 
f 1930 1242 1240 
f 4129 1674 2542 
f 1687 1252 1689 
f 3440 4130 3442 
f 3270 3442 4130 
f 4133 4132 4131 
f 4134 4131 4132 
f 3496 3183 4135 
f 3181 4135 3183 
f 3638 2302 2090 
f 2829 635 1594 
f 4084 4136 4085 
f 4137 4085 4136 
f 4138 375 2555 
f 2142 4139 2143 
f 1880 2143 4139 
f 4140 3214 2575 
f 4142 4141 3918 
f 4143 3918 4141 
f 1602 2982 92 
f 4144 92 2982 
f 4145 1208 1211 
f 4147 4146 2130 
f 4043 2130 4146 
f 2274 4148 2273 
f 3295 2273 4148 
f 1430 4149 3407 
f 4150 3407 4149 
f 721 2790 2748 
f 4017 2755 4151 
f 4152 4151 2755 
f 4154 3249 4153 
f 3810 4153 3249 
f 3067 4155 3069 
f 2870 3069 4155 
f 2508 2507 4156 
f 3747 4156 2507 
f 3726 3094 4157 
f 3092 4157 3094 
f 93 2906 4158 
f 2907 4158 2906 
f 2807 3723 3593 
f 426 1993 3899 
f 1991 3899 1993 
f 1707 4160 4159 
f 4161 4159 4160 
f 4163 524 4162 
f 987 4162 524 
f 4164 2256 2352 
f 2349 2352 2256 
f 92 90 1602 
f 1603 1602 90 
f 4166 2912 4165 
f 2536 4165 2912 
f 4164 2352 1934 
f 1936 1934 2352 
f 4169 4168 4167 
f 707 4167 4168 
f 3702 3994 4060 
f 4170 4006 1628 
f 1825 1381 3294 
f 924 3294 1381 
f 4171 3710 3164 
f 2750 3164 3710 
f 1699 3492 1696 
f 3573 1696 3492 
f 4172 3478 1778 
f 481 2361 2607 
f 2201 3040 2202 
f 4173 2202 3040 
f 4044 4174 3937 
f 4175 3937 4174 
f 4178 4177 4176 
f 1958 4176 4177 
f 4179 2074 3743 
f 3742 3743 2074 
f 167 1566 1564 
f 209 4140 580 
f 1291 580 4140 
f 4181 3368 4180 
f 103 4180 3368 
f 4084 471 4136 
f 4182 4136 471 
f 4183 2000 945 
f 4129 4184 1672 
f 4185 1672 4184 
f 657 1688 3102 
f 654 657 3102 
f 1902 3936 1904 
f 3937 1904 3936 
f 1266 3816 1268 
f 4186 1268 3816 
f 1384 2318 1422 
f 3651 14 12 
f 3815 3816 1266 
f 1951 2014 4187 
f 4188 4187 2014 
f 4191 4190 4189 
f 4192 4189 4190 
f 3709 1983 4193 
f 4194 4193 1983 
f 4088 4086 2880 
f 2881 2880 4086 
f 2850 2225 2849 
f 90 3139 1603 
f 1056 4195 3860 
f 3859 3860 4195 
f 1835 4196 3583 
f 4197 3583 4196 
f 1054 4195 1056 
f 1269 3815 1266 
f 4118 973 4198 
f 4199 4198 973 
f 520 3147 517 
f 3216 517 3147 
f 4200 1124 1383 
f 2927 3693 4201 
f 2345 4201 3693 
f 4202 2111 892 
f 4204 4203 94 
f 4205 94 4203 
f 4206 119 923 
f 4207 1173 2949 
f 2948 2949 1173 
f 2743 1804 1871 
f 4089 1809 2881 
f 1810 2881 1809 
f 4209 4102 4208 
f 4210 4208 4102 
f 3141 3139 90 
f 3007 466 464 
f 4211 3104 3103 
f 4212 1814 1319 
f 3450 2336 2047 
f 127 2047 2336 
f 1236 344 3255 
f 3241 485 3240 
f 2299 3240 485 
f 936 4213 3355 
f 548 3355 4213 
f 4214 1836 1834 
f 2299 485 483 
f 4216 2940 4215 
f 3771 4215 2940 
f 2535 2913 4212 
f 4217 4212 2913 
f 811 757 4218 
f 1486 4218 757 
f 4220 3339 4219 
f 3572 4219 3339 
f 1467 363 2291 
f 4135 3181 3314 
f 3315 3314 3181 
f 1220 3319 1221 
f 3730 1221 3319 
f 2550 2549 3570 
f 4221 3570 2549 
f 4222 476 3831 
f 3836 1908 4122 
f 1911 4122 1908 
f 4223 3251 3313 
f 3250 3313 3251 
f 3083 2388 456 
f 3830 4225 4224 
f 4226 4224 4225 
f 3832 3830 4224 
f 3692 4227 677 
f 679 677 4227 
f 4229 3625 4228 
f 1570 4228 3625 
f 803 4186 4230 
f 4231 4230 4186 
f 3450 662 3449 
f 665 3449 662 
f 2469 179 177 
f 4093 1345 4092 
f 1346 4092 1345 
f 4034 3149 2260 
f 3141 2260 3149 
f 1857 3283 3420 
f 2060 4112 4232 
f 2310 4232 4112 
f 4015 3137 4185 
f 4233 4185 3137 
f 4234 2339 2337 
f 2716 3735 4235 
f 2867 4235 3735 
f 1220 298 4050 
f 4052 4050 298 
f 1408 4236 1406 
f 4170 1406 4236 
f 4237 3758 3759 
f 4239 4238 2360 
f 670 2360 4238 
f 3953 248 3796 
f 374 4240 847 
f 4216 847 4240 
f 4241 2742 2740 
f 4242 3332 2914 
f 3289 1036 3288 
f 1037 3288 1036 
f 4205 4243 2063 
f 357 2063 4243 
f 3967 3614 4244 
f 2569 4244 3614 
f 3106 3105 4034 
f 3158 4034 3105 
f 2166 1668 1660 
f 813 816 882 
f 1185 4246 4245 
f 4247 4245 4246 
f 4166 4165 4248 
f 1753 4248 4165 
f 2928 2437 2438 
f 4249 3049 1532 
f 4250 1532 3049 
f 3105 3107 3158 
f 4085 4137 4251 
f 3006 4251 4137 
f 4252 3677 3675 
f 4254 4253 4229 
f 3208 4229 4253 
f 4256 3897 4255 
f 3898 4255 3897 
f 3804 1961 550 
f 1124 4200 1340 
f 3947 1340 4200 
f 3215 3216 3147 
f 3196 3195 885 
f 1501 4082 2263 
f 3932 2263 4082 
f 3546 4258 4257 
f 2974 4257 4258 
f 531 3224 3107 
f 529 3224 531 
f 4206 3146 121 
f 3175 121 3146 
f 1861 1859 2998 
f 4111 3748 4259 
f 1728 4259 3748 
f 545 995 2182 
f 2344 2100 3834 
f 2098 3833 2100 
f 749 734 1456 
f 4260 1456 734 
f 4236 1408 1887 
f 1886 1887 1408 
f 519 517 3216 
f 3688 4192 2481 
f 1555 2481 4192 
f 4263 4262 4261 
f 4264 4261 4262 
f 3768 773 776 
f 828 1916 830 
f 3739 4265 946 
f 948 946 4265 
f 2571 2569 3614 
f 4106 1584 1587 
f 3991 2052 4266 
f 4201 4266 2052 
f 3036 2810 3616 
f 1498 3616 2810 
f 3795 4227 3692 
f 3192 528 531 
f 4268 3309 4267 
f 1683 4267 3309 
f 3719 3992 1866 
f 969 1019 519 
f 3018 2589 2587 
f 2742 4241 2895 
f 3801 2895 4241 
f 4269 1035 2991 
f 2988 2991 1035 
f 2100 2344 2347 
f 2215 2238 4270 
f 1641 4270 2238 
f 1984 4271 1981 
f 4194 1981 4271 
f 3193 530 528 
f 3740 946 947 
f 501 3657 3144 
f 4272 4123 4121 
f 2279 4247 2832 
f 4273 2832 4247 
f 1726 1727 1916 
f 3131 4274 3130 
f 3611 3130 4274 
f 388 2762 2763 
f 3579 4276 4275 
f 125 4275 4276 
f 1235 3825 1232 
f 3823 1232 3825 
f 4278 2859 4277 
f 3728 4277 2859 
f 1431 4279 2679 
f 3205 2679 4279 
f 3193 3276 530 
f 4280 3276 3193 
f 454 2006 453 
f 2805 453 2006 
f 2737 4281 172 
f 154 172 4281 
f 3191 4280 3193 
f 4282 3191 3192 
f 1727 1725 2509 
f 3748 2509 1725 
f 1623 1621 2006 
f 4283 2006 1621 
f 993 2186 4284 
f 4257 4284 2186 
f 4286 4285 1014 
f 1016 1014 4285 
f 1646 715 1673 
f 4288 3902 4287 
f 3901 4287 3902 
f 4290 3711 4289 
f 3712 4289 3711 
f 2156 2155 2231 
f 443 2776 3916 
f 4114 71 1562 
f 4280 3298 3276 
f 4291 3298 4280 
f 4292 4280 3191 
f 4291 4280 4292 
f 2012 3211 2904 
f 2903 2904 3211 
f 4282 4292 3191 
f 4294 2920 4293 
f 3862 4293 2920 
f 4296 4295 4001 
f 1622 4001 4295 
f 4218 1486 3441 
f 3443 3441 1486 
f 1921 4297 1922 
f 2119 1922 4297 
f 1561 1562 679 
f 4298 4122 4123 
f 4007 2204 878 
f 880 878 2204 
f 4299 1959 3251 
f 1960 3251 1959 
f 3892 3206 1743 
f 1920 3877 2349 
f 2351 2349 3877 
f 1465 3230 902 
f 4291 3324 3298 
f 4300 3324 4291 
f 796 4291 4292 
f 4300 4291 796 
f 796 4292 4282 
f 3969 3219 4301 
f 4302 4301 3219 
f 2288 3083 3084 
f 4304 1808 4303 
f 2314 4303 1808 
f 796 4282 798 
f 4305 798 4282 
f 3359 3362 4306 
f 4307 4306 3362 
f 3717 3716 2738 
f 2737 2738 3716 
f 4309 4308 2135 
f 4310 2135 4308 
f 399 4311 2825 
f 2827 2825 4311 
f 4312 1853 771 
f 3264 2146 4064 
f 2144 4064 2146 
f 4313 588 1634 
f 4300 3348 3324 
f 4314 3348 4300 
f 799 4300 796 
f 4314 4300 799 
f 109 110 3010 
f 3421 2419 3420 
f 2420 3420 2419 
f 2574 2575 2835 
f 121 119 4206 
f 4317 4316 4315 
f 1042 4315 4316 
f 3367 3322 3365 
f 3610 4319 4318 
f 4320 4318 4319 
f 3030 2652 2653 
f 4321 1731 2886 
f 1729 2886 1731 
f 4016 871 869 
f 4314 3375 3348 
f 4322 3375 4314 
f 4325 4324 4323 
f 1899 4323 4324 
f 2269 4326 3957 
f 4327 3957 4326 
f 799 4322 4314 
f 1644 1172 1170 
f 3496 2290 364 
f 4325 4328 4324 
f 4329 4324 4328 
f 4330 3157 3499 
f 2040 1832 1831 
f 3613 2568 2571 
f 665 3684 3449 
f 14 21 11 
f 3707 2610 1230 
f 4202 1230 2610 
f 1711 4331 2873 
f 2874 2873 4331 
f 2436 1209 3463 
f 2420 941 1305 
f 944 1305 941 
f 4322 3400 3375 
f 4332 3400 4322 
f 4333 4322 799 
f 4332 4322 4333 
f 3395 3397 1580 
f 326 1580 3397 
f 4333 799 3541 
f 797 3541 799 
f 1756 1757 4334 
f 3811 4334 1757 
f 627 3958 4177 
f 1955 4177 3958 
f 3539 3541 797 
f 4335 2874 4331 
f 3759 610 4336 
f 4337 4336 610 
f 4338 1576 1574 
f 1628 1406 4170 
f 4090 4340 4339 
f 4341 4339 4340 
f 1863 4342 1865 
f 2009 1865 4342 
f 2116 687 1917 
f 3876 3385 3383 
f 4343 4207 3547 
f 3145 3547 4207 
f 444 4344 1594 
f 2831 1594 4344 
f 4347 4346 4345 
f 4348 4345 4346 
f 2895 3801 2384 
f 4332 3423 3400 
f 4349 3423 4332 
f 4350 4332 4333 
f 4349 4332 4350 
f 4351 4333 3541 
f 4350 4333 4351 
f 4351 3541 3540 
f 4352 2462 1640 
f 4016 1894 1892 
f 3814 1317 3897 
f 3417 696 699 
f 4354 4353 3371 
f 4355 3371 4353 
f 4357 4356 1823 
f 1825 1823 4356 
f 1658 2514 553 
f 4358 553 2514 
f 1350 3277 1349 
f 4359 1349 3277 
f 700 122 4276 
f 125 4276 122 
f 3444 4212 1319 
f 2004 2002 4018 
f 4360 4018 2002 
f 1978 4362 4361 
f 2081 4361 4362 
f 3448 3427 3429 
f 3995 3427 3448 
f 698 3427 3995 
f 1069 2957 1068 
f 4363 1068 2957 
f 3987 4000 3998 
f 4349 3431 3423 
f 4119 3111 3112 
f 4364 4349 4350 
f 3431 4349 4364 
f 2082 1574 1575 
f 3044 4350 4351 
f 4364 4350 3044 
f 3041 4351 3540 
f 1274 1272 4365 
f 4366 4365 1272 
f 4126 3835 3361 
f 3041 3044 4351 
f 4367 3568 3571 
f 1520 3622 4368 
f 2134 4368 3622 
f 1370 1813 2748 
f 481 2607 2432 
f 3995 4261 3996 
f 4264 3996 4261 
f 3448 4261 3995 
f 3628 4369 3629 
f 1552 3629 4369 
f 1357 1695 219 
f 780 219 1695 
f 4370 911 914 
f 231 1967 3639 
f 3895 3133 1746 
f 4371 779 780 
f 2064 2987 2878 
f 3571 2878 2987 
f 2313 4232 2310 
f 742 4293 3862 
f 3085 3084 3082 
f 4372 3431 4364 
f 3455 3431 4372 
f 4373 4364 3044 
f 4372 4364 4373 
f 4373 3044 3042 
f 104 1856 4374 
f 1854 4374 1856 
f 1940 4375 1937 
f 2317 1937 4375 
f 4377 866 4376 
f 2706 4376 866 
f 1602 508 2982 
f 1426 2982 508 
f 3153 3927 4378 
f 267 4378 3927 
f 2357 2360 670 
f 3019 2589 3018 
f 4263 3451 3479 
f 1845 3955 1842 
f 3956 1842 3955 
f 3448 3451 4263 
f 2918 4379 2861 
f 1732 2861 4379 
f 4261 3448 4263 
f 3090 4263 3479 
f 4372 3488 3455 
f 4380 3488 4372 
f 4381 4372 4373 
f 4380 4372 4381 
f 4382 4373 3042 
f 4381 4373 4382 
f 389 3292 218 
f 4382 3042 3043 
f 708 4167 707 
f 4384 1794 4383 
f 1795 4383 1794 
f 2880 2425 4088 
f 3758 4088 2425 
f 3088 4263 3090 
f 3088 4262 4263 
f 3720 1680 3202 
f 3257 4385 3999 
f 4386 3999 4385 
f 4380 3516 3488 
f 4387 3516 4380 
f 4388 4380 4381 
f 4387 4380 4388 
f 4389 4381 4382 
f 4388 4381 4389 
f 4390 4382 3043 
f 4389 4382 4390 
f 1237 3163 2313 
f 2721 2313 3163 
f 1647 3279 932 
f 933 932 3279 
f 4391 3935 3933 
f 3088 4392 4262 
f 4393 4262 4392 
f 772 770 3885 
f 3020 3885 770 
f 2754 2567 2565 
f 3089 4392 3088 
f 2488 4156 3747 
f 585 588 3500 
f 4313 3500 588 
f 4387 3532 3516 
f 3534 3532 4387 
f 4394 3534 4387 
f 4394 4387 4388 
f 4395 4388 4389 
f 4394 4388 4395 
f 4396 4389 4390 
f 2537 2535 3444 
f 4212 3444 2535 
f 123 957 125 
f 955 125 957 
f 4396 4395 4389 
f 812 3442 4028 
f 3270 4028 3442 
f 1588 4096 1026 
f 1879 1026 4096 
f 901 4397 466 
f 465 466 4397 
f 3729 4398 3550 
f 3646 3550 4398 
f 2489 2488 3747 
f 3964 1246 1244 
f 4124 4125 467 
f 4399 467 4125 
f 4400 1462 2340 
f 900 2340 1462 
f 2148 2397 2149 
f 2746 2348 3545 
f 2576 4401 3252 
f 3253 3252 4401 
f 1000 2024 4065 
f 4064 4065 2024 
f 1450 4402 129 
f 126 129 4402 
f 2868 2672 3327 
f 626 173 152 
f 4394 3564 3534 
f 4403 3564 4394 
f 4403 4394 4395 
f 4404 4395 4396 
f 4403 4395 4404 
f 4405 4404 4396 
f 1999 953 951 
f 1759 2610 3707 
f 4294 1441 1442 
f 853 2807 854 
f 3268 4392 3554 
f 3089 3554 4392 
f 4068 1509 4406 
f 1510 4406 1509 
f 4407 1634 3672 
f 4403 3585 3564 
f 4408 3585 4403 
f 4409 4403 4404 
f 4408 4403 4409 
f 4410 4404 4405 
f 4409 4404 4410 
f 3687 4133 4131 
f 852 612 178 
f 4160 4272 4121 
f 3268 3554 3601 
f 68 71 4114 
f 4412 3865 4411 
f 4151 4411 3865 
f 571 4414 4413 
f 2341 4413 4414 
f 2093 4416 4415 
f 4076 4415 4416 
f 4408 3605 3585 
f 4417 3605 4408 
f 4418 4408 4409 
f 4417 4408 4418 
f 2971 3996 4264 
f 4419 4243 4205 
f 4418 4409 1988 
f 4410 1988 4409 
f 1985 1988 4410 
f 4421 4420 3601 
f 3268 3601 4420 
f 4422 4420 4421 
f 3146 4206 4423 
f 4045 4423 4206 
f 1946 1947 2722 
f 1038 3859 2990 
f 3052 2990 3859 
f 1451 2342 1445 
f 1447 1445 2342 
f 2858 4424 2860 
f 2114 2860 4424 
f 3605 4417 3627 
f 3665 3627 4417 
f 4425 4417 4418 
f 3665 4417 4425 
f 1986 4418 1988 
f 4425 4418 1986 
f 3680 729 1461 
f 1597 1461 729 
f 1275 1273 502 
f 3985 502 1273 
f 1918 685 688 
f 1448 501 1670 
f 2095 4426 2097 
f 4427 2097 4426 
f 4428 3030 2653 
f 4010 4412 4031 
f 4411 4031 4412 
f 4431 4430 4429 
f 4432 4429 4430 
f 752 755 3698 
f 1927 3528 3664 
f 3507 3664 3528 
f 3754 1720 690 
f 3667 3665 4425 
f 4433 4425 1986 
f 3667 4425 4433 
f 2801 2262 1556 
f 4434 1556 2262 
f 4435 4371 1694 
f 1695 1694 4371 
f 1634 3206 3892 
f 3645 4436 4421 
f 4422 4421 4436 
f 3663 4436 3645 
f 3523 4436 3663 
f 1524 1292 1290 
f 4437 3721 1363 
f 1232 4438 912 
f 914 912 4438 
f 1878 1786 1789 
f 1706 4440 4439 
f 1568 4439 4440 
f 3550 3646 4441 
f 3127 4441 3646 
f 4442 3667 4433 
f 4443 2062 2061 
f 2200 2202 4444 
f 4173 4444 2202 
f 586 587 1771 
f 4442 4433 4445 
f 1986 4445 4433 
f 4447 4446 4309 
f 4308 4309 4446 
f 3523 3663 2528 
f 386 3698 1494 
f 665 3721 4437 
f 1809 4089 4448 
f 4272 4448 4089 
f 4166 268 266 
f 2067 3752 3753 
f 4449 4110 4109 
f 4442 3751 3667 
f 4450 4442 4445 
f 3751 4442 4450 
f 3417 3366 1913 
f 1057 3340 1054 
f 2526 2529 250 
f 4070 250 2529 
f 156 4451 158 
f 2207 158 4451 
f 2910 2289 2288 
f 1911 4161 4121 
f 4160 4121 4161 
f 4452 871 1892 
f 4016 1892 871 
f 1951 4187 1953 
f 4453 1953 4187 
f 518 519 1785 
f 4454 3737 3047 
f 1379 924 1381 
f 4450 2503 3751 
f 4455 2503 4450 
f 958 2766 2767 
f 3272 3789 3792 
f 4457 3846 4456 
f 4458 4456 3846 
f 4072 4070 2529 
f 3075 3119 3076 
f 4459 3076 3119 
f 3699 4072 2529 
f 3699 2529 2527 
f 1334 1333 1372 
f 1193 1372 1333 
f 2505 2503 4455 
f 944 1304 1305 
f 2511 2505 4460 
f 4461 4460 2505 
f 2504 2505 2511 
f 1952 2570 2568 
f 4464 4463 4462 
f 1187 4462 4463 
f 3743 3741 2293 
f 4465 2293 3741 
f 3706 4183 4171 
f 948 4171 4183 
f 3146 4423 1657 
f 1656 1657 4423 
f 3733 4071 4072 
f 3066 1829 2636 
f 1827 2636 1829 
f 2901 2899 3755 
f 3117 3755 2899 
f 4467 4466 1788 
f 1607 1788 4466 
f 1517 89 4468 
f 4469 4468 89 
f 4470 2961 2023 
f 212 2023 2961 
f 3984 3039 3040 
f 4471 4460 4461 
f 1485 2877 4472 
f 4127 4472 2877 
f 4473 2704 443 
f 442 443 2704 
f 3763 4460 4471 
f 2511 4460 3763 
f 2482 2480 1907 
f 1906 1907 2480 
f 4474 3762 3763 
f 4475 1715 686 
f 4471 4474 3763 
f 3226 4178 4176 
f 3764 3762 4474 
f 795 4476 3552 
f 4477 3552 4476 
f 4478 1241 3917 
f 2986 3232 3233 
f 2253 4479 2252 
f 1790 2252 4479 
f 2666 2665 1310 
f 4365 3245 3243 
f 2650 3772 4071 
f 4073 4071 3772 
f 2229 2227 3028 
f 3733 2650 4071 
f 4355 4353 4480 
f 4481 4480 4353 
f 4484 4483 4482 
f 4485 4482 4483 
f 3066 2175 1829 
f 4411 4151 3766 
f 4152 3766 4151 
f 1327 1198 4486 
f 4487 4486 1198 
f 4340 4474 4471 
f 3918 3057 3917 
f 4478 3917 3057 
f 444 1594 441 
f 4340 3764 4474 
f 4090 3764 4340 
f 4488 4443 3798 
f 2061 3798 4443 
f 4489 2353 3649 
f 4490 3649 2353 
f 3892 3893 4313 
f 1511 4313 3893 
f 2086 1532 1530 
f 4492 3370 4491 
f 2213 4491 3370 
f 4493 3787 3785 
f 4090 4493 3785 
f 4494 300 1221 
f 4495 3788 3787 
f 4493 4495 3787 
f 1188 3176 3788 
f 4495 1188 3788 
f 1343 3729 49 
f 46 49 3729 
f 1439 1764 3459 
f 3296 1864 4496 
f 4083 4496 1864 
f 4221 3835 4126 
f 2604 4498 4497 
f 2784 4497 4498 
f 656 654 4499 
f 3497 4499 654 
f 4219 3572 1023 
f 3263 4500 4290 
f 3711 4290 4500 
f 4172 1416 3478 
f 221 4501 2321 
f 2320 2321 4501 
f 2438 4236 4502 
f 1887 4502 4236 
f 4503 3620 1189 
f 3619 1189 3620 
f 1909 2590 1911 
f 3390 3858 3861 
f 3803 3620 4503 
f 4073 3803 4503 
f 3803 4073 3772 
f 2849 3293 2851 
f 1347 1601 1344 
f 2438 4170 4236 
f 4286 4444 4173 
f 660 3927 3153 
f 4505 1999 4504 
f 1661 4504 1999 
f 2365 1687 3592 
f 1688 3592 1687 
f 3619 1186 1189 
f 4506 4475 1360 
f 686 1360 4475 
f 4508 4301 4507 
f 4302 4507 4301 
f 4091 4358 2653 
f 4428 2653 4358 
f 4509 4456 4458 
f 3800 1769 1990 
f 1770 1990 1769 
f 3231 4074 4075 
f 545 2181 544 
f 688 4065 1918 
f 2257 726 308 
f 3714 2441 1573 
f 4510 2120 3920 
f 3922 3920 2120 
f 4245 1183 1185 
f 584 2672 581 
f 2295 4465 2372 
f 2371 2372 4465 
f 4512 4511 1297 
f 2400 1297 4511 
f 3054 2794 1679 
f 2792 1679 2794 
f 2835 2836 3313 
f 4324 4513 1899 
f 1898 1899 4513 
f 1446 1450 1445 
f 4247 4514 4273 
f 4515 4273 4514 
f 1632 3158 3223 
f 2537 3444 805 
f 807 805 3444 
f 4516 3831 3832 
f 1427 1710 1708 
f 4518 3494 4517 
f 3496 4517 3494 
f 2580 3673 4519 
f 385 4519 3673 
f 2205 4520 4101 
f 2945 4101 4520 
f 4522 4521 3841 
f 3819 3841 4521 
f 4523 3841 3842 
f 4523 4522 3841 
f 2184 3546 4257 
f 4524 4080 3843 
f 4080 4523 3842 
f 4519 385 386 
f 1490 4080 4524 
f 769 772 3884 
f 4525 1817 3301 
f 4526 2710 3854 
f 3874 2710 4526 
f 1273 2958 3985 
f 487 3985 2958 
f 2969 4526 3854 
f 2969 3854 3820 
f 3818 2969 3820 
f 4527 3262 3260 
f 4011 4009 4426 
f 4427 4426 4009 
f 126 4402 4528 
f 4529 4528 4402 
f 1373 1284 2793 
f 3201 2793 1284 
f 1971 1969 3930 
f 2966 3930 1969 
f 635 2829 3049 
f 4250 3049 2829 
f 3466 559 3468 
f 750 3468 559 
f 4524 3843 3871 
f 3023 4035 1288 
f 3394 1288 4035 
f 4490 2353 2356 
f 358 4367 2987 
f 3571 2987 4367 
f 4379 4530 1732 
f 952 1732 4530 
f 3794 3871 3873 
f 4524 3871 3794 
f 4489 2355 2353 
f 2876 757 759 
f 1902 1903 4531 
f 2953 4531 1903 
f 2232 4489 4532 
f 724 4532 4489 
f 1553 1906 1555 
f 474 1231 473 
f 895 473 1231 
f 589 592 1000 
f 4533 3769 3770 
f 4536 4535 4534 
f 4100 4534 4535 
f 4210 294 2084 
f 295 2084 294 
f 3285 3876 3284 
f 3634 3945 3635 
f 4537 3635 3945 
f 3412 277 3339 
f 344 1236 346 
f 1717 4539 4538 
f 4540 4538 4539 
f 3874 4526 881 
f 2967 881 4526 
f 4541 4131 4134 
f 2967 4526 2969 
f 4542 4470 3452 
f 2023 3452 4470 
f 971 3011 110 
f 3097 4544 4543 
f 3032 4543 4544 
f 2954 3318 4051 
f 4545 3684 665 
f 2014 1951 417 
f 4308 4546 2466 
f 4547 2466 4546 
f 4548 3933 1589 
f 3507 3528 3506 
f 4549 3506 3528 
f 328 1612 3882 
f 1611 3882 1612 
f 3505 3059 3502 
f 569 3502 3059 
f 3752 2468 2470 
f 2895 4550 2893 
f 4551 2893 4550 
f 3972 3973 4552 
f 2550 4552 3973 
f 4184 4015 4185 
f 4283 2804 2805 
f 4555 4554 4553 
f 4556 4553 4554 
f 1369 2790 2577 
f 872 4558 4557 
f 4559 4557 4558 
f 2100 2347 2099 
f 2491 2099 2347 
f 1149 3067 3068 
f 228 1778 1776 
f 3793 3873 3915 
f 3794 3873 3793 
f 4560 1542 1543 
f 4550 2895 2384 
f 1813 1686 1377 
f 4561 4317 4485 
f 1464 4485 4317 
f 789 763 880 
f 3780 4562 3239 
f 2078 3239 4562 
f 1974 1659 3194 
f 2390 3194 1659 
f 3921 4564 4563 
f 232 4563 4564 
f 2104 1270 3438 
f 1067 3438 1270 
f 2934 1599 2936 
f 928 2936 1599 
f 3943 439 3915 
f 3793 3915 439 
f 4182 4137 4136 
f 483 4565 2296 
f 4566 2296 4565 
f 4567 1685 287 
f 1609 525 526 
f 3731 1221 3730 
f 503 2165 505 
f 4568 505 2165 
f 4544 2035 3032 
f 2971 697 3996 
f 4356 1885 1825 
f 1380 1825 1885 
f 2744 4569 1585 
f 1587 1585 4569 
f 2042 3711 4500 
f 223 2361 3291 
f 3482 1721 1719 
f 2976 2974 4258 
f 1861 2894 3808 
f 2893 3808 2894 
f 572 4570 571 
f 4414 571 4570 
f 728 2258 4571 
f 1619 4571 2258 
f 3014 4573 4572 
f 3578 4572 4573 
f 4575 4574 4278 
f 4576 4278 4574 
f 1925 1616 2258 
f 1619 2258 1616 
f 3879 1484 1487 
f 4195 1054 3052 
f 3700 3703 3943 
f 439 3943 3703 
f 2855 2856 4577 
f 3437 4577 2856 
f 3408 3626 3409 
f 4578 3539 798 
f 797 798 3539 
f 2848 2048 2850 
f 4579 1941 1944 
f 4456 2922 4457 
f 3156 4457 2922 
f 3017 2567 4580 
f 1438 4580 2567 
f 3678 3676 4581 
f 1565 4581 3676 
f 4582 208 3504 
f 1483 3504 208 
f 4101 788 789 
f 4173 3038 4286 
f 4583 4286 3038 
f 4584 2145 2146 
f 2526 250 253 
f 2227 1718 3198 
f 2116 337 2117 
f 4161 1841 4585 
f 1839 4585 1841 
f 3722 3786 311 
f 3726 4157 3806 
f 4586 3806 4157 
f 2868 3327 2462 
f 2463 2462 3327 
f 2505 4455 4587 
f 3912 4587 4455 
f 4588 2996 904 
f 2997 904 2996 
f 3145 2949 1671 
f 4223 1671 2949 
f 3850 4061 1269 
f 1285 1269 4061 
f 4589 3503 1481 
f 3504 1481 3503 
f 4438 1232 3823 
f 4590 3453 582 
f 1449 4545 4591 
f 1510 4591 4545 
f 2508 4156 4281 
f 4592 4281 4156 
f 3963 3702 3700 
f 4593 3555 3556 
f 4595 4594 4274 
f 3611 4274 4594 
f 3027 1558 1557 
f 1940 1938 4596 
f 2885 4596 1938 
f 1516 3804 550 
f 1551 4167 708 
f 3085 4598 4597 
f 1882 4597 4598 
f 1682 1676 1677 
f 2788 1402 1405 
f 2964 214 212 
f 927 1819 4191 
f 4190 4191 1819 
f 1924 4124 4354 
f 465 4354 4124 
f 4302 3219 3222 
f 4599 4304 4303 
f 4600 3354 549 
f 4601 1557 3757 
f 1559 3757 1557 
f 4602 847 4216 
f 1647 88 86 
f 1695 4371 780 
f 2883 1938 1939 
f 1716 3054 1679 
f 4603 4363 3658 
f 2957 3658 4363 
f 883 3196 885 
f 2113 4605 4604 
f 4606 4604 4605 
f 1507 2827 4311 
f 842 3301 3302 
f 387 3171 4369 
f 1552 4369 3171 
f 176 4566 4565 
f 2091 4608 4607 
f 3203 4607 4608 
f 4609 2668 2670 
f 2946 1424 2943 
f 1940 4596 3056 
f 3058 3056 4596 
f 4234 901 466 
f 4565 178 176 
f 207 138 136 
f 4610 4134 3470 
f 4611 3470 4134 
f 2179 1596 727 
f 729 727 1596 
f 4233 4487 4185 
f 4612 4185 4487 
f 4613 2946 2944 
f 2931 2946 4613 
f 3836 4298 494 
f 4614 494 4298 
f 4231 4615 3971 
f 4255 3971 4615 
f 2050 4201 2052 
f 923 4045 4206 
f 209 3214 4140 
f 4616 3864 3012 
f 3010 3012 3864 
f 3652 4400 2340 
f 2811 1498 2810 
f 3729 1343 4398 
f 4323 4398 1343 
f 1915 1666 2493 
f 4617 2493 1666 
f 232 4618 234 
f 1966 234 4618 
f 4620 2393 4619 
f 4621 4619 2393 
f 3812 249 4066 
f 4348 4241 2740 
f 4622 4296 4001 
f 4623 1546 1320 
f 1457 1320 1546 
f 2636 1874 1713 
f 4624 1713 1874 
f 3096 4625 2726 
f 3869 2726 4625 
f 3270 4130 1766 
f 470 1766 4130 
f 2013 3211 2012 
f 155 626 152 
f 803 4230 800 
f 4626 800 4230 
f 3355 935 936 
f 2931 4613 4144 
f 4469 4144 4613 
f 4627 1189 1187 
f 1698 1696 2077 
f 3573 2077 1696 
f 2311 725 1237 
f 168 2788 2786 
f 4628 2354 2355 
f 3274 3792 4629 
f 1678 4629 3792 
f 2346 4266 4201 
f 1750 2822 2824 
f 1905 2073 1907 
f 3066 1712 4506 
f 4475 4506 1712 
f 2472 2475 4510 
f 2122 4510 2475 
f 4569 4630 2573 
f 815 2573 4630 
f 3244 4632 4631 
f 4633 4631 4632 
f 25 4361 24 
f 408 24 4361 
f 3775 4619 1540 
f 4634 1540 4619 
f 4635 4265 3739 
f 2142 2083 295 
f 4636 2065 3494 
f 408 4361 2081 
f 3124 3419 3125 
f 4558 2298 4559 
f 4637 4559 2298 
f 4469 92 4144 
f 2097 4638 2094 
f 4639 2094 4638 
f 3902 4033 4032 
f 4448 1705 1811 
f 897 410 413 
f 3461 4019 3778 
f 4020 3778 4019 
f 3117 1720 3755 
f 3690 2556 2554 
f 527 1608 1610 
f 4163 1543 3002 
f 1172 3965 1723 
f 2738 1723 3965 
f 2334 2286 2335 
f 4573 865 3017 
f 3984 3983 1218 
f 2201 1218 3983 
f 2968 775 2941 
f 3802 2443 4640 
f 2855 4640 2443 
f 4068 3500 1509 
f 4612 1673 1672 
f 4642 4641 2812 
f 2809 2812 4641 
f 2722 3305 3303 
f 3261 3461 3778 
f 411 1828 3341 
f 996 994 3689 
f 4643 3689 994 
f 4634 4619 4621 
f 329 1580 326 
f 2363 3415 4588 
f 4644 4588 3415 
f 1456 4260 1453 
f 3980 1453 4260 
f 2294 3743 2293 
f 2866 4211 1368 
f 1370 1368 4211 
f 166 169 4129 
f 4184 4129 169 
f 3335 4057 489 
f 3628 489 4057 
f 2533 2045 1157 
f 2818 3951 2815 
f 3410 2815 3951 
f 4030 4010 4031 
f 4137 3008 3006 
f 4646 864 4645 
f 843 4645 864 
f 2718 4246 1185 
f 3241 2978 4452 
f 871 4452 2978 
f 495 4647 497 
f 3837 497 4647 
f 4360 2002 2005 
f 4648 3651 1056 
f 1387 2468 2884 
f 4636 2884 2468 
f 1232 912 1234 
f 2590 3633 3292 
f 3749 494 4614 
f 1037 3290 3288 
f 1909 3633 2590 
f 853 3723 2807 
f 4222 4062 273 
f 2203 4520 2205 
f 4237 3759 2562 
f 4336 2562 3759 
f 4428 2463 1143 
f 2291 2290 4649 
f 4650 4649 2290 
f 1582 1581 4515 
f 4273 4515 1581 
f 2392 1962 3848 
f 1961 3848 1962 
f 2483 2486 2490 
f 4651 2490 2486 
f 275 3947 3338 
f 3572 3338 3947 
f 2332 4652 2331 
f 4239 2331 4652 
f 4437 4406 1510 
f 3699 3733 4072 
f 4653 1549 1547 
f 2965 1970 3720 
f 3330 3542 72 
f 1369 1051 1371 
f 1052 1371 1051 
f 3164 3706 4171 
f 90 91 3141 
f 2260 3141 91 
f 3492 1699 1410 
f 1690 1410 1699 
f 2249 2247 3296 
f 4654 3296 2247 
f 1578 4655 2759 
f 2628 2759 4655 
f 407 2216 409 
f 3986 4498 2602 
f 2604 2602 4498 
f 2927 3796 3693 
f 3692 3693 3796 
f 2948 1173 1415 
f 1894 57 55 
f 3853 2725 2726 
f 1632 623 617 
f 4361 1979 1978 
f 4177 1955 1958 
f 4550 4458 4551 
f 3846 4551 4458 
f 1158 2533 1157 
f 3102 3104 3128 
f 3127 3128 3104 
f 3280 1646 1673 
f 4270 4656 4343 
f 4207 4343 4656 
f 3962 4539 1717 
f 2026 2765 4657 
f 2768 4657 2765 
f 3989 2668 4120 
f 4609 4120 2668 
f 1256 3358 3016 
f 4094 3016 3358 
f 4576 2858 2859 
f 3114 707 4168 
f 310 3446 307 
f 4658 307 3446 
f 4050 3318 3319 
f 1208 4145 4659 
f 3590 4659 4145 
f 2172 4660 1339 
f 3201 1339 4660 
f 2144 2147 1917 
f 4648 4662 4661 
f 3385 4661 4662 
f 2725 3839 2601 
f 2603 2601 3839 
f 4441 3104 4211 
f 995 545 997 
f 1871 1872 47 
f 3591 47 1872 
f 2953 1933 2189 
f 216 389 218 
f 692 690 1721 
f 392 393 933 
f 1484 3603 3443 
f 4663 1472 1139 
f 4269 1037 1035 
f 3529 4664 3531 
f 4665 3531 4664 
f 877 3186 4666 
f 4594 4666 3186 
f 905 2363 4588 
f 3511 3865 4412 
f 3731 3827 4494 
f 4158 4494 3827 
f 752 3335 2104 
f 2354 4628 2209 
f 1280 2209 4628 
f 3960 304 302 
f 4667 2970 4342 
f 1850 4342 2970 
f 1210 3653 3464 
f 3465 3464 3653 
f 4669 4668 1728 
f 4259 1728 4668 
f 2187 4670 2184 
f 3546 2184 4670 
f 4671 535 4384 
f 2999 4384 535 
f 4152 2359 3766 
f 2357 3766 2359 
f 1473 1858 416 
f 3807 416 1858 
f 2981 74 72 
f 3965 808 2738 
f 3717 2738 808 
f 4047 4283 1621 
f 3093 4673 4672 
f 4204 4672 4673 
f 4203 4204 4673 
f 3884 3704 4312 
f 1853 4312 3704 
f 4194 1459 1460 
f 3799 3797 1060 
f 1059 1060 3797 
f 4674 3756 3754 
f 2760 3209 2720 
f 3394 2518 2521 
f 818 1063 1609 
f 2872 2368 3173 
f 2371 3744 3734 
f 3281 3734 3744 
f 2143 1880 1878 
f 167 3662 3501 
f 4015 3501 3662 
f 3462 4675 1412 
f 966 1412 4675 
f 329 1374 1253 
f 1689 1253 1374 
f 1492 2580 4519 
f 1264 1743 1741 
f 4320 4676 3019 
f 2589 3019 4676 
f 4677 3357 3352 
f 3351 3352 3357 
f 4112 2060 1794 
f 4678 1504 2799 
f 4626 4230 359 
f 4231 359 4230 
f 4679 4253 4254 
f 4157 1536 1534 
f 4482 4485 1464 
f 4621 2394 4541 
f 4131 4541 2394 
f 1279 4680 3435 
f 1383 3435 4680 
f 1264 1418 1263 
f 1416 1263 1418 
f 4681 2530 2531 
f 3708 4682 3950 
f 3949 3950 4682 
f 2997 1592 906 
f 4254 4229 4228 
f 2432 482 481 
f 1743 1264 3891 
f 1262 3891 1264 
f 1946 2722 3303 
f 2652 3028 3197 
f 3058 362 3055 
f 365 3055 362 
f 1441 3482 1443 
f 1719 1443 3482 
f 1298 1798 1350 
f 1867 1568 1358 
f 4566 176 2846 
f 179 2846 176 
f 3836 494 497 
f 4341 4471 4683 
f 4461 4683 4471 
f 1668 2168 3756 
f 2901 3756 2168 
f 75 1324 1322 
f 4684 3027 3025 
f 4144 2932 2931 
f 2426 221 222 
f 1472 4446 4447 
f 4643 4686 4685 
f 4189 4685 4686 
f 387 4369 384 
f 4056 384 4369 
f 3113 3045 3046 
f 4673 4419 4203 
f 4205 4203 4419 
f 3992 2070 3993 
f 1020 3993 2070 
f 3732 2669 2170 
f 2172 2170 2669 
f 3210 3211 2013 
f 3978 3545 3544 
f 4305 3192 3106 
f 531 3106 3192 
f 3262 1307 3461 
f 455 3977 4687 
f 4116 4687 3977 
f 3330 3331 3334 
f 4688 3334 3331 
f 4586 1534 93 
f 95 93 1534 
f 625 4178 3226 
f 1683 3309 3199 
f 3307 3199 3309 
f 4288 4033 3902 
f 3621 4447 3622 
f 4309 3622 4447 
f 4690 2248 4689 
f 2249 4689 2248 
f 4585 1839 3616 
f 3615 3616 1839 
f 4025 4649 4691 
f 4650 4691 4649 
f 1506 4213 936 
f 3500 4313 1511 
f 376 3833 226 
f 225 226 3833 
f 1726 1916 1914 
f 1967 267 3927 
f 1761 1759 3707 
f 4345 3416 4347 
f 4363 4347 3416 
f 1400 3992 3719 
f 2630 1578 2759 
f 2537 805 4692 
f 808 4692 805 
f 1576 3777 1753 
f 4248 1753 3777 
f 4202 892 1229 
f 1231 1229 892 
f 945 948 4183 
f 4346 4632 4348 
f 4241 4348 4632 
f 2181 3299 4093 
f 1434 4093 3299 
f 3755 3756 2901 
f 2870 605 606 
f 4695 4694 4693 
f 4696 4693 4694 
f 227 270 224 
f 2805 2006 4283 
f 1560 4114 1562 
f 2874 1701 1702 
f 249 3812 1757 
f 3811 1757 3812 
f 4234 2337 901 
f 900 901 2337 
f 1299 2288 1301 
f 4697 1070 1068 
f 4163 3002 3867 
f 3000 3867 3002 
f 2937 2939 4698 
f 156 4698 2939 
f 2603 4000 3987 
f 1774 3169 4699 
f 2132 4699 3169 
f 1653 2294 1650 
f 4700 4011 2797 
f 4426 2797 4011 
f 2857 2860 2112 
f 2114 2112 2860 
f 3568 3972 4552 
f 4638 4427 582 
f 4590 582 4427 
f 2407 712 710 
f 1863 3508 4667 
f 1888 4667 3508 
f 4701 2929 2764 
f 4591 1510 1508 
f 2079 2077 3573 
f 810 3441 3442 
f 4009 4010 4030 
f 383 3175 380 
f 3174 380 3175 
f 70 4355 4480 
f 3445 4658 3446 
f 3396 4702 4689 
f 4690 4689 4702 
f 1567 3122 1564 
f 4139 1681 4703 
f 1682 4703 1681 
f 1818 4704 4098 
f 2025 4098 4704 
f 4705 1468 1466 
f 173 625 1960 
f 3226 1960 625 
f 664 662 2851 
f 3450 2851 662 
f 450 4253 4679 
f 3926 669 3133 
f 3436 3133 669 
f 1383 4706 4200 
f 4548 4200 4706 
f 1410 1493 1491 
f 4615 4186 3816 
f 4234 466 3007 
f 2074 2072 3742 
f 3744 3742 2072 
f 3800 4707 1769 
f 1771 1769 4707 
f 1721 3482 3903 
f 3481 3903 3482 
f 3581 2767 2765 
f 4246 2719 4514 
f 2246 4514 2719 
f 570 2108 2106 
f 4563 232 658 
f 3875 3718 3719 
f 4690 3507 2250 
f 4708 4639 4638 
f 4174 809 812 
f 3106 4034 1518 
f 2260 1518 4034 
f 2853 2479 3136 
f 2482 3136 2479 
f 4696 4694 4709 
f 3774 4709 4694 
f 414 3278 3238 
f 1748 3542 3330 
f 3964 3300 1246 
f 1817 1246 3300 
f 853 486 3723 
f 4710 3471 1957 
f 1286 405 403 
f 2777 2775 3286 
f 4128 3286 2775 
f 3286 4328 1342 
f 4325 1342 4328 
f 4191 2933 926 
f 2936 926 2933 
f 793 2255 4711 
f 4164 4711 2255 
f 794 2255 793 
f 4637 2298 2296 
f 566 311 563 
f 4118 4616 3012 
f 1548 3232 1550 
f 2984 1550 3232 
f 1170 4712 1644 
f 1641 1644 4712 
f 4268 295 293 
f 4499 1530 1531 
f 1793 1791 4393 
f 4713 4393 1791 
f 2126 1782 3367 
f 3322 3367 1782 
f 3581 4572 3578 
f 792 795 3343 
f 3551 3343 795 
f 2554 847 3690 
f 4602 3690 847 
f 2214 748 749 
f 3687 4714 4133 
f 4715 4133 4714 
f 3468 4716 3467 
f 4717 3467 4716 
f 2068 3495 2065 
f 3172 1285 4061 
f 2872 4718 2871 
f 4719 2871 4718 
f 4543 3869 4625 
f 4622 4001 413 
f 3179 3178 3835 
f 1795 3835 3178 
f 4305 4578 798 
f 2038 3477 3475 
f 4571 1598 2179 
f 1596 2179 1598 
f 1809 4448 1811 
f 1656 2515 1658 
f 2514 1658 2515 
f 1670 3145 1671 
f 4429 3392 3393 
f 4656 1170 1173 
f 4039 443 3916 
f 2088 4499 3497 
f 4720 3271 3274 
f 4721 2327 3539 
f 3505 3503 4589 
f 4723 3530 4722 
f 1055 4722 3530 
f 3183 3495 3182 
f 4555 3182 3495 
f 2593 2586 3079 
f 4724 3182 4555 
f 288 3760 4725 
f 1750 4725 3760 
f 1773 1552 3171 
f 3150 2320 4501 
f 2330 3540 2327 
f 251 252 3392 
f 2068 3678 4555 
f 4554 4555 3678 
f 3281 2072 2075 
f 2938 1881 1884 
f 4231 4186 4615 
f 3568 2550 3570 
f 4223 2949 2947 
f 4727 4726 3924 
f 4728 3924 4726 
f 4723 3529 3530 
f 526 3867 3225 
f 2206 162 157 
f 2139 3020 3022 
f 4356 4357 2919 
f 2920 2919 4357 
f 3494 4518 4636 
f 2884 4636 4518 
f 4729 4198 4199 
f 3999 4386 3998 
f 2010 3998 4386 
f 2330 3041 3540 
f 1229 1230 4202 
f 4567 287 288 
f 4730 3051 3340 
f 1062 1063 818 
f 3052 3050 2990 
f 2989 2990 3050 
f 4107 1150 4108 
f 1148 4108 1150 
f 3869 4543 4731 
f 3032 4731 4543 
f 3900 1334 3974 
f 1716 3974 1334 
f 4400 1464 1462 
f 4047 2804 4283 
f 3741 3744 4465 
f 2371 4465 3744 
f 1274 4631 4633 
f 4732 2302 2825 
f 399 2825 2302 
f 4255 3898 3973 
f 1620 3973 3898 
f 476 479 3830 
f 4225 3830 479 
f 3647 723 724 
f 402 4311 399 
f 3281 3283 1855 
f 1857 1855 3283 
f 3190 1966 4618 
f 4399 309 4005 
f 4002 4005 309 
f 2266 4570 572 
f 2166 1660 1999 
f 1289 405 1286 
f 1895 4733 3331 
f 4688 3331 4733 
f 4676 3525 2591 
f 4734 2591 3525 
f 3290 1037 4196 
f 4269 4196 1037 
f 3156 427 425 
f 3557 1447 4570 
f 4414 4570 1447 
f 1280 4628 1282 
f 2355 1282 4628 
f 3334 4688 4540 
f 4538 4540 4688 
f 1209 1210 3464 
f 2063 357 360 
f 4393 4264 4262 
f 346 723 3647 
f 3440 470 4130 
f 3097 4543 4625 
f 3005 4499 1531 
f 3254 347 3046 
f 3113 3046 347 
f 3731 4494 1221 
f 3023 1288 4735 
f 1286 4735 1288 
f 1948 3009 1391 
f 913 1391 3009 
f 4736 2033 2031 
f 431 3004 433 
f 1890 433 3004 
f 4715 4738 4737 
f 3805 4737 4738 
f 4739 4390 3043 
f 4405 4390 4739 
f 4741 3273 4740 
f 3271 4740 3273 
f 2434 2038 2718 
f 1697 2408 1690 
f 3185 1295 1350 
f 1298 1350 1295 
f 289 2041 286 
f 2788 2995 1851 
f 4405 4396 4390 
f 4742 733 731 
f 1471 1470 4743 
f 3621 4743 1470 
f 3826 503 506 
f 3071 1428 2677 
f 1431 2677 1428 
f 4744 2477 1013 
f 1793 4393 3268 
f 4392 3268 4393 
f 4097 4467 1788 
f 4512 2092 2301 
f 2090 2301 2092 
f 3970 3499 3498 
f 2138 3284 3386 
f 3033 3319 3034 
f 4583 2265 4745 
f 572 4745 2265 
f 2106 4745 572 
f 4285 4583 4745 
f 3562 4410 4405 
f 4746 3562 4405 
f 3760 2041 2822 
f 4747 2445 2151 
f 4159 4585 4748 
f 1496 4748 4585 
f 2251 3268 4420 
f 3064 2251 4420 
f 4492 3026 3024 
f 4103 3594 3310 
f 2626 2758 2759 
f 4175 4477 4476 
f 1267 803 801 
f 2727 3780 2724 
f 2718 1185 2434 
f 3064 4420 4422 
f 1410 1690 1493 
f 2841 4749 4024 
f 4225 4024 4749 
f 3684 1450 129 
f 3335 3259 1271 
f 876 4750 3186 
f 3185 3186 4750 
f 4454 4751 992 
f 991 992 4751 
f 4436 3061 4422 
f 3064 4422 3061 
f 304 4675 3462 
f 3123 3125 4752 
f 3418 4752 3125 
f 4562 3780 4753 
f 2604 4753 3780 
f 4574 1772 1774 
f 1002 4666 4595 
f 4594 4595 4666 
f 3813 1598 4571 
f 4704 4525 2025 
f 2027 2025 4525 
f 4436 3523 3061 
f 3063 3061 3523 
f 3484 4754 1525 
f 372 1525 4754 
f 1987 4445 1986 
f 3531 4730 3340 
f 806 3717 808 
f 253 3063 2526 
f 4755 3063 253 
f 4756 3062 3063 
f 4756 3063 4755 
f 1987 4450 4445 
f 2295 2293 4465 
f 3912 4450 1987 
f 3388 3389 1745 
f 3329 1745 3389 
f 2067 4508 4507 
f 3223 1629 1632 
f 4614 4088 3758 
f 3196 1975 1974 
f 4434 976 3282 
f 4757 4755 253 
f 4757 253 251 
f 4758 4756 4755 
f 4758 4755 4757 
f 2576 3226 4401 
f 4176 4401 3226 
f 4455 4450 3912 
f 3439 1904 4476 
f 3937 4476 1904 
f 4720 4759 4740 
f 3642 4740 4759 
f 4411 3766 3765 
f 1702 1700 4142 
f 4141 4142 1700 
f 4147 2130 1891 
f 4070 252 250 
f 1758 1990 1770 
f 4304 1613 1810 
f 749 3180 2214 
f 3277 2214 3180 
f 3171 1774 1773 
f 2983 3777 4760 
f 4338 4760 3777 
f 4761 4757 251 
f 3641 4763 4762 
f 4547 4762 4763 
f 2521 3077 3394 
f 3598 4758 4757 
f 3598 4757 4761 
f 573 1432 1694 
f 4435 1694 1432 
f 4461 2505 4587 
f 4683 4461 4587 
f 3504 1483 1481 
f 252 4070 4073 
f 1286 3857 4735 
f 4199 4735 3857 
f 1434 1652 3809 
f 4764 3749 4237 
f 4614 4237 3749 
f 2340 2338 3652 
f 4766 4765 3233 
f 2115 3233 4765 
f 2342 1451 2191 
f 2190 2191 1451 
f 3027 4684 1558 
f 1601 1558 4684 
f 1434 3809 1433 
f 2295 1433 3809 
f 1473 3160 1858 
f 1860 1858 3160 
f 4738 4767 3805 
f 3804 3805 4767 
f 4115 3544 965 
f 2884 4518 2885 
f 4768 2885 4518 
f 2138 2037 2137 
f 251 4769 4761 
f 4432 4761 4769 
f 1492 1493 2580 
f 4771 4770 3269 
f 4772 3269 4770 
f 1026 4536 1023 
f 4773 1023 4536 
f 3598 4761 4432 
f 3155 3153 4378 
f 4775 4774 1355 
f 2486 1355 4774 
f 3481 3483 382 
f 381 382 3483 
f 2238 1643 1641 
f 4482 4400 4484 
f 710 4484 4400 
f 4684 3746 1601 
f 3501 4184 169 
f 4323 1899 3646 
f 2785 4501 2426 
f 221 2426 4501 
f 753 1491 755 
f 3483 4294 4293 
f 1971 3930 3928 
f 371 3732 368 
f 2170 368 3732 
f 526 4163 3867 
f 4385 2892 3336 
f 105 2370 2373 
f 1702 4142 2875 
f 1242 2875 4142 
f 4225 4776 4226 
f 3991 4226 4776 
f 3184 3315 3181 
f 4004 2806 4251 
f 4085 4251 2806 
f 2012 4188 2014 
f 4016 869 1710 
f 872 1710 869 
f 4471 4341 4340 
f 2749 3529 4723 
f 2387 1482 2538 
f 3953 247 248 
f 2387 4509 4458 
f 3616 1498 1496 
f 592 4777 999 
f 4778 999 4777 
f 2737 2508 4281 
f 4779 3205 4279 
f 4221 3569 3570 
f 332 2897 2896 
f 1902 301 3936 
f 103 3368 105 
f 4462 1188 4495 
f 2820 2274 2272 
f 4493 4462 4495 
f 3472 3835 1795 
f 1187 1188 4462 
f 2839 4496 4083 
f 4400 4482 1464 
f 2356 1971 4490 
f 3928 4490 1971 
f 2098 2101 4780 
f 1040 4780 2101 
f 524 527 987 
f 4138 2888 2259 
f 3904 380 3174 
f 4188 3235 4781 
f 4782 4781 3235 
f 3511 109 3010 
f 4627 4503 1189 
f 3391 4073 4503 
f 3581 4275 2767 
f 955 2767 4275 
f 4627 3391 4503 
f 4783 3391 4627 
f 4452 1893 2131 
f 4328 4128 4329 
f 3990 4329 4128 
f 3244 4241 4632 
f 2655 405 4067 
f 1289 4067 405 
f 4335 4557 4559 
f 295 4268 4267 
f 2482 4179 4784 
f 2294 4784 4179 
f 2387 4458 4550 
f 4360 2756 4018 
f 1731 1495 1730 
f 1498 1730 1495 
f 1583 128 126 
f 4773 4536 4534 
f 2843 3682 4785 
f 4786 4785 3682 
f 4078 4493 4077 
f 4090 4077 4493 
f 3308 293 296 
f 500 501 1448 
f 70 4113 4355 
f 3371 4355 4113 
f 1600 546 681 
f 1344 681 546 
f 4049 4788 4787 
f 4789 4787 4788 
f 2911 266 269 
f 4790 4480 3236 
f 4481 3236 4480 
f 1700 1703 4141 
f 4375 4141 1703 
f 4791 1505 1506 
f 3484 4792 4754 
f 374 4754 4792 
f 2542 166 4129 
f 1750 2824 1301 
f 2328 1504 4678 
f 4793 4288 914 
f 4287 914 4288 
f 4794 3955 1845 
f 3059 4366 1272 
f 4795 4627 1187 
f 4118 3011 971 
f 3273 4762 1140 
f 4547 1140 4762 
f 4795 4783 4627 
f 4053 546 1600 
f 2062 4108 1148 
f 872 4557 1709 
f 4331 1709 4557 
f 1403 1404 1889 
f 2786 4553 4556 
f 1331 3218 1780 
f 1739 1780 3218 
f 1407 1312 1313 
f 4796 2541 716 
f 4097 1788 1786 
f 2234 4696 4709 
f 4412 3510 3511 
f 2409 4796 2930 
f 716 2930 4796 
f 2131 3241 4452 
f 4522 3768 776 
f 2046 128 1582 
f 4320 4319 4797 
f 4359 4797 4319 
f 3768 4798 3770 
f 1490 3770 4798 
f 4522 4798 3768 
f 1053 4731 3613 
f 3032 3613 4731 
f 4533 3770 1490 
f 4768 362 3058 
f 2963 2915 2962 
f 2916 2962 2915 
f 3818 776 774 
f 776 3818 4521 
f 3819 4521 3818 
f 776 4521 4522 
f 4612 1196 1673 
f 3280 1673 1196 
f 477 478 3682 
f 3305 3682 478 
f 1373 2794 3054 
f 4799 591 589 
f 4523 4798 4522 
f 4798 4523 4080 
f 1490 4798 4080 
f 335 3372 3320 
f 4645 841 1848 
f 1490 4524 1488 
f 3794 1488 4524 
f 2420 1857 3420 
f 4246 2718 2719 
f 4179 2482 1907 
f 774 2969 3818 
f 3650 345 3647 
f 346 3647 345 
f 4800 4467 1590 
f 4097 1590 4467 
f 4801 4478 3057 
f 1852 1851 3109 
f 793 3439 795 
f 4476 795 3439 
f 2838 2799 2800 
f 4196 4269 4197 
f 2991 4197 4269 
f 1345 4093 1434 
f 4741 4762 3273 
f 3914 2525 2445 
f 4802 2445 2525 
f 4344 2828 2831 
f 2048 2046 1582 
f 1253 1580 329 
f 4803 1446 1444 
f 3773 4620 4619 
f 978 3283 3282 
f 2992 1398 1401 
f 1863 4667 4342 
f 1488 3794 1489 
f 2741 4348 2740 
f 907 2862 711 
f 713 711 2862 
f 2363 4697 3414 
f 3416 3414 4697 
f 2770 996 2852 
f 362 4768 364 
f 4517 364 4768 
f 4087 4614 4298 
f 2749 4664 3529 
f 1338 3172 4804 
f 3726 4804 3172 
f 2072 3281 3744 
f 2939 2938 3824 
f 3826 3824 2938 
f 3793 439 437 
f 1507 1505 2827 
f 4724 4555 4553 
f 1831 3068 604 
f 606 604 3068 
f 1010 4806 4805 
f 4706 4805 4806 
f 1746 3542 1748 
f 4251 4003 4004 
f 3137 1820 4233 
f 673 4233 1820 
f 3786 3722 3723 
f 1699 1697 1690 
f 4808 4639 4807 
f 4708 4807 4639 
f 2654 4810 4809 
f 1012 4809 4810 
f 1753 4165 1755 
f 2536 1755 4165 
f 3703 436 439 
f 4811 4722 12 
f 3651 12 4722 
f 2187 2185 3321 
f 3955 4794 691 
f 3754 691 4794 
f 162 2206 4812 
f 2208 4812 2206 
f 1017 4444 1014 
f 4286 1014 4444 
f 778 4701 780 
f 219 780 4701 
f 3970 2887 3642 
f 4249 2086 2089 
f 2592 2664 330 
f 1671 3313 3311 
f 4316 4780 1040 
f 2075 2073 1905 
f 4599 4303 1867 
f 4439 1867 4303 
f 2844 4749 2841 
f 3312 139 137 
f 4347 4363 4603 
f 4813 4671 4384 
f 160 3217 161 
f 4638 2097 4427 
f 4258 3546 1571 
f 1858 1861 3807 
f 1329 1265 3218 
f 2656 4453 4781 
f 4187 4781 4453 
f 2475 559 557 
f 1805 4814 1807 
f 4815 1807 4814 
f 3117 1440 1443 
f 2296 2299 483 
f 4448 4816 1705 
f 1707 1705 4816 
f 880 2205 789 
f 4101 789 2205 
f 4496 1612 3296 
f 328 3296 1612 
f 3046 2842 2843 
f 68 4114 4113 
f 2950 4223 2947 
f 2135 4310 4817 
f 4424 4817 4310 
f 4771 4132 4133 
f 4565 486 178 
f 853 178 486 
f 4176 2780 4401 
f 3253 4401 2780 
f 4818 3967 4244 
f 4188 4781 4187 
f 3340 1057 3531 
f 4819 142 2951 
f 143 2951 142 
f 1964 884 3213 
f 882 3213 884 
f 1337 1284 1283 
f 3857 1286 403 
f 357 4626 359 
f 2593 4326 2269 
f 3221 3745 3220 
f 2656 4810 2654 
f 4578 4721 3539 
f 3460 3579 3580 
f 4048 4791 1506 
f 4821 4370 4820 
f 4287 4820 4370 
f 2945 2943 4101 
f 4739 2328 4678 
f 2166 1999 951 
f 737 1976 4822 
f 3968 4822 1976 
f 4598 3851 1882 
f 1884 1882 3851 
f 3279 1199 4823 
f 2605 4823 1199 
f 1741 1418 1264 
f 4375 1703 2317 
f 1422 2317 1703 
f 2939 4451 156 
f 2891 720 718 
f 2984 3703 1550 
f 3701 1550 3703 
f 3596 4824 4759 
f 3970 4759 4824 
f 4626 4243 4419 
f 1477 4533 1490 
f 1583 4528 4647 
f 3837 4647 4528 
f 4036 1260 1258 
f 2311 722 725 
f 3337 2892 2890 
f 3807 3210 2013 
f 899 3237 4397 
f 4481 4397 3237 
f 2793 2794 1373 
f 1744 3207 4747 
f 4825 4747 3207 
f 3093 4672 3092 
f 1536 3092 4672 
f 4504 1661 1975 
f 3389 3387 3031 
f 2229 3031 3387 
f 3307 3310 3595 
f 2929 781 4826 
f 1609 4826 781 
f 1827 1873 2636 
f 2387 2538 4509 
f 2539 4509 2538 
f 277 3412 3411 
f 4827 3334 4540 
f 3028 2652 3030 
f 4644 3413 2741 
f 4345 2741 3413 
f 506 504 4828 
f 2707 4828 504 
f 2291 4649 1467 
f 4025 1467 4649 
f 1698 2077 4497 
f 2078 4497 2077 
f 4829 1539 1537 
f 301 4531 4052 
f 2952 4052 4531 
f 3728 3727 4766 
f 4765 4766 3727 
f 2853 996 3689 
f 223 3291 220 
f 2166 2168 1668 
f 426 424 1993 
f 1604 1993 424 
f 973 4735 4199 
f 3856 4729 4199 
f 4400 3652 710 
f 4251 3006 4003 
f 464 4003 3006 
f 4507 4302 3679 
f 3222 3679 4302 
f 4505 953 1999 
f 904 2997 906 
f 1299 2388 3083 
f 1432 571 4413 
f 1604 1607 4466 
f 4316 1040 1042 
f 3661 3122 3121 
f 226 224 2847 
f 1055 3651 4722 
f 2433 1843 2389 
f 1569 3784 1571 
f 4789 3142 3855 
f 4558 2297 2298 
f 1038 3861 3859 
f 4032 564 565 
f 1902 4531 301 
f 311 566 3722 
f 4811 12 13 
f 627 4178 625 
f 2992 2817 2815 
f 2489 4111 2485 
f 3018 23 2032 
f 26 2032 23 
f 4590 3988 671 
f 1400 2071 2070 
f 2778 3253 2780 
f 2534 208 206 
f 3092 1536 4157 
f 2813 2814 1513 
f 1515 1513 2814 
f 2836 139 3312 
f 4027 4477 4175 
f 4830 3911 400 
f 3913 400 3911 
f 759 2064 2876 
f 1961 4767 3848 
f 3849 3848 4767 
f 1878 1879 4096 
f 1407 1313 4700 
f 4011 4700 1313 
f 3929 3930 2966 
f 1267 4831 3850 
f 3473 3850 4831 
f 3719 1866 3875 
f 1359 3875 1866 
f 3553 3552 4477 
f 4586 4157 1534 
f 3189 3004 431 
f 4296 3551 3553 
f 3895 3926 3133 
f 1712 1715 4475 
f 752 3698 4057 
f 2972 4713 1791 
f 1346 1344 546 
f 907 318 2862 
f 2125 697 2971 
f 1939 1937 2317 
f 3447 1984 1982 
f 801 3473 4831 
f 2820 3131 3129 
f 4055 2751 2565 
f 2754 2565 2751 
f 2872 55 58 
f 4277 4168 4169 
f 4182 3008 4137 
f 3015 3116 843 
f 591 4624 1874 
f 1946 272 321 
f 2863 321 272 
f 4832 4478 4801 
f 2303 2302 4732 
f 403 3356 3855 
f 4789 3855 3356 
f 4577 3437 3559 
f 3965 1172 1644 
f 1744 4747 2151 
f 4430 4431 2403 
f 4833 2403 4431 
f 2401 4834 1797 
f 4835 1797 4834 
f 3623 4832 4037 
f 4705 4037 4832 
f 4612 4487 1198 
f 812 810 3442 
f 4837 2212 4836 
f 2210 4836 2212 
f 3878 4012 469 
f 471 469 4012 
f 1330 1331 1781 
f 2577 3852 2578 
f 3828 3724 3806 
f 3358 1257 1549 
f 3175 3146 2753 
f 2752 2753 3146 
f 1278 1276 4036 
f 4838 4036 1276 
f 3610 3609 4319 
f 1349 4319 3609 
f 4176 1958 2779 
f 3381 2779 1958 
f 1274 2955 1273 
f 2958 1273 2955 
f 2385 1482 2387 
f 4839 4616 4118 
f 4841 1816 4840 
f 1818 4840 1816 
f 1517 4468 1519 
f 3805 1519 4468 
f 2862 2863 713 
f 4484 713 2863 
f 4078 4464 4462 
f 1592 3160 3428 
f 1693 1695 1357 
f 3204 4728 4726 
f 3003 4145 1211 
f 2766 1820 3137 
f 2904 2902 3235 
f 495 2833 4647 
f 1583 4647 2833 
f 3245 4366 4589 
f 3505 4589 4366 
f 4013 3008 4182 
f 1484 3879 3880 
f 4107 4155 3067 
f 4346 4603 4633 
f 3658 4633 4603 
f 990 4284 4842 
f 3953 4842 4284 
f 3680 4843 310 
f 4271 310 4843 
f 4844 4841 4840 
f 3409 3625 4229 
f 2355 4489 2232 
f 4711 1903 1901 
f 4821 4026 3060 
f 4847 4846 4845 
f 2303 4845 4846 
f 1849 841 844 
f 3100 2094 4639 
f 4317 4315 1463 
f 1465 1463 4315 
f 3648 4490 3928 
f 4563 658 661 
f 4167 1551 1772 
f 2726 2724 3096 
f 4848 4227 3795 
f 3258 721 719 
f 427 4330 4209 
f 4104 4209 4330 
f 4593 3984 1216 
f 1218 1216 3984 
f 2473 2474 4742 
f 733 4742 2474 
f 3623 1241 4478 
f 2565 2566 4055 
f 3057 3918 4143 
f 4641 4356 2919 
f 4360 3143 1802 
f 4788 1802 3143 
f 3738 2051 2049 
f 3862 2920 4357 
f 1486 2876 1485 
f 1547 1550 3701 
f 4849 4127 2877 
f 3428 1591 1592 
f 3694 2171 1338 
f 1339 1338 2171 
f 4623 4851 4850 
f 4852 4850 4851 
f 3038 2267 4583 
f 2265 4583 2267 
f 2785 4593 1216 
f 4107 3067 1150 
f 1149 1150 3067 
f 4004 2803 2806 
f 4235 2867 4853 
f 2865 4853 2867 
f 433 1890 4549 
f 3506 4549 1890 
f 2554 373 847 
f 3825 2207 4451 
f 4285 2107 1016 
f 3188 1016 2107 
f 4739 4746 4405 
f 1559 2372 3757 
f 2370 3757 2372 
f 4391 1013 2476 
f 608 4337 610 
f 3800 4854 4707 
f 1832 4707 4854 
f 1522 1526 3982 
f 500 1448 568 
f 4536 1026 1879 
f 3372 336 4609 
f 4119 4609 336 
f 2952 4051 4052 
f 4357 1823 3862 
f 3207 4407 4825 
f 3914 4825 4407 
f 2651 4091 2653 
f 2200 1017 1217 
f 3151 1217 1017 
f 2319 223 2321 
f 3258 3997 3839 
f 4000 3839 3997 
f 607 605 3398 
f 2572 3398 605 
f 725 723 346 
f 4428 2461 2463 
f 4367 358 3972 
f 3637 274 277 
f 2603 3986 2602 
f 3009 1233 1234 
f 2390 1662 2389 
f 2433 2389 1662 
f 1565 1566 4556 
f 168 4556 1566 
f 1334 3900 1316 
f 1065 1145 3327 
f 4702 3396 283 
f 1535 4672 4204 
f 1291 1292 4855 
f 4856 4855 1292 
f 4039 4037 4473 
f 4705 4473 4037 
f 2615 3745 2617 
f 4657 2617 3745 
f 4857 682 683 
f 3797 3800 1990 
f 550 4578 4305 
f 3664 4690 4702 
f 2343 4470 4542 
f 844 3302 3964 
f 3300 3964 3302 
f 2159 471 4084 
f 883 1975 3196 
f 4095 3876 3285 
f 2914 162 4812 
f 2361 481 217 
f 1862 4083 1864 
f 2829 2830 4250 
f 3115 4250 2830 
f 414 417 2035 
f 4375 1940 4143 
f 3056 4143 1940 
f 3102 3497 654 
f 2854 2482 4784 
f 4501 1219 3150 
f 4242 4812 1502 
f 2208 1502 4812 
f 127 128 2046 
f 451 4764 4237 
f 4294 2918 2920 
f 3925 4750 4858 
f 4857 4858 4750 
f 4490 3648 3649 
f 1537 4040 4829 
f 4859 4829 4040 
f 1367 304 3462 
f 2170 370 368 
f 3704 3884 2734 
f 2733 2734 3884 
f 4860 2091 4607 
f 1269 1267 3850 
f 1015 3151 1017 
f 914 4287 4370 
f 4577 4640 2855 
f 4252 2618 3677 
f 3676 3677 2618 
f 2993 2409 2408 
f 4665 1061 1364 
f 1059 1364 1061 
f 1352 1355 4861 
f 2484 4861 1355 
f 3783 1460 1458 
f 4715 4737 4770 
f 4772 4770 4737 
f 4239 3560 4238 
f 672 4238 3560 
f 4692 3713 2537 
f 3362 2338 2339 
f 2474 4863 4862 
f 2316 4862 4863 
f 2879 1810 1615 
f 2774 2772 2808 
f 1293 4140 2575 
f 4865 4864 4149 
f 4150 4149 4864 
f 4581 4554 3678 
f 4784 2294 1653 
f 1329 3218 1331 
f 2297 4558 870 
f 872 870 4558 
f 3099 4808 1639 
f 1638 1639 4808 
f 4866 518 1783 
f 1785 1783 518 
f 1021 608 611 
f 1952 2568 1954 
f 2844 2842 3047 
f 2933 4191 4686 
f 4189 4686 4191 
f 1193 1317 3814 
f 4585 3616 1496 
f 3278 3097 3095 
f 4516 4062 4222 
f 589 1000 4065 
f 903 906 1593 
f 1343 4325 4323 
f 3100 2096 2094 
f 1806 3463 3465 
f 4867 4579 1944 
f 1667 4674 2433 
f 4794 2433 4674 
f 1585 2348 2746 
f 4267 4139 2142 
f 3160 1592 1860 
f 2997 1860 1592 
f 3510 4412 4010 
f 268 3979 3980 
f 1810 2879 2881 
f 1346 546 544 
f 4674 1668 3756 
f 4725 1751 4567 
f 1633 4567 1751 
f 966 964 2348 
f 4868 3934 3935 
f 2994 4796 2409 
f 2998 2894 1861 
f 4054 2564 4377 
f 863 4377 2564 
f 3406 3593 566 
f 1563 1618 2017 
f 3152 2320 3150 
f 4207 2949 3145 
f 4238 672 670 
f 2907 4044 300 
f 4869 3636 2717 
f 3637 2717 3636 
f 4612 1198 1196 
f 3305 4786 3682 
f 228 2730 159 
f 3976 159 2730 
f 1901 793 4711 
f 2865 2866 1368 
f 4500 2044 2042 
f 4673 3093 802 
f 3474 802 3093 
f 2347 2345 3691 
f 3693 3691 2345 
f 4749 3738 2049 
f 4664 1061 4665 
f 3245 4365 4366 
f 4790 69 70 
f 4802 2444 2445 
f 3782 453 2805 
f 1577 4655 1578 
f 502 2732 1275 
f 3091 3094 4061 
f 3110 347 345 
f 4386 4385 3336 
f 1967 269 267 
f 3637 277 3411 
f 204 2215 203 
f 4343 203 2215 
f 3410 3209 2760 
f 95 1535 4204 
f 3829 3806 4586 
f 4216 4215 4602 
f 3769 4602 4215 
f 4745 2106 2107 
f 4861 2485 4110 
f 4228 3546 4670 
f 4046 737 4822 
f 4272 4160 4816 
f 1707 4816 4160 
f 905 903 4681 
f 1593 4681 903 
f 4549 3528 1931 
f 1579 4659 3590 
f 895 893 3285 
f 4095 3285 893 
f 3476 3885 3020 
f 3164 1761 3705 
f 3707 3705 1761 
f 3021 472 3022 
f 475 3022 472 
f 2787 4724 4553 
f 4622 3343 3551 
f 1908 3837 1910 
f 4529 1910 3837 
f 4275 3581 3579 
f 4519 1494 1492 
f 697 2125 699 
f 3037 4642 2812 
f 1547 3701 4060 
f 3702 4060 3701 
f 2555 2553 4870 
f 2396 4870 2553 
f 3270 2158 4028 
f 914 4438 4793 
f 3823 4793 4438 
f 4856 3982 3779 
f 2574 3227 2576 
f 1255 520 518 
f 438 1627 1479 
f 3776 3774 4694 
f 4298 3836 4122 
f 2134 3170 3674 
f 3321 337 2116 
f 468 471 2159 
f 2656 4782 4810 
f 1011 4810 4782 
f 4550 2384 2387 
f 1777 2731 1776 
f 3049 4249 420 
f 422 420 4249 
f 1658 553 551 
f 2808 3593 3406 
f 4660 3522 3200 
f 2891 2840 2890 
f 2996 2739 2998 
f 2742 2998 2739 
f 389 388 1840 
f 2763 1840 388 
f 519 3216 969 
f 2207 3825 1235 
f 2435 3477 2038 
f 1409 3492 1410 
f 3075 4527 4871 
f 4872 4871 4527 
f 2433 4794 1845 
f 209 207 136 
f 3694 1338 4804 
f 3641 4762 4741 
f 3738 2844 3047 
f 1053 1051 2578 
f 4237 2562 451 
f 1813 3103 1686 
f 3415 2363 3414 
f 2024 3264 4064 
f 4873 3173 2964 
f 3702 3961 3994 
f 4721 4578 548 
f 550 548 4578 
f 4125 2257 4399 
f 308 4399 2257 
f 4214 3386 3287 
f 3384 3287 3386 
f 2878 4849 2877 
f 3370 4601 3369 
f 3757 3369 4601 
f 4729 3856 3142 
f 4874 1955 3958 
f 3262 1309 1307 
f 2744 4752 4630 
f 3418 4630 4752 
f 4081 4488 3799 
f 3798 3799 4488 
f 4104 4330 3499 
f 1050 1053 3267 
f 3613 3267 1053 
f 1851 1402 2788 
f 3354 4693 1577 
f 4655 1577 4693 
f 4782 2656 4781 
f 4267 2142 295 
f 4393 4713 4264 
f 2971 4264 4713 
f 656 3004 3189 
f 1704 4321 4440 
f 2886 4440 4321 
f 4875 227 225 
f 4856 1522 3982 
f 2420 1305 1854 
f 1303 1854 1305 
f 4279 1431 4876 
f 1429 4876 1431 
f 4815 1872 1807 
f 3278 414 2035 
f 2373 3734 1856 
f 2328 4739 2330 
f 3043 2330 4739 
f 3073 2441 3714 
f 4341 4683 4830 
f 4877 4830 4683 
f 1436 3460 3580 
f 4800 4466 4467 
f 4681 3438 2362 
f 3358 1549 4653 
f 3392 4429 4769 
f 4432 4769 4429 
f 4678 4746 4739 
f 2508 2737 3716 
f 3950 1982 3708 
f 19 894 20 
f 3262 4527 1309 
f 3075 1309 4527 
f 4777 592 590 
f 1586 1411 966 
f 75 1895 72 
f 2991 2989 4878 
f 3053 4878 2989 
f 2705 444 442 
f 1569 1572 4879 
f 3626 4879 1572 
f 3208 448 2563 
f 2801 3295 4148 
f 4164 1934 1935 
f 2814 532 4671 
f 535 4671 532 
f 329 3882 1611 
f 827 806 1457 
f 4459 2276 2279 
f 4881 4880 1799 
f 4882 1799 4880 
f 4060 4653 1547 
f 2111 4202 2610 
f 1434 1347 1345 
f 1382 1380 1886 
f 2866 4441 4211 
f 4883 3260 3263 
f 1028 1027 2634 
f 4050 3319 1220 
f 3169 1774 3171 
f 3795 2283 4848 
f 1561 4848 2283 
f 4826 3225 2437 
f 1771 1684 1685 
f 2784 4498 3986 
f 4295 4047 1622 
f 1621 1622 4047 
f 3740 947 1183 
f 2838 4746 4678 
f 4884 4254 4584 
f 4670 4584 4254 
f 4285 4745 2107 
f 3100 4639 4808 
f 2799 2838 4678 
f 4099 1677 3790 
f 1675 3790 1677 
f 4575 4167 1772 
f 4847 4845 4885 
f 3469 4885 4845 
f 4561 4875 4317 
f 4316 4317 4875 
f 1042 2917 3230 
f 4039 434 4038 
f 432 4038 434 
f 4037 3162 3623 
f 997 4886 2935 
f 2934 2935 4886 
f 1017 2200 4444 
f 2632 2633 3657 
f 811 96 757 
f 2838 3562 4746 
f 24 409 26 
f 204 26 409 
f 4056 3628 4057 
f 3406 2774 2808 
f 2772 1244 1245 
f 4682 3626 3949 
f 3951 3949 3626 
f 2187 4584 4670 
f 3925 3185 4750 
f 3789 3272 1471 
f 1138 1471 3272 
f 1960 3227 3251 
f 4861 2484 2485 
f 1822 1980 1824 
f 637 635 3049 
f 283 3590 2583 
f 1723 1171 1172 
f 3303 271 1946 
f 272 1946 271 
f 3259 3335 489 
f 810 811 4218 
f 4888 4736 4887 
f 2031 4887 4736 
f 4889 910 3154 
f 1500 1503 4146 
f 4043 4146 1503 
f 829 1666 1915 
f 3526 2633 2419 
f 943 2419 2633 
f 3460 700 4276 
f 4297 4166 4248 
f 3032 2568 3613 
f 1919 2174 3877 
f 2175 3877 2174 
f 3880 3603 1484 
f 4703 1877 1880 
f 3784 3709 4193 
f 4573 3017 3578 
f 3580 3578 3017 
f 2253 2251 3064 
f 4575 4169 4167 
f 157 158 2206 
f 1784 2126 2127 
f 4646 2706 866 
f 2916 4147 4873 
f 1891 4873 4147 
f 4890 4108 2062 
f 4797 3524 4320 
f 4676 4320 3524 
f 1994 1992 4868 
f 4466 4868 1992 
f 4807 4708 4352 
f 2868 4352 4708 
f 3244 3801 4241 
f 4494 2907 300 
f 3074 1644 1642 
f 4891 3746 4684 
f 3053 2989 3050 
f 1802 1800 2756 
f 2009 1850 2010 
f 1852 2010 1850 
f 1802 2756 4360 
f 389 1838 3292 
f 1709 4331 1711 
f 2757 2782 2358 
f 660 3153 908 
f 4611 4893 4892 
f 4894 4892 4893 
f 955 4275 125 
f 3799 1060 1157 
f 1645 1691 1692 
f 671 669 3926 
f 2837 3913 3562 
f 1985 3562 3913 
f 1340 3947 275 
f 400 3913 2837 
f 3717 806 827 
f 4134 4132 4611 
f 4893 4611 4132 
f 4193 1460 3784 
f 3754 4794 4674 
f 2078 4562 4753 
f 4726 2676 3204 
f 2679 3204 2676 
f 4895 2758 2626 
f 2343 2191 1779 
f 4896 3064 3062 
f 3913 1987 1985 
f 4898 4897 4463 
f 4795 4463 4897 
f 3550 4441 2866 
f 876 3186 877 
f 400 2837 402 
f 3259 487 2958 
f 4682 4879 3626 
f 2800 4311 402 
f 925 928 1002 
f 877 1002 928 
f 3143 4360 2005 
f 809 4174 4044 
f 2564 2567 863 
f 4226 3991 377 
f 2750 1762 1760 
f 2942 2940 4240 
f 4216 4240 2940 
f 1015 3188 4899 
f 2431 4899 3188 
f 4726 2678 2676 
f 2268 3958 627 
f 3353 4900 1277 
f 1279 1277 4900 
f 1299 3083 2288 
f 4901 3062 4756 
f 4902 4901 4756 
f 4877 3912 3911 
f 4877 3911 4830 
f 450 448 4253 
f 3208 4253 448 
f 401 4830 400 
f 2854 4784 1653 
f 2108 3373 2105 
f 168 2786 4556 
f 4758 4902 4756 
f 3597 4902 4758 
f 4877 4587 3912 
f 4683 4587 4877 
f 1575 2440 2216 
f 2238 2216 2440 
f 4903 3247 4857 
f 4858 4857 3247 
f 604 2040 1831 
f 4819 3791 142 
f 144 142 3791 
f 4508 2067 3753 
f 1565 4556 4581 
f 4554 4581 4556 
f 966 4675 963 
f 304 963 4675 
f 361 1335 348 
f 3568 4552 2550 
f 3598 3597 4758 
f 4575 4278 4169 
f 4277 4169 4278 
f 4828 2707 4033 
f 1848 4033 2707 
f 2829 1594 2831 
f 1953 4067 3344 
f 1262 1265 1329 
f 753 1410 1491 
f 4013 3007 3008 
f 1337 1339 3201 
f 1061 4664 2749 
f 2562 4336 2563 
f 237 2563 4336 
f 4155 2573 2870 
f 3412 2951 391 
f 4045 3558 3098 
f 3100 3098 3558 
f 2404 3598 4432 
f 3611 1351 3609 
f 1349 3609 1351 
f 1825 1380 1381 
f 1573 1754 3714 
f 1752 3714 1754 
f 1400 1398 2071 
f 2843 3254 3046 
f 2788 168 3612 
f 166 3612 168 
f 752 2104 754 
f 4828 4033 4288 
f 4341 4830 4079 
f 401 4079 4830 
f 4850 4904 4623 
f 1546 4623 4904 
f 4674 1667 1668 
f 4415 4079 401 
f 2801 4887 2031 
f 2123 3922 2120 
f 3165 4809 3166 
f 4900 3166 4809 
f 4313 1634 3892 
f 3569 4849 3571 
f 2878 3571 4849 
f 1893 4452 1892 
f 320 3472 1795 
f 219 4701 390 
f 2762 390 4701 
f 4652 4906 4905 
f 4677 4905 4906 
f 1571 2976 4258 
f 1568 4440 2886 
f 4907 2246 1837 
f 2089 422 4249 
f 4339 4341 4079 
f 4760 4338 2080 
f 1574 2080 4338 
f 4077 4339 4079 
f 4090 4339 4077 
f 4076 4079 4415 
f 48 46 245 
f 3736 245 46 
f 4062 4516 4063 
f 4908 4063 4516 
f 1415 1171 1722 
f 2723 2721 3163 
f 3199 4629 1678 
f 4567 288 4725 
f 1720 3117 1719 
f 1443 1719 3117 
f 3881 2339 4234 
f 579 577 2539 
f 2921 2539 577 
f 973 4118 971 
f 2786 2787 4553 
f 2180 2182 2770 
f 3127 3104 4441 
f 3590 283 3395 
f 3498 3981 1528 
f 1526 1528 3981 
f 793 1901 3439 
f 3812 1595 1598 
f 665 663 3721 
f 2787 1403 3683 
f 1511 3893 3306 
f 1332 3306 3893 
f 4910 4909 4486 
f 1327 4486 4909 
f 478 3304 3305 
f 4222 3304 478 
f 2896 1453 3980 
f 4911 4063 4908 
f 4078 4076 4416 
f 4464 4078 4416 
f 4493 4078 4462 
f 3265 4117 3959 
f 4115 3959 4117 
f 1723 2738 1724 
f 4141 4375 4143 
f 573 2108 570 
f 4906 4652 2332 
f 533 2355 2232 
f 2706 4646 2707 
f 1848 2707 4646 
f 3452 2023 818 
f 4223 3313 1671 
f 3301 3013 4525 
f 2027 4525 3013 
f 924 1379 3574 
f 1792 1306 2972 
f 2127 2972 1306 
f 4905 3561 3560 
f 2065 3752 2067 
f 4783 4795 4779 
f 4897 4779 4795 
f 273 3304 4222 
f 4030 3988 4009 
f 4427 4009 3988 
f 2275 1554 4912 
f 1555 4912 1554 
f 3123 4752 3782 
f 2747 3782 4752 
f 1427 1929 764 
f 282 764 1929 
f 1614 1613 4304 
f 4534 4099 4819 
f 3791 4819 4099 
f 4779 4913 4783 
f 3393 4783 4913 
f 4429 3393 4914 
f 4913 4914 3393 
f 1669 3312 137 
f 2207 1949 2208 
f 3333 3334 4827 
f 3486 4053 4886 
f 1599 4886 4053 
f 487 3259 489 
f 3121 4657 2768 
f 4676 2591 2589 
f 584 3453 1066 
f 722 4532 724 
f 3037 1887 4642 
f 1885 4642 1887 
f 3123 3782 2805 
f 4056 386 384 
f 4377 863 866 
f 2458 3373 2108 
f 682 4750 876 
f 1340 275 276 
f 4383 1795 3178 
f 738 736 1052 
f 4235 1052 736 
f 3771 773 3768 
f 1343 49 1341 
f 1260 1125 3894 
f 4915 3894 1125 
f 4631 3243 3244 
f 4568 1844 1842 
f 1860 2997 1859 
f 3725 370 3695 
f 3110 3113 347 
f 4698 156 159 
f 1478 4533 1477 
f 503 2938 1884 
f 1530 2088 2086 
f 1982 3950 3447 
f 3948 3447 3950 
f 1905 4434 2075 
f 3282 2075 4434 
f 3278 2035 4544 
f 4307 3881 3879 
f 2017 1560 1563 
f 2491 680 2099 
f 2535 2536 2913 
f 4650 4135 3314 
f 3750 4764 449 
f 451 449 4764 
f 459 457 3851 
f 2167 2898 2168 
f 2901 2168 2898 
f 335 3320 2188 
f 2954 2188 3320 
f 4736 3610 4318 
f 3478 2446 1775 
f 1777 1775 2446 
f 4530 2900 2898 
f 3129 4916 2274 
f 4148 2274 4916 
f 4154 4837 4917 
f 3071 4917 4837 
f 3592 1688 657 
f 4505 1965 1963 
f 586 1771 1685 
f 2809 4641 2861 
f 2919 2861 4641 
f 1233 3009 1948 
f 4666 1002 877 
f 3132 4916 3129 
f 992 2926 3737 
f 2051 3737 2926 
f 1497 1731 4321 
f 4588 904 905 
f 4363 4697 1068 
f 3502 4582 3504 
f 2303 4732 4845 
f 3469 4845 4732 
f 4777 590 2007 
f 3071 2678 4917 
f 4727 4917 2678 
f 4483 2863 272 
f 1298 1797 1798 
f 4243 4626 357 
f 4421 3601 3602 
f 1589 3934 1590 
f 4800 1590 3934 
f 4306 4472 4127 
f 437 1479 1489 
f 3356 3357 4789 
f 4787 4789 3357 
f 660 908 659 
f 661 659 908 
f 3997 3257 3999 
f 2737 172 511 
f 247 3954 249 
f 226 2847 4063 
f 3990 1898 4513 
f 3246 4727 3924 
f 2564 4054 2566 
f 4832 3623 4478 
f 4509 2539 2924 
f 2921 2924 2539 
f 2136 3284 2138 
f 2131 3896 3241 
f 3662 167 1564 
f 1546 4904 4918 
f 4919 4918 4904 
f 4431 4429 4914 
f 579 2539 1480 
f 4912 1819 2275 
f 1626 438 436 
f 3443 1486 1484 
f 4268 3308 3309 
f 4821 1392 911 
f 4799 4065 688 
f 4183 3706 2734 
f 3704 2734 3706 
f 4763 3641 2888 
f 3234 4920 4782 
f 1011 4782 4920 
f 2985 1626 436 
f 2003 4729 3142 
f 2733 2435 2001 
f 4008 1626 2985 
f 1820 2766 958 
f 4181 3370 3368 
f 2179 728 4571 
f 2386 1482 2385 
f 957 123 3198 
f 3197 3198 123 
f 4221 2549 3179 
f 2937 4698 3976 
f 159 3976 4698 
f 3621 141 144 
f 2800 1507 4311 
f 2986 4008 2985 
f 2467 4922 4921 
f 2555 4921 4922 
f 4891 3810 4903 
f 3249 4903 3810 
f 1332 3891 1262 
f 1497 4748 1496 
f 4853 1371 1052 
f 4720 4629 3595 
f 3307 3595 4629 
f 4843 1461 1459 
f 87 85 3674 
f 4368 3674 85 
f 144 3789 4743 
f 1471 4743 3789 
f 3857 403 3855 
f 3486 4886 997 
f 4307 3879 1487 
f 4005 467 4399 
f 4002 307 4658 
f 2052 3991 4776 
f 1022 1614 3993 
f 1868 3993 1614 
f 1360 687 2350 
f 1936 2350 687 
f 1368 4853 2865 
f 1469 1061 2749 
f 3395 1580 1579 
f 2797 4426 2095 
f 443 4039 4473 
f 2406 3360 3361 
f 3437 2856 3135 
f 2531 2104 3438 
f 4923 4566 2846 
f 3557 4803 1444 
f 2618 2616 1567 
f 1383 4680 4805 
f 4924 4805 4680 
f 1714 3066 2636 
f 3752 4636 2468 
f 4852 4925 4850 
f 4919 4850 4925 
f 4825 3914 2445 
f 4265 4289 948 
f 3712 948 4289 
f 3495 2068 4555 
f 3212 3210 3845 
f 3808 3845 3210 
f 3341 4622 413 
f 2186 2184 4257 
f 2739 4644 2741 
f 3661 3121 2768 
f 2873 3048 1711 
f 4094 3358 4653 
f 4138 4763 2888 
f 4818 4926 2521 
f 3078 2521 4926 
f 2476 1994 3935 
f 4868 3935 1994 
f 2984 3232 2986 
f 1897 1900 3126 
f 2087 3126 1900 
f 3269 4772 2944 
f 4613 2944 4772 
f 2605 1323 1388 
f 3952 2977 3954 
f 3446 310 4271 
f 4309 2135 2133 
f 1568 1867 4439 
f 883 884 1965 
f 2279 4245 4247 
f 2881 4086 4089 
f 4753 2604 4497 
f 3173 1894 55 
f 1984 3446 4271 
f 1374 329 1611 
f 4570 2266 3557 
f 4771 4715 4770 
f 4648 1056 3860 
f 1041 4790 2917 
f 3236 2917 4790 
f 3043 3041 2330 
f 3880 470 3603 
f 272 4927 4483 
f 4485 4483 4927 
f 4435 1432 4413 
f 4697 2363 1070 
f 4868 4466 4800 
f 3037 4502 1887 
f 3350 3353 1277 
f 732 3154 3155 
f 4468 4772 4737 
f 1749 2289 2909 
f 1384 1387 2318 
f 2883 2318 1387 
f 4378 267 3980 
f 268 3980 267 
f 4928 2816 3577 
f 3234 1214 4929 
f 1212 4929 1214 
f 4256 3816 3814 
f 4214 2138 3386 
f 2040 289 4930 
f 1684 4930 289 
f 4614 4087 4088 
f 2139 3476 3020 
f 3792 3790 1675 
f 4542 3452 4435 
f 779 4435 3452 
f 2966 3989 3929 
f 4120 3929 3989 
f 2939 3824 3825 
f 2359 2757 2358 
f 4748 1497 1707 
f 1139 1137 4663 
f 1140 4663 1137 
f 4696 4655 4693 
f 4613 4772 4469 
f 4468 4469 4772 
f 1801 4049 2332 
f 4906 2332 4049 
f 1057 1055 3530 
f 4915 1125 1126 
f 3543 449 450 
f 4585 4159 4161 
f 1599 2934 4886 
f 4595 4274 1001 
f 3131 1001 4274 
f 4074 3231 1548 
f 2312 722 2311 
f 2132 3170 2134 
f 3278 4544 3097 
f 1332 3893 3891 
f 3129 2274 2820 
f 1215 4931 426 
f 425 426 4931 
f 2264 1503 1501 
f 3546 4228 1570 
f 2252 1790 1793 
f 3864 4616 4932 
f 2004 4932 4616 
f 3500 4068 585 
f 1404 2970 4667 
f 4631 1274 4365 
f 4190 1819 4912 
f 4645 1848 4646 
f 4822 3968 2519 
f 4818 2519 3968 
f 2114 2467 4605 
f 4921 4605 2467 
f 4640 3559 3561 
f 4933 3736 46 
f 2211 4153 3810 
f 675 1821 1718 
f 2347 3691 2491 
f 3412 3339 4220 
f 3573 3492 2532 
f 4468 4737 3805 
f 2523 4597 1883 
f 1882 1883 4597 
f 503 3826 2938 
f 2446 1419 2151 
f 2008 4386 3336 
f 3710 4171 3712 
f 948 3712 4171 
f 775 2968 774 
f 2469 1387 1385 
f 1001 3131 2820 
f 2443 1278 4036 
f 3975 2525 2523 
f 865 4573 3015 
f 3014 3015 4573 
f 4848 1561 679 
f 4838 1279 3435 
f 4517 4768 4518 
f 4347 4603 4346 
f 4804 3695 3694 
f 4026 3624 314 
f 138 207 567 
f 1591 2532 1593 
f 4569 2573 4155 
f 2569 2570 4926 
f 3078 4926 2570 
f 3019 4736 4318 
f 690 691 3754 
f 4434 2262 976 
f 1334 3054 1716 
f 2935 4686 4643 
f 2904 4188 2012 
f 4067 1953 4453 
f 3816 4256 4615 
f 4255 4615 4256 
f 2924 4456 4509 
f 4513 4324 4329 
f 1278 3350 1277 
f 4934 2666 1310 
f 2896 1921 332 
f 4652 3560 4239 
f 4410 3562 1985 
f 3052 3859 4195 
f 3748 1725 1728 
f 1830 1832 4854 
f 815 4630 3418 
f 1541 3001 3002 
f 1938 2883 2885 
f 4935 3115 2830 
f 2852 1653 1651 
f 4463 4464 4936 
f 4860 4936 4464 
f 4483 4484 2863 
f 2208 4082 1502 
f 1501 1502 4082 
f 2281 1617 1563 
f 1618 1563 1617 
f 4535 4536 1879 
f 3923 4512 3925 
f 1297 3925 4512 
f 2833 4273 1581 
f 3849 4767 4738 
f 2390 1659 1662 
f 1313 1311 4011 
f 4260 3155 4378 
f 2755 2359 4152 
f 2801 2031 2034 
f 3732 3730 3033 
f 3319 3033 3730 
f 2942 3485 4007 
f 2204 4007 3485 
f 469 3880 3878 
f 4677 3352 4937 
f 3802 4937 3352 
f 4859 4939 4938 
f 4940 4938 4939 
f 4686 2935 2933 
f 4701 2764 2762 
f 3236 3237 3229 
f 1446 222 4529 
f 1910 4529 222 
f 789 760 763 
f 1822 1825 3294 
f 1789 2143 1878 
f 3476 3477 3885 
f 4075 1257 3114 
f 1217 1218 2200 
f 2365 3591 1872 
f 3774 4941 4709 
f 2236 4709 4941 
f 269 1966 2911 
f 4115 965 3960 
f 963 3960 965 
f 554 1439 1437 
f 4089 4123 4272 
f 87 3674 2580 
f 3673 2580 3674 
f 4806 1013 4391 
f 3639 660 658 
f 3201 4660 3200 
f 48 245 244 
f 2922 4456 2924 
f 4696 2628 4655 
f 1853 3704 3707 
f 4849 3569 4942 
f 4221 4942 3569 
f 1606 4208 1605 
f 4210 1605 4208 
f 4541 4610 4042 
f 4943 4042 4610 
f 1341 3592 657 
f 1020 1022 3993 
f 3962 2228 4539 
f 4540 4539 2228 
f 2331 4239 2782 
f 2360 2782 4239 
f 4354 4397 4481 
f 4492 4601 3370 
f 683 4891 4903 
f 1449 4591 1451 
f 2190 1451 4591 
f 2634 490 1028 
f 3629 1028 490 
f 2773 844 3964 
f 3926 3453 4590 
f 3748 2489 3747 
f 2351 1360 2350 
f 1932 4549 1931 
f 296 3310 3308 
f 2664 2897 332 
f 3279 4823 933 
f 392 933 4823 
f 217 1357 219 
f 4944 1352 4110 
f 4861 4110 1352 
f 4903 3249 3247 
f 4103 3310 296 
f 4473 4705 2704 
f 1466 2704 4705 
f 118 121 383 
f 3175 383 121 
f 997 2935 4643 
f 4163 4162 1543 
f 4560 1543 4162 
f 4569 2744 4630 
f 3713 3073 3714 
f 749 731 734 
f 1626 4008 3512 
f 1291 4855 577 
f 2921 577 4855 
f 1536 4672 1535 
f 2832 4273 2833 
f 1048 2071 238 
f 4740 3271 4720 
f 4862 909 910 
f 1419 2446 3478 
f 3121 2617 4657 
f 3314 3115 4935 
f 2980 2856 1259 
f 944 4945 1783 
f 4866 1783 4945 
f 4506 1360 2351 
f 2354 2209 1968 
f 3928 3931 3648 
f 3650 3648 3931 
f 2875 1242 3048 
f 1930 3048 1242 
f 2390 2388 1299 
f 4183 2734 2000 
f 4918 1545 1546 
f 4778 452 4687 
f 455 4687 452 
f 3690 4602 1478 
f 4533 1478 4602 
f 3168 3109 2783 
f 2408 2783 3109 
f 1687 2365 1254 
f 2990 2988 1038 
f 1035 1038 2988 
f 3831 4516 4222 
f 2891 718 1375 
f 4820 3624 4026 
f 2283 1756 4334 
f 4499 2088 1530 
f 1643 2440 2441 
f 4785 2723 3255 
f 407 408 2082 
f 3863 4017 3865 
f 4151 3865 4017 
f 3905 3904 4055 
f 3174 4055 3904 
f 4028 4175 4174 
f 1537 4634 4041 
f 4621 4041 4634 
f 1284 1194 1192 
f 1528 3970 3498 
f 235 4946 2760 
f 3410 2760 4946 
f 3852 3853 2726 
f 2835 3313 3250 
f 2723 4785 4786 
f 476 4222 478 
f 4727 3246 4947 
f 3249 4947 3246 
f 4909 4688 4733 
f 4785 3254 2843 
f 2761 4502 3035 
f 3037 3035 4502 
f 3553 4029 4295 
f 4047 4295 4029 
f 4073 3391 252 
f 2606 3733 2579 
f 2343 1779 2963 
f 2915 2963 1779 
f 3707 1230 1853 
f 143 393 2951 
f 1149 3068 1831 
f 4229 3209 3409 
f 4927 270 227 
f 4797 1454 3524 
f 3952 4284 4257 
f 2279 3750 4459 
f 449 4459 3750 
f 4213 4721 548 
f 3731 369 3827 
f 3062 4948 4896 
f 4949 4896 4948 
f 3029 3329 3389 
f 1511 3306 1508 
f 4218 3441 810 
f 928 926 2936 
f 2815 3410 4946 
f 2403 2404 4430 
f 4432 4430 2404 
f 829 1915 828 
f 4934 3543 450 
f 3134 3542 1746 
f 3484 1523 3253 
f 4172 1263 1416 
f 4297 3979 4166 
f 268 4166 3979 
f 4720 3274 4629 
f 2892 4385 2889 
f 3257 2889 4385 
f 2126 1784 1782 
f 2339 4307 3362 
f 2982 2932 4144 
f 433 4549 1932 
f 692 1721 3905 
f 3903 3905 1721 
f 3164 3705 3706 
f 144 3791 3789 
f 2098 4875 225 
f 21 894 19 
f 1001 1002 4595 
f 4087 4123 4089 
f 3522 4660 2172 
f 2730 2731 3976 
f 4730 664 3051 
f 2065 4636 3752 
f 2675 4841 3753 
f 4844 3753 4841 
f 4224 377 378 
f 4175 4476 3937 
f 3132 4888 4916 
f 4887 4916 4888 
f 4043 3896 2131 
f 3115 1532 4250 
f 4197 3582 3583 
f 1365 4730 3531 
f 944 942 4945 
f 4950 4945 942 
f 4946 235 238 
f 4951 4637 4923 
f 4566 4923 4637 
f 4868 4800 3934 
f 4635 4871 4872 
f 2904 3235 4188 
f 3124 4004 4002 
f 1777 2446 2444 
f 4936 4898 4463 
f 2343 2963 4470 
f 2961 4470 2963 
f 778 2929 4701 
f 988 4719 4718 
f 219 390 216 
f 4126 4942 4221 
f 4104 4824 3594 
f 3596 3594 4824 
f 2927 4842 3796 
f 3953 3796 4842 
f 4194 1460 4193 
f 3155 4260 734 
f 4713 2972 2971 
f 4510 3920 4952 
f 3921 4952 3920 
f 1667 2433 1662 
f 1935 2953 1903 
f 1757 246 249 
f 4721 2329 2327 
f 2520 4046 4822 
f 1482 4589 1481 
f 2250 2248 4690 
f 2038 2434 2435 
f 3857 3856 4199 
f 4530 2898 2167 
f 3779 2921 4855 
f 94 95 4204 
f 209 580 206 
f 578 206 580 
f 3877 2175 2351 
f 4506 2351 2175 
f 1637 2515 1639 
f 3101 1639 2515 
f 2407 3360 2406 
f 3102 3128 3497 
f 1932 432 433 
f 3556 3039 3984 
f 3969 4098 2028 
f 4953 549 547 
f 4181 4180 4865 
f 4954 4865 4180 
f 1497 4321 1704 
f 4679 4254 4884 
f 222 1446 2427 
f 4803 2427 1446 
f 4637 2296 4566 
f 2461 4428 4358 
f 2761 2764 2928 
f 2972 1791 1792 
f 4734 1455 2897 
f 3952 2974 2977 
f 3899 1215 426 
f 1389 4869 2717 
f 1027 706 943 
f 4950 943 706 
f 993 4284 990 
f 3969 1818 4098 
f 559 2475 2473 
f 1289 1735 4067 
f 3711 2042 2789 
f 2366 1251 1254 
f 1243 1246 1816 
f 4542 2341 2343 
f 1811 2314 1808 
f 3828 3806 3829 
f 2836 2834 139 
f 136 139 2834 
f 1789 1787 2083 
f 3692 3796 3795 
f 4040 4042 4939 
f 4943 4939 4042 
f 2486 4956 4955 
f 4957 4955 4956 
f 4103 4104 3594 
f 3177 3299 2181 
f 553 4358 4091 
f 2313 2721 4232 
f 1947 4232 2721 
f 3332 1500 4146 
f 3320 3318 2954 
f 2940 775 3771 
f 773 3771 775 
f 1359 1963 3875 
f 2675 4958 4841 
f 1816 4841 4958 
f 1192 1195 1285 
f 1269 1285 1195 
f 4959 2402 2405 
f 4960 4081 2045 
f 3013 3301 3116 
f 4946 2992 2815 
f 3307 4629 3199 
f 2039 4214 1834 
f 4592 2488 2490 
f 4619 3775 3773 
f 512 1722 511 
f 2959 1790 4479 
f 4910 674 1717 
f 720 2889 3256 
f 1408 1407 1886 
f 4700 1886 1407 
f 4013 4234 3007 
f 370 3725 369 
f 1579 3590 3395 
f 3003 2582 3589 
f 733 4889 732 
f 3154 732 4889 
f 583 4638 582 
f 1881 2937 3976 
f 3014 4572 2027 
f 2026 2027 4572 
f 2774 844 2773 
f 4795 1187 4463 
f 1655 1658 551 
f 3436 669 672 
f 4704 1818 1817 
f 4102 4209 4104 
f 3544 4116 3978 
f 3977 3978 4116 
f 4484 710 713 
f 1288 3394 1287 
f 1929 1427 1708 
f 2472 4510 4952 
f 4537 106 104 
f 1567 1565 3676 
f 4416 4860 4464 
f 3642 3641 4741 
f 3078 3077 2521 
f 1146 3029 3030 
f 4643 4685 3689 
f 3688 3689 4685 
f 2373 2371 3734 
f 4479 2253 3946 
f 4949 3946 2253 
f 4896 4949 2253 
f 3064 4896 2253 
f 4851 1320 1321 
f 554 1763 1764 
f 1436 3580 4580 
f 3017 4580 3580 
f 2466 4310 4308 
f 1813 1370 3103 
f 4211 3103 1370 
f 2796 1379 1382 
f 4935 4650 3314 
f 3385 3876 4661 
f 4648 4661 3876 
f 3776 4600 4620 
f 4961 4620 4600 
f 1827 412 1873 
f 1875 1873 412 
f 47 3591 49 
f 4210 2084 2085 
f 4892 4894 4962 
f 2203 4962 4894 
f 4748 1707 4159 
f 4883 4872 4527 
f 4839 2003 2004 
f 564 3406 566 
f 3795 1756 2283 
f 2367 2871 4719 
f 1638 4352 1640 
f 4631 4365 3243 
f 4849 4942 4127 
f 4126 4127 4942 
f 330 333 2592 
f 1979 2592 333 
f 679 4227 4848 
f 4294 3483 1441 
f 308 309 4399 
f 994 997 4643 
f 4963 4949 4948 
f 4287 3901 4820 
f 3624 4820 3901 
f 2174 1919 3342 
f 4386 2008 2010 
f 4842 2927 2926 
f 2814 4671 4813 
f 4697 4363 3416 
f 4572 3581 2765 
f 490 488 3629 
f 1256 3016 1636 
f 4054 692 3905 
f 4827 4540 2228 
f 294 4102 296 
f 1994 2476 1991 
f 3023 4735 973 
f 2282 2283 4334 
f 3168 1852 3109 
f 242 240 777 
f 3966 3074 3072 
f 4345 3413 3416 
f 565 3902 4032 
f 1840 2763 3615 
f 3035 3615 2763 
f 4182 471 4012 
f 4954 106 3945 
f 4537 3945 106 
f 4651 2586 153 
f 4801 1468 4832 
f 4705 4832 1468 
f 2405 4963 4959 
f 4948 4959 4963 
f 4959 4901 4902 
f 4901 4959 4948 
f 3062 4901 4948 
f 4242 2914 4812 
f 3967 4818 3968 
f 3973 3971 4255 
f 1930 3528 1927 
f 144 4743 3621 
f 3653 1210 3317 
f 4964 3317 1210 
f 4007 2968 2941 
f 3459 3460 1436 
f 3169 3170 2132 
f 443 441 2776 
f 3823 3826 4793 
f 506 4793 3826 
f 2402 4902 3597 
f 1633 586 1685 
f 4959 4902 2402 
f 3476 2139 2137 
f 3465 4814 1805 
f 4337 237 4336 
f 4833 2405 2403 
f 1961 3804 4767 
f 1265 1263 4172 
f 546 4053 543 
f 3112 3650 3931 
f 2028 3745 3221 
f 4751 2015 991 
f 3306 1332 1330 
f 4951 2845 4965 
f 1421 4965 2845 
f 3844 4457 425 
f 3156 425 4457 
f 1742 3207 1744 
f 3636 1126 276 
f 758 2064 759 
f 2926 990 4842 
f 2532 1591 3573 
f 3602 3645 4421 
f 4749 2844 3738 
f 1864 3296 4654 
f 4968 4967 4966 
f 4969 4966 4967 
f 2854 1653 2852 
f 3740 4245 2277 
f 2279 2277 4245 
f 4704 1817 4525 
f 3684 1449 1450 
f 4084 2157 2159 
f 3802 4640 3561 
f 3884 4312 769 
f 771 769 4312 
f 4004 3124 2803 
f 2732 502 500 
f 374 372 4754 
f 3390 3385 4662 
f 1011 1012 4810 
f 2138 2039 2037 
f 3553 4477 4027 
f 1243 852 1245 
f 2112 2115 4765 
f 2093 4860 4416 
f 526 3225 4826 
f 4108 4890 4960 
f 4081 4960 4890 
f 3245 2386 3242 
f 4607 4936 4860 
f 4899 3152 1015 
f 4898 4936 4607 
f 313 1393 312 
f 4957 4651 2486 
f 4888 3132 3610 
f 4962 2778 2781 
f 2762 388 390 
f 2348 1586 966 
f 2106 572 570 
f 2514 2461 4358 
f 1822 3294 1980 
f 120 1980 3294 
f 2477 3899 1991 
f 1269 1195 3815 
f 4940 4939 4943 
f 1010 4805 4924 
f 4799 589 4065 
f 4749 2049 4776 
f 2052 4776 2049 
f 3525 4676 3524 
f 3860 4662 4648 
f 3132 3130 3611 
f 3846 4457 3844 
f 4020 1413 2102 
f 2592 2591 2664 
f 4734 2664 2591 
f 2670 3034 3372 
f 2039 2138 4214 
f 3205 4779 4897 
f 4898 3205 4897 
f 4723 4722 4811 
f 3073 1642 1643 
f 2525 3914 2522 
f 2060 1947 1945 
f 4872 4883 4290 
f 3263 4290 4883 
f 3990 4513 4329 
f 4279 4913 4779 
f 4869 1126 3636 
f 4128 637 3990 
f 3753 4844 4508 
f 4301 4508 4844 
f 4279 4876 4914 
f 4431 4914 4876 
f 4914 4913 4279 
f 3726 3695 4804 
f 4402 1446 4529 
f 3462 1412 4019 
f 1575 2216 407 
f 3683 4724 2787 
f 2970 1402 1850 
f 3056 3057 4143 
f 4950 706 709 
f 227 4561 4927 
f 4485 4927 4561 
f 726 2257 728 
f 2991 4878 4197 
f 3582 4197 4878 
f 21 14 4095 
f 3876 4095 14 
f 4224 378 3832 
f 4908 3832 378 
f 1335 361 440 
f 1268 803 1267 
f 2282 1619 1617 
f 2632 501 499 
f 1326 1322 1325 
f 2281 1563 1561 
f 2295 2372 1559 
f 4516 3832 4908 
f 4760 2080 2081 
f 1844 4568 2165 
f 475 2136 2139 
f 422 2087 1900 
f 4407 2909 3914 
f 2908 3914 2909 
f 2886 952 950 
f 26 204 2034 
f 202 2034 204 
f 3045 4454 3047 
f 3898 1315 1514 
f 4174 812 4028 
f 4802 2525 3975 
f 2601 2604 2727 
f 3780 2727 2604 
f 369 3731 371 
f 3096 3097 4625 
f 3136 2482 2854 
f 2398 3266 1627 
f 1212 3899 4929 
f 2477 4929 3899 
f 2976 3783 4069 
f 1458 4069 3783 
f 2636 1713 1714 
f 1121 1122 1281 
f 1747 1745 3328 
f 3329 3328 1745 
f 4043 1503 4970 
f 2264 4970 1503 
f 4379 2918 1442 
f 4294 1442 2918 
f 2588 2592 1979 
f 1728 1726 2492 
f 568 2732 500 
f 2044 3778 4020 
f 2149 2398 1625 
f 4502 2761 2928 
f 465 4124 467 
f 4542 4413 2341 
f 4879 3708 3709 
f 280 56 764 
f 1609 526 4826 
f 1595 3812 4066 
f 3508 2247 2250 
f 299 4044 3937 
f 4719 988 527 
f 4793 506 4828 
f 4119 4120 4609 
f 2914 1740 162 
f 1415 2950 2948 
f 972 245 3023 
f 3736 3023 245 
f 4811 3086 4723 
f 2749 4723 3086 
f 4107 1587 4155 
f 4569 4155 1587 
f 2133 2134 3622 
f 3091 3850 3093 
f 3474 3093 3850 
f 1854 1857 2420 
f 549 4953 4600 
f 4961 4600 4953 
f 4863 2474 2472 
f 2907 4494 4158 
f 3152 2322 2320 
f 1501 2263 2264 
f 4935 2830 2828 
f 3646 4398 4323 
f 4192 4685 4189 
f 4559 4637 4951 
f 4833 1429 3407 
f 4773 4534 4819 
f 1634 4407 3206 
f 3207 3206 4407 
f 3513 2397 2148 
f 1626 3512 2148 
f 4538 4910 1717 
f 2524 3085 4597 
f 4780 4875 2098 
f 4087 4298 4123 
f 1049 1020 1048 
f 4270 1641 4712 
f 4219 4773 4220 
f 4819 4220 4773 
f 4538 4688 4909 
f 4690 3664 3507 
f 2812 2810 3036 
f 3166 4900 3353 
f 4815 3653 2364 
f 4541 4042 4041 
f 3653 4814 3465 
f 4744 4929 2477 
f 4331 4557 4335 
f 4604 3513 3514 
f 1158 1469 2750 
f 2739 4588 4644 
f 4899 2429 2322 
f 2432 2322 2429 
f 3179 3835 4221 
f 2848 2851 3450 
f 3827 3829 4158 
f 4586 4158 3829 
f 3776 4620 3773 
f 4658 3445 3577 
f 4928 3577 3445 
f 4933 2864 2867 
f 2751 4055 3174 
f 3142 4789 3143 
f 4788 3143 4789 
f 1464 4317 1463 
f 4894 4971 4520 
f 2945 4520 4971 
f 3408 3410 3951 
f 4328 3286 4128 
f 3269 4971 4893 
f 4894 4893 4971 
f 2945 4971 3269 
f 3233 2115 2986 
f 3514 2986 2115 
f 3316 4964 4659 
f 1208 4659 4964 
f 23 3018 2587 
f 4771 3269 4893 
f 4815 2364 2365 
f 4223 2950 4299 
f 512 4299 2950 
f 2669 3732 3033 
f 4379 1442 2900 
f 1440 2900 1442 
f 1745 1748 3388 
f 3333 3388 1748 
f 550 4305 1516 
f 1518 1516 4305 
f 4052 298 301 
f 4884 3938 2666 
f 2870 606 3069 
f 3932 1733 2263 
f 578 579 2534 
f 3792 3274 3272 
f 85 1520 4368 
f 2956 2957 1069 
f 3118 4871 3739 
f 4635 3739 4871 
f 21 4095 894 
f 4611 1956 3470 
f 1614 4599 1868 
f 1867 1868 4599 
f 4766 3233 3231 
f 3124 4658 3419 
f 3577 3419 4658 
f 4883 4527 3260 
f 3354 1577 935 
f 4289 4265 4635 
f 2312 4532 722 
f 682 4857 4750 
f 671 3926 4590 
f 3728 4766 3231 
f 673 676 4233 
f 4487 4233 676 
f 2346 2344 4266 
f 379 4266 2344 
f 2995 2788 3612 
f 4681 2531 3438 
f 4954 103 106 
f 406 3166 3351 
f 3353 3351 3166 
f 3228 1703 1701 
f 3155 734 732 
f 3543 3076 4459 
f 3765 4031 4411 
f 4246 4514 4247 
f 4827 3387 3333 
f 1275 3059 1272 
f 3472 907 2406 
f 3015 843 864 
f 3308 4268 293 
f 4277 3728 4075 
f 3231 4075 3728 
f 3099 1639 3101 
f 126 4528 1583 
f 4559 4951 4335 
f 4965 4335 4951 
f 1763 2651 1765 
f 490 3985 487 
f 3198 956 957 
f 4972 2210 3382 
f 1945 321 319 
f 422 2089 2087 
f 2784 1698 4497 
f 4105 3786 3723 
f 1069 1271 2956 
f 4166 266 2912 
f 2911 2912 266 
f 4972 3070 4836 
f 4837 4836 3070 
f 719 720 3256 
f 1346 544 4092 
f 2811 1730 1498 
f 738 1052 1050 
f 4928 3948 2818 
f 3951 2818 3948 
f 4534 4100 4099 
f 1567 3676 2618 
f 658 233 3639 
f 4876 4833 4431 
f 4369 3628 4056 
f 4853 1368 1371 
f 2026 3745 2028 
f 2583 280 283 
f 4344 4691 2828 
f 4935 2828 4691 
f 1327 4909 4733 
f 3769 4215 3771 
f 4120 3931 3929 
f 3100 4808 3099 
f 4738 3847 3849 
f 989 4718 4560 
f 58 4560 4718 
f 4256 3814 3897 
f 4907 2048 1582 
f 843 841 4645 
f 709 707 3114 
f 2204 4962 2203 
f 4546 4308 4446 
f 4708 4638 583 
f 4596 2885 3058 
f 4768 3058 2885 
f 4881 4974 4973 
f 4975 4973 4974 
f 1647 86 717 
f 14 3651 4648 
f 4133 4715 4771 
f 3938 3265 305 
f 3959 305 3265 
f 206 578 2534 
f 2127 1304 1784 
f 944 1784 1304 
f 4344 4025 4691 
f 4905 3560 4652 
f 4301 4844 4840 
f 2010 3167 3998 
f 3987 3998 3167 
f 2431 3188 3187 
f 992 3737 4454 
f 2032 26 2034 
f 3110 345 3650 
f 4551 3808 2893 
f 2929 4826 2437 
f 663 664 4730 
f 4220 2951 3412 
f 802 800 4419 
f 4626 4419 800 
f 4846 2400 4511 
f 3498 3779 3981 
f 4228 4670 4254 
f 1604 1992 1993 
f 3265 3938 2146 
f 4584 2146 3938 
f 3939 2798 3961 
f 1240 3161 1932 
f 3266 1478 1476 
f 1584 4106 2102 
f 2043 2102 4106 
f 88 1647 1521 
f 4898 3203 3205 
f 4839 4729 2003 
f 512 2950 1415 
f 4015 3138 3137 
f 208 2534 1483 
f 2363 905 2362 
f 4681 2362 905 
f 1614 4304 4599 
f 952 4530 2167 
f 4950 4866 4945 
f 1883 3975 2523 
f 1831 1151 1149 
f 4500 3263 2044 
f 1199 3280 1196 
f 1784 944 1783 
f 1515 2814 4813 
f 4397 4354 465 
f 1839 1840 3615 
f 1494 4519 386 
f 3355 548 549 
f 4807 1638 4808 
f 69 1041 678 
f 1981 4194 1983 
f 4391 4706 4806 
f 2428 4803 3555 
f 3557 3555 4803 
f 3974 1716 1120 
f 4145 3003 3589 
f 4049 1802 4788 
f 580 1291 577 
f 2626 2627 4976 
f 4977 4976 2627 
f 4035 2715 2518 
f 4646 866 864 
f 4951 4923 2845 
f 2846 2845 4923 
f 881 2967 878 
f 124 700 1764 
f 3295 2801 1556 
f 1810 1808 4304 
f 4359 3277 3180 
f 1011 4920 4744 
f 4929 4744 4920 
f 3390 3289 3384 
f 3287 3384 3289 
f 4223 4299 3251 
f 683 681 3746 
f 4074 1548 1549 
f 2170 2171 370 
f 4244 4926 4818 
f 4234 4013 3881 
f 2951 4220 4819 
f 4915 1126 4869 
f 4900 1012 4924 
f 1010 4924 1012 
f 111 3510 1314 
f 4010 1314 3510 
f 673 1821 675 
f 677 2491 3692 
f 520 1256 1734 
f 2059 4778 4687 
f 2785 2428 4593 
f 3555 4593 2428 
f 3248 3925 4858 
f 809 2905 811 
f 3466 558 559 
f 3390 4978 3289 
f 1036 3289 4978 
f 4621 4541 4041 
f 4190 4912 4192 
f 1555 4192 4912 
f 3582 3293 2849 
f 4276 3579 3460 
f 2439 3000 1211 
f 3003 1211 3000 
f 4915 4869 73 
f 1389 73 4869 
f 3634 2959 3946 
f 4479 3946 2959 
f 3680 726 729 
f 2247 3508 4654 
f 1863 4654 3508 
f 1590 4097 1588 
f 4096 1588 4097 
f 1844 3640 1843 
f 4878 3053 3293 
f 4934 4679 4884 
f 4593 3556 3984 
f 2267 3039 3556 
f 4862 4889 733 
f 2942 3484 3485 
f 2615 2618 4252 
f 4707 1832 4930 
f 2040 4930 1832 
f 2092 4512 3923 
f 4061 3850 3091 
f 434 2777 431 
f 3286 431 2777 
f 4210 2085 1607 
f 1883 1881 3975 
f 2678 4726 4727 
f 3328 1064 1747 
f 3459 1436 1439 
f 3021 1912 472 
f 4582 569 567 
f 4172 3821 1265 
f 3217 1265 3821 
f 3958 3957 4874 
f 4710 4874 3957 
f 2816 2817 814 
f 816 814 2817 
f 1539 4979 1353 
f 4775 1353 4979 
f 942 943 4950 
f 1923 1925 4125 
f 2257 4125 1925 
f 4142 3918 1239 
f 2440 1643 2238 
f 2050 2927 4201 
f 1260 4036 4838 
f 505 4376 2706 
f 3956 4376 4568 
f 505 4568 4376 
f 2733 3883 2435 
f 3028 3031 2229 
f 4879 4682 3708 
f 2848 2047 2048 
f 1571 3783 2976 
f 567 208 4582 
f 2977 2975 4066 
f 4058 4066 2975 
f 1193 1333 1317 
f 4824 4104 3499 
f 1840 1838 389 
f 2276 4459 3119 
f 2405 4864 4963 
f 4949 4963 4864 
f 2408 1697 2783 
f 4224 4226 377 
f 534 1282 533 
f 2355 533 1282 
f 2322 3152 4899 
f 1849 564 1847 
f 1841 4161 1911 
f 3248 4858 3247 
f 1506 2329 4213 
f 4721 4213 2329 
f 3635 1303 1306 
f 1765 3197 123 
f 1439 554 1764 
f 4139 1683 1681 
f 3900 1513 1318 
f 2795 2793 3201 
f 3185 3925 1297 
f 4150 2405 4833 
f 4864 2405 4150 
f 3407 4150 4833 
f 3916 2777 434 
f 4875 4780 4316 
f 2767 955 958 
f 2839 1612 4496 
f 564 1849 3406 
f 3568 4367 3972 
f 3362 3360 2338 
f 2407 2338 3360 
f 4285 4286 4583 
f 4024 4225 479 
f 57 1894 4016 
f 4138 2259 375 
f 372 375 2259 
f 469 470 3880 
f 896 1875 412 
f 1770 1366 1758 
f 802 4419 4673 
f 4840 1818 3969 
f 3638 2093 4415 
f 2093 3638 2090 
f 4414 2342 2341 
f 2091 4860 2093 
f 499 2634 2632 
f 1943 4944 1942 
f 4449 1942 4944 
f 896 1623 2007 
f 4817 4424 2858 
f 4833 4876 1429 
f 4980 4811 13 
f 4219 1023 4773 
f 4248 3777 2119 
f 4413 4542 4435 
f 236 237 4337 
f 3110 3650 3112 
f 2835 3250 2574 
f 4511 4512 2301 
f 4173 3040 3038 
f 2779 2780 4176 
f 3015 864 865 
f 1415 1722 512 
f 552 2651 1763 
f 454 4778 4777 
f 4821 3060 1392 
f 2667 1437 1438 
f 1027 943 2633 
f 2058 2059 4117 
f 4687 4117 2059 
f 4667 1888 1404 
f 3072 3713 3966 
f 4692 3966 3713 
f 1619 3813 4571 
f 2628 2626 2759 
f 1917 1918 2144 
f 3782 455 453 
f 1448 1669 137 
f 4958 612 852 
f 4978 3390 3861 
f 781 2929 778 
f 2236 2234 4709 
f 2158 3270 1767 
f 2157 4084 2804 
f 563 3624 3901 
f 4437 1510 4545 
f 4824 3499 3970 
f 3690 1478 3266 
f 3022 475 2139 
f 4391 2476 3935 
f 1417 1741 1744 
f 4908 378 4911 
f 376 4911 378 
f 2570 3344 3078 
f 3075 4871 3118 
f 4217 1814 4212 
f 104 4374 4537 
f 1303 4537 4374 
f 1038 4978 3861 
f 1036 4978 1038 
f 2026 4657 3745 
f 1607 1605 4210 
f 4699 2132 4817 
f 2135 4817 2132 
f 2465 4922 2467 
f 3284 2136 475 
f 729 1596 1597 
f 987 989 4162 
f 4560 4162 989 
f 1806 4006 4170 
f 4428 1146 3030 
f 4584 3938 4884 
f 1040 680 678 
f 2556 2398 2396 
f 1684 1771 4707 
f 3813 1619 2282 
f 2634 3985 490 
f 688 1713 4624 
f 3735 3736 4933 
f 4870 2396 2397 
f 4790 1041 69 
f 752 4057 3335 
f 1836 4214 3287 
f 3332 4147 2916 
f 4624 591 4799 
f 4606 4870 2397 
f 1284 1373 1194 
f 3790 3791 4099 
f 1704 4440 1706 
f 4051 2952 2954 
f 811 2906 96 
f 4040 4939 4859 
f 3484 1525 1523 
f 3774 3775 4941 
f 1540 4941 3775 
f 4725 1750 1751 
f 902 900 1465 
f 3558 2096 3100 
f 4962 2204 3485 
f 1529 3315 1531 
f 105 2373 104 
f 1856 104 2373 
f 1556 4434 1905 
f 3674 4368 2134 
f 4244 2569 4926 
f 4921 4870 4606 
f 1438 2567 2754 
f 70 68 4113 
f 3675 3678 2068 
f 3502 569 4582 
f 4116 4117 4687 
f 2078 1475 1474 
f 473 895 475 
f 2113 2114 4605 
f 3513 4604 4606 
f 750 4742 731 
f 450 4679 4934 
f 4574 4699 4576 
f 4817 4576 4699 
f 1276 1279 4838 
f 2667 1438 2754 
f 4891 3025 3810 
f 3559 4640 4577 
f 4622 3341 3343 
f 4958 852 1243 
f 2113 4604 2115 
f 3514 2115 4604 
f 4049 4787 4906 
f 4677 4906 4787 
f 3145 3144 3547 
f 1237 2313 2311 
f 3988 4030 3767 
f 416 414 3238 
f 3290 4196 1835 
f 2277 2278 3740 
f 2445 4747 4825 
f 1138 3273 1140 
f 1877 4703 4535 
f 4100 4535 4703 
f 1400 2070 3992 
f 4132 4771 4893 
f 4862 910 4889 
f 547 1962 4953 
f 4961 4953 1962 
f 4348 2741 4345 
f 2066 4507 3679 
f 1213 3212 4931 
f 3844 4931 3212 
f 1231 892 895 
f 2994 2542 2541 
f 1683 4139 4267 
f 3833 2098 225 
f 2469 177 2470 
f 4964 1210 1208 
f 4235 4853 1052 
f 103 4954 4180 
f 2058 3264 2024 
f 4774 4956 2486 
f 2996 4588 2739 
f 3716 1727 2508 
f 3896 4043 4970 
f 3085 2524 2910 
f 2859 4278 4576 
f 4915 73 74 
f 2365 1872 4815 
f 4060 4059 4653 
f 4094 4653 4059 
f 2907 2905 4044 
f 809 4044 2905 
f 3556 2266 2267 
f 2848 3450 2047 
f 2961 2964 212 
f 3389 3031 3029 
f 3635 1306 1792 
f 2747 4752 2744 
f 4738 4715 4714 
f 2615 4252 3222 
f 3679 3222 4252 
f 3553 4295 4296 
f 1013 1011 4744 
f 2062 1148 1151 
f 3005 656 4499 
f 438 1479 437 
f 4439 2314 1706 
f 4970 484 3896 
f 3760 2822 1750 
f 4548 1589 1025 
f 1024 1025 1589 
f 992 990 2926 
f 1977 3614 3967 
f 3415 3413 4644 
f 464 4005 4003 
f 3953 4284 3952 
f 281 4702 283 
f 4796 2994 2541 
f 1965 4504 1975 
f 3381 4611 4892 
f 1279 4924 4680 
f 3847 4714 3687 
f 3847 3687 2392 
f 4146 4147 3332 
f 4738 4714 3847 
f 2818 2816 4928 
f 2520 4822 2519 
f 2466 4547 2465 
f 4763 2465 4547 
f 2066 2067 4507 
f 883 1965 1975 
f 336 2015 4119 
f 3111 4119 2015 
f 213 214 2368 
f 2757 2359 2755 
f 4862 733 2474 
f 4142 1239 1242 
f 2181 2180 3177 
f 2770 3177 2180 
f 1021 4337 608 
f 4703 1880 4139 
f 4551 3845 3808 
f 4184 3501 4015 
f 1604 4466 1992 
f 4656 4270 4712 
f 4961 1962 2393 
f 1382 4700 2797 
f 3649 724 4489 
f 3168 2783 2784 
f 1125 1260 4838 
f 1544 56 280 
f 3647 724 3649 
f 2983 4362 1978 
f 3966 808 3965 
f 4930 1684 4707 
f 4297 4248 2119 
f 4927 272 270 
f 2427 4803 2428 
f 781 818 1609 
f 4532 2312 2232 
f 3589 3590 4145 
f 3101 1656 4423 
f 4423 4045 3098 
f 1733 3932 1391 
f 4529 3837 4528 
f 3167 3168 3987 
f 4892 4962 2781 
f 1746 1747 3895 
f 313 3786 2264 
f 4105 2264 3786 
f 2303 4846 4511 
f 4288 4793 4828 
f 1599 4053 1600 
f 1365 663 4730 
f 333 331 1922 
f 1459 4194 4843 
f 4271 4843 4194 
f 4170 3463 1806 
f 4200 4548 3947 
f 1025 3947 4548 
f 627 4177 4178 
f 3735 4933 2867 
f 1685 4567 1633 
f 93 4158 4586 
f 3317 4964 3316 
f 4415 401 3638 
f 3525 1455 4734 
f 716 714 2930 
f 612 4958 2675 
f 1805 1806 3465 
f 4320 3019 4318 
f 424 427 1606 
f 4209 1606 427 
f 3463 2438 2436 
f 882 885 813 
f 1837 2226 4907 
f 2048 4907 2226 
f 2127 1306 1304 
f 2213 3370 4181 
f 2953 2952 4531 
f 1329 1332 1262 
f 2900 4530 4379 
f 1767 468 2159 
f 1518 4305 3106 
f 2778 4962 3485 
f 3543 4459 449 
f 4075 4168 4277 
f 2290 3496 4135 
f 4505 1359 953 
f 4950 709 4866 
f 1255 4866 709 
f 946 3740 3739 
f 3471 4610 3470 
f 3262 3461 3261 
f 419 1898 3990 
f 364 4517 3496 
f 4406 1366 4068 
f 3973 1620 2550 
f 4981 4979 1539 
f 4888 3610 4736 
f 1515 4813 3178 
f 4383 3178 4813 
f 4561 227 4875 
f 2386 3245 4589 
f 4665 1365 3531 
f 3085 459 4598 
f 3851 4598 459 
f 251 3392 4769 
f 4634 1537 1540 
f 1675 1678 3792 
f 2015 4751 3111 
f 3113 3111 4751 
f 3287 3290 1836 
f 2044 4020 2043 
f 2102 2043 4020 
f 4900 4809 1012 
f 683 4903 4857 
f 4480 4790 70 
f 4621 2393 2394 
f 1907 2074 4179 
f 4932 2004 4018 
f 1505 4791 2826 
f 3887 2826 4791 
f 4650 2290 4135 
f 4002 309 307 
f 518 4866 1255 
f 3944 4949 4864 
f 4821 4820 4026 
f 4852 4982 4925 
f 4919 4925 4982 
f 1351 4594 1348 
f 3186 1348 4594 
f 4983 4717 4975 
f 4716 4975 4717 
f 4760 4362 2983 
f 2576 3252 1290 
f 1524 1290 3252 
f 2349 2256 1920 
f 4865 3944 4864 
f 3860 3858 4662 
f 3390 4662 3858 
f 1656 3101 2515 
f 4449 4109 3696 
f 4984 3696 4109 
f 803 1268 4186 
f 2655 4067 4453 
f 4736 3019 2033 
f 4325 1343 1342 
f 4344 444 4025 
f 1500 3332 4242 
f 4941 1538 2236 
f 1354 2236 1538 
f 4192 3688 4685 
f 3398 2041 607 
f 4840 3969 4301 
f 1417 1418 1741 
f 4563 661 2316 
f 1701 4965 3228 
f 1421 3228 4965 
f 3435 1125 4838 
f 4574 1774 4699 
f 3025 4891 4684 
f 4873 1891 1894 
f 2960 3635 1792 
f 4319 1349 4359 
f 3045 4751 4454 
f 4343 2215 4270 
f 1692 2409 2930 
f 3703 2984 436 
f 3005 1531 3683 
f 281 3664 4702 
f 3727 2857 4765 
f 2112 4765 2857 
f 2981 3134 2979 
f 4907 4515 2246 
f 4514 2246 4515 
f 1876 2185 2186 
f 4027 4029 3553 
f 4710 1957 4874 
f 1955 4874 1957 
f 4481 3237 3236 
f 4469 89 92 
f 336 3372 335 
f 4650 4935 4691 
f 3204 3203 4608 
f 4128 634 637 
f 2346 4201 2345 
f 4854 3798 2061 
f 2677 1431 2679 
f 3574 923 924 
f 1576 1753 1754 
f 1581 1583 2833 
f 4384 4383 4813 
f 3838 2725 3853 
f 4693 3354 4695 
f 4600 4695 3354 
f 1197 1198 1326 
f 2841 4024 477 
f 896 2007 1875 
f 692 4054 689 
f 4377 689 4054 
f 4878 3293 3582 
f 2874 4965 1701 
f 1303 3635 4537 
f 3070 4972 1430 
f 4149 1430 4972 
f 2601 2727 2725 
f 3702 3963 3961 
f 2993 2408 3109 
f 4718 2872 58 
f 4026 314 1499 
f 1910 222 220 
f 2043 4960 2045 
f 1593 2530 4681 
f 2953 1935 1933 
f 3192 4305 4282 
f 3709 1569 4879 
f 4839 4198 4729 
f 3159 1475 2079 
f 3642 4741 4740 
f 2928 2438 4502 
f 4802 1777 2444 
f 4931 3844 425 
f 3822 3817 2714 
f 1326 1325 1197 
f 999 4778 2059 
f 2175 3066 4506 
f 4872 4289 4635 
f 1606 4209 4208 
f 365 363 1468 
f 3484 2942 4792 
f 4240 4792 2942 
f 4058 1595 4066 
f 2975 2976 4069 
f 4910 676 674 
f 4448 4272 4816 
f 1898 419 1900 
f 422 1900 419 
f 2553 2556 2396 
f 2610 4980 13 
f 4006 2743 244 
f 48 244 2743 
f 2122 2630 2121 
f 1010 1013 4806 
f 4545 665 4437 
f 2823 2041 3398 
f 1446 4402 1450 
f 4976 4977 1815 
f 4985 1815 4977 
f 3381 4892 2781 
f 1640 2461 1637 
f 2941 2942 4007 
f 25 23 2587 
f 1274 4633 3658 
f 1065 3328 1145 
f 2087 2088 3497 
f 3265 2058 4117 
f 688 4624 4799 
f 4407 3672 2909 
f 1749 2909 3672 
f 1759 3086 4980 
f 4811 4980 3086 
f 3165 404 2654 
f 4352 2868 2462 
f 3863 4932 4018 
f 3382 4865 4149 
f 2820 2819 949 
f 4642 4356 4641 
f 381 4293 742 
f 280 2583 1544 
f 55 2872 3173 
f 3834 376 379 
f 3991 4266 379 
f 1486 757 2876 
f 4759 3970 3642 
f 4827 2228 2229 
f 2082 1575 407 
f 1143 1146 4428 
f 2886 1729 952 
f 4181 4865 3382 
f 2344 3834 379 
f 4175 4028 4027 
f 2063 94 4205 
f 4612 1672 4185 
f 2111 11 20 
f 4102 294 4210 
f 1610 4719 527 
f 427 3157 4330 
f 1293 2576 1290 
f 4656 4712 1170 
f 3463 4170 2438 
f 4541 4134 4610 
f 4981 4986 4979 
f 4775 4979 4986 
f 4488 4890 4443 
f 2062 4443 4890 
f 4021 4023 4987 
f 4956 4987 4023 
f 1514 1620 3898 
f 1924 4354 3371 
f 2429 4899 2431 
f 3197 1765 2652 
f 3697 3696 4984 
f 4719 1610 2367 
f 872 1709 1710 
f 2394 3687 4131 
f 3916 434 4039 
f 153 4592 2490 
f 4449 3696 1942 
f 676 4486 4487 
f 3919 4988 4564 
f 4618 4564 4988 
f 2464 2467 2114 
f 365 1468 4801 
f 1310 3543 4934 
f 3367 3366 3417 
f 1553 1556 1905 
f 3113 4751 3045 
f 1569 3709 3784 
f 3743 2294 4179 
f 3779 4855 4856 
f 1337 3201 1284 
f 2790 721 3838 
f 4760 2081 4362 
f 2145 4584 2187 
f 88 1520 85 
f 3583 2225 1835 
f 2026 4572 2765 
f 4075 3114 4168 
f 554 552 1763 
f 4576 4817 2858 
f 4148 4916 4887 
f 273 271 3304 
f 1524 1522 4856 
f 454 452 4778 
f 4648 3876 14 
f 1588 1026 1024 
f 4724 3184 3182 
f 4733 1328 1327 
f 1863 1864 4654 
f 4933 46 3729 
f 1876 2186 993 
f 432 3162 4038 
f 1444 1447 3557 
f 3080 2586 4651 
f 4797 4359 3180 
f 1281 1970 1280 
f 4035 2518 3394 
f 2975 4069 4058 
f 3156 3157 427 
f 4156 2488 4592 
f 4989 4966 4834 
f 4969 4834 4966 
f 1643 2441 3073 
f 3481 382 3903 
f 167 168 1566 
f 4447 1470 1472 
f 4609 2670 3372 
f 4689 2249 326 
f 3971 358 359 
f 4232 1947 2060 
f 1173 4207 4656 
f 3138 3661 2768 
f 4307 2339 3881 
f 4590 4427 3988 
f 3746 4891 683 
f 3194 2390 1302 
f 1299 1302 2390 
f 1551 1552 1773 
f 3272 3273 1138 
f 2605 394 392 
f 3951 3626 3408 
f 1322 1326 1328 
f 1759 4980 2610 
f 1506 936 4048 
f 4931 1215 1213 
f 1307 2665 1367 
f 2785 2426 2428 
f 3108 2627 2625 
f 236 4337 1021 
f 4724 3683 3184 
f 2964 2962 2916 
f 4774 4987 4956 
f 4928 3445 3447 
f 2490 4651 153 
f 2465 4763 4922 
f 4138 4922 4763 
f 4711 1935 1903 
f 2439 1211 1209 
f 2731 1777 4802 
f 2605 392 4823 
f 749 1456 3180 
f 3625 1572 1570 
f 958 956 1821 
f 4706 3933 4548 
f 1403 2787 1405 
f 4720 3595 3596 
f 4164 2255 2256 
f 4520 2203 4894 
f 1502 1500 4242 
f 4887 2801 4148 
f 2393 4620 4961 
f 4063 4911 226 
f 376 226 4911 
f 4732 3887 3469 
f 2826 3887 4732 
f 4106 4108 4960 
f 2752 2667 2754 
f 4717 4885 3467 
f 3469 3467 4885 
f 3072 3073 3713 
f 709 3114 1255 
f 2523 2524 4597 
f 4491 2211 3026 
f 4809 3165 2654 
f 4947 4154 4917 
f 4100 4703 1682 
f 3869 4731 2578 
f 1053 2578 4731 
f 4880 4881 4973 
f 4990 4973 4881 
f 4973 4975 4880 
f 4716 4880 4975 
f 4983 4975 4974 
f 4991 4717 4983 
f 4885 4717 4991 
f 2483 2489 2485 
f 4847 4885 4991 
f 467 4005 464 
f 4895 2626 4976 
f 2092 4608 2091 
f 4785 3255 3254 
f 4836 2210 4972 
f 4149 4972 3382 
f 3894 4915 74 
f 4010 1311 1314 
f 4967 4983 4969 
f 4974 4969 4983 
f 4967 4991 4983 
f 4968 4847 4991 
f 4968 4991 4967 
f 1508 2190 4591 
f 2301 2303 4511 
f 2122 557 2630 
f 4989 4968 4966 
f 4847 4968 4989 
f 2399 4847 4989 
f 4846 4847 2399 
f 2400 4846 2399 
f 2588 1979 25 
f 4361 25 1979 
f 2891 2889 720 
f 4492 3024 3027 
f 1574 2082 2080 
f 1540 1538 4941 
f 4992 4217 2913 
f 2868 4708 583 
f 2790 3838 3853 
f 2750 3710 2789 
f 1364 1365 4665 
f 1406 1628 1312 
f 3316 4659 1579 
f 4728 2092 3923 
f 3680 1461 4843 
f 4535 1879 1877 
f 3070 3071 4837 
f 4406 4437 1363 
f 736 2716 4235 
f 3027 1557 4601 
f 2123 2758 4895 
f 3596 4759 4720 
f 4013 4182 4012 
f 2897 2664 4734 
f 4594 1351 3611 
f 2677 2678 3071 
f 4560 58 1542 
f 1544 1542 58 
f 4260 4378 3980 
f 1518 2260 1517 
f 3781 455 3782 
f 2986 3514 4008 
f 4310 2464 4424 
f 2114 4424 2464 
f 3173 4873 1894 
f 4488 4081 4890 
f 1638 4807 4352 
f 4046 2520 2716 
f 3055 365 4801 
f 2123 4217 4992 
f 4374 1854 1303 
f 2916 4873 2964 
f 3393 3391 4783 
f 1933 1936 2117 
f 143 141 1521 
f 2481 2479 3688 
f 3839 4000 2603 
f 4083 1862 3337 
f 4827 2229 3387 
f 4677 4787 3357 
f 3863 3864 4932 
f 4921 2555 4870 
f 3230 4315 1042 
f 1214 2902 1213 
f 3740 1183 4245 
f 4231 3971 359 
f 3180 1454 4797 
f 3513 4606 2397 
f 2009 4342 1850 
f 2656 2655 4453 
f 527 525 1608 
f 1665 1545 4918 
f 4851 1321 4852 
f 1815 4852 1321 
f 358 2987 360 
f 4993 4021 4986 
f 4987 4986 4021 
f 3234 4782 3235 
f 4605 4921 4606 
f 4614 3758 4237 
f 3147 633 3215 
f 644 3215 633 
f 1573 1576 1754 
f 2722 2723 4786 
f 4924 1279 4900 
f 3959 4115 3960 
f 4821 911 4370 
f 2923 3779 3498 
f 2475 557 2122 
f 4112 4384 2999 
f 4451 2939 3825 
f 1267 801 4831 
f 4905 4937 3561 
f 3802 3561 4937 
f 1015 1016 3188 
f 1297 1295 3185 
f 926 927 4191 
f 3684 4545 1449 
f 4575 1772 4574 
f 3821 4172 1778 
f 3978 3781 2745 
f 1328 4733 1895 
f 4006 1806 1804 
f 1814 4976 1815 
f 4225 4749 4776 
f 719 3256 3258 
f 4632 4346 4633 
f 4611 3381 1956 
f 4391 3933 4706 
f 2235 1352 4944 
f 4872 4290 4289 
f 4366 3059 3505 
f 3956 689 4377 
f 3948 4928 3447 
f 1888 3506 1890 
f 558 3887 4791 
f 4988 4992 3190 
f 2913 3190 4992 
f 4105 4970 2264 
f 4602 3769 4533 
f 2785 1219 4501 
f 1065 1064 3328 
f 4377 4376 3956 
f 3675 3679 4252 
f 4198 4839 4118 
f 4327 4710 3957 
f 4940 4710 4327 
f 3471 4940 4943 
f 4710 4940 3471 
f 1674 4129 1672 
f 3471 4943 4610 
f 3079 3081 2593 
f 4022 2593 3081 
f 4326 2593 4022 
f 4327 4326 4022 
f 4938 4327 4022 
f 4327 4938 4940 
f 2519 4818 2521 
f 1608 1063 215 
f 203 4343 3547 
f 4949 3944 3946 
f 3080 4994 4023 
f 4957 4023 4994 
f 4023 3081 3080 
f 3511 3010 3864 
f 4993 4938 4022 
f 4993 4022 4021 
f 4993 4859 4938 
f 4956 4023 4957 
f 4592 153 154 
f 4981 4859 4993 
f 4981 4993 4986 
f 4981 4829 4859 
f 4994 4651 4957 
f 3209 4229 3208 
f 4898 4607 3203 
f 1965 4505 4504 
f 1292 1524 4856 
f 4764 3750 3749 
f 4986 4987 4775 
f 4774 4775 4987 
f 3952 4257 2974 
f 4829 4981 1539 
f 4111 4984 4109 
f 4880 4716 4882 
f 3468 4882 4716 
f 1383 4805 4706 
f 4002 4658 3124 
f 558 3466 3887 
f 4947 4917 4727 
f 3230 1465 4315 
f 1358 1359 1866 
f 4307 1487 4306 
f 4472 4306 1487 
f 3302 844 842 
f 2784 3986 3168 
f 2123 4895 4217 
f 1814 4217 4895 
f 4033 1848 1847 
f 1794 4384 4112 
f 3337 2890 4083 
f 4608 2092 4728 
f 3729 2864 4933 
f 4695 4600 3776 
f 1293 1291 4140 
f 2811 2809 2861 
f 483 486 4565 
f 2813 1513 3900 
f 779 4371 4435 
f 3462 4019 3461 
f 4105 484 4970 
f 1195 1193 3814 
f 4447 3621 1470 
f 3506 1888 3508 
f 4353 4354 4481 
f 1561 2283 2281 
f 2279 2832 3750 
f 496 3750 2832 
f 1935 4711 4164 
f 4910 4538 4909 
f 4995 4014 4982 
f 1665 4982 4014 
f 2439 1209 2436 
f 2078 4753 4497 
f 4568 1842 3956 
f 4689 3397 3396 
f 3280 1199 3279 
f 2121 2758 2123 
f 3800 3798 4854 
f 1532 2086 4249 
f 374 4792 4240 
f 4791 4048 560 
f 4919 4982 1665 
f 3924 4728 3923 
f 3802 3352 3350 
f 558 4791 560 
f 989 988 4718 
f 2874 4335 4965 
f 1001 2820 949 
f 1604 424 1606 
f 559 2473 750 
f 4742 750 2473 
f 1830 4854 2061 
f 2992 4946 238 
f 2213 4181 3382 
f 4835 4881 1799 
f 2717 3411 394 
f 1797 4835 1799 
f 4990 4881 4973 
f 4974 4881 4835 
f 4969 4974 4835 
f 4969 4835 4834 
f 4492 4491 3026 
f 1298 2401 1797 
f 1296 2401 1298 
f 4154 2212 4837 
f 2401 4989 4834 
f 2399 4989 2401 
f 1296 1297 2400 
f 4111 2489 3748 
f 3411 2717 3637 
f 3116 3015 3013 
f 2825 2826 4732 
f 4958 1243 1816 
f 3551 4296 4622 
f 4154 4153 2212 
f 2211 2212 4153 
f 2314 4439 4303 
f 2133 3622 4309 
f 512 1959 4299 
f 3966 4692 808 
f 4663 4446 1472 
f 4338 3777 1576 
f 4882 2214 1799 
f 4472 1487 1485 
f 3258 3257 3997 
f 901 899 4397 
f 3248 3246 3924 
f 3839 2725 3838 
f 4922 4138 2555 
f 1359 4505 1963 
f 1539 1354 1538 
f 4696 2234 2628 
f 1438 1436 4580 
f 2466 2464 4310 
f 1363 1366 4406 
f 2386 4589 1482 
f 676 4910 4486 
f 4663 1140 4546 
f 4547 4546 1140 
f 1669 1671 3311 
f 2632 3657 501 
f 4017 2756 2755 
f 4668 4984 4259 
f 4111 4259 4984 
f 2043 4106 4960 
f 1885 4356 4642 
f 3960 963 304 
f 4510 2122 2120 
f 228 3821 1778 
f 4617 1666 1664 
f 4919 4904 4850 
f 1886 4700 1382 
f 1941 4579 3108 
f 4996 3108 4579 
f 4281 4592 154 
f 4297 1921 3979 
f 4651 4994 3080 
f 3776 4694 4695 
f 2486 4955 4957 
f 4863 4952 3921 
f 2627 3108 4977 
f 4996 4977 3108 
f 3813 4334 3811 
f 2805 2803 3123 
f 3717 827 830 
f 1355 2486 2484 
f 1353 4775 1355 
f 524 4163 526 
f 1354 1539 1353 
f 3311 3312 1669 
f 454 4777 2007 
f 4601 4492 3027 
f 4689 326 3397 
f 3228 1422 1703 
f 1990 1059 3797 
f 4564 4618 232 
f 381 3483 4293 
f 4006 1804 2743 
f 4944 4110 4449 
f 2472 4952 4863 
f 3234 4929 4920 
f 2492 4669 1728 
f 3697 4984 4668 
f 3697 4668 4669 
f 1943 2235 4944 
f 1674 715 716 
f 2282 4334 3813 
f 3975 2731 4802 
f 2494 4669 2492 
f 4997 3697 4669 
f 4997 4669 2494 
f 1944 3697 4997 
f 4851 4623 1320 
f 4814 3653 4815 
f 4617 2494 2493 
f 4998 4997 2494 
f 4998 2494 4617 
f 4867 1944 4997 
f 4867 4997 4998 
f 4677 4937 4905 
f 3305 2722 4786 
f 3846 3845 4551 
f 4999 4998 4617 
f 4999 4617 1664 
f 5000 4867 4998 
f 5000 4998 4999 
f 4579 4867 5000 
f 3922 4992 3919 
f 4988 3919 4992 
f 3057 3055 4801 
f 4988 3190 4618 
f 4608 4728 3204 
f 4014 4999 1664 
f 4995 5000 4999 
f 4995 4999 4014 
f 4996 4579 5000 
f 4996 5000 4995 
f 4564 3921 3919 
f 1474 3239 2078 
f 4954 3945 3944 
f 4985 4996 4995 
f 4985 4995 4982 
f 4977 4996 4985 
f 1889 1890 3004 
f 4884 2666 4934 
f 4839 2004 4616 
f 2797 2095 2096 
f 1665 4918 4919 
f 3921 4563 2316 
f 4852 4985 4982 
f 1815 4985 4852 
f 3101 4423 3098 
f 909 4862 2316 
f 1544 58 56 
f 1814 4895 4976 
f 4306 4127 3359 
f 2342 4414 1447 
f 3922 2123 4992 
f 4907 1582 4515 
f 1731 1497 1495 
f 4863 3921 2316 
f 3944 4865 4954 
f 750 4882 3468 
f 4882 750 748 
f 2214 4882 748 
f 4491 2213 2211 
f 4947 3249 4154 
f 4446 4663 4546 
