#  wavefront obj file written by the visualization toolkit

mtllib rightkidney.mtl

v 141.48800659179688 230.06300354003906 264.8450012207031
v 139.66700744628906 228.5800018310547 263.6239929199219
v 141.6490020751953 228.71400451660156 262.8949890136719
v 138.73800659179688 230.0989990234375 265.0249938964844
v 145.4669952392578 250.1280059814453 243.42599487304688
v 147.12600708007812 247.8260040283203 247.51800537109375
v 144.83900451660156 251.6540069580078 248.0780029296875
v 148.4290008544922 246.1300048828125 242.89999389648438
v 143.98699951171875 226.4029998779297 219.04299926757812
v 143.7530059814453 226.98300170898438 218.5050048828125
v 143.30299377441406 226.42999267578125 219.0679931640625
v 144.8489990234375 226.86900329589844 218.83200073242188
v 142.54200744628906 227.07000732421875 218.85699462890625
v 143.33999633789062 224.4029998779297 253.77200317382812
v 145.01699829101562 224.49099731445312 252.89100646972656
v 144.3179931640625 224.39300537109375 254.4530029296875
v 143.8719940185547 224.6479949951172 251.7429962158203
v 103.37200164794922 241.39700317382812 260.0350036621094
v 106.06300354003906 241.58200073242188 255.66900634765625
v 103.27100372314453 243.50900268554688 258.57000732421875
v 105.1240005493164 237.43800354003906 260.4179992675781
v 112.48300170898438 252.30299377441406 245.18499755859375
v 110.99700164794922 257.53900146484375 250.0070037841797
v 109.72200012207031 250.86300659179688 250.72000122070312
v 114.13400268554688 258.7090148925781 245.27699279785156
v 140.4739990234375 264.8059997558594 299.8070068359375
v 141.156005859375 264.5369873046875 299.9419860839844
v 140.7989959716797 264.9330139160156 298.7909851074219
v 140.4810028076172 264.364013671875 300.77801513671875
v 146.45899963378906 226.1199951171875 255.61599731445312
v 147.44000244140625 227.98800659179688 255.88099670410156
v 146.6199951171875 227.08999633789062 257.98199462890625
v 147.20399475097656 227.30799865722656 254.03799438476562
v 131.14999389648438 241.1790008544922 254.718994140625
v 131.71299743652344 241.51699829101562 255.42799377441406
v 131.10899353027344 242.01499938964844 254.98399353027344
v 132.0959930419922 240.64100646972656 255.031005859375
v 132.98699951171875 258.5220031738281 283.3919982910156
v 133.52699279785156 257.8760070800781 283.4519958496094
v 133.406005859375 258.260009765625 284.6709899902344
v 133.28199768066406 258.2409973144531 282.2829895019531
v 143.6280059814453 227.79800415039062 218.20799255371094
v 134.38900756835938 239.21800231933594 251.8350067138672
v 134.86099243164062 238.8280029296875 252.93099975585938
v 134.94400024414062 239.35400390625 251.2480010986328
v 134.3820037841797 238.69700622558594 251.78199768066406
v 149.5659942626953 211.01199340820312 234.79100036621094
v 148.07000732421875 209.64500427246094 239.04600524902344
v 151.16000366210938 210.3939971923828 238.6179962158203
v 146.61099243164062 210.4239959716797 235.22900390625
v 144.49200439453125 227.6750030517578 218.1909942626953
v 111.59400177001953 266.89300537109375 263.0090026855469
v 113.52300262451172 271.156005859375 260.9630126953125
v 113.36299896240234 270.3450012207031 266.8609924316406
v 111.01000213623047 265.8970031738281 257.5450134277344
v 145.6219940185547 227.88900756835938 218.5540008544922
v 148.94700622558594 243.822998046875 276.40899658203125
v 145.8800048828125 245.33799743652344 273.5679931640625
v 147.26400756835938 244.6219940185547 279.39300537109375
v 148.1179962158203 245.18600463867188 271.64300537109375
v 136.1739959716797 235.98199462890625 249.92999267578125
v 135.05499267578125 236.2779998779297 250.87899780273438
v 135.29600524902344 236.8780059814453 249.4029998779297
v 136.0850067138672 235.0290069580078 251.50399780273438
v 139.51600646972656 263.81500244140625 288.7980041503906
v 138.81900024414062 264.6059875488281 289.8489990234375
v 140.14199829101562 264.5150146484375 290.81500244140625
v 138.17999267578125 263.8609924316406 288.343994140625
v 117.14600372314453 280.16900634765625 275.6940002441406
v 120.84100341796875 282.52398681640625 275.87799072265625
v 115.9530029296875 280.06298828125 280.364013671875
v 121.66400146484375 280.9590148925781 271.65899658203125
v 142.76100158691406 230.6280059814453 245.41200256347656
v 142.3260040283203 231.12399291992188 244.98399353027344
v 142.7030029296875 231.50999450683594 246.02499389648438
v 142.3179931640625 230.06300354003906 244.60000610351562
v 134.18600463867188 241.9040069580078 249.1280059814453
v 134.59800720214844 241.55299377441406 250.12600708007812
v 134.16200256347656 241.1219940185547 249.2270050048828
v 134.5659942626953 242.38600158691406 250.093994140625
v 133.95399475097656 257.77099609375 282.0989990234375
v 133.63400268554688 258.44000244140625 281.29901123046875
v 130.80499267578125 244.4929962158203 277.7650146484375
v 131.75799560546875 244.7969970703125 276.9049987792969
v 131.2169952392578 245.11300659179688 277.4939880371094
v 131.56300354003906 243.8509979248047 277.17498779296875
v 109.41600036621094 258.7090148925781 255.2050018310547
v 109.69000244140625 261.0840148925781 259.0039978027344
v 108.50800323486328 257.4020080566406 259.06298828125
v 110.5479965209961 261.9100036621094 253.06199645996094
v 131.7169952392578 260.5360107421875 285.5509948730469
v 132.1820068359375 259.7200012207031 285.01300048828125
v 132.60499572753906 260.10400390625 286.5150146484375
v 131.52999877929688 260.1199951171875 284.4779968261719
v 156.66299438476562 244.64500427246094 275.7120056152344
v 158.7010040283203 245.8719940185547 276.1310119628906
v 157.18499755859375 248.1739959716797 274.9840087890625
v 158.50100708007812 243.7449951171875 276.7090148925781
v 138.79400634765625 250.16200256347656 270.7929992675781
v 140.33200073242188 250.64199829101562 271.20098876953125
v 139.86099243164062 249.5659942626953 272.5260009765625
v 139.57000732421875 251.1280059814453 269.5050048828125
v 126.38999938964844 242.9669952392578 235.24099731445312
v 126.38400268554688 243.08999633789062 236.57200622558594
v 126.43699645996094 243.69000244140625 235.3470001220703
v 126.45999908447266 242.3990020751953 236.24200439453125
v 133.7519989013672 285.6969909667969 287.2749938964844
v 140.09500122070312 282.6650085449219 287.3190002441406
v 136.21499633789062 285.29400634765625 291.95098876953125
v 135.72900390625 284.2919921875 283.1820068359375
v 113.52100372314453 246.77499389648438 241.33900451660156
v 111.19599914550781 246.13800048828125 247.82200622558594
v 114.98400115966797 252.07899475097656 239.3350067138672
v 145.08799743652344 228.843994140625 218.3179931640625
v 130.16299438476562 284.2909851074219 277.6709899902344
v 131.04200744628906 285.89801025390625 282.5740051269531
v 127.15699768066406 286.2200012207031 282.4960021972656
v 133.36199951171875 283.97698974609375 278.9460144042969
v 143.0590057373047 228.8179931640625 218.3209991455078
v 157.95899963378906 230.66000366210938 257.2900085449219
v 157.20799255371094 229.197998046875 260.7330017089844
v 156.4969940185547 231.8459930419922 260.2250061035156
v 158.06500244140625 226.4510040283203 259.6080017089844
v 133.31399536132812 215.61199951171875 237.44500732421875
v 133.1790008544922 217.8990020751953 232.9499969482422
v 130.76800537109375 219.54299926757812 234.8209991455078
v 136.96299743652344 213.13699340820312 237.0019989013672
v 142.9459991455078 246.093994140625 272.5400085449219
v 141.9499969482422 243.9239959716797 267.39300537109375
v 140.46400451660156 245.343994140625 274.0769958496094
v 145.60000610351562 245.0030059814453 268.04901123046875
v 130.55299377441406 241.10699462890625 269.09100341796875
v 129.9250030517578 242.447998046875 269.8559875488281
v 131.36399841308594 241.88299560546875 270.19500732421875
v 129.18099975585938 242.01699829101562 269.4570007324219
v 142.74600219726562 247.94500732421875 274.8370056152344
v 140.79400634765625 247.322998046875 274.3320007324219
v 144.697998046875 246.81700134277344 276.2560119628906
v 130.0019989013672 250.1510009765625 260.62298583984375
v 129.89100646972656 250.8699951171875 259.9159851074219
v 130.4040069580078 250.21099853515625 259.2569885253906
v 129.63699340820312 250.9429931640625 261.12701416015625
v 139.5019989013672 243.45700073242188 271.48199462890625
v 138.81100463867188 242.51800537109375 264.2720031738281
v 134.79100036621094 242.01300048828125 251.27699279785156
v 134.71499633789062 242.95799255371094 251.1219940185547
v 136.4010009765625 258.5849914550781 282.65301513671875
v 136.73800659179688 259.48699951171875 283.2669982910156
v 136.91299438476562 258.30499267578125 284.197998046875
v 136.17300415039062 259.35400390625 281.8819885253906
v 142.89199829101562 209.43800354003906 246.7760009765625
v 140.63299560546875 210.2740020751953 241.95700073242188
v 137.15899658203125 210.9720001220703 247.66600036621094
v 146.44200134277344 209.1909942626953 244.2010040283203
v 139.5500030517578 231.43600463867188 246.03199768066406
v 140.16900634765625 231.0050048828125 244.87600708007812
v 139.5780029296875 230.64999389648438 245.83999633789062
v 140.18899536132812 231.9949951171875 245.13400268554688
v 134.13900756835938 242.71400451660156 249.0989990234375
v 134.13999938964844 243.56100463867188 249.2169952392578
v 134.5260009765625 243.17300415039062 250.0070037841797
v 133.35899353027344 243.0030059814453 248.35400390625
v 154.80099487304688 235.85000610351562 259.2860107421875
v 153.26100158691406 236.4929962158203 260.3760070800781
v 152.98899841308594 237.9029998779297 258.7829895019531
v 153.19900512695312 234.92100524902344 261.5400085449219
v 145.86199951171875 232.89999389648438 255.0749969482422
v 144.93499755859375 232.59800720214844 252.1790008544922
v 144.17100524902344 234.08200073242188 255.0469970703125
v 146.781005859375 231.52699279785156 253.73800659179688
v 155.02000427246094 242.1699981689453 277.3800048828125
v 153.80299377441406 244.27999877929688 275.6300048828125
v 157.62399291992188 242.10400390625 277.7869873046875
v 137.35899353027344 253.5399932861328 283.54400634765625
v 137.72799682617188 251.26300048828125 281.68701171875
v 138.093994140625 250.44200134277344 285.4330139160156
v 137.81100463867188 253.71299743652344 281.4389953613281
v 133.42100524902344 251.9080047607422 261.114013671875
v 133.0240020751953 252.33900451660156 261.0880126953125
v 133.41299438476562 252.5919952392578 262.385986328125
v 132.8040008544922 251.8209991455078 259.5780029296875
v 113.64800262451172 233.7899932861328 252.60299682617188
v 113.23899841308594 237.39100646972656 249.6490020751953
v 109.10900115966797 236.69500732421875 255.41299438476562
v 116.75800323486328 233.3249969482422 247.12100219726562
v 146.35299682617188 257.85400390625 294.97698974609375
v 146.31399536132812 257.82501220703125 293.12799072265625
v 145.79400634765625 258.7080078125 293.34600830078125
v 146.69200134277344 256.7019958496094 294.3450012207031
v 132.718994140625 253.71600341796875 262.9840087890625
v 132.0590057373047 253.3699951171875 261.97100830078125
v 131.15699768066406 253.8509979248047 262.9070129394531
v 132.8769989013672 252.9530029296875 261.9460144042969
v 130.79800415039062 261.0740051269531 282.18798828125
v 130.71800231933594 262.2099914550781 282.1719970703125
v 131.0970001220703 261.8800048828125 281.16900634765625
v 130.44400024414062 261.6669921875 283.1310119628906
v 133.19900512695312 249.06100463867188 264.9079895019531
v 133.62600708007812 248.74000549316406 263.61700439453125
v 133.94200134277344 249.20399475097656 264.5450134277344
v 132.78900146484375 248.67799377441406 263.8789978027344
v 127.13400268554688 242.75 274.8139953613281
v 126.55500030517578 243.4320068359375 273.2330017089844
v 127.052001953125 242.28199768066406 272.989990234375
v 126.46900177001953 244.1439971923828 274.67999267578125
v 159.68699645996094 244.48699951171875 277.2409973144531
v 147.72999572753906 241.96499633789062 305.9530029296875
v 146.1060028076172 242.04299926757812 305.5889892578125
v 147.74600219726562 243.8000030517578 308.5260009765625
v 146.71099853515625 240.32200622558594 303.81500244140625
v 147.4980010986328 229.96600341796875 253.77200317382812
v 147.6269989013672 229.86099243164062 256.2120056152344
v 146.94700622558594 230.5330047607422 251.54800415039062
v 158.8679962158203 238.5590057373047 287.531005859375
v 158.1020050048828 238.73699951171875 291.9020080566406
v 160.3419952392578 238.8249969482422 291.2439880371094
v 155.89100646972656 238.74099731445312 287.8970031738281
v 116.08899688720703 262.5719909667969 245.677001953125
v 117.01300048828125 259.62799072265625 242.12600708007812
v 119.4219970703125 262.9100036621094 243.34800720214844
v 146.2220001220703 264.6499938964844 261.64599609375
v 149.406005859375 260.3219909667969 262.0369873046875
v 147.66400146484375 265.6600036621094 267.25201416015625
v 148.94000244140625 259.6659851074219 259.7850036621094
v 133.98699951171875 245.06100463867188 250.5749969482422
v 133.31399536132812 245.76400756835938 250.7989959716797
v 133.76800537109375 245.28700256347656 251.83599853515625
v 133.51400756835938 245.24200439453125 249.5279998779297
v 150.36599731445312 209.91600036621094 249.91200256347656
v 151.38299560546875 209.8040008544922 243.77000427246094
v 145.8679962158203 209.80499267578125 251.45199584960938
v 130.78700256347656 240.83799743652344 253.5800018310547
v 130.62100219726562 241.95399475097656 253.85699462890625
v 131.4149932861328 240.3990020751953 254.28900146484375
v 131.2220001220703 264.9320068359375 286.3970031738281
v 131.83399963378906 264.3710021972656 287.4909973144531
v 132.31399536132812 265.24700927734375 286.593994140625
v 131.01199340820312 263.8089904785156 286.9289855957031
v 139.69200134277344 229.61000061035156 219.00799560546875
v 141.29600524902344 229.4550018310547 218.4219970703125
v 140.6790008544922 231.07400512695312 218.3979949951172
v 140.7429962158203 228.03500366210938 219.19000244140625
v 146.77000427246094 228.61399841308594 219.24099731445312
v 146.49400329589844 227.14999389648438 219.531005859375
v 135.6540069580078 233.7480010986328 270.32000732421875
v 134.28199768066406 233.5019989013672 268.8800048828125
v 136.41600036621094 232.0709991455078 267.6499938964844
v 134.3520050048828 234.69500732421875 270.72601318359375
v 138.72900390625 221.5659942626953 223.36700439453125
v 137.04800415039062 223.8260040283203 223.08599853515625
v 138.24000549316406 220.0679931640625 224.8730010986328
v 139.0030059814453 224.5590057373047 221.37100219726562
v 129.45199584960938 252.1219940185547 266.5589904785156
v 129.5780029296875 251.18600463867188 264.7170104980469
v 130.16700744628906 251.03900146484375 266.625
v 129.0679931640625 251.9669952392578 264.8800048828125
v 129.39500427246094 286.47698974609375 286.531005859375
v 131.8520050048828 228.03199768066406 225.05499267578125
v 129.60499572753906 229.30499267578125 226.83200073242188
v 129.78799438476562 226.8280029296875 228.218994140625
v 130.86500549316406 231.59800720214844 224.2530059814453
v 126.8550033569336 285.322998046875 295.19500732421875
v 124.46499633789062 285.8580017089844 291.7959899902344
v 128.7989959716797 286.1830139160156 291.4849853515625
v 122.99600219726562 285.2229919433594 292.6520080566406
v 157.90199279785156 262.25299072265625 321.6579895019531
v 156.48899841308594 262.67401123046875 322.843994140625
v 157.69000244140625 264.1860046386719 320.6080017089844
v 157.81700134277344 260.7749938964844 322.3550109863281
v 142.9149932861328 230.6529998779297 218.197998046875
v 143.83399963378906 262.3550109863281 254.26300048828125
v 143.947998046875 258.0190124511719 250.781005859375
v 146.42300415039062 257.7250061035156 254.41400146484375
v 141.21099853515625 261.92401123046875 250.12100219726562
v 114.84400177001953 255.74600219726562 242.02499389648438
v 117.76000213623047 256.83599853515625 238.13099670410156
v 147.58099365234375 220.32200622558594 270.7090148925781
v 145.06399536132812 215.8260040283203 266.56201171875
v 142.83599853515625 217.197998046875 271.14599609375
v 149.03900146484375 219.21099853515625 266.9360046386719
v 132.8679962158203 257.1659851074219 265.1960144042969
v 131.3699951171875 256.6570129394531 265.32000732421875
v 132.2209930419922 257.4159851074219 266.1929931640625
v 133 256.39300537109375 264.3599853515625
v 140.82000732421875 240.3509979248047 291.635986328125
v 140.30299377441406 238.5229949951172 294.60699462890625
v 141.34100341796875 239.74000549316406 296.3399963378906
v 139.8990020751953 238.51499938964844 291.0820007324219
v 134.45599365234375 232.3560028076172 266.20098876953125
v 142.62399291992188 242.2570037841797 289.11199951171875
v 142.90899658203125 241.02999877929688 292.5539855957031
v 140.44700622558594 242.3419952392578 288.56201171875
v 160.66400146484375 244.7740020751953 279.1090087890625
v 161.843994140625 243.80999755859375 281.7640075683594
v 161.46400451660156 246.5500030517578 281.489013671875
v 160.85499572753906 242.7169952392578 280.1570129394531
v 136.83900451660156 236.63499450683594 248.84300231933594
v 136.69500732421875 237.36900329589844 248.40899658203125
v 137.7530059814453 237.2220001220703 249.09500122070312
v 135.9499969482422 236.7729949951172 248.76600646972656
v 128.53500366210938 243.51499938964844 232.322998046875
v 128.677001953125 244.36099243164062 232.56700134277344
v 129.41700744628906 243.96099853515625 232.71299743652344
v 127.72799682617188 244.0070037841797 232.72500610351562
v 145.24200439453125 227.91799926757812 247.9080047607422
v 146.05799865722656 228.4510040283203 249.18499755859375
v 145.30299377441406 226.93899536132812 248.9669952392578
v 145.51800537109375 229.4739990234375 247.96400451660156
v 129.99600219726562 245.64700317382812 226.2729949951172
v 132.73399353027344 248.50599670410156 226.49600219726562
v 129.9720001220703 249.0279998779297 226.68099975585938
v 132.5070037841797 244.46600341796875 225.4669952392578
v 127.99700164794922 241.27999877929688 236.67599487304688
v 128.7449951171875 241.2830047607422 236.31199645996094
v 128.7550048828125 241.50399780273438 237.4949951171875
v 128.3509979248047 241.29100036621094 235.2100067138672
v 112.05699920654297 268.4200134277344 282.5429992675781
v 111.23699951171875 271.5639953613281 278.6300048828125
v 114.16899871826172 273.2560119628906 286.05499267578125
v 110.0459976196289 269.39898681640625 276.1990051269531
v 147.45899963378906 214.18600463867188 263.4739990234375
v 146.67999267578125 227.10800170898438 275.552001953125
v 146.29800415039062 226.54600524902344 276.9849853515625
v 146.0919952392578 229.21800231933594 276.22198486328125
v 146.7790069580078 223.4429931640625 275.64300537109375
v 127.42900085449219 244.98899841308594 236.8679962158203
v 126.99400329589844 244.5290069580078 237.0050048828125
v 127.51799774169922 244.47799682617188 238.3000030517578
v 127.08499908447266 244.8560028076172 235.21099853515625
v 145.08599853515625 230.6529998779297 218.6540069580078
v 146.2949981689453 229.9040069580078 218.99099731445312
v 137.1790008544922 238.34100341796875 248.9040069580078
v 117.4749984741211 280.00201416015625 289.343994140625
v 119.52799987792969 281.1510009765625 292.31201171875
v 118.64900207519531 277.9330139160156 293.6910095214844
v 118.7509994506836 282.98199462890625 287.9830017089844
v 141.81700134277344 230.6739959716797 244.36399841308594
v 141.656005859375 231.5679931640625 244.5659942626953
v 141.06500244140625 230.80099487304688 244.26100158691406
v 142.7519989013672 232.39999389648438 248.49099731445312
v 143.7270050048828 231.41200256347656 247.93699645996094
v 143.01499938964844 231.75100708007812 247.1959991455078
v 143.4759979248047 232.40899658203125 249.94900512695312
v 134.2449951171875 249.84800720214844 261.42401123046875
v 134.23500061035156 249.1540069580078 262.7959899902344
v 133.78399658203125 249.0760040283203 261.052001953125
v 134.57400512695312 249.69900512695312 262.3179931640625
v 145.43800354003906 254.23599243164062 251.6230010986328
v 146.8800048828125 252.572998046875 255.1529998779297
v 145.56500244140625 250.24600219726562 253.06199645996094
v 143.33999633789062 260.135986328125 296.4020080566406
v 145.03399658203125 258.593994140625 295.3070068359375
v 144.13600158691406 260.5249938964844 293.6659851074219
v 144.30099487304688 258.22601318359375 296.9849853515625
v 131.718994140625 265.5710144042969 285.8169860839844
v 132.33599853515625 265.6839904785156 285.1449890136719
v 129.4149932861328 241.13900756835938 268.50299072265625
v 128.13499450683594 241.1699981689453 269.14300537109375
v 128.9290008544922 240.18099975585938 268.25799560546875
v 142.35299682617188 231.81100463867188 218.2050018310547
v 142.55299377441406 258.6319885253906 286.5090026855469
v 139.43699645996094 260.6960144042969 286.6109924316406
v 142.48300170898438 260.81298828125 288.22100830078125
v 140.2760009765625 258.30499267578125 285.7239990234375
v 128.7259979248047 246.5959930419922 276.95098876953125
v 127.67900085449219 246.7010040283203 276.22601318359375
v 127.9749984741211 246.10000610351562 277.4779968261719
v 128.73800659179688 247.04100036621094 275.57000732421875
v 145.75900268554688 222.03399658203125 277.3489990234375
v 145.41700744628906 222.8520050048828 278.6929931640625
v 146.0500030517578 223.98199462890625 277.7099914550781
v 144.16799926757812 221.66400146484375 279.23199462890625
v 153.81300354003906 220.48399353027344 264.375
v 151.72000122070312 220.39999389648438 265.7869873046875
v 151.72000122070312 223.29299926757812 265.6619873046875
v 153.1300048828125 217.3000030517578 263.54901123046875
v 131.11399841308594 260.25201416015625 283.30999755859375
v 130.88099670410156 260.9179992675781 284.25201416015625
v 131.9510040283203 259.6929931640625 283.4289855957031
v 124.15799713134766 258.8160095214844 232.7519989013672
v 127.95999908447266 260.5260009765625 235.95599365234375
v 123.88500213623047 260.89801025390625 236.85400390625
v 127.71800231933594 258.4909973144531 232.08900451660156
v 147.38699340820312 228.9980010986328 252.7989959716797
v 147.16200256347656 228.13800048828125 252.1959991455078
v 161.91600036621094 247.302001953125 285.14599609375
v 162.60800170898438 243.4739990234375 284.56500244140625
v 139.19500732421875 256.87799072265625 297.7070007324219
v 141.61500549316406 257.8580017089844 297.9800109863281
v 140.22999572753906 259.031005859375 298.1520080566406
v 140.99099731445312 256.17498779296875 297.4909973144531
v 133.5540008544922 261.07000732421875 280.88299560546875
v 132.87399291992188 261.8340148925781 280.54998779296875
v 133.39599609375 262.10400390625 281.13299560546875
v 132.80099487304688 260.85198974609375 280.4419860839844
v 163.31900024414062 246.65699768066406 306.2669982910156
v 162.85499572753906 246.80499267578125 310.31201171875
v 162.48399353027344 251.46099853515625 306.94500732421875
v 162.593994140625 245.18899536132812 309.2040100097656
v 119.18299865722656 239.44200134277344 232.6320037841797
v 117.50499725341797 239.8780059814453 234.593994140625
v 118.5 237.56100463867188 235.33099365234375
v 118.15899658203125 241.67599487304688 232.6300048828125
v 137.2830047607422 261.6919860839844 285.5220031738281
v 136.9669952392578 262.87200927734375 284.70599365234375
v 136.53599548339844 263.4169921875 285.8919982910156
v 136.96600341796875 262.0090026855469 283.9010009765625
v 116.11299896240234 241.80099487304688 235.8000030517578
v 116.29100036621094 239.44900512695312 237.552001953125
v 127.19200134277344 263.6340026855469 241.0590057373047
v 123.00800323486328 262.9129943847656 240.96099853515625
v 140.30999755859375 259.0539855957031 246.48399353027344
v 131.71800231933594 252.19900512695312 259.1830139160156
v 130.71099853515625 252.1510009765625 259.3489990234375
v 131.19500732421875 252.66700744628906 260.07000732421875
v 131.2480010986328 251.7530059814453 258.4540100097656
v 132.29100036621094 281.0589904785156 305.718994140625
v 131.31100463867188 282.77801513671875 303.13299560546875
v 135.4530029296875 282.7699890136719 305.24200439453125
v 128.9149932861328 281.427001953125 302.302001953125
v 129.39999389648438 252.8280029296875 262.97198486328125
v 129.17100524902344 253.2830047607422 264.0409851074219
v 129.82200622558594 253.7989959716797 263.5169982910156
v 129.03799438476562 252.51499938964844 263.9460144042969
v 158.43099975585938 228.572998046875 241.3090057373047
v 159.43299865722656 224.2469940185547 244.45700073242188
v 159.31500244140625 228.5279998779297 247.8939971923828
v 158.4149932861328 225.3459930419922 238.74400329589844
v 134.71800231933594 229.61000061035156 260.71099853515625
v 135.1840057373047 229.5279998779297 263.14801025390625
v 133.9219970703125 230.62100219726562 261.8290100097656
v 135.91900634765625 228.53199768066406 260.5409851074219
v 135.40699768066406 261.6679992675781 243.3730010986328
v 138.50100708007812 258.302001953125 242.1999969482422
v 134.00100708007812 259.70001220703125 238.64100646972656
v 127.70800018310547 242.80599975585938 276.35198974609375
v 128.21200561523438 242.468994140625 276.6940002441406
v 128.16600036621094 243.16099548339844 277.51300048828125
v 127.71900177001953 242.1649932861328 274.9309997558594
v 145.24899291992188 257.0639953613281 297.6470031738281
v 145.8679962158203 256.2349853515625 297.20599365234375
v 146.11599731445312 257.13800048828125 296.8949890136719
v 145.06300354003906 255.90199279785156 297.6820068359375
v 140.47000122070312 252.38099670410156 271.0889892578125
v 139.37899780273438 252.59500122070312 269.0899963378906
v 143.61300659179688 236.3800048828125 259.6759948730469
v 142.45899963378906 237.71600341796875 258.24200439453125
v 145.2220001220703 238.61199951171875 260.2130126953125
v 143.02999877929688 235.6959991455078 256.85400390625
v 134.3249969482422 281.1289978027344 274.2340087890625
v 137.50999450683594 280.7080078125 277.49798583984375
v 131.9429931640625 242.5070037841797 255.57200622558594
v 132.85000610351562 241.4409942626953 255.4949951171875
v 136.56399536132812 239.64599609375 250.23899841308594
v 135.96600341796875 239.6529998779297 250.03700256347656
v 135.96099853515625 239.89599609375 250.98199462890625
v 136.40499877929688 239.14999389648438 249.30799865722656
v 154.93099975585938 233.18800354003906 261.3699951171875
v 152.697998046875 232.7480010986328 262.02899169921875
v 130.66799926757812 237.156005859375 223.88800048828125
v 133.10800170898438 238.80299377441406 223.03500366210938
v 130.40899658203125 241.24200439453125 225.1320037841797
v 132.9459991455078 236.21499633789062 221.9409942626953
v 127.58100128173828 238.85000610351562 270.239013671875
v 127.46199798583984 239.53500366210938 269.8999938964844
v 127.89700317382812 238.99400329589844 269.2669982910156
v 127.28099822998047 239.53599548339844 270.8039855957031
v 146.968994140625 227.49899291992188 272.6520080566406
v 145.89599609375 229.6750030517578 268.1400146484375
v 147.2100067138672 228.375 266.9460144042969
v 146.34300231933594 229.3300018310547 273.6570129394531
v 108.50499725341797 262.1080017089844 267.6130065917969
v 109.01000213623047 263.10699462890625 269.7130126953125
v 106.54299926757812 260.489990234375 271.510009765625
v 110.2490005493164 263.2879943847656 267.6860046386719
v 127.38400268554688 241.65899658203125 273.0090026855469
v 127.31800079345703 240.66400146484375 271.5929870605469
v 127.88099670410156 240.8560028076172 273.64300537109375
v 127.24800109863281 241.5590057373047 271.54998779296875
v 127.83899688720703 239.33099365234375 226.14599609375
v 126.76599884033203 242.88600158691406 227.44900512695312
v 132.23699951171875 245.87399291992188 253.8350067138672
v 132.8159942626953 245.89500427246094 252.85499572753906
v 132.06100463867188 246.25100708007812 252.5959930419922
v 133.04800415039062 245.2779998779297 253.91900634765625
v 131.08200073242188 244.92999267578125 249.29200744628906
v 131.10000610351562 244.1320037841797 249.11300659179688
v 130.62399291992188 244.4340057373047 250.06500244140625
v 131.82000732421875 244.93099975585938 248.6739959716797
v 140.91600036621094 244.38900756835938 278.05999755859375
v 139.96600341796875 246.927001953125 277.2099914550781
v 117.5250015258789 276.2030029296875 266.802001953125
v 122.04900360107422 278.7869873046875 266.72900390625
v 117.6989974975586 278.8819885253906 271.9670104980469
v 119.31999969482422 275.6549987792969 261.9020080566406
v 130.27099609375 243.87100219726562 251.30999755859375
v 130.29299926757812 244.84800720214844 251.0919952392578
v 130.61700439453125 243.54400634765625 250.10400390625
v 136.6510009765625 258.39801025390625 296.8110046386719
v 138.08999633789062 258.22900390625 297.75799560546875
v 137.4949951171875 259.6090087890625 297.4830017089844
v 137.16400146484375 257.15399169921875 296.85101318359375
v 141.10800170898438 234.552001953125 271.75299072265625
v 144.39599609375 232.2220001220703 270.9639892578125
v 144.2830047607422 232.58399963378906 273.6969909667969
v 141.50100708007812 233.33299255371094 270.1289978027344
v 130.68299865722656 262.5039978027344 285.6839904785156
v 131.0189971923828 263.0060119628906 286.8819885253906
v 130.625 263.4330139160156 285.9670104980469
v 131.0760040283203 262.2669982910156 286.5199890136719
v 130.36900329589844 242.9530029296875 251.39300537109375
v 143.1439971923828 262.1679992675781 295.0509948730469
v 143.0709991455078 263.18499755859375 294.9169921875
v 142.98300170898438 262.2120056152344 296.6130065917969
v 143.07400512695312 263.0199890136719 293.09698486328125
v 138.58599853515625 241.06199645996094 301.5570068359375
v 140.88900756835938 239.5540008544922 299.6510009765625
v 139.71099853515625 239.69200134277344 299.27099609375
v 141.51600646972656 239.98699951171875 301.72900390625
v 139.8520050048828 235.79200744628906 252.32899475097656
v 141.156005859375 234.5749969482422 252.5030059814453
v 139.71499633789062 234.48800659179688 251.7239990234375
v 140.9219970703125 235.79800415039062 253.76800537109375
v 129.92999267578125 245.28900146484375 237.91099548339844
v 130.59300231933594 245.04100036621094 237.83700561523438
v 130.24600219726562 245.41400146484375 236.7779998779297
v 130.21299743652344 244.83399963378906 238.83299255371094
v 130.63099670410156 254.35499572753906 263.8599853515625
v 130.16099548339844 254.44700622558594 265.0820007324219
v 131.27699279785156 255.01600646972656 264.2950134277344
v 139.21800231933594 233.24600219726562 250.468994140625
v 137.49600219726562 232.4969940185547 251.41799926757812
v 137.76400756835938 234.19700622558594 251.69900512695312
v 138.5030059814453 231.83399963378906 249.51400756835938
v 136.8209991455078 233.9340057373047 294.99798583984375
v 137.906005859375 233.99899291992188 293.6239929199219
v 136.96600341796875 233.22900390625 293.9209899902344
v 138.62600708007812 235.4239959716797 294.47198486328125
v 154.9199981689453 216.14100646972656 232.38299560546875
v 152.72000122070312 212.68899536132812 234.7830047607422
v 155.23599243164062 214.53599548339844 236.29600524902344
v 153.08900451660156 215.4040069580078 229.94500732421875
v 128.96200561523438 242.56199645996094 277.5820007324219
v 129.86700439453125 242.0970001220703 277.3110046386719
v 129.78700256347656 243.02999877929688 277.9440002441406
v 128.9759979248047 241.86599731445312 276.6730041503906
v 127.60099792480469 270.5669860839844 304.7139892578125
v 122.45099639892578 272.2070007324219 299.3429870605469
v 127.00599670410156 278.10101318359375 302.22698974609375
v 125.27100372314453 265.3609924316406 301.8169860839844
v 144.71600341796875 228.83999633789062 246.7209930419922
v 128.53799438476562 274.0880126953125 305.2359924316406
v 129.97000122070312 271.0150146484375 307.4389953613281
v 135.78900146484375 241.05299377441406 263.42999267578125
v 134.2779998779297 240.4409942626953 266.7439880371094
v 137.23500061035156 242.71400451660156 267.31500244140625
v 133.81399536132812 239.12399291992188 263.4649963378906
v 134.3939971923828 253.11199951171875 229.35400390625
v 132.37899780273438 251.2220001220703 227.18099975585938
v 135.91400146484375 250.6479949951172 228.3719940185547
v 130.96600341796875 253.5030059814453 228.01100158691406
v 132.32899475097656 233.9709930419922 294.6929931640625
v 134.5800018310547 232.6529998779297 293.47900390625
v 132.01800537109375 231.5050048828125 291.7829895019531
v 134.5189971923828 233.9810028076172 295.2149963378906
v 141.08599853515625 253.56500244140625 275.12298583984375
v 141.28700256347656 252.7760009765625 273.3489990234375
v 140.4600067138672 253.64300537109375 272.91900634765625
v 141.88499450683594 252.60299682617188 275.1940002441406
v 146.39999389648438 241.31500244140625 256.7969970703125
v 144.54100036621094 240.09300231933594 258.2720031738281
v 143.968994140625 242.58900451660156 257.0159912109375
v 147.5019989013672 239.85499572753906 258.8710021972656
v 155.64100646972656 226.36099243164062 262.4679870605469
v 154.55599975585938 223.53500366210938 263.6679992675781
v 151.0050048828125 227.2550048828125 264.06298828125
v 157.27200317382812 224.79800415039062 261.3169860839844
v 138.2899932861328 261.11700439453125 298.2699890136719
v 137.13299560546875 261.15399169921875 296.760009765625
v 139.2550048828125 259.697998046875 298.3139953613281
v 131.02499389648438 240.60699462890625 251.08399963378906
v 130.81300354003906 241.57000732421875 250.26499938964844
v 131.4010009765625 240.67999267578125 250.05999755859375
v 130.5749969482422 241.21499633789062 251.45199584960938
v 149.53199768066406 277.51800537109375 312.0090026855469
v 151.73199462890625 277.0469970703125 310.72100830078125
v 151.76699829101562 274.9419860839844 314.1860046386719
v 148.843994140625 278.9049987792969 309.9679870605469
v 124.4209976196289 286.2349853515625 285.5299987792969
v 126.427001953125 286.71600341796875 289.0010070800781
v 129.58900451660156 237.02999877929688 271.6669921875
v 131.6280059814453 236.27999877929688 270.9620056152344
v 131.093994140625 236.8419952392578 272.5429992675781
v 130.17799377441406 236.7429962158203 269.614013671875
v 133.48899841308594 245.2740020751953 252.93499755859375
v 133.2050018310547 245.81100463867188 252.0290069580078
v 149.64999389648438 240.40899658203125 230.7209930419922
v 151.74899291992188 237.01100158691406 230.5030059814453
v 151.99400329589844 239.7469940185547 235.78500366210938
v 149.30499267578125 237.53199768066406 226.4510040283203
v 129.36300659179688 237.44200134277344 269.0050048828125
v 128.99400329589844 237.3780059814453 270.06201171875
v 130.2050018310547 237.45199584960938 268.30999755859375
v 154.31500244140625 230.49899291992188 229.5469970703125
v 153.88699340820312 226.625 226.427001953125
v 156.3520050048828 228.30599975585938 233.27699279785156
v 152.0760040283203 228.46299743652344 224.531005859375
v 129.86300659179688 245.5260009765625 235.71400451660156
v 129.18499755859375 245.57000732421875 235.40199279785156
v 129.552001953125 245.56100463867188 236.72000122070312
v 129.7830047607422 245.21200561523438 234.51100158691406
v 131.99899291992188 261.1099853515625 286.6239929199219
v 132.94200134277344 261.1080017089844 287.68499755859375
v 131.9320068359375 261.77801513671875 287.12799072265625
v 127.2979965209961 242.25399780273438 233.38999938964844
v 128.0019989013672 241.85899353027344 233.33599853515625
v 127.55500030517578 241.62100219726562 234.3159942626953
v 128.03399658203125 242.65899658203125 232.69900512695312
v 136.0469970703125 283.8810119628906 301.5899963378906
v 140.66700744628906 283.2179870605469 303.9670104980469
v 132.07400512695312 283.90399169921875 301.17401123046875
v 133.3280029296875 248.6999969482422 260.86700439453125
v 133.56700134277344 248.58299255371094 262.1839904785156
v 132.92999267578125 249.0659942626953 259.5710144042969
v 129.66299438476562 253.88900756835938 266.552001953125
v 130.19400024414062 254.58900451660156 267.2309875488281
v 129.28500366210938 253.70199584960938 265.156005859375
v 153.63900756835938 222.97900390625 225.37100219726562
v 155.25900268554688 222.07400512695312 227.00399780273438
v 154.7779998779297 224.33599853515625 226.57400512695312
v 153.98399353027344 220.37399291992188 226.0500030517578
v 155.53199768066406 242.3780059814453 308.2619934082031
v 155.08299255371094 243.68699645996094 311.614013671875
v 157.718994140625 244.26199340820312 312.1059875488281
v 151.38400268554688 243.36300659179688 309.7850036621094
v 134.80599975585938 257.0069885253906 270.6940002441406
v 133.3209991455078 257.00799560546875 270.6730041503906
v 134.29200744628906 256.7090148925781 271.95098876953125
v 133.83099365234375 257.2510070800781 269.2720031738281
v 134.2100067138672 263.468994140625 287.6619873046875
v 135.43899536132812 262.7929992675781 287.8190002441406
v 135.21600341796875 263.6159973144531 287.01300048828125
v 134.1750030517578 261.9169921875 287.94500732421875
v 103.32099914550781 253.0570068359375 268.14599609375
v 102.64700317382812 249.53599548339844 264.83599853515625
v 104.4229965209961 255.2519989013672 265.22900390625
v 103.12699890136719 247.76800537109375 269.3240051269531
v 128.38400268554688 241.5540008544922 275.5140075683594
v 128.6439971923828 240.1999969482422 274.8370056152344
v 136.64500427246094 263.08599853515625 283.5880126953125
v 136.25900268554688 262.2330017089844 282.6510009765625
v 139.18699645996094 284.4129943847656 298.1969909667969
v 133.4219970703125 285.2569885253906 296.54998779296875
v 127.7239990234375 238.58999633789062 271.3840026855469
v 128.15699768066406 238.21499633789062 270.0979919433594
v 132.98199462890625 248.43899536132812 261.4259948730469
v 132.52699279785156 248.68299865722656 260.21600341796875
v 125.94100189208984 215.5290069580078 258.42999267578125
v 125.60199737548828 217.13699340820312 264.2139892578125
v 130.8470001220703 214.3990020751953 264.2980041503906
v 122.35399627685547 218.8560028076172 260.1809997558594
v 137.9929962158203 226.95799255371094 254.7989959716797
v 137.91700744628906 227.15899658203125 258.0190124511719
v 136.8209991455078 228.21200561523438 255.61900329589844
v 139.01499938964844 226.16799926757812 257.4750061035156
v 131.2169952392578 253.40899658203125 261.86700439453125
v 130.2010040283203 253.14199829101562 262.0580139160156
v 131.68600463867188 229.30299377441406 288.864990234375
v 134.46499633789062 230.52200317382812 291.0050048828125
v 134.93499755859375 228.85699462890625 288.0069885253906
v 140.031005859375 255.17100524902344 296.3590087890625
v 141.3419952392578 254.53199768066406 295.25299072265625
v 141.6840057373047 255.31700134277344 296.760986328125
v 139.28599548339844 254.1300048828125 294.94000244140625
v 155.11300659179688 231.35400390625 261.9519958496094
v 128.89700317382812 251.51600646972656 227.3560028076172
v 133.7949981689453 250.1909942626953 260.2619934082031
v 133.947998046875 251.1649932861328 261.2179870605469
v 138.46499633789062 254.7790069580078 269.677001953125
v 137.83700561523438 253.9340057373047 268.0849914550781
v 137.62399291992188 255.44200134277344 268.59100341796875
v 138.6479949951172 253.71299743652344 268.9840087890625
v 144.052001953125 232.39199829101562 218.8699951171875
v 141.71499633789062 232.93600463867188 218.64500427246094
v 123.87799835205078 275.1400146484375 258.8210144042969
v 124.41899871826172 277.77099609375 263.510009765625
v 117.31700134277344 272.7200012207031 257.9490051269531
v 141.69700622558594 264.80499267578125 293.34600830078125
v 140.42300415039062 265.1029968261719 293.1820068359375
v 141.16900634765625 265.0220031738281 294.98699951171875
v 141.62399291992188 264.2139892578125 291.6570129394531
v 138.26400756835938 234.43299865722656 270.6210021972656
v 138.38499450683594 233.47300720214844 269.4930114746094
v 141.43899536132812 253.14700317382812 278.7860107421875
v 139.99600219726562 253.91900634765625 277.96600341796875
v 141.53900146484375 253.9969940185547 281.4599914550781
v 140.58299255371094 253.86500549316406 276.79901123046875
v 144.2689971923828 234.85400390625 257.4800109863281
v 133.10899353027344 239.56199645996094 251.33599853515625
v 133.87100219726562 239.55999755859375 252.20700073242188
v 132.8990020751953 239.58999633789062 252.67999267578125
v 133.94500732421875 239.2740020751953 251.218994140625
v 139.48500061035156 232.45599365234375 219.18299865722656
v 140.73800659179688 234.4340057373047 219.5489959716797
v 144.21299743652344 258.61700439453125 287.864013671875
v 144.7100067138672 259.7340087890625 290.7030029296875
v 127.05799865722656 215.2969970703125 250.7480010986328
v 122.06999969482422 220.2830047607422 250.01199340820312
v 123.3489990234375 217.71299743652344 254.96200561523438
v 126.72200012207031 217.36099243164062 245.99099731445312
v 130.58099365234375 243.98500061035156 234.27699279785156
v 130.5019989013672 244.77200317382812 234.85899353027344
v 131 244.36500549316406 235.56900024414062
v 130.06500244140625 244.42799377441406 233.62600708007812
v 115.89099884033203 249.4499969482422 236.13400268554688
v 135.8979949951172 247.19500732421875 226.52099609375
v 139.43299865722656 248.64700317382812 228.98199462890625
v 139.5449981689453 244.8159942626953 225.73500061035156
v 144.85400390625 251.23199462890625 285.97900390625
v 144.406005859375 250.91400146484375 283.3059997558594
v 143.76699829101562 253.25900268554688 284.3080139160156
v 144.8800048828125 249.24400329589844 285.260009765625
v 131.02999877929688 262.4070129394531 240.552001953125
v 142.41400146484375 256.38800048828125 297.83099365234375
v 143.08200073242188 255.4080047607422 297.5780029296875
v 117.3239974975586 261.5060119628906 292.6189880371094
v 115.55999755859375 265.635986328125 290.89599609375
v 118.26000213623047 267.4490051269531 294.8940124511719
v 113.18599700927734 261.0150146484375 285.9809875488281
v 156.2469940185547 233.76800537109375 259.2049865722656
v 131.30599975585938 240.10899353027344 253.2209930419922
v 130.7729949951172 240.61300659179688 252.29400634765625
v 131.4080047607422 240.0229949951172 251.968994140625
v 149.1649932861328 272.8869934082031 318.6650085449219
v 149.11500549316406 270.802001953125 320.9840087890625
v 146.3040008544922 273.531005859375 319.197998046875
v 151.83799743652344 270.9330139160156 319.4599914550781
v 141.45899963378906 236.02000427246094 278.12799072265625
v 141.7270050048828 235.11199951171875 274.8349914550781
v 143.60400390625 233.39700317382812 276.56500244140625
v 140.70599365234375 238.04600524902344 277.90399169921875
v 138.50599670410156 264.9440002441406 295.4020080566406
v 137.92300415039062 264.3169860839844 296.9339904785156
v 138.63800048828125 264.7720031738281 297.66900634765625
v 137.54800415039062 264.6449890136719 294.25
v 157.4709930419922 238.65199279785156 283.7229919433594
v 154.95799255371094 239.00399780273438 284.2309875488281
v 145.8090057373047 257.8599853515625 290.90899658203125
v 145.58599853515625 255.97000122070312 288.114013671875
v 121.4729995727539 245.57699584960938 293.14801025390625
v 119.58499908447266 247.572998046875 292.0350036621094
v 120.44499969482422 249.4810028076172 293.85400390625
v 120.13600158691406 242.07200622558594 289.8819885253906
v 152.29200744628906 268.4729919433594 321.78399658203125
v 154.00100708007812 269.9739990234375 318.87200927734375
v 145.53599548339844 257.81298828125 319.77801513671875
v 143.4080047607422 261.3999938964844 319.95001220703125
v 146.55299377441406 261.156005859375 322.4200134277344
v 142.4669952392578 258.0530090332031 317.39801025390625
v 138.08099365234375 255.45899963378906 296.375
v 139.7830047607422 219.15199279785156 224.35000610351562
v 140.5189971923828 220.16000366210938 223.25900268554688
v 141.61500549316406 218.156005859375 224.09100341796875
v 134.5290069580078 261.48699951171875 281.6659851074219
v 135.7259979248047 258.7080078125 281.2430114746094
v 134.80299377441406 258.7330017089844 280.44000244140625
v 135.12600708007812 259.56500244140625 280.510009765625
v 135.2989959716797 257.9599914550781 281.5150146484375
v 136.89100646972656 236.46600341796875 220.20899963378906
v 139.02000427246094 236.80799865722656 220.33200073242188
v 137.96299743652344 238.62600708007812 221.23800659179688
v 137.43699645996094 235.10000610351562 220.01100158691406
v 143.781005859375 245.00599670410156 308.1809997558594
v 138.68800354003906 244.9709930419922 305.3290100097656
v 139.65899658203125 247.53199768066406 308.49200439453125
v 142.91099548339844 242.12399291992188 304.8599853515625
v 127.48300170898438 245.1179962158203 277.56500244140625
v 128.28199768066406 245.46200561523438 277.9110107421875
v 127.03800201416016 246.02999877929688 276.7070007324219
v 140.3800048828125 233.11599731445312 248.9029998779297
v 140.35800170898438 232.97500610351562 247.04600524902344
v 139.44400024414062 232.61199951171875 248.2729949951172
v 141.06700134277344 233.1439971923828 247.9770050048828
v 137.5570068359375 239.17100524902344 251.447998046875
v 136.8560028076172 239.60699462890625 251.23699951171875
v 136.875 239.28399658203125 252.86500549316406
v 137.13400268554688 239.27200317382812 250.02099609375
v 133.5570068359375 249.44000244140625 265.6719970703125
v 132.2989959716797 249.63699340820312 266.22698974609375
v 103.3270034790039 250.11700439453125 261.385009765625
v 106.14399719238281 254.9810028076172 259.9960021972656
v 104.31700134277344 249.7169952392578 258.33599853515625
v 133.96400451660156 240.33099365234375 249.7270050048828
v 133.4499969482422 240.80999755859375 248.75799560546875
v 132.81100463867188 240.375 249.197998046875
v 146.6739959716797 225.875 253.55299377441406
v 145.7259979248047 224.88099670410156 254.10699462890625
v 120.51100158691406 260.6449890136719 239.3459930419922
v 121.0989990234375 258.739013671875 235.3800048828125
v 158.68099975585938 231.2449951171875 252.5590057373047
v 159.07000732421875 227.25599670410156 254.63699340820312
v 158.19700622558594 233.3209991455078 247.76499938964844
v 142.03599548339844 222.76600646972656 220.56500244140625
v 143.00999450683594 221.79299926757812 220.4969940185547
v 143.6219940185547 222.8419952392578 220.08999633789062
v 141.81900024414062 221.0989990234375 221.67100524902344
v 134.44900512695312 237.843994140625 255.0749969482422
v 135.1320037841797 239.052001953125 256.697998046875
v 135.7740020751953 238.906005859375 254.2760009765625
v 133.9199981689453 238.35299682617188 258.1940002441406
v 141.5290069580078 249.11500549316406 232.1219940185547
v 141.43800354003906 251.26300048828125 235.38999938964844
v 138.73899841308594 251.47900390625 231.6020050048828
v 143.593994140625 247.89999389648438 234.052001953125
v 136.12600708007812 239.947998046875 259.2980041503906
v 134.7270050048828 239.81199645996094 260.2879943847656
v 137.11500549316406 239.09100341796875 255.45899963378906
v 128.19200134277344 238.92300415039062 273.1629943847656
v 129.10800170898438 239.1179962158203 274.25201416015625
v 128.27000427246094 239.70399475097656 273.9100036621094
v 129.64500427246094 238.32200622558594 273.78900146484375
v 127.43699645996094 243.77099609375 270.4209899902344
v 127.2750015258789 244.7689971923828 270.83099365234375
v 128.156005859375 244.0590057373047 270.09100341796875
v 126.95099639892578 243.93800354003906 271.1239929199219
v 160.63299560546875 239.03900146484375 287.4289855957031
v 146.18299865722656 221.125 275.17999267578125
v 143.8159942626953 220.63099670410156 277.7969970703125
v 143.5279998779297 219.0989990234375 275.614013671875
v 131.2220001220703 249.53199768066406 264.7550048828125
v 131.6999969482422 248.9320068359375 263.3900146484375
v 132.33700561523438 249.04100036621094 264.7409973144531
v 130.81700134277344 249.38699340820312 262.67999267578125
v 140.4459991455078 230.01699829101562 244.5489959716797
v 141.3419952392578 229.7220001220703 244.22500610351562
v 132.85299682617188 256.677001953125 271.87701416015625
v 131.9980010986328 256.04400634765625 272.3890075683594
v 133.20700073242188 256.3389892578125 272.80999755859375
v 131.88900756835938 256.8059997558594 270.52301025390625
v 137.0229949951172 273.91400146484375 263.24700927734375
v 135.7989959716797 272.5159912109375 258.00201416015625
v 140.1230010986328 270.1400146484375 260.23699951171875
v 133.3260040283203 275.1549987792969 261.0559997558594
v 139.16000366210938 226.5540008544922 260.0069885253906
v 143.71499633789062 249.77099609375 287.4169921875
v 139.8730010986328 230.2050018310547 245.22900390625
v 143.5540008544922 251.01499938964844 239.2209930419922
v 142.2729949951172 254.5970001220703 243.677001953125
v 145.79600524902344 247.25999450683594 237.5070037841797
v 130.95199584960938 242.84100341796875 236.82200622558594
v 131.32400512695312 243.6219940185547 237.18099975585938
v 131.177001953125 243.14999389648438 237.75999450683594
v 131.22500610351562 243.73199462890625 236.11199951171875
v 116.5719985961914 229.21099853515625 277.1629943847656
v 116.4010009765625 234.53900146484375 281.260986328125
v 119.31500244140625 231.20899963378906 280.6610107421875
v 113.29900360107422 231.39999389648438 276.53900146484375
v 126.66999816894531 244.5330047607422 276.1289978027344
v 126.90699768066406 245.21400451660156 276.81201171875
v 126.54199981689453 245.60000610351562 275.3169860839844
v 127.03600311279297 244.4080047607422 276.9989929199219
v 118.96600341796875 249.00799560546875 231.21299743652344
v 120.26599884033203 251.79100036621094 230.32200622558594
v 117.87100219726562 250.76499938964844 232.8459930419922
v 121.58999633789062 248.76199340820312 229.322998046875
v 144.88499450683594 254.53199768066406 285.9419860839844
v 143.97799682617188 256.4880065917969 286.4530029296875
v 142.93699645996094 255.00599670410156 284.6189880371094
v 144.75900268554688 222.0070037841797 220.4340057373047
v 147.78700256347656 231.01400756835938 220.81700134277344
v 147.42100524902344 232.36300659179688 221.26100158691406
v 146.18899536132812 231.8679962158203 219.9810028076172
v 149.15199279785156 232.3800048828125 222.45599365234375
v 144.74200439453125 223.3209991455078 220.01400756835938
v 152.5970001220703 232.78700256347656 227.6820068359375
v 154.10499572753906 234.63499450683594 233.3280029296875
v 155.41000366210938 226.08999633789062 228.60400390625
v 139.29800415039062 241.83900451660156 286.6400146484375
v 140.28900146484375 245.64300537109375 287.78399658203125
v 139.7010040283203 239.7949981689453 288.7770080566406
v 128.88400268554688 241.88900756835938 233.69500732421875
v 146.79100036621094 221.16000366210938 221.6719970703125
v 146.26600646972656 223.70599365234375 220.29800415039062
v 145.16600036621094 220.6820068359375 221.34300231933594
v 134.9320068359375 252.36000061035156 266.3580017089844
v 135.78799438476562 252.86099243164062 266.8999938964844
v 135.97999572753906 252.06199645996094 267.6759948730469
v 134.88800048828125 253.2830047607422 265.114990234375
v 151.5500030517578 240.5050048828125 283.0159912109375
v 149.4290008544922 242.07400512695312 281.4410095214844
v 148.42300415039062 242.3459930419922 285.2770080566406
v 152.27699279785156 241.55999755859375 279.01300048828125
v 131.5570068359375 238.11199951171875 267.697998046875
v 130.43499755859375 238.9429931640625 268.0690002441406
v 131.21800231933594 236.30299377441406 268.2019958496094
v 146.9499969482422 254.07000732421875 318.5060119628906
v 144.49899291992188 252.46099853515625 315.5369873046875
v 136.04400634765625 251.08700561523438 268.1610107421875
v 137.85299682617188 250.8459930419922 269.0429992675781
v 136.98500061035156 250.28399658203125 270.0589904785156
v 137.1009979248047 251.9010009765625 268.02801513671875
v 120.5009994506836 240.53599548339844 230.97300720214844
v 122.47699737548828 238.84800720214844 230.2830047607422
v 122.94200134277344 241.8509979248047 229.47900390625
v 120.9260025024414 237.53599548339844 232.0570068359375
v 140.42300415039062 231.68699645996094 267.4800109863281
v 143.38699340820312 231.093994140625 267.95001220703125
v 118.01899719238281 225.22500610351562 252.9429931640625
v 114.30500030517578 229.01499938964844 256.885986328125
v 117.27999877929688 224.7779998779297 257.78399658203125
v 117.08399963378906 229.62100219726562 249.98800659179688
v 144.072998046875 256.5119934082031 297.7959899902344
v 149.99000549316406 255.30299377441406 258.5710144042969
v 148.35499572753906 256.6029968261719 257.18701171875
v 137.8300018310547 230.0229949951172 250.51199340820312
v 138.65499877929688 230.18600463867188 248.34300231933594
v 139.36099243164062 254.25100708007812 275.97100830078125
v 138.74899291992188 253.9510040283203 277.1409912109375
v 138.21499633789062 254.21400451660156 275.2040100097656
v 134.51699829101562 228.23300170898438 222.531005859375
v 132.6529998779297 230.55299377441406 222.95599365234375
v 134.9669952392578 230.31199645996094 221.30099487304688
v 136.88600158691406 252.91400146484375 286.2720031738281
v 136.8000030517578 252.91200256347656 289.1000061035156
v 136.28900146484375 254.2259979248047 287.3789978027344
v 138.17100524902344 251.7100067138672 288.6050109863281
v 136.5469970703125 279.2879943847656 310.34600830078125
v 138.27200317382812 280.1499938964844 310.66400146484375
v 137.52699279785156 277.760986328125 312.47601318359375
v 137.88999938964844 281.94000244140625 307.4410095214844
v 134.1739959716797 240.49000549316406 253.9340057373047
v 134.46499633789062 240.03700256347656 252.50999450683594
v 134.83399963378906 240.68499755859375 252.572998046875
v 133.5749969482422 239.88099670410156 253.53199768066406
v 134.0290069580078 258.9949951171875 280.50799560546875
v 133.23399353027344 259.5119934082031 281.13800048828125
v 134.46400451660156 257.9840087890625 281.0989990234375
v 143.38499450683594 223.9810028076172 220.04299926757812
v 156.50900268554688 213.4320068359375 250.85000610351562
v 153.093994140625 211.5760040283203 253.468994140625
v 155.44900512695312 213.78799438476562 256.5039978027344
v 153.74899291992188 210.75399780273438 248.73899841308594
v 142.5279998779297 224.5229949951172 220.01699829101562
v 144.38099670410156 224.07200622558594 219.9929962158203
v 125.58899688720703 220.7570037841797 241.55299377441406
v 127.78600311279297 221.7449951171875 237.21200561523438
v 125.09500122070312 223.92100524902344 238.531005859375
v 130.4969940185547 216.9550018310547 240.7010040283203
v 133.9250030517578 238.01699829101562 273.1610107421875
v 133.89599609375 240.0330047607422 272.85101318359375
v 131.9980010986328 238.73399353027344 273.8070068359375
v 136.42599487304688 240.2969970703125 274.41400146484375
v 122.927001953125 221.2689971923828 245.1739959716797
v 122.58799743652344 224.7310028076172 241.57200622558594
v 130.77499389648438 255.5800018310547 265.53900146484375
v 130.80799865722656 244.96600341796875 236.48399353027344
v 131.11199951171875 244.40699768066406 237.70899963378906
v 131.25799560546875 244.37399291992188 236.5850067138672
v 145.2169952392578 224.3249969482422 220
v 146.55799865722656 246.4550018310547 312.01800537109375
v 142.08299255371094 249.46099853515625 311.55999755859375
v 137.81399536132812 218.15199279785156 276.27899169921875
v 134.1959991455078 216.18499755859375 272.00201416015625
v 134.91299438476562 218.2449951171875 275.97900390625
v 138.14700317382812 215.86199951171875 271.635009765625
v 141.23899841308594 227.22500610351562 247.09100341796875
v 142.11000061035156 227.69500732421875 246.02200317382812
v 142.531005859375 226.93099975585938 247.44700622558594
v 140.82899475097656 227.88299560546875 245.93899536132812
v 156.9550018310547 225.6280059814453 232.83999633789062
v 131.17999267578125 246.0850067138672 253.24899291992188
v 131.59800720214844 245.57699584960938 254.72500610351562
v 146.593994140625 253.47799682617188 288.3179931640625
v 147.1719970703125 252.38900756835938 290.7959899902344
v 146.30999755859375 252.072998046875 288.7099914550781
v 147.16099548339844 253.7830047607422 289.9200134277344
v 144.0800018310547 225.28399658203125 250.08299255371094
v 144.3159942626953 226.06100463867188 248.8719940185547
v 145.3070068359375 225.91700744628906 249.99400329589844
v 143.3260040283203 226.11199951171875 248.71200561523438
v 128.4969940185547 237.7729949951172 271.2489929199219
v 128.66400146484375 238.0290069580078 272.71600341796875
v 156.0070037841797 216.94200134277344 260.9530029296875
v 155.86199951171875 219.1750030517578 261.91400146484375
v 154.10000610351562 214.57200622558594 260.01300048828125
v 140.7779998779297 248.61500549316406 273.7130126953125
v 138.66200256347656 249.1060028076172 273.8869934082031
v 139.20799255371094 248.14300537109375 274.7409973144531
v 133.6699981689453 242.10899353027344 255.07400512695312
v 133.6929931640625 243.0540008544922 254.6219940185547
v 133.0290069580078 242.5760040283203 255.5189971923828
v 134.36599731445312 242.11399841308594 253.81300354003906
v 110.78500366210938 253.7220001220703 282.6650085449219
v 110.68299865722656 260.1960144042969 282.0249938964844
v 114.2959976196289 255.5070037841797 287.7309875488281
v 108.41200256347656 257.2820129394531 279.0740051269531
v 146.3470001220703 255.89999389648438 295.8900146484375
v 146.67999267578125 256.64898681640625 295.85198974609375
v 134.78500366210938 241.61300659179688 252.5760040283203
v 134.8679962158203 241.1510009765625 251.31300354003906
v 135.93099975585938 237.9340057373047 248.68299865722656
v 135.16000366210938 238.0469970703125 249.28199768066406
v 126.25 237.05099487304688 292.1579895019531
v 124.27799987792969 233.99099731445312 287.48199462890625
v 121.90899658203125 237.41799926757812 288.4670104980469
v 127.69200134277344 233.26300048828125 290.17999267578125
v 149.4219970703125 270.87200927734375 281.31500244140625
v 153.6179962158203 266.6310119628906 282.9630126953125
v 151.5780029296875 271.0329895019531 287.1199951171875
v 150.48399353027344 266.7900085449219 275.49798583984375
v 143.08399963378906 234.26100158691406 219.46200561523438
v 145.37100219726562 233.5030059814453 220.302001953125
v 143.84500122070312 235.5800018310547 220.3800048828125
v 112.46800231933594 265.2929992675781 252.13299560546875
v 114.71600341796875 264.8739929199219 248.87600708007812
v 115.5009994506836 267.18798828125 250.50799560546875
v 112.95099639892578 262.20599365234375 248.8990020751953
v 120.90299987792969 234.8780059814453 234.27200317382812
v 138.91000366210938 247.9499969482422 286.5799865722656
v 139.00599670410156 245.18499755859375 286.60101318359375
v 140.3419952392578 248.51600646972656 287.84698486328125
v 138.71400451660156 245.42799377441406 284.77801513671875
v 146.57899475097656 234.3459930419922 221.4969940185547
v 144.74200439453125 239.75599670410156 302.5840148925781
v 131.1750030517578 260.97601318359375 281.1650085449219
v 131.93899536132812 260.5769958496094 280.9630126953125
v 131.4709930419922 260.2080078125 282.10400390625
v 131.8730010986328 261.77801513671875 280.51800537109375
v 127.44499969482422 244.76499938964844 233.6199951171875
v 126.88400268554688 244.17300415039062 233.99600219726562
v 134.3209991455078 267.8429870605469 250.031005859375
v 139.6300048828125 265.64599609375 252.3780059814453
v 137.31700134277344 269.4309997558594 254.7760009765625
v 137.09100341796875 263.8819885253906 247.58900451660156
v 130.6510009765625 253.73699951171875 268.9949951171875
v 131.82200622558594 252.2740020751953 269.906005859375
v 131.21800231933594 254.4029998779297 270.8370056152344
v 130.60299682617188 252.4250030517578 268.52301025390625
v 132.07899475097656 248.50399780273438 261.2850036621094
v 131.4510040283203 248.90699768066406 260.0690002441406
v 131.0290069580078 249.00900268554688 261.4169921875
v 143.56100463867188 225.08999633789062 219.88699340820312
v 142.36000061035156 249.57699584960938 288.0190124511719
v 144.3179931640625 251.1739959716797 288.51800537109375
v 142.17599487304688 247.9409942626953 287.97900390625
v 143.1009979248047 239.28799438476562 298.09100341796875
v 146.17100524902344 271.9010009765625 320.5929870605469
v 148.04600524902344 269.2239990234375 322.31500244140625
v 136.63499450683594 260.9639892578125 283.0270080566406
v 136.08399963378906 261.2070007324219 282.2690124511719
v 136.1510009765625 260.2030029296875 282.12701416015625
v 129.1529998779297 242.83900451660156 232.74899291992188
v 130.76300048828125 245.18800354003906 250.08900451660156
v 149.68699645996094 222.6280059814453 266.79998779296875
v 150.98199462890625 215.73899841308594 263.02099609375
v 152.77099609375 239.78900146484375 256.0010070800781
v 151.10299682617188 242.0760040283203 253.19900512695312
v 154.27699279785156 240.2779998779297 252.072998046875
v 150.61500549316406 240.43499755859375 256.5830078125
v 130.60699462890625 263.5360107421875 283.7640075683594
v 130.41700744628906 263.0690002441406 284.7980041503906
v 130.5240020751953 264.1409912109375 284.9939880371094
v 130.43499755859375 262.5350036621094 283.47698974609375
v 132.33799743652344 239.9219970703125 253.8979949951172
v 132.00100708007812 239.70799255371094 252.78700256347656
v 136.80099487304688 256.6709899902344 284.7439880371094
v 136.1439971923828 255.8820037841797 286.55999755859375
v 136.10400390625 257.05499267578125 284.7669982910156
v 136.90899658203125 255.10800170898438 284.739013671875
v 133.48199462890625 253.35800170898438 273.38299560546875
v 134.05299377441406 251.625 272.6610107421875
v 134.77499389648438 251.62399291992188 274.3489990234375
v 132.4949951171875 253.13900756835938 271.7829895019531
v 153.7989959716797 211.78399658203125 239.74400329589844
v 156.677001953125 215.343994140625 239.52200317382812
v 139.03599548339844 263.00299072265625 300.81201171875
v 139.36700439453125 262.0539855957031 301.1080017089844
v 139.63900756835938 263.0379943847656 301.5740051269531
v 138.75 262.29400634765625 300.0509948730469
v 142.31300354003906 241.47900390625 223.98800659179688
v 140.62399291992188 239.18899536132812 221.70700073242188
v 144.12399291992188 237.4949951171875 221.78599548339844
v 138.8719940185547 241.2729949951172 222.98500061035156
v 127.03600311279297 242.1540069580078 238.18800354003906
v 127.552001953125 242.5659942626953 239.24000549316406
v 127.01899719238281 242.94000244140625 238.65699768066406
v 127.62699890136719 241.89500427246094 238.54200744628906
v 132.531005859375 257.5169982910156 267.56201171875
v 131.41900634765625 257.1470031738281 268.5820007324219
v 132.61700439453125 257.2380065917969 269.2200012207031
v 131.57699584960938 257.4110107421875 267.31201171875
v 145.33399963378906 225.0030059814453 251.3419952392578
v 140.26699829101562 227.18299865722656 248.03799438476562
v 139.02000427246094 228.2469940185547 248.6540069580078
v 140.03199768066406 227.79299926757812 247.12100219726562
v 139.75999450683594 226.92799377441406 249.2429962158203
v 136.88900756835938 235.52200317382812 271.83099365234375
v 150.98300170898438 245.1739959716797 274.00201416015625
v 151.89300537109375 242.91099548339844 276.718994140625
v 135.1959991455078 258.3609924316406 289.2449951171875
v 135.6320037841797 257.0140075683594 292.2919921875
v 135.45199584960938 258.12298583984375 292.8349914550781
v 135.56399536132812 257.0450134277344 288.5260009765625
v 133.60499572753906 268.0140075683594 311.49798583984375
v 132.4759979248047 273.3290100097656 309.5530090332031
v 135.45899963378906 271.8009948730469 313.01300048828125
v 144.45399475097656 255.2469940185547 297.3240051269531
v 145.41099548339844 255.4459991455078 296.9309997558594
v 144.61700439453125 254.65499877929688 296.3789978027344
v 130.2740020751953 243.14500427246094 252.968994140625
v 130.84800720214844 242.97300720214844 254.718994140625
v 130.11000061035156 244.02099609375 253.86599731445312
v 140.1649932861328 237.3520050048828 255.35499572753906
v 138.6750030517578 239.24000549316406 257.2699890136719
v 140.55299377441406 238.49200439453125 257.5459899902344
v 138.72999572753906 238.31399536132812 254.08200073242188
v 141.7270050048828 236.4320068359375 256.10400390625
v 138.34800720214844 217.6820068359375 227.33700561523438
v 136.49000549316406 215.8300018310547 231.8090057373047
v 141.26600646972656 213.77699279785156 230.156005859375
v 133.51400756835938 220.906005859375 228.72300720214844
v 127.34700012207031 258.5060119628906 302.35699462890625
v 129.2010040283203 262.427001953125 305.3380126953125
v 122.53299713134766 262.64898681640625 298.8710021972656
v 135.35400390625 257.0480041503906 267.2139892578125
v 134.281005859375 257.4360046386719 267.8030090332031
v 135.43499755859375 257.0690002441406 269.0539855957031
v 134.6540069580078 257.3160095214844 266.3559875488281
v 127.89700317382812 239.82200622558594 268.9679870605469
v 144.3350067138672 225.09100341796875 219.90699768066406
v 161.71600341796875 241.9219970703125 282.114990234375
v 160.38900756835938 241.54400634765625 280.6780090332031
v 161.2429962158203 240.5279998779297 283.0220031738281
v 145.14999389648438 225.15499877929688 219.9499969482422
v 146.197998046875 225.20899963378906 220.0229949951172
v 138.4739990234375 248.25999450683594 276.8580017089844
v 147.76400756835938 225.07000732421875 220.47300720214844
v 142.58900451660156 263.2909851074219 291.4649963378906
v 142.73599243164062 263.8420104980469 293.0830078125
v 141.46800231933594 262.97100830078125 289.57501220703125
v 130.78700256347656 245.9239959716797 300.2760009765625
v 131.06100463867188 249.41099548339844 302.2340087890625
v 134.1199951171875 245.24600219726562 302.38299560546875
v 126.05400085449219 249.12100219726562 298.0450134277344
v 144.46800231933594 226.8730010986328 248.052001953125
v 138.67999267578125 235.47900390625 251.50900268554688
v 138.7740020751953 236.88400268554688 251.01600646972656
v 129.1719970703125 245.3489990234375 237.86300659179688
v 139.83200073242188 229.2729949951172 245.51199340820312
v 140.20799255371094 228.50399780273438 245.38499450683594
v 139.8679962158203 228.375 246.22300720214844
v 140.56500244140625 229 244.65699768066406
v 148.91400146484375 223.53799438476562 221.5500030517578
v 149.8679962158203 225.79299926757812 221.78700256347656
v 136.8719940185547 249.33299255371094 276.5369873046875
v 136.77999877929688 249.46600341796875 274.1940002441406
v 137.5970001220703 249.06300354003906 274.9939880371094
v 135.68899536132812 250.1699981689453 275.0379943847656
v 133.92100524902344 241.20700073242188 254.75799560546875
v 130.73599243164062 244.58399963378906 238.64500427246094
v 142.09800720214844 232.2530059814453 245.6009979248047
v 138.78799438476562 237.87899780273438 251.8769989013672
v 139.58299255371094 237.03199768066406 253.08599853515625
v 138.2550048828125 238.58700561523438 251.7209930419922
v 129.15499877929688 241.43800354003906 236.6179962158203
v 137.56500244140625 260.64801025390625 285.3489990234375
v 138.3679962158203 262.2130126953125 287.2820129394531
v 138.1479949951172 259.6780090332031 285.7080078125
v 105.12699890136719 252.70899963378906 273.9549865722656
v 104.39600372314453 255.68099975585938 270.2619934082031
v 106.39099884033203 257.87701416015625 275.29901123046875
v 128.92999267578125 246.05599975585938 277.6470031738281
v 129.96400451660156 246.1999969482422 277.0409851074219
v 128.61599731445312 238.14300537109375 269.07000732421875
v 129.1840057373047 238.19500732421875 268.3689880371094
v 135.89599609375 247.96400451660156 305.67498779296875
v 123.16799926757812 265.3179931640625 244.427001953125
v 128.6280059814453 267.22601318359375 246.5070037841797
v 123.69100189208984 268.3479919433594 247.8990020751953
v 136.10699462890625 263.54901123046875 287.1650085449219
v 136.64700317382812 263.52398681640625 288.2590026855469
v 133.24099731445312 249.78900146484375 259.2040100097656
v 133.406005859375 251.0399932861328 259.62298583984375
v 120.0790023803711 224.822998046875 247.06300354003906
v 132.74400329589844 250.7209930419922 258.5090026855469
v 132.71400451660156 243.0260009765625 273.8240051269531
v 132.1580047607422 241.79200744628906 274.93499755859375
v 132.41600036621094 241.80499267578125 272.2279968261719
v 132.16700744628906 242.6439971923828 275.843994140625
v 135.51699829101562 262.1860046386719 292.6780090332031
v 136.19500732421875 263.8370056152344 293.2560119628906
v 136.25599670410156 263.8949890136719 291.10400390625
v 135.81199645996094 262.7980041503906 294.35400390625
v 142.88999938964844 229.5030059814453 280.10198974609375
v 143.9219970703125 226.64599609375 280.02099609375
v 142.58999633789062 226.9149932861328 281.5989990234375
v 144.11300659179688 229.5970001220703 278.55999755859375
v 131.06100463867188 250.18800354003906 266.7640075683594
v 131.11300659179688 251.00399780273438 268.24798583984375
v 130.3939971923828 250.2259979248047 264.7969970703125
v 126.74500274658203 225.4770050048828 235.25999450683594
v 128.1490020751953 226.427001953125 231.6719970703125
v 125.9469985961914 228.79400634765625 233.88299560546875
v 129.08999633789062 223.27099609375 232.97999572753906
v 143.38400268554688 225.75799560546875 219.5919952392578
v 142.35699462890625 225.79200744628906 219.63699340820312
v 144.26100158691406 225.90899658203125 219.54200744628906
v 145.20599365234375 226.05499267578125 219.66299438476562
v 146.093994140625 226.00900268554688 219.91799926757812
v 147.81399536132812 226.3939971923828 220.39700317382812
v 147.13400268554688 232.1009979248047 260.14801025390625
v 147.09500122070312 231.72500610351562 256.77899169921875
v 145.85299682617188 233.5989990234375 257.9010009765625
v 147.0050048828125 230.1580047607422 258.885986328125
v 132.91299438476562 250.6719970703125 269.22198486328125
v 133.35000610351562 250.08399963378906 267.2690124511719
v 133.97500610351562 250.55599975585938 268.5799865722656
v 131.8979949951172 250.31399536132812 267.94000244140625
v 130.4969940185547 242.67300415039062 235.0260009765625
v 130.35699462890625 242.20799255371094 236.25900268554688
v 130.92300415039062 243.125 235.43600463867188
v 126.51300048828125 242.36599731445312 235.0760040283203
v 126.86100006103516 241.81399536132812 235.58299255371094
v 130.14199829101562 242.21600341796875 235.0070037841797
v 151.6790008544922 224.1269989013672 223.5290069580078
v 138.2899932861328 262.60101318359375 298.9580078125
v 137.6739959716797 262.6610107421875 297.57501220703125
v 138.65199279785156 261.45098876953125 299.2829895019531
v 145.48199462890625 276.510986328125 284.7239990234375
v 144.625 273.73699951171875 276.9330139160156
v 157.87399291992188 216.3560028076172 255.5800018310547
v 157.86700439453125 218.16299438476562 258.7309875488281
v 158.92799377441406 219.93800354003906 254.39500427246094
v 156.9459991455078 216.23199462890625 258.8429870605469
v 136.02099609375 232.3459930419922 220.37899780273438
v 133.7270050048828 232.0189971923828 221.48199462890625
v 137.3820037841797 231.09100341796875 219.9759979248047
v 148.90699768066406 213.35400390625 228.4340057373047
v 150.4929962158203 212.97799682617188 230.78700256347656
v 151.30299377441406 214.97900390625 228.13999938964844
v 147.30999755859375 211.71800231933594 231.2899932861328
v 132.03799438476562 251.58799743652344 258.4200134277344
v 131.87399291992188 250.49200439453125 258.14801025390625
v 136.8679962158203 226.6479949951172 221.55499267578125
v 138.9320068359375 227.18600463867188 220.2209930419922
v 140.8509979248047 226.16600036621094 219.88900756835938
v 131.6219940185547 240.0989990234375 250.92300415039062
v 132.2010040283203 239.6999969482422 251.6580047607422
v 132.28700256347656 240.02699279785156 250.2310028076172
v 131.3459930419922 251.0850067138672 258.135009765625
v 156.3249969482422 264.93701171875 321.6029968261719
v 155.23300170898438 264.1400146484375 323.5260009765625
v 128.76800537109375 245.56900024414062 236.62399291992188
v 128.00799560546875 245.38999938964844 236.6840057373047
v 128.49099731445312 245.32400512695312 237.71200561523438
v 128.31100463867188 245.53700256347656 235.3350067138672
v 142.86199951171875 270.94500732421875 267.6050109863281
v 137.5489959716797 276.8900146484375 270.4909973144531
v 140.79600524902344 279.59698486328125 280.5669860839844
v 156.10400390625 269.07598876953125 317.9169921875
v 157.52000427246094 267.739990234375 316.95098876953125
v 157.2480010986328 266.4219970703125 319.0150146484375
v 155.53500366210938 270.2279968261719 316.7019958496094
v 140.2729949951172 261.9570007324219 301.6260070800781
v 156.38400268554688 231.7429962158203 236.5019989013672
v 142.65199279785156 263.5780029296875 296.7049865722656
v 142.6649932861328 262.5639953613281 297.89801025390625
v 141.57899475097656 237.00399780273438 220.44900512695312
v 142.03700256347656 235.677001953125 219.8979949951172
v 140.50399780273438 235.9149932861328 219.9669952392578
v 132.93499755859375 259.010986328125 282.08099365234375
v 132.41900634765625 259.7969970703125 281.9739990234375
v 141.0279998779297 224.25799560546875 220.51300048828125
v 131.19500732421875 243.60899353027344 238.04600524902344
v 130.87100219726562 243.95399475097656 238.7729949951172
v 146.22999572753906 238.71600341796875 224.0449981689453
v 145.281005859375 242.0050048828125 226.42799377441406
v 147.86000061035156 239.91200256347656 226.74600219726562
v 146.50900268554688 243.78700256347656 254.0279998779297
v 148.5919952392578 241.5679931640625 255.46299743652344
v 148.3300018310547 244.6490020751953 251.23399353027344
v 139.49099731445312 264.7090148925781 299.56500244140625
v 139.2779998779297 263.9989929199219 300.60198974609375
v 138.64199829101562 264.3420104980469 298.8970031738281
v 131.9149932861328 236.95399475097656 266.218994140625
v 132.2949981689453 235.16600036621094 267.86700439453125
v 120.15799713134766 243.3800048828125 230.6540069580078
v 145.05599975585938 245.39599609375 255.1439971923828
v 143.86599731445312 244.4550018310547 258.0570068359375
v 145.0749969482422 246.06300354003906 258.3529968261719
v 134.6060028076172 241.29600524902344 270.0419921875
v 132.68299865722656 240.83599853515625 269.0870056152344
v 132.24200439453125 240.75900268554688 271.2659912109375
v 132.2519989013672 235.44700622558594 265.31298828125
v 133.10400390625 237.7989959716797 262.1669921875
v 136.9250030517578 242.2570037841797 272.1520080566406
v 132.1739959716797 240.1580047607422 273.17401123046875
v 129.69500732421875 245.79400634765625 277.7250061035156
v 128.97500610351562 245.10299682617188 277.9440002441406
v 136.0590057373047 274.90399169921875 312.5379943847656
v 134.48899841308594 276.35699462890625 310.50299072265625
v 142.96200561523438 251.875 280.9599914550781
v 143.27999877929688 250.26300048828125 278.91400146484375
v 142.29100036621094 252.01199340820312 278.54400634765625
v 145.08200073242188 248.76800537109375 282.0140075683594
v 121.7699966430664 252.18299865722656 296.0329895019531
v 121.66699981689453 258.0920104980469 297.38800048828125
v 124.98999786376953 254.38699340820312 299.04400634765625
v 119.77799987792969 257.1940002441406 295.0920104980469
v 107.322998046875 244.30099487304688 253.302001953125
v 104.4800033569336 244.46299743652344 256.3840026855469
v 109.59300231933594 240.73800659179688 252.25999450683594
v 150.85400390625 238.83299255371094 259.1919860839844
v 151.1179962158203 237.00599670410156 261.2650146484375
v 126.7229995727539 242.01400756835938 236.99899291992188
v 137.64599609375 240.98199462890625 300.38299560546875
v 126.67900085449219 242.72799682617188 234.12100219726562
v 126.86199951171875 242.0850067138672 234.36099243164062
v 127.09100341796875 243.2209930419922 233.21099853515625
v 131.66400146484375 242.22799682617188 248.47000122070312
v 131.53799438476562 242.95700073242188 248.47799682617188
v 132.28700256347656 242.99000549316406 248.1510009765625
v 131.07000732421875 242.38499450683594 249.156005859375
v 131.77099609375 216.88299560546875 272.6929931640625
v 129.74099731445312 216.28500366210938 269.5050048828125
v 143.88600158691406 279.93701171875 310.3320007324219
v 147.55099487304688 280.4200134277344 307.7080078125
v 144.3280029296875 281.8160095214844 306.302001953125
v 133.66400146484375 241.39599609375 248.57200622558594
v 157.23199462890625 239.74400329589844 298.739013671875
v 161.01400756835938 240.72799682617188 299.1520080566406
v 160.7270050048828 239.94000244140625 296.64300537109375
v 159.69500732421875 241.0030059814453 302.6449890136719
v 141.63600158691406 278.6990051269531 313.1340026855469
v 145.4669952392578 278.6910095214844 311.90399169921875
v 139.86199951171875 279.260986328125 312.1860046386719
v 130.08799743652344 243.33299255371094 233.50799560546875
v 130.6320037841797 245.64199829101562 251.10699462890625
v 131.2760009765625 246.0709991455078 250.67599487304688
v 131.4080047607422 245.6230010986328 249.6479949951172
v 130.85299682617188 246.08299255371094 251.87399291992188
v 156.59500122070312 222.56900024414062 261.87200927734375
v 130.52000427246094 245.4040069580078 277.6600036621094
v 129.76300048828125 244.78700256347656 277.9469909667969
v 136.67599487304688 255.44700622558594 273.6969909667969
v 136.91799926757812 254.23699951171875 274.6960144042969
v 137.96299743652344 254.97000122070312 273.4620056152344
v 135.53500366210938 254.6699981689453 274.1889953613281
v 130.1699981689453 241.3159942626953 276.34698486328125
v 130.7989959716797 241.71299743652344 276.7879943847656
v 138.61300659179688 227.4409942626953 250.5919952392578
v 137.06500244140625 251.7239990234375 279.5589904785156
v 136.3699951171875 252.5469970703125 276.88299560546875
v 136.0659942626953 250.95399475097656 277.2900085449219
v 137.92799377441406 253.42799377441406 278.718994140625
v 144.76300048828125 253.1300048828125 294.65899658203125
v 143.41600036621094 252.5760040283203 293.3999938964844
v 145.4810028076172 252.60800170898438 293.47698974609375
v 143.2270050048828 253.75799560546875 295.28900146484375
v 161.81900024414062 252.79600524902344 315.7179870605469
v 160.8300018310547 251.1580047607422 318.3789978027344
v 161.03900146484375 252.2550048828125 318.5140075683594
v 162.05499267578125 250.0540008544922 314.82598876953125
v 129.98899841308594 252.00100708007812 267.5840148925781
v 129.91600036621094 253.27699279785156 267.6090087890625
v 122.68800354003906 253.83099365234375 228.87600708007812
v 124.33000183105469 255.69400024414062 229.01400756835938
v 122.58799743652344 255.8939971923828 229.9199981689453
v 125.43800354003906 253.03599548339844 228.06399536132812
v 119.427001953125 256.2919921875 234.24000549316406
v 142.3419952392578 234.84800720214844 254.22799682617188
v 120.71399688720703 280.0870056152344 295.2239990234375
v 120.99099731445312 278.01300048828125 296.8659973144531
v 143.32699584960938 255.23599243164062 247.9980010986328
v 105.20800018310547 246.97000122070312 255.68800354003906
v 108.4800033569336 246.7100067138672 252.06199645996094
v 155.31399536132812 219.8000030517578 227.55999755859375
v 156.10400390625 221.18899536132812 228.8520050048828
v 155.9320068359375 219.13299560546875 230.28500366210938
v 127.44100189208984 229.64599609375 229.90899658203125
v 109.22599792480469 265.0979919433594 277.4849853515625
v 108.78199768066406 264.60198974609375 273.50201416015625
v 134.98800659179688 229.52000427246094 258.1570129394531
v 133.80999755859375 230.72799682617188 258.4519958496094
v 132.67300415039062 262.6830139160156 281.1340026855469
v 142.04600524902344 242.21600341796875 280.427001953125
v 141.48399353027344 240.72500610351562 281.1449890136719
v 140.62600708007812 242.85000610351562 282.5509948730469
v 140.01600646972656 239.84100341796875 277.47100830078125
v 131.73399353027344 219.04600524902344 276.2829895019531
v 128.1300048828125 218.41600036621094 272.8609924316406
v 133.50900268554688 235.4219970703125 296.0979919433594
v 136.0240020751953 235.0679931640625 295.9440002441406
v 105.48100280761719 258.031005859375 267.1520080566406
v 159.7550048828125 251.95700073242188 319.9939880371094
v 160.78199768066406 253.1840057373047 318.9750061035156
v 132.7100067138672 241.21200561523438 248.4600067138672
v 145.98300170898438 248.31700134277344 256.5559997558594
v 147.36000061035156 246.86099243164062 262.0539855957031
v 148.70700073242188 250.7570037841797 259.1919860839844
v 131.4969940185547 262.718994140625 281.4150085449219
v 131.48500061035156 263.3500061035156 282.1390075683594
v 132.18899536132812 263.2229919433594 281.6820068359375
v 130.8489990234375 262.87200927734375 282.614990234375
v 126.62000274658203 242.57400512695312 237.58700561523438
v 148.1219940185547 228.10400390625 220.36199951171875
v 135.04400634765625 254.73500061035156 264.406005859375
v 133.45199584960938 254.47500610351562 263.8190002441406
v 134.17300415039062 255.58799743652344 264.0880126953125
v 134.01300048828125 253.6699981689453 263.89898681640625
v 129.4459991455078 242.04299926757812 238.3260040283203
v 130.32000732421875 242.3509979248047 237.73699951171875
v 130.03599548339844 242.71200561523438 238.99000549316406
v 129.625 241.78500366210938 236.83999633789062
v 136.97300720214844 228.8179931640625 220.58700561523438
v 138.86399841308594 228.68699645996094 219.77999877929688
v 116.22200012207031 237.8459930419922 240.26199340820312
v 114.46399688720703 241.8800048828125 240.32200622558594
v 113.94000244140625 239.5330047607422 245.20399475097656
v 140.8159942626953 260.3349914550781 298.9530029296875
v 142.12899780273438 259.5400085449219 298.03900146484375
v 141.97000122070312 260.7650146484375 298.8210144042969
v 127.25700378417969 214.41799926757812 254.96499633789062
v 131.3520050048828 212.62899780273438 252.11099243164062
v 148.19000244140625 216.61000061035156 225.04800415039062
v 148.0279998779297 214.21499633789062 226.99200439453125
v 150.26499938964844 215.6300048828125 226.68899536132812
v 146.25399780273438 214.72799682617188 226.08399963378906
v 139.27999877929688 265.09100341796875 296.77801513671875
v 131.0760040283203 243.2480010986328 249.10000610351562
v 130.6490020751953 242.6750030517578 250.1280059814453
v 134.18699645996094 243.97999572753906 252.9149932861328
v 134.5659942626953 243.52999877929688 252.0070037841797
v 134.28599548339844 244.51400756835938 251.75999450683594
v 134.33599853515625 243.06100463867188 253.21800231933594
v 117.28199768066406 244.46200561523438 288.0780029296875
v 117.81500244140625 238.17999267578125 285.59100341796875
v 129.28900146484375 251.8800048828125 263.29901123046875
v 129.50999450683594 251.10499572753906 262.6619873046875
v 134.3040008544922 231.13800048828125 256.2099914550781
v 134.29800415039062 233.46600341796875 254.802001953125
v 135.11300659179688 231.85400390625 253.99099731445312
v 133.52000427246094 231.9980010986328 257.1470031738281
v 132.53399658203125 246.19200134277344 251.36300659179688
v 130.531005859375 251.22799682617188 258.84600830078125
v 133.69700622558594 260.37701416015625 287.69500732421875
v 141.8090057373047 242.89199829101562 260.1319885253906
v 144.0489959716797 244.52699279785156 262.2659912109375
v 130.531005859375 249.77499389648438 263.2590026855469
v 133.22300720214844 234.21299743652344 267.07501220703125
v 133.61900329589844 234.70799255371094 269.3890075683594
v 130.9250030517578 243.66799926757812 235.06100463867188
v 142.08099365234375 266.79901123046875 257.50299072265625
v 141.8489990234375 275.3500061035156 274.45098876953125
v 153.9929962158203 218.67999267578125 226.66900634765625
v 151.7550048828125 218.2740020751953 225.62100219726562
v 129.90199279785156 251.6909942626953 260.1650085449219
v 141.9040069580078 229.18899536132812 244.3090057373047
v 141.28700256347656 228.75100708007812 244.44000244140625
v 141.78700256347656 228.37600708007812 244.9040069580078
v 129.56700134277344 251.93600463867188 261.6669921875
v 129.947998046875 250.26100158691406 262.5220031738281
v 143.24400329589844 230.83900451660156 246.38499450683594
v 144.25900268554688 230.13400268554688 246.79200744628906
v 149.8560028076172 227.9810028076172 221.90899658203125
v 149.07699584960938 229.78799438476562 221.43899536132812
v 140.802001953125 262.6199951171875 317.7449951171875
v 140.7469940185547 266.4599914550781 318.8089904785156
v 143.25100708007812 265.37200927734375 320.739990234375
v 137.89599609375 265.68798828125 315.7250061035156
v 129.10499572753906 220.9429931640625 277.635009765625
v 125.88500213623047 222.23699951171875 276.42401123046875
v 129.76600646972656 224.03199768066406 280.8559875488281
v 129.75900268554688 242.3560028076172 233.9029998779297
v 160.3939971923828 253.7689971923828 291.40399169921875
v 161.1909942626953 250.9770050048828 288.760009765625
v 162.2449951171875 249.85499572753906 294.10699462890625
v 159.5760040283203 254.19900512695312 285.68798828125
v 137.10899353027344 229.53900146484375 286.4309997558594
v 136.3699951171875 226.4720001220703 283.61199951171875
v 139.3699951171875 229.21499633789062 282.9330139160156
v 138.26800537109375 229.8209991455078 219.70599365234375
v 134.7010040283203 242.54200744628906 252.35299682617188
v 134.47900390625 244.01600646972656 250.57200622558594
v 138.4320068359375 237.218994140625 297.052001953125
v 139.22900390625 236.0260009765625 292.4119873046875
v 136.09500122070312 255.19900512695312 292.7200012207031
v 136.50900268554688 255.531005859375 294.2489929199219
v 136.64599609375 253.99200439453125 293.0039978027344
v 127.572998046875 245.3159942626953 235.552001953125
v 146.18499755859375 230.947998046875 262.0429992675781
v 144.5290069580078 229.38499450683594 261.6600036621094
v 145.4949951171875 226.63499450683594 278.4809875488281
v 145.42599487304688 229.3300018310547 277.531005859375
v 131.84100341796875 262.8269958496094 287.5799865722656
v 127.08799743652344 246.59100341796875 275.0820007324219
v 127.5719985961914 247.0279998779297 274.97198486328125
v 126.63300323486328 244.30099487304688 235.85299682617188
v 147.51800537109375 229.67599487304688 220.03199768066406
v 133.1479949951172 262.468994140625 287.927001953125
v 162.77699279785156 242.25799560546875 287.15301513671875
v 162.6719970703125 242.22799682617188 291.3399963378906
v 162.76199340820312 246.5659942626953 289.5790100097656
v 161.61900329589844 239.8769989013672 289.54400634765625
v 123.0009994506836 251.48699951171875 228.47000122070312
v 151.5540008544922 259.47601318359375 323.7749938964844
v 149.15899658203125 257.8609924316406 322.4200134277344
v 149.91000366210938 261.5190124511719 323.77398681640625
v 152.0760040283203 256.0589904785156 322.7170104980469
v 149.8070068359375 240.7740020751953 293.83099365234375
v 148.5229949951172 239.97900390625 299.3550109863281
v 151.552001953125 240.33299255371094 300.51300048828125
v 146.45199584960938 240.6280059814453 294.9849853515625
v 133.60899353027344 257.52301025390625 266.39801025390625
v 133.37899780273438 257.49798583984375 268.1260070800781
v 147.3800048828125 224.47300720214844 273.3080139160156
v 148.09100341796875 224.8780059814453 269.0780029296875
v 151.08599853515625 245.89199829101562 314.260986328125
v 155.1479949951172 245.3979949951172 314.6510009765625
v 114.74299621582031 227.0050048828125 272.54400634765625
v 113.83699798583984 226.51199340820312 267.49200439453125
v 111.14900207519531 229.11700439453125 270.8529968261719
v 117.30799865722656 224.30999755859375 268.0610046386719
v 146.25599670410156 230.1840057373047 249.5469970703125
v 146.16900634765625 231.44000244140625 251.02099609375
v 146.82699584960938 229.11900329589844 250.6750030517578
v 139.00100708007812 265.12799072265625 292.5920104980469
v 139.8179931640625 265.1860046386719 294.9460144042969
v 148.41799926757812 240.23300170898438 303.33599853515625
v 146.2469940185547 239.16099548339844 300.5069885253906
v 128.77499389648438 241.43899536132812 234.46299743652344
v 129.12899780273438 241.4929962158203 235.39999389648438
v 128.34300231933594 241.5050048828125 234.0540008544922
v 147.37399291992188 228.3350067138672 258.072998046875
v 147.59300231933594 232.04800415039062 262.9110107421875
v 147.63099670410156 234.2469940185547 261.3479919433594
v 138.11300659179688 222.38099670410156 281.5710144042969
v 137.68699645996094 220.20199584960938 279.510009765625
v 135.93800354003906 221.4969940185547 281.47601318359375
v 140.92599487304688 220.9459991455078 279.8479919433594
v 117.18399810791016 255.36900329589844 291.19500732421875
v 119.88500213623047 251.8769989013672 293.73199462890625
v 130.24099731445312 245.5989990234375 270.86199951171875
v 131.1510009765625 246.22300720214844 272.4209899902344
v 131.56100463867188 245.73500061035156 270.9840087890625
v 129.58099365234375 246.2169952392578 272.0320129394531
v 135.45700073242188 239.0959930419922 249.65199279785156
v 135.2310028076172 239.89700317382812 250.57899475097656
v 129.80099487304688 250.6479949951172 263.6570129394531
v 119.61299896240234 246.21800231933594 230.8209991455078
v 112.01100158691406 234.27000427246094 277.05999755859375
v 108.16799926757812 232.94000244140625 271.9119873046875
v 110.08300018310547 236.9290008544922 276.8399963378906
v 110.4800033569336 231.0070037841797 273.3699951171875
v 155.4320068359375 261.0360107421875 280.37200927734375
v 158.16600036621094 255.4949951171875 279.97900390625
v 155.44400024414062 256.6789855957031 274.14599609375
v 136.29299926757812 253.8509979248047 290.4209899902344
v 137.26800537109375 253.10800170898438 291.885009765625
v 128.72999572753906 244.95799255371094 238.7469940185547
v 128.0279998779297 244.98199462890625 238.12100219726562
v 130.3560028076172 244.23699951171875 239.35499572753906
v 130.31100463867188 243.49400329589844 239.41299438476562
v 145.26800537109375 247.47999572753906 254.9510040283203
v 137.38099670410156 235.25599670410156 251.06100463867188
v 137.74200439453125 236.19400024414062 250.06700134277344
v 144.72000122070312 212.35800170898438 229.96400451660156
v 143.78500366210938 211.3470001220703 233.43099975585938
v 144.4149932861328 213.97900390625 227.3520050048828
v 127.80000305175781 245.23800659179688 234.3509979248047
v 129.6739959716797 244.38299560546875 239.531005859375
v 129.49200439453125 244.94000244140625 238.87100219726562
v 137.8730010986328 249.34800720214844 279.25799560546875
v 137.156005859375 254.13699340820312 233.27000427246094
v 132.28599548339844 264.8160095214844 244.73199462890625
v 110.41400146484375 242.9980010986328 250.4219970703125
v 112.58699798583984 242.6840057373047 245.75399780273438
v 138.95899963378906 230.81300354003906 219.14199829101562
v 159.26300048828125 239.07400512695312 283.91900634765625
v 137.3800048828125 254.00399780273438 294.0570068359375
v 137.70399475097656 254.54100036621094 295.0559997558594
v 138.65699768066406 253.3820037841797 293.6669921875
v 132.43499755859375 232.5279998779297 222.28199768066406
v 132.1199951171875 234.14599609375 222.34500122070312
v 142.91900634765625 216.62100219726562 224.61500549316406
v 145.13600158691406 216.42599487304688 224.41099548339844
v 143.5189971923828 217.718994140625 223.71200561523438
v 144.3730010986328 215.43800354003906 225.30799865722656
v 134.29800415039062 242.32699584960938 299.8340148925781
v 129.1510009765625 243.52499389648438 297.7430114746094
v 132.53500366210938 238.04299926757812 297.1470031738281
v 146.56199645996094 230.80799865722656 219.625
v 138.20799255371094 238.0019989013672 250.04400634765625
v 137.11599731445312 260.6600036621094 284.2090148925781
v 137.4239959716797 259.31201171875 284.9070129394531
v 102.18900299072266 244.1719970703125 261.7130126953125
v 102.96199798583984 245.5959930419922 258.9179992675781
v 133.42799377441406 234.63099670410156 221.1750030517578
v 124.98999786376953 238.57699584960938 228.5279998779297
v 125.71499633789062 234.0500030517578 229.2480010986328
v 127.68299865722656 236.13099670410156 226.2969970703125
v 123.08200073242188 235.677001953125 231.177001953125
v 116.09400177001953 236.072998046875 244.23899841308594
v 145.43099975585938 268.5780029296875 321.4639892578125
v 148.01100158691406 266.1600036621094 323.2040100097656
v 134.36599731445312 257.5429992675781 283.7850036621094
v 142.16200256347656 263.6059875488281 298.5830078125
v 141.51300048828125 264.489013671875 298.9070129394531
v 141.7209930419922 263.9360046386719 299.72198486328125
v 141.4810028076172 264.60198974609375 297.52801513671875
v 140.84500122070312 228.322998046875 244.98599243164062
v 140.81900024414062 231.63499450683594 244.48300170898438
v 141.19900512695312 232.43099975585938 245.03700256347656
v 134.23399353027344 263.34698486328125 282.3169860839844
v 133.58200073242188 264.02301025390625 282.4670104980469
v 134.26300048828125 264.00799560546875 283.2040100097656
v 133.156005859375 263.25201416015625 281.81500244140625
v 151.82699584960938 241.80299377441406 240.7030029296875
v 152.12399291992188 242.61199951171875 244.89500427246094
v 155.72999572753906 237.61099243164062 244.36199951171875
v 115.4749984741211 273.635986328125 263.92401123046875
v 154.7480010986328 267.1080017089844 288.4540100097656
v 156.7220001220703 237.27000427246094 249.39599609375
v 157.68600463867188 234.78599548339844 252.11700439453125
v 156.26100158691406 237.4739990234375 253.6179962158203
v 154.48500061035156 246.718994140625 274.2130126953125
v 155.5489959716797 250.04600524902344 273.54901123046875
v 138.22500610351562 263.81201171875 298.5589904785156
v 138.6739959716797 263.489990234375 299.8280029296875
v 149.7949981689453 247.57699584960938 266.1960144042969
v 148.3000030517578 245.75 267.87200927734375
v 149.7050018310547 246.29400634765625 269.9809875488281
v 126.38300323486328 245.38600158691406 273.5669860839844
v 159.6790008544922 248.36300659179688 277.9960021972656
v 161.01499938964844 249.4080047607422 283.05999755859375
v 159.8300018310547 251.6439971923828 280.44000244140625
v 160.69500732421875 247.22900390625 279.1499938964844
v 144.73800659179688 224.8780059814453 255.6219940185547
v 143.23800659179688 224.697998046875 256.0429992675781
v 133.66700744628906 244.55299377441406 253.64500427246094
v 134.0240020751953 244.45799255371094 249.42999267578125
v 133.31300354003906 251.5489959716797 270.9960021972656
v 158.93099975585938 264.8710021972656 316.947998046875
v 159.01800537109375 264.5820007324219 312.1679992675781
v 160.5050048828125 260.50201416015625 316.8760070800781
v 157.1020050048828 269.2340087890625 313.9620056152344
v 141.9969940185547 246.63299560546875 229.26300048828125
v 135.3719940185547 259.4339904785156 290.218994140625
v 134.5019989013672 230.87899780273438 264.61199951171875
v 146.93800354003906 226.99200439453125 252.6230010986328
v 146.41700744628906 227.38999938964844 250.7209930419922
v 137.21200561523438 272.4809875488281 316.0409851074219
v 137.4739990234375 273.8659973144531 315.197998046875
v 136.697998046875 269.8370056152344 315.34698486328125
v 151.04200744628906 255.03599548339844 262.3070068359375
v 150.4770050048828 250.99899291992188 261.9150085449219
v 151.4600067138672 249.75799560546875 266.9750061035156
v 128.73500061035156 243.093994140625 270.0150146484375
v 127.85800170898438 242.1300048828125 270.35198974609375
v 133.86300659179688 243.71099853515625 253.90699768066406
v 141.64599609375 250.93800354003906 288.8179931640625
v 143.2969970703125 251.6699981689453 290.8169860839844
v 141.6649932861328 251.9219970703125 291.0010070800781
v 139.34100341796875 278.0400085449219 313.7179870605469
v 133.6300048828125 260.093994140625 280.5719909667969
v 144.6750030517578 237.875 261.45098876953125
v 146.843994140625 238.2519989013672 261.6159973144531
v 129.072998046875 252.81700134277344 265.8039855957031
v 129.406005859375 253.33399963378906 266.58099365234375
v 135.8000030517578 255.43499755859375 289.8999938964844
v 140.4219970703125 265.09698486328125 296.9939880371094
v 139.84800720214844 265.0169982910156 298.50799560546875
v 138.50599670410156 240.98899841308594 260.1549987792969
v 133.5240020751953 235.83299255371094 270.906005859375
v 132.22900390625 235.77699279785156 269.65899658203125
v 136.91000366210938 237.61300659179688 273.71600341796875
v 134.177001953125 250.37600708007812 266.52099609375
v 134.531005859375 250.79400634765625 267.1820068359375
v 134.39599609375 251.0970001220703 265.0610046386719
v 140.26100158691406 217.8679962158203 275.4219970703125
v 139.90499877929688 213.281005859375 263.6470031738281
v 138.50100708007812 260.4110107421875 314.2969970703125
v 138.91799926757812 255.89199829101562 312.68701171875
v 133.5449981689453 239.69700622558594 250.27499389648438
v 118.45800018310547 234.22000122070312 240.1529998779297
v 118.8010025024414 235.39700317382812 237.27099609375
v 121.15499877929688 232.71800231933594 236.93699645996094
v 142.29800415039062 225.15899658203125 250.8990020751953
v 142.24400329589844 224.66299438476562 252.8679962158203
v 145.62600708007812 257.927001953125 296.5
v 140.55599975585938 225.20700073242188 253.1300048828125
v 137.71299743652344 256.02899169921875 270.6780090332031
v 136.85499572753906 256.47100830078125 269.0469970703125
v 125.84500122070312 242.33200073242188 295.10198974609375
v 123.0989990234375 247.63299560546875 295.4599914550781
v 123.05000305175781 240.18099975585938 291.23699951171875
v 134.75799560546875 233.03199768066406 220.531005859375
v 136.18699645996094 233.85000610351562 220.0709991455078
v 134.8679962158203 234.39500427246094 220.32899475097656
v 140.7270050048828 263.052001953125 301.6719970703125
v 141.00399780273438 262.2879943847656 301.5870056152344
v 141.47900390625 262.5929870605469 300.95098876953125
v 130.84300231933594 242.75799560546875 277.5679931640625
v 131.8040008544922 243.10800170898438 276.8890075683594
v 130.51600646972656 243.64700317382812 277.95599365234375
v 135.47300720214844 260.75201416015625 281.73199462890625
v 134.60699462890625 260.3689880371094 280.9960021972656
v 135.64100646972656 259.9020080566406 281.2539978027344
v 137.4600067138672 233.90699768066406 220.02699279785156
v 139.51199340820312 250.72300720214844 288.4679870605469
v 158.74400329589844 216.76400756835938 250.5
v 120.125 263.0260009765625 296.7149963378906
v 133.2030029296875 244.31399536132812 254.7209930419922
v 132.55099487304688 245.23800659179688 254.75
v 132.0800018310547 244.55099487304688 255.4250030517578
v 126.7770004272461 243.22500610351562 272.02899169921875
v 132.57000732421875 227.8179931640625 286.4289855957031
v 130.1820068359375 228.60499572753906 287.0400085449219
v 129.8520050048828 227.23500061035156 284.04400634765625
v 136.76699829101562 263.614990234375 295.6759948730469
v 151.09800720214844 252.06199645996094 319.75201416015625
v 149.89599609375 254.57000732421875 320.87298583984375
v 153.03900146484375 254.3280029296875 321.9330139160156
v 129.2100067138672 240.96800231933594 275.85101318359375
v 130.02699279785156 240.08900451660156 275.2699890136719
v 127.16899871826172 243.53799438476562 276.5090026855469
v 145.20399475097656 254.1510009765625 295.25201416015625
v 119.42400360107422 269.73199462890625 251.01300048828125
v 124.18299865722656 270.4639892578125 250.0780029296875
v 124.26300048828125 272.43499755859375 253.4320068359375
v 147.3249969482422 222.14100646972656 273.5320129394531
v 146.22900390625 220.16700744628906 273.27301025390625
v 159.72900390625 239.89599609375 282.27301025390625
v 161.1750030517578 239.81199645996094 284.76300048828125
v 141.79200744628906 233.03700256347656 249.5030059814453
v 133.06199645996094 258.7560119628906 285.0169982910156
v 155.25900268554688 212.14300537109375 244.63600158691406
v 135.67799377441406 239.38099670410156 252.45399475097656
v 135.1529998779297 239.72000122070312 251.36099243164062
v 137.69700622558594 255.77000427246094 272.44000244140625
v 130.9149932861328 265.0780029296875 284.9739990234375
v 130.6999969482422 264.3160095214844 285.97198486328125
v 156.01199340820312 223.8470001220703 228.8800048828125
v 133.50999450683594 233.44400024414062 221.1649932861328
v 139.44000244140625 247.6199951171875 279.80499267578125
v 140.48300170898438 245.0919952392578 281.80499267578125
v 118.38700103759766 265.8169860839844 247.0540008544922
v 136.25100708007812 259.2430114746094 295.6189880371094
v 132.2050018310547 243.59100341796875 276
v 135.04299926757812 257.74798583984375 286.41400146484375
v 134.5399932861328 258.6080017089844 287.4729919433594
v 137.3159942626953 228.69000244140625 262.9049987792969
v 162.0760040283203 241.2209930419922 297.4599914550781
v 147.4550018310547 242.1219940185547 229.23300170898438
v 123.96099853515625 232.1439971923828 233.20799255371094
v 154.55099487304688 240.7689971923828 304.031005859375
v 129.96800231933594 244.23899841308594 252.36700439453125
v 130.01300048828125 245.08399963378906 252.2550048828125
v 129.8090057373047 244.57400512695312 252.9810028076172
v 143.552001953125 220.625 221.35899353027344
v 143.13400268554688 210.34300231933594 237.88400268554688
v 139.70700073242188 232.302001953125 246.38600158691406
v 140.41400146484375 232.67599487304688 245.66200256347656
v 147.97500610351562 235.531005859375 223.13299560546875
v 135.20399475097656 250.44400024414062 269.9150085449219
v 134.50100708007812 250.66000366210938 262.8080139160156
v 128.25599670410156 243.11700439453125 239.76800537109375
v 128.31399536132812 242.37600708007812 239.41600036621094
v 129.30299377441406 243.03700256347656 239.6840057373047
v 133.94200134277344 262.58099365234375 281.739990234375
v 138.52499389648438 276.0740051269531 314.5570068359375
v 132.18600463867188 243.77200317382812 270.8949890136719
v 132.55499267578125 245.08900451660156 272.39300537109375
v 130.99200439453125 244.8719940185547 270.2959899902344
v 117.4229965209961 244.24099731445312 233.14300537109375
v 115.36399841308594 245.18099975585938 236.63600158691406
v 150.37600708007812 260.8210144042969 265.31500244140625
v 138.82899475097656 254.50799560546875 280.8489990234375
v 138.072998046875 255.1060028076172 282.7690124511719
v 139.6269989013672 255.46800231933594 282.7449951171875
v 126.57599639892578 244.375 272.0249938964844
v 126.66600036621094 245.2100067138672 272.19000244140625
v 126.33200073242188 244.62600708007812 273.09698486328125
v 135.13400268554688 255.73699951171875 273.6809997558594
v 138.6820068359375 254.9949951171875 271.5920104980469
v 139.48500061035156 253.88600158691406 270.8219909667969
v 110.5260009765625 232.35000610351562 257.9049987792969
v 127.1240005493164 243.21299743652344 271.0220031738281
v 141.093994140625 226.55499267578125 248.55999755859375
v 134.11599731445312 235.46200561523438 220.78199768066406
v 140.17300415039062 254.17100524902344 274.6780090332031
v 139.11300659179688 254.656005859375 273.65399169921875
v 127.58499908447266 239.61599731445312 272.29998779296875
v 151.76199340820312 276.02398681640625 302.0060119628906
v 155.54400634765625 271.53900146484375 307.2560119628906
v 152.49200439453125 276.5769958496094 306.90399169921875
v 155.76199340820312 267.68701171875 297.60400390625
v 148.93099975585938 249.36399841308594 316.4670104980469
v 122.65799713134766 281.6730041503906 296.62298583984375
v 123.64399719238281 284.1029968261719 295.02899169921875
v 126.54399871826172 283.25799560546875 298.2170104980469
v 121.41699981689453 283.0840148925781 293.5010070800781
v 108.72699737548828 255.39599609375 255.09300231933594
v 129.29600524902344 244.84800720214844 233.28799438476562
v 128.28799438476562 244.89500427246094 233.2270050048828
v 136.23199462890625 235.1269989013672 220.00999450683594
v 150.8990020751953 243.8560028076172 248.6510009765625
v 154.49099731445312 240.49400329589844 247.61399841308594
v 150.13699340820312 234.05999755859375 262.0419921875
v 150.77099609375 230.93499755859375 262.60400390625
v 138.99099731445312 234.9550018310547 219.95799255371094
v 138.35699462890625 233.32200622558594 219.8820037841797
v 160.76499938964844 245.38600158691406 312.23199462890625
v 160.65699768066406 243.8300018310547 309.7179870605469
v 142.95799255371094 259.5539855957031 297.41900634765625
v 134.63699340820312 225.78500366210938 223.8040008544922
v 146.27000427246094 274.93701171875 317.2909851074219
v 144.38699340820312 274.73699951171875 318.18798828125
v 133.96400451660156 248.79400634765625 262.5780029296875
v 140.34500122070312 225.95399475097656 250.57699584960938
v 141.91000366210938 225.927001953125 249.2899932861328
v 161.21400451660156 255.70199584960938 318.02801513671875
v 160.23699951171875 254.57200622558594 320.0249938964844
v 161.46600341796875 254.01199340820312 316.6449890136719
v 139.70599365234375 212.4600067138672 234.50399780273438
v 134.7689971923828 222.2030029296875 281.5320129394531
v 132.58200073242188 221.72500610351562 280.3970031738281
v 133.79400634765625 225.50799560546875 283.61199951171875
v 134.96099853515625 220.36199951171875 279.7239990234375
v 136.9320068359375 255.77499389648438 267.4679870605469
v 137.25900268554688 254.29299926757812 267.30499267578125
v 159.427001953125 242.8719940185547 278.5249938964844
v 149.18899536132812 225.95799255371094 265.8800048828125
v 142.54600524902344 244.343994140625 226.74899291992188
v 144.9149932861328 244.8249969482422 230.45700073242188
v 138.25599670410156 257.78900146484375 285.1629943847656
v 137.29100036621094 257.65301513671875 284.8280029296875
v 137.70599365234375 256.2720031738281 284.114990234375
v 133.52200317382812 242.0780029296875 248.44900512695312
v 123.40699768066406 277.72698974609375 299.1000061035156
v 118.98400115966797 273.1130065917969 295.5140075683594
v 126.63300323486328 243.38699340820312 237.6840057373047
v 136.55099487304688 257.4620056152344 284.22198486328125
v 130.31100463867188 240.36199951171875 268.2330017089844
v 136.8509979248047 256.1549987792969 295.5360107421875
v 136.2259979248047 257.2760009765625 294.9530029296875
v 134.2449951171875 236.17999267578125 254.04100036621094
v 134.8209991455078 235.37899780273438 252.64599609375
v 134.4669952392578 237.41700744628906 251.7310028076172
v 158.47300720214844 253.54800415039062 321.4110107421875
v 159.3730010986328 255.89700317382812 321.4670104980469
v 157.09300231933594 255.6699981689453 322.2300109863281
v 114.29100036621094 243.18499755859375 284.1700134277344
v 109.81900024414062 246.69500732421875 280.2900085449219
v 113.052001953125 249.63800048828125 285.30499267578125
v 110.33300018310547 241.10400390625 279.1369934082031
v 134.4980010986328 249.73500061035156 263.72900390625
v 110.43800354003906 263.0979919433594 265.0369873046875
v 111.55599975585938 265.85400390625 267.2239990234375
v 111.76499938964844 266.572998046875 269.4830017089844
v 117.91000366210938 253.281005859375 234.23199462890625
v 135.38099670410156 235.86700439453125 220.27000427246094
v 134.52099609375 237.1439971923828 221.34300231933594
v 146.1649932861328 218.35299682617188 223.33299255371094
v 144.46600341796875 219.31500244140625 222.46600341796875
v 143.73399353027344 273.1629943847656 319.4440002441406
v 143.66799926757812 270.7950134277344 320.02899169921875
v 135.89599609375 239.67799377441406 222.4199981689453
v 130.447998046875 243.39300537109375 270.0260009765625
v 132.29400634765625 224.78700256347656 226.6300048828125
v 135.29299926757812 250.25 272.9830017089844
v 134.03399658203125 250.70799255371094 270.9010009765625
v 137.3350067138672 249.781005859375 272.2030029296875
v 156.96299743652344 218.7790069580078 234.78700256347656
v 158.5780029296875 220.20700073242188 240.33999633789062
v 157.93600463867188 223.00399780273438 235.74200439453125
v 142.54600524902344 244.92999267578125 288.07501220703125
v 145.2779998779297 231.0850067138672 276.26800537109375
v 143.8939971923828 231.81300354003906 277.5979919433594
v 144.35000610351562 248.19700622558594 278.5570068359375
v 145.76100158691406 247.10899353027344 281.3190002441406
v 142.26100158691406 268.5509948730469 320.00799560546875
v 140.177001953125 269.6969909667969 318.9679870605469
v 138.9600067138672 268.9389953613281 317.65301513671875
v 137.68299865722656 232.80999755859375 292.2590026855469
v 136.6999969482422 231.2169952392578 291.18499755859375
v 136.40899658203125 232.11199951171875 292.5740051269531
v 137.7550048828125 231.77099609375 289.6570129394531
v 134.5279998779297 241.1999969482422 253.73800659179688
v 126.5530014038086 229.4149932861328 284.4649963378906
v 122.44999694824219 228.677001953125 280.8710021972656
v 122.82599639892578 231.6540069580078 283.5509948730469
v 125.71600341796875 226.4929962158203 281.05499267578125
v 127.41799926757812 240.6510009765625 270.2179870605469
v 141.1280059814453 250.82400512695312 272.60400390625
v 144.83700561523438 224.58799743652344 279.4840087890625
v 143.9290008544922 222.62600708007812 279.72198486328125
v 144.08999633789062 282.7590026855469 301.2980041503906
v 136.00100708007812 237.5 220.8560028076172
v 162.5500030517578 242.56399536132812 300.5710144042969
v 128.12399291992188 247.14100646972656 274.9010009765625
v 127.93800354003906 246.96800231933594 274.0429992675781
v 150.0189971923828 242.54600524902344 278.2330017089844
v 159.94500732421875 257.97698974609375 299.5039978027344
v 160.66700744628906 258.5589904785156 310.9580078125
v 158.65899658203125 263.7560119628906 305.8789978027344
v 161.39100646972656 255.71400451660156 306.8290100097656
v 117.77799987792969 275.4490051269531 293.24700927734375
v 116.25 277.072998046875 289.0480041503906
v 130.6490020751953 260.8550109863281 283.1570129394531
v 131.79800415039062 249.38400268554688 258.88299560546875
v 130.99000549316406 249.50599670410156 259.1239929199219
v 139.63400268554688 254.31399536132812 272.385009765625
v 138.76600646972656 234.13600158691406 291.12701416015625
v 138.7209930419922 247.8780059814453 282.71600341796875
v 125.46700286865234 281.13800048828125 299.4519958496094
v 128.27699279785156 253.81199645996094 228.0070037841797
v 152.8090057373047 217.0019989013672 227.21499633789062
v 128.3280029296875 245.50799560546875 270.8210144042969
v 134.15499877929688 257.0580139160156 265.1549987792969
v 135.5590057373047 256.73199462890625 271.8739929199219
v 134.52000427246094 256.0870056152344 273.17498779296875
v 136.41299438476562 256.35101318359375 272.4289855957031
v 125.74700164794922 249.4250030517578 227.86500549316406
v 159.66700744628906 261.01800537109375 319.8529968261719
v 159.01600646972656 262.7510070800781 319.5350036621094
v 141.21200561523438 264.8699951171875 296.3739929199219
v 142.0590057373047 264.48199462890625 295.9670104980469
v 130.99600219726562 250.25999450683594 258.3789978027344
v 144.6699981689453 243.8679962158203 288.0530090332031
v 145.57899475097656 242.30599975585938 290.33099365234375
v 146.7790069580078 242.9149932861328 288.8269958496094
v 126.44499969482422 243.74899291992188 236.63400268554688
v 136.48699951171875 263.70098876953125 284.5150146484375
v 135.96800231933594 263.3580017089844 283.177001953125
v 131.03500366210938 261.5459899902344 285.49200439453125
v 130.49600219726562 261.9960021972656 284.385986328125
v 130.3459930419922 277.1610107421875 306.17498779296875
v 137.33200073242188 253.47900390625 276.3689880371094
v 143.31700134277344 257.9639892578125 297.6990051269531
v 155.76499938964844 260.54400634765625 323.7409973144531
v 125.99400329589844 282.64898681640625 273.2149963378906
v 125.77300262451172 284.95001220703125 278.0060119628906
v 130.06700134277344 281.7690124511719 272.5740051269531
v 137.24600219726562 263.00799560546875 287.3580017089844
v 132.96099853515625 248.4219970703125 262.6579895019531
v 106.58999633789062 236.7949981689453 273.3559875488281
v 104.5780029296875 239.34300231933594 271.3680114746094
v 106.46600341796875 242.71600341796875 275.22198486328125
v 105.69400024414062 235.6219940185547 270.4129943847656
v 138.64700317382812 233.3679962158203 289.052001953125
v 139.23899841308594 235.91200256347656 290.52099609375
v 138.88699340820312 234.32400512695312 285.8609924316406
v 112.19200134277344 240.36900329589844 249.14700317382812
v 158.74000549316406 249.14199829101562 318.9949951171875
v 158.41900634765625 251.40899658203125 320.5050048828125
v 159.64100646972656 250.0800018310547 319.2200012207031
v 156.843994140625 250.13099670410156 319.7860107421875
v 132.62399291992188 244.45199584960938 274.7980041503906
v 132.10400390625 245.80299377441406 274.3389892578125
v 156.5780029296875 235.08299255371094 256.12298583984375
v 120.31099700927734 235.18899536132812 284.7359924316406
v 127.62000274658203 243.58900451660156 239.2949981689453
v 134.0240020751953 271.0780029296875 254.13999938964844
v 131.5800018310547 246.30099487304688 251.5679931640625
v 131.99600219726562 246.0970001220703 250.21400451660156
v 139.72500610351562 242.76699829101562 276.9859924316406
v 139.87600708007812 236.63299560546875 274.0409851074219
v 146.9709930419922 252.4459991455078 292.32598876953125
v 146.82699584960938 253.07699584960938 292.9440002441406
v 146.2270050048828 252.18099975585938 292.2380065917969
v 147.40899658203125 252.93299865722656 291.63299560546875
v 135.052001953125 256.7770080566406 265.4729919433594
v 135.16900634765625 256.00201416015625 264.5830078125
v 134.49899291992188 256.5069885253906 264.4859924316406
v 135.5709991455078 256.47198486328125 265.93701171875
v 159.60899353027344 239.0290069580078 294.61199951171875
v 154.2760009765625 239.64599609375 293.79998779296875
v 133.41200256347656 241.23500061035156 224.06700134277344
v 135.93699645996094 243.01800537109375 224.32899475097656
v 129.072998046875 243.58200073242188 277.9490051269531
v 129.8939971923828 243.8520050048828 278
v 126.77799987792969 255.54100036621094 228.73599243164062
v 131.04299926757812 256.6579895019531 269.1260070800781
v 129.68099975585938 255.5399932861328 228.97799682617188
v 148.2989959716797 243.74400329589844 235.00799560546875
v 132.81900024414062 255.35299682617188 230.35800170898438
v 156.21099853515625 239.2570037841797 282.0299987792969
v 154.1009979248047 240.41700744628906 280.4129943847656
v 106.83599853515625 250.88800048828125 254.97799682617188
v 156.86900329589844 222.22300720214844 231.6750030517578
v 143.08799743652344 230.16400146484375 265.0369873046875
v 128.46200561523438 241.85800170898438 238.66600036621094
v 129.1529998779297 242.35699462890625 239.20899963378906
v 133.63299560546875 235.23199462890625 256.50201416015625
v 132.9459991455078 233.58299255371094 258.2929992675781
v 132.88299560546875 236.625 259.3280029296875
v 127.04900360107422 243.88600158691406 238.24200439453125
v 126.69200134277344 244.07200622558594 237.1909942626953
v 137.27699279785156 228.42599487304688 252.76800537109375
v 136.48599243164062 231.0590057373047 252.52000427246094
v 135.6790008544922 229.77499389648438 255.18299865722656
v 148.24400329589844 263.0589904785156 323.864013671875
v 145.66799926757812 264.02801513671875 322.3999938964844
v 149.5679931640625 241.4199981689453 288.1700134277344
v 148.50100708007812 241.8939971923828 291.4230041503906
v 142.55099487304688 264.2090148925781 294.7650146484375
v 136.28199768066406 230.18299865722656 289.5419921875
v 144.11000061035156 227.56700134277344 247.07899475097656
v 148.96299743652344 239.5749969482422 258.7869873046875
v 139.97900390625 261.0929870605469 300.4540100097656
v 141.0240020751953 260.9230041503906 300.052001953125
v 140.5290069580078 261.2130126953125 300.90301513671875
v 136.11900329589844 230.2050018310547 265.1759948730469
v 159.46200561523438 248.8159942626953 317.9540100097656
v 142.6699981689453 233.57400512695312 252.12100219726562
v 140.90499877929688 226.26400756835938 259.4460144042969
v 142.91799926757812 225.69000244140625 257.89599609375
v 143.4709930419922 227.21099853515625 259.7690124511719
v 140.35000610351562 225.38900756835938 256.6549987792969
v 153.19700622558594 271.8009948730469 317.177001953125
v 154.35400390625 272.1549987792969 315.0249938964844
v 137.32400512695312 264.32598876953125 289.5199890136719
v 132.13800048828125 244.4219970703125 276.1109924316406
v 121.26599884033203 285.0539855957031 287.68798828125
v 132.15699768066406 237.06199645996094 273.1780090332031
v 131.02000427246094 237.7259979248047 273.67401123046875
v 134.8070068359375 251.48399353027344 266.4800109863281
v 130.4320068359375 242.0540008544922 251.35800170898438
v 130.36300659179688 242.30099487304688 252.56300354003906
v 130.68600463867188 245.5959930419922 254.3470001220703
v 130.31100463867188 245.5970001220703 253.0449981689453
v 131.1280059814453 259.07501220703125 234.6699981689453
v 130.86199951171875 257.3089904785156 231.5570068359375
v 134.61099243164062 257.1759948730469 234.54299926757812
v 150.3939971923828 241.2570037841797 305.364990234375
v 145.84500122070312 251.81700134277344 290.6310119628906
v 137.0570068359375 224.11500549316406 282
v 139.33999633789062 242.10499572753906 303.2099914550781
v 136.13600158691406 242.8769989013672 301.5610046386719
v 129.92100524902344 244.89300537109375 253.46299743652344
v 139.4709930419922 229.9239959716797 246.09500122070312
v 139.16700744628906 230.5229949951172 246.8769989013672
v 132.43800354003906 263.90399169921875 282.06500244140625
v 162.97999572753906 242.73699951171875 296.7330017089844
v 162.28399658203125 241.1479949951172 295.2430114746094
v 141.92599487304688 251.66000366210938 274.427001953125
v 134.83799743652344 257.5769958496094 282.1050109863281
v 135.36599731445312 257.24700927734375 284.1289978027344
v 128.97500610351562 270.8320007324219 251.2570037841797
v 130.3280029296875 245.29400634765625 235.6529998779297
v 145.96299743652344 228.1009979248047 259.31500244140625
v 152.91900634765625 256.6549987792969 268.1650085449219
v 155.0070037841797 252.72900390625 271.88800048828125
v 153.3560028076172 251.50799560546875 269.4110107421875
v 128.91000366210938 244.427001953125 239.51699829101562
v 129.00599670410156 243.75 239.8459930419922
v 128.30999755859375 243.84800720214844 239.7519989013672
v 141.35699462890625 276.6730041503906 315.4169921875
v 138.39500427246094 251.68600463867188 268.260986328125
v 140.16000366210938 227.28799438476562 261.64599609375
v 119.63099670410156 228.66700744628906 244.4239959716797
v 118.63899993896484 232.33799743652344 242.89999389648438
v 132.052001953125 248.56300354003906 262.5459899902344
v 130.6230010986328 273.9440002441406 256.9859924316406
v 134.11099243164062 249.7689971923828 265.4289855957031
v 134.42100524902344 250.44000244140625 264.718994140625
v 161.33999633789062 256.25299072265625 314.4389953613281
v 121.37300109863281 229.80099487304688 239.7530059814453
v 135.82200622558594 256.9150085449219 286.3420104980469
v 141.55999755859375 233.0229949951172 246.8000030517578
v 132.572998046875 259.2309875488281 283.0249938964844
v 132.63099670410156 259.2229919433594 284.6579895019531
v 160.5800018310547 250.16799926757812 317.8070068359375
v 140.31900024414062 210.63600158691406 253.64300537109375
v 129.5189971923828 246.8000030517578 276.0589904785156
v 142.2779998779297 215.6219940185547 226.2449951171875
v 130.802001953125 243.08900451660156 238.43299865722656
v 130.91000366210938 253.06300354003906 261.0929870605469
v 142.46299743652344 219.30099487304688 222.8990020751953
v 154.1439971923828 273.95599365234375 311.04901123046875
v 154.38400268554688 246.9080047607422 317.0979919433594
v 150.38600158691406 278.76300048828125 304.739990234375
v 150.61700439453125 278.64801025390625 308.2439880371094
v 130.75900268554688 264.5459899902344 284.0369873046875
v 139.41400146484375 273.197998046875 318.05999755859375
v 141.85699462890625 274.8290100097656 317.9110107421875
v 141.11199951171875 271.4490051269531 319.26800537109375
v 139.1929931640625 225.80799865722656 254.44000244140625
v 113.59200286865234 276.27801513671875 276.8280029296875
v 113.8499984741211 274.510009765625 272.25
v 111.26799774169922 272.0920104980469 275.06201171875
v 154.58099365234375 217.77999877929688 228.5290069580078
v 140.9199981689453 233.59800720214844 250.8979949951172
v 144.16600036621094 280.197998046875 290.6600036621094
v 141.48599243164062 283.0740051269531 293.7929992675781
v 136.08399963378906 261.4360046386719 295.1499938964844
v 136.63499450683594 262.57598876953125 295.9230041503906
v 131.27099609375 244.30999755859375 236.1269989013672
v 159.39199829101562 219.91799926757812 247.11399841308594
v 159.59500122070312 224.05999755859375 250.83200073242188
v 135.79100036621094 254.2519989013672 265.5780029296875
v 136.5760040283203 253.4239959716797 266.739013671875
v 136.51199340820312 255.08599853515625 266.27398681640625
v 128.36099243164062 232.38400268554688 226.8040008544922
v 130.01499938964844 234.1540069580078 224.35000610351562
v 128.1719970703125 253.4980010986328 301.27899169921875
v 160.13800048828125 246.31700134277344 277.35400390625
v 133.21499633789062 264.885009765625 283.218994140625
v 132.24899291992188 264.9649963378906 282.9100036621094
v 133.0240020751953 265.364013671875 284.5400085449219
v 132.91700744628906 264.5419921875 282.45098876953125
v 132.83299255371094 260.22100830078125 280.9679870605469
v 152.43299865722656 239.82699584960938 288.28399658203125
v 152.12600708007812 248.78900146484375 317.9490051269531
v 154.81700134277344 248.36700439453125 318.4580078125
v 128.53199768066406 238.97799682617188 268.3810119628906
v 146.24400329589844 244.27099609375 286.2879943847656
v 147.35299682617188 244.44900512695312 283.30999755859375
v 161.2259979248047 239.70799255371094 293.5159912109375
v 136.5500030517578 228.13099670410156 258.489013671875
v 144.1439971923828 225.23899841308594 257.10101318359375
v 137.9010009765625 251.1490020751953 309.1730041503906
v 157.6219940185547 260.6390075683594 289.11700439453125
v 152.2969970703125 247.86500549316406 271.8370056152344
v 158.5919952392578 240.8800048828125 279.9939880371094
v 156.63499450683594 240.40699768066406 279.760009765625
v 135.56199645996094 222.35699462890625 225.38699340820312
v 129.88900756835938 246.86700439453125 274.8789978027344
v 128.98599243164062 246.9550018310547 274.04400634765625
v 135.78799438476562 238.406005859375 297.9570007324219
v 131.38299560546875 235.08999633789062 295.3580017089844
v 132.7899932861328 245.19500732421875 248.76499938964844
v 132.23199462890625 245.67100524902344 249.21099853515625
v 132.55299377441406 244.4980010986328 248.25900268554688
v 139.86300659179688 227.03199768066406 281.98199462890625
v 135.6510009765625 263.9159851074219 286.1960144042969
v 163.25999450683594 244.41799926757812 294.4309997558594
v 122.81199645996094 225.6300048828125 278.4599914550781
v 119.96900177001953 227.5760040283203 278.3139953613281
v 106.85700225830078 233.7010040283203 261.1109924316406
v 140.16799926757812 222.2480010986328 221.94500732421875
v 107.73699951171875 259.1600036621094 263.53900146484375
v 151.02000427246094 262.5889892578125 269.9779968261719
v 140.52999877929688 234.2169952392578 280.4129943847656
v 140.11900329589844 238.26800537109375 281.8739929199219
v 139.04600524902344 231.32000732421875 283.6390075683594
v 121.25 284.59100341796875 283.135009765625
v 135.16400146484375 240.39199829101562 251.20799255371094
v 135.33200073242188 239.9759979248047 251.80299377441406
v 131.83599853515625 254.427001953125 263.7040100097656
v 132.60899353027344 255.2519989013672 263.9859924316406
v 130.95799255371094 264.1929931640625 283.17498779296875
v 120.54299926757812 283.3890075683594 279.5899963378906
v 117.22799682617188 281.6610107421875 284.8680114746094
v 158.01100158691406 215.8730010986328 244.9340057373047
v 131.92300415039062 241.0570068359375 273.9360046386719
v 131.0240020751953 240.16799926757812 274.8210144042969
v 157.7740020751953 232.41000366210938 242.9510040283203
v 140.02699279785156 251.9409942626953 290.3009948730469
v 140.44500732421875 252.77699279785156 292.6210021972656
v 137.0679931640625 252.72799682617188 267.71600341796875
v 127.22799682617188 241.5970001220703 237.06199645996094
v 131.8520050048828 255.00999450683594 272.92999267578125
v 132.81500244140625 255.43699645996094 273.51800537109375
v 132.6320037841797 254.5330047607422 273.4750061035156
v 132.72799682617188 243.5019989013672 255.48800659179688
v 101.9520034790039 244.73399353027344 265.35198974609375
v 103.21700286865234 241.98699951171875 269.093994140625
v 131.45700073242188 265.5469970703125 285.2569885253906
v 135.53399658203125 261.6400146484375 282.0190124511719
v 138.4980010986328 252.5240020751953 291.3080139160156
v 132.23800659179688 252.6739959716797 260.6099853515625
v 128.77099609375 246.2169952392578 272
v 128.3459930419922 246.61399841308594 273.02801513671875
v 129.16700744628906 246.56700134277344 272.9119873046875
v 127.81700134277344 246.17599487304688 272.1780090332031
v 145.9029998779297 246.6909942626953 284.5820007324219
v 144.38099670410156 246.93499755859375 287.3919982910156
v 141.99099731445312 224.2899932861328 280.9739990234375
v 138.01400756835938 227.25399780273438 260.6780090332031
v 139.2989959716797 255.3780059814453 238.35800170898438
v 139.4739990234375 274.8559875488281 316.843994140625
v 134.3470001220703 252.11000061035156 264.8699951171875
v 133.95399475097656 252.88800048828125 263.81298828125
v 133.10400390625 236.52000427246094 272.0870056152344
v 140.70799255371094 217.41099548339844 225.22300720214844
v 139.34100341796875 238.18699645996094 287.1929931640625
v 148.13800048828125 280.52099609375 304.6619873046875
v 131.01600646972656 263.5140075683594 282.8489990234375
v 138.03199768066406 252.67799377441406 268.0140075683594
v 137.69900512695312 230.61500549316406 287.3299865722656
v 131.7689971923828 239.79400634765625 268.125
v 146.3249969482422 225.9029998779297 251.74000549316406
v 104.34400177001953 236.57200622558594 266.8890075683594
v 102.70500183105469 240.38999938964844 264.4320068359375
v 144.93099975585938 230.33599853515625 268.74700927734375
v 160.8179931640625 257.3890075683594 319.8219909667969
v 161.14999389648438 258.0530090332031 317.3370056152344
v 154.3509979248047 256.6669921875 323.02301025390625
v 154.90499877929688 254.51100158691406 322.18701171875
v 123.66799926757812 230.33700561523438 236.1540069580078
v 146.4499969482422 256.2330017089844 293.0220031738281
v 146.29400634765625 255.1179962158203 294.14801025390625
v 146.7259979248047 255.05999755859375 292.5840148925781
v 146.04100036621094 255.36099243164062 295.29400634765625
v 140.15899658203125 225.42999267578125 281.947998046875
v 145.88299560546875 230.625 273.43701171875
v 136.19200134277344 257.95001220703125 282.90899658203125
v 137.44000244140625 264.7959899902344 291.33599853515625
v 126.60099792480469 243.44700622558594 234.18499755859375
v 131.86000061035156 243.80299377441406 248.36199951171875
v 132.88900756835938 243.7779998779297 248.1790008544922
v 133.08099365234375 231.69500732421875 258.89801025390625
v 133.29800415039062 232.10400390625 261.47698974609375
v 136.36300659179688 256.8659973144531 270.7879943847656
v 130.65899658203125 238.88900756835938 274.2869873046875
v 131.2100067138672 241.28500366210938 275.8169860839844
v 131.58599853515625 242.1219940185547 276.5400085449219
v 134.69200134277344 240.66900634765625 250.28700256347656
v 131.82000732421875 265.5 284.197998046875
v 131.47000122070312 264.13800048828125 282.4779968261719
v 131.2989959716797 264.91900634765625 283.41400146484375
v 133.98899841308594 251.9550018310547 263.1059875488281
v 147.31300354003906 254.12100219726562 291.6130065917969
v 132.56100463867188 234.947998046875 261.7770080566406
v 130.6020050048828 256.19500732421875 268.3630065917969
v 131.1529998779297 255.90199279785156 270.7950134277344
v 130.52200317382812 255.06300354003906 269.135986328125
v 149.73699951171875 220.28500366210938 223.49899291992188
v 112.14199829101562 269.9700012207031 271.6929931640625
v 117.24199676513672 247.66799926757812 233.4250030517578
v 131.42300415039062 255.2949981689453 271.9360046386719
v 131.7689971923828 254.3939971923828 272.3070068359375
v 148.14999389648438 222.50399780273438 270.0780029296875
v 130.06399536132812 246.61099243164062 273.43701171875
v 147.16600036621094 280.3810119628906 299.2829895019531
v 146.35299682617188 270.3320007324219 274.0870056152344
v 131.8520050048828 240.7899932861328 249.13600158691406
v 131.8520050048828 241.48899841308594 248.53799438476562
v 142.11000061035156 256.2449951171875 284.8810119628906
v 139.51600646972656 256.27398681640625 284.114013671875
v 140.54400634765625 254.96099853515625 282.2030029296875
v 127.56600189208984 243.97799682617188 277.5379943847656
v 134.33399963378906 264.0580139160156 286.84600830078125
v 134.7830047607422 264.15899658203125 285.96600341796875
v 140.75100708007812 281.42498779296875 308.19500732421875
v 135.81700134277344 233.46099853515625 252.64500427246094
v 124.35199737548828 227.3350067138672 237.24899291992188
v 127.1969985961914 242.41400146484375 271.46600341796875
v 132.55499267578125 242.14500427246094 248.2010040283203
v 144.80799865722656 230.3470001220703 263.9530029296875
v 135.64999389648438 212.3209991455078 260.38800048828125
v 134.87899780273438 211.4810028076172 254.41299438476562
v 129.71299743652344 241.9459991455078 235.00999450683594
v 138.5070037841797 271.2049865722656 317.6650085449219
v 142.81700134277344 228.4010009765625 245.302001953125
v 142.58700561523438 229.2010040283203 244.72300720214844
v 156.53500366210938 252.85000610351562 321.58599853515625
v 162.33599853515625 243.83700561523438 305.8479919433594
v 159.2790069580078 242.02999877929688 306.5780029296875
v 130.63099670410156 249.49899291992188 260.0920104980469
v 133.3699951171875 244.53900146484375 248.60800170898438
v 153.85400390625 251.69500732421875 320.4939880371094
v 140.09100341796875 263.8340148925781 301.5190124511719
v 132.50900268554688 249.6479949951172 258.4209899902344
v 139.37899780273438 260.75201416015625 299.2510070800781
v 133.0970001220703 259.3680114746094 286.49700927734375
v 112.19999694824219 229.90899658203125 274.3169860839844
v 121.72799682617188 257.1730041503906 232.16400146484375
v 136.16600036621094 256.44500732421875 267.2590026855469
v 137.43699645996094 263.5369873046875 297.0069885253906
v 147.80099487304688 238.9739990234375 260.7019958496094
v 143.23500061035156 262.0190124511719 290.8940124511719
v 141.83599853515625 252.49600219726562 292.7690124511719
v 140.92300415039062 253.4669952392578 294.03900146484375
v 131.68800354003906 255.7239990234375 264.3110046386719
v 123.58899688720703 245.60499572753906 228.8509979248047
v 135.07899475097656 263.8080139160156 283.5140075683594
v 134.48599243164062 264.3710021972656 284.6969909667969
v 132.80099487304688 245.84100341796875 249.8419952392578
v 122.71199798583984 222.87100219726562 274.3219909667969
v 119.71499633789062 224.87399291992188 274.4779968261719
v 120.91400146484375 221.927001953125 268.0559997558594
v 113.58200073242188 275.6080017089844 282.5870056152344
v 107.39399719238281 231.98699951171875 266.11199951171875
v 130.37399291992188 255.79299926757812 267.1820068359375
v 163.31700134277344 245.7480010986328 299.6830139160156
v 162.72000122070312 249.92100524902344 300.7550048828125
v 128.78599548339844 245.3350067138672 234.1929931640625
v 130.3000030517578 252.46200561523438 260.6159973144531
v 150.7239990234375 234.35400390625 225.57699584960938
v 141.16900634765625 261.67999267578125 300.9070129394531
v 141.83299255371094 262.19500732421875 300.13299560546875
v 141.73800659179688 261.4289855957031 299.89801025390625
v 155.19000244140625 236.2790069580078 239.35800170898438
v 127.36499786376953 242.1909942626953 274.0140075683594
v 114.39199829101562 272.9309997558594 269.21099853515625
v 133.8070068359375 264.66900634765625 284.02801513671875
v 143.78599548339844 275.8399963378906 316.7879943847656
v 139.08799743652344 231.60899353027344 247.51800537109375
v 148.7729949951172 236.95799255371094 261.7659912109375
v 149.2530059814453 238.5760040283203 260.7430114746094
v 131.52499389648438 253.09300231933594 261.0830078125
v 127.1500015258789 246.3280029296875 273.54901123046875
v 144.07200622558594 277.1650085449219 314.5989990234375
v 147.66099548339844 276.4289855957031 314.39599609375
v 114.38899993896484 269.4289855957031 255.2790069580078
v 150.33399963378906 267.89300537109375 323.2669982910156
v 134.37100219726562 236.30299377441406 272.0119934082031
v 127.5260009765625 241.36500549316406 235.7050018310547
v 146.64199829101562 255.5659942626953 290.8190002441406
v 114.22699737548828 239.22300720214844 282.1189880371094
v 133.39100646972656 253.1909942626953 262.99200439453125
v 136.01100158691406 262.64898681640625 289.5450134277344
v 141.37399291992188 231.25900268554688 280.8699951171875
v 130.2740020751953 224.21400451660156 229.63499450683594
v 133.64599609375 258.75201416015625 286.4079895019531
v 133.88600158691406 259.3059997558594 287.5409851074219
v 157.9320068359375 239.26100158691406 281.7829895019531
v 134.39599609375 259.77099609375 280.3370056152344
v 155.218994140625 267.7760009765625 320.02899169921875
v 145.0959930419922 231.13999938964844 249.04200744628906
v 135.5469970703125 260.9010009765625 290.6440124511719
v 135.2469940185547 260.9519958496094 288.2019958496094
v 134.54100036621094 238.84500122070312 250.4550018310547
v 134.33099365234375 239.64999389648438 251.1280059814453
v 133.9810028076172 244.71499633789062 252.7010040283203
v 142.6219940185547 249.92999267578125 276.1109924316406
v 133.2259979248047 240.37899780273438 254.7050018310547
v 139.09500122070312 261.4339904785156 300.26300048828125
v 130.6320037841797 243.29299926757812 234.45799255371094
v 140.88099670410156 263.77801513671875 301.489013671875
v 146.1219940185547 225.01199340820312 252.7310028076172
v 162.63499450683594 251.25999450683594 312.3599853515625
v 161.92999267578125 254.36399841308594 312.8210144042969
v 115.25800323486328 226.02999877929688 262.5480041503906
v 119.48799896240234 222.0189971923828 260.76300048828125
v 144.10499572753906 212.36000061035156 259.9519958496094
v 104.79499816894531 245.17100524902344 273.6029968261719
v 129.7169952392578 238.1510009765625 296.2340087890625
v 128.99400329589844 235.51100158691406 293.9200134277344
v 152.7570037841797 263.4230041503906 323.9460144042969
v 152.8820037841797 266.3210144042969 323.45001220703125
v 150.5709991455078 265.3710021972656 323.9389953613281
v 130.3459930419922 249.66900634765625 261.5360107421875
v 132.03399658203125 245.2689971923828 275.9159851074219
v 134.61199951171875 279.5220031738281 308.239013671875
v 129.77099609375 243.78199768066406 239.76100158691406
v 128.1219940185547 256.95599365234375 229.95799255371094
v 125.5790023803711 257.4219970703125 230.22500610351562
v 154.26699829101562 229.2949981689453 262.1099853515625
v 161.1719970703125 248.00399780273438 315.1579895019531
v 140.85800170898438 219.44900512695312 277.7070007324219
v 134.5590057373047 263.4949951171875 311.802001953125
v 128.77099609375 283.0950012207031 299.9309997558594
v 120.65499877929688 254.6750030517578 231.09800720214844
v 131.29200744628906 245.5229949951172 276.9159851074219
v 107.08999633789062 250.19400024414062 277.6300048828125
v 158.30099487304688 223.8979949951172 257.94000244140625
v 133.75900268554688 253.6719970703125 306.8340148925781
v 116.20700073242188 270.88800048828125 291.4049987792969
v 126.02300262451172 280.3489990234375 268.50299072265625
v 128.37100219726562 277.3949890136719 263.052001953125
v 132.20399475097656 278.2980041503906 267.58599853515625
v 147.66099548339844 230.072998046875 264.2309875488281
v 141.66400146484375 232.8459930419922 245.6999969482422
v 146.5850067138672 212.9550018310547 228.2760009765625
v 131.2790069580078 241.48699951171875 249.19500732421875
v 130.3209991455078 231.13400268554688 290.1780090332031
v 127.48200225830078 230.9010009765625 287.43499755859375
v 128.21099853515625 244.30599975585938 277.9159851074219
v 136.2740020751953 239.6750030517578 251.9290008544922
v 133.2010040283203 265.2090148925781 286.0849914550781
v 133.2740020751953 264.51800537109375 287.2749938964844
v 127.7229995727539 246.8260040283203 227.3419952392578
v 126.86399841308594 245.83900451660156 272.59100341796875
v 127.30699920654297 245.6699981689453 271.49798583984375
v 135.79200744628906 255.76199340820312 265.37298583984375
v 134.031005859375 254.73599243164062 273.9490051269531
v 145.968994140625 230.78500366210938 263.6090087890625
v 123.58399963378906 257.29998779296875 230.53199768066406
v 141.89700317382812 263.0150146484375 299.95001220703125
v 142.25900268554688 262.1300048828125 299.06298828125
v 109.30999755859375 230.177001953125 268.9320068359375
v 111.12799835205078 228.21200561523438 264.9110107421875
v 120.6729965209961 284.1470031738281 290.4670104980469
v 138.86099243164062 226.3090057373047 252.35699462890625
v 135.92999267578125 263.9410095214844 284.1889953613281
v 153.8000030517578 258.71099853515625 323.7929992675781
v 117.2239990234375 250.47999572753906 290.09100341796875
v 131.1959991455078 221.4969940185547 230.91700744628906
v 119.7490005493164 221.8780059814453 254.7270050048828
v 134.01800537109375 258.1000061035156 285.68701171875
v 146.04600524902344 236.38900756835938 261.72100830078125
v 146.31500244140625 245.38099670410156 263.79400634765625
v 156.95899963378906 258.989013671875 322.8739929199219
v 144.81300354003906 251.87399291992188 291.8739929199219
v 161.96800231933594 240.22999572753906 286.71099853515625
v 131.71299743652344 243.54400634765625 255.58099365234375
v 130.30799865722656 244.86900329589844 254.47799682617188
v 125.19000244140625 218.89100646972656 269.8529968261719
v 127.87200164794922 241.50399780273438 237.7949981689453
v 142.65199279785156 261.2449951171875 297.8139953613281
v 150.08999633789062 274.8290100097656 293.281005859375
v 127.6520004272461 243.0540008544922 270.406005859375
v 136.13099670410156 253.53799438476562 275.406005859375
v 141.81700134277344 224.82400512695312 255.4770050048828
v 143.0240020751953 254.81100463867188 296.5780029296875
v 158.31100463867188 250.93899536132812 276.0379943847656
v 157.62600708007812 253.16700744628906 276.0249938964844
v 159.6719970703125 258.27301025390625 321.1700134277344
v 129.4409942626953 244.2310028076172 270.0369873046875
v 145.4949951171875 225.83299255371094 256.86700439453125
v 145.125 226.5240020751953 258.2460021972656
v 135.21400451660156 262.6300048828125 282.2300109863281
v 131.21099853515625 286.16400146484375 290.9469909667969
v 145.0590057373047 234.98599243164062 259.9939880371094
v 110.50299835205078 229.802001953125 261.6239929199219
v 154.80999755859375 238.2570037841797 256.0610046386719
v 135.64199829101562 264.0790100097656 285.0660095214844
v 130.26199340820312 256.302001953125 304.47601318359375
v 134.72300720214844 240.05599975585938 250.9429931640625
v 135.5229949951172 260.0589904785156 293.5
v 145.58099365234375 252.77099609375 286.5010070800781
v 135.4429931640625 212.6580047607422 241.86099243164062
v 131.86399841308594 213.51800537109375 246.6840057373047
v 128.91700744628906 252.91200256347656 264.8590087890625
v 130.75799560546875 266.3450012207031 308.4010009765625
v 157.1179962158203 247.42799377441406 317.4159851074219
v 142.468994140625 232.58200073242188 278.5719909667969
v 130.65499877929688 212.91700744628906 257.60699462890625
v 110.6259994506836 264.55999755859375 269.260986328125
v 160.87899780273438 259.4440002441406 319.02801513671875
v 129.73500061035156 237.4980010986328 273.3590087890625
v 130.5240020751953 233.6510009765625 293.2049865722656
v 142.2760009765625 229.0959930419922 281.4490051269531
v 141.9340057373047 232.947998046875 248.04400634765625
v 129.44000244140625 239.3730010986328 268.1050109863281
v 140.14700317382812 262.2619934082031 288.1340026855469
v 158.41600036621094 246.68699645996094 315.57598876953125
v 143.19700622558594 227.79800415039062 246.1929931640625
v 143.84100341796875 228.41299438476562 245.98199462890625
v 136.875 227.67999267578125 260.7550048828125
v 138.2530059814453 227.82699584960938 262.2829895019531
v 137.76300048828125 238.76699829101562 250.1199951171875
v 134.91799926757812 259.43499755859375 288.0920104980469
v 154.2689971923828 261.77301025390625 323.8789978027344
v 135.7100067138672 257.5329895019531 282.9410095214844
v 133.03399658203125 260.3349914550781 308.92999267578125
v 145.8769989013672 247.61500549316406 251.47000122070312
v 128.17300415039062 244.427001953125 239.20799255371094
v 137.81199645996094 238.9290008544922 253.1719970703125
v 134.77000427246094 237.48599243164062 250.14599609375
v 139.2779998779297 229.06199645996094 247.01300048828125
v 150.5260009765625 273.46600341796875 317.1340026855469
v 130.656005859375 256.4389953613281 266.38299560546875
v 130.98500061035156 257.0320129394531 267.15301513671875
v 110.81400299072266 268.0039978027344 272.5320129394531
v 152.3300018310547 220.8679962158203 224.73500061035156
v 130.968994140625 246.22300720214844 275.8240051269531
v 130.99400329589844 246.51499938964844 274.37799072265625
v 152.4320068359375 254.78199768066406 265.1709899902344
v 161.2729949951172 254.0449981689453 297.9639892578125
v 133.2259979248047 233.37600708007812 264.5639953613281
v 142.28900146484375 251.6999969482422 276.8349914550781
v 141.75999450683594 252.89199829101562 276.8869934082031
v 146.49400329589844 262.1629943847656 258.13299560546875
v 151.50100708007812 212.5800018310547 258.3290100097656
v 162.1959991455078 241.08900451660156 284.94500732421875
v 157.6820068359375 220.78500366210938 259.60198974609375
v 142.4530029296875 232.45399475097656 247.0850067138672
v 131.02499389648438 245.01499938964844 255.1999969482422
v 130.91900634765625 244.08799743652344 255.20799255371094
v 135.79100036621094 214.5279998779297 267.5740051269531
v 141.3719940185547 263.63800048828125 300.8169860839844
v 130.38900756835938 285.09100341796875 296.5329895019531
v 132.56199645996094 263.8380126953125 287.8909912109375
v 107.78500366210938 261.3210144042969 276.39801025390625
v 134.39500427246094 237.96099853515625 253.13299560546875
v 139.552001953125 254.1580047607422 279.385986328125
v 154.72500610351562 266.1449890136719 322.1889953613281
v 129.20399475097656 245.02200317382812 270.28900146484375
v 159.53500366210938 259.947998046875 320.7959899902344
v 133.85299682617188 264.7489929199219 285.8659973144531
v 139.5500030517578 241.68800354003906 283.8800048828125
v 143.1199951171875 229.97900390625 245.44900512695312
v 143.58700561523438 229.19000244140625 245.6060028076172
v 130.46200561523438 241.45199584960938 252.5749969482422
v 150.98399353027344 230.91400146484375 223.8249969482422
v 141.0850067138672 233.0050048828125 245.97799682617188
v 135.5590057373047 252.4739990234375 275.7030029296875
v 134.97500610351562 253.35800170898438 274.4909973144531
v 129.2519989013672 245.82200622558594 271.1109924316406
v 148.28199768066406 211.55299377441406 257.03399658203125
v 141.6020050048828 240.3509979248047 258.125
v 146.3280029296875 253.97999572753906 293.6629943847656
v 133.6490020751953 243.84500122070312 248.57400512695312
v 129.86099243164062 242.14300537109375 234.43299865722656
v 115.23300170898438 278.5299987792969 285.2359924316406
v 131.5030059814453 263.510986328125 287.6109924316406
v 141.75 249.88400268554688 273.9700012207031

g grp1
usemtl mtl1
f 3 2 1 
f 4 1 2 
f 7 6 5 
f 8 5 6 
f 11 10 9 
f 12 9 10 
f 13 10 11 
f 16 15 14 
f 17 14 15 
f 20 19 18 
f 21 18 19 
f 24 23 22 
f 25 22 23 
f 28 27 26 
f 29 26 27 
f 32 31 30 
f 33 30 31 
f 36 35 34 
f 37 34 35 
f 40 39 38 
f 41 38 39 
f 42 10 13 
f 45 44 43 
f 46 43 44 
f 49 48 47 
f 50 47 48 
f 51 12 10 
f 51 10 42 
f 54 53 52 
f 55 52 53 
f 56 12 51 
f 59 58 57 
f 60 57 58 
f 63 62 61 
f 64 61 62 
f 67 66 65 
f 68 65 66 
f 71 70 69 
f 72 69 70 
f 75 74 73 
f 76 73 74 
f 79 78 77 
f 80 77 78 
f 82 41 81 
f 39 81 41 
f 85 84 83 
f 86 83 84 
f 89 88 87 
f 90 87 88 
f 55 90 88 
f 93 92 91 
f 94 91 92 
f 97 96 95 
f 98 95 96 
f 101 100 99 
f 102 99 100 
f 105 104 103 
f 106 103 104 
f 109 108 107 
f 110 107 108 
f 112 22 111 
f 113 111 22 
f 114 51 42 
f 117 116 115 
f 118 115 116 
f 119 114 42 
f 114 56 51 
f 122 121 120 
f 123 120 121 
f 126 125 124 
f 127 124 125 
f 130 129 128 
f 131 128 129 
f 134 133 132 
f 135 132 133 
f 137 128 136 
f 138 136 128 
f 141 140 139 
f 142 139 140 
f 130 143 129 
f 144 129 143 
f 146 80 145 
f 78 145 80 
f 149 148 147 
f 150 147 148 
f 153 152 151 
f 154 151 152 
f 157 156 155 
f 158 155 156 
f 161 160 159 
f 162 159 160 
f 165 164 163 
f 166 163 164 
f 169 168 167 
f 170 167 168 
f 172 95 171 
f 173 171 95 
f 176 175 174 
f 177 174 175 
f 180 179 178 
f 181 178 179 
f 184 183 182 
f 185 182 183 
f 188 187 186 
f 189 186 187 
f 192 191 190 
f 193 190 191 
f 196 195 194 
f 197 194 195 
f 200 199 198 
f 201 198 199 
f 204 203 202 
f 205 202 203 
f 206 98 96 
f 209 208 207 
f 210 207 208 
f 212 170 211 
f 213 211 170 
f 216 215 214 
f 217 214 215 
f 220 219 218 
f 25 218 219 
f 223 222 221 
f 224 221 222 
f 227 226 225 
f 228 225 226 
f 230 229 154 
f 231 154 229 
f 233 34 232 
f 234 232 34 
f 237 236 235 
f 238 235 236 
f 241 240 239 
f 242 239 240 
f 114 243 56 
f 244 56 243 
f 138 128 58 
f 131 58 128 
f 247 246 245 
f 248 245 246 
f 251 250 249 
f 252 249 250 
f 255 254 253 
f 256 253 254 
f 107 116 257 
f 117 257 116 
f 260 259 258 
f 261 258 259 
f 264 263 262 
f 265 262 263 
f 268 267 266 
f 269 266 267 
f 270 240 241 
f 273 272 271 
f 274 271 272 
f 219 276 275 
f 113 275 276 
f 279 278 277 
f 280 277 278 
f 283 282 281 
f 284 281 282 
f 287 286 285 
f 288 285 286 
f 289 246 247 
f 291 285 290 
f 292 290 285 
f 295 294 293 
f 296 293 294 
f 299 298 297 
f 300 297 298 
f 303 302 301 
f 304 301 302 
f 307 306 305 
f 308 305 306 
f 311 310 309 
f 312 309 310 
f 315 314 313 
f 316 313 314 
f 319 318 317 
f 320 317 318 
f 321 280 278 
f 324 323 322 
f 325 322 323 
f 328 327 326 
f 329 326 327 
f 331 114 330 
f 119 330 114 
f 332 298 299 
f 335 334 333 
f 336 333 334 
f 74 338 337 
f 339 337 338 
f 342 341 340 
f 343 340 341 
f 346 345 344 
f 347 344 345 
f 273 349 348 
f 350 348 349 
f 353 352 351 
f 354 351 352 
f 356 237 355 
f 235 355 237 
f 135 358 357 
f 359 357 358 
f 360 270 241 
f 363 362 361 
f 364 361 362 
f 367 366 365 
f 368 365 366 
f 371 370 369 
f 372 369 370 
f 375 374 373 
f 376 373 374 
f 378 94 377 
f 379 377 94 
f 382 381 380 
f 383 380 381 
f 31 384 33 
f 385 33 384 
f 295 386 294 
f 387 294 386 
f 390 389 388 
f 391 388 389 
f 394 393 392 
f 395 392 393 
f 398 397 396 
f 399 396 397 
f 402 401 400 
f 403 400 401 
f 406 405 404 
f 407 404 405 
f 409 408 401 
f 403 401 408 
f 411 410 382 
f 381 382 410 
f 412 274 272 
f 415 414 413 
f 416 413 414 
f 419 418 417 
f 420 417 418 
f 423 422 421 
f 424 421 422 
f 427 426 425 
f 428 425 426 
f 431 430 429 
f 432 429 430 
f 412 434 433 
f 435 433 434 
f 438 437 436 
f 439 436 437 
f 442 441 440 
f 443 440 441 
f 445 102 444 
f 100 444 102 
f 448 447 446 
f 449 446 447 
f 451 450 118 
f 115 118 450 
f 453 35 452 
f 36 452 35 
f 456 455 454 
f 457 454 455 
f 163 166 458 
f 459 458 166 
f 462 461 460 
f 463 460 461 
f 466 465 464 
f 467 464 465 
f 470 469 468 
f 471 468 469 
f 474 473 472 
f 475 472 473 
f 478 477 476 
f 479 476 477 
f 481 462 480 
f 460 480 462 
f 484 483 482 
f 485 482 483 
f 488 487 486 
f 489 486 487 
f 491 490 130 
f 143 130 490 
f 494 493 492 
f 495 492 493 
f 497 496 488 
f 498 488 496 
f 501 500 499 
f 502 499 500 
f 505 504 503 
f 506 503 504 
f 509 508 507 
f 510 507 508 
f 511 498 496 
f 514 513 512 
f 515 512 513 
f 518 517 516 
f 519 516 517 
f 522 521 520 
f 523 520 521 
f 526 525 524 
f 527 524 525 
f 530 529 528 
f 423 528 529 
f 533 532 531 
f 534 531 532 
f 537 536 535 
f 538 535 536 
f 541 540 539 
f 542 539 540 
f 545 544 543 
f 546 543 544 
f 549 548 547 
f 550 547 548 
f 551 305 308 
f 549 547 552 
f 553 552 547 
f 556 555 554 
f 557 554 555 
f 560 559 558 
f 561 558 559 
f 564 563 562 
f 565 562 563 
f 568 567 566 
f 569 566 567 
f 572 571 570 
f 573 570 571 
f 576 575 574 
f 577 574 575 
f 579 578 501 
f 580 501 578 
f 583 582 581 
f 584 581 582 
f 587 586 585 
f 588 585 586 
f 590 257 589 
f 117 589 257 
f 593 592 591 
f 594 591 592 
f 485 483 595 
f 596 595 483 
f 599 598 597 
f 600 597 598 
f 602 594 601 
f 603 601 594 
f 606 605 604 
f 607 604 605 
f 610 609 608 
f 611 608 609 
f 614 613 612 
f 93 612 613 
f 617 616 615 
f 618 615 616 
f 620 619 419 
f 621 419 619 
f 623 346 622 
f 624 622 346 
f 626 625 529 
f 627 529 625 
f 630 629 628 
f 631 628 629 
f 634 633 632 
f 635 632 633 
f 638 637 636 
f 639 636 637 
f 642 641 640 
f 643 640 641 
f 646 645 644 
f 647 644 645 
f 439 648 478 
f 649 478 648 
f 651 407 650 
f 405 650 407 
f 620 652 619 
f 653 619 652 
f 655 464 654 
f 467 654 464 
f 623 622 656 
f 657 656 622 
f 660 659 658 
f 661 658 659 
f 664 663 662 
f 665 662 663 
f 191 192 666 
f 667 666 192 
f 670 669 668 
f 564 668 669 
f 673 672 671 
f 674 671 672 
f 675 458 459 
f 676 559 311 
f 310 311 559 
f 678 677 344 
f 346 344 677 
f 681 680 679 
f 682 679 680 
f 684 683 360 
f 270 360 683 
f 686 685 495 
f 687 495 685 
f 690 689 688 
f 691 688 689 
f 693 692 506 
f 503 506 692 
f 696 695 694 
f 697 694 695 
f 446 449 698 
f 169 698 449 
f 701 700 699 
f 702 699 700 
f 704 684 703 
f 241 703 684 
f 706 363 705 
f 361 705 363 
f 709 708 707 
f 710 707 708 
f 713 712 711 
f 714 711 712 
f 715 111 113 
f 560 717 716 
f 718 716 717 
f 721 720 719 
f 722 719 720 
f 435 381 723 
f 410 723 381 
f 725 673 724 
f 391 724 673 
f 728 727 726 
f 729 726 727 
f 675 122 458 
f 730 458 122 
f 733 732 731 
f 232 731 732 
f 736 735 734 
f 737 734 735 
f 709 658 661 
f 740 739 738 
f 741 738 739 
f 744 743 742 
f 745 742 743 
f 214 217 746 
f 747 746 217 
f 706 705 748 
f 749 748 705 
f 752 751 750 
f 753 750 751 
f 735 754 737 
f 755 737 754 
f 758 757 756 
f 759 756 757 
f 760 671 674 
f 249 762 761 
f 763 761 762 
f 764 394 392 
f 767 766 765 
f 768 765 766 
f 771 770 769 
f 772 769 770 
f 775 774 773 
f 776 773 774 
f 778 777 367 
f 779 367 777 
f 782 781 780 
f 783 780 781 
f 786 785 784 
f 787 784 785 
f 789 788 198 
f 200 198 788 
f 646 791 790 
f 792 790 791 
f 730 163 458 
f 79 794 793 
f 795 793 794 
f 33 796 30 
f 797 30 796 
f 411 382 798 
f 799 798 382 
f 801 427 800 
f 802 800 427 
f 805 804 803 
f 806 803 804 
f 809 808 807 
f 810 807 808 
f 813 812 811 
f 814 811 812 
f 816 808 815 
f 817 815 808 
f 820 819 818 
f 821 818 819 
f 824 823 822 
f 825 822 823 
f 826 216 214 
f 369 828 827 
f 829 827 828 
f 832 831 830 
f 833 830 831 
f 156 834 339 
f 835 339 834 
f 838 837 836 
f 839 836 837 
f 842 841 840 
f 843 840 841 
f 844 665 663 
f 845 719 722 
f 846 834 156 
f 848 5 847 
f 849 847 5 
f 852 851 850 
f 853 850 851 
f 856 855 854 
f 857 854 855 
f 860 859 858 
f 861 858 859 
f 864 863 862 
f 865 862 863 
f 749 867 866 
f 868 866 867 
f 869 804 805 
f 872 871 870 
f 873 870 871 
f 874 869 805 
f 598 876 875 
f 604 875 876 
f 606 877 605 
f 630 605 877 
f 879 292 878 
f 880 878 292 
f 881 618 616 
f 883 882 869 
f 884 869 882 
f 887 886 885 
f 888 885 886 
f 891 890 889 
f 892 889 890 
f 894 603 893 
f 895 893 603 
f 756 759 896 
f 897 896 759 
f 900 899 898 
f 901 898 899 
f 904 903 902 
f 905 902 903 
f 275 22 25 
f 506 907 906 
f 1 906 907 
f 910 909 908 
f 911 908 909 
f 912 725 724 
f 222 913 224 
f 914 224 913 
f 532 915 534 
f 916 534 915 
f 695 918 917 
f 919 917 918 
f 258 921 920 
f 922 920 921 
f 925 924 923 
f 926 923 924 
f 929 928 927 
f 930 927 928 
f 933 932 931 
f 934 931 932 
f 936 82 935 
f 937 935 82 
f 938 805 803 
f 941 940 939 
f 942 939 940 
f 943 938 803 
f 944 874 805 
f 944 805 938 
f 947 946 945 
f 948 945 946 
f 951 950 949 
f 952 949 950 
f 710 953 945 
f 954 945 953 
f 955 626 529 
f 958 957 956 
f 525 956 957 
f 959 874 944 
f 897 961 960 
f 773 960 961 
f 964 963 962 
f 965 962 963 
f 968 967 966 
f 969 966 967 
f 428 970 606 
f 877 606 970 
f 484 482 971 
f 972 971 482 
f 975 974 973 
f 976 973 974 
f 979 978 977 
f 980 977 978 
f 982 591 981 
f 602 981 591 
f 984 376 983 
f 985 983 376 
f 101 987 986 
f 988 986 987 
f 991 990 989 
f 992 989 990 
f 995 994 993 
f 996 993 994 
f 441 998 997 
f 189 997 998 
f 145 1000 999 
f 933 999 1000 
f 1002 63 1001 
f 300 1001 63 
f 1005 1004 1003 
f 1006 1003 1004 
f 1009 1008 1007 
f 1010 1007 1008 
f 1013 1012 1011 
f 683 1011 1012 
f 1016 1015 1014 
f 1017 1014 1015 
f 1018 402 905 
f 400 905 402 
f 1021 1020 1019 
f 1022 1019 1020 
f 1023 873 871 
f 208 776 1024 
f 519 1024 776 
f 1027 1026 1025 
f 1028 1025 1026 
f 329 1030 1029 
f 304 1029 1030 
f 1033 1032 1031 
f 1034 1031 1032 
f 1037 1036 1035 
f 1038 1035 1036 
f 657 1040 1039 
f 1041 1039 1040 
f 1042 938 943 
f 261 921 258 
f 1044 845 1043 
f 1045 1043 845 
f 883 874 959 
f 1046 1024 519 
f 1048 735 1047 
f 736 1047 735 
f 651 1050 1049 
f 1051 1049 1050 
f 301 618 1052 
f 881 1052 618 
f 1053 488 486 
f 1054 280 374 
f 1055 374 280 
f 1058 1057 1056 
f 1059 1056 1057 
f 1062 1061 1060 
f 1063 1060 1061 
f 701 1065 1064 
f 731 1064 1065 
f 1068 1067 1066 
f 1069 1066 1067 
f 407 651 1049 
f 1072 1071 1070 
f 1073 1070 1071 
f 1075 1074 541 
f 540 541 1074 
f 1078 1077 1076 
f 1079 1076 1077 
f 1082 1081 1080 
f 1083 1080 1081 
f 1086 1085 1084 
f 1087 1084 1085 
f 1090 1089 1088 
f 1091 1088 1089 
f 17 1092 977 
f 979 977 1092 
f 1095 1094 1093 
f 1096 1093 1094 
f 692 245 1097 
f 248 1097 245 
f 172 1099 1098 
f 57 1098 1099 
f 1102 1101 1100 
f 1103 1100 1101 
f 1106 1105 1104 
f 553 1104 1105 
f 836 839 637 
f 1090 637 839 
f 443 1108 1107 
f 1109 1107 1108 
f 1112 1111 1110 
f 233 1110 1111 
f 1115 1114 1113 
f 1116 1113 1114 
f 447 1115 1117 
f 1113 1117 1115 
f 1120 1119 1118 
f 1121 1118 1119 
f 1123 550 1122 
f 1124 1122 550 
f 1127 1126 1125 
f 1128 1125 1126 
f 1129 359 358 
f 1130 938 1042 
f 944 938 1130 
f 1133 1132 1131 
f 296 1131 1132 
f 1134 944 1130 
f 959 944 1134 
f 1135 883 959 
f 1135 959 1134 
f 1136 491 988 
f 137 988 491 
f 1137 883 1135 
f 1139 691 1138 
f 1140 1138 691 
f 1143 1142 1141 
f 1144 1141 1142 
f 980 978 1145 
f 307 1145 978 
f 1147 1146 520 
f 522 520 1146 
f 497 488 1053 
f 526 524 610 
f 1148 610 524 
f 1151 1150 1149 
f 1152 1149 1150 
f 1154 1153 1137 
f 883 1137 1153 
f 1157 1156 1155 
f 1158 1155 1156 
f 453 989 1159 
f 992 1159 989 
f 957 1160 525 
f 527 525 1160 
f 75 1161 74 
f 338 74 1161 
f 1163 1116 1162 
f 1164 1162 1116 
f 1165 314 315 
f 1167 1166 362 
f 1168 362 1166 
f 1171 1170 1169 
f 644 1169 1170 
f 1173 1172 365 
f 367 365 1172 
f 602 601 1174 
f 1175 1174 601 
f 1176 1142 1143 
f 1179 1178 1177 
f 410 1177 1178 
f 948 126 124 
f 1181 641 1180 
f 642 1180 641 
f 1183 1182 677 
f 346 677 1182 
f 911 1184 908 
f 708 908 1184 
f 1185 1182 1183 
f 1188 1187 1186 
f 1189 1186 1187 
f 1192 1191 1190 
f 1193 1190 1191 
f 1196 1195 1194 
f 1197 1194 1195 
f 1199 1198 255 
f 1200 255 1198 
f 1203 1202 1201 
f 1204 1201 1202 
f 1206 1205 943 
f 1042 943 1205 
f 1207 1130 1042 
f 1207 1042 1205 
f 1208 1134 1130 
f 1208 1130 1207 
f 1209 1135 1134 
f 1209 1134 1208 
f 1210 1137 1135 
f 1210 1135 1209 
f 1213 1212 1211 
f 1214 1211 1212 
f 1217 1216 1215 
f 1218 1215 1216 
f 1220 850 1219 
f 1221 1219 850 
f 103 106 1222 
f 1223 1222 106 
f 1224 1220 1219 
f 605 1225 607 
f 1154 607 1225 
f 1210 1154 1137 
f 1227 1226 578 
f 1228 578 1226 
f 1009 1007 1229 
f 1230 1229 1007 
f 1233 1232 1231 
f 1234 1231 1232 
f 1236 1235 922 
f 1237 922 1235 
f 1240 1239 1238 
f 1241 1238 1239 
f 816 554 557 
f 1243 1185 1242 
f 181 1242 1185 
f 1245 252 1244 
f 250 1244 252 
f 1246 252 1245 
f 411 798 220 
f 219 220 798 
f 36 34 233 
f 733 1248 1247 
f 1249 1247 1248 
f 413 416 1242 
f 1250 1242 416 
f 1252 267 1251 
f 268 1251 267 
f 1255 1254 1253 
f 1256 1253 1254 
f 1258 1257 840 
f 842 840 1257 
f 108 1259 110 
f 451 110 1259 
f 1262 1261 1260 
f 1263 1260 1261 
f 1264 1077 1078 
f 1265 606 604 
f 1267 1266 514 
f 513 514 1266 
f 1013 1269 1268 
f 1270 1268 1269 
f 1272 1271 936 
f 82 936 1271 
f 1273 1246 1206 
f 13 1206 1246 
f 851 1274 957 
f 1275 957 1274 
f 943 1273 1206 
f 1080 1277 1276 
f 1278 1276 1277 
f 11 1206 13 
f 1205 1206 11 
f 1205 11 9 
f 1207 1205 9 
f 832 198 201 
f 12 1207 9 
f 1208 1207 12 
f 570 1280 1279 
f 1281 1279 1280 
f 29 1283 1282 
f 1284 1282 1283 
f 893 895 1285 
f 1286 1285 895 
f 1209 1208 244 
f 12 244 1208 
f 244 1210 1209 
f 400 403 902 
f 1287 902 403 
f 1290 1289 1288 
f 572 1288 1289 
f 1293 1292 1291 
f 555 1291 1292 
f 1286 1294 1285 
f 1295 1285 1294 
f 1296 950 1291 
f 1297 1291 950 
f 425 606 1265 
f 1173 1298 1172 
f 1299 1172 1298 
f 929 1301 1300 
f 1105 1300 1301 
f 1304 1303 1302 
f 1305 1302 1303 
f 1308 1307 1306 
f 1309 1306 1307 
f 1311 1310 19 
f 1312 19 1310 
f 353 512 515 
f 1314 165 1313 
f 1056 1313 165 
f 1315 1223 106 
f 1316 518 516 
f 1318 615 1317 
f 1319 1317 615 
f 1322 1321 1320 
f 1323 1320 1321 
f 964 1324 963 
f 1325 963 1324 
f 588 1327 1326 
f 1328 1326 1327 
f 1329 79 77 
f 1332 1331 1330 
f 1333 1330 1331 
f 1335 1326 1334 
f 1336 1334 1326 
f 1337 303 1052 
f 301 1052 303 
f 1340 1339 1338 
f 1341 1338 1339 
f 577 575 1342 
f 373 1342 575 
f 1340 1338 1053 
f 497 1053 1338 
f 1344 1298 1343 
f 1173 1343 1298 
f 1347 1346 1345 
f 1348 1345 1346 
f 555 893 1285 
f 1350 1349 544 
f 546 544 1349 
f 1351 1096 1094 
f 1354 1353 1352 
f 1355 1352 1353 
f 1358 1357 1356 
f 1359 1356 1357 
f 1362 1361 1360 
f 1363 1360 1361 
f 1365 1364 253 
f 255 253 1364 
f 1246 242 13 
f 119 13 242 
f 1368 1367 1366 
f 1369 1366 1367 
f 798 799 276 
f 1370 276 799 
f 423 667 192 
f 1117 523 1371 
f 521 1371 523 
f 1373 1372 335 
f 334 335 1372 
f 1374 848 412 
f 434 412 848 
f 1376 1310 1375 
f 1311 1375 1310 
f 629 1378 1377 
f 1379 1377 1378 
f 1380 1202 1203 
f 1148 1255 1253 
f 317 320 1381 
f 1382 1381 320 
f 432 1383 429 
f 1384 429 1383 
f 509 1061 1062 
f 394 1385 393 
f 1028 393 1385 
f 1388 1387 1386 
f 1389 1386 1387 
f 1391 1324 1390 
f 964 1390 1324 
f 1393 1392 565 
f 562 565 1392 
f 1171 474 1170 
f 1394 1170 474 
f 1396 1395 1362 
f 1361 1362 1395 
f 1397 795 794 
f 1400 1399 1398 
f 1290 1398 1399 
f 1403 1402 1401 
f 1404 1401 1402 
f 596 226 227 
f 1084 1315 1405 
f 106 1405 1315 
f 243 1406 244 
f 1210 244 1406 
f 1409 1408 1407 
f 1410 1407 1408 
f 1413 1412 1411 
f 1414 1411 1412 
f 540 1239 542 
f 1240 542 1239 
f 1416 1245 1415 
f 1244 1415 1245 
f 941 1231 1234 
f 1419 1418 1417 
f 409 1417 1418 
f 905 400 902 
f 1422 1421 1420 
f 390 1420 1421 
f 709 707 1423 
f 1424 1423 707 
f 1140 67 65 
f 1427 1426 1425 
f 1428 1425 1426 
f 119 240 270 
f 1429 744 742 
f 1431 1430 498 
f 487 498 1430 
f 718 1080 1083 
f 1434 1433 1432 
f 1435 1432 1433 
f 751 1436 753 
f 1437 753 1436 
f 1439 1438 254 
f 256 254 1438 
f 1442 1441 1440 
f 1443 1440 1441 
f 484 1444 483 
f 596 483 1444 
f 1445 140 141 
f 1446 93 613 
f 1448 129 1447 
f 144 1447 129 
f 1200 830 1449 
f 833 1449 830 
f 1451 1450 1286 
f 1294 1286 1450 
f 1452 713 711 
f 1453 271 1032 
f 274 1032 271 
f 1229 1230 1259 
f 1454 1259 1230 
f 1377 1455 631 
f 1456 631 1455 
f 1457 142 140 
f 835 1459 1458 
f 1460 1458 1459 
f 1461 1439 142 
f 1462 142 1439 
f 395 1028 1026 
f 1319 615 618 
f 342 1463 341 
f 1464 341 1463 
f 1466 1465 1406 
f 1210 1406 1465 
f 1014 1017 90 
f 23 90 1017 
f 1420 390 580 
f 500 580 390 
f 1469 1468 1467 
f 1470 1467 1468 
f 1394 474 472 
f 1473 1472 1471 
f 1391 1471 1472 
f 234 1064 731 
f 1224 1219 1474 
f 1337 1474 1219 
f 242 1245 1416 
f 1477 1476 1475 
f 1478 1475 1476 
f 1157 1136 988 
f 670 1480 1479 
f 1481 1479 1480 
f 1482 239 1416 
f 242 1416 239 
f 1182 624 346 
f 305 1145 307 
f 1483 1433 146 
f 1484 146 1433 
f 1485 538 286 
f 1486 286 538 
f 1101 1488 1487 
f 1489 1487 1488 
f 1323 1430 1431 
f 1490 1256 1254 
f 1211 1214 1491 
f 1492 1491 1214 
f 323 1494 1493 
f 1197 1493 1494 
f 1495 510 508 
f 779 1496 366 
f 1497 366 1496 
f 1498 1030 329 
f 1499 1406 243 
f 787 454 457 
f 1500 640 643 
f 1503 1502 1501 
f 1504 1501 1502 
f 1466 1406 1499 
f 1505 1366 1369 
f 919 1346 1347 
f 1508 1507 1506 
f 1509 1506 1507 
f 1512 1511 1510 
f 1513 1510 1511 
f 1515 1088 1514 
f 283 1514 1088 
f 322 1516 468 
f 1517 468 1516 
f 1519 1518 635 
f 209 635 1518 
f 1522 1521 1520 
f 1523 1520 1521 
f 1000 145 78 
f 1525 1524 213 
f 1526 213 1524 
f 1200 254 255 
f 1308 1122 1124 
f 689 1528 1527 
f 742 1527 1528 
f 210 1530 1529 
f 1511 1529 1530 
f 1532 1531 316 
f 1533 316 1531 
f 1214 212 1534 
f 31 1534 212 
f 1415 1482 1416 
f 733 731 1065 
f 195 196 1401 
f 1028 1401 196 
f 1491 1535 1211 
f 1536 1211 1535 
f 1539 1538 1537 
f 1540 1537 1538 
f 1542 1309 1541 
f 726 1541 1309 
f 1545 1544 1543 
f 1546 1543 1544 
f 1499 243 331 
f 114 331 243 
f 132 135 357 
f 1453 1032 1033 
f 455 1548 1547 
f 45 1547 1548 
f 254 1549 1439 
f 1462 1439 1549 
f 332 787 457 
f 1550 862 865 
f 547 550 1123 
f 1553 1552 1551 
f 1554 1551 1552 
f 1478 1556 1555 
f 1557 1555 1556 
f 1489 1559 1558 
f 924 1558 1559 
f 1561 1255 1560 
f 1148 1560 1255 
f 1563 1562 1275 
f 1160 1275 1562 
f 1290 1564 1398 
f 350 1398 1564 
f 1415 922 1237 
f 64 1565 61 
f 1566 61 1565 
f 1568 1120 1567 
f 1569 1567 1120 
f 1465 1154 1210 
f 326 329 1490 
f 1570 1490 329 
f 1562 1571 527 
f 1572 527 1571 
f 175 1573 1352 
f 1354 1352 1573 
f 1524 308 306 
f 812 813 1574 
f 558 1574 813 
f 1178 1031 1575 
f 1034 1575 1031 
f 1376 112 1576 
f 1577 1576 112 
f 1237 1578 1482 
f 239 1482 1578 
f 826 214 1579 
f 746 1579 214 
f 1488 1581 1580 
f 1582 1580 1581 
f 1584 1583 261 
f 921 261 1583 
f 876 598 599 
f 1587 1586 1585 
f 1588 1585 1586 
f 1141 1590 1589 
f 1591 1589 1590 
f 870 1499 1592 
f 331 1592 1499 
f 1593 299 1147 
f 1566 1147 299 
f 1049 148 1594 
f 1595 1594 148 
f 790 1597 1596 
f 20 1596 1597 
f 460 463 1584 
f 1598 1584 463 
f 1601 1600 1599 
f 1602 1599 1600 
f 1603 185 183 
f 1047 1604 1048 
f 1605 1048 1604 
f 449 447 1117 
f 1484 160 161 
f 1606 81 39 
f 1609 1608 1607 
f 1610 1607 1608 
f 144 556 554 
f 1459 1152 1611 
f 1150 1611 1152 
f 1055 376 374 
f 1613 158 1612 
f 156 1612 158 
f 1616 1615 1614 
f 1617 1614 1615 
f 8 1619 1618 
f 1620 1618 1619 
f 1621 495 687 
f 1622 1008 1009 
f 254 1200 1549 
f 1462 1549 1200 
f 338 1613 1612 
f 1625 1624 1623 
f 802 1623 1624 
f 1627 97 1626 
f 95 1626 97 
f 1237 703 1578 
f 241 1578 703 
f 1629 1226 1628 
f 1227 1628 1226 
f 1302 696 694 
f 1632 1631 1630 
f 1399 1630 1631 
f 858 205 860 
f 1633 860 205 
f 1636 1635 1634 
f 1637 1634 1635 
f 330 1592 331 
f 872 1592 330 
f 1639 1638 16 
f 797 16 1638 
f 1306 1542 752 
f 751 752 1542 
f 1640 485 595 
f 1073 1036 1037 
f 872 870 1592 
f 1641 225 228 
f 349 1398 350 
f 154 48 230 
f 49 230 48 
f 1642 1073 1071 
f 1645 1644 1643 
f 1646 1643 1644 
f 814 1647 811 
f 717 811 1647 
f 1113 1163 523 
f 520 523 1163 
f 1648 1102 1100 
f 457 1547 1001 
f 1002 1001 1547 
f 1401 1028 1385 
f 1649 430 431 
f 33 385 1650 
f 1651 1650 385 
f 1653 1106 1652 
f 1654 1652 1106 
f 1657 1656 1655 
f 913 1655 1656 
f 655 981 602 
f 493 686 495 
f 1015 218 1017 
f 25 1017 218 
f 133 1658 135 
f 1659 135 1658 
f 990 1660 1435 
f 1432 1435 1660 
f 1663 1662 1661 
f 1044 1661 1662 
f 408 409 1418 
f 1664 1336 929 
f 928 929 1336 
f 1665 392 395 
f 1667 448 1666 
f 446 1666 448 
f 1669 253 1668 
f 256 1668 253 
f 1670 1103 1101 
f 1672 1429 1671 
f 1528 1671 1429 
f 1447 144 1673 
f 554 1673 144 
f 248 1451 1674 
f 1675 1674 1451 
f 1389 1676 952 
f 949 952 1676 
f 1217 1678 1677 
f 1679 1677 1678 
f 1680 965 279 
f 1681 279 965 
f 291 287 285 
f 1467 1682 759 
f 1683 759 1682 
f 1163 1113 1116 
f 795 1249 1684 
f 699 1684 1249 
f 1417 1686 1685 
f 1687 1685 1686 
f 1689 17 1688 
f 977 1688 17 
f 1690 354 352 
f 778 367 1172 
f 1691 1689 1688 
f 1693 681 1692 
f 679 1692 681 
f 1695 750 1694 
f 1696 1694 750 
f 1699 1698 1697 
f 1235 1697 1698 
f 1702 1701 1700 
f 1264 1700 1701 
f 1704 1703 86 
f 1705 86 1703 
f 764 1707 1706 
f 1708 1706 1707 
f 1709 1235 1698 
f 1710 1661 1021 
f 1043 1021 1661 
f 1233 1231 1711 
f 939 1711 1231 
f 1712 1309 1307 
f 1715 1714 1713 
f 485 1713 1714 
f 1716 203 204 
f 668 1718 1717 
f 1719 1717 1718 
f 1513 1046 291 
f 287 291 1046 
f 1720 1193 1191 
f 700 43 702 
f 46 702 43 
f 1723 1722 1721 
f 896 1721 1722 
f 648 1724 649 
f 1725 649 1724 
f 1726 438 436 
f 1109 1727 1359 
f 1356 1359 1727 
f 773 776 208 
f 1730 1729 1728 
f 1179 1728 1729 
f 325 827 1731 
f 1732 1731 827 
f 1133 1734 1733 
f 1579 1733 1734 
f 1735 780 783 
f 1736 40 38 
f 1737 939 942 
f 44 45 1738 
f 1739 1738 45 
f 1740 1347 1345 
f 235 1742 1741 
f 1062 1741 1742 
f 1743 629 630 
f 1699 1697 1744 
f 1236 1744 1697 
f 1598 1699 1744 
f 1746 491 1745 
f 1136 1745 491 
f 871 872 1012 
f 683 1012 872 
f 201 831 832 
f 1747 1015 1016 
f 579 501 1748 
f 499 1748 501 
f 1186 1189 1749 
f 1704 1749 1189 
f 1726 436 202 
f 439 202 436 
f 1751 1100 1750 
f 1103 1750 1100 
f 1752 4 2 
f 1753 1331 1332 
f 1705 83 86 
f 1688 977 980 
f 597 1278 1754 
f 1277 1754 1278 
f 1755 1602 1600 
f 252 1246 1273 
f 1333 1756 1330 
f 1512 1330 1756 
f 497 1758 1757 
f 1759 1757 1758 
f 1760 869 884 
f 1284 1283 1629 
f 1076 1629 1283 
f 384 213 1526 
f 1761 50 48 
f 1763 781 1762 
f 782 1762 781 
f 1405 1086 1084 
f 1764 873 1023 
f 900 898 1765 
f 1678 1765 898 
f 827 829 1732 
f 279 1732 829 
f 1766 678 344 
f 1769 1768 1767 
f 1085 1767 1768 
f 1108 441 997 
f 1770 394 764 
f 929 1300 1771 
f 1653 1771 1300 
f 947 945 954 
f 1329 794 79 
f 1773 1545 1772 
f 1774 1772 1545 
f 1776 1775 408 
f 403 408 1775 
f 1777 222 223 
f 1780 1779 1778 
f 177 1778 1779 
f 67 689 1527 
f 823 1782 1781 
f 1783 1781 1782 
f 1784 1345 1348 
f 1692 679 1785 
f 1786 1785 679 
f 1787 182 909 
f 911 909 182 
f 238 1742 235 
f 1781 1716 825 
f 1788 825 1716 
f 966 1093 1789 
f 1096 1789 1093 
f 1790 1699 1598 
f 1792 1791 917 
f 697 917 1791 
f 477 1793 467 
f 654 467 1793 
f 1796 1795 1794 
f 1797 1794 1795 
f 1798 960 1518 
f 209 1518 960 
f 1801 1800 1799 
f 1802 1799 1800 
f 710 945 948 
f 37 1064 234 
f 87 23 1803 
f 24 1803 23 
f 771 1083 1081 
f 303 1804 302 
f 1805 302 1804 
f 772 1698 1806 
f 1699 1806 1698 
f 1709 1698 772 
f 1018 905 1602 
f 903 1602 905 
f 402 1686 1417 
f 855 1551 857 
f 1554 857 1551 
f 8 1807 1619 
f 1808 1619 1807 
f 1535 1810 1809 
f 459 1809 1810 
f 772 1811 1709 
f 1812 1709 1811 
f 397 1813 399 
f 1814 399 1813 
f 639 1126 1127 
f 1564 1290 1288 
f 1815 351 354 
f 258 920 1816 
f 1244 1816 920 
f 1818 736 1817 
f 734 1817 736 
f 199 345 1819 
f 346 1819 345 
f 1691 1688 1820 
f 1821 1820 1688 
f 1823 1396 1822 
f 1824 1822 1396 
f 1568 1825 1120 
f 1119 1120 1825 
f 1292 134 132 
f 348 1374 272 
f 412 272 1374 
f 1828 1827 1826 
f 1829 1826 1827 
f 1831 681 1830 
f 1693 1830 681 
f 1832 98 206 
f 1833 375 576 
f 575 576 375 
f 1835 1277 1834 
f 1080 1834 1277 
f 1595 1837 1836 
f 1838 1836 1837 
f 1513 1530 1046 
f 1024 1046 1530 
f 1839 1329 77 
f 1373 1841 1840 
f 548 1840 1841 
f 1086 1405 1842 
f 104 1842 1405 
f 7 848 1374 
f 247 245 693 
f 692 693 245 
f 611 714 712 
f 1843 1068 1066 
f 1844 357 359 
f 1401 1404 195 
f 1063 195 1404 
f 1846 502 1845 
f 760 1845 502 
f 1441 1848 1847 
f 1849 1847 1848 
f 1823 1851 1850 
f 1852 1850 1851 
f 1855 1854 1853 
f 1856 1853 1854 
f 1857 347 345 
f 1858 472 475 
f 1860 54 1859 
f 52 1859 54 
f 1846 1488 1101 
f 1861 276 1370 
f 1863 1862 1790 
f 1699 1790 1862 
f 1865 1864 1587 
f 1586 1587 1864 
f 1806 1699 1862 
f 769 772 1806 
f 177 1352 1355 
f 1558 924 925 
f 729 1541 726 
f 736 1866 1047 
f 1867 1047 1866 
f 770 1811 772 
f 1400 349 914 
f 273 914 349 
f 1624 800 802 
f 1515 1514 1126 
f 1128 1126 1514 
f 1710 1021 1019 
f 1868 1863 461 
f 463 461 1863 
f 1270 704 1811 
f 1812 1811 704 
f 352 186 1690 
f 442 1690 186 
f 770 1270 1811 
f 1188 1772 134 
f 1869 134 1772 
f 1269 704 1270 
f 1870 258 1816 
f 1872 1871 1765 
f 1873 1765 1871 
f 24 112 1376 
f 629 1377 631 
f 1876 1875 1874 
f 1075 1874 1875 
f 1628 1284 1629 
f 1045 1877 879 
f 292 879 1877 
f 1879 1494 1878 
f 324 1878 1494 
f 846 1149 834 
f 1152 834 1149 
f 1881 1880 138 
f 136 138 1880 
f 1867 1883 1882 
f 1884 1882 1883 
f 1762 155 158 
f 1480 1828 1826 
f 1887 1886 1885 
f 1888 1885 1886 
f 1889 992 999 
f 1483 999 992 
f 1892 1891 1890 
f 1893 1890 1891 
f 1894 1129 358 
f 1895 101 986 
f 1897 370 1896 
f 371 1896 370 
f 1898 652 620 
f 1314 164 165 
f 1899 1862 1863 
f 1900 1333 1331 
f 366 1497 1901 
f 1902 1901 1497 
f 769 1806 1862 
f 769 1862 1899 
f 1099 892 1903 
f 890 1903 892 
f 1906 1905 1904 
f 1907 1904 1905 
f 335 1909 1908 
f 319 1908 1909 
f 197 378 1910 
f 377 1910 378 
f 1488 1580 1489 
f 1559 1489 1580 
f 657 1911 1040 
f 1912 1040 1911 
f 1913 1786 568 
f 444 568 1786 
f 538 536 1486 
f 1914 1486 536 
f 1019 1915 176 
f 175 176 1915 
f 1916 1799 1373 
f 1372 1373 1799 
f 1877 290 292 
f 1562 527 1160 
f 1268 1270 770 
f 1390 1829 1827 
f 561 676 1917 
f 1369 1917 676 
f 1818 1866 736 
f 1238 1427 1240 
f 1918 1240 1427 
f 294 1131 296 
f 713 1452 853 
f 1221 853 1452 
f 1919 823 824 
f 283 281 1514 
f 1920 1514 281 
f 1923 1922 1921 
f 638 1921 1922 
f 1812 1235 1709 
f 676 1924 1369 
f 1505 1369 1924 
f 19 1312 184 
f 183 184 1312 
f 1926 266 1925 
f 269 1925 266 
f 1577 112 111 
f 548 549 1840 
f 1916 1840 549 
f 1788 822 825 
f 690 1928 1927 
f 1610 1927 1928 
f 678 178 1183 
f 181 1183 178 
f 584 732 581 
f 733 581 732 
f 1082 1023 1013 
f 1012 1013 1023 
f 1242 1250 1243 
f 1929 1243 1250 
f 861 1726 858 
f 205 858 1726 
f 1932 1931 1930 
f 290 1930 1931 
f 1498 1933 105 
f 104 105 1933 
f 405 1934 650 
f 1935 650 1934 
f 1747 218 1015 
f 888 1407 1410 
f 292 285 880 
f 288 880 285 
f 510 1936 507 
f 1937 507 1936 
f 417 420 1938 
f 549 1938 420 
f 1791 568 566 
f 327 1498 329 
f 903 1599 1602 
f 1355 1939 918 
f 919 918 1939 
f 1940 1815 354 
f 1941 269 267 
f 166 1809 459 
f 1943 115 1942 
f 1944 1942 115 
f 1167 68 1945 
f 1181 1945 68 
f 1946 656 1039 
f 657 1039 656 
f 1949 1948 1947 
f 1950 1947 1948 
f 1953 1952 1951 
f 1914 1951 1952 
f 1954 1576 1577 
f 1957 1956 1955 
f 1958 1955 1956 
f 1960 1773 1959 
f 1186 1959 1773 
f 1961 1624 1625 
f 1158 1871 1072 
f 1071 1072 1871 
f 1651 307 979 
f 978 979 307 
f 1737 230 1074 
f 49 1074 230 
f 260 1202 1380 
f 1004 1005 1962 
f 1437 1962 1005 
f 1963 1085 1086 
f 1964 1033 1031 
f 1583 1236 921 
f 922 921 1236 
f 1966 1965 1339 
f 1341 1339 1965 
f 1386 1967 490 
f 143 490 1967 
f 1389 1968 1676 
f 1097 1676 1968 
f 485 1714 482 
f 972 482 1714 
f 184 182 1787 
f 1744 1236 1583 
f 1831 680 681 
f 1460 969 967 
f 1971 1970 1969 
f 1972 1969 1970 
f 1975 1974 1973 
f 1976 1973 1974 
f 1593 332 299 
f 1978 215 1977 
f 216 1977 215 
f 462 312 1979 
f 1980 1979 312 
f 1299 1344 1981 
f 1982 1981 1344 
f 1983 1917 1369 
f 1090 839 1089 
f 1984 1089 839 
f 1985 561 1917 
f 1986 8 1618 
f 1987 558 561 
f 746 747 1988 
f 1989 1988 747 
f 1990 1376 1375 
f 428 1876 970 
f 1991 970 1876 
f 907 1992 1 
f 3 1 1992 
f 1768 1994 1993 
f 1411 1993 1994 
f 1997 1996 1995 
f 1443 1995 1996 
f 1999 1998 1842 
f 1086 1842 1998 
f 1082 1268 1081 
f 770 1081 1268 
f 1828 1719 1473 
f 1893 1473 1719 
f 915 2001 2000 
f 2002 2000 2001 
f 370 1897 372 
f 1540 372 1897 
f 1686 402 1018 
f 815 554 816 
f 1605 2004 2003 
f 758 2003 2004 
f 835 1152 1459 
f 2006 1932 2005 
f 891 2005 1932 
f 1998 1963 1086 
f 688 1139 2007 
f 513 2007 1139 
f 2008 669 670 
f 1145 2009 980 
f 968 980 2009 
f 1056 1059 1313 
f 2010 1313 1059 
f 2013 2012 2011 
f 1420 2011 2012 
f 971 1965 484 
f 1444 484 1965 
f 148 1051 150 
f 1708 150 1051 
f 722 720 1305 
f 1302 1305 720 
f 266 1926 268 
f 1643 268 1926 
f 334 1372 1802 
f 1799 1802 1372 
f 2014 1752 430 
f 432 430 1752 
f 2015 1957 1955 
f 1838 1066 1069 
f 375 1054 374 
f 953 708 1184 
f 168 2016 343 
f 1735 343 2016 
f 1532 881 1531 
f 1533 1531 881 
f 2019 2018 2017 
f 2020 2017 2018 
f 1263 2022 2021 
f 587 2021 2022 
f 1645 1643 1926 
f 332 457 1001 
f 2023 68 66 
f 1293 1188 134 
f 832 789 198 
f 2024 86 84 
f 1143 1141 1589 
f 2025 590 589 
f 949 2026 951 
f 2027 951 2026 
f 2028 1679 1678 
f 2030 2029 511 
f 1431 511 2029 
f 1445 1929 1250 
f 972 2031 971 
f 2032 971 2031 
f 597 600 1278 
f 1276 1278 600 
f 2035 2034 2033 
f 383 2033 2034 
f 37 234 34 
f 1471 1390 1827 
f 632 2036 1756 
f 1512 1756 2036 
f 1299 1298 1344 
f 1900 1331 1753 
f 995 993 1855 
f 1854 1855 993 
f 2037 1971 974 
f 1969 974 1971 
f 1128 1920 1973 
f 1975 1973 1920 
f 884 882 1865 
f 1864 1865 882 
f 1868 771 1899 
f 769 1899 771 
f 1480 1826 2038 
f 1539 2038 1826 
f 1271 38 41 
f 533 1565 64 
f 1526 385 384 
f 776 774 2039 
f 2040 2039 774 
f 1112 1759 2041 
f 1758 2041 1759 
f 846 157 2042 
f 2043 2042 157 
f 1617 2044 1403 
f 1402 1403 2044 
f 1221 850 853 
f 2045 1900 1753 
f 2046 1753 1332 
f 1895 2047 567 
f 569 567 2047 
f 1945 404 1167 
f 1166 1167 404 
f 1576 1310 1376 
f 2049 2048 1606 
f 81 1606 2048 
f 2050 1031 1178 
f 1234 983 985 
f 526 608 2051 
f 611 2051 608 
f 1807 8 6 
f 32 2052 1534 
f 1214 1534 2052 
f 1043 1661 1044 
f 1557 2054 2053 
f 2055 2053 2054 
f 1571 2057 2056 
f 2058 2056 2057 
f 1334 1664 2059 
f 1771 2059 1664 
f 48 154 1761 
f 152 1761 154 
f 445 2060 102 
f 899 102 2060 
f 2061 2 3 
f 572 570 1279 
f 911 185 2062 
f 2063 2062 185 
f 201 1946 2064 
f 1039 2064 1946 
f 2065 843 841 
f 1677 2067 2066 
f 1857 2066 2067 
f 332 1001 298 
f 300 298 1001 
f 2068 1907 1905 
f 1529 1512 2036 
f 2063 1685 2069 
f 1687 2069 1685 
f 1103 1067 2070 
f 1068 2070 1067 
f 2046 2045 1753 
f 2071 783 781 
f 1414 315 1411 
f 1993 1411 315 
f 2073 38 2072 
f 1271 2072 38 
f 2074 1363 1361 
f 1931 2006 1513 
f 1510 1513 2006 
f 404 1594 1166 
f 1595 1166 1594 
f 1280 570 573 
f 2075 153 151 
f 1668 627 1669 
f 625 1669 627 
f 2076 1173 365 
f 1967 1389 952 
f 1569 1120 2077 
f 1118 2077 1120 
f 1166 1595 1168 
f 1836 1168 1595 
f 1412 2078 850 
f 852 850 2078 
f 1561 1254 1255 
f 2079 666 667 
f 806 1760 2080 
f 1865 2080 1760 
f 586 2081 1796 
f 1795 1796 2081 
f 2082 1518 1519 
f 2084 1796 2083 
f 1794 2083 1796 
f 1741 1062 2085 
f 1060 2085 1062 
f 2087 2086 1866 
f 2088 1866 2086 
f 665 2020 2089 
f 1691 2089 2020 
f 1983 1369 1367 
f 1516 325 1731 
f 768 766 937 
f 935 937 766 
f 494 2091 2090 
f 2092 2090 2091 
f 1058 1625 1623 
f 1515 1090 1088 
f 2093 1918 1455 
f 1456 1455 1918 
f 1999 1933 1498 
f 116 110 118 
f 451 118 110 
f 980 968 1821 
f 1789 1821 968 
f 522 531 2094 
f 780 2094 531 
f 1229 108 2095 
f 2096 2095 108 
f 2098 2097 1193 
f 1190 1193 2097 
f 126 948 946 
f 2099 958 713 
f 956 713 958 
f 2101 1233 2100 
f 1711 2100 1233 
f 2103 2102 886 
f 888 886 2102 
f 1830 2104 1831 
f 2103 1831 2104 
f 102 899 99 
f 900 99 899 
f 402 409 401 
f 542 1918 2093 
f 613 1500 643 
f 1935 651 650 
f 1646 1795 2081 
f 1600 1601 2105 
f 2106 2105 1601 
f 1180 406 1945 
f 404 1945 406 
f 2107 1122 1308 
f 53 1621 687 
f 293 206 2108 
f 96 2108 206 
f 2111 2110 2109 
f 2112 2109 2110 
f 1174 466 655 
f 464 655 466 
f 1526 1651 385 
f 2113 936 1665 
f 935 1665 936 
f 217 2114 747 
f 889 747 2114 
f 1505 865 863 
f 2061 3 2019 
f 1492 2019 3 
f 1262 268 1643 
f 2116 2115 2082 
f 1518 2082 2115 
f 1371 169 449 
f 1450 246 289 
f 1795 1644 1906 
f 1905 1906 1644 
f 1175 2117 1174 
f 466 1174 2117 
f 1932 2118 891 
f 2119 891 2118 
f 1700 1264 1078 
f 638 838 836 
f 1330 1977 1332 
f 2120 1332 1977 
f 432 2121 1383 
f 2002 1383 2121 
f 2018 2122 1639 
f 1638 1639 2122 
f 2123 1176 775 
f 774 775 1176 
f 2124 1008 1622 
f 1098 1632 2125 
f 1657 2125 1632 
f 438 543 437 
f 546 437 543 
f 1687 1686 1018 
f 1272 1026 1027 
f 1419 1954 1577 
f 2127 173 2126 
f 1832 2126 173 
f 1121 2128 1118 
f 251 1118 2128 
f 2076 368 2129 
f 2130 2129 368 
f 1336 1664 1334 
f 2131 1392 1393 
f 1021 1043 1045 
f 1319 304 1030 
f 2131 1591 1392 
f 2132 1392 1591 
f 1418 1419 1577 
f 2134 489 2133 
f 2135 2133 489 
f 1481 1480 2136 
f 2038 2136 1480 
f 2137 1180 642 
f 91 378 1936 
f 1937 1936 378 
f 2046 1502 2138 
f 1503 2138 1502 
f 513 1266 2007 
f 1928 2007 1266 
f 1893 1891 2139 
f 2140 2139 1891 
f 1232 983 1234 
f 2141 21 184 
f 19 184 21 
f 806 2142 803 
f 1273 803 2142 
f 1640 1432 1660 
f 526 2051 956 
f 712 956 2051 
f 472 2143 1394 
f 646 1394 2143 
f 2144 1557 2053 
f 128 137 130 
f 491 130 137 
f 2065 841 1964 
f 1033 1964 841 
f 745 1527 742 
f 2146 1953 2145 
f 2147 2145 1953 
f 753 1437 1005 
f 1542 1306 1309 
f 115 1943 117 
f 2148 117 1943 
f 607 1154 1465 
f 2078 1275 1274 
f 505 740 1878 
f 1879 1878 740 
f 507 1061 509 
f 456 2150 2149 
f 933 2149 2150 
f 1959 1749 2024 
f 86 2024 1749 
f 883 869 874 
f 1818 2087 1866 
f 2138 2045 2046 
f 1647 1835 1834 
f 1408 2152 2151 
f 530 2151 2152 
f 1918 1427 1456 
f 1425 1456 1427 
f 1690 442 440 
f 2153 2085 1060 
f 2142 249 252 
f 2155 2154 71 
f 70 71 2154 
f 2156 1075 1875 
f 2158 2157 1297 
f 1293 1297 2157 
f 427 425 2159 
f 1265 2159 425 
f 362 1168 364 
f 1836 364 1168 
f 448 573 571 
f 2161 1663 2160 
f 1661 2160 1663 
f 2162 886 887 
f 1087 2163 1084 
f 1315 1084 2163 
f 252 1273 2142 
f 837 2165 2164 
f 2166 2164 2165 
f 764 392 1707 
f 1665 1707 392 
f 2167 990 991 
f 1992 1492 3 
f 1854 1949 1856 
f 1947 1856 1949 
f 1384 431 429 
f 844 2017 665 
f 2020 665 2017 
f 1880 1305 1303 
f 739 740 505 
f 183 1419 1603 
f 1417 1603 1419 
f 2169 647 2168 
f 645 2168 647 
f 2170 355 235 
f 1493 371 323 
f 325 323 371 
f 1418 1577 111 
f 1050 2171 1706 
f 764 1706 2171 
f 2160 2172 2161 
f 1582 2161 2172 
f 297 1566 299 
f 2173 193 191 
f 2176 2175 2174 
f 2177 2174 2175 
f 865 1505 1924 
f 2179 2178 2118 
f 2119 2118 2178 
f 1276 1082 1080 
f 428 606 425 
f 1876 1874 1991 
f 1379 1991 1874 
f 1493 1195 1896 
f 2180 1896 1195 
f 2061 844 2181 
f 663 2181 844 
f 434 848 2182 
f 847 2182 848 
f 2183 2086 2087 
f 885 888 2184 
f 2185 2184 888 
f 440 443 912 
f 1107 912 443 
f 879 1021 1045 
f 1922 2165 838 
f 837 838 2165 
f 838 638 1922 
f 949 2186 2026 
f 593 2026 2186 
f 251 2187 1118 
f 2077 1118 2187 
f 1815 1421 1422 
f 603 1175 601 
f 1415 920 922 
f 2144 1555 1557 
f 1486 1952 288 
f 2188 288 1952 
f 588 2084 1327 
f 2189 1327 2084 
f 2190 1060 1404 
f 1063 1404 1060 
f 2191 2060 445 
f 2192 1479 2147 
f 1481 2147 1479 
f 763 762 2080 
f 806 2080 762 
f 1844 894 2193 
f 893 2193 894 
f 2194 979 1092 
f 987 1156 1157 
f 2196 21 2195 
f 2141 2195 21 
f 2197 471 469 
f 1823 1822 2198 
f 2199 2198 1822 
f 2201 2200 1723 
f 1509 1723 2200 
f 1018 1755 1687 
f 2202 1687 1755 
f 2205 2204 2203 
f 2206 2203 2204 
f 2207 2136 2038 
f 2191 2162 901 
f 887 901 2162 
f 2208 471 2197 
f 1670 1101 1487 
f 149 147 2209 
f 765 2209 147 
f 969 1150 1151 
f 745 1191 2210 
f 1192 2210 1191 
f 1360 1824 1362 
f 1396 1362 1824 
f 2211 105 103 
f 2162 2103 886 
f 2213 2212 1322 
f 1321 1322 2212 
f 2215 431 2214 
f 1384 2214 431 
f 2148 2154 2155 
f 1921 636 2216 
f 1127 2216 636 
f 2217 951 2027 
f 2157 2218 1187 
f 2219 1187 2218 
f 78 2220 1000 
f 2149 1000 2220 
f 1287 403 1775 
f 356 2221 2111 
f 2110 2111 2221 
f 2223 2153 2222 
f 2190 2222 2153 
f 697 695 917 
f 678 2224 178 
f 180 178 2224 
f 1970 2225 1972 
f 976 1972 2225 
f 2226 1997 1295 
f 810 1295 1997 
f 1984 2228 2227 
f 2229 2227 2228 
f 875 604 607 
f 1873 99 900 
f 1153 2230 882 
f 1864 882 2230 
f 2231 2092 2091 
f 2232 1775 1776 
f 395 393 1028 
f 2164 2234 2233 
f 1037 2233 2234 
f 1882 1468 1469 
f 1934 405 406 
f 904 481 1599 
f 480 1599 481 
f 1457 140 1445 
f 216 2120 1977 
f 2235 1731 277 
f 1732 277 1731 
f 2182 2035 435 
f 2033 435 2035 
f 1558 1487 1489 
f 1544 2236 1546 
f 2176 1546 2236 
f 12 56 244 
f 1430 1323 1321 
f 2189 2083 2237 
f 1794 2237 2083 
f 2238 1230 1007 
f 1575 723 410 
f 2240 2239 1397 
f 795 1397 2239 
f 2242 1780 2241 
f 2243 2241 1780 
f 1213 169 167 
f 654 982 981 
f 859 777 861 
f 2244 861 777 
f 1462 1200 1449 
f 614 1936 510 
f 368 1901 2130 
f 1902 2130 1901 
f 954 953 1184 
f 765 147 150 
f 640 2245 642 
f 2246 642 2245 
f 2247 1336 1326 
f 2248 532 533 
f 1604 1469 2004 
f 757 2004 1469 
f 1617 1385 1770 
f 394 1770 1385 
f 947 2249 1201 
f 1203 1201 2249 
f 221 1453 842 
f 1033 842 1453 
f 204 479 2250 
f 1659 2250 479 
f 2251 1397 1839 
f 1329 1839 1397 
f 1992 2252 1492 
f 1491 1492 2252 
f 1681 2253 2075 
f 2254 2075 2253 
f 1414 2255 1532 
f 881 1532 2255 
f 1809 1536 1535 
f 1330 1512 1978 
f 1510 1978 1512 
f 804 869 1760 
f 330 119 270 
f 1581 1845 760 
f 2016 169 1371 
f 1380 259 260 
f 445 1786 682 
f 679 682 1786 
f 1493 1197 1195 
f 2010 1059 1280 
f 1057 1280 1059 
f 2256 2088 2086 
f 961 2123 775 
f 275 113 22 
f 152 127 1761 
f 1825 1761 127 
f 276 219 798 
f 967 2257 1460 
f 2258 1460 2257 
f 157 846 156 
f 472 1858 2143 
f 88 2143 1858 
f 2200 2201 1852 
f 2259 1852 2201 
f 1978 217 215 
f 1881 2119 2178 
f 2173 415 413 
f 1900 2260 1333 
f 2261 1333 2260 
f 1973 1125 1128 
f 2262 1912 141 
f 1929 141 1912 
f 2263 1641 228 
f 1721 2115 2264 
f 2116 2264 2115 
f 1165 1414 1532 
f 1076 1283 1078 
f 2265 1078 1283 
f 1890 1893 1719 
f 1974 1975 1409 
f 284 1409 1975 
f 2266 1185 1243 
f 1335 585 588 
f 1741 2085 2223 
f 2153 2223 2085 
f 2173 181 179 
f 2267 1420 580 
f 1853 1437 1436 
f 204 476 479 
f 2240 1397 2251 
f 2164 2166 2234 
f 1070 2234 2166 
f 1055 280 321 
f 881 616 1533 
f 617 1533 616 
f 1743 1991 1378 
f 1379 1378 1991 
f 1836 2242 364 
f 2241 364 2242 
f 1831 2103 2162 
f 250 1816 1244 
f 628 1225 605 
f 93 2268 2073 
f 1736 2073 2268 
f 854 857 2269 
f 1554 2269 857 
f 669 2008 1886 
f 1888 1886 2008 
f 372 828 369 
f 380 2270 799 
f 1370 799 2270 
f 1127 2271 1693 
f 1830 1693 2271 
f 957 1275 1160 
f 1628 2272 743 
f 1720 743 2272 
f 2273 2010 573 
f 1280 573 2010 
f 1918 542 1240 
f 162 2213 1322 
f 515 1138 2274 
f 1140 2274 1138 
f 2276 2275 2161 
f 1663 2161 2275 
f 1237 1482 1415 
f 282 2277 284 
f 2152 284 2277 
f 2278 1550 865 
f 2280 1616 2279 
f 1614 2279 1616 
f 868 696 721 
f 1302 721 696 
f 2088 1883 1867 
f 228 2281 2133 
f 2134 2133 2281 
f 2139 2283 2282 
f 2284 2282 2283 
f 2208 504 505 
f 407 1049 1594 
f 2285 71 2090 
f 69 2090 71 
f 1947 1950 1552 
f 2286 1552 1950 
f 1792 919 1347 
f 2287 626 955 
f 1915 1022 1746 
f 1388 1746 1022 
f 867 2241 868 
f 2243 868 2241 
f 2289 396 2288 
f 2260 2288 396 
f 1570 1805 2290 
f 1804 2290 1805 
f 611 609 2290 
f 1256 2290 609 
f 1340 1053 486 
f 1873 1871 1156 
f 1158 1156 1871 
f 1670 925 1067 
f 1069 1067 925 
f 836 637 638 
f 2172 924 1559 
f 421 1461 667 
f 2291 667 1461 
f 733 1247 581 
f 583 581 1247 
f 1034 1032 274 
f 530 955 529 
f 2292 598 875 
f 2263 228 2133 
f 1702 2294 2293 
f 2295 2293 2294 
f 2296 599 1618 
f 1986 1618 599 
f 1597 1311 20 
f 19 20 1311 
f 387 1131 294 
f 2212 489 487 
f 2297 476 204 
f 1651 979 2194 
f 1804 303 714 
f 1337 714 303 
f 2298 2231 2091 
f 452 36 1111 
f 233 1111 36 
f 2280 2299 1616 
f 1615 1616 2299 
f 1848 1441 2248 
f 1442 2248 1441 
f 653 652 109 
f 2096 109 652 
f 693 906 247 
f 4 247 906 
f 2300 1818 1817 
f 79 2220 78 
f 325 371 369 
f 1713 990 2167 
f 677 678 1183 
f 531 534 782 
f 2301 782 534 
f 1850 2259 1956 
f 1958 1956 2259 
f 862 1550 2232 
f 1775 2232 1550 
f 1730 687 685 
f 873 1466 870 
f 1499 870 1466 
f 37 35 453 
f 1314 2303 2302 
f 2273 2302 2303 
f 448 2273 573 
f 1964 2050 2065 
f 1730 2065 2050 
f 1037 1035 2229 
f 626 2229 1035 
f 2069 1687 2202 
f 191 2304 2173 
f 415 2173 2304 
f 1690 440 354 
f 912 354 440 
f 1608 27 28 
f 2304 191 666 
f 390 388 500 
f 502 500 388 
f 779 860 1496 
f 2305 1496 860 
f 758 1507 1508 
f 2300 1817 2306 
f 2307 2306 1817 
f 2308 687 1728 
f 1730 1728 687 
f 1859 52 1858 
f 88 1858 52 
f 59 57 1903 
f 1099 1903 57 
f 2309 754 735 
f 818 654 1793 
f 1807 1057 1058 
f 2310 248 1674 
f 2075 151 231 
f 154 231 151 
f 1318 1223 617 
f 2311 617 1223 
f 2312 2205 2203 
f 1912 2262 1040 
f 1041 1040 2262 
f 2313 1853 1856 
f 1819 623 199 
f 1946 199 623 
f 161 146 1484 
f 614 612 1936 
f 91 1936 612 
f 1397 794 1329 
f 2185 2314 180 
f 193 180 2314 
f 1495 614 510 
f 1985 1917 1983 
f 719 845 1044 
f 1599 903 904 
f 1884 1468 1882 
f 1446 613 643 
f 646 1170 1394 
f 2315 1181 2023 
f 68 2023 1181 
f 193 2173 179 
f 2049 1750 2070 
f 1103 2070 1750 
f 2316 2145 2147 
f 1538 964 962 
f 1202 260 2317 
f 1870 2317 260 
f 53 2308 55 
f 1014 55 2308 
f 1332 2120 2046 
f 1502 2046 2120 
f 1180 1945 1181 
f 2142 806 762 
f 23 87 90 
f 1385 1617 1403 
f 2268 2319 2318 
f 1751 2318 2319 
f 746 1988 2320 
f 2127 2320 1988 
f 1742 509 1062 
f 2002 1440 1383 
f 1384 1383 1440 
f 2216 1693 1692 
f 1361 1395 1957 
f 1956 1957 1395 
f 2321 1665 935 
f 2128 250 251 
f 1263 755 1260 
f 2322 1260 755 
f 2130 2176 2236 
f 14 1639 16 
f 343 341 2323 
f 1464 2323 341 
f 1190 2324 2315 
f 2325 2315 2324 
f 791 646 2143 
f 1547 45 2326 
f 2327 2326 45 
f 2106 1584 261 
f 595 2328 1640 
f 1432 1640 2328 
f 239 1578 241 
f 1303 2329 1880 
f 136 1880 2329 
f 1582 2276 2161 
f 621 418 419 
f 492 495 1621 
f 1430 1321 2212 
f 1608 28 1610 
f 1671 1610 28 
f 820 478 649 
f 1159 931 2330 
f 934 2330 931 
f 492 1621 2298 
f 54 2298 1621 
f 856 1891 1892 
f 1023 871 1012 
f 1558 925 1670 
f 113 276 1861 
f 2331 2267 1228 
f 578 1228 2267 
f 1413 2078 1412 
f 2011 2267 2331 
f 974 1969 1972 
f 2003 758 1508 
f 287 517 518 
f 1916 549 420 
f 494 69 72 
f 248 246 1451 
f 1450 1451 246 
f 1684 2326 2327 
f 1808 1807 1058 
f 864 2232 715 
f 1776 715 2232 
f 108 109 2096 
f 2332 1452 711 
f 2333 2265 29 
f 1283 29 2265 
f 200 1857 345 
f 995 1541 729 
f 2334 15 797 
f 16 797 15 
f 2336 2335 398 
f 397 398 2335 
f 1197 1494 1879 
f 1584 1598 1744 
f 1584 1744 1583 
f 1620 2296 1618 
f 909 910 2337 
f 2338 2337 910 
f 238 509 1742 
f 111 715 1776 
f 2005 891 889 
f 1786 445 444 
f 717 813 811 
f 2339 2075 231 
f 1629 1079 1226 
f 1228 1226 1079 
f 1169 647 2340 
f 2169 2340 647 
f 1470 1654 1104 
f 1106 1104 1654 
f 1421 1815 1940 
f 2184 2224 1679 
f 1766 1679 2224 
f 1694 1003 2341 
f 2342 2341 1003 
f 1946 623 656 
f 2115 1798 1518 
f 1252 2344 2343 
f 2345 2343 2344 
f 1723 1721 2264 
f 2067 1677 1679 
f 1068 2049 2070 
f 139 2346 2262 
f 1041 2262 2346 
f 2347 1959 2024 
f 927 930 2348 
f 419 2348 930 
f 1241 47 50 
f 1563 1769 2349 
f 2057 2349 1769 
f 2351 2350 1983 
f 1985 1983 2350 
f 2202 1755 1203 
f 1380 1203 1755 
f 1886 1887 669 
f 563 669 1887 
f 1440 2002 1442 
f 2001 1442 2002 
f 2264 2259 2201 
f 1890 1719 1718 
f 1995 1443 1441 
f 444 567 568 
f 1142 2107 1144 
f 1308 1144 2107 
f 2183 1653 2086 
f 1652 2086 1653 
f 459 1810 675 
f 2352 675 1810 
f 645 646 790 
f 2197 504 2208 
f 2067 1679 1766 
f 2353 1813 397 
f 1262 1251 268 
f 2243 696 868 
f 2354 1680 829 
f 279 829 1680 
f 185 911 182 
f 992 990 1435 
f 2355 1470 1104 
f 2356 418 621 
f 1256 1570 2290 
f 864 1861 863 
f 2357 863 1861 
f 1790 1598 463 
f 1212 167 170 
f 2017 844 2061 
f 1548 1739 45 
f 1793 820 818 
f 1612 156 339 
f 2358 1343 1173 
f 1169 2340 2359 
f 1949 2359 2340 
f 587 2081 586 
f 801 2360 2101 
f 1233 2101 2360 
f 1527 66 67 
f 1683 2361 2123 
f 1176 2123 2361 
f 2036 632 635 
f 2362 1908 319 
f 1626 172 1098 
f 1763 1762 158 
f 671 388 391 
f 2152 1409 284 
f 52 55 88 
f 2226 1295 1294 
f 1888 2008 2192 
f 1479 2192 2008 
f 2365 2364 2363 
f 686 2363 2364 
f 1872 1642 1071 
f 470 1833 2366 
f 576 2366 1833 
f 1504 216 826 
f 594 895 603 
f 1995 1441 1847 
f 192 528 423 
f 1151 1095 969 
f 966 969 1095 
f 2367 1613 1161 
f 338 1161 1613 
f 1568 1567 1241 
f 2368 1241 1567 
f 693 506 906 
f 2369 582 583 
f 1276 1764 1082 
f 1023 1082 1764 
f 2349 1571 1562 
f 701 699 1248 
f 1249 1248 699 
f 564 2370 668 
f 2371 668 2370 
f 1672 1282 744 
f 1284 744 1282 
f 1253 609 610 
f 778 2372 777 
f 2244 777 2372 
f 641 2325 643 
f 1446 643 2325 
f 1624 1961 800 
f 120 800 1961 
f 221 842 1257 
f 785 2373 456 
f 2150 456 2373 
f 2375 237 2374 
f 356 2374 237 
f 314 1165 1532 
f 2091 492 2298 
f 2321 766 767 
f 2264 2201 1723 
f 2220 1548 2149 
f 456 2149 1548 
f 1351 1094 915 
f 916 915 1094 
f 145 999 1483 
f 311 309 2376 
f 481 2376 309 
f 993 2359 1854 
f 1949 1854 2359 
f 422 423 627 
f 529 627 423 
f 414 2291 1457 
f 1461 1457 2291 
f 1495 1500 614 
f 613 614 1500 
f 1782 2378 2377 
f 2177 2377 2378 
f 748 2312 2203 
f 867 705 361 
f 1269 1013 1011 
f 1054 375 1833 
f 1855 1853 1436 
f 887 885 2028 
f 2184 2028 885 
f 2315 2325 641 
f 2271 2379 2104 
f 2102 2104 2379 
f 1276 600 1764 
f 2292 1764 600 
f 1939 1355 1353 
f 966 1789 968 
f 27 1608 1609 
f 600 598 2292 
f 2219 1703 1704 
f 1865 1760 884 
f 2380 2165 1922 
f 2212 2135 489 
f 1354 1158 1072 
f 379 1272 1027 
f 1547 457 455 
f 1199 1215 1218 
f 2381 469 470 
f 383 2351 380 
f 2382 380 2351 
f 1609 1607 2383 
f 2384 2383 1607 
f 2100 2156 1875 
f 1554 2385 1522 
f 2386 1522 2385 
f 1821 1789 1820 
f 1096 1820 1789 
f 2362 727 728 
f 2387 265 263 
f 1882 1469 1604 
f 2388 1820 1351 
f 1096 1351 1820 
f 1112 1757 1759 
f 462 1979 461 
f 1868 461 1979 
f 611 712 2051 
f 760 674 1581 
f 1582 1581 674 
f 1934 2389 1935 
f 2279 1935 2389 
f 1931 1932 2006 
f 2348 1938 1301 
f 1105 1301 1938 
f 2390 1509 2200 
f 2391 1855 1436 
f 1741 2170 235 
f 1373 1840 1916 
f 1387 2146 741 
f 738 741 2146 
f 188 353 706 
f 2274 706 353 
f 126 1204 2392 
f 2317 2392 1204 
f 2057 1769 1767 
f 908 2393 910 
f 2338 910 2393 
f 1766 344 347 
f 537 535 563 
f 565 563 535 
f 1750 1606 2394 
f 39 2394 1606 
f 2273 1667 2302 
f 2395 2302 1667 
f 1905 2199 2068 
f 1822 2068 2199 
f 2249 2202 1203 
f 2396 1399 1631 
f 896 897 1798 
f 960 1798 897 
f 2397 269 1941 
f 2398 1971 2037 
f 2346 139 1462 
f 142 1462 139 
f 2399 1504 826 
f 1715 2167 2400 
f 452 2400 2167 
f 625 1365 1669 
f 253 1669 1365 
f 419 930 620 
f 2247 620 930 
f 2041 2032 2401 
f 2031 2401 2032 
f 1391 2402 1325 
f 659 1325 2402 
f 1035 1038 1365 
f 1364 1365 1038 
f 1597 792 1375 
f 1990 1375 792 
f 608 526 610 
f 2403 2163 1087 
f 310 716 312 
f 1980 312 716 
f 305 2009 1145 
f 84 2347 2024 
f 2273 448 1667 
f 1102 1846 1101 
f 2259 1850 1852 
f 617 615 1318 
f 1998 1999 327 
f 1498 327 1999 
f 1875 1876 428 
f 1769 1413 1994 
f 1411 1994 1413 
f 1717 1719 1828 
f 1808 1623 1620 
f 802 1620 1623 
f 2212 487 1430 
f 1395 1850 1956 
f 1011 684 704 
f 1809 1314 2302 
f 1555 1008 2124 
f 358 1659 1894 
f 479 1894 1659 
f 1371 521 2016 
f 2094 2016 521 
f 514 351 2404 
f 1815 2404 351 
f 2050 1178 1179 
f 2405 2237 1794 
f 1995 807 810 
f 1473 1471 1827 
f 941 939 1231 
f 824 2406 1658 
f 1659 1658 2406 
f 1768 1769 1994 
f 2331 1228 1079 
f 2151 528 192 
f 1249 583 1247 
f 2407 1348 1346 
f 1227 579 2098 
f 2097 2098 579 
f 101 99 1873 
f 1639 2408 2018 
f 2020 2018 2408 
f 1962 856 1892 
f 1461 1438 1439 
f 1249 795 2239 
f 847 812 2182 
f 1574 2182 812 
f 2351 383 2350 
f 2034 2350 383 
f 901 2060 2191 
f 2388 1691 1820 
f 845 722 2179 
f 2178 2179 722 
f 2288 1900 2045 
f 1330 1978 1977 
f 725 2409 673 
f 672 673 2409 
f 49 47 540 
f 1239 540 47 
f 2249 2069 2202 
f 2410 1636 1634 
f 986 137 136 
f 1478 1636 1556 
f 2411 1556 1636 
f 1626 2125 1627 
f 2055 1627 2125 
f 1737 1074 1075 
f 282 955 2277 
f 530 2277 955 
f 1651 306 307 
f 933 1889 999 
f 1674 1675 592 
f 594 592 1675 
f 2246 2137 642 
f 187 748 2203 
f 1801 1799 1916 
f 2412 1851 2198 
f 1823 2198 1851 
f 1712 728 726 
f 2129 2130 2236 
f 1623 1808 1058 
f 2413 1658 1869 
f 133 1869 1658 
f 2345 2344 2309 
f 754 2309 2344 
f 796 33 1650 
f 1555 2144 1010 
f 223 1010 2144 
f 2415 2414 2122 
f 1638 2122 2414 
f 1629 1076 1079 
f 2416 1935 2279 
f 109 107 2417 
f 257 2417 107 
f 2418 446 698 
f 1590 1694 2341 
f 1420 2267 2011 
f 835 1458 76 
f 2258 76 1458 
f 2286 2141 2419 
f 1787 2419 2141 
f 2293 2013 1264 
f 2011 1264 2013 
f 1185 2266 1182 
f 624 1182 2266 
f 2029 584 582 
f 1650 2194 796 
f 2334 796 2194 
f 1722 756 896 
f 720 721 1302 
f 287 518 286 
f 1485 286 518 
f 907 504 2197 
f 1596 2168 645 
f 165 2420 1056 
f 1058 1056 2420 
f 2231 54 1860 
f 1787 2141 184 
f 2421 2389 1934 
f 241 684 360 
f 1901 368 366 
f 2281 228 226 
f 1472 1893 2139 
f 612 93 91 
f 743 744 1284 
f 590 263 264 
f 623 1819 346 
f 2210 1527 745 
f 1900 2288 2260 
f 2422 1122 2107 
f 179 180 193 
f 1832 206 293 
f 2150 1739 2423 
f 1548 2423 1739 
f 1748 1102 2424 
f 1648 2424 1102 
f 2310 1674 2186 
f 592 2186 1674 
f 284 1975 1920 
f 1743 970 1991 
f 89 87 1803 
f 1538 962 2354 
f 1680 2354 962 
f 137 986 988 
f 2425 866 721 
f 868 721 866 
f 2043 157 155 
f 2256 1884 1883 
f 2311 316 617 
f 1533 617 316 
f 345 199 200 
f 1374 348 7 
f 350 7 348 
f 2427 948 2426 
f 124 2426 948 
f 1772 1188 1186 
f 2317 1870 1121 
f 2128 1121 1870 
f 1746 490 491 
f 653 621 619 
f 2055 2125 1657 
f 1513 291 1931 
f 290 1931 291 
f 1438 424 256 
f 2428 256 424 
f 1437 2313 855 
f 1551 855 2313 
f 553 547 2429 
f 1123 2429 547 
f 2430 2015 1955 
f 1725 2217 819 
f 821 819 2217 
f 1791 1913 568 
f 2260 396 399 
f 1508 2343 2345 
f 1292 1293 134 
f 1449 2346 1462 
f 1069 174 1779 
f 177 1779 174 
f 1194 1197 2431 
f 1879 2431 1197 
f 2432 1423 1424 
f 1868 1083 771 
f 1858 475 1859 
f 2433 1859 475 
f 2199 1645 2434 
f 1925 2434 1645 
f 2148 2025 589 
f 2130 1902 2175 
f 2305 2175 1902 
f 2094 780 1735 
f 1722 1509 1507 
f 2216 1923 1921 
f 821 2027 2435 
f 593 2435 2027 
f 791 1803 1990 
f 24 1990 1803 
f 1034 433 1575 
f 723 1575 433 
f 849 814 847 
f 812 847 814 
f 1981 545 543 
f 275 25 219 
f 920 1415 1244 
f 825 823 1781 
f 2436 2342 1006 
f 1003 1006 2342 
f 2409 1359 672 
f 2276 672 1359 
f 2037 975 1044 
f 719 1044 975 
f 1989 889 892 
f 779 859 860 
f 1966 1444 1965 
f 2437 1196 1194 
f 2365 840 843 
f 1675 895 594 
f 2438 783 2071 
f 1144 1306 1695 
f 752 1695 1306 
f 1129 2117 359 
f 2439 359 2117 
f 1635 1478 1476 
f 1853 2313 1437 
f 2285 318 319 
f 1314 166 164 
f 872 330 683 
f 270 683 330 
f 843 2065 2364 
f 685 2364 2065 
f 2440 362 363 
f 2370 2436 1006 
f 1813 2441 634 
f 1519 634 2441 
f 1892 1004 1962 
f 1708 767 765 
f 1542 1541 2391 
f 995 2391 1541 
f 2238 1010 223 
f 785 454 787 
f 2157 1188 1293 
f 54 2231 2298 
f 1637 2108 1634 
f 96 1634 2108 
f 1828 1473 1827 
f 2009 2443 2442 
f 2257 2442 2443 
f 535 538 1485 
f 2228 1984 839 
f 2000 662 2388 
f 2089 2388 662 
f 2445 2444 1752 
f 432 1752 2444 
f 1587 1585 763 
f 2187 763 1585 
f 2446 784 787 
f 162 1839 159 
f 77 159 1839 
f 1129 466 2117 
f 1843 1837 149 
f 1595 149 1837 
f 1510 2006 2005 
f 2325 2447 1446 
f 2319 1446 2447 
f 267 1252 2448 
f 2343 2448 1252 
f 1943 70 2154 
f 1632 1630 1657 
f 1656 1657 1630 
f 2449 2209 768 
f 765 768 2209 
f 1960 1544 1773 
f 1545 1773 1544 
f 129 1448 131 
f 2396 131 1448 
f 478 1793 477 
f 1045 2179 1877 
f 1930 1877 2179 
f 2216 1127 1693 
f 2228 839 837 
f 2148 1943 2154 
f 1470 2355 1682 
f 2450 1682 2355 
f 1055 985 376 
f 2451 1564 1288 
f 1560 2056 2452 
f 2058 2452 2056 
f 213 170 1525 
f 168 1525 170 
f 2420 1961 1625 
f 645 790 1596 
f 2300 2087 1818 
f 2410 1634 97 
f 96 97 1634 
f 1458 1460 2258 
f 1069 925 923 
f 2187 761 763 
f 2335 1363 397 
f 2353 397 1363 
f 340 1735 2438 
f 783 2438 1735 
f 1832 293 296 
f 1317 1319 2211 
f 1030 2211 1319 
f 1572 1148 524 
f 2080 1587 763 
f 1299 1981 2372 
f 438 2372 1981 
f 1620 1619 1808 
f 1786 1913 1785 
f 1792 1785 1913 
f 1773 1772 1186 
f 801 120 123 
f 1590 1695 1694 
f 2080 1865 1587 
f 2052 2019 1492 
f 1232 984 983 
f 1588 2077 1585 
f 2187 1585 2077 
f 580 578 2267 
f 2275 1357 1662 
f 2398 1662 1357 
f 1073 2234 1070 
f 1098 2125 1626 
f 1114 817 1116 
f 2453 1116 817 
f 82 1271 41 
f 1155 1136 1157 
f 391 673 671 
f 718 717 1647 
f 439 476 2297 
f 2428 1668 256 
f 2058 1767 1963 
f 1085 1963 1767 
f 1153 1154 1225 
f 1573 1745 1136 
f 2405 1622 1009 
f 2159 2296 1620 
f 1119 1825 127 
f 1147 1566 1146 
f 1565 1146 1566 
f 787 332 2446 
f 1593 2446 332 
f 406 2421 1934 
f 2176 2130 2175 
f 1765 1678 1217 
f 211 31 212 
f 556 1296 1291 
f 2322 1251 1262 
f 786 2373 785 
f 1504 2120 216 
f 1477 1503 1476 
f 386 1476 1503 
f 2228 1037 2229 
f 1313 2010 2303 
f 2273 2303 2010 
f 2049 1068 2449 
f 1843 2449 1068 
f 1958 2264 2116 
f 199 1946 201 
f 172 1626 95 
f 2326 2454 1002 
f 63 1002 2454 
f 1341 971 2032 
f 194 1027 1025 
f 2019 2017 2061 
f 2323 1525 168 
f 2452 1561 1560 
f 1628 743 1284 
f 2040 1316 516 
f 586 2084 588 
f 1889 933 931 
f 2043 2455 2042 
f 1149 2042 2455 
f 728 548 1841 
f 2456 587 2307 
f 585 2307 587 
f 697 1791 566 
f 2397 2200 1852 
f 2310 1097 248 
f 2058 1963 2452 
f 328 2452 1963 
f 1837 1843 1066 
f 2206 997 189 
f 1919 2177 2378 
f 177 175 1352 
f 2393 908 708 
f 782 780 531 
f 2332 1337 1219 
f 251 249 761 
f 2365 450 1258 
f 451 1258 450 
f 718 1083 1980 
f 1868 1980 1083 
f 1779 1780 2242 
f 756 1507 758 
f 264 257 590 
f 432 2444 2121 
f 2181 2121 2444 
f 1928 690 2007 
f 688 2007 690 
f 1861 864 715 
f 131 2396 1631 
f 2458 2457 282 
f 955 282 2457 
f 1065 701 1248 
f 843 2364 2365 
f 2406 822 1788 
f 1146 1565 533 
f 1782 823 2378 
f 1919 2378 823 
f 2231 2459 2092 
f 320 2092 2459 
f 2345 2003 1508 
f 2460 2230 1225 
f 1153 1225 2230 
f 1586 1425 1428 
f 800 120 801 
f 148 1049 1051 
f 134 1869 133 
f 826 1579 1734 
f 1812 1237 1235 
f 2462 1960 2461 
f 2347 2461 1960 
f 2185 888 1410 
f 1527 2210 66 
f 2023 66 2210 
f 422 2428 424 
f 887 2028 898 
f 1678 898 2028 
f 1398 349 1400 
f 1350 2218 1349 
f 1725 1349 2218 
f 283 1088 1091 
f 1386 490 1746 
f 801 2101 427 
f 426 427 2101 
f 1720 1191 745 
f 2451 1279 1281 
f 1981 543 438 
f 290 1877 1930 
f 2421 2280 2279 
f 2463 1655 1777 
f 222 1777 1655 
f 1552 2385 1554 
f 2300 2059 2087 
f 2183 2087 2059 
f 2016 2094 1735 
f 2271 1976 2379 
f 1974 2379 1976 
f 774 1176 1143 
f 2138 1503 1477 
f 2387 336 334 
f 2242 1836 1838 
f 2355 1104 2429 
f 553 2429 1104 
f 1904 2464 1475 
f 1477 1475 2464 
f 1651 2194 1650 
f 2126 2320 2127 
f 2338 2393 709 
f 708 709 2393 
f 628 2460 1225 
f 1294 1450 2465 
f 289 2465 1450 
f 453 1159 2330 
f 1199 1038 1036 
f 1647 814 1835 
f 849 1835 814 
f 2467 569 2466 
f 2047 2466 569 
f 1324 1391 1325 
f 1448 1289 1290 
f 820 649 819 
f 1725 819 649 
f 284 1920 281 
f 333 1909 335 
f 4 906 1 
f 2205 2312 2225 
f 976 2225 2312 
f 1636 1478 1635 
f 963 1325 660 
f 659 660 1325 
f 2468 221 224 
f 1672 28 26 
f 535 1393 565 
f 1300 1106 1653 
f 934 700 701 
f 939 1737 2156 
f 1075 2156 1737 
f 98 1832 173 
f 941 985 2469 
f 1055 2469 985 
f 1705 545 1982 
f 1981 1982 545 
f 1715 1713 2167 
f 2110 2223 2222 
f 734 2456 1817 
f 2307 1817 2456 
f 666 2079 2304 
f 415 2304 2079 
f 2278 481 904 
f 2093 1455 1377 
f 2404 1815 1422 
f 2270 2357 1370 
f 1861 1370 2357 
f 100 101 1895 
f 1537 2038 1539 
f 1481 2437 2316 
f 1194 2316 2437 
f 2233 2228 837 
f 2399 1734 2470 
f 1133 2470 1734 
f 2459 2231 1860 
f 1985 2350 2034 
f 1323 2369 1320 
f 2240 1320 2369 
f 2168 1596 2196 
f 18 2196 1596 
f 1813 634 1814 
f 632 1814 634 
f 1281 1280 1057 
f 1809 166 1314 
f 2456 2021 587 
f 2333 1700 2265 
f 1078 2265 1700 
f 1384 1440 1443 
f 1696 750 753 
f 1410 2314 2185 
f 915 2000 1351 
f 2388 1351 2000 
f 2224 2185 180 
f 1765 1217 1872 
f 1215 1872 1217 
f 609 1253 1256 
f 1265 604 876 
f 2297 204 202 
f 499 1846 1748 
f 1102 1748 1846 
f 514 512 351 
f 353 351 512 
f 1704 86 1749 
f 2111 2109 2299 
f 1615 2299 2109 
f 1726 861 2244 
f 2360 1342 2471 
f 984 2471 1342 
f 1844 2439 894 
f 1175 894 2439 
f 21 2196 18 
f 599 597 1986 
f 1754 1986 597 
f 1725 2218 2158 
f 2157 2158 2218 
f 2296 1265 876 
f 2140 1891 856 
f 1925 1645 1926 
f 995 1855 2391 
f 1304 2467 2466 
f 1303 1304 2466 
f 748 187 188 
f 2472 340 2438 
f 1722 1723 1509 
f 2039 516 519 
f 110 116 107 
f 1445 1250 416 
f 1715 2474 2473 
f 2401 2473 2474 
f 1569 2077 1588 
f 2475 1681 965 
f 262 265 1800 
f 1802 1800 265 
f 1881 138 59 
f 58 59 138 
f 965 963 2475 
f 660 2475 963 
f 916 2455 2043 
f 2278 865 1924 
f 555 556 1291 
f 1535 2366 1810 
f 576 1810 2366 
f 1497 1496 1902 
f 2305 1902 1496 
f 1952 1953 2188 
f 2146 2188 1953 
f 311 1924 676 
f 27 1609 2476 
f 2383 2476 1609 
f 630 628 605 
f 1822 1824 2068 
f 2336 2068 1824 
f 934 701 1064 
f 2088 2256 1883 
f 2356 2477 1801 
f 262 1801 2477 
f 127 125 1119 
f 1121 1119 125 
f 2245 640 2375 
f 2478 2375 640 
f 2221 2223 2110 
f 1163 1147 520 
f 2157 1187 1188 
f 2059 2306 1334 
f 1335 1334 2306 
f 974 1972 976 
f 1476 386 1635 
f 295 1635 386 
f 1474 1337 1052 
f 1110 1757 1112 
f 1323 1431 582 
f 2029 582 1431 
f 946 947 1201 
f 1340 1966 1339 
f 2284 661 659 
f 1960 2462 1544 
f 2236 1544 2462 
f 280 2235 277 
f 368 2076 365 
f 1962 855 856 
f 2479 1171 996 
f 1169 996 1171 
f 907 506 504 
f 824 822 2406 
f 45 43 2327 
f 700 2327 43 
f 859 779 777 
f 2179 1045 845 
f 1132 1832 296 
f 1338 1758 497 
f 1444 2281 226 
f 1590 2341 1591 
f 2132 1591 2341 
f 940 229 942 
f 230 942 229 
f 809 807 44 
f 2480 44 807 
f 749 2312 748 
f 2394 2318 1751 
f 2413 824 1658 
f 1646 2022 1263 
f 60 131 1631 
f 1605 2345 2309 
f 1066 1838 1837 
f 651 2171 1050 
f 2470 1133 1131 
f 694 697 2467 
f 566 2467 697 
f 2276 1582 674 
f 1041 833 831 
f 624 1911 657 
f 1569 2368 1567 
f 1454 1258 451 
f 465 466 1129 
f 2381 1535 1491 
f 1784 2380 1922 
f 662 665 2089 
f 2322 1262 1260 
f 904 902 1287 
f 1655 913 222 
f 1526 306 1651 
f 359 2439 1844 
f 336 2025 2148 
f 1024 210 208 
f 439 478 476 
f 599 2296 876 
f 1550 2278 1287 
f 904 1287 2278 
f 2458 1984 2227 
f 982 2435 591 
f 593 591 2435 
f 1664 929 1771 
f 1343 83 1344 
f 1982 1344 83 
f 2302 2395 1536 
f 2418 1536 2395 
f 2251 162 1322 
f 460 1601 480 
f 1599 480 1601 
f 2425 721 719 
f 1281 6 2451 
f 7 2451 6 
f 1311 1597 1375 
f 545 1703 544 
f 1350 544 1703 
f 1743 630 877 
f 2481 1778 1355 
f 177 1355 1778 
f 1016 1014 2308 
f 1683 2450 2361 
f 2422 2361 2450 
f 958 2099 853 
f 713 853 2099 
f 1328 620 2247 
f 911 2062 1184 
f 954 1184 2062 
f 702 46 2326 
f 1849 2326 46 
f 1868 1899 1863 
f 456 454 785 
f 2284 659 2402 
f 2442 2257 967 
f 1737 942 230 
f 2344 1252 2482 
f 1251 2482 1252 
f 2392 1121 125 
f 2476 2333 29 
f 2001 2248 1442 
f 1823 1850 1395 
f 587 2022 2081 
f 1646 2081 2022 
f 1938 2348 417 
f 419 417 2348 
f 2483 1919 824 
f 121 122 675 
f 1603 1417 1685 
f 648 439 437 
f 2160 1710 926 
f 176 926 1710 
f 1885 536 537 
f 851 957 958 
f 1933 1842 104 
f 1123 2422 2450 
f 2382 2270 380 
f 2252 2381 1491 
f 741 1389 1387 
f 2457 2458 2227 
f 1381 2479 994 
f 996 994 2479 
f 2223 2221 1741 
f 2170 1741 2221 
f 2287 2227 2229 
f 269 2484 1925 
f 2434 1925 2484 
f 809 817 808 
f 2245 2375 2485 
f 2374 2485 2375 
f 2158 1297 951 
f 950 951 1297 
f 2326 1002 1547 
f 2164 2233 837 
f 2040 516 2039 
f 611 2290 1804 
f 1640 1660 1713 
f 990 1713 1660 
f 343 2323 168 
f 163 2420 165 
f 1684 702 2326 
f 171 892 1099 
f 789 832 830 
f 2380 1784 1348 
f 1143 1589 2040 
f 1316 2040 1589 
f 444 100 1895 
f 2405 1229 2095 
f 1181 2315 641 
f 1256 1490 1570 
f 879 878 1020 
f 2486 1020 878 
f 2238 223 1257 
f 221 1257 223 
f 1407 2379 1974 
f 1821 1688 980 
f 595 596 227 
f 127 2426 124 
f 1364 1038 1199 
f 2487 1464 1463 
f 420 2356 1916 
f 1801 1916 2356 
f 1919 2174 2177 
f 539 2093 1379 
f 1377 1379 2093 
f 2323 308 1524 
f 2127 1988 1989 
f 1382 2433 473 
f 475 473 2433 
f 1996 1997 2226 
f 1034 412 433 
f 1082 1013 1268 
f 560 716 310 
f 682 2191 445 
f 468 1517 470 
f 1833 470 1517 
f 923 176 174 
f 125 126 2392 
f 1704 1189 2219 
f 1187 2219 1189 
f 1464 551 308 
f 2487 1463 73 
f 75 73 1463 
f 255 1364 1199 
f 2015 2074 1957 
f 1361 1957 2074 
f 1061 507 1937 
f 635 209 207 
f 2292 873 1764 
f 1428 1588 1586 
f 551 2488 2443 
f 2257 2443 2488 
f 678 1766 2224 
f 2314 190 193 
f 2030 2489 2029 
f 584 2029 2489 
f 64 1848 2248 
f 1190 2315 1192 
f 2023 1192 2315 
f 2358 2461 2347 
f 1427 1238 1426 
f 2368 1426 1238 
f 751 1542 2391 
f 2222 2190 1402 
f 1404 1402 2190 
f 2382 1367 1368 
f 1939 2407 1346 
f 2203 2206 189 
f 2050 1179 1729 
f 2063 1603 1685 
f 337 339 835 
f 2376 2278 1924 
f 1355 918 2481 
f 695 2481 918 
f 1684 793 795 
f 546 1724 648 
f 2071 2472 2438 
f 76 2487 73 
f 2399 1501 1504 
f 690 1671 1528 
f 992 1889 1159 
f 931 1159 1889 
f 2353 2074 2015 
f 725 1107 2409 
f 1109 2409 1107 
f 1417 409 402 
f 2173 413 181 
f 1242 181 413 
f 225 1434 227 
f 2328 227 1434 
f 42 13 119 
f 2431 2145 2316 
f 15 1092 17 
f 2292 2490 873 
f 1466 873 2490 
f 1826 1829 1539 
f 1538 1539 1829 
f 1783 203 1781 
f 1716 1781 203 
f 915 532 2001 
f 2248 2001 532 
f 2143 88 89 
f 494 2090 69 
f 308 2323 1464 
f 227 2328 595 
f 1281 1807 6 
f 389 1940 724 
f 912 724 1940 
f 1493 1896 371 
f 1457 1461 142 
f 1810 576 2352 
f 574 2352 576 
f 592 593 2186 
f 2371 1718 668 
f 2289 2288 1477 
f 2138 1477 2288 
f 2285 2090 318 
f 2092 318 2090 
f 1788 1716 2250 
f 204 2250 1716 
f 1327 2189 1328 
f 1898 1328 2189 
f 272 273 348 
f 700 934 932 
f 2445 2 2061 
f 1703 545 1705 
f 2050 1964 1031 
f 1386 1389 1967 
f 2071 2491 2367 
f 1613 2367 2491 
f 2261 1756 1333 
f 2493 2407 2492 
f 1353 2492 2407 
f 1408 190 1410 
f 2314 1410 190 
f 1736 2318 40 
f 2394 40 2318 
f 2477 264 262 
f 1867 1866 2088 
f 1143 2040 774 
f 1065 1248 733 
f 2102 1407 888 
f 2476 1702 1700 
f 2009 305 551 
f 852 1274 851 
f 952 1296 1967 
f 143 1967 1296 
f 1295 816 557 
f 441 1108 443 
f 1105 552 553 
f 940 941 2469 
f 926 176 923 
f 2347 1960 1959 
f 1266 1610 1928 
f 1536 1809 2302 
f 379 94 92 
f 1425 1586 1864 
f 209 773 208 
f 1761 1568 50 
f 1241 50 1568 
f 1963 1998 328 
f 327 328 1998 
f 76 74 337 
f 1801 262 1800 
f 1543 2494 2483 
f 1919 2483 2494 
f 2069 2249 954 
f 947 954 2249 
f 2220 79 793 
f 2387 2025 336 
f 2060 901 899 
f 1535 2381 2366 
f 470 2366 2381 
f 2403 315 313 
f 1395 1396 1823 
f 2114 1510 2005 
f 2192 2147 1953 
f 132 357 1844 
f 321 2339 2495 
f 231 2495 2339 
f 579 1227 578 
f 863 1366 1505 
f 153 2427 2426 
f 1095 1093 966 
f 159 77 80 
f 1543 2483 2413 
f 824 2413 2483 
f 2492 1072 2493 
f 1070 2493 1072 
f 2430 2116 2082 
f 324 471 2208 
f 382 380 799 
f 1870 260 258 
f 2180 1540 1897 
f 982 818 821 
f 1481 2136 2437 
f 1196 2437 2136 
f 437 546 648 
f 2287 955 2457 
f 786 1738 2373 
f 2150 2373 1738 
f 37 453 2330 
f 527 1572 524 
f 987 1157 988 
f 2238 1007 1010 
f 828 2354 829 
f 1322 1320 2251 
f 2240 2251 1320 
f 1046 519 517 
f 1354 1573 1155 
f 1136 1155 1573 
f 415 2291 414 
f 72 493 494 
f 2032 1338 1341 
f 1602 1755 1018 
f 1313 2303 1314 
f 1516 322 325 
f 1774 1869 1772 
f 1790 463 1863 
f 1848 62 1849 
f 2454 1849 62 
f 2441 2430 1519 
f 2082 1519 2430 
f 1236 1697 1235 
f 2432 658 1423 
f 709 1423 658 
f 2263 2133 2135 
f 2434 2198 2199 
f 1944 450 2365 
f 2027 2026 593 
f 1308 1306 1144 
f 2361 1142 1176 
f 426 2101 2100 
f 1165 315 1414 
f 2044 2222 1402 
f 740 2431 1879 
f 2469 321 2495 
f 2454 62 63 
f 574 123 121 
f 377 379 1027 
f 131 60 58 
f 1779 2242 1838 
f 2287 2457 2227 
f 722 1305 2178 
f 1881 2178 1305 
f 559 676 561 
f 1152 835 834 
f 1987 561 1985 
f 1668 2428 627 
f 422 627 2428 
f 2170 356 355 
f 521 522 2094 
f 690 1528 689 
f 1924 311 2376 
f 1679 2028 2184 
f 530 528 2151 
f 1887 537 563 
f 2033 383 381 
f 2182 1574 2035 
f 1987 2035 1574 
f 756 1722 1507 
f 586 1796 2084 
f 496 497 1757 
f 1906 1904 1797 
f 2124 1797 1904 
f 1409 2152 1408 
f 1129 1894 465 
f 467 465 1894 
f 2270 2382 1368 
f 1382 2459 2433 
f 1860 2433 2459 
f 2447 1751 2319 
f 2117 1175 2439 
f 1350 2219 2218 
f 1910 194 197 
f 2197 1992 907 
f 1133 1733 1132 
f 2126 1132 1733 
f 175 1915 1573 
f 1745 1573 1915 
f 1124 1712 1307 
f 914 913 1400 
f 1656 1400 913 
f 972 2473 2031 
f 2401 2031 2473 
f 2414 32 30 
f 2251 1839 162 
f 2329 1303 2466 
f 754 2344 2482 
f 1867 1604 1047 
f 2086 1652 2256 
f 1654 2256 1652 
f 1529 1511 1512 
f 2448 2343 1506 
f 1508 1506 2343 
f 2496 1447 1673 
f 2310 949 1676 
f 932 2423 2327 
f 793 2327 2423 
f 61 1566 297 
f 183 1954 1419 
f 90 55 1014 
f 1705 1982 83 
f 1502 2120 1504 
f 49 540 1074 
f 1550 1287 1775 
f 738 2431 740 
f 998 442 186 
f 123 574 577 
f 821 2435 982 
f 2416 2279 1614 
f 1943 1942 70 
f 72 70 1942 
f 727 317 729 
f 1381 729 317 
f 1434 1484 1433 
f 2204 2205 2497 
f 2225 2497 2205 
f 1951 2192 1953 
f 2135 2212 2213 
f 2283 2139 2140 
f 1003 1696 1005 
f 753 1005 1696 
f 489 1340 486 
f 2137 2421 406 
f 1613 1763 158 
f 2461 2076 2129 
f 340 2472 342 
f 75 342 2472 
f 1662 2037 1044 
f 2050 1729 1730 
f 2498 1641 2263 
f 1524 1525 2323 
f 1740 1692 1785 
f 1571 2349 2057 
f 1286 895 1675 
f 896 1798 1721 
f 2115 1721 1798 
f 27 2476 29 
f 39 40 2394 
f 1213 167 1212 
f 1979 1980 1868 
f 1008 1555 1010 
f 968 2009 2442 
f 2325 1648 2447 
f 1100 2447 1648 
f 161 80 146 
f 1632 60 1631 
f 2322 2482 1251 
f 1639 14 2408 
f 1689 2408 14 
f 2422 2107 1142 
f 1691 2388 2089 
f 269 2397 2484 
f 2412 2484 2397 
f 2411 1627 2054 
f 2055 2054 1627 
f 1467 1470 1682 
f 1474 2499 1224 
f 2255 1224 2499 
f 421 667 423 
f 2247 1326 1328 
f 2206 1108 997 
f 352 353 188 
f 1874 539 1379 
f 286 1486 288 
f 1948 1949 2340 
f 2047 2329 2466 
f 1360 2335 2336 
f 743 1720 745 
f 2155 71 2500 
f 2285 2500 71 
f 1098 57 60 
f 749 973 976 
f 2412 2198 2434 
f 1422 2012 2295 
f 2293 2295 2012 
f 2276 674 672 
f 2282 2284 2402 
f 104 1405 106 
f 1614 1617 1770 
f 2021 755 1263 
f 1537 2207 2038 
f 189 187 2203 
f 2138 2288 2045 
f 1740 1345 1923 
f 1784 1923 1345 
f 558 1987 1574 
f 2491 781 1763 
f 1290 1399 2396 
f 965 1680 962 
f 435 723 433 
f 333 336 2155 
f 2148 2155 336 
f 1036 1215 1199 
f 773 961 775 
f 80 161 159 
f 1802 265 2387 
f 2346 1449 833 
f 1610 1266 1607 
f 1267 1607 1266 
f 200 2066 1857 
f 53 687 2308 
f 1452 2332 1221 
f 1219 1221 2332 
f 508 238 2501 
f 236 2501 238 
f 22 112 24 
f 2401 1112 2041 
f 1123 2450 2429 
f 2355 2429 2450 
f 626 1035 1365 
f 741 1968 1389 
f 1454 1230 2238 
f 1944 2365 2363 
f 498 511 1431 
f 577 1342 2360 
f 820 1793 478 
f 1022 2486 1388 
f 1387 1388 2486 
f 1140 65 2440 
f 1167 2440 65 
f 64 62 1848 
f 1579 2320 1733 
f 2126 1733 2320 
f 2015 2430 2441 
f 1337 711 714 
f 964 1829 1390 
f 1736 2268 2318 
f 2461 1173 2076 
f 1020 1021 879 
f 2427 1424 707 
f 2112 2110 2044 
f 2222 2044 2110 
f 806 804 1760 
f 1770 2416 1614 
f 2486 2146 1387 
f 1548 2220 2423 
f 793 2423 2220 
f 361 364 2241 
f 1569 1588 1428 
f 2048 937 81 
f 82 81 937 
f 747 889 1989 
f 2121 663 664 
f 1778 2243 1780 
f 2458 282 283 
f 1474 2255 2499 
f 2358 2347 84 
f 923 174 1069 
f 1526 1524 306 
f 1232 1233 2471 
f 2360 2471 1233 
f 477 467 1894 
f 441 442 998 
f 2464 2289 1477 
f 1887 1885 537 
f 2492 1354 1072 
f 2386 2419 2337 
f 909 2337 2419 
f 974 975 2037 
f 1291 1297 1293 
f 1290 2396 1448 
f 2215 1996 2226 
f 1814 632 2261 
f 1756 2261 632 
f 2480 1849 46 
f 912 1940 354 
f 186 189 998 
f 2035 1987 2034 
f 1985 2034 1987 
f 2352 574 121 
f 435 2033 381 
f 2412 2397 1852 
f 882 883 1153 
f 821 2217 2027 
f 477 1894 479 
f 2375 2478 236 
f 2501 236 2478 
f 1097 503 692 
f 946 1201 1204 
f 2195 1950 1948 
f 389 724 391 
f 207 2036 635 
f 1593 1162 1164 
f 797 796 2334 
f 1749 1959 1186 
f 2474 1112 2401 
f 932 2150 2423 
f 1989 892 171 
f 1048 2309 735 
f 44 2480 46 
f 1909 2285 319 
f 247 4 2014 
f 1752 2014 4 
f 1227 2098 2272 
f 1720 2272 2098 
f 658 2432 660 
f 2253 660 2432 
f 2448 2390 1941 
f 2397 1941 2390 
f 2075 2254 153 
f 1424 153 2254 
f 2166 2165 2380 
f 313 316 2311 
f 2481 696 2243 
f 452 2167 991 
f 2253 2432 2254 
f 1424 2254 2432 
f 196 1025 1028 
f 973 866 2425 
f 2497 1356 1727 
f 536 1885 1914 
f 1888 1914 1885 
f 1277 1835 1754 
f 1986 1754 1835 
f 1501 2470 387 
f 1131 387 2470 
f 1666 446 2395 
f 2418 2395 446 
f 1572 1571 2056 
f 1335 588 1326 
f 1196 2136 2207 
f 817 809 786 
f 1738 786 809 
f 1543 1774 1545 
f 2163 1223 1315 
f 2274 353 515 
f 207 1529 2036 
f 76 2258 2487 
f 2488 2487 2258 
f 1907 2464 1904 
f 1884 1470 1468 
f 1995 810 1997 
f 2100 1875 426 
f 428 426 1875 
f 2228 2233 1037 
f 1751 2447 1100 
f 1381 1382 2479 
f 474 2479 1382 
f 1653 2183 1771 
f 2059 1771 2183 
f 373 575 375 
f 533 522 1146 
f 1748 2097 579 
f 14 17 1689 
f 670 1479 2008 
f 316 314 1532 
f 555 2193 893 
f 1907 2336 398 
f 2095 2237 2405 
f 1540 2354 828 
f 1968 741 739 
f 522 533 531 
f 851 958 853 
f 1057 1807 1281 
f 1216 1677 2066 
f 2162 680 1831 
f 261 2105 2106 
f 2237 2095 2096 
f 566 569 2467 
f 987 101 1873 
f 680 2162 2191 
f 309 312 462 
f 293 2108 1637 
f 1529 207 210 
f 773 209 960 
f 2481 695 696 
f 1570 329 1029 
f 2124 1478 1555 
f 807 1995 1847 
f 1353 1354 2492 
f 1125 1976 2271 
f 212 1214 1212 
f 1445 141 1929 
f 2221 356 2170 
f 1353 2407 1939 
f 1922 1923 1784 
f 1380 1600 2105 
f 1020 2486 1022 
f 2214 1384 1443 
f 875 2490 2292 
f 1447 1289 1448 
f 2395 1667 1666 
f 2208 505 1878 
f 121 675 2352 
f 1561 328 326 
f 468 471 322 
f 324 322 471 
f 1864 2230 1425 
f 1456 1425 2230 
f 689 67 691 
f 1140 691 67 
f 1349 1725 1724 
f 781 2491 2071 
f 496 1110 511 
f 2030 511 1110 
f 2469 1055 321 
f 2365 1258 840 
f 956 525 526 
f 2307 585 1335 
f 1715 972 1714 
f 900 1765 1873 
f 2048 2049 2449 
f 929 927 1301 
f 2348 1301 927 
f 1019 1022 1915 
f 1707 767 1708 
f 2461 2129 2462 
f 2236 2462 2129 
f 1483 1435 1433 
f 628 631 2460 
f 1456 2460 631 
f 2425 975 973 
f 2259 2264 1958 
f 111 1776 1418 
f 408 1418 1776 
f 1909 333 2500 
f 2155 2500 333 
f 557 555 1285 
f 1546 2494 1543 
f 760 388 671 
f 68 1167 65 
f 749 866 973 
f 2074 2353 1363 
f 1139 688 691 
f 854 2269 1520 
f 1522 1520 2269 
f 1672 26 1282 
f 29 1282 26 
f 2411 2410 1627 
f 97 1627 2410 
f 2452 328 1561 
f 2059 2300 2306 
f 2358 85 1343 
f 83 1343 85 
f 546 1349 1724 
f 2244 2372 438 
f 2385 1552 2286 
f 2371 1004 1892 
f 1755 1600 1380 
f 1905 1645 2199 
f 653 109 2417 
f 1110 233 2030 
f 2489 2030 233 
f 1232 2471 984 
f 1691 2020 2408 
f 2195 2169 2196 
f 2168 2196 2169 
f 1073 1642 1036 
f 1215 1036 1642 
f 1554 1522 2269 
f 1657 1655 2463 
f 1204 126 946 
f 1058 2420 1625 
f 849 8 1986 
f 225 1484 1434 
f 2417 264 2477 
f 953 710 708 
f 1444 1966 2281 
f 2134 2281 1966 
f 1978 2114 217 
f 221 2468 1453 
f 271 1453 2468 
f 2105 261 259 
f 1843 149 2209 
f 373 984 1342 
f 2078 1274 852 
f 451 1259 1454 
f 2226 1294 2465 
f 1878 324 2208 
f 2301 534 916 
f 342 75 1463 
f 2188 2146 2486 
f 1094 2455 916 
f 685 2065 1730 
f 2224 2184 2185 
f 2096 652 1898 
f 1923 2216 1692 
f 1907 2068 2336 
f 1816 2128 1870 
f 1830 2271 2104 
f 1363 2335 1360 
f 358 135 1659 
f 912 1107 725 
f 61 300 63 
f 2310 1676 1097 
f 523 1117 1113 
f 2301 916 2043 
f 2188 2486 878 
f 867 361 2241 
f 2019 2415 2018 
f 2122 2018 2415 
f 2306 2307 1335 
f 1834 1080 718 
f 1156 987 1873 
f 2333 2476 1700 
f 2309 1048 1605 
f 2053 2463 1777 
f 2371 2370 1006 
f 2073 379 92 
f 1984 2458 1089 
f 1091 1089 2458 
f 220 1177 411 
f 410 411 1177 
f 181 1185 1183 
f 1475 2124 1904 
f 1163 1162 1147 
f 1593 1147 1162 
f 2187 251 761 
f 95 98 173 
f 1597 790 792 
f 1961 730 120 
f 122 120 730 
f 854 1520 2283 
f 1523 2283 1520 
f 749 976 2312 
f 2152 2277 530 
f 2066 200 788 
f 889 2114 2005 
f 739 505 503 
f 2382 2351 1367 
f 1983 1367 2351 
f 2009 551 2443 
f 984 373 376 
f 2416 764 2171 
f 732 584 2489 
f 1923 1692 1740 
f 2013 2293 2012 
f 1665 395 2113 
f 1026 2113 395 
f 1373 1908 1841 
f 2362 1841 1908 
f 1777 2144 2053 
f 1218 789 1198 
f 830 1198 789 
f 1911 2266 1243 
f 860 1633 2305 
f 2377 2305 1633 
f 1500 2478 640 
f 1787 909 2419 
f 377 194 1910 
f 1170 646 644 
f 1673 1115 2496 
f 447 2496 1115 
f 1582 2172 1559 
f 1204 1202 2317 
f 1472 2282 2402 
f 1711 939 2156 
f 2061 2181 2445 
f 2444 2445 2181 
f 664 662 2000 
f 5 8 849 
f 202 439 2297 
f 1881 1305 1880 
f 621 2477 2356 
f 515 513 1139 
f 1106 1300 1105 
f 1846 499 502 
f 2209 2449 1843 
f 1540 1538 2354 
f 1993 315 2403 
f 1913 1791 1792 
f 1046 517 287 
f 1961 163 730 
f 2485 2111 2299 
f 766 2321 935 
f 2421 2246 2280 
f 2485 2280 2246 
f 185 1603 2063 
f 2274 363 706 
f 2482 2322 754 
f 755 754 2322 
f 744 1429 1672 
f 1761 1825 1568 
f 791 1990 792 
f 2004 757 758 
f 424 1438 421 
f 1461 421 1438 
f 2037 1662 2398 
f 2111 2485 2374 
f 2313 1856 1553 
f 1947 1553 1856 
f 2331 1079 1077 
f 1750 2394 1751 
f 1400 1656 1630 
f 1611 1460 1459 
f 1859 2433 1860 
f 788 1216 2066 
f 2189 2237 1898 
f 2096 1898 2237 
f 94 378 91 
f 1128 1514 1920 
f 1621 53 54 
f 1473 1893 1472 
f 2206 2204 1727 
f 2497 1727 2204 
f 2397 2390 2200 
f 2021 2456 737 
f 734 737 2456 
f 1612 339 338 
f 969 1460 1611 
f 2207 1537 2180 
f 1540 2180 1537 
f 1681 2075 2339 
f 1834 718 1647 
f 1054 2235 280 
f 1212 170 212 
f 2346 833 1041 
f 2147 1481 2316 
f 2011 1077 1264 
f 2067 1766 1857 
f 347 1857 1766 
f 1958 2430 1955 
f 1348 2407 2493 
f 1645 1905 1644 
f 580 500 501 
f 234 731 232 
f 936 2113 1272 
f 1026 1272 2113 
f 356 2111 2374 
f 1783 205 203 
f 427 2159 802 
f 1620 802 2159 
f 2131 1316 1589 
f 211 213 384 
f 1649 2465 289 
f 2477 621 653 
f 2025 263 590 
f 2341 2342 2132 
f 2436 2132 2342 
f 2353 2441 1813 
f 418 2356 420 
f 1299 2372 778 
f 1890 1718 2371 
f 519 776 2039 
f 2489 232 732 
f 622 624 657 
f 1951 1914 1888 
f 2431 2316 1194 
f 2230 2460 1456 
f 1016 2308 1728 
f 2268 93 1446 
f 460 2106 1601 
f 387 1503 1501 
f 971 1341 1965 
f 2044 1615 2112 
f 2109 2112 1615 
f 2463 2053 2055 
f 1944 115 450 
f 1099 172 171 
f 1198 1199 1218 
f 1768 1087 1085 
f 704 1269 1011 
f 1640 1713 485 
f 2400 452 1111 
f 2127 1989 171 
f 1970 1971 1358 
f 2398 1358 1971 
f 1970 2497 2225 
f 1414 1220 2255 
f 1224 2255 1220 
f 103 1222 1317 
f 1318 1317 1222 
f 2403 313 2163 
f 2311 2163 313 
f 930 928 2247 
f 1336 2247 928 
f 2056 1560 1572 
f 1148 1572 1560 
f 2064 1041 831 
f 1935 2416 651 
f 2171 651 2416 
f 1286 1675 1451 
f 2488 551 1464 
f 1735 340 343 
f 2496 571 572 
f 337 835 76 
f 2488 1464 2487 
f 1794 1797 2405 
f 1622 2405 1797 
f 2369 2239 2240 
f 554 815 1673 
f 1114 1673 815 
f 1745 1915 1746 
f 1292 2193 555 
f 1642 1872 1215 
f 2217 2158 951 
f 1632 1098 60 
f 2140 854 2283 
f 1149 2455 1151 
f 1095 1151 2455 
f 1108 2206 1109 
f 1727 1109 2206 
f 1762 782 2301 
f 2062 2069 954 
f 1974 1409 1407 
f 28 1672 1671 
f 1528 1429 742 
f 1393 535 1485 
f 2073 1736 38 
f 1898 620 1328 
f 1213 698 169 
f 1503 387 386 
f 1178 1575 410 
f 1832 1132 2126 
f 2093 539 542 
f 2414 30 1638 
f 797 1638 30 
f 680 2191 682 
f 1110 496 1757 
f 1296 556 143 
f 144 143 556 
f 2448 1506 2390 
f 1509 2390 1506 
f 2179 2118 1930 
f 1932 1930 2118 
f 770 771 1081 
f 1605 2003 2345 
f 462 481 309 
f 1689 1691 2408 
f 791 89 1803 
f 1670 1067 1103 
f 1257 1258 1454 
f 2363 1942 1944 
f 1063 1061 1937 
f 2357 2270 1368 
f 2384 2294 2383 
f 1702 2383 2294 
f 2014 430 1649 
f 103 1317 2211 
f 1726 202 205 
f 25 23 1017 
f 2464 1907 398 
f 453 991 989 
f 1604 2004 1605 
f 176 1710 1019 
f 552 1105 1938 
f 1546 2174 2494 
f 1919 2494 2174 
f 803 1273 943 
f 1637 1635 295 
f 2072 1272 379 
f 1892 1890 2371 
f 715 113 1861 
f 1881 59 2119 
f 890 2119 59 
f 2336 1824 1360 
f 549 552 1938 
f 1519 633 634 
f 1337 2332 711 
f 232 2489 233 
f 1494 323 324 
f 1561 326 1254 
f 1490 1254 326 
f 1576 1312 1310 
f 1308 1124 1307 
f 2002 664 2000 
f 2014 289 247 
f 2172 2160 926 
f 751 2391 1436 
f 1874 541 539 
f 515 1139 1138 
f 92 93 2073 
f 2326 1849 2454 
f 1999 1842 1933 
f 933 1000 2149 
f 2071 2367 1161 
f 611 1804 714 
f 1903 890 59 
f 2411 1557 1556 
f 1051 1050 1706 
f 1654 1884 2256 
f 384 31 211 
f 1553 1947 1552 
f 218 1747 220 
f 1177 220 1747 
f 7 5 848 
f 2331 1077 2011 
f 1295 810 816 
f 808 816 810 
f 1009 1229 2405 
f 1253 610 1148 
f 1386 1746 1388 
f 2426 152 153 
f 1003 1694 1696 
f 201 2064 831 
f 1357 2275 2276 
f 2047 2502 2329 
f 136 2329 2502 
f 2132 562 1392 
f 2121 2181 663 
f 160 1641 2498 
f 1127 1125 2271 
f 434 2182 435 
f 2084 2083 2189 
f 295 293 1637 
f 1465 1466 2490 
f 1966 1340 2134 
f 489 2134 1340 
f 880 2188 878 
f 1161 75 2472 
f 1090 1515 639 
f 1126 639 1515 
f 813 560 558 
f 1845 1581 1488 
f 259 1380 2105 
f 469 2381 2252 
f 2453 784 1164 
f 2446 1164 784 
f 1927 1671 690 
f 2380 2493 1070 
f 1615 2044 1617 
f 1708 1051 1706 
f 2210 1192 2023 
f 562 2132 2436 
f 2258 2257 2488 
f 1239 47 1241 
f 2468 273 271 
f 571 447 448 
f 550 548 1124 
f 728 1124 548 
f 2213 2263 2135 
f 2286 2195 2141 
f 1347 1785 1792 
f 2502 986 136 
f 815 817 1114 
f 503 1097 1968 
f 1011 683 684 
f 72 2363 493 
f 686 493 2363 
f 901 887 898 
f 372 1540 828 
f 1710 2160 1661 
f 786 2453 817 
f 826 1734 2399 
f 1805 1570 1029 
f 1758 1338 2032 
f 716 718 1980 
f 1683 1682 2450 
f 301 304 618 
f 1319 618 304 
f 1867 1882 1604 
f 633 1519 635 
f 2424 2324 1190 
f 1492 1214 2052 
f 1412 1220 1414 
f 914 2468 224 
f 2430 1958 2116 
f 2156 2100 1711 
f 2145 2431 738 
f 398 396 2289 
f 1193 1720 2098 
f 1522 2386 1521 
f 2337 1521 2386 
f 2285 1909 2500 
f 1511 1530 1513 
f 2364 685 686 
f 1027 194 377 
f 1272 2072 1271 
f 1312 1954 183 
f 1937 197 1063 
f 195 1063 197 
f 1071 1871 1872 
f 2252 1992 2197 
f 703 1812 704 
f 1715 2473 972 
f 2461 2358 1173 
f 2121 664 2002 
f 1717 670 668 
f 1961 2420 163 
f 757 1467 759 
f 1399 1400 1630 
f 2174 1546 2176 
f 2422 1142 2361 
f 278 1681 2339 
f 1725 2158 2217 
f 1841 2362 728 
f 2422 1123 1122 
f 1707 1665 2321 
f 897 759 1683 
f 150 1708 765 
f 1092 2334 2194 
f 1816 250 2128 
f 1536 2418 1213 
f 698 1213 2418 
f 850 1220 1412 
f 2235 1054 1517 
f 1833 1517 1054 
f 1521 2337 1523 
f 2338 1523 2337 
f 1559 1580 1582 
f 1641 160 1484 
f 2446 1593 1164 
f 2280 2485 2299 
f 1636 2410 2411 
f 2253 1681 2475 
f 2359 993 996 
f 789 1218 1216 
f 1884 1654 1470 
f 1673 1114 1115 
f 1109 1359 2409 
f 1064 2330 934 
f 481 2278 2376 
f 1483 992 1435 
f 2359 996 1169 
f 589 117 2148 
f 2465 2215 2226 
f 2025 2387 263 
f 1288 1279 2451 
f 952 950 1296 
f 818 982 654 
f 1895 2502 2047 
f 2103 2104 2102 
f 2283 1523 2284 
f 2338 2284 1523 
f 1777 223 2144 
f 229 2495 231 
f 880 288 2188 
f 919 1939 1346 
f 2193 132 1844 
f 2324 2424 1648 
f 2219 1350 1703 
f 1795 1906 1797 
f 2124 1622 1797 
f 1828 1480 670 
f 2032 2041 1758 
f 2384 2404 1422 
f 1927 1610 1671 
f 1323 582 2369 
f 1437 855 1962 
f 1474 1052 881 
f 1852 1851 2412 
f 2244 438 1726 
f 1748 2424 2097 
f 1190 2097 2424 
f 1259 108 1229 
f 171 173 2127 
f 1738 809 44 
f 560 813 717 
f 277 1732 279 
f 964 1538 1829 
f 1368 1366 2357 
f 863 2357 1366 
f 119 242 240 
f 1948 2340 2169 
f 1534 31 32 
f 559 560 310 
f 1495 2501 2478 
f 1774 2413 1869 
f 283 1091 2458 
f 2079 667 2291 
f 1874 1075 541 
f 1222 1223 1318 
f 2399 2470 1501 
f 2421 2137 2246 
f 2434 2484 2412 
f 2368 1238 1241 
f 89 791 2143 
f 1495 508 2501 
f 1161 2472 2071 
f 1004 2371 1006 
f 2320 1579 746 
f 1428 1426 2368 
f 1747 1728 1179 
f 2313 1553 1551 
f 127 152 2426 
f 1179 1177 1747 
f 2272 1628 1227 
f 2468 914 273 
f 2491 1763 1613 
f 2139 2282 1472 
f 2180 1196 2207 
f 1309 1712 726 
f 2498 2213 162 
f 145 1483 146 
f 20 18 1596 
f 2321 767 1707 
f 267 2448 1941 
f 2286 2386 2385 
f 699 702 1684 
f 1607 1267 2384 
f 2404 2384 1267 
f 105 2211 1030 
f 647 1169 644 
f 2325 2324 1648 
f 2445 1752 2 
f 2451 350 1564 
f 2406 2250 1659 
f 2166 2380 1070 
f 194 1025 196 
f 352 188 186 
f 318 2092 320 
f 940 2495 229 
f 1530 210 1024 
f 2328 1434 1432 
f 557 1285 1295 
f 710 2427 707 
f 153 1424 2427 
f 968 2442 967 
f 1950 2195 2286 
f 141 139 2262 
f 591 594 602 
f 2400 1111 2474 
f 1112 2474 1111 
f 1316 2131 1485 
f 1393 1485 2131 
f 728 1712 1124 
f 1150 969 1611 
f 655 602 1174 
f 626 2287 2229 
f 1359 1357 2276 
f 1569 1428 2368 
f 1095 2455 1094 
f 1785 1347 1740 
f 168 169 2016 
f 1041 2064 1039 
f 1474 881 2255 
f 1750 2049 1606 
f 2238 1257 1454 
f 2402 1391 1472 
f 509 238 508 
f 779 366 367 
f 2232 864 862 
f 940 2469 2495 
f 2250 2406 1788 
f 1237 1812 703 
f 1978 1510 2114 
f 1814 2261 2260 
f 2415 2019 2052 
f 564 562 2436 
f 1993 2403 1087 
f 849 1986 1835 
f 1633 1783 1782 
f 2246 2245 2485 
f 1488 1846 1845 
f 1316 1485 518 
f 404 407 1594 
f 949 2310 2186 
f 1996 2215 2214 
f 278 2339 321 
f 2293 1701 1702 
f 669 563 564 
f 155 1762 2301 
f 1487 1558 1670 
f 1743 1378 629 
f 1633 205 1783 
f 350 2451 7 
f 2052 32 2415 
f 2414 2415 32 
f 2479 474 1171 
f 1895 986 2502 
f 2042 1149 846 
f 2253 2475 660 
f 1382 473 474 
f 1516 1731 2235 
f 841 842 1033 
f 1467 757 1469 
f 1795 1646 1644 
f 1743 877 970 
f 1649 431 2215 
f 1358 2497 1970 
f 1747 1016 1728 
f 148 149 1595 
f 2274 1140 363 
f 2440 363 1140 
f 1643 1261 1262 
f 2477 653 2417 
f 897 1683 961 
f 2123 961 1683 
f 2140 856 854 
f 1413 1769 1563 
f 712 713 956 
f 453 452 991 
f 1677 1216 1217 
f 1478 2124 1475 
f 2453 786 784 
f 2294 2384 2295 
f 1422 2295 2384 
f 1990 24 1376 
f 1116 2453 1164 
f 317 727 2362 
f 304 302 1805 
f 1288 572 1279 
f 655 654 981 
f 2015 2441 2353 
f 1265 2296 2159 
f 2480 1847 1849 
f 1060 2190 2153 
f 132 2193 1292 
f 1234 985 941 
f 894 1175 603 
f 752 750 1695 
f 1245 242 1246 
f 2496 447 571 
f 738 2146 2145 
f 1172 1299 778 
f 1373 335 1908 
f 1158 1354 1155 
f 1371 449 1117 
f 1261 1643 1646 
f 1646 1263 1261 
f 2327 700 932 
f 1486 1914 1952 
f 1073 1037 2234 
f 257 264 2417 
f 1911 1243 1929 
f 2014 1649 289 
f 1358 1356 2497 
f 1090 639 637 
f 1034 274 412 
f 1954 1312 1576 
f 2338 709 661 
f 514 2404 1267 
f 2386 2286 2419 
f 1649 2215 2465 
f 596 1444 226 
f 2389 2421 2279 
f 2301 2043 155 
f 975 2425 719 
f 444 1895 567 
f 1973 1976 1125 
f 61 297 300 
f 1897 1896 2180 
f 414 1457 1445 
f 237 2375 236 
f 2463 2055 1657 
f 2490 607 1465 
f 1141 1144 1590 
f 1695 1590 1144 
f 1562 1563 2349 
f 636 639 1127 
f 389 390 1421 
f 1087 1768 1993 
f 1968 739 503 
f 1407 2102 2379 
f 190 1408 2151 
f 830 1200 1198 
f 2169 2195 1948 
f 2175 2305 2177 
f 2377 2177 2305 
f 1805 1029 304 
f 2235 1517 1516 
f 2239 583 1249 
f 2360 801 123 
f 406 1180 2137 
f 2192 1951 1888 
f 494 492 2091 
f 278 279 1681 
f 415 2079 2291 
f 624 2266 1911 
f 1548 455 456 
f 37 2330 1064 
f 694 2467 1304 
f 749 705 867 
f 926 924 2172 
f 1365 625 626 
f 2459 1382 320 
f 932 933 2150 
f 2078 1413 1563 
f 2317 1121 2392 
f 762 249 2142 
f 2252 2197 469 
f 636 1921 638 
f 1348 2493 2380 
f 1563 1275 2078 
f 2284 2338 661 
f 2413 1774 1543 
f 1167 362 2440 
f 1782 2377 1633 
f 2490 875 607 
f 2358 84 85 
f 2400 2474 1715 
f 706 748 188 
f 1484 225 1641 
f 1792 917 919 
f 192 190 2151 
f 2293 1264 1701 
f 1443 1996 2214 
f 2363 72 1942 
f 379 2073 2072 
f 2464 398 2289 
f 572 1289 1447 
f 710 948 2427 
f 2360 123 577 
f 1911 1929 1912 
f 890 891 2119 
f 2012 1422 1420 
f 1471 1391 1390 
f 399 1814 2260 
f 416 414 1445 
f 1779 1838 1069 
f 793 1684 2327 
f 2480 807 1847 
f 1767 2058 2057 
f 2239 2369 583 
f 487 488 498 
f 768 937 2048 
f 1802 2387 334 
f 533 64 2248 
f 1591 2131 1589 
f 1940 389 1421 
f 2021 737 755 
f 1717 1828 670 
f 2362 319 317 
f 15 2334 1092 
f 1030 1498 105 
f 764 2416 1770 
f 1937 378 197 
f 460 1584 2106 
f 760 502 388 
f 2478 1500 1495 
f 2481 2243 1778 
f 1401 1385 1403 
f 2319 2268 1446 
f 1702 2476 2383 
f 2063 2069 2062 
f 1195 1196 2180 
f 162 160 2498 
f 1302 694 1304 
f 2436 2370 564 
f 2398 1357 1358 
f 1663 2275 1662 
f 2213 2498 2263 
f 729 994 995 
f 1447 2496 572 
f 1536 1213 1211 
f 2150 1738 1739 
f 2048 2449 768 
f 994 729 1381 
f 369 827 325 
f 1557 2411 2054 
f 1216 788 789 
f 2163 2311 1223 
