#  wavefront obj file written by the visualization toolkit

mtllib leftkidney.mtl

v 287.4150085449219 264.8590087890625 128.36099243164062
v 285.5329895019531 261.47198486328125 130.63299560546875
v 252.72500610351562 241.80499267578125 123.6240005493164
v 250.71099853515625 239.90199279785156 119.93900299072266
v 293.89898681640625 231.51699829101562 74.61840057373047
v 292.0979919433594 229.0850067138672 73.56300354003906
v 283.2080078125 254.5469970703125 130.99000549316406
v 281.49200439453125 250.8679962158203 130.33399963378906
v 305.56500244140625 226.59300231933594 92.71849822998047
v 306.0159912109375 223.15699768066406 86.4677963256836
v 255.37600708007812 236.8459930419922 90.86199951171875
v 257.52301025390625 234.7449951171875 93.46710205078125
v 269.9129943847656 245.04200744628906 94.90360260009766
v 271.0660095214844 242.95799255371094 96.45169830322266
v 259.79400634765625 255.46499633789062 130.68800354003906
v 260.63800048828125 257.8949890136719 129.35000610351562
v 294.2850036621094 226.6020050048828 25.751100540161133
v 297.2640075683594 228.61900329589844 27.37619972229004
v 286.9110107421875 211.28900146484375 33.287498474121094
v 283.1570129394531 212.08599853515625 31.131200790405273
v 301.2550048828125 252.7779998779297 60.2489013671875
v 301.55999755859375 250.89599609375 55.09199905395508
v 264.0979919433594 233.49099731445312 97.41059875488281
v 268.5799865722656 233.35299682617188 97.5999984741211
v 293.07501220703125 236.7570037841797 61.19810104370117
v 292.3689880371094 235.19400024414062 60.86949920654297
v 272.13800048828125 254.90199279785156 57.98350143432617
v 275.91400146484375 253.8459930419922 53.90639877319336
v 262.5150146484375 232.83599853515625 97.47589874267578
v 289.15399169921875 224.97300720214844 67.17749786376953
v 289.7929992675781 224.74099731445312 64.3595962524414
v 309.94000244140625 253.61000061035156 81.63069915771484
v 311.6199951171875 248.3939971923828 86.32469940185547
v 270.97900390625 248.91799926757812 78.0238037109375
v 270.3370056152344 246.2519989013672 76.2416000366211
v 274.2080078125 250.6959991455078 85.9894027709961
v 274.5039978027344 248.8419952392578 88.02510070800781
v 264.1619873046875 239.85800170898438 90.0707015991211
v 262.50799560546875 239.7740020751953 89.34929656982422
v 283.86199951171875 248.52699279785156 87.0479965209961
v 285.93701171875 249.281005859375 86.30760192871094
v 280.1969909667969 248.12399291992188 129.0919952392578
v 277.052001953125 246.11599731445312 129.17300415039062
v 280.3009948730469 229.71400451660156 89.19599914550781
v 278.5409851074219 231.48300170898438 90.83159637451172
v 285.7359924316406 242.38600158691406 63.69710159301758
v 287.05499267578125 242.02200317382812 62.394901275634766
v 278.34600830078125 220.9239959716797 64.02310180664062
v 278.22100830078125 221.58799743652344 61.74530029296875
v 293.4840087890625 266.13800048828125 94.31510162353516
v 298.10101318359375 265.3940124511719 98.60440063476562
v 252.76300048828125 236.6750030517578 92.33380126953125
v 309.3179931640625 241.80099487304688 97.2323989868164
v 308.2200012207031 237.16200256347656 96.7125015258789
v 308.1700134277344 243.51699829101562 101.4749984741211
v 304.7869873046875 238.4010009765625 104.1259994506836
v 258.9800109863281 262.6789855957031 118.62100219726562
v 261.7460021972656 265.2120056152344 116.83599853515625
v 254.1540069580078 248.55499267578125 80.09600067138672
v 255.64700317382812 252.36000061035156 79.31739807128906
v 282.69000244140625 234.00900268554688 117.96499633789062
v 278.0769958496094 230.5189971923828 115.99099731445312
v 250.0659942626953 234.2310028076172 104.52200317382812
v 248.65499877929688 236.23300170898438 102.99400329589844
v 265.2869873046875 231.29600524902344 97.5999984741211
v 285.4630126953125 236.64300537109375 60.8025016784668
v 283.16900634765625 237.64999389648438 60.81589889526367
v 251.38099670410156 234.25799560546875 97.8197021484375
v 251.0590057373047 236.3470001220703 94.87689971923828
v 289.1180114746094 228.76100158691406 60.82640075683594
v 288.4930114746094 226.33399963378906 61.029998779296875
v 262.9620056152344 252.57899475097656 63.18259811401367
v 260.635986328125 252.5919952392578 66.62079620361328
v 265.97900390625 233.0679931640625 60.750999450683594
v 264.6210021972656 230.01100158691406 58.70669937133789
v 258.6600036621094 249.0800018310547 67.77069854736328
v 302.3269958496094 225.33299255371094 97.26200103759766
v 277.7409973144531 209.70199584960938 75.56490325927734
v 274.93798828125 211.04100036621094 76.29429626464844
v 280.39599609375 236.7010040283203 77.9365005493164
v 279.5610046386719 237.06300354003906 79.06659698486328
v 271.6719970703125 225.0449981689453 33.484100341796875
v 273.2950134277344 224.0399932861328 31.17329978942871
v 263.197998046875 235.79800415039062 56.24470138549805
v 263.7030029296875 235.46499633789062 51.74620056152344
v 294.8269958496094 234.31900024414062 63.41490173339844
v 294.3760070800781 236.16600036621094 63.019500732421875
v 283.7080078125 222.64599609375 76.06900024414062
v 284.6940002441406 222.81700134277344 79.98919677734375
v 276.2749938964844 217.677001953125 88.20770263671875
v 276.48699951171875 219.5800018310547 86.42269897460938
v 255.9010009765625 258.7349853515625 98.79070281982422
v 256.8840026855469 259.34600830078125 93.57949829101562
v 276.6830139160156 230.71400451660156 29.547300338745117
v 278.13299560546875 234.6060028076172 30.1210994720459
v 306.8689880371094 247.13299560546875 105.85099792480469
v 257.57000732421875 242.08099365234375 80.30329895019531
v 256.9150085449219 244.156005859375 78.10900115966797
v 313.42498779296875 239.6699981689453 77.80780029296875
v 311.9079895019531 236.3719940185547 81.51629638671875
v 277.6369934082031 222.52000427246094 26.69849967956543
v 277.88800048828125 225.48300170898438 26.823999404907227
v 296.3970031738281 238.88999938964844 32.09239959716797
v 299.5299987792969 237.02699279785156 32.45009994506836
v 290.8030090332031 234.02200317382812 113.9010009765625
v 287.6180114746094 230.74000549316406 112.6989974975586
v 301.3580017089844 261.2959899902344 117.73999786376953
v 298.85198974609375 262.0360107421875 121.08799743652344
v 269.7380065917969 210.875 51.89080047607422
v 267.46600341796875 212.7550048828125 54.90959930419922
v 282.0849914550781 211.78399658203125 88.24649810791016
v 278.81298828125 212.2530059814453 86.9478988647461
v 284.35198974609375 240.53900146484375 79.52899932861328
v 285.10198974609375 241.9510040283203 78.39769744873047
v 286.2300109863281 233.67799377441406 82.5438003540039
v 288.79901123046875 233.822998046875 81.24530029296875
v 273.8039855957031 244.28900146484375 72.90509796142578
v 272.46600341796875 245.36300659179688 74.22940063476562
v 260.635009765625 260.15399169921875 88.24490356445312
v 264.614013671875 263.9389953613281 89.44080352783203
v 278.6409912109375 235.5919952392578 81.18000030517578
v 279.2120056152344 237.08399963378906 80.44599914550781
v 278.68798828125 233.98500061035156 81.8635025024414
v 286.8169860839844 219.72300720214844 25.18269920349121
v 284.60198974609375 221.4810028076172 24.534000396728516
v 297.072998046875 254.0240020751953 121.81800079345703
v 293.9079895019531 252.2729949951172 124.1259994506836
v 279.54901123046875 247.29400634765625 74.23380279541016
v 280.427001953125 243.9980010986328 72.53600311279297
v 288.4840087890625 236.16200256347656 117.47899627685547
v 280.4320068359375 227.66700744628906 25.650800704956055
v 278.93499755859375 229.14300537109375 27.166799545288086
v 260.8609924316406 236.5590057373047 121.77899932861328
v 262.5159912109375 238.9550018310547 124.83699798583984
v 281.4830017089844 221.84800720214844 24.937700271606445
v 282.5950012207031 220.531005859375 24.994400024414062
v 289.4939880371094 210.5030059814453 80.28060150146484
v 287.0849914550781 209.2469940185547 75.94170379638672
v 306.281005859375 242.20799255371094 44.9640007019043
v 308.2070007324219 239.9199981689453 45.6531982421875
v 263.6990051269531 229.71299743652344 50.07109832763672
v 264.5799865722656 233.07899475097656 48.0181999206543
v 282.74200439453125 223 24.41900062561035
v 278.9599914550781 253.45899963378906 82.13870239257812
v 278.1610107421875 253.18899536132812 79.9384994506836
v 289.6919860839844 265.7409973144531 126.29399871826172
v 291.3919982910156 266.0419921875 124.61000061035156
v 281.1130065917969 223.91900634765625 25.029600143432617
v 280.65301513671875 253.57699584960938 132.0800018310547
v 277.75201416015625 249.7310028076172 131.18699645996094
v 296.6000061035156 235.48199462890625 29.172199249267578
v 268.9960021972656 216.55099487304688 63.739601135253906
v 267.3269958496094 215.70199584960938 61.94219970703125
v 311.53399658203125 234.63999938964844 51.11579895019531
v 309.90399169921875 230.02099609375 48.06769943237305
v 283.9960021972656 218.67799377441406 25.63129997253418
v 281.3169860839844 248.3780059814453 88.75800323486328
v 280.0480041503906 244.927001953125 89.84420013427734
v 258.1180114746094 258.6130065917969 125.23600006103516
v 309.47198486328125 250.8280029296875 72.40850067138672
v 311.35101318359375 250.80099487304688 78.28050231933594
v 272.12298583984375 225.21400451660156 61.10940170288086
v 270.6860046386719 228.60299682617188 60.8848991394043
v 263.2019958496094 238.7949981689453 58.1702995300293
v 277.2380065917969 244.2429962158203 95.95770263671875
v 278.26800537109375 242.64500427246094 95.34760284423828
v 292.6629943847656 232.46499633789062 66.35199737548828
v 293.8630065917969 231.06100463867188 64.76390075683594
v 263.4100036621094 231.58200073242188 113.6780014038086
v 259.42401123046875 233.8769989013672 116.45700073242188
v 265.5690002441406 243.3209991455078 77.21430206298828
v 269.25799560546875 243.9499969482422 75.3821029663086
v 279.9930114746094 242.0800018310547 63.66709899902344
v 278.1080017089844 241.01199340820312 62.8406982421875
v 275.0199890136719 217.91799926757812 78.80979919433594
v 273.8590087890625 215.71099853515625 74.91459655761719
v 266.06298828125 225.9530029296875 43.27090072631836
v 267.9259948730469 227.51699829101562 40.086700439453125
v 258.0950012207031 244.85499572753906 70.6510009765625
v 257.1369934082031 248.06199645996094 70.84719848632812
v 296.9079895019531 253.57400512695312 56.42649841308594
v 296.59100341796875 255.23800659179688 61.10279846191406
v 252.11199951171875 254.3520050048828 119.51899719238281
v 255.01800537109375 257.4360046386719 121.25599670410156
v 293.9320068359375 234.28700256347656 76.20490264892578
v 294.8160095214844 232.9429931640625 76.05940246582031
v 282.47100830078125 250.8730010986328 86.84190368652344
v 278.6409912109375 238.24000549316406 92.48419952392578
v 279.0119934082031 241.0749969482422 93.42870330810547
v 281.1260070800781 237.0449981689453 77.17759704589844
v 283.7799987792969 236.78599548339844 76.8510971069336
v 262.625 257.4010009765625 132.406005859375
v 263.9989929199219 260.1050109863281 130.80499267578125
v 265.08099365234375 243.36900329589844 79.8280029296875
v 264.11199951171875 241.50900268554688 82.13020324707031
v 285.8970031738281 243.8719940185547 78.21800231933594
v 286.99200439453125 246.24600219726562 78.4677963256836
v 260.9670104980469 255.69200134277344 71.79560089111328
v 263.2550048828125 258.89801025390625 74.24230194091797
v 266.4960021972656 241.25999450683594 88.84529876708984
v 266.2929992675781 241.4759979248047 91.58489990234375
v 263.6449890136719 240.32000732421875 54.18629837036133
v 263.9649963378906 244.7239990234375 55.419700622558594
v 294.9530029296875 231.5919952392578 76.66690063476562
v 295.2430114746094 264.0719909667969 123.53900146484375
v 297.302001953125 261.4389953613281 122.97799682617188
v 257.2590026855469 238.8159942626953 88.3384017944336
v 256.22100830078125 240.4739990234375 85.21269989013672
v 265.968994140625 239.57200622558594 69.41480255126953
v 263.0710144042969 240.947998046875 66.22879791259766
v 264.2900085449219 240.156005859375 92.72470092773438
v 262.8299865722656 238.79600524902344 91.61150360107422
v 279.6960144042969 253.34100341796875 50.790000915527344
v 280.8210144042969 250.8769989013672 46.8661994934082
v 294.7959899902344 233.11900329589844 62.06380081176758
v 293.4280090332031 231.8730010986328 61.08140182495117
v 312.67498779296875 247.45199584960938 74.90959930419922
v 309.88800048828125 235.71299743652344 46.3135986328125
v 307.447998046875 236.5030059814453 41.46549987792969
v 271.2449951171875 235.14999389648438 37.373199462890625
v 272.1510009765625 238.33799743652344 37.81719970703125
v 269.39300537109375 238.15699768066406 97.3781967163086
v 273.1969909667969 240.44500732421875 97.44429779052734
v 267.5740051269531 262.8590087890625 130.71800231933594
v 266.69500732421875 264.4590148925781 128.86300659179688
v 276.02099609375 241.81199645996094 96.53679656982422
v 296.4159851074219 238.32400512695312 113.5260009765625
v 298.739013671875 242.7779998779297 114.6729965209961
v 278.5669860839844 215.8730010986328 93.7562026977539
v 277.1199951171875 217.53799438476562 91.9032974243164
v 283.8900146484375 209.75399780273438 81.59380340576172
v 282.1969909667969 208.94200134277344 76.06690216064453
v 273.67498779296875 236.27000427246094 61.37179946899414
v 270.9339904785156 236.05099487304688 61.577701568603516
v 298.1289978027344 220.82000732421875 31.254600524902344
v 295.13800048828125 218.9709930419922 29.687599182128906
v 270.8299865722656 214.43499755859375 64.72480010986328
v 284.4309997558594 242.46299743652344 75.06420135498047
v 293.802001953125 213.05499267578125 37.1432991027832
v 291.66900634765625 210.6300048828125 41.38399887084961
v 291.43701171875 262.86700439453125 76.04190063476562
v 294.18798828125 262.7950134277344 80.67160034179688
v 268.2460021972656 239.6219940185547 67.97959899902344
v 265.9840087890625 239.0240020751953 65.29879760742188
v 287.06201171875 239.11000061035156 60.903900146484375
v 285.55999755859375 239.5500030517578 60.93370056152344
v 268.6929931640625 212.22900390625 58.421199798583984
v 292.8970031738281 228.1300048828125 75.464599609375
v 289.6419982910156 228.49200439453125 109.53800201416016
v 292.72698974609375 232.37399291992188 111.1520004272461
v 271.3110046386719 226.80999755859375 99.00659942626953
v 273.14599609375 228.64999389648438 97.26589965820312
v 275.4540100097656 214.4290008544922 84.82440185546875
v 252.05299377441406 246.1300048828125 124.98799896240234
v 250.62600708007812 249.11399841308594 123.01200103759766
v 309.4960021972656 253.23399353027344 102.49099731445312
v 308.22698974609375 255.23699951171875 105.7300033569336
v 253.5050048828125 250.54400634765625 84.52030181884766
v 298.4809875488281 221.072998046875 97.47740173339844
v 293.7929992675781 220.39700317382812 100.25900268554688
v 282.385986328125 240.6179962158203 61.35530090332031
v 280.51800537109375 241.19400024414062 61.857601165771484
v 280.3089904785156 242.9810028076172 89.15640258789062
v 282.4100036621094 242.927001953125 87.39289855957031
v 283.0409851074219 248.61900329589844 42.864898681640625
v 279.9960021972656 245.03599548339844 38.85150146484375
v 300.6990051269531 254.81199645996094 64.65959930419922
v 276.7669982910156 256.5320129394531 57.83409881591797
v 278.1130065917969 245.69900512695312 94.95850372314453
v 249.3300018310547 242.7480010986328 118.58300018310547
v 248.47300720214844 243.84800720214844 115.51200103759766
v 274.0480041503906 266.5830078125 130.0679931640625
v 276.7720031738281 268.4320068359375 128.42300415039062
v 266.06298828125 240.93600463867188 127.55699920654297
v 276.2659912109375 228.7429962158203 94.40270233154297
v 273.7439880371094 230.83399963378906 97.02069854736328
v 304.92999267578125 230.6320037841797 34.80229949951172
v 302.42999267578125 230.36099243164062 31.48200035095215
v 304.260009765625 259.95001220703125 88.92949676513672
v 299.35198974609375 263.5369873046875 94.09439849853516
v 282.5690002441406 238.77200317382812 84.06420135498047
v 281.6579895019531 238.2469940185547 82.3198013305664
v 267.65301513671875 244.31100463867188 81.44149780273438
v 267.5679931640625 243.4550018310547 85.76029968261719
v 297.62298583984375 260.58099365234375 77.14250183105469
v 302.05999755859375 259.75 82.60679626464844
v 291.39300537109375 225.68600463867188 24.566099166870117
v 293.7829895019531 224.16099548339844 26.028099060058594
v 267.5610046386719 236.0279998779297 61.653499603271484
v 264.9179992675781 238.3300018310547 61.67580032348633
v 286.9129943847656 240.9980010986328 67.28479766845703
v 285.5249938964844 240.62899780273438 69.59539794921875
v 273.09100341796875 251.5679931640625 82.69519805908203
v 274.989013671875 253.23300170898438 82.74459838867188
v 287.0069885253906 209.197998046875 62.50429916381836
v 281.56298828125 208.6269989013672 61.167198181152344
v 266.1520080566406 224.05599975585938 60.14099884033203
v 264.1820068359375 223.7030029296875 57.380699157714844
v 281.0419921875 239.96499633789062 87.77570343017578
v 286.4209899902344 250.28199768066406 81.41560363769531
v 285.25299072265625 249.0240020751953 79.09500122070312
v 277.8479919433594 222.98399353027344 60.92110061645508
v 275.37200927734375 221.7969970703125 61.44179916381836
v 299.8420104980469 214.81700134277344 54.39440155029297
v 298.947998046875 215.0500030517578 49.41590118408203
v 283.4739990234375 239.50900268554688 81.48979949951172
v 276.4779968261719 239.177001953125 62.09080123901367
v 275.44500732421875 240.42799377441406 64.02130126953125
v 249.55999755859375 249.89500427246094 108.42500305175781
v 249.63900756835938 249.51600646972656 116.1520004272461
v 276.5299987792969 241.656005859375 65.44940185546875
v 269.98699951171875 240.9550018310547 97.0730972290039
v 255.88900756835938 242.2949981689453 83.11139678955078
v 253.51499938964844 245.13699340820312 84.42160034179688
v 284.4159851074219 245.9029998779297 86.777099609375
v 285.92999267578125 247.4340057373047 86.34500122070312
v 272.5639953613281 236.96499633789062 97.5999984741211
v 275.45599365234375 270.8800048828125 110.99600219726562
v 277.21099853515625 271.2799987792969 117.14199829101562
v 280.6180114746094 233.5260009765625 86.3113021850586
v 280.2619934082031 233.99099731445312 84.42179870605469
v 261.4209899902344 254.92100524902344 132.6510009765625
v 288.3290100097656 232.197998046875 84.43170166015625
v 285.95098876953125 232.38099670410156 84.52839660644531
v 292.6390075683594 210.83399963378906 73.59700012207031
v 263.385009765625 225.70799255371094 53.29399871826172
v 263.30499267578125 230.53599548339844 55.03110122680664
v 298.302001953125 250.89300537109375 119.28299713134766
v 294.1839904785156 250.0189971923828 122.30000305175781
v 285.489013671875 231.7030029296875 114.72799682617188
v 266.2330017089844 268.18798828125 117.18299865722656
v 271.2640075683594 270.2590026855469 119.86100006103516
v 302.635009765625 218.16299438476562 83.30059814453125
v 252.25900268554688 250.8489990234375 89.08599853515625
v 268.25201416015625 256.7040100097656 135.54299926757812
v 266.4230041503906 254.13600158691406 135.5330047607422
v 283.2200012207031 225.06100463867188 24.271099090576172
v 278.7130126953125 235.70599365234375 90.34639739990234
v 280.3659973144531 237.70700073242188 87.92859649658203
v 277.50299072265625 251.4409942626953 48.88169860839844
v 262.1969909667969 244.3719940185547 129.93800354003906
v 258.42498779296875 245.17999267578125 129.49400329589844
v 306.8479919433594 237.80799865722656 99.80909729003906
v 254.4499969482422 239.75100708007812 88.16619873046875
v 252.69900512695312 238.64300537109375 90.37539672851562
v 275.822998046875 210.74200439453125 80.58170318603516
v 263.8280029296875 242.06199645996094 84.44159698486328
v 263.08099365234375 241.36500549316406 86.63189697265625
v 286.32598876953125 265.9580078125 82.19709777832031
v 288.6300048828125 264.2330017089844 76.85990142822266
v 275.0329895019531 266.114013671875 80.8958969116211
v 274.3009948730469 264.5260009765625 75.17739868164062
v 311.281005859375 237.6179962158203 50.454200744628906
v 294.0679931640625 232.13900756835938 80.5624008178711
v 292.8009948730469 233.50799560546875 80.5167007446289
v 291.73699951171875 233.05299377441406 60.8291015625
v 289.62298583984375 234.822998046875 60.80400085449219
v 284.54400634765625 223.697998046875 24.085800170898438
v 287.0920104980469 222.5240020751953 24.377899169921875
v 270.02801513671875 245.0500030517578 131.0659942626953
v 269.46600341796875 249.39599609375 133.35899353027344
v 299.4580078125 232.32899475097656 29.505800247192383
v 302.9960021972656 234.1009979248047 33.30979919433594
v 309.94000244140625 240.2480010986328 50.09450149536133
v 270.0530090332031 246.9239959716797 81.62660217285156
v 269.87298583984375 244.82699584960938 84.82890319824219
v 273.5199890136719 214.9770050048828 77.46479797363281
v 273.35101318359375 213.2570037841797 75.12909698486328
v 279.7460021972656 238.71600341796875 61.150901794433594
v 258.87200927734375 245.5800018310547 67.822998046875
v 290.1289978027344 227.8179931640625 83.70690155029297
v 291.19000244140625 228.3730010986328 82.48829650878906
v 270.1910095214844 266.4540100097656 128.3719940185547
v 271.7300109863281 263.5260009765625 131.95799255371094
v 276.29901123046875 218.6540069580078 28.71969985961914
v 276.24798583984375 221.27699279785156 27.88129997253418
v 285.625 228.4810028076172 60.81060028076172
v 282.4779968261719 227.1909942626953 60.839698791503906
v 310.2279968261719 253.99099731445312 86.88379669189453
v 270.63299560546875 240.51499938964844 70.4020004272461
v 269.6520080566406 241.8260040283203 73.5895004272461
v 285.2019958496094 241.24600219726562 81.37139892578125
v 262.3039855957031 241.31199645996094 69.09349822998047
v 263.3900146484375 241.0780029296875 71.93769836425781
v 271.5369873046875 249.71400451660156 81.97270202636719
v 272.09100341796875 250.95599365234375 79.63140106201172
v 267.3529968261719 227.50900268554688 100.37100219726562
v 265.9169921875 229.23500061035156 98.28919982910156
v 267.77301025390625 243.44200134277344 91.94450378417969
v 267.9440002441406 242.88999938964844 89.55460357666016
v 280.3080139160156 211.09300231933594 33.32870101928711
v 280.59600830078125 209.2239990234375 37.73970031738281
v 286.2879943847656 225.58200073242188 61.09479904174805
v 286.7149963378906 223.7760009765625 62.458099365234375
v 293.4949951171875 266.3500061035156 122.66300201416016
v 293.25299072265625 261.91900634765625 125.13099670410156
v 270.5719909667969 249.33599853515625 80.14420318603516
v 285.34698486328125 268.510986328125 95.69969940185547
v 289.8550109863281 267.09600830078125 93.61029815673828
v 300.1610107421875 227.6739959716797 29.649099349975586
v 303.17401123046875 226.5279998779297 33.77080154418945
v 280.38800048828125 223.21099853515625 61.12860107421875
v 282.0260009765625 224.89199829101562 60.89400100708008
v 264.12298583984375 249.14700317382812 133.1510009765625
v 261.6820068359375 249.58799743652344 132.7989959716797
v 284.7359924316406 251.38999938964844 81.57129669189453
v 289.9739990234375 223.71299743652344 24.7539005279541
v 293.5150146484375 221.58099365234375 26.823699951171875
v 266.7349853515625 267.85101318359375 121.75299835205078
v 291.5190124511719 226.4219970703125 78.10919952392578
v 292.22900390625 227.61000061035156 79.76850128173828
v 270.989990234375 212.45899963378906 63.263099670410156
v 268.84100341796875 214.625 63.34469985961914
v 295.1199951171875 217.4550018310547 95.65139770507812
v 304.2340087890625 250.61500549316406 59.206199645996094
v 304.5899963378906 252.04200744628906 63.686798095703125
v 251.46299743652344 252.66000366210938 101.48400115966797
v 254.8090057373047 256.39801025390625 95.46430206298828
v 297.4630126953125 262.93499755859375 88.0342025756836
v 290.406005859375 226.98800659179688 61.27399826049805
v 282.1549987792969 266.9809875488281 129.50399780273438
v 279.95599365234375 268.6919860839844 127.78500366210938
v 292.62799072265625 268.739013671875 107.30899810791016
v 299.5799865722656 266.6059875488281 110.9800033569336
v 289.68798828125 234.51400756835938 77.0811996459961
v 288.2430114746094 234.58599853515625 75.97160339355469
v 270.0660095214844 226.7310028076172 36.23699951171875
v 271.97601318359375 229.43099975585938 34.18199920654297
v 270.2799987792969 245.32899475097656 88.53700256347656
v 266.5989990234375 214.75 58.83679962158203
v 277.75201416015625 248.89700317382812 75.07669830322266
v 275.87298583984375 250.93699645996094 76.2791976928711
v 285.97100830078125 224.98399353027344 24.07200050354004
v 285.14801025390625 212.0800018310547 89.07759857177734
v 282.72198486328125 213.79400634765625 92.49690246582031
v 312.64300537109375 234.35499572753906 73.86000061035156
v 313.3399963378906 236.4810028076172 67.87069702148438
v 302.0260009765625 263.2239990234375 115.56400299072266
v 267.3139953613281 244.5189971923828 77.90390014648438
v 287.760986328125 231.70700073242188 60.79999923706055
v 280.27899169921875 241.98699951171875 34.70000076293945
v 296.5329895019531 212.81300354003906 70.67970275878906
v 273.9670104980469 213.2169952392578 70.08409881591797
v 273.7959899902344 211.9770050048828 66.48699951171875
v 280.0769958496094 235.24000549316406 83.55780029296875
v 299.7149963378906 265.78900146484375 115.43900299072266
v 302.7569885253906 264.5379943847656 111.86499786376953
v 294.6340026855469 230.62899780273438 79.40180206298828
v 282.5920104980469 230.81900024414062 60.79999923706055
v 279.18798828125 231.61300659179688 60.79999923706055
v 282.7460021972656 244.51199340820312 126.08000183105469
v 278.8890075683594 242.6510009765625 126.53199768066406
v 279.2300109863281 242.6219940185547 91.66339874267578
v 290.4049987792969 265.38299560546875 85.69170379638672
v 270.3940124511719 231.40199279785156 37.147300720214844
v 291.2980041503906 238.4929962158203 118.00599670410156
v 287.5459899902344 240.7030029296875 121.927001953125
v 281.0740051269531 207.8769989013672 55.57270050048828
v 274.885986328125 208.71400451660156 53.140499114990234
v 265.30499267578125 261.91400146484375 79.85169982910156
v 271.0320129394531 265.49700927734375 82.48210144042969
v 266.625 234.52499389648438 44.29570007324219
v 292.79400634765625 229.6820068359375 81.74980163574219
v 293.79901123046875 229.42100524902344 79.12339782714844
v 291.77801513671875 212.48599243164062 86.08540344238281
v 280.88299560546875 221.98800659179688 62.7333984375
v 283.72900390625 222.79400634765625 63.14699935913086
v 280.0260009765625 234.88400268554688 60.82170104980469
v 276.885009765625 232.9550018310547 119.0530014038086
v 273.0509948730469 232.37899780273438 118.76300048828125
v 267.54400634765625 241.25100708007812 73.49859619140625
v 265.87799072265625 240.10699462890625 71.9176025390625
v 257.97698974609375 241.3769989013672 126.10900115966797
v 258.4590148925781 243.29800415039062 127.80899810791016
v 268.4570007324219 213.42999267578125 61.235198974609375
v 284.0849914550781 218.11599731445312 99.7876968383789
v 280.22601318359375 216.96600341796875 96.63770294189453
v 264.9179992675781 267.2049865722656 111.51100158691406
v 266.4630126953125 267.5060119628906 104.59100341796875
v 284.4830017089844 226.947998046875 24.191999435424805
v 286.3240051269531 215.48899841308594 27.78059959411621
v 285.7439880371094 213.3509979248047 29.82379913330078
v 263.9280090332031 233.00599670410156 58.419498443603516
v 285.9700012207031 224.78900146484375 83.46939849853516
v 288.3840026855469 226.51800537109375 84.78679656982422
v 276.47601318359375 225.38600158691406 108.98600006103516
v 277.89599609375 227.47999572753906 112.38899993896484
v 267.8580017089844 223.05599975585938 61.39619827270508
v 269.7409973144531 222.3040008544922 61.94430160522461
v 276.1000061035156 208.99200439453125 58.09149932861328
v 300.6499938964844 220.4669952392578 94.54940032958984
v 291.5159912109375 210.33599853515625 45.867801666259766
v 298.14801025390625 216.16400146484375 38.91350173950195
v 295.02801513671875 212.75100708007812 42.11069869995117
v 289.4519958496094 224.86000061035156 79.279296875
v 290.7120056152344 226.79400634765625 75.31199645996094
v 277.40301513671875 258.5559997558594 61.05459976196289
v 280.8819885253906 257.3340148925781 58.12919998168945
v 261.89300537109375 255.14999389648438 68.78500366210938
v 267.3999938964844 217.7259979248047 62.557701110839844
v 266.2149963378906 217.6699981689453 60.79240036010742
v 311.7239990234375 231.5330047607422 64.77020263671875
v 249.42999267578125 246.93600463867188 119.58599853515625
v 279.2080078125 220.58599853515625 76.90550231933594
v 280.6440124511719 221.8489990234375 73.46540069580078
v 281.7539978027344 226.3249969482422 24.822799682617188
v 282.4779968261719 244.49600219726562 74.1947021484375
v 284.1820068359375 240.5290069580078 61.18259811401367
v 271.6809997558594 238.05099487304688 62.550498962402344
v 269.6650085449219 238.86700439453125 64.5145034790039
v 259.8840026855469 242.88099670410156 71.82659912109375
v 278.4809875488281 242.2480010986328 65.8582992553711
v 281.70098876953125 242.28599548339844 65.54280090332031
v 305.81298828125 240.06100463867188 41.766300201416016
v 268.64599609375 225.41299438476562 61.01139831542969
v 301.2409973144531 221.95399475097656 34.713401794433594
v 303.22698974609375 221.718994140625 38.52899932861328
v 269.4219970703125 246.95399475097656 78.90840148925781
v 270.4079895019531 269.7980041503906 114.51300048828125
v 264.0150146484375 242.2760009765625 77.94129943847656
v 261.6780090332031 242.06399536132812 76.41809844970703
v 271.52801513671875 232.0800018310547 97.5999984741211
v 275.41400146484375 233.44900512695312 96.01219940185547
v 276.7669982910156 212.91700744628906 32.83599853515625
v 275.1679992675781 215.85400390625 31.2273006439209
v 290.5090026855469 234.3070068359375 78.78739929199219
v 291.0679931640625 233.54600524902344 81.27449798583984
v 282.7539978027344 228.2270050048828 24.712299346923828
v 254.7310028076172 254.11500549316406 88.63700103759766
v 257.4670104980469 258.20599365234375 90.77519989013672
v 265.5090026855469 240.52499389648438 49.830299377441406
v 268.5429992675781 243.70799255371094 47.53459930419922
v 264.47601318359375 226.35699462890625 47.459999084472656
v 298.7869873046875 258.2510070800781 121.19999694824219
v 300.7860107421875 219.6719970703125 37.04159927368164
v 274.5509948730469 252.52999877929688 84.78399658203125
v 280.86700439453125 249.63999938964844 76.3832015991211
v 279.15399169921875 251.25799560546875 77.29499816894531
v 280.6759948730469 207.2209930419922 46.704200744628906
v 277.3500061035156 208.4080047607422 43.40599822998047
v 289.802001953125 229.39500427246094 85.6947021484375
v 261.9339904785156 240.70199584960938 79.24530029296875
v 259.8030090332031 240.80099487304688 79.29869842529297
v 298.08599853515625 215.5659942626953 86.62000274658203
v 259.9700012207031 261.6549987792969 92.6417007446289
v 279.05499267578125 242.95700073242188 93.91529846191406
v 278.63299560546875 244.30099487304688 95.11219787597656
v 300.57501220703125 215.63699340820312 72.54609680175781
v 276.3389892578125 249.20799255371094 93.52980041503906
v 275.0669860839844 248.7790069580078 92.54309844970703
v 262.2640075683594 240.11199951171875 84.26490020751953
v 311.22198486328125 230.0659942626953 54.43239974975586
v 311.614990234375 230.2100067138672 59.908599853515625
v 258.11700439453125 236.3249969482422 91.63729858398438
v 281.32501220703125 235.94500732421875 77.94120025634766
v 282.6809997558594 235.38699340820312 79.07129669189453
v 287.65899658203125 247.11900329589844 85.2677001953125
v 287.3420104980469 244.99099731445312 83.94719696044922
v 250.58799743652344 239.1060028076172 92.58290100097656
v 249.48699951171875 238.7449951171875 94.94270324707031
v 254.70899963378906 232.63099670410156 98.79660034179688
v 257.677001953125 232.8699951171875 96.34459686279297
v 292.6289978027344 237.93699645996094 61.722801208496094
v 291.5249938964844 239.0240020751953 62.62879943847656
v 291.5690002441406 269.45599365234375 111.24500274658203
v 248.5659942626953 240.5 115.6760025024414
v 289.2659912109375 241.593994140625 32.270301818847656
v 291.1340026855469 239.8070068359375 30.69860076904297
v 294.4259948730469 236.95899963378906 29.038999557495117
v 285.4490051269531 253.8350067138672 50.69779968261719
v 291.52899169921875 254.1999969482422 52.84960174560547
v 290.947998046875 226.77699279785156 66.19010162353516
v 281.10198974609375 237.16600036621094 83.42179870605469
v 271.87799072265625 246.04800415039062 45.98649978637695
v 275.7019958496094 248.56500244140625 46.2849006652832
v 283.9129943847656 207.54100036621094 51.79169845581055
v 267.1189880371094 243.5240020751953 93.5863037109375
v 266.8760070800781 242.33599853515625 95.1323013305664
v 271.0710144042969 229.8979949951172 115.31800079345703
v 271.99200439453125 227.49200439453125 111.41999816894531
v 305.39300537109375 219.71800231933594 63.360801696777344
v 308.1050109863281 224.03900146484375 68.16419982910156
v 276.84100341796875 270.6610107421875 122.51200103759766
v 311.97698974609375 248.99600219726562 81.91290283203125
v 313.1510009765625 245.16299438476562 79.12960052490234
v 272.8810119628906 245.71600341796875 95.4229965209961
v 293.1189880371094 230.81300354003906 83.43219757080078
v 293.64599609375 231.66600036621094 82.33329772949219
v 276.0090026855469 239.41099548339844 97.04129791259766
v 276.1610107421875 236.38999938964844 96.68939971923828
v 264.6910095214844 253.5279998779297 134.718994140625
v 262.9079895019531 253.51199340820312 133.86000061035156
v 258.7049865722656 256.27099609375 77.93180084228516
v 293.36199951171875 233.64700317382812 74.79149627685547
v 292.27899169921875 234.4080047607422 76.15039825439453
v 254.62399291992188 257.98199462890625 103.12799835205078
v 256.4570007324219 260.5830078125 108.13600158691406
v 299.5509948730469 215.2469940185547 80.68409729003906
v 294.5299987792969 212.53399658203125 80.75650024414062
v 309.15899658203125 225.16000366210938 62.48460006713867
v 284.5769958496094 227.0290069580078 110.625
v 287.14300537109375 248.4949951171875 80.04100036621094
v 276.7200012207031 252.47000122070312 78.15699768066406
v 297.2929992675781 245.6479949951172 117.68000030517578
v 295.2139892578125 240.07000732421875 116.25399780273438
v 286.19500732421875 267.1759948730469 88.82379913330078
v 289.0299987792969 209.0709991455078 54.4109001159668
v 287.28399658203125 208.31199645996094 48.959598541259766
v 270.260009765625 269.27801513671875 107.16799926757812
v 274.2019958496094 257.7569885253906 135.0800018310547
v 274.4219970703125 261.2049865722656 133.81199645996094
v 280.0660095214844 222.13999938964844 104.58200073242188
v 286.85198974609375 250.62399291992188 83.8093032836914
v 287.46600341796875 249.8939971923828 82.589599609375
v 278.260986328125 247.2100067138672 42.68579864501953
v 276.31201171875 243.9759979248047 39.62950134277344
v 294.03900146484375 215.2969970703125 32.59809875488281
v 258.510009765625 260.74200439453125 96.4800033569336
v 266.89801025390625 244.906005859375 51.18080139160156
v 281.02899169921875 255.46800231933594 54.37120056152344
v 281.5690002441406 232.14999389648438 84.9800033569336
v 280.46099853515625 232.9250030517578 83.8917007446289
v 286.3039855957031 229.91799926757812 24.74970054626465
v 291.0469970703125 230.53799438476562 25.16360092163086
v 292.6300048828125 228.677001953125 62.75019836425781
v 291.3559875488281 228.61700439453125 61.27199935913086
v 274.7550048828125 270.1180114746094 103.98899841308594
v 281.7239990234375 242.01699829101562 62.92319869995117
v 276.86199951171875 249.4429931640625 91.18489837646484
v 277.1159973144531 250.3560028076172 89.23470306396484
v 260.072998046875 243.4739990234375 65.881103515625
v 309.3420104980469 248.66700744628906 102.01699829101562
v 309.7430114746094 246.03500366210938 98.65260314941406
v 280.2749938964844 232.91799926757812 27.75429916381836
v 283.1789855957031 234.45899963378906 26.980899810791016
v 272.3009948730469 209.77999877929688 47.41780090332031
v 277.2950134277344 211.55299377441406 83.99250030517578
v 300.1340026855469 249.58099365234375 116.98600006103516
v 271.2179870605469 220.45799255371094 62.880001068115234
v 273.1969909667969 220.09800720214844 62.997100830078125
v 291.4209899902344 259.1889953613281 127.5199966430664
v 290.92401123046875 254.73500061035156 126.96399688720703
v 307.9519958496094 226.10899353027344 46.40250015258789
v 305.8269958496094 222.1840057373047 47.16019821166992
v 274.8030090332031 243.0260009765625 128.33099365234375
v 247.55599975585938 239.47900390625 108.177001953125
v 247.52200317382812 243.18499755859375 107.56199645996094
v 289.42498779296875 245.8939971923828 123.40899658203125
v 293.27801513671875 244.41799926757812 120.1709976196289
v 263.14599609375 264.2900085449219 99.37409973144531
v 271.2409973144531 217.73800659179688 34.07080078125
v 271.6419982910156 214.13900756835938 36.48680114746094
v 267.14300537109375 240.30999755859375 96.39240264892578
v 268.57501220703125 242.2030029296875 96.17829895019531
v 290.37200927734375 244.09500122070312 35.63880157470703
v 290.8160095214844 246.4550018310547 39.406898498535156
v 293.1409912109375 211.41799926757812 65.54080200195312
v 276.3739929199219 247 95.9718017578125
v 275.2380065917969 245.88699340820312 96
v 279.0429992675781 243.99000549316406 92.74520111083984
v 274.0849914550781 252.20899963378906 78.11969757080078
v 274.1289978027344 238.63499450683594 125.19999694824219
v 287.625 245.50799560546875 81.3147964477539
v 288.53399658203125 247.72500610351562 83.5271987915039
v 277.0509948730469 233.0030059814453 93.48200225830078
v 251.35400390625 252.05299377441406 122.5009994506836
v 289.23199462890625 262.2489929199219 71.14320373535156
v 248.73800659179688 236.4770050048828 105.80000305175781
v 297.81500244140625 213.70899963378906 75.7854995727539
v 302.32501220703125 217.30999755859375 76.86309814453125
v 270.7030029296875 257.35400390625 135.78199768066406
v 294.4939880371094 211.83799743652344 54.88690185546875
v 273.81500244140625 217.2469940185547 65.87689971923828
v 271.5090026855469 217.5330047607422 64.46589660644531
v 285.8659973144531 234.02200317382812 60.79999923706055
v 267.1969909667969 215.3719940185547 42.93560028076172
v 267.7879943847656 217.76600646972656 39.437400817871094
v 313.9129943847656 243.96400451660156 73.20179748535156
v 313.864990234375 242.33700561523438 66.49919891357422
v 291.8009948730469 230.76400756835938 85.35279846191406
v 290.6000061035156 231.39300537109375 85.80149841308594
v 313.9939880371094 239.4510040283203 70.89140319824219
v 273.66400146484375 247.19200134277344 131.4250030517578
v 304.3320007324219 254.20199584960938 69.0884017944336
v 307.2820129394531 254.72000122070312 76.69979858398438
v 278.6159973144531 245.625 93.18669891357422
v 307.47100830078125 257.63299560546875 89.19779968261719
v 282.4179992675781 259.3550109863281 62.46289825439453
v 286.0379943847656 257.57598876953125 59.269901275634766
v 288.47198486328125 226.95799255371094 24.239299774169922
v 249.2899932861328 236.45199584960938 109.18299865722656
v 248.17100524902344 239.17599487304688 112.5199966430664
v 283.20599365234375 271.3940124511719 114.3239974975586
v 260.89801025390625 239.48599243164062 81.21790313720703
v 259.3240051269531 239.84300231933594 80.443603515625
v 262.4800109863281 242.08900451660156 60.527801513671875
v 261.19500732421875 243.5709991455078 63.61140060424805
v 282.78900146484375 242.0279998779297 69.58529663085938
v 284.1239929199219 241.5590057373047 72.54740142822266
v 250.97300720214844 242.406005859375 89.33699798583984
v 250.58900451660156 246.93899536132812 90.1156005859375
v 265.1099853515625 215.74000549316406 52.28929901123047
v 264.1700134277344 219.8000030517578 50.71739959716797
v 273.4280090332031 258.22900390625 62.1869010925293
v 262.7619934082031 246.35800170898438 58.87919998168945
v 262.21099853515625 249.66200256347656 61.38600158691406
v 284.08099365234375 232.63900756835938 84.56749725341797
v 284.6719970703125 233.72000122070312 83.52269744873047
v 285.8330078125 255.99000549316406 55.1078987121582
v 280.6759948730469 266.83099365234375 83.42269897460938
v 272.88299560546875 249.14100646972656 84.7031021118164
v 273.5929870605469 228.0019989013672 31.75779914855957
v 274.6549987792969 231.9290008544922 31.92099952697754
v 276.6579895019531 224.4530029296875 92.53379821777344
v 277.8030090332031 226.8459930419922 91.2322998046875
v 265.5119934082031 257.6610107421875 67.61869812011719
v 274.61199951171875 243.94900512695312 96.30999755859375
v 265.7449951171875 229.78599548339844 44.70029830932617
v 306.3819885253906 260.7539978027344 97.68699645996094
v 308.1940002441406 258.4410095214844 100.26100158691406
v 257.8420104980469 240.1909942626953 81.24469757080078
v 265.6470031738281 248.9149932861328 56.441200256347656
v 273.7659912109375 224.54800415039062 104.80699920654297
v 273.8190002441406 224.17999267578125 99.23570251464844
v 280.2869873046875 237.875 77.89869689941406
v 260.5690002441406 232.36099243164062 97.91310119628906
v 258.0710144042969 231.48199462890625 100.8270034790039
v 286.0790100097656 270.6050109863281 118.80699920654297
v 288.8290100097656 268.4490051269531 123.85099792480469
v 296.6390075683594 257.7239990234375 123.25900268554688
v 256.0669860839844 244.8249969482422 127.7969970703125
v 254.14199829101562 247.406005859375 127.33699798583984
v 254.0189971923828 234.58099365234375 94.65399932861328
v 286.5610046386719 242.31700134277344 65.45819854736328
v 276.239013671875 240.86900329589844 36.37139892578125
v 268.97601318359375 232.71499633789062 61.254798889160156
v 266.81201171875 228.6649932861328 60.41559982299805
v 277.16400146484375 240.28399658203125 125.45500183105469
v 282.1159973144531 246.0240020751953 87.99210357666016
v 278.07000732421875 266.9079895019531 130.4739990234375
v 272.6650085449219 248.03500366210938 75.6167984008789
v 310.8699951171875 237.7989959716797 87.65029907226562
v 308.5740051269531 233.41299438476562 91.74649810791016
v 269.2799987792969 212.33599853515625 43.51580047607422
v 262.427001953125 241.8280029296875 127.875
v 249.7550048828125 234.58200073242188 100.85900115966797
v 265.82000732421875 246.45199584960938 53.94770050048828
v 267.27099609375 226.9219970703125 103.15699768066406
v 311.7040100097656 239.38099670410156 54.582698822021484
v 297.9070129394531 258.4209899902344 70.17610168457031
v 299.7489929199219 257.1600036621094 68.91210174560547
v 294.6419982910156 233.5850067138672 77.35099792480469
v 293.0559997558594 234.44200134277344 77.4011001586914
v 290.4580078125 223.04800415039062 104.21600341796875
v 289.16400146484375 219.99099731445312 101.77200317382812
v 266.4259948730469 243.60699462890625 129.91400146484375
v 268.7539978027344 237.8939971923828 62.8286018371582
v 289.4739990234375 240.30299377441406 62.058799743652344
v 289.0610046386719 241.218994140625 64.0167007446289
v 302.27801513671875 244.4040069580078 111.41200256347656
v 277.10699462890625 210.5780029296875 71.09880065917969
v 266.79400634765625 266.4070129394531 125.89700317382812
v 270.9020080566406 269.4159851074219 124.12999725341797
v 259.95001220703125 238.1699981689453 90.38770294189453
v 292.2019958496094 234.05499267578125 79.1875991821289
v 293.5580139160156 234.16099548339844 78.38310241699219
v 265.385009765625 215.59500122070312 56.153099060058594
v 280.9259948730469 238.82699584960938 78.3595962524414
v 282.7070007324219 239.53700256347656 78.62999725341797
v 254.84800720214844 245.47500610351562 81.02799987792969
v 254.77000427246094 247.2689971923828 78.20079803466797
v 294.67401123046875 232.1649932861328 63.372398376464844
v 294.05499267578125 231.15899658203125 61.8202018737793
v 269.09100341796875 248.64599609375 52.492698669433594
v 273.9460144042969 250.94200134277344 50.851200103759766
v 257.12298583984375 251.802001953125 73.67639923095703
v 286.0880126953125 223.38800048828125 64.39659881591797
v 280.95001220703125 221.96800231933594 66.53269958496094
v 283.3680114746094 223.33700561523438 68.6957015991211
v 301.6659851074219 257.5690002441406 73.56890106201172
v 276.8659973144531 220.02000427246094 67.85540008544922
v 282.4530029296875 252.16400146484375 81.26249694824219
v 274.52801513671875 236.9720001220703 34.65769958496094
v 279.09600830078125 225.68899536132812 60.80979919433594
v 269.0480041503906 261.6929931640625 72.42340087890625
v 247.625 239.5760040283203 104.84200286865234
v 262.52301025390625 264.8900146484375 122.27999877929688
v 274.5539855957031 217.093994140625 72.81500244140625
v 274.8009948730469 217.05499267578125 69.5542984008789
v 248.95899963378906 247.3800048828125 101.11100006103516
v 276.6780090332031 253.75 84.24140167236328
v 273.7489929199219 247.73199462890625 93.84870147705078
v 292.2309875488281 236.1320037841797 115.31199645996094
v 261.0669860839844 264.4639892578125 106.9530029296875
v 256.1960144042969 246.59500122070312 74.35150146484375
v 272.07598876953125 232.4080047607422 60.91899871826172
v 272.37200927734375 260.697998046875 67.0615005493164
v 277.9949951171875 261.0060119628906 65.97100067138672
v 277.5989990234375 219.88400268554688 79.68689727783203
v 275.4620056152344 218.93600463867188 75.81079864501953
v 264.8030090332031 262.7449951171875 85.2343978881836
v 295.2550048828125 268.5610046386719 112.59300231933594
v 310.4070129394531 249.93800354003906 98.17880249023438
v 290.4859924316406 233.88999938964844 69.4135971069336
v 290.7149963378906 231.8520050048828 70.22650146484375
v 282.6199951171875 223.47799682617188 82.95339965820312
v 277.64898681640625 237.906005859375 95.6093978881836
v 264.9410095214844 240.4949951171875 94.98750305175781
v 277.92999267578125 240.0489959716797 95.2699966430664
v 250.53399658203125 244.43099975585938 122.08200073242188
v 269.6210021972656 246.66200256347656 49.29499816894531
v 285.8089904785156 215.1999969482422 95.53350067138672
v 293.4230041503906 228.55499267578125 77.34200286865234
v 293.90301513671875 229.86700439453125 75.58560180664062
v 273.4259948730469 262.5190124511719 70.12789916992188
v 248.19400024414062 243.4550018310547 98.60540008544922
v 249.25799560546875 247.08700561523438 95.87519836425781
v 266.0329895019531 256.0920104980469 135.02999877929688
v 264.0790100097656 255.9290008544922 134.218994140625
v 297.8290100097656 247.125 43.40959930419922
v 298.6449890136719 243.93800354003906 39.92539978027344
v 253.68299865722656 234.42799377441406 113.26100158691406
v 253.1320037841797 233.43099975585938 108.27200317382812
v 284.510009765625 234.9459991455078 80.9021987915039
v 288.3080139160156 237.03500366210938 60.819400787353516
v 290.47601318359375 238.45799255371094 61.21310043334961
v 288.5320129394531 238.4459991455078 29.220399856567383
v 288.2569885253906 235.50100708007812 27.00429916381836
v 295.2900085449219 231.8719940185547 78.01499938964844
v 270.8429870605469 226.4949951171875 108.62899780273438
v 282.2430114746094 233.6060028076172 81.49720001220703
v 281.6809997558594 232.73699951171875 81.99220275878906
v 282.4700012207031 230.8990020751953 25.770099639892578
v 293.6189880371094 230.1580047607422 62.87820053100586
v 263.4960021972656 264.5899963378906 95.61720275878906
v 269.572998046875 265.8949890136719 86.36650085449219
v 273.3609924316406 234.30799865722656 97.58979797363281
v 259.86199951171875 263.9630126953125 111.97899627685547
v 265.468994140625 228.0469970703125 106.26100158691406
v 266.3909912109375 229.61500549316406 112.41999816894531
v 294.1510009765625 230.48300170898438 80.75969696044922
v 281.4169921875 207.7480010986328 42.23979949951172
v 286.55499267578125 270.2340087890625 107.34200286865234
v 285.5889892578125 241.6269989013672 61.786399841308594
v 268.39801025390625 259.73199462890625 68.20330047607422
v 288.1610107421875 248.83999633789062 82.30329895019531
v 277.8949890136719 247.052001953125 95.20040130615234
v 278.25799560546875 247.29600524902344 93.37930297851562
v 279.9070129394531 213.51199340820312 30.19580078125
v 310.1809997558594 228.5260009765625 71.17469787597656
v 293.0260009765625 238.1699981689453 63.17599868774414
v 277.0320129394531 209.72999572753906 38.59880065917969
v 272.8800048828125 211.0050048828125 40.64099884033203
v 251.52699279785156 246.625 87.11940002441406
v 297.2550048828125 251.7790069580078 51.71189880371094
v 287.81298828125 240.86099243164062 61.50510025024414
v 286.9320068359375 231.1699981689453 85.78469848632812
v 288.28900146484375 230.52000427246094 86.28919982910156
v 279.2919921875 263.625 71.6613998413086
v 285.8789978027344 262.9309997558594 70.69329833984375
v 283.27801513671875 244.00999450683594 36.053001403808594
v 294.6180114746094 230.5279998779297 78.03730010986328
v 285.3429870605469 248.14199829101562 127.24600219726562
v 285.6080017089844 252.1750030517578 129.05499267578125
v 286.9100036621094 234.79100036621094 79.59259796142578
v 279.6940002441406 242.51199340820312 68.61540222167969
v 276.27801513671875 242.64700317382812 69.23400115966797
v 283.1629943847656 233.4149932861328 83.48780059814453
v 286.55999755859375 229.9320068359375 86.3604965209961
v 278.2340087890625 243.74099731445312 71.19000244140625
v 267.2130126953125 252.44700622558594 58.4364013671875
v 292.0840148925781 252.218994140625 48.589900970458984
v 297.4330139160156 249.88999938964844 47.60350036621094
v 281.85699462890625 257.7359924316406 132.08299255371094
v 271.3380126953125 267.4939880371094 93.68769836425781
v 268.3840026855469 232.71299743652344 40.714698791503906
v 296.9419860839844 236.48599243164062 111.3550033569336
v 270.00201416015625 225.93899536132812 102.45600128173828
v 273.69500732421875 213.7740020751953 72.27120208740234
v 271.364013671875 246.9040069580078 84.15889739990234
v 271.6549987792969 246.00100708007812 87.05619812011719
v 291.989990234375 227.9810028076172 24.79789924621582
v 268.12200927734375 240.45700073242188 71.4822998046875
v 265.16400146484375 228.14100646972656 102.10600280761719
v 290.3479919433594 237.1929931640625 68.53510284423828
v 287.98199462890625 238.0399932861328 69.9834976196289
v 297.0299987792969 213.16200256347656 59.5724983215332
v 291.08099365234375 210.22000122070312 59.05339813232422
v 254.88099670410156 243.8280029296875 126.26100158691406
v 279.97698974609375 265.1610107421875 131.59800720214844
v 277.9530029296875 262.2869873046875 133.052001953125
v 275.62799072265625 226.89599609375 29.23579978942871
v 298.12200927734375 266.5840148925781 105.8270034790039
v 267.9200134277344 238.81500244140625 125.74700164794922
v 265.1090087890625 236.1649932861328 121.91899871826172
v 281.9259948730469 270.19500732421875 123.81999969482422
v 282.5270080566406 271.41400146484375 119.70800018310547
v 277.4880065917969 235.55099487304688 93.5635986328125
v 259.23699951171875 239.0679931640625 86.1270980834961
v 302.9339904785156 219.08099365234375 45.684898376464844
v 304.0060119628906 218.51400756835938 51.74509811401367
v 261.0889892578125 236.75 92.89340209960938
v 308.177001953125 249.77000427246094 66.36990356445312
v 251.75599670410156 251.85499572753906 94.80149841308594
v 285.7019958496094 269.0369873046875 124.80799865722656
v 276.7749938964844 246.0399932861328 72.95469665527344
v 264.7489929199219 258 133.38600158691406
v 288.74700927734375 270.1300048828125 113.48300170898438
v 260.6109924316406 239.49400329589844 87.10990142822266
v 288.0780029296875 253.93299865722656 128.552001953125
v 288.6520080566406 251.16299438476562 126.88500213623047
v 285.12298583984375 246.76400756835938 39.775001525878906
v 282.0740051269531 232.55799865722656 83.88569641113281
v 292.6109924316406 267.5450134277344 99.9447021484375
v 258.02801513671875 232.125 110.88600158691406
v 258.64898681640625 230.781005859375 106.39800262451172
v 294.9649963378906 231.7729949951172 79.27860260009766
v 285.23699951171875 235.7239990234375 77.99449920654297
v 286.6839904785156 235.5749969482422 76.17120361328125
v 287.90301513671875 235.4600067138672 73.26509857177734
v 262.47900390625 229.5399932861328 104.24600219726562
v 285.6080017089844 217.468994140625 26.130599975585938
v 288.90399169921875 217.6300048828125 26.617599487304688
v 254.00599670410156 232.28599548339844 103.66400146484375
v 282.9960021972656 241.12899780273438 32.59400177001953
v 285.93499755859375 240.14700317382812 30.874900817871094
v 278.1300048828125 269.9580078125 125.7229995727539
v 285.06201171875 247.42599487304688 77.5438003540039
v 282.8590087890625 249.4199981689453 77.50689697265625
v 257.1400146484375 261.2510070800781 113.4749984741211
v 294.8699951171875 257.9440002441406 65.67400360107422
v 296.8219909667969 256.9570007324219 65.22930145263672
v 260.7929992675781 231.03199768066406 101.86499786376953
v 281.8529968261719 218.16000366210938 26.075700759887695
v 284.0469970703125 240.29299926757812 84.1718978881836
v 284.30499267578125 242.88400268554688 86.13529968261719
v 258.6409912109375 251.6490020751953 69.51589965820312
v 301.97900390625 241.33200073242188 39.26369857788086
v 263.95001220703125 250.20399475097656 59.31129837036133
v 303.6390075683594 262.8900146484375 98.32510375976562
v 305.97100830078125 261.7149963378906 101.77899932861328
v 283.6239929199219 223.53199768066406 71.4542007446289
v 300.97601318359375 226.81199645996094 100.30400085449219
v 267.8840026855469 239.2429962158203 44.73649978637695
v 270.46099853515625 239.68499755859375 40.87300109863281
v 288.9590148925781 258.8630065917969 63.603599548339844
v 286.11199951171875 238.1739959716797 74.42549896240234
v 284.87799072265625 240.97300720214844 74.28849792480469
v 279.0069885253906 209.56300354003906 80.54650115966797
v 278.1860046386719 210.53399658203125 35.51020050048828
v 275.10198974609375 211.63299560546875 36.159000396728516
v 272.8909912109375 244.9459991455078 130.34500122070312
v 294.8680114746094 233.02499389648438 78.66790008544922
v 274.2510070800781 215.41400146484375 81.15080261230469
v 265.47900390625 242.52000427246094 85.99230194091797
v 262.781005859375 230.74600219726562 99.35870361328125
v 284.0190124511719 210.03599548339844 34.96440124511719
v 276.6659851074219 236.79299926757812 61.22930145263672
v 296.7980041503906 222.6909942626953 28.55780029296875
v 271.8330078125 246.593994140625 93.76740264892578
v 261.8609924316406 246.70399475097656 131.46299743652344
v 252.23800659179688 255.3300018310547 107.5510025024414
v 275.90301513671875 250.23699951171875 88.63520050048828
v 292.0450134277344 238.6840057373047 64.49579620361328
v 248.77099609375 243.2740020751953 94.15339660644531
v 285.8110046386719 242.7519989013672 84.07550048828125
v 293.50201416015625 268.4110107421875 117.302001953125
v 285.9880065917969 224.20700073242188 73.21700286865234
v 287.5840148925781 248.66700744628906 85.80370330810547
v 278.9360046386719 233.57000732421875 81.29219818115234
v 278.8070068359375 234.54299926757812 80.54039764404297
v 268.44000244140625 243.74099731445312 95.25559997558594
v 279.3039855957031 236.18800354003906 82.08390045166016
v 248.39599609375 246.8260040283203 106.8290023803711
v 297.2640075683594 217.52099609375 34.26190185546875
v 274.0989990234375 269.0740051269531 126.31199645996094
v 287.8290100097656 228.47999572753906 86.32240295410156
v 292.447998046875 231.94000244140625 84.37789916992188
v 281.4179992675781 234.9320068359375 79.10150146484375
v 281.968994140625 234.27499389648438 80.16649627685547
v 292.73699951171875 232.78399658203125 82.61039733886719
v 263.9679870605469 227.15699768066406 98.42960357666016
v 263.9389953613281 227.15699768066406 98.42960357666016
v 286.5679931640625 243.82200622558594 124.43499755859375
v 282.625 241.11599731445312 124.23300170898438
v 291.06298828125 234.46499633789062 68.17849731445312
v 273.12701416015625 233.45799255371094 34.31650161743164
v 276.3370056152344 252.4340057373047 86.38279724121094
v 301.4150085449219 248.98199462890625 50.22529983520508
v 269.42401123046875 216.75999450683594 36.88990020751953
v 284.12701416015625 240.00599670410156 76.77439880371094
v 269.4049987792969 219.697998046875 35.9099006652832
v 266.4549865722656 259.1470031738281 133.24899291992188
v 277.59600830078125 249.03599548339844 90.96849822998047
v 277.864013671875 248.21400451660156 92.71749877929688
v 312.4729919433594 234.76499938964844 57.53200149536133
v 269.8240051269531 242.14599609375 129.0959930419922
v 251.6230010986328 236.88499450683594 116.76599884033203
v 250.35800170898438 236.27000427246094 112.62999725341797
v 293.8179931640625 237.2449951171875 62.36029815673828
v 293.8689880371094 235.875 61.451698303222656
v 278.63299560546875 253.38400268554688 85.14510345458984
v 277.635009765625 252.08299255371094 87.31510162353516
v 257.69500732421875 239.58900451660156 84.28970336914062
v 310.97900390625 248.98699951171875 92.22530364990234
v 291.1419982910156 255.86500549316406 57.28329849243164
v 265.8089904785156 241.24899291992188 73.76789855957031
v 291.7090148925781 227.30099487304688 62.86050033569336
v 271.4010009765625 211.08999633789062 60.250301361083984
v 271.22900390625 210.36700439453125 56.230098724365234
v 278.3479919433594 207.7030029296875 49.99129867553711
v 250.5030059814453 251.23800659179688 120.197998046875
v 305.6789855957031 243.1790008544922 106.14900207519531
v 288.0350036621094 241.59100341796875 65.53250122070312
v 287.63800048828125 242.21400451660156 63.89780044555664
v 290.16400146484375 220.7259979248047 25.50189971923828
v 292.08099365234375 218.927001953125 27.19499969482422
v 282.75 233.8179931640625 60.79999923706055
v 301.8559875488281 239.8939971923828 108.88700103759766
v 289.1310119628906 239.75900268554688 66.75360107421875
v 309.87200927734375 254.72500610351562 97.15270233154297
v 309.7950134277344 254.95399475097656 92.67430114746094
v 265.64801025390625 250.41900634765625 133.98800659179688
v 266.260986328125 252.60699462890625 135.1909942626953
v 281.9649963378906 231.23500061035156 87.30919647216797
v 283.4389953613281 231.35400390625 85.9115982055664
v 265.1860046386719 220.42300415039062 59.052398681640625
v 263.7699890136719 221.697998046875 54.810699462890625
v 289.5159912109375 262.614990234375 128.17799377441406
v 280.3110046386719 232.8780059814453 81.6500015258789
v 281.7669982910156 237.98500061035156 85.42019653320312
v 247.76600646972656 243.47500610351562 103.71800231933594
v 290.37200927734375 239.79299926757812 64.27619934082031
v 249.4969940185547 238.58799743652344 115.91699981689453
v 306.57598876953125 220.677001953125 56.84519958496094
v 302.4150085449219 216.42300415039062 58.0625
v 307.781005859375 256.4280090332031 84.63249969482422
v 279.3429870605469 234.86500549316406 79.45850372314453
v 278.9070129394531 235.8979949951172 79.9572982788086
v 247.5780029296875 241.72799682617188 111.47200012207031
v 278.1340026855469 248.03399658203125 94.16639709472656
v 277.3999938964844 248.75 94.26190185546875
v 273.02801513671875 214.58999633789062 66.82830047607422
v 291.8290100097656 237.90499877929688 66.25800323486328
v 296.1700134277344 224.14700317382812 101.96299743652344
v 292.8869934082031 259.70001220703125 68.09459686279297
v 279.4389953613281 209.44200134277344 67.17849731445312
v 286.73199462890625 223.79299926757812 77.14800262451172
v 285.67999267578125 224.1490020751953 70.25520324707031
v 286.27099609375 223.93899536132812 67.00540161132812
v 264.6889953613281 242.10899353027344 75.87079620361328
v 263.9649963378906 241.3699951171875 80.21630096435547
v 294.18701171875 214.79100036621094 91.05580139160156
v 289.32501220703125 213.62600708007812 91.58350372314453
v 250.32200622558594 248.40899658203125 92.67579650878906
v 296.8909912109375 241.7969970703125 36.01729965209961
v 285.135986328125 261.2569885253906 66.32219696044922
v 287.9739990234375 260.875 66.70700073242188
v 278.3450012207031 220.1929931640625 26.639699935913086
v 286.114013671875 239.01300048828125 72.06159973144531
v 263.8340148925781 223.60499572753906 50.310001373291016
v 265.1050109863281 222.85699462890625 45.90230178833008
v 284.00799560546875 223.12399291992188 65.7925033569336
v 299.12200927734375 264.1650085449219 118.875
v 263.11700439453125 235.81399536132812 95.57730102539062
v 269.34600830078125 245.84800720214844 93.44450378417969
v 275.74700927734375 249.08399963378906 90.79620361328125
v 285.75799560546875 250.92100524902344 85.47979736328125
v 294.54901123046875 244.36000061035156 37.79140090942383
v 311.5840148925781 244.8719940185547 63.3129997253418
v 304.52099609375 257.5509948730469 79.279296875
v 254.11700439453125 241.55999755859375 86.73829650878906
v 263.6090087890625 238.83599853515625 93.9175033569336
v 286.2090148925781 226.66099548339844 85.94960021972656
v 303.8070068359375 261.7070007324219 94.80570220947266
v 307.32598876953125 258.75 93.74420166015625
v 275.0010070800781 212.6060028076172 82.29979705810547
v 275.02801513671875 264.5419921875 132.35699462890625
v 279.25 223.64500427246094 25.815099716186523
v 291.30999755859375 236.94700622558594 60.93669891357422
v 255.18800354003906 249.23899841308594 76.10050201416016
v 257.1050109863281 260.8059997558594 103.65699768066406
v 265.8840026855469 246.2010040283203 131.5290069580078
v 270.989990234375 242.81199645996094 43.26430130004883
v 281.60400390625 221.41700744628906 80.58999633789062
v 273.13800048828125 247.4949951171875 87.11129760742188
v 251.5590057373047 233.2270050048828 101.46700286865234
v 277.4549865722656 221.6179962158203 99.85330200195312
v 272.85699462890625 222.61300659179688 61.70479965209961
v 279.6910095214844 268.87200927734375 95.30370330810547
v 281.6549987792969 268.1080017089844 90.1760025024414
v 276.8160095214844 245.50900268554688 95.96189880371094
v 273.2130126953125 241.55799865722656 39.437599182128906
v 281.0379943847656 232.5709991455078 86.01959991455078
v 284.89300537109375 242.072998046875 66.0719985961914
v 283.7250061035156 242.02200317382812 63.01430130004883
v 291.48699951171875 252.33200073242188 125.67400360107422
v 274.3489990234375 212.19500732421875 72.59809875488281
v 276.3450012207031 254.03399658203125 81.83699798583984
v 288.4670104980469 233.05099487304688 82.75640106201172
v 294.3580017089844 233.44400024414062 79.25199890136719
v 291.9859924316406 216.2239990234375 29.412599563598633
v 262.802001953125 239.5709991455078 82.21710205078125
v 275.3909912109375 223.53199768066406 28.688199996948242
v 269.2900085449219 236.5489959716797 40.622501373291016
v 260.45098876953125 249.51600646972656 64.30950164794922
v 288.61700439453125 217.69000244140625 99.34120178222656
v 274.74700927734375 225.7429962158203 96.38030242919922
v 265.0559997558594 241.10499572753906 87.97789764404297
v 259.875 262.3299865722656 101.63500213623047
v 274.8139953613281 243.5500030517578 71.60230255126953
v 273.1570129394531 241.26600646972656 70.47650146484375
v 284.04901123046875 207.40499877929688 45.32550048828125
v 290.364990234375 232.93499755859375 83.09639739990234
v 290.12799072265625 210.99200439453125 36.7677001953125
v 274.77899169921875 229.5469970703125 115.30999755859375
v 284.39599609375 264.8819885253906 130.2530059814453
v 296.9840087890625 264.1910095214844 121.75
v 263.8299865722656 255.32400512695312 65.70040130615234
v 274.0469970703125 214.677001953125 71.68109893798828
v 282.46600341796875 247.44000244140625 75.91380310058594
v 282.9289855957031 229.70199584960938 86.87370300292969
v 284.9119873046875 229.5189971923828 86.36190032958984
v 307.5820007324219 258.6319885253906 105.11799621582031
v 270.16400146484375 222.7779998779297 35.05390167236328
v 293.2749938964844 248.3509979248047 42.515098571777344
v 275.97698974609375 218.55499267578125 82.77149963378906
v 295.2539978027344 260.3160095214844 72.88760375976562
v 291.70098876953125 233.1320037841797 82.34600067138672
v 295.510986328125 246.0959930419922 40.670799255371094
v 273.6919860839844 238.63499450683594 62.98590087890625
v 286.9119873046875 251.18800354003906 46.097198486328125
v 291.25299072265625 250.53700256347656 44.944801330566406
v 292.5119934082031 230.4929962158203 66.19190216064453
v 292.57501220703125 228.39199829101562 65.00489807128906
v 282.8529968261719 268.53900146484375 127.00599670410156
v 265.5679931640625 217.1790008544922 46.93939971923828
v 274.1789855957031 221.0570068359375 30.01099967956543
v 278.9020080566406 228.9320068359375 60.79999923706055
v 274.6080017089844 247.4810028076172 74.56539916992188
v 276.0090026855469 235.33599853515625 32.170101165771484
v 308.99200439453125 243.75399780273438 53.24470138549805
v 293.5610046386719 237.3990020751953 64.39530181884766
v 280.7250061035156 219.95700073242188 25.621000289916992
v 279.3760070800781 218.08799743652344 26.90730094909668
v 287.05999755859375 245.1020050048828 36.98189926147461
v 284.3500061035156 224.38600158691406 61.33620071411133
v 291.1300048828125 230.78900146484375 60.8390998840332
v 279.1659851074219 234.56100463867188 82.93049621582031
v 286.8110046386719 256.27801513671875 130.08599853515625
v 284.7850036621094 257.70599365234375 131.1739959716797
v 268.6759948730469 228.44900512695312 98.41709899902344
v 274.4739990234375 244.94400024414062 42.27899932861328
v 264.3680114746094 235.90899658203125 59.83359909057617
v 265.22698974609375 236.6540069580078 47.91189956665039
v 272.40899658203125 241.93699645996094 72.07820129394531
v 271.7439880371094 221.052001953125 32.726200103759766
v 288.4809875488281 239.08299255371094 60.99359893798828
v 284.802001953125 237.6739959716797 76.0988998413086
v 291.4169921875 229.81900024414062 84.33679962158203
v 307.1419982910156 243.3509979248047 48.45790100097656
v 291.62200927734375 232.8459930419922 83.6395034790039
v 287.86700439453125 212.38600158691406 88.63619995117188
v 285.4570007324219 213.0760040283203 91.90519714355469
v 281.85101318359375 229.59800720214844 114.16200256347656
v 281.9419860839844 226.7050018310547 111.33499908447266
v 276.90301513671875 214.98899841308594 88.6698989868164
v 268.81500244140625 254.1280059814453 135.63600158691406
v 267.8689880371094 232.6060028076172 117.96399688720703
v 262.9169921875 234.00900268554688 118.38300323486328
v 304.3710021972656 263.0840148925781 104.26599884033203
v 305.656005859375 261.0379943847656 107.76000213623047
v 281.03399658203125 232.50799560546875 82.90979766845703
v 261.10400390625 246.4199981689453 62.18080139160156
v 254.04299926757812 254.63499450683594 123.7760009765625
v 263.3919982910156 251.61399841308594 134.14199829101562
v 255.3780059814453 251.50100708007812 128.6750030517578
v 268.7149963378906 244.8939971923828 91.18190002441406
v 273.9909973144531 214.36500549316406 69.4218978881836
v 281.1130065917969 252.42599487304688 85.08799743652344
v 279.87799072265625 225.52699279785156 25.615100860595703
v 267.281005859375 242.48199462890625 75.2238998413086
v 268.4200134277344 222.4429931640625 38.087100982666016
v 257.4639892578125 248.17999267578125 130.19400024414062
v 280.6780090332031 232.10400390625 88.29959869384766
v 284.7699890136719 208.95700073242188 68.8489990234375
v 279.7359924316406 221.69200134277344 70.8145980834961
v 275.6839904785156 248.60800170898438 94.99659729003906
v 274.5119934082031 247.12399291992188 95.533203125
v 273.4590148925781 214.8350067138672 33.71179962158203
v 291.4939880371094 233.6719970703125 74.07949829101562
v 303.81298828125 248.72999572753906 111.57499694824219
v 262.9419860839844 242.3159942626953 57.20399856567383
v 274.68701171875 241.1699981689453 67.4354019165039
v 277.2869873046875 248.97300720214844 92.57469940185547
v 303.9700012207031 258.2770080566406 113.96800231933594
v 303.2879943847656 254.5030059814453 114.68199920654297
v 275.4949951171875 219.98899841308594 63.1879997253418
v 248.41700744628906 236.70199584960938 100.28600311279297
v 249.33299255371094 236.5449981689453 97.88839721679688
v 262.86700439453125 241.8419952392578 73.93599700927734
v 285.6910095214844 227.96299743652344 86.38020324707031
v 283.9909973144531 220.61399841308594 103.13500213623047
v 280.4739990234375 219.95399475097656 101.32599639892578
v 309.82598876953125 239.0330047607422 93.88459777832031
v 310.8970031738281 242.97000122070312 91.53250122070312
v 303.5589904785156 264.0069885253906 108.56099700927734
v 249.2689971923828 241.1840057373047 93.0376968383789
v 291.6319885253906 213.4250030517578 32.88719940185547
v 279.9960021972656 235.5970001220703 78.85649871826172
v 282.9519958496094 269.8290100097656 100.3479995727539
v 274.5459899902344 248.24000549316406 89.72370147705078
v 252.34500122070312 251.66299438476562 124.60800170898438
v 254.57699584960938 253.052001953125 126.81800079345703
v 272.15899658203125 239.95700073242188 66.90409851074219
v 305.0979919433594 258.9739990234375 111.74099731445312
v 264.9419860839844 237.1529998779297 96.4021987915039
v 288.2489929199219 259.20001220703125 129.8699951171875
v 294.6679992675781 234.97300720214844 62.030601501464844
v 305.93701171875 222.16299438476562 80.90740203857422
v 307.17498779296875 251.7310028076172 107.01599884033203
v 275.4119873046875 210.04400634765625 62.721099853515625
v 304.63800048828125 222.08399963378906 42.32149887084961
v 269.3320007324219 234.9149932861328 121.26499938964844
v 269.9110107421875 237.6300048828125 124.31999969482422
v 286.4289855957031 242.9669952392578 33.90409851074219
v 291.0570068359375 229.50799560546875 68.35389709472656
v 298.4809875488281 234.46200561523438 108.4280014038086
v 281.2279968261719 233.18299865722656 80.35199737548828
v 299.8210144042969 223.98899841308594 30.87809944152832
v 273.8489990234375 247.5760040283203 91.70999908447266
v 275.8630065917969 267.3399963378906 87.67169952392578
v 286.6700134277344 223.33999633789062 105.91899871826172
v 270.97900390625 260.3680114746094 134.42300415039062
v 259.43499755859375 243.3159942626953 68.1427001953125
v 276.3919982910156 220.5260009765625 93.57209777832031
v 276.84600830078125 220.86000061035156 90.38890075683594
v 309.7550048828125 225.8459930419922 57.442298889160156
v 282.54901123046875 223.2050018310547 61.433101654052734
v 268.1109924316406 244.76400756835938 93.71769714355469
v 266.1759948730469 255.63600158691406 63.33489990234375
v 269.70098876953125 258.2699890136719 64.27539825439453
v 293.7539978027344 233.83999633789062 26.989200592041016
v 248.54800415039062 239.6790008544922 97.28040313720703
v 264.9049987792969 252.3209991455078 134.93299865722656
v 280.1619873046875 250.16700744628906 88.5197982788086
v 277.9729919433594 250.0959930419922 89.44879913330078
v 248.38299560546875 246.2010040283203 112.0790023803711
v 286.2120056152344 208.39500427246094 57.45249938964844
v 280.98699951171875 235.8990020751953 84.9800033569336
v 280.2200012207031 238.19400024414062 79.4375991821289
v 290.31201171875 268.8580017089844 120.01100158691406
v 267.7850036621094 212.93600463867188 47.31909942626953
v 308.1940002441406 224.22000122070312 51.97840118408203
v 294.3699951171875 230.08099365234375 26.080400466918945
v 288.0299987792969 247.63900756835938 80.81559753417969
v 275.1830139160156 217.10400390625 84.59529876708984
v 293.9070129394531 234.00900268554688 61.16299819946289
v 281.5249938964844 223.93099975585938 107.60299682617188
v 277.1440124511719 219.7239990234375 97.30799865722656
v 275.8330078125 222.32400512695312 95.67289733886719
v 278.7869873046875 238.5449981689453 32.34939956665039
v 268.4599914550781 230.68099975585938 97.67389678955078
v 270.6730041503906 229.31700134277344 97.72709655761719
v 292.3909912109375 210.85699462890625 50.612098693847656
v 261.510986328125 230.16600036621094 108.44499969482422
v 308.593994140625 227.85699462890625 85.42960357666016
v 288.60101318359375 248.88099670410156 42.46670150756836
v 306.385986328125 228.43800354003906 38.265899658203125
v 304.6830139160156 224.26499938964844 38.39139938354492
v 301.6730041503906 232.00999450683594 103.52899932861328
v 301.5400085449219 264.7300109863281 103.4520034790039
v 280.2439880371094 234.6909942626953 87.74729919433594
v 273.47900390625 218.2270050048828 31.439800262451172
v 265.1659851074219 243.16600036621094 82.82890319824219
v 301.09100341796875 252.06100463867188 117.17900085449219
v 283.3290100097656 234.3679962158203 81.76409912109375
v 292.84698486328125 242.27499389648438 34.0453987121582
v 291.4179992675781 215.8719940185547 95.28160095214844
v 287.6570129394531 223.89700317382812 80.54930114746094
v 269.0559997558594 260.0610046386719 133.906005859375
v 286.32598876953125 242.96400451660156 81.33350372314453
v 296.44500732421875 232.17300415039062 27.532800674438477
v 297.2770080566406 225.3730010986328 27.8262996673584
v 304.4389953613281 242.2270050048828 42.58729934692383
v 290.8089904785156 232.3350067138672 84.78690338134766
v 293.8810119628906 235.2550048828125 64.99510192871094
v 249.4320068359375 243.65899658203125 91.69999694824219
v 293.7590026855469 239.59100341796875 31.394800186157227
v 289.1080017089844 225.4149932861328 82.37629699707031
v 282.22198486328125 237.2480010986328 29.476600646972656
v 288.27398681640625 241.76600646972656 62.67850112915039
v 273.14599609375 250.56500244140625 76.85160064697266
v 276.260009765625 219.56300354003906 72.70390319824219
v 301.1700134277344 258.3219909667969 118.12000274658203
v 312.40399169921875 246.37899780273438 69.02189636230469
v 255.38299560546875 235.71299743652344 117.697998046875
v 257.72601318359375 238.7030029296875 123.53500366210938
v 254.427001953125 238.0489959716797 121.11199951171875
v 289.2030029296875 257.03399658203125 129.04600524902344
v 278.6449890136719 221.0260009765625 83.59819793701172
v 302.10198974609375 219.55099487304688 40.669898986816406
v 257.6839904785156 260.74798583984375 121.56700134277344
v 259.6409912109375 262.62701416015625 122.3239974975586
v 280.6719970703125 234.23399353027344 79.51580047607422
v 284.125 226.14199829101562 85.52780151367188
v 263.4590148925781 229.5540008544922 101.13500213623047
v 290.4280090332031 226.08700561523438 81.31990051269531
v 278.8290100097656 248.48599243164062 90.00350189208984
v 259.906005859375 258.8800048828125 83.65969848632812
v 261.12298583984375 239.2220001220703 83.71520233154297
v 308.302001953125 246.47900390625 57.17499923706055
v 291.57598876953125 236.75599670410156 28.191099166870117
v 284.13299560546875 250.78500366210938 79.7239990234375
v 285.31500244140625 251.4720001220703 83.45349884033203
v 273.7030029296875 252.44700622558594 80.63259887695312
v 275.3009948730469 227.2220001220703 60.827999114990234
v 295.48699951171875 259.22198486328125 124.35800170898438
v 293.7950134277344 256.3550109863281 125.40799713134766
v 278.2969970703125 247.3730010986328 91.66210174560547
v 277.88299560546875 215.8260040283203 29.22570037841797
v 290.39300537109375 225.7969970703125 62.432701110839844
v 272.0589904785156 241.4149932861328 128.14199829101562
v 294.3760070800781 250.156005859375 45.60350036621094
v 283.4490051269531 227.75999450683594 85.99490356445312
v 286.7879943847656 241.00100708007812 61.31679916381836
v 277.239013671875 218.2209930419922 94.76439666748047
v 264.8529968261719 252.67599487304688 60.93149948120117
v 280.19000244140625 270.91400146484375 106.86199951171875
v 277.093994140625 269.635986328125 100.03500366210938
v 298.5409851074219 217.56199645996094 92.50700378417969
v 272.1780090332031 248.3730010986328 48.768699645996094
v 301.864013671875 243.99200439453125 42.29029846191406
v 271.5360107421875 246.5240020751953 91.49099731445312
v 301.2090148925781 246.79200744628906 45.73970031738281
v 278.8529968261719 259.54998779296875 133.53700256347656
v 264.2909851074219 226.68699645996094 57.57929992675781
v 281.6520080566406 238.30599975585938 77.03959655761719
v 310.3110046386719 231.75599670410156 83.4677963256836
v 309.5249938964844 228.51800537109375 78.42400360107422
v 288.3630065917969 224.00100708007812 64.52989959716797
v 280.82598876953125 216.031005859375 27.580299377441406
v 283.3429870605469 216.45899963378906 26.833099365234375
v 296.0530090332031 266.37701416015625 120.20099639892578
v 304.9739990234375 231.8800048828125 98.53510284423828
v 284.760009765625 245.26300048828125 76.16439819335938
v 278.1239929199219 223.3419952392578 87.93319702148438
v 288.5509948730469 225.35499572753906 74.2322998046875
v 254.78799438476562 258.1199951171875 117.03399658203125
v 267.5639953613281 227.50999450683594 109.05699920654297
v 280.4460144042969 252.92799377441406 83.5958023071289
v 264.8810119628906 243.38800048828125 52.74150085449219
v 296.72698974609375 267.7130126953125 115.64399719238281
v 303.0679931640625 220.31100463867188 89.45819854736328
v 263.4119873046875 263.97601318359375 126.14199829101562
v 308.260009765625 230.8470001220703 42.47140121459961
v 300.3080139160156 254.40499877929688 118.70899963378906
v 292.2919921875 226.95899963378906 106.46600341796875
v 303.36199951171875 251.2689971923828 113.53700256347656
v 289.1080017089844 209.56500244140625 69.33370208740234
v 275.24700927734375 218.98599243164062 65.66819763183594
v 299.5769958496094 215.04200744628906 66.18599700927734
v 287.58599853515625 211.13099670410156 84.73049926757812
v 278.69000244140625 237.3090057373047 122.4209976196289
v 306.27899169921875 233.4320068359375 37.86669921875
v 251.35800170898438 253.70799255371094 112.66899871826172
v 253.21800231933594 256.87799072265625 112.26300048828125
v 258.35400390625 251.10699462890625 131.18099975585938
v 258.135986328125 253.47300720214844 130.41299438476562
v 295.99200439453125 213.1230010986328 46.26430130004883
v 288.79400634765625 226.03199768066406 69.7511978149414
v 259.45599365234375 239.19900512695312 82.46260070800781
v 252.4929962158203 242.16099548339844 87.32749938964844
v 292.4219970703125 234.7530059814453 66.70020294189453
v 260.2330017089844 261.7439880371094 124.96299743652344
v 287.34100341796875 209.58799743652344 37.49769973754883
v 280.5360107421875 227.15499877929688 87.63619995117188
v 267.7690124511719 252.16000366210938 134.802001953125
v 300.64599609375 247.13099670410156 115.06999969482422
v 299.4599914550781 239.99200439453125 35.61669921875
v 280.22601318359375 237.67799377441406 81.1812973022461
v 303.6600036621094 237.8780059814453 37.08440017700195
v 288.70098876953125 224.61300659179688 62.01430130004883
v 254.8979949951172 240.8000030517578 124.322998046875
v 270.32000732421875 251.77000427246094 55.180301666259766
v 279.8699951171875 221.76100158691406 25.629499435424805
v 259.0469970703125 235.93099975585938 120.2750015258789
v 292.12200927734375 257.0830078125 61.475399017333984
v 304.2749938964844 244.33900451660156 45.3848991394043
v 279.36199951171875 245.74000549316406 90.91419982910156
v 268.45098876953125 226.53900146484375 106.05899810791016
v 281.4110107421875 252.04800415039062 78.9845962524414
v 279.364013671875 240.41000366210938 90.99620056152344
v 247.86199951171875 239.96200561523438 101.62000274658203
v 283.9410095214844 264.90899658203125 76.41400146484375
v 285.4570007324219 236.6439971923828 27.948999404907227
v 306.74200439453125 225.58099365234375 42.474098205566406
v 288.19000244140625 248.802001953125 84.283203125
v 294.09698486328125 232.80499267578125 64.96959686279297
v 259.697998046875 246.3249969482422 65.42870330810547
v 284.9309997558594 239.24600219726562 121.7969970703125
v 287.8970031738281 268.8059997558594 99.80879974365234
v 289.72900390625 215.02200317382812 29.29159927368164
v 263.2120056152344 261.5260009765625 128.66400146484375
v 288.2349853515625 208.91900634765625 42.49800109863281
v 264.8179931640625 228.4770050048828 99.88279724121094
v 277.41900634765625 248.11300659179688 95.40809631347656
v 284.2179870605469 250.50799560546875 86.3667984008789
v 293.22100830078125 229.31700134277344 64.38680267333984
v 281.1990051269531 224.55499267578125 84.94779968261719
v 260.9729919433594 252.2969970703125 132.77499389648438
v 275.72900390625 252.53900146484375 133.5070037841797
v 270.8810119628906 253.93899536132812 135.46800231933594
v 279.3269958496094 256.20098876953125 133.36300659179688
v 295.1619873046875 255.21299743652344 124.10900115966797
v 282.89801025390625 214.36099243164062 28.4867000579834
v 257.85400390625 257.1510009765625 86.7583999633789
v 279.2799987792969 251.6649932861328 87.19290161132812
v 291.1310119628906 232.58900451660156 71.6677017211914
v 267.4939880371094 235.36000061035156 97.52839660644531
v 306 221.5 72.96790313720703
v 282.6730041503906 239.8280029296875 85.89620208740234
v 304.9909973144531 246.4929962158203 50.38779830932617
v 275.6610107421875 224.26800537109375 60.945701599121094
v 303.3139953613281 261.53900146484375 114.13300323486328
v 289.8330078125 234.03500366210938 71.92440032958984
v 263.4339904785156 240.59300231933594 63.42900085449219
v 279.2380065917969 265.92498779296875 79.43679809570312
v 268.88299560546875 255.48199462890625 60.90800094604492
v 279.52801513671875 233.3300018310547 83.01100158691406
v 265.25299072265625 217.4250030517578 58.55080032348633
v 288.4570007324219 248.03700256347656 125.322998046875
v 264.4320068359375 218.13099670410156 55.583900451660156
v 271.18798828125 264.2569885253906 77.5416030883789
v 251.69200134277344 254.072998046875 116.62899780273438
v 287.3840026855469 249.8719940185547 85.00489807128906
v 292.6210021972656 229.97300720214844 61.34709930419922
v 273.54400634765625 235.48899841308594 122.2030029296875
v 263.9389953613281 227.18499755859375 98.48889923095703
v 253.4429931640625 250.54400634765625 126.6500015258789
v 312.3070068359375 242.54400634765625 84.98419952392578
v 287.5989990234375 267.1189880371094 126.677001953125
v 267.2229919433594 220.39500427246094 61.720001220703125
v 297.552001953125 218.0540008544922 94.99210357666016
v 263.9649963378906 230.52000427246094 98.12860107421875
v 275.90899658203125 233.26699829101562 60.845001220703125
v 305.8689880371094 255.00100708007812 110.1240005493164
v 285.9339904785156 233.3769989013672 25.955699920654297
v 257.2250061035156 255.25399780273438 127.81500244140625
v 274.0889892578125 212.8260040283203 78.96900177001953
v 274.635986328125 249.7530059814453 75.54789733886719
v 293.33599853515625 254.08700561523438 125.24500274658203
v 292.6820068359375 231.6020050048828 73.55439758300781
v 291.21600341796875 230.531005859375 72.5979995727539
v 312.96099853515625 239.39199829101562 61.57040023803711
v 306.718994140625 257.45098876953125 108.3759994506836
v 304.3699951171875 219.29800415039062 68.94889831542969
v 266.6610107421875 221.08999633789062 42.02939987182617
v 274.9280090332031 229.87399291992188 60.801700592041016
v 289.5849914550781 235.30799865722656 70.47489929199219
v 307.08599853515625 249.1199951171875 61.54949951171875
v 283.6940002441406 251.8679962158203 85.10379791259766
v 260.35198974609375 234.2469940185547 95.12100219726562
v 263.9389953613281 227.18499755859375 98.42960357666016
v 291.1210021972656 232.66900634765625 68.03459930419922
v 276.74200439453125 252.6230010986328 50.96099853515625
v 279.77801513671875 233.70199584960938 80.1698989868164
v 285.46099853515625 231.281005859375 85.74759674072266
v 280.54901123046875 210.12600708007812 83.66940307617188
v 295.61700439453125 230.5399932861328 107.67500305175781
v 299.3659973144531 216.14700317382812 43.37009811401367
v 266.63800048828125 213.53399658203125 50.59489822387695
v 282.0570068359375 262.21099853515625 132.02000427246094
v 291.0740051269531 250.22900390625 124.73699951171875
v 269.21600341796875 214.28599548339844 39.65510177612305
v 273.2239990234375 247.04100036621094 89.51629638671875
v 284.59698486328125 208.4770050048828 39.7765998840332
v 311.1759948730469 243.11599731445312 58.0443000793457
v 292.3559875488281 217.57899475097656 98.02559661865234
v 265.5379943847656 241.92999267578125 93.60240173339844
v 252.08700561523438 248.7469940185547 125.28500366210938
v 281.5880126953125 238.82699584960938 80.32219696044922
v 258.95001220703125 243.03700256347656 75.65859985351562
v 289.0050048828125 231.52699279785156 85.65499877929688
v 275.489990234375 253.40899658203125 80.0604019165039
v 283.7569885253906 210.7100067138672 85.18280029296875
v 286.0880126953125 245.16000366210938 85.6875
v 279.09100341796875 214.11900329589844 90.8147964477539
v 282.5849914550781 236.50799560546875 77.36669921875
v 271.7829895019531 243.1999969482422 73.69309997558594
v 256.6210021972656 255.29200744628906 83.1707992553711
v 270.2539978027344 268.2139892578125 99.94139862060547
v 298.0580139160156 227.8730010986328 103.71800231933594
v 269.14300537109375 219.01100158691406 63.20790100097656
v 299.93499755859375 240.87399291992188 111.87300109863281
v 291.4179992675781 262.9639892578125 126.46600341796875
v 283.09698486328125 252.23300170898438 83.20950317382812
v 289.9010009765625 233.37100219726562 25.946300506591797
v 304.8760070800781 248.84300231933594 55.46659851074219
v 288.8890075683594 213.14500427246094 31.452999114990234
v 290.10699462890625 228.6529998779297 71.54660034179688
v 276.4360046386719 219.99600219726562 64.5968017578125
v 285.1000061035156 266.8890075683594 128.08900451660156
v 304.27899169921875 262.2279968261719 111.03099822998047

g grp1
usemtl mtl1
f 1117 2 1 
f 1029 1 2 
f 810 4 3 
f 1299 3 4 
f 1453 6 5 
f 814 5 6 
f 149 8 7 
f 864 7 8 
f 1354 10 9 
f 1267 9 10 
f 554 12 11 
f 733 11 12 
f 586 14 13 
f 972 13 14 
f 192 16 15 
f 1449 15 16 
f 1255 18 17 
f 1284 17 18 
f 957 20 19 
f 482 19 20 
f 415 22 21 
f 181 21 22 
f 1420 24 23 
f 65 23 24 
f 1080 26 25 
f 1001 25 26 
f 268 28 27 
f 1385 27 28 
f 1065 23 29 
f 1445 29 23 
f 572 31 30 
f 1341 30 31 
f 379 33 32 
f 584 32 33 
f 518 35 34 
f 741 34 35 
f 963 37 36 
f 711 36 37 
f 212 39 38 
f 1109 38 39 
f 1408 41 40 
f 316 40 41 
f 150 43 42 
f 451 42 43 
f 715 45 44 
f 1185 44 45 
f 844 47 46 
f 1015 46 47 
f 466 49 48 
f 1198 48 49 
f 914 51 50 
f 280 50 51 
f 345 11 52 
f 733 52 11 
f 343 54 53 
f 1205 53 54 
f 1013 56 55 
f 343 55 56 
f 787 58 57 
f 930 57 58 
f 258 60 59 
f 1081 59 60 
f 469 62 61 
f 1165 61 62 
f 668 64 63 
f 746 63 64 
f 1445 23 65 
f 246 67 66 
f 1018 66 67 
f 1200 69 68 
f 733 68 69 
f 377 71 70 
f 420 70 71 
f 1106 73 72 
f 1119 72 73 
f 483 75 74 
f 737 74 75 
f 937 73 76 
f 1106 76 73 
f 1345 77 9 
f 491 9 77 
f 949 79 78 
f 1098 78 79 
f 1210 81 80 
f 725 80 81 
f 712 83 82 
f 1157 82 83 
f 202 85 84 
f 327 84 85 
f 1287 87 86 
f 1219 86 87 
f 1085 89 88 
f 1048 88 89 
f 1237 91 90 
f 1257 90 91 
f 618 93 92 
f 418 92 93 
f 713 95 94 
f 634 94 95 
f 1013 55 96 
f 633 96 55 
f 770 98 97 
f 543 97 98 
f 1441 100 99 
f 436 99 100 
f 1104 102 101 
f 1079 101 102 
f 1380 104 103 
f 151 103 104 
f 330 106 105 
f 250 105 106 
f 1064 108 107 
f 1295 107 108 
f 1010 110 109 
f 1472 109 110 
f 1488 112 111 
f 1469 111 112 
f 382 114 113 
f 991 113 114 
f 865 116 115 
f 1100 115 116 
f 1140 118 117 
f 1490 117 118 
f 545 120 119 
f 801 119 120 
f 973 122 121 
f 1039 121 122 
f 1149 121 123 
f 971 123 121 
f 156 125 124 
f 359 124 125 
f 1415 127 126 
f 329 126 127 
f 906 129 128 
f 507 128 129 
f 1401 61 130 
f 330 130 61 
f 102 132 131 
f 833 131 132 
f 895 134 133 
f 1298 133 134 
f 143 136 135 
f 1144 135 136 
f 231 138 137 
f 325 137 138 
f 1161 140 139 
f 514 139 140 
f 85 142 141 
f 718 141 142 
f 125 136 143 
f 1099 145 144 
f 1392 144 145 
f 1496 147 146 
f 729 146 147 
f 135 148 143 
f 337 143 148 
f 1412 150 149 
f 8 149 150 
f 569 103 151 
f 500 153 152 
f 413 152 153 
f 552 155 154 
f 218 154 155 
f 136 125 156 
f 739 158 157 
f 1390 157 158 
f 1404 159 16 
f 1449 16 159 
f 685 161 160 
f 217 160 161 
f 1317 163 162 
f 515 162 163 
f 1154 164 84 
f 202 84 164 
f 547 166 165 
f 226 165 166 
f 1399 168 167 
f 1134 167 168 
f 1170 170 169 
f 915 169 170 
f 1182 172 171 
f 439 171 172 
f 512 174 173 
f 262 173 174 
f 800 176 175 
f 367 175 176 
f 718 178 177 
f 1458 177 178 
f 795 180 179 
f 370 179 180 
f 1006 182 181 
f 21 181 182 
f 1175 184 183 
f 1349 183 184 
f 594 186 185 
f 752 185 186 
f 40 157 187 
f 1246 187 157 
f 809 189 188 
f 1393 188 189 
f 1338 191 190 
f 1489 190 191 
f 907 193 192 
f 16 192 193 
f 1275 195 194 
f 1052 194 195 
f 663 197 196 
f 1346 196 197 
f 593 199 198 
f 716 198 199 
f 390 201 200 
f 38 200 201 
f 1193 203 202 
f 1352 202 203 
f 829 186 204 
f 5 204 186 
f 1318 206 205 
f 1118 205 206 
f 344 208 207 
f 1004 207 208 
f 358 125 143 
f 383 210 209 
f 244 209 210 
f 1073 212 211 
f 38 211 212 
f 570 214 213 
f 340 213 214 
f 1258 216 215 
f 773 215 216 
f 585 217 161 
f 1356 219 218 
f 140 218 219 
f 1105 221 220 
f 783 220 221 
f 312 223 222 
f 317 222 223 
f 373 225 224 
f 1404 224 225 
f 717 226 223 
f 589 223 226 
f 1495 228 227 
f 605 227 228 
f 1327 230 229 
f 1488 229 230 
f 949 232 231 
f 138 231 232 
f 509 234 233 
f 796 233 234 
f 975 236 235 
f 959 235 236 
f 674 152 237 
f 413 237 152 
f 114 196 238 
f 1346 238 196 
f 494 240 239 
f 1115 239 240 
f 350 242 241 
f 285 241 242 
f 209 244 243 
f 510 243 244 
f 1326 246 245 
f 66 245 246 
f 430 110 247 
f 1010 247 110 
f 496 248 6 
f 814 6 248 
f 1470 250 249 
f 106 249 250 
f 1264 252 251 
f 1108 251 252 
f 1167 90 253 
f 1257 253 90 
f 1481 255 254 
f 810 254 255 
f 1124 257 256 
f 1221 256 257 
f 314 258 59 
f 1045 260 259 
f 414 259 260 
f 628 262 261 
f 369 261 262 
f 739 264 263 
f 299 263 264 
f 912 266 265 
f 615 265 266 
f 932 267 182 
f 21 182 267 
f 704 268 27 
f 547 165 269 
f 1092 269 165 
f 503 271 270 
f 566 270 271 
f 740 273 272 
f 976 272 273 
f 745 134 274 
f 894 274 134 
f 252 276 275 
f 665 275 276 
f 401 278 277 
f 363 277 278 
f 419 280 279 
f 1075 279 280 
f 306 282 281 
f 573 281 282 
f 366 284 283 
f 1275 283 284 
f 242 286 285 
f 1071 285 286 
f 17 288 287 
f 407 287 288 
f 757 290 289 
f 1154 289 290 
f 886 292 291 
f 1095 291 292 
f 1316 294 293 
f 536 293 294 
f 1186 296 295 
f 1249 295 296 
f 1337 298 297 
f 1027 297 298 
f 1422 299 264 
f 1314 301 300 
f 602 300 301 
f 1424 303 302 
f 49 302 303 
f 672 305 304 
f 901 304 305 
f 935 306 281 
f 174 308 307 
f 1131 307 308 
f 1248 310 309 
f 1366 309 310 
f 1194 308 311 
f 174 311 308 
f 653 312 222 
f 1072 314 313 
f 770 313 314 
f 40 316 315 
f 1487 315 316 
f 837 24 317 
f 1420 317 24 
f 519 319 318 
f 693 318 319 
f 1250 321 320 
f 1094 320 321 
f 819 192 322 
f 15 322 192 
f 857 324 323 
f 115 323 324 
f 599 137 325 
f 1337 327 326 
f 141 326 327 
f 126 329 328 
f 649 328 329 
f 130 330 105 
f 409 332 331 
f 519 331 332 
f 1354 333 10 
f 1220 10 333 
f 529 258 334 
f 854 334 258 
f 818 336 335 
f 1168 335 336 
f 1118 206 108 
f 534 108 206 
f 506 337 148 
f 188 339 338 
f 1273 338 339 
f 575 340 214 
f 961 342 341 
f 474 341 342 
f 1271 343 56 
f 11 345 344 
f 1373 344 345 
f 1450 79 346 
f 949 346 79 
f 955 348 347 
f 551 347 348 
f 454 350 349 
f 1395 349 350 
f 1428 352 351 
f 1434 351 352 
f 749 154 353 
f 218 353 154 
f 981 355 354 
f 1101 354 355 
f 26 357 356 
f 440 356 357 
f 433 359 358 
f 125 358 359 
f 683 361 360 
f 1083 360 361 
f 104 363 362 
f 278 362 363 
f 1161 364 140 
f 218 140 364 
f 880 366 365 
f 283 365 366 
f 176 368 367 
f 1450 367 368 
f 683 43 150 
f 174 307 369 
f 958 369 307 
f 1235 179 370 
f 825 245 66 
f 1160 372 371 
f 1308 371 372 
f 224 374 373 
f 272 373 374 
f 1138 376 375 
f 1059 375 376 
f 449 378 377 
f 393 377 378 
f 1005 33 379 
f 1156 381 380 
f 883 380 381 
f 935 382 306 
f 113 306 382 
f 472 384 383 
f 511 383 384 
f 397 386 385 
f 293 385 386 
f 1406 388 387 
f 1152 387 388 
f 201 390 389 
f 1178 389 390 
f 957 392 391 
f 950 391 392 
f 1147 394 393 
f 1383 393 394 
f 147 396 395 
f 205 395 396 
f 34 386 397 
f 533 326 141 
f 1402 399 398 
f 606 398 399 
f 278 401 400 
f 1230 400 401 
f 1239 403 402 
f 784 402 403 
f 1176 405 404 
f 961 404 405 
f 1315 406 300 
f 1314 300 406 
f 288 408 407 
f 1016 407 408 
f 763 332 409 
f 1393 339 188 
f 1308 411 410 
f 813 410 411 
f 237 413 412 
f 475 412 413 
f 1444 259 414 
f 21 416 415 
f 1461 415 416 
f 596 418 417 
f 904 417 418 
f 454 419 242 
f 286 242 419 
f 1322 420 71 
f 85 141 327 
f 1136 422 421 
f 740 421 422 
f 802 424 423 
f 893 423 424 
f 865 426 425 
f 1191 425 426 
f 455 428 427 
f 82 427 428 
f 881 429 366 
f 284 366 429 
f 767 110 430 
f 538 432 431 
f 1451 431 432 
f 690 407 433 
f 359 433 407 
f 1164 435 434 
f 111 434 435 
f 850 437 436 
f 682 436 437 
f 1064 107 438 
f 1425 438 107 
f 194 171 439 
f 675 440 357 
f 861 441 266 
f 735 266 441 
f 669 325 442 
f 657 442 325 
f 1043 444 443 
f 761 443 444 
f 1250 445 321 
f 1149 321 445 
f 1353 446 424 
f 447 424 446 
f 438 447 446 
f 1248 271 310 
f 503 310 271 
f 917 448 354 
f 841 354 448 
f 1018 450 449 
f 1139 449 450 
f 453 158 263 
f 739 263 158 
f 43 452 451 
f 985 451 452 
f 1393 453 263 
f 350 454 242 
f 876 220 455 
f 987 455 220 
f 649 457 456 
f 130 456 457 
f 490 459 458 
f 1011 458 459 
f 801 461 460 
f 1434 460 461 
f 1155 462 142 
f 718 142 462 
f 841 464 463 
f 411 463 464 
f 1363 137 465 
f 599 465 137 
f 577 201 389 
f 778 467 466 
f 1239 466 467 
f 369 468 67 
f 1018 67 468 
f 1438 470 469 
f 1116 469 470 
f 1007 472 471 
f 883 471 472 
f 745 474 473 
f 889 473 474 
f 413 153 475 
f 430 475 153 
f 1204 477 476 
f 812 476 477 
f 609 479 478 
f 794 478 479 
f 433 337 480 
f 506 480 337 
f 1500 482 481 
f 1416 481 482 
f 75 483 327 
f 84 327 483 
f 1074 485 484 
f 1290 484 485 
f 1259 487 486 
f 580 486 487 
f 1443 489 488 
f 515 488 489 
f 1010 459 490 
f 736 289 74 
f 1154 74 289 
f 1354 9 491 
f 1405 240 492 
f 494 492 240 
f 1471 494 493 
f 239 493 494 
f 410 496 495 
f 1348 495 496 
f 688 498 497 
f 268 497 498 
f 716 499 198 
f 937 198 499 
f 1443 501 500 
f 153 500 501 
f 850 502 437 
f 1455 437 502 
f 1012 503 255 
f 810 255 503 
f 88 505 504 
f 1294 504 505 
f 1181 131 506 
f 528 506 131 
f 739 157 40 
f 1121 128 507 
f 1078 272 374 
f 1096 261 508 
f 67 508 261 
f 1131 510 509 
f 757 509 510 
f 1235 383 511 
f 867 311 512 
f 174 512 311 
f 813 248 410 
f 496 410 248 
f 866 512 513 
f 173 513 512 
f 219 514 140 
f 297 488 515 
f 1270 517 516 
f 535 516 517 
f 882 17 287 
f 283 439 518 
f 35 518 439 
f 319 519 332 
f 542 521 520 
f 1051 520 521 
f 837 523 522 
f 276 522 523 
f 1190 525 524 
f 1321 524 525 
f 765 527 526 
f 116 526 527 
f 480 506 528 
f 418 530 529 
f 1417 529 530 
f 619 532 531 
f 944 531 532 
f 718 533 141 
f 730 126 534 
f 1357 534 126 
f 1264 276 252 
f 1302 535 517 
f 36 293 536 
f 1392 538 537 
f 431 537 538 
f 1011 540 539 
f 842 539 540 
f 977 541 485 
f 371 485 541 
f 694 543 542 
f 1483 542 543 
f 1053 465 544 
f 599 544 465 
f 53 55 343 
f 618 545 93 
f 530 93 545 
f 166 547 546 
f 660 546 547 
f 942 505 88 
f 433 358 337 
f 143 337 358 
f 1362 548 442 
f 669 442 548 
f 1188 550 549 
f 1067 549 550 
f 195 347 551 
f 996 553 552 
f 1238 552 553 
f 764 554 207 
f 11 207 554 
f 1489 556 555 
f 979 555 556 
f 664 558 557 
f 1487 557 558 
f 69 560 559 
f 1208 559 560 
f 733 562 561 
f 727 561 562 
f 851 564 563 
f 826 563 564 
f 802 423 565 
f 843 565 423 
f 4 270 566 
f 1278 568 567 
f 827 567 568 
f 1289 103 569 
f 709 571 570 
f 872 570 571 
f 1322 31 572 
f 1381 573 282 
f 1332 575 574 
f 1153 574 575 
f 1011 539 576 
f 1113 576 539 
f 972 578 577 
f 1480 577 578 
f 840 580 579 
f 1116 579 580 
f 682 99 436 
f 600 582 581 
f 1457 581 582 
f 763 583 332 
f 319 332 583 
f 1441 585 584 
f 161 584 585 
f 717 14 586 
f 978 588 587 
f 841 587 588 
f 807 590 589 
f 317 589 590 
f 819 592 591 
f 1176 591 592 
f 1310 199 593 
f 185 595 594 
f 1191 594 595 
f 962 597 596 
f 1082 596 597 
f 544 599 598 
f 669 598 599 
f 1035 600 581 
f 330 601 106 
f 249 106 601 
f 928 602 301 
f 1485 603 145 
f 538 145 603 
f 649 605 604 
f 228 604 605 
f 454 349 606 
f 710 606 349 
f 576 608 607 
f 1265 607 608 
f 1352 531 202 
f 85 202 531 
f 318 609 519 
f 478 519 609 
f 1336 611 610 
f 1234 610 611 
f 1259 486 612 
f 723 612 486 
f 300 614 613 
f 1436 613 614 
f 266 616 615 
f 1153 615 616 
f 975 617 236 
f 1102 236 617 
f 835 545 618 
f 1352 619 531 
f 709 570 620 
f 213 620 570 
f 1094 622 621 
f 1173 621 622 
f 1498 624 623 
f 690 623 624 
f 1437 626 625 
f 1008 625 626 
f 1087 68 561 
f 733 561 68 
f 318 627 609 
f 1492 609 627 
f 1096 513 628 
f 173 628 513 
f 1067 630 629 
f 1247 629 630 
f 1235 370 631 
f 1400 631 370 
f 96 633 632 
f 803 632 633 
f 1291 635 634 
f 833 634 635 
f 1011 636 540 
f 853 540 636 
f 364 353 218 
f 1167 253 637 
f 1077 637 253 
f 604 638 328 
f 1276 328 638 
f 674 640 639 
f 1089 639 640 
f 1300 642 641 
f 1319 641 642 
f 1254 644 643 
f 1397 643 644 
f 43 645 452 
f 738 452 645 
f 1040 647 646 
f 786 646 647 
f 457 649 648 
f 329 648 649 
f 1110 479 650 
f 1492 650 479 
f 1190 652 651 
f 990 651 652 
f 578 654 653 
f 312 653 654 
f 1146 656 655 
f 1069 655 656 
f 1360 657 325 
f 1092 659 658 
f 1189 658 659 
f 712 82 428 
f 453 660 158 
f 1390 158 660 
f 603 661 432 
f 1293 432 661 
f 1323 662 645 
f 738 645 662 
f 1486 434 111 
f 696 164 290 
f 1154 290 164 
f 478 331 519 
f 558 664 663 
f 1256 663 664 
f 898 338 665 
f 45 665 338 
f 1175 183 666 
f 1012 666 183 
f 350 241 667 
f 1128 667 241 
f 786 64 668 
f 548 670 669 
f 598 669 670 
f 1281 335 671 
f 1168 671 335 
f 887 672 304 
f 640 674 673 
f 1043 673 674 
f 1018 449 675 
f 440 675 449 
f 1458 677 676 
f 1475 676 677 
f 757 289 234 
f 736 234 289 
f 682 679 678 
f 1296 678 679 
f 541 681 680 
f 978 680 681 
f 99 682 678 
f 1412 683 150 
f 780 685 684 
f 160 684 685 
f 660 547 686 
f 269 686 547 
f 1022 379 687 
f 1037 687 379 
f 946 689 688 
f 498 688 689 
f 480 623 690 
f 999 692 691 
f 646 691 692 
f 897 693 319 
f 1372 695 694 
f 543 694 695 
f 151 104 362 
f 1427 697 696 
f 1174 696 697 
f 685 32 161 
f 584 161 32 
f 292 699 698 
f 129 698 699 
f 58 409 331 
f 830 486 580 
f 1288 701 700 
f 854 700 701 
f 1433 703 702 
f 1137 702 703 
f 798 497 704 
f 268 704 497 
f 1174 706 705 
f 939 705 706 
f 868 708 707 
f 324 707 708 
f 1091 606 710 
f 293 711 385 
f 880 385 711 
f 1060 699 292 
f 428 713 712 
f 94 712 713 
f 275 715 714 
f 1347 714 715 
f 845 716 199 
f 400 18 362 
f 1283 362 18 
f 1092 165 717 
f 226 717 165 
f 876 178 718 
f 941 720 719 
f 1076 719 720 
f 208 313 721 
f 97 721 313 
f 939 722 705 
f 203 705 722 
f 878 724 723 
f 1088 723 724 
f 1251 725 81 
f 933 727 726 
f 562 726 727 
f 35 439 172 
f 905 729 728 
f 1252 728 729 
f 1415 126 730 
f 1184 732 731 
f 889 731 732 
f 52 733 69 
f 1408 40 187 
f 1095 734 291 
f 1014 291 734 
f 616 266 735 
f 74 737 736 
f 163 736 737 
f 962 596 417 
f 985 452 738 
f 422 273 740 
f 118 741 35 
f 1205 743 742 
f 1339 742 743 
f 1253 676 744 
f 1475 744 676 
f 473 134 745 
f 1087 63 746 
f 203 722 747 
f 774 747 722 
f 884 387 748 
f 878 748 387 
f 1142 749 364 
f 353 364 749 
f 780 751 750 
f 932 750 751 
f 766 753 752 
f 185 752 753 
f 1132 214 570 
f 1233 755 754 
f 260 754 755 
f 377 440 449 
f 1083 341 756 
f 745 756 341 
f 234 509 757 
f 1033 759 758 
f 1292 758 759 
f 1379 228 760 
f 1495 760 228 
f 1098 443 761 
f 373 763 762 
f 409 762 763 
f 1093 616 735 
f 39 212 764 
f 902 764 212 
f 753 766 765 
f 355 765 766 
f 702 110 767 
f 1482 769 768 
f 1338 768 769 
f 12 562 733 
f 59 771 770 
f 98 770 771 
f 1124 256 720 
f 1021 720 256 
f 215 773 772 
f 834 772 773 
f 1385 775 774 
f 1332 774 775 
f 593 198 776 
f 937 776 198 
f 1008 626 420 
f 70 420 626 
f 1341 394 777 
f 467 777 394 
f 1187 779 778 
f 1063 778 779 
f 684 751 780 
f 1187 778 781 
f 48 781 778 
f 1351 144 782 
f 1392 782 144 
f 735 783 221 
f 1424 302 784 
f 402 784 302 
f 1434 785 460 
f 199 460 785 
f 646 786 668 
f 409 787 762 
f 1355 762 787 
f 1294 789 788 
f 1120 788 789 
f 528 623 480 
f 309 417 790 
f 904 790 417 
f 1002 791 144 
f 1099 144 791 
f 1189 586 792 
f 960 792 586 
f 400 362 278 
f 397 518 34 
f 130 793 456 
f 605 456 793 
f 838 794 597 
f 1082 597 794 
f 1483 795 179 
f 234 736 796 
f 163 796 736 
f 815 798 797 
f 704 797 798 
f 504 800 799 
f 175 799 800 
f 836 801 120 
f 967 802 565 
f 174 369 262 
f 256 632 803 
f 1465 805 804 
f 1419 804 805 
f 1306 484 806 
f 89 806 484 
f 809 188 807 
f 898 807 188 
f 578 653 808 
f 1217 808 653 
f 589 809 807 
f 3 254 810 
f 1332 574 811 
f 532 811 574 
f 435 812 477 
f 862 814 813 
f 248 813 814 
f 785 815 797 
f 790 817 816 
f 965 816 817 
f 907 819 818 
f 591 818 819 
f 1333 821 820 
f 1130 820 821 
f 999 823 822 
f 915 822 823 
f 115 708 824 
f 1277 824 708 
f 1080 826 825 
f 1158 825 826 
f 355 527 765 
f 1313 828 827 
f 1396 827 828 
f 953 752 829 
f 186 829 752 
f 486 830 723 
f 1391 723 830 
f 868 832 831 
f 1229 831 832 
f 1448 623 833 
f 528 833 623 
f 168 772 834 
f 650 835 618 
f 1232 461 836 
f 801 836 461 
f 590 523 837 
f 930 58 838 
f 478 838 58 
f 1350 840 839 
f 1266 839 840 
f 588 354 841 
f 392 842 540 
f 94 634 132 
f 833 132 634 
f 1329 693 843 
f 908 843 693 
f 1096 844 46 
f 199 785 845 
f 797 845 785 
f 1398 614 846 
f 602 846 614 
f 690 433 480 
f 1041 848 847 
f 269 847 848 
f 20 391 849 
f 524 849 391 
f 1421 582 850 
f 502 850 582 
f 964 564 851 
f 540 853 852 
f 951 852 853 
f 1373 700 854 
f 181 855 571 
f 872 571 855 
f 1326 245 856 
f 1158 856 245 
f 1249 296 458 
f 490 458 296 
f 1484 858 857 
f 869 857 858 
f 596 92 418 
f 1395 860 859 
f 1057 859 860 
f 912 861 266 
f 448 862 464 
f 813 464 862 
f 911 864 863 
f 8 863 864 
f 115 824 865 
f 918 865 824 
f 870 867 866 
f 512 866 867 
f 1254 155 552 
f 913 832 868 
f 977 869 858 
f 129 870 698 
f 866 698 870 
f 1429 27 871 
f 1385 871 27 
f 960 586 13 
f 855 873 872 
f 1324 872 873 
f 1473 874 2 
f 1151 2 874 
f 1492 875 835 
f 120 835 875 
f 1280 89 484 
f 1105 220 876 
f 1495 227 877 
f 105 877 227 
f 251 878 387 
f 1098 879 443 
f 1179 443 879 
f 1086 881 880 
f 366 880 881 
f 1255 882 624 
f 690 624 882 
f 472 209 883 
f 243 883 209 
f 748 839 884 
f 921 884 839 
f 1460 886 885 
f 1020 885 886 
f 657 888 887 
f 672 887 888 
f 732 254 889 
f 3 889 254 
f 1078 891 890 
f 1473 890 891 
f 1482 306 769 
f 113 769 306 
f 94 892 712 
f 83 712 892 
f 275 665 45 
f 1232 710 351 
f 1428 351 710 
f 1207 893 424 
f 134 895 894 
f 1225 894 895 
f 728 897 896 
f 583 896 897 
f 590 807 898 
f 503 270 810 
f 4 810 270 
f 909 764 899 
f 207 899 764 
f 644 901 900 
f 305 900 901 
f 204 814 862 
f 554 764 902 
f 160 903 684 
f 416 684 903 
f 279 286 419 
f 817 790 904 
f 1136 905 896 
f 728 896 905 
f 459 109 636 
f 1253 636 109 
f 870 129 906 
f 993 193 907 
f 1252 908 728 
f 693 728 908 
f 1311 909 899 
f 864 911 910 
f 642 910 911 
f 1146 861 912 
f 1173 832 913 
f 423 893 914 
f 51 914 893 
f 693 897 728 
f 823 916 915 
f 1266 915 916 
f 862 448 917 
f 824 556 918 
f 1489 918 556 
f 947 920 919 
f 426 919 920 
f 1307 884 921 
f 124 923 922 
f 481 922 923 
f 823 63 924 
f 1087 924 63 
f 991 769 113 
f 1226 926 925 
f 1291 925 926 
f 273 422 927 
f 896 927 422 
f 523 665 276 
f 301 929 928 
f 1121 928 929 
f 597 930 838 
f 750 932 931 
f 1388 931 932 
f 916 727 933 
f 238 507 699 
f 129 699 507 
f 1343 934 156 
f 136 156 934 
f 1422 936 935 
f 966 935 936 
f 1285 514 938 
f 1382 938 514 
f 280 419 50 
f 454 50 419 
f 1328 871 939 
f 722 939 871 
f 1171 941 940 
f 719 940 941 
f 968 942 88 
f 1045 259 943 
f 77 943 259 
f 1084 945 944 
f 1105 944 945 
f 1046 931 946 
f 1388 946 931 
f 991 948 947 
f 1060 947 948 
f 1469 637 949 
f 346 949 637 
f 852 951 950 
f 524 950 951 
f 43 952 645 
f 1323 645 952 
f 752 953 766 
f 1101 766 953 
f 745 341 474 
f 1139 784 378 
f 403 378 784 
f 175 367 954 
f 1450 954 367 
f 1109 955 200 
f 284 200 955 
f 933 726 956 
f 29 956 726 
f 391 20 957 
f 324 708 115 
f 1093 735 221 
f 592 819 322 
f 1131 233 958 
f 1446 958 233 
f 201 211 38 
f 1230 235 959 
f 875 836 120 
f 546 189 166 
f 809 166 189 
f 1352 747 619 
f 774 619 747 
f 1066 960 13 
f 340 575 775 
f 1332 775 575 
f 1184 961 405 
f 1294 781 789 
f 1361 789 781 
f 1190 524 951 
f 1366 962 309 
f 417 309 962 
f 1472 110 702 
f 988 963 36 
f 1033 564 964 
f 1055 965 817 
f 232 949 78 
f 382 935 966 
f 916 933 921 
f 1307 921 933 
f 14 223 312 
f 1252 967 908 
f 565 908 967 
f 1048 968 88 
f 316 969 557 
f 1398 557 969 
f 123 971 970 
f 1467 970 971 
f 654 972 14 
f 573 973 445 
f 1149 445 973 
f 1248 974 647 
f 1032 647 974 
f 239 975 493 
f 535 493 975 
f 373 976 763 
f 583 763 976 
f 1202 869 977 
f 753 595 185 
f 14 717 223 
f 1349 57 930 
f 1468 324 857 
f 1286 978 681 
f 1416 20 849 
f 1200 560 69 
f 556 980 979 
f 1305 979 980 
f 978 981 588 
f 354 588 981 
f 1237 90 230 
f 1167 230 90 
f 1263 388 65 
f 1445 65 388 
f 1439 983 982 
f 1464 982 983 
f 1088 612 723 
f 451 985 984 
f 457 984 985 
f 352 859 815 
f 798 815 859 
f 1374 167 986 
f 1465 986 167 
f 428 455 987 
f 536 791 988 
f 1002 988 791 
f 275 45 715 
f 751 267 932 
f 431 128 537 
f 1121 537 128 
f 1499 989 22 
f 855 22 989 
f 992 990 677 
f 1475 677 990 
f 418 529 904 
f 334 904 529 
f 1182 471 381 
f 883 381 471 
f 390 200 284 
f 114 948 991 
f 1016 923 124 
f 990 992 651 
f 1157 651 992 
f 700 345 559 
f 52 559 345 
f 335 993 818 
f 907 818 993 
f 1320 995 994 
f 1195 994 995 
f 553 996 502 
f 1455 502 996 
f 952 360 997 
f 756 997 360 
f 1034 999 998 
f 822 998 999 
f 25 1001 1000 
f 87 1000 1001 
f 1418 1003 1002 
f 988 1002 1003 
f 1110 794 479 
f 721 1004 208 
f 1206 33 1005 
f 571 1006 181 
f 1201 384 1007 
f 472 1007 384 
f 1135 1008 572 
f 1322 572 1008 
f 247 1010 1009 
f 490 1009 1010 
f 576 458 1011 
f 666 1012 255 
f 1242 797 704 
f 1019 1013 760 
f 96 760 1013 
f 393 71 377 
f 734 1015 1014 
f 759 1014 1015 
f 1226 567 926 
f 827 926 567 
f 408 1017 1016 
f 923 1016 1017 
f 1230 516 235 
f 975 235 516 
f 468 450 1018 
f 1495 1019 760 
f 924 916 823 
f 291 1014 1020 
f 759 1020 1014 
f 1482 282 306 
f 803 1022 1021 
f 1076 1021 1022 
f 1378 1024 1023 
f 1245 1023 1024 
f 621 1026 1025 
f 1122 1025 1026 
f 207 11 344 
f 298 1028 1027 
f 1433 1027 1028 
f 533 718 177 
f 1391 878 723 
f 1 1029 146 
f 1496 146 1029 
f 1173 1030 832 
f 1229 832 1030 
f 1182 1007 471 
f 502 600 553 
f 1238 553 600 
f 1422 1031 299 
f 339 299 1031 
f 647 1032 786 
f 1394 786 1032 
f 888 607 672 
f 1265 672 607 
f 1310 119 801 
f 229 435 477 
f 1044 1033 964 
f 564 1033 758 
f 692 999 1034 
f 581 1036 1035 
f 901 1035 1036 
f 687 1037 279 
f 286 279 1037 
f 971 1039 1038 
f 1210 1038 1039 
f 271 1040 566 
f 692 566 1040 
f 1385 774 722 
f 829 862 917 
f 1300 910 642 
f 462 876 718 
f 1407 1042 1041 
f 995 1041 1042 
f 1179 1043 443 
f 223 589 317 
f 1345 743 54 
f 1205 54 743 
f 1143 1044 964 
f 1058 1046 946 
f 1186 1047 296 
f 1222 296 1047 
f 1371 1050 1049 
f 779 1049 1050 
f 171 520 1051 
f 194 1052 520 
f 542 520 1052 
f 1279 1054 1053 
f 465 1053 1054 
f 583 927 896 
f 50 454 399 
f 606 399 454 
f 1288 1055 701 
f 334 701 1055 
f 1295 108 534 
f 821 938 1056 
f 1380 1056 938 
f 860 1058 1057 
f 946 1057 1058 
f 1152 251 387 
f 365 385 880 
f 1386 1059 101 
f 376 101 1059 
f 971 121 1039 
f 948 699 1060 
f 533 1062 1061 
f 703 1061 1062 
f 1328 706 72 
f 1106 72 706 
f 467 778 1063 
f 32 1037 379 
f 1463 902 1065 
f 1073 1065 902 
f 1240 1066 13 
f 963 630 1067 
f 1436 41 1068 
f 1408 1068 41 
f 1130 1069 656 
f 1296 1070 903 
f 1461 903 1070 
f 685 780 1071 
f 285 1071 780 
f 313 208 1072 
f 344 1072 208 
f 212 1073 902 
f 977 485 1074 
f 719 1076 1075 
f 279 1075 1076 
f 1446 233 796 
f 637 1077 346 
f 1450 346 1077 
f 874 149 7 
f 891 1078 611 
f 374 611 1078 
f 1181 1079 102 
f 1143 851 1000 
f 563 1000 851 
f 357 26 1080 
f 843 908 565 
f 60 776 1081 
f 180 1081 776 
f 540 852 392 
f 950 392 852 
f 404 961 1083 
f 341 1083 961 
f 532 574 1084 
f 1153 1084 574 
f 466 48 778 
f 1248 1040 271 
f 806 89 1085 
f 1298 134 473 
f 711 1086 880 
f 739 40 315 
f 1282 114 382 
f 746 68 1087 
f 1261 1088 724 
f 383 209 472 
f 489 639 1089 
f 398 1091 1090 
f 1232 1090 1091 
f 1185 320 1094 
f 513 1096 1095 
f 46 1095 1096 
f 594 5 186 
f 1452 642 1097 
f 911 1097 642 
f 879 1098 368 
f 79 368 1098 
f 1485 145 1099 
f 1114 323 1100 
f 115 1100 323 
f 917 354 1101 
f 236 1102 1017 
f 923 1017 1102 
f 195 1103 1052 
f 542 1052 1103 
f 36 536 988 
f 892 102 1104 
f 221 1105 945 
f 858 541 977 
f 877 105 250 
f 1296 903 160 
f 762 225 373 
f 1400 76 1106 
f 326 533 1061 
f 1203 1107 755 
f 1479 755 1107 
f 1407 847 658 
f 1092 658 847 
f 275 1108 252 
f 348 1109 39 
f 650 618 1110 
f 92 1110 618 
f 1452 1097 127 
f 1474 127 1097 
f 1156 1112 1111 
f 867 1111 1112 
f 576 1113 608 
f 1405 608 1113 
f 1352 203 747 
f 116 1114 1100 
f 1405 1115 240 
f 487 1116 580 
f 1045 754 260 
f 1185 1025 44 
f 1122 44 1025 
f 232 78 761 
f 1098 761 78 
f 1499 22 415 
f 1503 1117 1 
f 1386 148 135 
f 878 251 724 
f 1108 724 251 
f 600 502 582 
f 1344 1118 1064 
f 108 1064 1118 
f 499 716 1119 
f 1241 1119 716 
f 788 1120 176 
f 879 176 1120 
f 761 444 1047 
f 1222 1047 444 
f 1346 1121 507 
f 1044 885 1020 
f 1026 1123 1122 
f 1325 1122 1123 
f 1456 257 1124 
f 1183 1125 992 
f 1157 992 1125 
f 1268 1126 656 
f 1130 656 1126 
f 1301 799 1127 
f 175 1127 799 
f 750 1046 1128 
f 667 1128 1046 
f 314 59 770 
f 1162 1129 981 
f 355 981 1129 
f 1383 71 393 
f 1215 510 1131 
f 566 692 1034 
f 872 1133 1132 
f 1268 1132 1133 
f 636 744 853 
f 1475 853 744 
f 1409 1135 1134 
f 1227 1134 1135 
f 1503 905 1136 
f 1472 702 1137 
f 1265 608 492 
f 1405 492 608 
f 1274 1138 375 
f 730 534 206 
f 1317 784 1139 
f 1451 741 1140 
f 118 1140 741 
f 811 619 774 
f 1262 1141 783 
f 987 783 1141 
f 1161 1142 364 
f 851 1143 964 
f 688 1057 946 
f 934 1145 1144 
f 1059 1144 1145 
f 259 491 77 
f 656 1146 912 
f 393 378 1147 
f 403 1147 378 
f 842 1113 539 
f 216 356 1148 
f 440 1148 356 
f 1430 321 1149 
f 1218 1151 1150 
f 7 1150 1151 
f 616 1093 1153 
f 1084 1153 1093 
f 74 1154 483 
f 84 483 1154 
f 944 462 1155 
f 1388 1006 689 
f 709 689 1006 
f 117 1156 1111 
f 109 459 1010 
f 758 856 1158 
f 365 518 397 
f 991 947 1159 
f 919 1159 947 
f 680 1160 541 
f 371 541 1160 
f 981 978 1162 
f 1286 1162 978 
f 1054 1164 1163 
f 434 1163 1164 
f 761 1047 232 
f 1186 232 1047 
f 418 93 530 
f 487 1166 1165 
f 601 1165 1166 
f 1024 1168 336 
f 895 1170 1169 
f 169 1169 1170 
f 1207 1172 1171 
f 941 1171 1172 
f 683 360 952 
f 913 621 1173 
f 705 696 1174 
f 1259 1166 487 
f 1497 782 406 
f 1314 406 782 
f 1245 591 1176 
f 1184 1177 732 
f 1440 732 1177 
f 1240 1178 1066 
f 1334 1066 1178 
f 1173 622 1030 
f 1430 1030 622 
f 1120 789 1179 
f 673 1179 789 
f 1262 95 1141 
f 713 1141 95 
f 913 1026 621 
f 1418 1180 187 
f 1462 187 1180 
f 506 148 1181 
f 1079 1181 148 
f 1051 1182 171 
f 1037 1071 286 
f 731 889 474 
f 925 441 861 
f 1374 885 1044 
f 1478 749 1142 
f 753 526 595 
f 425 595 526 
f 1496 396 147 
f 399 914 50 
f 1277 980 556 
f 1458 178 1183 
f 427 1183 178 
f 1368 1177 1184 
f 1025 1185 1094 
f 505 942 1187 
f 779 1187 942 
f 1055 817 904 
f 1463 726 562 
f 658 1189 1188 
f 792 1188 1189 
f 1240 577 389 
f 1274 1190 651 
f 1426 1191 426 
f 1221 1192 96 
f 760 96 1192 
f 696 705 1193 
f 203 1193 705 
f 1297 822 170 
f 915 170 822 
f 976 927 583 
f 867 1194 311 
f 463 372 1160 
f 131 1181 102 
f 629 994 1195 
f 1295 1197 1196 
f 1447 1196 1197 
f 803 1021 256 
f 49 303 1198 
f 640 1198 303 
f 1244 1200 1199 
f 746 1199 1200 
f 1051 1201 1007 
f 435 1164 812 
f 1054 812 1164 
f 948 238 699 
f 863 451 984 
f 869 1202 1123 
f 1325 1123 1202 
f 612 1204 1203 
f 476 1203 1204 
f 53 1206 633 
f 1005 633 1206 
f 447 1207 424 
f 1222 1009 490 
f 1244 1208 560 
f 617 1209 1102 
f 1403 1102 1209 
f 692 1040 646 
f 1305 1038 1210 
f 1200 68 746 
f 1329 843 1211 
f 1402 1211 843 
f 1067 1212 37 
f 1086 37 1212 
f 1440 1214 1213 
f 1175 1213 1214 
f 1194 1112 1215 
f 380 1215 1112 
f 1504 1216 1172 
f 1456 1172 1216 
f 1420 23 1217 
f 1065 1217 23 
f 2 1151 1218 
f 190 80 725 
f 86 1219 215 
f 1258 215 1219 
f 544 598 333 
f 670 333 598 
f 1300 1150 910 
f 864 910 1150 
f 670 1220 333 
f 256 1221 632 
f 96 632 1221 
f 1092 847 269 
f 444 412 1222 
f 1009 1222 412 
f 1397 644 1223 
f 900 1223 644 
f 12 554 902 
f 1438 1225 1224 
f 895 1224 1225 
f 861 1226 925 
f 1371 1227 572 
f 1135 572 1227 
f 1019 877 1228 
f 250 1228 877 
f 1467 1229 1030 
f 1284 400 1230 
f 1215 1131 308 
f 1120 1179 879 
f 792 960 1231 
f 1334 1231 960 
f 1453 5 594 
f 1244 560 1200 
f 1491 593 60 
f 776 60 593 
f 461 1232 351 
f 1203 755 1233 
f 610 1234 671 
f 1281 671 1234 
f 785 352 815 
f 1274 651 1157 
f 1036 304 901 
f 1441 742 100 
f 1339 100 742 
f 714 1237 1236 
f 230 1236 1237 
f 119 530 545 
f 1035 1238 600 
f 1147 403 1239 
f 909 39 764 
f 1376 957 19 
f 575 615 1153 
f 716 1242 1241 
f 1429 1241 1242 
f 1132 570 872 
f 1182 1051 1007 
f 1498 1243 624 
f 1255 624 1243 
f 1394 1244 1199 
f 1399 772 168 
f 336 1245 1024 
f 1157 83 1138 
f 1104 1138 83 
f 1380 103 1056 
f 1289 1056 103 
f 1300 1218 1150 
f 1309 1247 1246 
f 1418 1246 1247 
f 576 1249 458 
f 339 1031 1250 
f 573 1250 1031 
f 1482 768 1251 
f 725 1251 768 
f 147 395 1252 
f 967 1252 395 
f 1411 405 1176 
f 1249 576 607 
f 1137 676 1253 
f 1424 1089 303 
f 640 303 1089 
f 901 644 1254 
f 882 1255 17 
f 602 1256 846 
f 664 846 1256 
f 470 1169 579 
f 840 579 1169 
f 1232 836 875 
f 555 1210 80 
f 298 326 1028 
f 1061 1028 326 
f 954 253 1257 
f 356 216 1258 
f 1088 1261 1260 
f 1236 1260 1261 
f 522 1264 1263 
f 1152 1263 1264 
f 226 166 809 
f 916 921 1266 
f 839 1266 921 
f 1202 977 1074 
f 9 1267 743 
f 1339 743 1267 
f 1126 1268 1133 
f 1397 1270 1269 
f 401 1269 1270 
f 1345 1271 943 
f 1493 943 1271 
f 516 535 975 
f 602 614 300 
f 893 1272 51 
f 940 51 1272 
f 1269 401 277 
f 1185 1273 320 
f 1250 320 1273 
f 1186 138 232 
f 720 1021 1076 
f 1138 1274 1157 
f 347 1275 955 
f 284 955 1275 
f 1243 569 151 
f 330 1165 601 
f 1359 1276 638 
f 824 1277 556 
f 1353 802 967 
f 1479 260 755 
f 829 204 862 
f 1313 827 568 
f 1491 60 258 
f 121 1149 973 
f 887 304 1036 
f 549 629 1195 
f 1289 568 1278 
f 812 1054 1279 
f 1048 89 1280 
f 659 1092 717 
f 993 335 1281 
f 1250 1273 339 
f 966 1282 382 
f 391 950 524 
f 1243 1283 1255 
f 18 1255 1283 
f 1228 56 1019 
f 1013 1019 56 
f 526 116 865 
f 400 1284 18 
f 602 928 197 
f 1346 197 928 
f 1389 139 1285 
f 514 1285 139 
f 1472 1253 109 
f 1143 1287 1044 
f 1374 1044 1287 
f 43 683 952 
f 965 1055 1288 
f 1278 1056 1289 
f 309 790 974 
f 1032 974 790 
f 462 944 1105 
f 1348 1048 495 
f 1280 495 1048 
f 1487 558 966 
f 1282 966 558 
f 1280 484 1290 
f 876 462 1105 
f 62 469 1116 
f 1396 635 1291 
f 690 287 407 
f 1108 275 714 
f 47 856 1292 
f 758 1292 856 
f 386 1293 661 
f 963 988 1003 
f 1114 1129 1162 
f 1062 533 177 
f 679 1070 1296 
f 909 348 39 
f 998 822 1297 
f 1395 350 860 
f 667 860 350 
f 1407 658 1188 
f 1064 438 446 
f 1384 1299 1298 
f 1387 1298 1299 
f 342 731 474 
f 1364 985 738 
f 1218 1300 641 
f 431 906 128 
f 1347 1301 91 
f 1127 91 1301 
f 1263 1152 388 
f 1324 1126 1133 
f 1382 514 219 
f 194 283 1275 
f 797 1242 845 
f 716 845 1242 
f 626 1148 70 
f 440 70 1148 
f 648 984 457 
f 918 919 426 
f 879 368 176 
f 1294 505 1187 
f 1223 900 1302 
f 1471 1302 900 
f 1427 290 244 
f 757 244 290 
f 798 688 497 
f 1375 1304 1303 
f 57 1303 1304 
f 1207 1272 893 
f 37 1086 711 
f 1229 1305 980 
f 1074 484 1306 
f 372 463 411 
f 924 727 916 
f 164 1193 202 
f 1290 371 1308 
f 1067 550 1212 
f 1231 1212 550 
f 1246 157 1309 
f 1390 1309 157 
f 1374 986 885 
f 1460 885 986 
f 801 460 1310 
f 199 1310 460 
f 1445 956 29 
f 909 1311 551 
f 1103 551 1311 
f 772 86 215 
f 1386 135 1144 
f 536 294 791 
f 1099 791 294 
f 511 384 1201 
f 1478 1142 1312 
f 1423 1312 1142 
f 1401 130 457 
f 1289 1313 568 
f 1392 929 1314 
f 301 1314 929 
f 1103 195 551 
f 1492 479 609 
f 1328 72 1241 
f 1119 1241 72 
f 1330 1211 1090 
f 398 1090 1211 
f 713 987 1141 
f 826 564 758 
f 1462 1315 1068 
f 613 1068 1315 
f 1420 1217 222 
f 653 222 1217 
f 1485 1316 661 
f 386 661 1316 
f 1424 1317 162 
f 636 1011 459 
f 1358 754 1045 
f 396 1319 1318 
f 1415 1318 1319 
f 200 38 1109 
f 848 995 1320 
f 1107 476 812 
f 1022 1005 379 
f 375 1321 525 
f 1256 197 663 
f 1383 31 1322 
f 1063 779 1050 
f 70 440 377 
f 1447 1221 257 
f 62 1116 487 
f 662 1323 1225 
f 894 1225 1323 
f 820 1126 1324 
f 1377 1122 1325 
f 1043 674 237 
f 1400 697 631 
f 210 631 697 
f 1023 1083 361 
f 1313 569 1243 
f 1410 1306 806 
f 549 1042 1188 
f 1407 1188 1042 
f 1174 1106 706 
f 1260 1327 477 
f 229 477 1327 
f 1429 871 1328 
f 243 380 883 
f 940 1075 51 
f 280 51 1075 
f 1211 1330 1329 
f 627 1329 1330 
f 1235 631 383 
f 210 383 631 
f 1053 544 1331 
f 1354 1331 544 
f 1409 834 625 
f 1437 625 834 
f 1233 249 601 
f 404 1083 1023 
f 938 821 1333 
f 1476 1231 1334 
f 989 1335 873 
f 820 873 1335 
f 1034 4 566 
f 1260 477 1204 
f 937 180 776 
f 1473 1336 874 
f 1414 874 1336 
f 1430 970 1030 
f 1467 1030 970 
f 737 1337 297 
f 991 1159 1338 
f 191 1338 1159 
f 1267 1340 1339 
f 100 1339 1340 
f 954 1127 175 
f 1046 750 931 
f 1151 874 7 
f 1050 30 1341 
f 1324 1133 872 
f 934 1343 1342 
f 1416 1342 1343 
f 611 374 1234 
f 1281 1234 374 
f 771 59 1081 
f 251 1152 1264 
f 719 1075 940 
f 875 1090 1232 
f 217 1296 160 
f 1443 1027 501 
f 1431 501 1027 
f 205 1344 395 
f 967 395 1344 
f 122 1251 81 
f 729 147 1252 
f 343 1345 54 
f 1338 725 768 
f 837 522 24 
f 1263 24 522 
f 591 336 818 
f 238 1346 507 
f 1377 1347 715 
f 1501 1348 496 
f 1237 714 1347 
f 1254 1238 1035 
f 243 510 1215 
f 1303 57 1349 
f 840 1350 580 
f 830 580 1350 
f 1433 1028 703 
f 1061 703 1028 
f 1391 839 748 
f 144 1351 1002 
f 1180 1002 1351 
f 1344 1353 967 
f 491 1331 1354 
f 673 1198 640 
f 1042 549 1195 
f 701 334 854 
f 1336 891 611 
f 1375 1355 1304 
f 787 1304 1355 
f 386 1316 293 
f 756 274 997 
f 894 997 274 
f 643 1356 155 
f 218 155 1356 
f 1344 446 1353 
f 397 385 365 
f 1035 901 1254 
f 534 1357 1295 
f 1197 1295 1357 
f 1104 376 1138 
f 1233 754 1358 
f 369 67 261 
f 1379 1359 638 
f 892 94 132 
f 1186 295 1360 
f 657 1360 295 
f 1385 28 775 
f 1466 775 28 
f 1448 833 635 
f 1039 81 1210 
f 789 1361 673 
f 1198 673 1361 
f 1457 1362 581 
f 1036 581 1362 
f 1005 1022 803 
f 1163 434 1363 
f 1486 1363 434 
f 1458 1183 677 
f 992 677 1183 
f 662 1364 738 
f 1244 965 1208 
f 1288 1208 965 
f 800 788 176 
f 734 1095 46 
f 1382 219 1365 
f 1356 1365 219 
f 1435 1367 1366 
f 962 1366 1367 
f 909 551 348 
f 1411 1369 1368 
f 1177 1368 1369 
f 1108 714 1261 
f 1236 1261 714 
f 840 1169 169 
f 305 1265 1370 
f 492 1370 1265 
f 312 654 14 
f 1501 1371 1348 
f 1049 1348 1371 
f 1084 944 532 
f 853 652 951 
f 1190 951 652 
f 386 34 1293 
f 741 1293 34 
f 1421 670 548 
f 1311 899 1372 
f 1004 1372 899 
f 1085 504 799 
f 1450 368 79 
f 1444 414 1331 
f 1053 1331 414 
f 1114 1162 1286 
f 1394 816 1244 
f 965 1244 816 
f 1072 344 1373 
f 777 467 1063 
f 76 370 180 
f 196 114 1282 
f 1143 87 1287 
f 348 955 1109 
f 823 691 63 
f 668 63 691 
f 1452 1319 642 
f 1493 1045 943 
f 1104 101 376 
f 1404 1375 159 
f 1303 159 1375 
f 1488 111 435 
f 841 448 464 
f 1215 308 1194 
f 1076 1022 687 
f 1404 1355 1375 
f 1477 957 1376 
f 1484 681 858 
f 541 858 681 
f 629 1247 994 
f 1309 994 1247 
f 1333 1285 938 
f 1481 254 732 
f 715 44 1377 
f 1122 1377 44 
f 721 695 1372 
f 402 49 466 
f 606 1091 398 
f 224 1281 374 
f 1237 1347 91 
f 1413 1378 361 
f 1023 361 1378 
f 619 811 532 
f 1426 426 920 
f 604 228 1379 
f 1382 104 1380 
f 1042 1195 995 
f 959 408 288 
f 1245 404 1023 
f 973 1381 122 
f 1251 122 1381 
f 363 104 1382 
f 227 793 105 
f 130 105 793 
f 1341 31 1383 
f 855 181 22 
f 889 1384 473 
f 1298 473 1384 
f 787 57 1304 
f 3 1299 1384 
f 912 1268 656 
f 32 1071 1037 
f 1059 1386 1144 
f 573 1381 973 
f 133 1387 1170 
f 170 1170 1387 
f 182 1006 1388 
f 1054 1163 465 
f 1363 465 1163 
f 192 819 907 
f 1402 398 1211 
f 1443 297 1027 
f 1423 1161 1389 
f 139 1389 1161 
f 1453 594 1191 
f 296 1222 490 
f 1350 839 1391 
f 621 1025 1094 
f 537 929 1392 
f 485 371 1290 
f 571 709 1006 
f 725 1338 190 
f 1175 159 184 
f 1303 184 159 
f 892 1104 83 
f 1458 1062 177 
f 786 1394 64 
f 1199 64 1394 
f 511 179 1235 
f 1308 410 495 
f 1044 1020 1033 
f 759 1033 1020 
f 1079 1386 101 
f 42 863 8 
f 1490 1156 117 
f 1301 806 1085 
f 1492 1330 875 
f 1090 875 1330 
f 827 1396 926 
f 1291 926 1396 
f 1344 1064 446 
f 65 24 1263 
f 1069 1130 821 
f 922 481 1343 
f 1416 1343 481 
f 1356 1397 1269 
f 1001 26 1258 
f 356 1258 26 
f 1291 634 95 
f 412 475 1009 
f 247 1009 475 
f 207 1004 899 
f 1436 614 1398 
f 1101 953 917 
f 829 917 953 
f 86 772 1399 
f 402 466 1239 
f 76 1400 370 
f 1412 361 683 
f 1081 180 795 
f 338 898 188 
f 861 1146 1226 
f 655 1226 1146 
f 914 399 1402 
f 1102 1403 923 
f 481 923 1403 
f 225 1355 1404 
f 625 1008 1135 
f 1480 578 808 
f 1410 1377 1325 
f 283 194 439 
f 1490 172 381 
f 1182 381 172 
f 1458 676 1137 
f 1139 378 449 
f 864 1150 7 
f 1445 388 1406 
f 628 261 1096 
f 954 1077 253 
f 847 1407 1041 
f 1477 1113 842 
f 1477 1376 1405 
f 1115 1405 1376 
f 1272 1207 1171 
f 1462 1408 187 
f 1160 680 587 
f 978 587 680 
f 884 1406 387 
f 1340 436 100 
f 1431 767 430 
f 168 1409 1134 
f 1429 704 27 
f 938 1382 1380 
f 1056 1069 821 
f 525 1190 1274 
f 214 265 615 
f 1325 1306 1410 
f 1365 277 363 
f 244 757 510 
f 114 238 948 
f 1428 349 1395 
f 1376 19 1115 
f 1500 1115 19 
f 1334 960 1066 
f 930 597 1367 
f 962 1367 597 
f 985 1401 457 
f 664 557 1398 
f 724 1108 1261 
f 592 1411 1176 
f 224 1404 193 
f 16 193 1404 
f 1474 1097 911 
f 97 695 721 
f 998 1299 4 
f 1321 1145 1342 
f 934 1342 1145 
f 264 739 315 
f 771 1081 795 
f 138 1360 325 
f 239 1209 617 
f 968 1048 1348 
f 831 980 1277 
f 895 133 1170 
f 342 961 1184 
f 745 274 756 
f 610 1413 1412 
f 361 1412 1413 
f 865 918 426 
f 149 874 1414 
f 323 1114 1286 
f 922 1343 156 
f 803 633 1005 
f 1318 1415 730 
f 1485 1099 294 
f 996 154 749 
f 1196 107 1295 
f 823 999 691 
f 1049 779 942 
f 1333 1389 1285 
f 1342 1416 849 
f 119 1417 530 
f 1002 1180 1418 
f 53 1205 1206 
f 742 1206 1205 
f 1127 1257 91 
f 1469 949 231 
f 1140 906 431 
f 155 1254 643 
f 1460 986 804 
f 1465 804 986 
f 976 373 272 
f 1454 1419 805 
f 1106 1174 1400 
f 697 1400 1174 
f 401 1270 516 
f 543 695 97 
f 1259 1233 601 
f 317 1420 222 
f 759 1015 1292 
f 47 1292 1015 
f 987 220 783 
f 573 445 1250 
f 267 684 416 
f 698 866 513 
f 1340 1220 1421 
f 670 1421 1220 
f 1373 314 1072 
f 1178 1240 389 
f 264 936 1422 
f 904 334 1055 
f 578 972 654 
f 1499 1312 1423 
f 46 1015 734 
f 1397 1223 1270 
f 517 1270 1223 
f 162 1089 1424 
f 227 605 793 
f 1058 667 1046 
f 1175 666 1213 
f 255 1213 666 
f 890 740 1078 
f 272 1078 740 
f 1196 1425 107 
f 1460 1426 920 
f 808 1217 1073 
f 1065 1073 1217 
f 429 1178 390 
f 151 1283 1243 
f 696 290 1427 
f 859 1428 1395 
f 1191 1426 1419 
f 804 1419 1426 
f 1401 985 1364 
f 1241 1429 1328 
f 191 919 918 
f 1378 1168 1024 
f 430 501 1431 
f 1082 1110 92 
f 1474 1432 648 
f 984 648 1432 
f 1431 1027 1433 
f 375 1145 1321 
f 1452 127 1415 
f 1093 945 1084 
f 298 1337 326 
f 461 351 1434 
f 1443 488 297 
f 1282 663 196 
f 1107 1203 476 
f 310 1435 1366 
f 698 513 1095 
f 613 1436 1068 
f 1148 626 1437 
f 5 814 204 
f 1167 637 112 
f 1469 112 637 
f 9 743 1345 
f 1346 928 1121 
f 813 411 464 
f 1225 1438 662 
f 1364 662 1438 
f 288 17 1284 
f 1416 482 20 
f 1464 1439 982 
f 1269 277 1365 
f 97 313 770 
f 498 689 709 
f 794 838 478 
f 1481 1440 1213 
f 33 1441 584 
f 604 1379 638 
f 729 1442 146 
f 1 146 1442 
f 1347 1410 1301 
f 806 1301 1410 
f 1494 1443 500 
f 777 1050 1341 
f 259 1444 491 
f 1331 491 1444 
f 1418 187 1246 
f 958 468 369 
f 1215 380 243 
f 1360 138 1186 
f 886 291 1020 
f 1306 1325 1202 
f 758 1158 826 
f 468 958 1446 
f 664 1398 846 
f 1491 1310 593 
f 42 451 863 
f 630 1003 1418 
f 860 667 1058 
f 1473 891 1336 
f 587 463 1160 
f 1476 1334 429 
f 1178 429 1334 
f 1310 1417 119 
f 1456 1447 257 
f 258 314 854 
f 1373 854 314 
f 1498 623 1448 
f 934 1144 136 
f 1383 1322 71 
f 1369 15 1449 
f 1313 1289 569 
f 954 1450 1077 
f 1326 844 246 
f 508 246 844 
f 859 1057 798 
f 688 798 1057 
f 1293 1451 432 
f 913 868 707 
f 1253 744 636 
f 1271 56 1228 
f 1224 1169 470 
f 1462 1068 1408 
f 1147 467 394 
f 1471 493 1302 
f 535 1302 493 
f 123 1430 1149 
f 1201 1051 521 
f 886 1060 292 
f 1419 1454 1453 
f 6 1453 1454 
f 1322 1008 420 
f 1337 75 327 
f 751 684 267 
f 1478 1455 749 
f 996 749 1455 
f 522 276 1264 
f 898 665 523 
f 659 586 1189 
f 1482 1381 282 
f 1145 375 1059 
f 1477 1405 1113 
f 721 1372 1004 
f 1472 1137 1253 
f 1317 1459 163 
f 796 163 1459 
f 850 1340 1421 
f 1426 1460 804 
f 244 210 1427 
f 697 1427 210 
f 1457 1421 548 
f 1312 1461 1070 
f 1488 435 229 
f 940 1272 1171 
f 1468 869 1123 
f 347 195 1275 
f 262 628 173 
f 267 416 21 
f 1306 1202 1074 
f 1147 1239 467 
f 12 902 1463 
f 983 1439 1464 
f 1413 671 1168 
f 1227 805 1465 
f 225 762 1355 
f 164 696 1193 
f 213 340 1466 
f 775 1466 340 
f 811 774 1332 
f 32 685 1071 
f 546 453 189 
f 1393 189 453 
f 1374 1287 1399 
f 86 1399 1287 
f 1446 1459 450 
f 1139 450 1459 
f 573 1031 281 
f 1422 281 1031 
f 850 436 1340 
f 302 49 402 
f 1393 299 339 
f 1069 1056 1278 
f 1026 1468 1123 
f 1363 231 137 
f 968 1348 1049 
f 1488 1167 112 
f 849 524 1321 
f 1091 710 1232 
f 375 525 1274 
f 1431 1433 767 
f 702 767 1433 
f 342 1184 731 
f 669 599 325 
f 250 1470 1228 
f 1271 1228 1470 
f 305 1471 900 
f 1409 168 834 
f 322 15 1369 
f 28 213 1466 
f 470 579 1116 
f 771 795 98 
f 1483 98 795 
f 825 1158 245 
f 1335 1333 820 
f 871 1385 722 
f 816 1394 1032 
f 191 1159 919 
f 1485 294 1316 
f 737 297 515 
f 1117 890 1473 
f 329 1474 648 
f 652 853 1475 
f 1338 769 991 
f 1203 1259 612 
f 1459 1446 796 
f 629 549 1067 
f 363 1382 1365 
f 430 247 475 
f 1279 1107 812 
f 28 620 213 
f 30 1050 1371 
f 1422 935 281 
f 558 663 1282 
f 102 892 132 
f 1474 329 127 
f 784 1317 1424 
f 1344 205 1118 
f 1087 561 924 
f 727 924 561 
f 800 504 1294 
f 675 825 66 
f 748 878 1391 
f 622 321 1430 
f 562 12 1463 
f 713 428 987 
f 1359 1379 1192 
f 760 1192 1379 
f 29 726 1463 
f 820 1130 1126 
f 969 316 41 
f 1012 1435 310 
f 429 881 1476 
f 1086 1476 881 
f 678 1296 217 
f 1067 37 963 
f 1502 1198 1361 
f 1437 773 216 
f 1294 788 800 
f 956 1307 933 
f 154 996 552 
f 392 1477 842 
f 300 613 1315 
f 1040 1248 647 
f 390 284 429 
f 1076 687 279 
f 66 1018 675 
f 1436 1398 969 
f 790 816 1032 
f 868 831 1277 
f 1320 1309 1390 
f 1455 1478 1070 
f 1312 1070 1478 
f 30 1371 572 
f 1276 1197 1357 
f 1107 1279 1479 
f 414 1479 1279 
f 1484 323 1286 
f 1139 1459 1317 
f 649 456 605 
f 1095 292 698 
f 392 957 1477 
f 1421 1457 582 
f 447 438 1425 
f 249 1358 1470 
f 1493 1470 1358 
f 73 499 1119 
f 835 120 545 
f 766 1101 355 
f 1480 808 211 
f 1073 211 808 
f 867 1112 1194 
f 577 1480 201 
f 211 201 1480 
f 1236 1327 1260 
f 255 1481 1213 
f 1434 352 785 
f 424 802 1353 
f 706 1328 939 
f 239 617 975 
f 1501 805 1227 
f 1502 781 48 
f 58 331 478 
f 969 41 1436 
f 1483 179 511 
f 782 1392 1314 
f 1399 167 1374 
f 269 848 686 
f 1320 686 848 
f 1265 305 672 
f 3 1384 889 
f 1364 61 1401 
f 974 1248 309 
f 941 1124 720 
f 498 709 620 
f 936 264 315 
f 521 1483 511 
f 920 1060 886 
f 1438 1224 470 
f 679 437 1455 
f 1000 563 25 
f 1080 25 563 
f 1451 1293 741 
f 857 323 1484 
f 172 118 35 
f 526 865 425 
f 42 8 150 
f 1495 877 1019 
f 603 1485 661 
f 111 1469 1486 
f 231 1486 1469 
f 869 1468 857 
f 886 1460 920 
f 1489 191 918 
f 1169 1224 895 
f 1134 1227 1465 
f 1114 116 527 
f 1411 1368 405 
f 1184 405 1368 
f 1497 1180 1351 
f 1471 305 1370 
f 1456 1124 1172 
f 941 1172 1124 
f 1406 956 1445 
f 737 515 163 
f 1249 607 888 
f 707 1468 1026 
f 756 360 1083 
f 995 848 1041 
f 596 1082 92 
f 517 1223 1302 
f 411 1308 372 
f 319 583 897 
f 1447 1359 1221 
f 1192 1221 1359 
f 183 1349 1435 
f 1367 1435 1349 
f 1496 641 396 
f 1319 396 641 
f 1419 1453 1191 
f 1199 746 64 
f 285 780 1128 
f 750 1128 780 
f 1468 707 324 
f 1373 345 700 
f 649 604 328 
f 427 178 455 
f 876 455 178 
f 1266 169 915 
f 1383 394 1341 
f 489 162 515 
f 441 925 1262 
f 1291 1262 925 
f 1233 1358 249 
f 657 1362 442 
f 1156 1490 381 
f 529 1417 1491 
f 1310 1491 1417 
f 1262 735 441 
f 1311 1372 694 
f 495 1280 1290 
f 1423 1142 1161 
f 1043 237 444 
f 412 444 237 
f 1499 1461 1312 
f 906 1140 117 
f 650 1492 835 
f 509 233 1131 
f 156 124 922 
f 980 831 1229 
f 1504 1172 1207 
f 555 190 1489 
f 1045 1493 1358 
f 674 1494 152 
f 500 152 1494 
f 87 1143 1000 
f 322 1411 592 
f 1500 19 482 
f 1298 1387 133 
f 1110 1082 794 
f 1053 414 1279 
f 1290 1308 495 
f 843 423 1402 
f 914 1402 423 
f 1481 732 1440 
f 1017 408 236 
f 959 236 408 
f 1432 863 984 
f 929 537 1121 
f 906 1111 870 
f 867 870 1111 
f 1482 1251 1381 
f 544 333 1354 
f 336 591 1245 
f 1294 1187 781 
f 1273 1185 45 
f 729 905 1442 
f 1503 1442 905 
f 427 82 1125 
f 1157 1125 82 
f 1210 979 1305 
f 542 1483 521 
f 224 993 1281 
f 585 99 678 
f 1367 1349 930 
f 1432 911 863 
f 1303 1349 184 
f 1307 956 1406 
f 671 1413 610 
f 1238 1254 552 
f 1060 920 947 
f 674 639 1494 
f 489 1494 639 
f 1230 959 1284 
f 288 1284 959 
f 1176 404 1245 
f 681 1484 1286 
f 518 365 283 
f 557 1487 316 
f 1320 994 1309 
f 1112 1156 380 
f 318 1329 627 
f 1370 492 494 
f 1441 1206 742 
f 1230 401 516 
f 1029 1218 641 
f 1299 998 1297 
f 717 586 659 
f 1148 1437 216 
f 1409 625 1135 
f 1362 1457 548 
f 765 526 753 
f 1462 1497 1315 
f 406 1315 1497 
f 1115 1209 239 
f 1313 1498 828 
f 1448 828 1498 
f 686 1320 1390 
f 295 888 657 
f 1240 13 972 
f 1219 1001 1258 
f 855 989 873 
f 508 67 246 
f 123 970 1430 
f 432 538 603 
f 833 528 131 
f 396 1318 205 
f 1423 1389 1335 
f 1333 1335 1389 
f 546 660 453 
f 359 1016 124 
f 1342 849 1321 
f 945 1093 221 
f 180 937 76 
f 837 317 590 
f 415 1461 1499 
f 1403 1500 481 
f 610 1412 1414 
f 149 1414 1412 
f 1425 1196 1216 
f 1447 1216 1196 
f 73 937 499 
f 641 1496 1029 
f 979 1210 555 
f 1487 966 936 
f 321 622 1094 
f 194 520 171 
f 942 968 1049 
f 1350 1391 830 
f 1297 1387 1299 
f 1336 610 1414 
f 1131 958 307 
f 1473 2 1117 
f 1359 1197 1276 
f 792 550 1188 
f 652 1475 990 
f 1490 118 172 
f 1411 322 1369 
f 81 1039 122 
f 998 4 1034 
f 1392 145 538 
f 126 328 1357 
f 1276 1357 328 
f 686 1390 660 
f 183 1435 1012 
f 1483 543 98 
f 1128 241 285 
f 1249 888 295 
f 1136 896 422 
f 1486 231 1363 
f 1432 1474 911 
f 1132 1268 265 
f 912 265 1268 
f 1050 777 1063 
f 633 55 53 
f 293 36 711 
f 868 1277 708 
f 787 409 58 
f 421 890 1117 
f 1283 151 362 
f 77 1345 943 
f 567 1226 655 
f 355 1129 527 
f 1114 527 1129 
f 620 268 498 
f 206 1318 730 
f 859 352 1428 
f 1111 906 117 
f 997 1323 952 
f 1305 1467 1038 
f 971 1038 1467 
f 531 1155 85 
f 142 85 1155 
f 1387 1297 170 
f 1388 932 182 
f 820 1324 873 
f 463 587 841 
f 602 197 1256 
f 330 61 1165 
f 437 679 682 
f 1337 737 75 
f 427 1125 1183 
f 954 1257 1127 
f 976 273 927 
f 1497 1351 782 
f 700 559 1288 
f 1208 1288 559 
f 47 844 1326 
f 678 217 585 
f 898 523 590 
f 45 338 1273 
f 494 1471 1370 
f 1103 1311 694 
f 1198 1502 48 
f 563 826 1080 
f 575 214 615 
f 1313 1243 1498 
f 1088 1204 612 
f 1449 1175 1214 
f 673 1043 1179 
f 1501 1454 805 
f 1137 703 1062 
f 1327 1236 230 
f 792 1231 550 
f 258 529 1491 
f 489 1089 162 
f 1359 1447 1197 
f 1388 689 946 
f 1247 630 1418 
f 646 668 691 
f 559 52 69 
f 1262 1291 95 
f 260 1479 414 
f 679 1455 1070 
f 825 357 1080 
f 487 1165 62 
f 1465 167 1134 
f 1448 1396 828 
f 1065 29 1463 
f 1175 1449 159 
f 1166 1259 601 
f 1330 1492 627 
f 531 944 1155 
f 1227 1371 1501 
f 193 993 224 
f 1266 840 169 
f 1494 489 1443 
f 1220 1340 1267 
f 1347 1377 1410 
f 1 1442 1503 
f 1212 1476 1086 
f 88 504 1085 
f 1214 1440 1177 
f 230 1167 1488 
f 1233 1259 1203 
f 1467 1305 1229 
f 783 735 1262 
f 1364 469 61 
f 407 1016 359 
f 635 1396 1448 
f 1212 1231 1476 
f 542 1103 694 
f 511 1201 521 
f 1423 1335 989 
f 710 349 1428 
f 1449 1214 1177 
f 963 1003 630 
f 589 226 809 
f 447 1504 1207 
f 1240 972 577 
f 469 1364 1438 
f 1096 508 844 
f 781 1502 1361 
f 1397 1356 643 
f 1209 1500 1403 
f 655 1069 1278 
f 1470 1493 1271 
f 153 501 430 
f 1452 1415 1319 
f 773 1437 834 
f 1369 1449 1177 
f 99 585 1441 
f 343 1271 1345 
f 1501 6 1454 
f 1088 1260 1204 
f 1497 1462 1180 
f 555 80 190 
f 1001 1219 87 
f 903 1461 416 
f 1446 450 468 
f 1386 1079 148 
f 1012 310 503 
f 431 1451 1140 
f 1029 2 1218 
f 1503 1136 421 
f 997 894 1323 
f 1301 1085 799 
f 1026 913 707 
f 263 299 1393 
f 1168 1378 1413 
f 1425 1504 447 
f 620 28 268 
f 1441 33 1206 
f 1191 595 425 
f 1362 887 1036 
f 287 690 882 
f 887 1362 657 
f 989 1499 1423 
f 1278 567 655 
f 1503 421 1117 
f 318 693 1329 
f 1456 1216 1447 
f 357 825 675 
f 890 421 740 
f 496 6 1501 
f 1356 1269 1365 
f 1425 1216 1504 
f 1209 1115 1500 
f 856 47 1326 
f 214 1132 265 
f 1062 1458 1137 
f 315 1487 936 
f 1307 1406 884 
f 704 1429 1242 
f 1220 1267 10 
