#  wavefront obj file written by the visualization toolkit

mtllib liver.mtl

v 160.25999450683594 157.39500427246094 187.45799255371094
v 154.7830047607422 157.7830047607422 187.44200134277344
v 243.85899353027344 176.66400146484375 166.14500427246094
v 237.12899780273438 176.927001953125 169.35000610351562
v 161.67300415039062 179.86500549316406 93.42949676513672
v 165.69500732421875 181.60299682617188 95.66680145263672
v 173.4429931640625 214.218994140625 96.41020202636719
v 173.96099853515625 212.21400451660156 98.13529968261719
v 265.05499267578125 160.73599243164062 122.69499969482422
v 265.3900146484375 158.89700317382812 121.29199981689453
v 177.6649932861328 196.24000549316406 141.6580047607422
v 177.8280029296875 195.6300048828125 140.82899475097656
v 79.09120178222656 250.9029998779297 37.736698150634766
v 81.80719757080078 253.16400146484375 36.29499816894531
v 160.96400451660156 187.17999267578125 121.44100189208984
v 166.19500732421875 189.1739959716797 121.30400085449219
v 185.781005859375 227.63400268554688 162.1479949951172
v 183.91099548339844 226.34300231933594 165.98500061035156
v 127.37799835205078 215.83200073242188 111.58799743652344
v 129.81700134277344 218.3040008544922 108.6449966430664
v 270.32501220703125 181.447998046875 136.7740020751953
v 271.84600830078125 183.29400634765625 138.66900634765625
v 101.14199829101562 286.3349914550781 70.41459655761719
v 104.6989974975586 279.9469909667969 76.68479919433594
v 136.39700317382812 133.25799560546875 113.94200134277344
v 138.58399963378906 135.947998046875 113.13200378417969
v 162.697998046875 218.718994140625 90.40799713134766
v 161.2429962158203 214.27099609375 93.62010192871094
v 195.375 220.2530059814453 141.9810028076172
v 199.7469940185547 218.3070068359375 142.38699340820312
v 178.8459930419922 196.3520050048828 142.2220001220703
v 177.3800048828125 197.55999755859375 143.25
v 184.09100341796875 196.18600463867188 134.28199768066406
v 182.73599243164062 196.3699951171875 134.91900634765625
v 74.96440124511719 164.1929931640625 77.23919677734375
v 72.55889892578125 168.5540008544922 81.27890014648438
v 167.23399353027344 184.21299743652344 99.67759704589844
v 171.34100341796875 181.55599975585938 98.53469848632812
v 167.91299438476562 145.13400268554688 71.41539764404297
v 167.7030029296875 139.30599975585938 65.05039978027344
v 138.48300170898438 143.31399536132812 113.33399963378906
v 139.34500122070312 144.49899291992188 110.56800079345703
v 113.1780014038086 187.84300231933594 99.41899871826172
v 116.02899932861328 186.83700561523438 101.69599914550781
v 65.33360290527344 192.38499450683594 58.9911003112793
v 66.591796875 190.66299438476562 68.19930267333984
v 148.74200439453125 181.0229949951172 123.83300018310547
v 149.10299682617188 178.0030059814453 121.26200103759766
v 171.20899963378906 196.1750030517578 137.4709930419922
v 168.822998046875 195.56399536132812 136.58900451660156
v 227.23599243164062 127.3030014038086 96.95349884033203
v 230.0800018310547 126.12300109863281 97.84230041503906
v 229.18499755859375 181.30799865722656 173.49000549316406
v 226.31900024414062 188.75 176.1790008544922
v 76.31849670410156 275.69500732421875 88.15039825439453
v 79.18720245361328 274.5929870605469 77.08979797363281
v 151.4709930419922 171.052001953125 118.30899810791016
v 151.45399475097656 172.79600524902344 117.36799621582031
v 160.1269989013672 214.9239959716797 117.60399627685547
v 156.26699829101562 216.01699829101562 120.36299896240234
v 199.73699951171875 222.5540008544922 138.99099731445312
v 92.59600067138672 287.4809875488281 66.62460327148438
v 96.20790100097656 289.2449951171875 66.87940216064453
v 65.89669799804688 197.27200317382812 46.28739929199219
v 67.05079650878906 204.43600463867188 43.78020095825195
v 255.18899536132812 203.0800018310547 163.10299682617188
v 257.37799072265625 201.447998046875 162.3699951171875
v 184.17599487304688 229.4770050048828 154.63900756835938
v 186.96400451660156 225.79100036621094 158.2169952392578
v 146.0019989013672 286.1579895019531 105.86799621582031
v 139.61599731445312 282.5 100.82599639892578
v 131.45899963378906 212.6999969482422 120.8010025024414
v 136.86199951171875 211.0469970703125 121.72200012207031
v 237.5590057373047 137.92599487304688 109.26200103759766
v 241.67300415039062 140.56199645996094 110.73400115966797
v 157.3159942626953 183.02000427246094 121.20700073242188
v 157.4459991455078 185.79299926757812 117.11699676513672
v 148.45199584960938 228.39300537109375 82.44110107421875
v 150.36000061035156 231.76300048828125 83.77239990234375
v 102.07099914550781 139.25900268554688 119.48699951171875
v 99.51809692382812 141.7030029296875 129.281005859375
v 197.89599609375 202.29299926757812 145.26400756835938
v 198.76600646972656 202.02000427246094 146.50100708007812
v 108.9530029296875 193.39300537109375 84.38839721679688
v 106.80699920654297 190.84800720214844 80.70359802246094
v 105.40599822998047 195.44500732421875 63.50360107421875
v 108.91899871826172 193.12600708007812 66.57319641113281
v 169.66200256347656 182.68699645996094 138.32200622558594
v 170.01800537109375 185.21400451660156 139.26800537109375
v 180.86700439453125 238.38999938964844 143.01699829101562
v 182.66700744628906 237.48800659179688 150.33099365234375
v 126.75900268554688 232.0850067138672 75.16459655761719
v 129.54400634765625 228.17300415039062 76.54720306396484
v 99.0208969116211 303.63800048828125 95.43350219726562
v 104.51000213623047 306.0469970703125 93.55010223388672
v 119.43699645996094 235.1739959716797 68.55599975585938
v 120.08999633789062 230.15499877929688 66.30079650878906
v 84.25430297851562 278.364013671875 69.81279754638672
v 87.90670013427734 278.45001220703125 62.04029846191406
v 233.5229949951172 161.01400756835938 129.60400390625
v 238.51600646972656 163.53799438476562 133.5070037841797
v 148.3159942626953 174.2010040283203 122.55599975585938
v 147.26300048828125 171.60899353027344 124.21199798583984
v 108.5469970703125 146.4149932861328 60.16619873046875
v 104.83399963378906 141.98199462890625 58.06669998168945
v 72.77839660644531 213.9530029296875 138.65699768066406
v 74.51499938964844 216.11500549316406 147.66700744628906
v 198.4669952392578 199.75599670410156 183.1020050048828
v 193.24899291992188 197.86900329589844 186.2830047607422
v 143.13900756835938 227.0780029296875 115.90699768066406
v 144.54200744628906 223.2169952392578 115.43599700927734
v 263.0870056152344 199.3730010986328 157.23399353027344
v 262.48199462890625 201.90899658203125 157.14100646972656
v 68.35169982910156 182.88800048828125 60.1796989440918
v 67.0344009399414 187.218994140625 54.51810073852539
v 92.92250061035156 298.00799560546875 86.2405014038086
v 93.89070129394531 300.62298583984375 93.51959991455078
v 83.8833999633789 242.2949981689453 28.447799682617188
v 81.53140258789062 240.3560028076172 26.733200073242188
v 136.73199462890625 132.65199279785156 83.16809844970703
v 137.85000610351562 133.9499969482422 75.07659912109375
v 122.79000091552734 189.9340057373047 198.843994140625
v 115.01499938964844 187.13299560546875 195.38800048828125
v 111.13500213623047 141.7830047607422 61.0994987487793
v 106.58100128173828 139.2100067138672 59.958499908447266
v 126.28399658203125 127.79499816894531 148.0760040283203
v 128.59100341796875 125.38899993896484 138.97300720214844
v 108.3949966430664 220.4199981689453 56.51839828491211
v 115.1259994506836 218.6179962158203 61.416099548339844
v 167.39700317382812 219.50100708007812 188.46800231933594
v 174.66700744628906 221.42599487304688 185.30499267578125
v 148.1649932861328 231.8419952392578 112.25599670410156
v 148.10299682617188 233.6320037841797 112.0469970703125
v 269.4169921875 160.4510040283203 127.37799835205078
v 266.9649963378906 155.5 131.41700744628906
v 170.69700622558594 193.36399841308594 135.03700256347656
v 170.69700622558594 193.39599609375 135.03700256347656
v 234.11900329589844 194.77699279785156 152.5030059814453
v 233.87399291992188 198.68899536132812 156.97000122070312
v 148.93699645996094 127.06900024414062 114.55799865722656
v 150.54800415039062 128.0260009765625 109.6719970703125
v 221.32200622558594 188.81100463867188 137.2270050048828
v 224.9340057373047 185.10800170898438 138.19500732421875
v 74.8042984008789 230.97900390625 24.192399978637695
v 76.74569702148438 229.89700317382812 22.793800354003906
v 125.44100189208984 181.06199645996094 199.12399291992188
v 81.30500030517578 281.5169982910156 81.95469665527344
v 255.68800354003906 201.1300048828125 164.30299377441406
v 254.61500549316406 199.21099853515625 165.41200256347656
v 70.43659973144531 181.9499969482422 51.623199462890625
v 156.63299560546875 232.45399475097656 86.72000122070312
v 160.5679931640625 235.5240020751953 90.87039947509766
v 192.3280029296875 206.79800415039062 159.11199951171875
v 189.6490020751953 208.00100708007812 159.968994140625
v 175.55099487304688 176.14300537109375 95.73590087890625
v 176.4459991455078 170.06500244140625 91.51589965820312
v 155.4600067138672 127.20999908447266 97.9291000366211
v 146.18699645996094 131.1009979248047 96.46600341796875
v 185.36399841308594 223.68499755859375 167.04200744628906
v 187.51400756835938 220.2550048828125 167.95599365234375
v 160.86900329589844 270.64300537109375 115.69499969482422
v 165.58599853515625 271.51300048828125 122.20999908447266
v 140.49000549316406 152.16200256347656 117.5009994506836
v 141.76499938964844 154.97999572753906 117.5790023803711
v 183.15699768066406 194.4199981689453 110.83899688720703
v 179.89999389648438 195.49200439453125 112.96900177001953
v 161.38699340820312 141.947998046875 64.60600280761719
v 254.50799560546875 169.08200073242188 157.89199829101562
v 250.1300048828125 173.7570037841797 161.4320068359375
v 121.75499725341797 148.96099853515625 67.28260040283203
v 122.38800048828125 149.66099548339844 63.65999984741211
v 144.55299377441406 165.37399291992188 113.44000244140625
v 143.552001953125 164.84800720214844 114.88300323486328
v 95.4823989868164 181.6269989013672 70.73739624023438
v 95.35220336914062 176.6719970703125 75.58370208740234
v 139.63099670410156 207.53199768066406 119.64800262451172
v 138.38800048828125 157.0260009765625 111.53800201416016
v 138.52000427246094 156.91099548339844 113.81199645996094
v 139.593994140625 151.48500061035156 119.03299713134766
v 139.97999572753906 150.92799377441406 115.51100158691406
v 231.80099487304688 194.8419952392578 173.5030059814453
v 239.18600463867188 191.86900329589844 172.05599975585938
v 88.66729736328125 297.2340087890625 99.70169830322266
v 91.61209869384766 298.2130126953125 107.8759994506836
v 185.5659942626953 219.3730010986328 174.1479949951172
v 182.2469940185547 218.47300720214844 181.03799438476562
v 198.59800720214844 234.2010040283203 135.0570068359375
v 199.30299377441406 234.08299255371094 136.1060028076172
v 89.33219909667969 232.12899780273438 161.49099731445312
v 88.85749816894531 239.11399841308594 157.4029998779297
v 128.53700256347656 216.58799743652344 121.09500122070312
v 129.0449981689453 214.4810028076172 120.61699676513672
v 112.69400024414062 180.9239959716797 97.55419921875
v 114.80400085449219 182.81500244140625 99.39849853515625
v 162.8300018310547 275.5799865722656 121.80599975585938
v 165.98599243164062 272.4739990234375 127.50599670410156
v 112.61100006103516 130.31900024414062 94.9011001586914
v 105.55799865722656 132.45599365234375 91.158203125
v 114.02100372314453 198.95899963378906 85.57949829101562
v 112.51799774169922 196.2830047607422 87.50759887695312
v 113.0459976196289 247.6699981689453 72.25260162353516
v 118.71800231933594 244.8350067138672 74.7240982055664
v 94.20269775390625 149.71299743652344 58.670501708984375
v 97.61530303955078 154.13999938964844 61.38840103149414
v 229.82699584960938 192.27200317382812 148.82200622558594
v 235.80299377441406 189.93499755859375 149.29100036621094
v 117.75700378417969 130.06100463867188 89.25029754638672
v 111.09100341796875 130.7570037841797 86.55919647216797
v 175.21600341796875 209.8280029296875 107.18199920654297
v 175.57699584960938 210.88099670410156 101.80400085449219
v 157.83799743652344 240.2969970703125 91.14330291748047
v 155.9550018310547 237.4239959716797 88.25409698486328
v 66.30829620361328 187.35000610351562 63.046600341796875
v 198.33900451660156 190.09100341796875 119.8239974975586
v 199.0070037841797 187.86000061035156 118.00700378417969
v 120.94200134277344 135.77200317382812 81.60209655761719
v 119.31199645996094 132.61099243164062 82.22750091552734
v 143.93699645996094 299.3420104980469 113.9469985961914
v 143.19000244140625 299.0870056152344 119.45500183105469
v 208.36700439453125 201.8509979248047 147.40499877929688
v 207.79600524902344 201.125 145.48300170898438
v 268.322998046875 168.66900634765625 129.197998046875
v 270.3160095214844 170.1719970703125 130.57000732421875
v 125.08100128173828 212.33999633789062 119.9739990234375
v 124.13899993896484 210.23500061035156 119.72599792480469
v 166.1540069580078 254.6719970703125 158.14999389648438
v 167.39199829101562 246.47500610351562 164.1060028076172
v 125.11599731445312 218.24099731445312 120
v 127.11100006103516 222.4810028076172 120
v 165.0590057373047 192.95799255371094 138.39700317382812
v 252.95700073242188 156.42999267578125 126.59700012207031
v 252.51300048828125 160.93800354003906 131.50599670410156
v 141.01100158691406 152.93699645996094 119.34700012207031
v 82.06790161132812 153.23599243164062 80.6095962524414
v 79.38359832763672 157.54400634765625 90.8407974243164
v 176.84100341796875 196.59300231933594 131.71600341796875
v 177.95599365234375 196.85800170898438 135.0659942626953
v 150.04299926757812 138.22300720214844 56.77239990234375
v 155.23899841308594 140.38600158691406 59.807899475097656
v 110.01200103759766 167.38999938964844 74.75340270996094
v 115.66000366210938 167.593994140625 75.6406021118164
v 88.9093017578125 283.10400390625 66.99169921875
v 93.7145004272461 285.06298828125 64.43679809570312
v 75.31849670410156 224.18299865722656 147.52000427246094
v 72.86540222167969 228.427001953125 142.53799438476562
v 256.7749938964844 156.28900146484375 123.04100036621094
v 259.7179870605469 158.85899353027344 123.94000244140625
v 155.66099548339844 228.44900512695312 184.20199584960938
v 151.927001953125 234.9499969482422 180.06100463867188
v 176.52200317382812 194.39999389648438 142.34100341796875
v 177.91299438476562 195.1300048828125 143.2570037841797
v 185.7010040283203 199.2949981689453 143.29800415039062
v 185.2949981689453 199.28199768066406 144.78500366210938
v 175.6929931640625 197.98199462890625 116.63500213623047
v 174.2209930419922 202.0679931640625 116.83000183105469
v 105.6729965209961 222.18099975585938 180.54200744628906
v 100.79299926757812 219.1580047607422 179.18699645996094
v 80.95760345458984 201.76199340820312 157.50100708007812
v 83.76490020751953 204.89300537109375 162.38600158691406
v 126.7699966430664 223.95599365234375 119.36299896240234
v 125.60099792480469 224.58200073242188 119.1760025024414
v 146.77099609375 139.656005859375 55.758201599121094
v 149.875 142.00900268554688 58.57659912109375
v 72.943603515625 221.90899658203125 27.008800506591797
v 74.86150360107422 224.57400512695312 25.042299270629883
v 189.3090057373047 187.23599243164062 113.4219970703125
v 191.3459930419922 186.7830047607422 113.49500274658203
v 212.1820068359375 204.22799682617188 173.17799377441406
v 218.0050048828125 201.4720001220703 173.11199951171875
v 188.94500732421875 199.8470001220703 144.5659942626953
v 189.1280059814453 199.33900451660156 145.6510009765625
v 129.61300659179688 141.0970001220703 59.72639846801758
v 131.83999633789062 139.07200622558594 65.19239807128906
v 200.4980010986328 190.81300354003906 117.17900085449219
v 197.55799865722656 190.53599548339844 115.8010025024414
v 188.12600708007812 209.28199768066406 106.4729995727539
v 192.36900329589844 207.28599548339844 109.83799743652344
v 190.00100708007812 219.947998046875 151.92799377441406
v 192.87600708007812 218.29600524902344 149.71499633789062
v 142.80299377441406 156.375 186.44900512695312
v 136.34300231933594 155.3939971923828 186.00399780273438
v 183.14199829101562 191.92599487304688 117.61499786376953
v 185.00799560546875 192.19700622558594 117.31300354003906
v 107.15699768066406 186.96600341796875 190.58799743652344
v 105.98799896240234 194.0050048828125 189.78799438476562
v 156.2530059814453 160.6580047607422 132.91299438476562
v 154.07899475097656 158.17799377441406 129.45799255371094
v 215.42300415039062 161.9669952392578 117.18699645996094
v 219.06900024414062 158.01199340820312 117.92900085449219
v 200.7729949951172 214.70199584960938 145.21600341796875
v 119.9010009765625 210.98899841308594 118.87999725341797
v 120.40499877929688 210.6580047607422 119.73500061035156
v 224.3679962158203 159.11099243164062 122.21600341796875
v 229.23300170898438 155.2830047607422 123.4749984741211
v 134.2100067138672 220.9459991455078 121.4990005493164
v 131.75399780273438 223.36399841308594 120.24700164794922
v 121.8489990234375 204.12399291992188 67.74169921875
v 117.59600067138672 206.45700073242188 65.20600128173828
v 101.54399871826172 188.52999877929688 67.78569793701172
v 100.31800079345703 185.68499755859375 71.91419982910156
v 138.8470001220703 181.57000732421875 198.4720001220703
v 131.4759979248047 187.28199768066406 199.7740020751953
v 178.84100341796875 219.76499938964844 102.30000305175781
v 181.4810028076172 218.0659942626953 101.62899780273438
v 190.69500732421875 222.86099243164062 137.48599243164062
v 193.39599609375 224.79100036621094 138.3769989013672
v 126.72200012207031 251.13400268554688 82.74849700927734
v 129.2969970703125 247.7100067138672 81.92379760742188
v 243.3489990234375 132.1179962158203 107.89399719238281
v 242.0399932861328 129.781005859375 108.37200164794922
v 228.92799377441406 200.56500244140625 170.7989959716797
v 232.54299926757812 202.53799438476562 167.02099609375
v 162.44700622558594 163.31700134277344 132.19900512695312
v 165.0760040283203 165.1199951171875 131.9320068359375
v 155.14999389648438 181.1230010986328 136.9199981689453
v 156.51400756835938 179.6439971923828 139.64999389648438
v 99.4542007446289 262.03900146484375 66.47760009765625
v 103.16999816894531 259.34600830078125 70.57740020751953
v 103.63200378417969 154.0279998779297 62.69129943847656
v 103.7699966430664 148.8459930419922 59.69070053100586
v 111.39299774169922 142.99400329589844 168.5709991455078
v 106.60399627685547 148.91400146484375 172.03199768066406
v 123.26799774169922 208.6219940185547 67.67400360107422
v 176.07699584960938 220.1719970703125 99.27629852294922
v 178.7480010986328 218.2030029296875 98.53469848632812
v 123.9020004272461 221.5 119.94300079345703
v 124.50900268554688 223.51600646972656 119.58499908447266
v 154.01199340820312 132.65899658203125 64.96659851074219
v 146.98599243164062 133.2899932861328 67.5602035522461
v 167.9320068359375 213.73699951171875 98.52570343017578
v 163.8560028076172 214.13099670410156 97.3927993774414
v 171.10899353027344 188.3159942626953 140.33200073242188
v 150.84100341796875 181.92300415039062 127.60800170898438
v 151.4290008544922 173.6959991455078 116.60199737548828
v 151.86500549316406 175.92999267578125 117.46399688720703
v 203.66799926757812 201.23899841308594 143.52499389648438
v 202.44900512695312 201.80999755859375 143.3730010986328
v 202.15699768066406 191.27000427246094 114.88200378417969
v 199.1699981689453 192.05099487304688 111.91799926757812
v 200.39599609375 211.2949981689453 115.3949966430664
v 205.42100524902344 209.99200439453125 120.28299713134766
v 204.5919952392578 202.67100524902344 147.302001953125
v 203.30299377441406 202.4810028076172 146.76199340820312
v 123.36900329589844 232.13299560546875 70.30439758300781
v 135.97799682617188 197.32000732421875 108.41799926757812
v 140.20599365234375 197.07000732421875 109.42400360107422
v 156.4219970703125 152.69500732421875 72.70330047607422
v 160.822998046875 147.26100158691406 69.94439697265625
v 73.95719909667969 177.55499267578125 105.02400207519531
v 73.08670043945312 190.39100646972656 103.4739990234375
v 182.79400634765625 247.26499938964844 144.16099548339844
v 181.83700561523438 246.63099670410156 139.0050048828125
v 153.322998046875 130.40899658203125 169.02000427246094
v 142.7010040283203 131.1649932861328 170.69500732421875
v 89.95169830322266 154.91099548339844 129.86399841308594
v 88.55819702148438 159.61900329589844 131.31199645996094
v 140.177001953125 158.89199829101562 116.34200286865234
v 141.27200317382812 159.73899841308594 118.16300201416016
v 103.60399627685547 229.06300354003906 53.45640182495117
v 108.09700012207031 226.35899353027344 56.19350051879883
v 171.0659942626953 213.71400451660156 97.07679748535156
v 73.2135009765625 234.44000244140625 141.98699951171875
v 120.02100372314453 141.1179962158203 176.6649932861328
v 117.30599975585938 140.4459991455078 173.11900329589844
v 69.47720336914062 221.3979949951172 32.020999908447266
v 68.99620056152344 225.06100463867188 34.92839813232422
v 179.00399780273438 129.57000732421875 65.93299865722656
v 177.947998046875 132.66900634765625 64.75019836425781
v 149.58700561523438 231.62399291992188 183.0279998779297
v 141.4720001220703 224.2429962158203 81.73909759521484
v 138.0240020751953 226.3780059814453 81.4207992553711
v 75.68450164794922 269.56201171875 81.04010009765625
v 136.03900146484375 226.95799255371094 113.75399780273438
v 132.57699584960938 224.16600036621094 113.2760009765625
v 81.74009704589844 172.71099853515625 58.61000061035156
v 79.96720123291016 171.04299926757812 61.53580093383789
v 194.02699279785156 179.16000366210938 184.0970001220703
v 193.12600708007812 174.718994140625 182.51400756835938
v 195.14700317382812 198.968994140625 144.09500122070312
v 195.5330047607422 198.88999938964844 142.92999267578125
v 244.8979949951172 169.5500030517578 163.84800720214844
v 242.68499755859375 162.4010009765625 163.20700073242188
v 217.39599609375 119.98100280761719 90.85900115966797
v 220.26600646972656 119.68099975585938 93.65769958496094
v 187.2480010986328 147.21800231933594 85.80400085449219
v 191.35699462890625 149.33799743652344 90.22370147705078
v 132.66000366210938 225.45399475097656 82.5656967163086
v 134.3470001220703 225.3300018310547 83.27799987792969
v 187.48899841308594 199.02000427246094 145.39700317382812
v 110.46299743652344 250.74899291992188 164.947998046875
v 108.47899627685547 255.35499572753906 162.3159942626953
v 138.26100158691406 151.81900024414062 118.14199829101562
v 124.56099700927734 221.52699279785156 116.76200103759766
v 124.01499938964844 223.1179962158203 118.28199768066406
v 146.27099609375 245.7270050048828 87.7406997680664
v 143.49000549316406 241.64999389648438 84.68730163574219
v 77.3021011352539 252.49600219726562 141.26699829101562
v 81.50910186767578 257.1520080566406 143.41200256347656
v 97.98650360107422 224.43299865722656 49.418399810791016
v 102.9020004272461 221.73899841308594 52.648399353027344
v 163.81300354003906 188.5970001220703 116.70099639892578
v 168.43800354003906 189.11500549316406 114.33699798583984
v 136.7050018310547 212.12899780273438 78.53780364990234
v 137.1510009765625 207.86399841308594 78.63130187988281
v 216.27099609375 134.92300415039062 100.76399993896484
v 218.05299377441406 139.4409942626953 104.88400268554688
v 145.2899932861328 158.13600158691406 120.0530014038086
v 145.1199951171875 159.86000061035156 118.08300018310547
v 141.4669952392578 136.7209930419922 58.92340087890625
v 141.85499572753906 138.41099548339844 55.232601165771484
v 211.05499267578125 200.63099670410156 145.28799438476562
v 187.94900512695312 216.5970001220703 163.81900024414062
v 188.6300048828125 213.7830047607422 160.08099365234375
v 139.15199279785156 147.41299438476562 110.83000183105469
v 196.86500549316406 199.3509979248047 143.04600524902344
v 132.8249969482422 128.7989959716797 157.88800048828125
v 266.6839904785156 199.37899780273438 152.44400024414062
v 266.2130126953125 198.67599487304688 154.39599609375
v 156.6320037841797 144.16700744628906 184.0050048828125
v 151.54200744628906 146.92799377441406 185.8719940185547
v 134.28599548339844 301.5820007324219 97.60469818115234
v 138.42599487304688 301.6570129394531 103.03500366210938
v 100.08799743652344 135.27000427246094 93.73660278320312
v 96.15450286865234 138.22000122070312 94.8030014038086
v 120.4990005493164 215.08399963378906 119.8290023803711
v 122.99600219726562 215.3719940185547 120
v 148.927001953125 211.27000427246094 103.2509994506836
v 144.93699645996094 214.49000549316406 105.29299926757812
v 101.36399841308594 133.6699981689453 84.77790069580078
v 98.72450256347656 135.69400024414062 81.03160095214844
v 150.06900024414062 292.5069885253906 111.72200012207031
v 148.66600036621094 290.8890075683594 108.26399993896484
v 142.53500366210938 179.0749969482422 86.00959777832031
v 147.27000427246094 177.12600708007812 86.33080291748047
v 179.1510009765625 196.343994140625 144.8459930419922
v 180.59800720214844 196.09500122070312 144.33799743652344
v 154.9250030517578 134.92799377441406 59.204498291015625
v 150.27200317382812 134.27000427246094 62.16189956665039
v 181.58099365234375 223.3509979248047 174.9029998779297
v 185.79600524902344 221.83099365234375 170.75100708007812
v 185.6060028076172 191.93899536132812 115.33499908447266
v 161.55999755859375 239.98399353027344 95.0510025024414
v 166.12399291992188 233.76699829101562 97.34929656982422
v 126.45800018310547 223.74000549316406 118.09700012207031
v 177.1580047607422 211.6510009765625 99.5436019897461
v 90.25959777832031 225.82400512695312 166.6269989013672
v 95.45580291748047 227.04299926757812 171.031005859375
v 149.41400146484375 224.7310028076172 187.0760040283203
v 191.04400634765625 219.13299560546875 155.63900756835938
v 138.031005859375 144.18600463867188 114.73500061035156
v 189.79400634765625 119.22100067138672 87.79299926757812
v 189.77200317382812 120.2300033569336 81.32599639892578
v 148.76600646972656 235.7899932861328 114.66899871826172
v 149.5279998779297 234.8820037841797 113.08999633789062
v 105.5790023803711 241.46299743652344 168.94900512695312
v 109.56800079345703 243.0189971923828 170.89199829101562
v 126.9520034790039 267.0150146484375 158.10299682617188
v 132.78799438476562 272.8009948730469 153.41299438476562
v 76.23490142822266 282.7170104980469 110.66100311279297
v 83.94509887695312 286.74700927734375 119.69200134277344
v 125.31099700927734 195.61300659179688 105.5979995727539
v 123.34400177001953 193.3090057373047 104.66699981689453
v 221.86000061035156 204.58999633789062 169.81300354003906
v 226.63600158691406 203.8509979248047 167.44000244140625
v 170.98399353027344 187.61599731445312 136.9969940185547
v 87.32640075683594 181.71099853515625 152.68899536132812
v 85.98380279541016 180.38600158691406 141.0659942626953
v 200.87600708007812 129.64100646972656 81.35199737548828
v 204.75999450683594 130.88099670410156 86.6759033203125
v 168.21400451660156 233.08099365234375 176.54299926757812
v 172.95700073242188 231.2689971923828 174.57899475097656
v 157.9459991455078 215.3560028076172 89.70649719238281
v 200.82899475097656 185.28599548339844 115.93099975585938
v 188.3719940185547 218.91700744628906 170.56100463867188
v 189.85800170898438 216.55799865722656 170.73599243164062
v 238.02000427246094 197.68899536132812 155.97900390625
v 117.69000244140625 189.05799865722656 102.38200378417969
v 118.37200164794922 187.15899658203125 102.38600158691406
v 185.90499877929688 166.70399475097656 182.40699768066406
v 176.72999572753906 164.29100036621094 185.468994140625
v 145.83399963378906 166.42599487304688 119.60800170898438
v 144.47799682617188 164.42799377441406 118.84500122070312
v 139.5 208.90199279785156 89.61710357666016
v 136.3350067138672 205.375 89.55359649658203
v 176.1199951171875 155.6739959716797 84.89910125732422
v 182.41400146484375 149.89300537109375 84.94850158691406
v 77.61239624023438 225.572998046875 26.389799118041992
v 78.43340301513672 228.83599853515625 24.068599700927734
v 90.69709777832031 176.20799255371094 168.76300048828125
v 89.96829986572266 175.9199981689453 157.21299743652344
v 214.81100463867188 203.33399963378906 154.11399841308594
v 215.73500061035156 204.9040069580078 158.68600463867188
v 116.86100006103516 196.08799743652344 79.75569915771484
v 115.58799743652344 194.21299743652344 76.1177978515625
v 136.39199829101562 137.80999755859375 61.25519943237305
v 182.5760040283203 197.5919952392578 142.11500549316406
v 181.6269989013672 197.91799926757812 142.35800170898438
v 150.2949981689453 130.86399841308594 73.74909973144531
v 144.43099975585938 166.2270050048828 114.6760025024414
v 79.760498046875 224.38999938964844 30.975099563598633
v 77.6603012084961 222.15199279785156 30.207599639892578
v 180.30599975585938 196.41700744628906 142.2429962158203
v 120.44000244140625 200.18699645996094 85.7571029663086
v 116.86399841308594 200.56700134277344 87.93910217285156
v 69.09660339355469 206.5590057373047 39.049400329589844
v 69.88990020751953 209.83299255371094 36.53499984741211
v 173.94500732421875 189.50399780273438 114.31600189208984
v 176.49000549316406 191.2969970703125 119.95700073242188
v 183.36599731445312 233.85000610351562 153.18499755859375
v 185.8040008544922 233.5070037841797 156.54800415039062
v 132.9720001220703 208.53199768066406 108.25
v 130.85800170898438 202.6020050048828 106.33399963378906
v 207.03700256347656 123.08699798583984 81.58879852294922
v 209.35800170898438 122.1760025024414 83.81050109863281
v 140.0749969482422 153.35699462890625 120.05500030517578
v 103.34300231933594 263.35699462890625 72.60549926757812
v 106.7760009765625 261.3420104980469 75.44210052490234
v 95.74320220947266 148.16600036621094 139.6580047607422
v 92.63639831542969 151.65499877929688 133.66600036621094
v 248.86900329589844 187.05799865722656 166.2100067138672
v 252.38299560546875 185.79800415039062 162.71099853515625
v 112.38099670410156 192.42300415039062 93.04630279541016
v 109.38600158691406 188.8209991455078 92.56819915771484
v 113.06300354003906 197.79100036621094 81.527099609375
v 111.36199951171875 196.593994140625 84.78620147705078
v 67.06500244140625 217.2530059814453 74.09480285644531
v 67.00980377197266 219.822998046875 58.299800872802734
v 250.8209991455078 202.72999572753906 162.42599487304688
v 251.37899780273438 203.87899780273438 164.18600463867188
v 153.57200622558594 183.03900146484375 114.43099975585938
v 153.54400634765625 182.81199645996094 111.38400268554688
v 244.39199829101562 200.29600524902344 171.3939971923828
v 242.67999267578125 195.55499267578125 171.5229949951172
v 127.8219985961914 150.0050048828125 58.82600021362305
v 131.5229949951172 150.30999755859375 59.57389831542969
v 216.3769989013672 137.1490020751953 163.7779998779297
v 216.63299560546875 142.8979949951172 167.031005859375
v 90.55480194091797 170.4040069580078 142.7270050048828
v 269.7049865722656 188.77999877929688 142.2519989013672
v 270.0469970703125 187.52499389648438 143.97900390625
v 156.78799438476562 177.9219970703125 90.91400146484375
v 160.9739990234375 174.65699768066406 89.23040008544922
v 68.24610137939453 226.32699584960938 90.99849700927734
v 69.65229797363281 239.1230010986328 82.25409698486328
v 76.61650085449219 172.47500610351562 49.86800003051758
v 74.69539642333984 175.281005859375 51.76850128173828
v 202.2530059814453 180.718994140625 114.06500244140625
v 207.25599670410156 175.32000732421875 115.1510009765625
v 83.58409881591797 270.3739929199219 59.8213005065918
v 85.37680053710938 268.90301513671875 53.402000427246094
v 212.5959930419922 202.20399475097656 149.77999877929688
v 217.42999267578125 200.6439971923828 149.60499572753906
v 196.1840057373047 188.78599548339844 117.76799774169922
v 197.1929931640625 189.6320037841797 118.9219970703125
v 199.40199279785156 156.17999267578125 173.7689971923828
v 192.43099975585938 156.5780029296875 175.01199340820312
v 192.61199951171875 120.5989990234375 74.64869689941406
v 188.5260009765625 122.79299926757812 72.05599975585938
v 76.17120361328125 227.50999450683594 23.504899978637695
v 184.17599487304688 195.43499755859375 130.4010009765625
v 184.25 196.5709991455078 131.8719940185547
v 101.39900207519531 173.9530029296875 184.843994140625
v 95.7582015991211 171.88600158691406 178.4759979248047
v 126.45099639892578 212.2220001220703 116.97699737548828
v 129.31300354003906 212.51300048828125 117.25
v 196.81700134277344 178.572998046875 110.10700225830078
v 201.27499389648438 173.99099731445312 111.29499816894531
v 175.1300048828125 189.37899780273438 194.05099487304688
v 170.17300415039062 191.85400390625 195.50399780273438
v 183.01100158691406 241.15699768066406 142.1840057373047
v 164.38299560546875 187.16099548339844 127.13700103759766
v 166.91799926757812 186.75100708007812 131.26499938964844
v 184.74600219726562 205.1999969482422 190.81300354003906
v 181.96200561523438 199.82400512695312 192.51499938964844
v 147.40899658203125 159.12600708007812 128.968994140625
v 147.1199951171875 157.9550018310547 125.95999908447266
v 122.46900177001953 225.0780029296875 66.61930084228516
v 120.37000274658203 220.40499877929688 64.75370025634766
v 207.33099365234375 217.89100646972656 138.91900634765625
v 209.9720001220703 214.3560028076172 138.24899291992188
v 180.48800659179688 247.8090057373047 136.00100708007812
v 180.41600036621094 241.4040069580078 137.88800048828125
v 101.50700378417969 175.06500244140625 89.42459869384766
v 106.06500244140625 174.71499633789062 87.7406005859375
v 262.9930114746094 159.3209991455078 121.33399963378906
v 265.1860046386719 157.4739990234375 119.33200073242188
v 155.5469970703125 157.8419952392578 125.77300262451172
v 152.55299377441406 156.58700561523438 127.0459976196289
v 147.1269989013672 181.6739959716797 91.09200286865234
v 69.8594970703125 221.58200073242188 130.0030059814453
v 104.8030014038086 176.90199279785156 90.76020050048828
v 108.99400329589844 177.343994140625 90.35399627685547
v 198.9340057373047 200.48599243164062 145.9429931640625
v 199.93499755859375 200.16700744628906 145.4409942626953
v 100.81700134277344 148.1999969482422 152.8699951171875
v 98.97129821777344 154.89199829101562 160.24099731445312
v 65.30560302734375 203.88699340820312 56.19060134887695
v 66.03579711914062 212.37399291992188 61.68109893798828
v 87.61129760742188 198.5679931640625 45.86819839477539
v 88.36090087890625 195.4010009765625 48.42190170288086
v 126.62899780273438 187.9029998779297 97.93499755859375
v 129.99000549316406 189.9250030517578 99.68049621582031
v 205.98300170898438 192.57899475097656 123.3290023803711
v 204.79299926757812 191.99099731445312 123.23400115966797
v 200.6739959716797 141.6230010986328 93.77629852294922
v 202.447998046875 146.36599731445312 98.23799896240234
v 144.90199279785156 226.8040008544922 114.58000183105469
v 145.8300018310547 229.1060028076172 115.11100006103516
v 83.18270111083984 155.4239959716797 107.61000061035156
v 78.67569732666016 159.68499755859375 101.15799713134766
v 185.0540008544922 133.42100524902344 163.77099609375
v 180.9080047607422 135.76800537109375 169.25799560546875
v 193.21600341796875 119.63300323486328 77.48320007324219
v 185.9810028076172 122.1709976196289 76.9188003540039
v 137.60400390625 143.02000427246094 182.51800537109375
v 132.59300231933594 142.02999877929688 180.9810028076172
v 138.0489959716797 132.30999755859375 92.1852035522461
v 69.34809875488281 214.5590057373047 35.5635986328125
v 134.52200317382812 147.36599731445312 113.2699966430664
v 135.7740020751953 147.24099731445312 115.41200256347656
v 74.63800048828125 255.5709991455078 135.8719940185547
v 101.6050033569336 142.3769989013672 148.20700073242188
v 99.62419891357422 143.7729949951172 147.23199462890625
v 143.5679931640625 139.16799926757812 181.25
v 93.58809661865234 198.322998046875 180.05999755859375
v 90.52429962158203 200.8820037841797 175.87600708007812
v 254.13099670410156 190.21499633789062 149.34500122070312
v 253.6490020751953 184.1479949951172 146.2449951171875
v 148.5749969482422 172.88699340820312 126.53099822998047
v 190.8979949951172 192.21400451660156 186.89199829101562
v 108.93299865722656 296.02301025390625 76.4072036743164
v 112.47599792480469 295.64599609375 80.54499816894531
v 102.13999938964844 242.09500122070312 164.68099975585938
v 70.39289855957031 201.82200622558594 38.01679992675781
v 72.42330169677734 206.0279998779297 36.059200286865234
v 88.03489685058594 294.20098876953125 114.37799835205078
v 84.7406997680664 294.13299560546875 106.23200225830078
v 127.19200134277344 192.5749969482422 79.32890319824219
v 122.69499969482422 193.6999969482422 79.94819641113281
v 179.11199951171875 195.56199645996094 143.83900451660156
v 77.51309967041016 200.1320037841797 146.7429962158203
v 76.27189636230469 203.9530029296875 147.697998046875
v 150.98699951171875 288.7250061035156 110.60600280761719
v 151.65699768066406 282.82501220703125 110.36100006103516
v 67.59259796142578 228.38600158691406 122.0530014038086
v 66.8781967163086 238.78199768066406 122.38800048828125
v 141.1179962158203 222.38900756835938 118.28500366210938
v 140.1320037841797 224.8000030517578 116.33899688720703
v 181.0709991455078 131.21400451660156 65.1178970336914
v 182.9709930419922 128.78599548339844 66.25689697265625
v 168.89300537109375 180.1909942626953 133.9929962158203
v 167.12399291992188 178.41400146484375 130.50799560546875
v 257.0639953613281 152.10899353027344 117.99299621582031
v 255.0279998779297 149.0679931640625 116.7760009765625
v 137.6540069580078 155.77200317382812 112.83200073242188
v 136.70399475097656 154.781005859375 111.21700286865234
v 144.61700439453125 161.04100036621094 115.2239990234375
v 145.7310028076172 162.72300720214844 115.33499908447266
v 99.71199798583984 150.47900390625 59.791099548339844
v 180.56900024414062 198.43699645996094 143.93299865722656
v 180.23199462890625 198.30499267578125 145.56199645996094
v 79.33570098876953 233.19000244140625 23.73509979248047
v 80.0468978881836 230.50999450683594 25.372299194335938
v 91.41649627685547 146.76499938964844 58.7041015625
v 89.79620361328125 149.71200561523438 59.05730056762695
v 157.01499938964844 163.593994140625 80.7072982788086
v 159.1009979248047 169.3520050048828 85.19529724121094
v 165.88400268554688 135.4409942626953 61.25469970703125
v 164.92999267578125 132.23500061035156 62.649200439453125
v 174.38999938964844 222.21499633789062 107.12799835205078
v 178.38299560546875 221.52000427246094 112.49800109863281
v 108.57499694824219 282.36199951171875 81.36250305175781
v 264.4209899902344 162.427001953125 146.06199645996094
v 262.5950012207031 155.26100158691406 144.4459991455078
v 107.00599670410156 266.48199462890625 77.67960357666016
v 266.031005859375 178.69500732421875 150.65499877929688
v 266.3280029296875 173.37399291992188 147.55599975585938
v 193.77000427246094 189.1750030517578 117.197998046875
v 194.8679962158203 187.23800659179688 115.4469985961914
v 257.15301513671875 203.02200317382812 161.2779998779297
v 258.0299987792969 202.09500122070312 158.74899291992188
v 84.19499969482422 247.42300415039062 30.523700714111328
v 85.58470153808594 244.7169952392578 30.692699432373047
v 260.7340087890625 155.85800170898438 118.59600067138672
v 258.95098876953125 154.27099609375 118.44400024414062
v 122.13400268554688 220.7570037841797 117.61599731445312
v 121.14299774169922 219.2689971923828 116.83599853515625
v 98.52739715576172 140.65199279785156 59.45090103149414
v 96.17250061035156 141.61599731445312 60.83420181274414
v 95.37539672851562 139.03799438476562 86.83370208740234
v 103.75199890136719 156.97999572753906 177.5229949951172
v 99.6489028930664 158.6959991455078 171.9290008544922
v 97.06050109863281 241.69400024414062 161.91600036621094
v 183.56900024414062 198.70399475097656 144.88699340820312
v 182.80799865722656 198.81700134277344 143.37100219726562
v 79.69049835205078 160.01600646972656 68.4574966430664
v 77.02670288085938 162.5500030517578 71.9220962524414
v 173.6009979248047 231.00900268554688 121.33100128173828
v 176.38699340820312 224.89100646972656 122.26499938964844
v 245.61199951171875 133.43899536132812 108.51699829101562
v 247.0570068359375 134.47000122070312 110.31199645996094
v 123.03900146484375 189.06900024414062 101.78600311279297
v 123.4800033569336 187.6529998779297 99.46600341796875
v 193.41200256347656 209.7969970703125 173.61000061035156
v 192.78500366210938 207.64599609375 176.7030029296875
v 108.14700317382812 287.9639892578125 79.13680267333984
v 112.8280029296875 291.7879943847656 83.04350280761719
v 180.5500030517578 193.4759979248047 132.5229949951172
v 181.4949951171875 194.0970001220703 133.68499755859375
v 178.01300048828125 183.13600158691406 103.9739990234375
v 184.88699340820312 182.05799865722656 105.98799896240234
v 99.52359771728516 167.45199584960938 180.81399536132812
v 96.5000991821289 164.92100524902344 174.33700561523438
v 190.44000244140625 209.54600524902344 176.93299865722656
v 196.74099731445312 227.77200317382812 131.20599365234375
v 201.3179931640625 225.58099365234375 130.4669952392578
v 148.30799865722656 269.2770080566406 152.5449981689453
v 144.71299743652344 262.0610046386719 160.052001953125
v 145.55599975585938 227.8419952392578 112.04499816894531
v 144.0659942626953 228.6820068359375 109.11299896240234
v 237.87399291992188 162.9709930419922 165.87600708007812
v 141.66900634765625 300.3169860839844 109.2229995727539
v 77.56659698486328 245.6529998779297 144.49099731445312
v 81.36710357666016 250.48300170898438 146.51400756835938
v 149.30299377441406 166.18299865722656 117.99800109863281
v 150.61399841308594 168.01100158691406 117.71600341796875
v 77.64240264892578 234.98399353027344 24.124099731445312
v 271.3840026855469 187.2429962158203 142.1020050048828
v 162.1179962158203 193.43099975585938 136.79200744628906
v 161.9010009765625 190.78399658203125 138.29299926757812
v 188.7239990234375 197.55799865722656 143.46299743652344
v 190.63099670410156 197.88999938964844 142.4530029296875
v 85.10189819335938 261.9460144042969 144.2519989013672
v 262.8919982910156 166.05299377441406 129.38600158691406
v 267.18701171875 169.13600158691406 129.8070068359375
v 154.43499755859375 169.5959930419922 120.55500030517578
v 129.3560028076172 142.28199768066406 56.294898986816406
v 129.4149932861328 144.23899841308594 54.804901123046875
v 155.26100158691406 127.64299774169922 159.07200622558594
v 163.66799926757812 130.48500061035156 168.19500732421875
v 124.9209976196289 151.03799438476562 60.927799224853516
v 157.0189971923828 183.47500610351562 139.2550048828125
v 144.93099975585938 166.52499389648438 126.06700134277344
v 145.61599731445312 164.4770050048828 123.4219970703125
v 203.28799438476562 208.14300537109375 151.25799560546875
v 204.69000244140625 210.41700744628906 146.5019989013672
v 133.70199584960938 188.55999755859375 96.42759704589844
v 138.99200439453125 190.27099609375 100.56900024414062
v 76.69609832763672 272.5669860839844 125
v 82.41259765625 277.09600830078125 127.52400207519531
v 259.3110046386719 152.4010009765625 118.04900360107422
v 141.66200256347656 156.531005859375 121.3270034790039
v 143.76400756835938 156.38299560546875 121.05400085449219
v 88.6719970703125 181.718994140625 164.57699584960938
v 105.23899841308594 305.5580139160156 85.94609832763672
v 111.25399780273438 307.635986328125 85.98780059814453
v 66.4406967163086 212.4810028076172 49.194698333740234
v 67.67469787597656 217.2469940185547 40.72330093383789
v 196.5 229.20399475097656 133.00999450683594
v 196.7729949951172 231.0570068359375 133.7050018310547
v 139.70199584960938 210.6929931640625 85.56279754638672
v 142.24899291992188 212.34500122070312 88.79660034179688
v 261.968994140625 157.5959930419922 119.96399688720703
v 132.6820068359375 137.81300354003906 104.75
v 132.49099731445312 135.78599548339844 106.63200378417969
v 217.70799255371094 182.84300231933594 128.40699768066406
v 222.0019989013672 177.97300720214844 130.447998046875
v 95.33190155029297 141.36099243164062 71.09010314941406
v 90.77449798583984 144.718994140625 74.7300033569336
v 100.6050033569336 263.70098876953125 154.08200073242188
v 103.79199981689453 269.7879943847656 151.72799682617188
v 94.02159881591797 163.8769989013672 68.01930236816406
v 99.22920227050781 162.51300048828125 68.46150207519531
v 161.51400756835938 225.47900390625 88.14779663085938
v 163.62899780273438 222.64500427246094 89.49130249023438
v 161.60800170898438 171.39500427246094 126.47000122070312
v 161.35800170898438 174.8509979248047 127.12100219726562
v 257.4159851074219 191.06100463867188 160.78500366210938
v 252.69400024414062 192.91200256347656 164.89999389648438
v 209.2010040283203 190.6580047607422 125.52400207519531
v 210.60400390625 186.3350067138672 122.93599700927734
v 140.02499389648438 155.96499633789062 119.64199829101562
v 140.28199768066406 155.12100219726562 121.11499786376953
v 88.99510192871094 149.197998046875 109.73200225830078
v 87.76580047607422 148.8489990234375 103.24099731445312
v 134.48699951171875 198.53799438476562 77.14859771728516
v 133.43800354003906 195.4550018310547 78.57610321044922
v 161.20700073242188 201.177001953125 130.53700256347656
v 163.572998046875 203.12399291992188 128.7310028076172
v 96.90350341796875 176.83700561523438 86.21219635009766
v 96.90769958496094 174.92799377441406 83.28450012207031
v 122.99700164794922 159.81199645996094 72.63970184326172
v 127.56999969482422 161.6510009765625 74.22250366210938
v 141.75999450683594 157.927001953125 112.35900115966797
v 142.5780029296875 160.42799377441406 112.28199768066406
v 186.17300415039062 187.53799438476562 188.48899841308594
v 188.48899841308594 179.16400146484375 185.88099670410156
v 130.80499267578125 194.88299560546875 106.13200378417969
v 131.802001953125 196.8350067138672 107.81999969482422
v 197.96299743652344 117.48699951171875 90.65280151367188
v 195.58999633789062 118.51699829101562 81.54000091552734
v 194.86599731445312 229.18899536132812 137.80299377441406
v 194.8300018310547 230.2010040283203 135.39700317382812
v 201.25999450683594 167.03599548339844 108.58899688720703
v 268.17999267578125 192.56100463867188 144.97999572753906
v 269.0610046386719 189.85800170898438 144.781005859375
v 107.60399627685547 185.20599365234375 95.40070343017578
v 105.5719985961914 183.5959930419922 94.40589904785156
v 244.7969970703125 130.6929931640625 118.71900177001953
v 246.89999389648438 131.41400146484375 123.88700103759766
v 190.9219970703125 198.947998046875 142.23699951171875
v 189.41799926757812 198.3979949951172 142.2469940185547
v 259.41900634765625 159.29200744628906 151.45700073242188
v 70.14739990234375 266.7040100097656 111.63899993896484
v 69.17169952392578 259.7380065917969 106.76699829101562
v 257.89300537109375 174.4239959716797 156.85499572753906
v 259.5889892578125 170.7530059814453 154.90499877929688
v 73.43949890136719 170.46299743652344 73.6792984008789
v 71.36119842529297 177.1580047607422 70.39720153808594
v 86.73059844970703 286.0199890136719 75.43699645996094
v 90.9478988647461 293.1990051269531 79.5635986328125
v 98.74240112304688 172.83399963378906 84.23660278320312
v 99.33080291748047 173.71499633789062 87.57740020751953
v 193.6479949951172 198.2899932861328 142.84800720214844
v 192.16900634765625 198.48599243164062 142.2740020751953
v 208.7779998779297 193.9600067138672 122.99099731445312
v 207.50100708007812 193.46200561523438 120.78700256347656
v 171.1929931640625 198.90899658203125 127.09700012207031
v 170.68699645996094 197.31700134277344 132.75
v 124.72699737548828 202.54600524902344 95.94960021972656
v 124.31999969482422 198.80799865722656 100.53399658203125
v 148.3300018310547 290.6319885253906 131.12399291992188
v 144.9510040283203 288.4590148925781 137.3800048828125
v 78.98860168457031 237.9810028076172 25.36009979248047
v 163.31900024414062 167.71800231933594 135.74400329589844
v 166.11000061035156 166.96200561523438 133.14300537109375
v 214.68800354003906 186.96299743652344 127.10299682617188
v 93.94259643554688 253.08399963378906 50.30039978027344
v 94.29340362548828 245.781005859375 49.71500015258789
v 116.2699966430664 233.94000244140625 65.02259826660156
v 115.84600067138672 229.5850067138672 62.747798919677734
v 235.28599548339844 150.6529998779297 122.48200225830078
v 239.0030059814453 154.10400390625 127.16999816894531
v 183.5330047607422 177.3350067138672 101.45099639892578
v 181.58299255371094 171.96099853515625 95.4646987915039
v 187.40199279785156 172.10899353027344 99.64309692382812
v 186.26300048828125 168.06100463867188 95.75270080566406
v 150.04400634765625 213.96200561523438 121.9800033569336
v 155.11099243164062 209.24000549316406 122
v 82.29219818115234 190.2550048828125 147.3300018310547
v 77.68620300292969 196.93299865722656 138.06199645996094
v 185.02999877929688 241.9810028076172 153.9510040283203
v 185.13699340820312 237.11099243164062 153.83200073242188
v 104.32599639892578 185.48699951171875 89.67459869384766
v 101.4540023803711 183.80999755859375 87.44339752197266
v 230.58599853515625 122.76599884033203 101.40499877929688
v 229.13400268554688 122.56300354003906 98.1886978149414
v 127.00399780273438 213.69900512695312 114.25299835205078
v 173.45700073242188 207.76100158691406 193.85699462890625
v 168.24000549316406 201.55999755859375 195.52200317382812
v 109.74700164794922 191.9149932861328 88.59549713134766
v 259.6189880371094 193.8459930419922 149.92100524902344
v 262.822998046875 194.3730010986328 147.56500244140625
v 87.02890014648438 251.02099609375 151.59500122070312
v 94.09349822998047 252.20700073242188 156.06900024414062
v 150.8990020751953 184.0679931640625 109.31800079345703
v 153.8470001220703 183.33299255371094 105.23600006103516
v 88.92870330810547 296.7640075683594 92.71800231933594
v 76.14179992675781 236.34300231933594 26.130300521850586
v 119.26599884033203 213.28599548339844 189.7779998779297
v 120.83300018310547 219.1790008544922 187.18600463867188
v 120.62000274658203 225.68099975585938 183.41200256347656
v 115.65599822998047 230.4029998779297 180.2779998779297
v 249.2469940185547 199.59300231933594 158.78700256347656
v 236.3560028076172 173.45599365234375 138.0229949951172
v 240.97999572753906 168.76699829101562 136.97500610351562
v 158.48599243164062 136.31199645996094 58.30459976196289
v 161.06700134277344 136.25 59.140899658203125
v 68.30580139160156 237.31700134277344 99.7780990600586
v 198.343994140625 200.60400390625 142.4980010986328
v 196.96600341796875 200.27499389648438 142.50399780273438
v 194.22900390625 199.45199584960938 142.4010009765625
v 212.3090057373047 198.6199951171875 141.73199462890625
v 127.19100189208984 220.60499572753906 110.30000305175781
v 130.3159942626953 223.11700439453125 110.09600067138672
v 173.96499633789062 196.6719970703125 140.75900268554688
v 172.14599609375 196.21600341796875 139.69200134277344
v 95.06590270996094 294.5090026855469 73.92009735107422
v 99.35870361328125 296.760009765625 73.5967025756836
v 140.69900512695312 232.0279998779297 112.95099639892578
v 140.51600646972656 230.4709930419922 114.89800262451172
v 161.7220001220703 205.13099670410156 126.23300170898438
v 158.86599731445312 205.41400146484375 125.2239990234375
v 143.55099487304688 190.4029998779297 104.68900299072266
v 143.2030029296875 194.53599548339844 109.31500244140625
v 86.65270233154297 174.22300720214844 63.4380989074707
v 89.71829986572266 172.98399353027344 68.12899780273438
v 151.03599548339844 203.82000732421875 196.94000244140625
v 157.0500030517578 207.3419952392578 195.0989990234375
v 223.51600646972656 201.60800170898438 171.43099975585938
v 181.46099853515625 227.87899780273438 150.8470001220703
v 142.34800720214844 295.6189880371094 103.56600189208984
v 146.46800231933594 295.3389892578125 108.87699890136719
v 202.552001953125 201.2209930419922 146.26699829101562
v 204.20799255371094 201.16000366210938 145.322998046875
v 87.35639953613281 264.4739990234375 44.52619934082031
v 90.13379669189453 264.5069885253906 44.32789993286133
v 134.90199279785156 228.13499450683594 108.54000091552734
v 134.63299560546875 227.13400268554688 110.99500274658203
v 70.91619873046875 232.10699462890625 38.10210037231445
v 73.04949951171875 236.94900512695312 36.19609832763672
v 243.95899963378906 190.20399475097656 150.8280029296875
v 247.89199829101562 186.22900390625 148.04800415039062
v 87.2240982055664 192.406005859375 167.45799255371094
v 83.45539855957031 197.86300659179688 161.0709991455078
v 197.98500061035156 199.45899963378906 143.37600708007812
v 199.9010009765625 200.3820037841797 143.02999877929688
v 177.9250030517578 249.23300170898438 130.06100463867188
v 174.66900634765625 246.1699981689453 120.44499969482422
v 125.35700225830078 224.9080047607422 185.25999450683594
v 180.6580047607422 197.28399658203125 145.48399353027344
v 182.68600463867188 197.3280029296875 145.44500732421875
v 186.125 129.093994140625 66.45069885253906
v 186.24400329589844 127.0719985961914 67.15039825439453
v 160.8459930419922 197.0850067138672 133.41099548339844
v 158.43299865722656 194.05099487304688 133.83700561523438
v 149.50900268554688 169.5500030517578 115.37999725341797
v 98.89510345458984 252.51199340820312 61.03839874267578
v 103.24199676513672 249.26400756835938 64.65290069580078
v 196.33099365234375 201.72300720214844 143.52499389648438
v 195.53599548339844 200.28399658203125 142.7830047607422
v 125.21900177001953 146.218994140625 56.59109878540039
v 123.70800018310547 147.406005859375 57.90850067138672
v 90.20030212402344 211.10699462890625 172.26100158691406
v 88.14360046386719 213.4199981689453 168.41600036621094
v 81.13569641113281 171.19000244140625 54.400299072265625
v 182.2550048828125 194.47000122070312 130.07699584960938
v 181.24600219726562 194.3769989013672 129.3979949951172
v 128.70899963378906 139.75399780273438 69.9999008178711
v 128.1269989013672 141.38900756835938 63.15800094604492
v 256.9010009765625 152.4290008544922 150.5
v 254.7519989013672 156.63400268554688 154.77999877929688
v 109.41899871826172 131.1020050048828 99.02269744873047
v 152.8350067138672 179.99400329589844 196.43800354003906
v 150.99899291992188 176.14500427246094 195.05099487304688
v 110.48200225830078 132.83900451660156 138.9759979248047
v 104.18599700927734 137.27699279785156 139.4040069580078
v 137.50999450683594 146.5989990234375 108.13400268554688
v 135.48599243164062 145.00900268554688 106.00700378417969
v 199.08700561523438 228.95199584960938 132.3070068359375
v 202.00799560546875 226.9219970703125 133.46200561523438
v 111.81800079345703 193.21200561523438 89.89939880371094
v 178.46800231933594 194.10499572753906 135.73899841308594
v 175.86500549316406 192.8470001220703 136.12399291992188
v 130.26800537109375 133.16400146484375 87.55570220947266
v 127.36799621582031 131.81199645996094 91.81289672851562
v 72.41690063476562 232.91200256347656 31.2893009185791
v 121.4530029296875 194.5469970703125 101.39800262451172
v 261.0769958496094 153.656005859375 118.23799896240234
v 145.5780029296875 164.79600524902344 113.25900268554688
v 144.6269989013672 163.5540008544922 112.5250015258789
v 173.00900268554688 136.7519989013672 64.82430267333984
v 175.38099670410156 134.33799743652344 64.03939819335938
v 196.0760040283203 191.53199768066406 110.5479965209961
v 194.46600341796875 190.1060028076172 112.28399658203125
v 166.20599365234375 174.50900268554688 141.177001953125
v 168.64999389648438 174.76400756835938 140.53399658203125
v 169.22900390625 266.14300537109375 124.71499633789062
v 173.78199768066406 260.6180114746094 129.14999389648438
v 205.16799926757812 221.51100158691406 138.31399536132812
v 204.8040008544922 223.03900146484375 136.89700317382812
v 105.7509994506836 252.5780029296875 69.38390350341797
v 106.20700073242188 256.7799987792969 72.4384994506836
v 148.1300048828125 167.12100219726562 80.0083999633789
v 152.56100463867188 167.86199951171875 81.96040344238281
v 99.74800109863281 206.47300720214844 182.24400329589844
v 94.0438003540039 205.44700622558594 178.83299255371094
v 106.83999633789062 245.07200622558594 166.18699645996094
v 160.60699462890625 126.12999725341797 87.63490295410156
v 125.61900329589844 211.42100524902344 118.93499755859375
v 125.16600036621094 164.9499969482422 75.456298828125
v 131.7239990234375 166.4029998779297 76.81680297851562
v 89.38580322265625 261.5360107421875 42.55459976196289
v 91.80000305175781 262.9590148925781 44.946800231933594
v 84.96499633789062 216.71499633789062 40.53229904174805
v 79.61519622802734 212.43499755859375 37.01020050048828
v 132.24200439453125 142.91600036621094 107.4260025024414
v 132.9980010986328 141.41600036621094 106.44300079345703
v 161.25 182.7480010986328 195.06500244140625
v 80.966796875 269.114990234375 132.75599670410156
v 84.34919738769531 268.4219970703125 137.8489990234375
v 92.13970184326172 259.8869934082031 45.21440124511719
v 189.48500061035156 214.66200256347656 172.56300354003906
v 187.48500061035156 213.28399658203125 175.4739990234375
v 142.6750030517578 163.1739959716797 115.74500274658203
v 142.11500549316406 161.46099853515625 118.18199920654297
v 179.6439971923828 193.5290069580078 129.13299560546875
v 180.85899353027344 193.4739990234375 130.8159942626953
v 121.39900207519531 148.4250030517578 182.697998046875
v 119.0780029296875 144.4720001220703 179.6790008544922
v 264.8030090332031 164.95700073242188 126.94400024414062
v 269.27801513671875 184.9929962158203 138.02000427246094
v 270.35400390625 184.50399780273438 138
v 176.53199768066406 195.218994140625 143.63999938964844
v 167.30099487304688 228.73300170898438 96.25910186767578
v 165.1790008544922 225.88699340820312 91.81089782714844
v 82.08560180664062 192.5659942626953 39.91450119018555
v 83.34040069580078 189.02999877929688 41.82929992675781
v 169.81199645996094 188.9199981689453 134.55799865722656
v 134.60800170898438 223.43299865722656 82.4030990600586
v 155.79600524902344 268.8349914550781 149.8209991455078
v 191.37399291992188 172.95799255371094 103.30899810791016
v 195.9929962158203 172.3179931640625 106.29100036621094
v 117.35900115966797 152.5570068359375 183.22300720214844
v 209.37399291992188 203.37399291992188 151.4320068359375
v 234.73399353027344 146.88299560546875 162.3489990234375
v 229.4980010986328 142.2010040283203 162.73800659179688
v 133.2480010986328 149.6699981689453 108.59600067138672
v 133.73599243164062 148.72300720214844 110.48200225830078
v 155.52000427246094 190.9219970703125 132.37399291992188
v 152.6060028076172 186.98199462890625 129.33200073242188
v 93.2344970703125 268.56298828125 52.8036994934082
v 93.1135025024414 266.1659851074219 50.129600524902344
v 100.5469970703125 273.2650146484375 147.57000732421875
v 108.75599670410156 274.7460021972656 149.7969970703125
v 115.20600128173828 306.6050109863281 102.9280014038086
v 120 308.25799560546875 101.24600219726562
v 163.61700439453125 129.8070068359375 68.53919982910156
v 180.3979949951172 225.9600067138672 137.14599609375
v 187.66600036621094 222.27699279785156 139.91900634765625
v 148.90899658203125 258.9389953613281 98.8218994140625
v 152.74899291992188 259.7409973144531 103.1760025024414
v 109.44499969482422 137.82899475097656 62.69129943847656
v 103.8740005493164 137.64500427246094 63.182701110839844
v 221.42300415039062 148.01499938964844 167.73500061035156
v 222.91200256347656 142.02699279785156 165.14700317382812
v 68.76170349121094 218.81100463867188 34.73099899291992
v 151.80499267578125 208.1790008544922 122.40599822998047
v 156.72500610351562 206.25799560546875 122.51300048828125
v 139.76600646972656 160.33999633789062 112.68800354003906
v 140.71200561523438 160.7100067138672 115.43099975585938
v 127.28099822998047 142.7469940185547 58.585899353027344
v 127.00599670410156 144.28799438476562 56.25809860229492
v 101.38400268554688 171.29200744628906 81.46769714355469
v 98.86699676513672 169.53500366210938 76.33550262451172
v 168.97900390625 184.39300537109375 194.6540069580078
v 200.64199829101562 190.60000610351562 120.125
v 271.7040100097656 174.822998046875 133.0050048828125
v 271.3219909667969 171.6649932861328 132.42999267578125
v 123.33200073242188 201.9080047607422 87.76930236816406
v 120.41300201416016 202.5800018310547 89.36699676513672
v 121.03199768066406 139.24200439453125 76.74549865722656
v 119.91899871826172 140.82000732421875 72.73919677734375
v 123.2249984741211 236.02699279785156 73.043701171875
v 127.32499694824219 236.19000244140625 77.53730010986328
v 188.81900024414062 127.97699737548828 67.66230010986328
v 154.23399353027344 221.7270050048828 188.36199951171875
v 117.5469970703125 256.85198974609375 80.86329650878906
v 116.49199676513672 251.3979949951172 76.92980194091797
v 77.14250183105469 268.5929870605469 128.5540008544922
v 256.4110107421875 164.43499755859375 156.19900512695312
v 179.17300415039062 193.36000061035156 126.4540023803711
v 179.531005859375 193.4320068359375 124.35800170898438
v 150.38099670410156 157.07899475097656 127.91400146484375
v 151.3000030517578 159.52099609375 131.64700317382812
v 190.2899932861328 199.85499572753906 143.14199829101562
v 119.95500183105469 129.51400756835938 98.79859924316406
v 189.14300537109375 177.28700256347656 104.71700286865234
v 187.531005859375 195.95899963378906 110.0260009765625
v 81.97219848632812 156.30599975585938 65.57640075683594
v 157.25100708007812 198.44900512695312 197.04100036621094
v 146.0919952392578 195.01400756835938 198.67999267578125
v 128.3209991455078 203.85400390625 91.73159790039062
v 123.75700378417969 203.61099243164062 90.73030090332031
v 118.08000183105469 137.0290069580078 168.177001953125
v 136.74899291992188 288.67999267578125 98.4020004272461
v 126.03399658203125 147.95599365234375 57.00120162963867
v 129.42999267578125 147.72799682617188 56.50870132446289
v 144.73899841308594 161.8179931640625 113.2229995727539
v 238.3990020751953 202.33200073242188 166.44500732421875
v 242.43600463867188 202.23699951171875 164.84300231933594
v 105.72000122070312 209.9149932861328 184.80599975585938
v 109.59300231933594 211.91600036621094 186.0279998779297
v 135.76100158691406 239.09500122070312 80.88749694824219
v 140.01100158691406 239.9949951171875 82.51129913330078
v 161.85899353027344 183.53900146484375 97.75890350341797
v 191.92599487304688 215.89500427246094 111.60700225830078
v 195.37899780273438 212.1490020751953 112.06199645996094
v 262.43499755859375 196.45599365234375 150.76600646972656
v 266.1610107421875 195.72500610351562 148.83399963378906
v 138.20799255371094 155.3699951171875 115.77899932861328
v 120.54000091552734 128.61300659179688 146.86300659179688
v 144.45199584960938 199.8249969482422 118.43399810791016
v 146.26800537109375 198.35400390625 120.97799682617188
v 190.5399932861328 201.4969940185547 110.3270034790039
v 197.0489959716797 206.05099487304688 112.322998046875
v 197.16299438476562 230.77499389648438 138
v 197.9040069580078 232.75900268554688 137.95599365234375
v 85.2655029296875 186.54800415039062 45.70220184326172
v 87.39530181884766 183.96499633789062 51.43880081176758
v 121.19499969482422 192.71200561523438 103.0199966430664
v 122.43399810791016 190.93600463867188 103.46600341796875
v 90.33380126953125 179.82000732421875 172.74200439453125
v 104.23899841308594 187.44500732421875 84.54180145263672
v 145.64500427246094 162.75399780273438 123.64700317382812
v 144.57200622558594 164.19200134277344 125.65499877929688
v 183.21299743652344 124.73300170898438 72.43910217285156
v 186.36900329589844 125.0469970703125 69.52469635009766
v 141.10899353027344 153.74000549316406 115.09400177001953
v 140.77200317382812 152.3489990234375 113.04499816894531
v 137.7239990234375 155.8090057373047 110.48899841308594
v 136.73599243164062 153.89100646972656 108.80699920654297
v 100.9800033569336 302.239990234375 81.21260070800781
v 101.31099700927734 300.0429992675781 76.24720001220703
v 122.08100128173828 213.6929931640625 120
v 121.95999908447266 211.73300170898438 119.98899841308594
v 209.41200256347656 201.24099731445312 140.9040069580078
v 208.68899536132812 200.42300415039062 141.70899963378906
v 268.0710144042969 193.56300354003906 148.3350067138672
v 268.29901123046875 194.57899475097656 150.05299377441406
v 255.2830047607422 143.2050018310547 120.78099822998047
v 253.38699340820312 139.71099853515625 123.15399932861328
v 119.21600341796875 215.13699340820312 118.3270034790039
v 120.20700073242188 217.4949951171875 119.12200164794922
v 249.9810028076172 134.65499877929688 127.01799774169922
v 248.50900268554688 132.2030029296875 134.822998046875
v 104.66300201416016 202.90199279785156 187.06100463867188
v 247.3730010986328 201.01699829101562 169.97799682617188
v 206.96800231933594 187.5290069580078 121.59600067138672
v 208.18899536132812 180.8070068359375 117.78199768066406
v 266.625 193.82899475097656 154.0030059814453
v 264.03399658203125 195.61599731445312 156.04800415039062
v 169.02499389648438 180.24000549316406 141.1909942626953
v 170.01499938964844 179.3070068359375 138.52000427246094
v 187.02200317382812 197.531005859375 144.9770050048828
v 268.947998046875 174.1750030517578 130.88600158691406
v 270.3340148925781 172.04600524902344 130.40899658203125
v 182.906005859375 237.7209930419922 161.88499450683594
v 185.1529998779297 232.02000427246094 161.78199768066406
v 163.66099548339844 165.38499450683594 84.28929901123047
v 267.37298583984375 186.7270050048828 151.76300048828125
v 266.63800048828125 183.5189971923828 150.91000366210938
v 80.16329956054688 170.04800415039062 50.705299377441406
v 78.66570281982422 170.46200561523438 53.4650993347168
v 137.6280059814453 233.4199981689453 80.75640106201172
v 140.82899475097656 229.3939971923828 80.7083969116211
v 184.0850067138672 196.68499755859375 144.08399963378906
v 185.625 197.1219940185547 144.57200622558594
v 204.19400024414062 121.09100341796875 79.31179809570312
v 206.53900146484375 119.34100341796875 81.63379669189453
v 96.91670227050781 176.85800170898438 79.78170013427734
v 148.02200317382812 295.5830078125 120.36599731445312
v 153.1999969482422 289.8609924316406 121.5479965209961
v 197.80799865722656 206.91299438476562 164.5279998779297
v 198.2729949951172 208.73300170898438 169.08399963378906
v 211.68899536132812 135.38400268554688 98.2686996459961
v 212.52200317382812 141.35699462890625 102.48600006103516
v 77.760498046875 210.6060028076172 153.53700256347656
v 81.20429992675781 213.38600158691406 158.74899291992188
v 241.76400756835938 150.8070068359375 160.19900512695312
v 243.6300048828125 146.15899658203125 157.66000366210938
v 258.75 146.01400756835938 123.80599975585938
v 257.2869873046875 142.09500122070312 129.68299865722656
v 91.0343017578125 281.1000061035156 62.046199798583984
v 98.87259674072266 302.5950012207031 87.73739624023438
v 202.44500732421875 213.65699768066406 118.31300354003906
v 204.47000122070312 214.94900512695312 121.37300109863281
v 140.093994140625 157.58799743652344 70.85430145263672
v 138.7169952392578 162.62399291992188 75.2394027709961
v 175.5260009765625 187.15199279785156 108.87200164794922
v 180.80599975585938 186.20399475097656 109.06099700927734
v 105.76899719238281 285.37298583984375 138.4739990234375
v 105.625 278.64898681640625 145.0229949951172
v 128.6649932861328 217.81100463867188 190.33700561523438
v 133.33700561523438 203.76699829101562 110.41200256347656
v 131.01699829101562 200.95799255371094 109.04199981689453
v 127.09600067138672 195.0449981689453 82.447998046875
v 100.13700103759766 197.7969970703125 59.8125
v 99.4656982421875 191.99400329589844 62.800899505615234
v 231.927001953125 137.3260040283203 109.0530014038086
v 235.94000244140625 135.30999755859375 106.59200286865234
v 103.98500061035156 148.80499267578125 162.58799743652344
v 181.32400512695312 142.18800354003906 173.83900451660156
v 175.2689971923828 136.5240020751953 172.70899963378906
v 185.8719940185547 143.5850067138672 81.46949768066406
v 137.0590057373047 154.0229949951172 113.74800109863281
v 162.88900756835938 161.66900634765625 129.53900146484375
v 158.5919952392578 220.8990020751953 87.39559936523438
v 184.16099548339844 153.2169952392578 177.41099548339844
v 179.06100463867188 147.875 177.63099670410156
v 265.0820007324219 154.94900512695312 120.76000213623047
v 206.43299865722656 202.59100341796875 148.1020050048828
v 206.60299682617188 201.66099548339844 146.93299865722656
v 72.402099609375 221.58700561523438 141.4219970703125
v 70.30590057373047 227.6269989013672 136.33200073242188
v 159.8300018310547 176.31900024414062 140.20199584960938
v 84.17449951171875 153.9969940185547 62.23590087890625
v 87.49459838867188 155.97500610351562 60.65909957885742
v 224.29200744628906 126.14299774169922 95.17160034179688
v 228.48599243164062 124.83000183105469 96.61990356445312
v 119.6729965209961 213.5260009765625 64.98870086669922
v 171.5469970703125 192.32899475097656 142.14300537109375
v 172.25399780273438 190.1020050048828 141.41200256347656
v 149.89999389648438 233.36900329589844 114.70800018310547
v 149.4429931640625 234.83099365234375 114.8759994506836
v 156.82699584960938 211.00100708007812 95.31289672851562
v 92.83760070800781 158.031005859375 62.56589889526367
v 119.01499938964844 239.5679931640625 71.4469985961914
v 114.71199798583984 238.6020050048828 66.88870239257812
v 124.91699981689453 307.8089904785156 104.29100036621094
v 130.7030029296875 306.47100830078125 98.6177978515625
v 93.2052001953125 147.35699462890625 120.38400268554688
v 89.40070343017578 151.0850067138672 117.29499816894531
v 175.9080047607422 197.05599975585938 142.12100219726562
v 208.90499877929688 214.38099670410156 134.14100646972656
v 125.01399993896484 155.13800048828125 70.01300048828125
v 122.07099914550781 156.71200561523438 70.99939727783203
v 114.3270034790039 185.1649932861328 100.71900177001953
v 251.4010009765625 198.83799743652344 167.67100524902344
v 249.28799438476562 192.27200317382812 167.46299743652344
v 137.25799560546875 220.9080047607422 82.96510314941406
v 139.30099487304688 218.4340057373047 84.01080322265625
v 210.1999969482422 205.281005859375 156.86099243164062
v 173.5679931640625 197.21099853515625 146.81399536132812
v 172.61099243164062 196.13499450683594 145.625
v 97.90450286865234 267.3919982910156 65.55359649658203
v 95.85870361328125 264.6570129394531 60.61909866333008
v 121.72200012207031 275.85198974609375 90.40560150146484
v 126.79399871826172 271.4259948730469 92.27410125732422
v 75.956298828125 167.56700134277344 69.78379821777344
v 85.57669830322266 249.83999633789062 32.96900177001953
v 81.9259033203125 248.6719970703125 32.087799072265625
v 183.6320037841797 196.968994140625 133.42999267578125
v 182.38699340820312 196.81399536132812 133.0760040283203
v 119.91100311279297 192.52499389648438 76.29000091552734
v 184.7689971923828 198.52200317382812 142.27099609375
v 183.99200439453125 198.89999389648438 143.3000030517578
v 106.5260009765625 272.531005859375 78.8478012084961
v 167.27699279785156 186.656005859375 105.24400329589844
v 170.38099670410156 187.66000366210938 108.86199951171875
v 185.76400756835938 212.26400756835938 104.29199981689453
v 185.18499755859375 208.7689971923828 105.45600128173828
v 204.66000366210938 192.3070068359375 117.58999633789062
v 200.08599853515625 233.02099609375 137.23800659179688
v 201.5659942626953 231.39500427246094 136.08999633789062
v 155.73599243164062 260.95098876953125 157.3249969482422
v 215.23199462890625 132.1009979248047 97.4739990234375
v 220.25399780273438 131.0709991455078 99.02980041503906
v 101.80799865722656 179.83700561523438 92.35980224609375
v 104.07599639892578 178.74000549316406 93.10179901123047
v 201.77699279785156 202.82200622558594 145.0189971923828
v 200.718994140625 202.93899536132812 144.77099609375
v 163.65199279785156 192.5989990234375 196.08999633789062
v 250.1020050048828 177.93800354003906 142.54299926757812
v 253.89199829101562 176.88400268554688 140.15199279785156
v 115.03800201416016 181.3780059814453 96.65350341796875
v 115.80899810791016 180.4550018310547 93.00080108642578
v 84.50170135498047 263.9729919433594 47.492000579833984
v 85.94149780273438 261.2550048828125 42.15510177612305
v 146.1490020751953 150.64700317382812 185.94000244140625
v 146.3470001220703 144.1490020751953 184.5240020751953
v 84.62110137939453 174.4290008544922 59.353599548339844
v 97.96900177001953 144.6320037841797 142.86599731445312
v 87.39250183105469 196.4459991455078 168.4219970703125
v 220.88299560546875 163.7030029296875 121.98100280761719
v 226.49099731445312 164.85299682617188 126.81099700927734
v 144.5590057373047 209.9320068359375 98.65560150146484
v 140.947998046875 211.50900268554688 101.56400299072266
v 178.4949951171875 195.2689971923828 142.3179931640625
v 100.62200164794922 238.7949981689453 167.822998046875
v 136.5749969482422 232.46200561523438 108.52100372314453
v 135.5760040283203 230.3679962158203 108.64800262451172
v 174.70399475097656 198.0330047607422 119.83499908447266
v 172.63099670410156 200.35499572753906 121.36299896240234
v 121.35900115966797 309.9519958496094 93.74919891357422
v 126.03199768066406 308.70098876953125 97.43450164794922
v 79.98480224609375 175.9239959716797 44.34600067138672
v 80.96240234375 173.1009979248047 48.00239944458008
v 187.97000122070312 211.06300354003906 161.66799926757812
v 187.70599365234375 211.38099670410156 164.1719970703125
v 87.22969818115234 152.27099609375 59.93790054321289
v 151.9709930419922 214.36300659179688 192.0749969482422
v 257.8869934082031 143.07400512695312 138.718994140625
v 74.39679718017578 173.14700317382812 65.85050201416016
v 74.71630096435547 174.73399353027344 58.57789993286133
v 86.55159759521484 256.6650085449219 148.64700317382812
v 89.53990173339844 266.8680114746094 144.85400390625
v 101.73699951171875 275.7619934082031 72.69599914550781
v 97.22820281982422 278.2380065917969 65.24530029296875
v 68.6500015258789 232.7790069580078 130.7449951171875
v 68.37349700927734 240.89999389648438 129.81300354003906
v 141.08700561523438 183.89599609375 91.01360321044922
v 146.16799926757812 185.44700622558594 96.53450012207031
v 225.5070037841797 153.53399658203125 168.32899475097656
v 163.0500030517578 137.8679962158203 61.21770095825195
v 152.00900268554688 182.39100646972656 100.51499938964844
v 153.34300231933594 182.0399932861328 98.14579772949219
v 199.63499450683594 202.98699951171875 145.98800659179688
v 198.76199340820312 202.6439971923828 145.21600341796875
v 244.80599975585938 202.9149932861328 169.3090057373047
v 249.67599487304688 201.89700317382812 168.63800048828125
v 145.0709991455078 231.0659942626953 116
v 232.42999267578125 200.51400756835938 170.86700439453125
v 238.56900024414062 124.75700378417969 131.4459991455078
v 233.23300170898438 125.74099731445312 140.55299377441406
v 103.61900329589844 180.64100646972656 94.21050262451172
v 105.7040023803711 179.95399475097656 95.22000122070312
v 98.54190063476562 139.89100646972656 64.20719909667969
v 107.5009994506836 233.92300415039062 57.99660110473633
v 251.67599487304688 168.31199645996094 136.44700622558594
v 256.5679931640625 166.08999633789062 133.64300537109375
v 247.49000549316406 195.67300415039062 154.74099731445312
v 250.2030029296875 196.25 155.48500061035156
v 208.19900512695312 202.8719940185547 149.58900451660156
v 140.4600067138672 152.52699279785156 110.65599822998047
v 139.4550018310547 153.08999633789062 108.86699676513672
v 157.968994140625 178.6439971923828 124.53399658203125
v 147.45799255371094 172.31300354003906 82.97119903564453
v 70.30509948730469 199.45700073242188 96.4032974243164
v 86.60800170898438 148.45700073242188 69.06739807128906
v 86.25379943847656 148.88900756835938 78.07140350341797
v 187.0260009765625 140.81700134277344 171.4239959716797
v 97.21320343017578 166.24099731445312 71.26229858398438
v 91.22679901123047 189.99000549316406 55.159698486328125
v 88.21659851074219 190.69700622558594 50.15019989013672
v 103.23300170898438 186.6739959716797 78.8042984008789
v 115.03199768066406 248.3090057373047 169.39199829101562
v 200.9669952392578 200.02200317382812 144.47900390625
v 199.49099731445312 199.6540069580078 144.23199462890625
v 80.19180297851562 250.01400756835938 34.677101135253906
v 191.83599853515625 223.5019989013672 130.91000366210938
v 194.2550048828125 222.13400268554688 122.81500244140625
v 222.38999938964844 184.23599243164062 135.0070037841797
v 148.70399475097656 126.78500366210938 150.2100067138672
v 143.92799377441406 124.67500305175781 135.07400512695312
v 180.0970001220703 253.9029998779297 138.7790069580078
v 145.94700622558594 232.718994140625 82.36399841308594
v 73.57649993896484 226.6490020751953 24.540000915527344
v 72.97669982910156 229.1959991455078 25.606800079345703
v 159.0260009765625 185.3209991455078 104.01200103759766
v 156.6280059814453 183.3560028076172 100.63400268554688
v 137.50599670410156 152.98899841308594 116.30000305175781
v 136.10299682617188 151.06300354003906 114.25800323486328
v 154.3000030517578 200.39999389648438 125.96700286865234
v 152.81399536132812 195.99099731445312 126.25
v 65.60859680175781 192.2050018310547 50.14469909667969
v 134.60400390625 147.23899841308594 105.58300018310547
v 121.9990005493164 244.5970001220703 174.33900451660156
v 126.24299621582031 245.8990020751953 173.97799682617188
v 162.35299682617188 161.4510040283203 126.25399780273438
v 162.35899353027344 163.718994140625 125.30799865722656
v 143.77999877929688 152.51100158691406 66.65640258789062
v 181.6060028076172 122.12799835205078 83.1084976196289
v 179.8300018310547 212.08399963378906 100.4020004272461
v 178.25599670410156 213.33399963378906 97.9751968383789
v 77.7968978881836 164.24200439453125 108.22899627685547
v 76.2573013305664 163.80799865722656 98.47859954833984
v 144.07899475097656 166.15499877929688 130.37100219726562
v 144.71299743652344 164.8939971923828 132.9239959716797
v 190.16000366210938 212.5449981689453 108.072998046875
v 72.13189697265625 211.8090057373047 34.093299865722656
v 80.7948989868164 207.24600219726562 158.57400512695312
v 85.60040283203125 274.43701171875 132.76499938964844
v 117.37300109863281 151.8979949951172 66.87930297851562
v 120.79900360107422 152.406005859375 68.97480010986328
v 165.22000122070312 212.10299682617188 103.03299713134766
v 75.64820098876953 218.6820068359375 31.578100204467773
v 80.20719909667969 220.57899475097656 34.59619903564453
v 78.59989929199219 231.0279998779297 22.9591007232666
v 256.3599853515625 159.66000366210938 127.87999725341797
v 135.5019989013672 150.5070037841797 105.63899993896484
v 135.89199829101562 151.51300048828125 106.6719970703125
v 76.44599914550781 172.52000427246094 53.549800872802734
v 272.8179931640625 188.51800537109375 139.36099243164062
v 271.9750061035156 188.09100341796875 140.82200622558594
v 122.48400115966797 219.2030029296875 119.94400024414062
v 113.29900360107422 286.5010070800781 84.88289642333984
v 114.75299835205078 279.7560119628906 86.59230041503906
v 198.15699768066406 232.63900756835938 134.01400756835938
v 268.63299560546875 187.01499938964844 147.63099670410156
v 71.8843994140625 203.16200256347656 104.50800323486328
v 74.74220275878906 201.38900756835938 116.09400177001953
v 179.35800170898438 194.8489990234375 123.44300079345703
v 185.92599487304688 194.84300231933594 189.74600219726562
v 125.41600036621094 129.2270050048828 107.86399841308594
v 120.88700103759766 129.18899536132812 111.34400177001953
v 167.65199279785156 212.9770050048828 193.38099670410156
v 98.71710205078125 181.54600524902344 77.64710235595703
v 221.875 177.98599243164062 174.59100341796875
v 216.38499450683594 180.19500732421875 176.9510040283203
v 97.51470184326172 174.64700317382812 86.82230377197266
v 128.99200439453125 196.42999267578125 107.5479965209961
v 141.80299377441406 218.80599975585938 121.06999969482422
v 145.45599365234375 216.18899536132812 122.1050033569336
v 187.2729949951172 191.56199645996094 117.34400177001953
v 189.35000610351562 191.22000122070312 117.52400207519531
v 269.6510009765625 176.2030029296875 130.875
v 270.8970031738281 176.39300537109375 132.02200317382812
v 248.11700439453125 134.406005859375 120.5979995727539
v 143.40699768066406 174.8520050048828 83.16320037841797
v 194.0500030517578 131.9600067138672 159.54200744628906
v 191.7449951171875 138.03900146484375 167.90899658203125
v 213.21200561523438 180.58599853515625 121.91400146484375
v 231.78399658203125 159.73399353027344 167.66400146484375
v 232.8260040283203 152.73399353027344 164.81700134277344
v 102.08200073242188 268.5140075683594 72.37750244140625
v 101.85099792480469 183.59100341796875 186.8509979248047
v 102.27899932861328 190.41900634765625 187.26100158691406
v 168.7550048828125 123.3270034790039 90.83149719238281
v 163.36500549316406 123.71099853515625 100.76899719238281
v 153.7100067138672 212.48800659179688 90.0083999633789
v 138.4949951171875 154.45599365234375 117.50900268554688
v 138.93899536132812 153.48699951171875 118.9800033569336
v 149.09100341796875 186.50799560546875 108.28700256347656
v 148.54800415039062 188.94200134277344 112.08899688720703
v 146.07000732421875 163.5070037841797 114.00800323486328
v 253.30099487304688 203.4029998779297 162.55799865722656
v 118.88200378417969 155.04200744628906 68.94029998779297
v 122.05500030517578 154.36700439453125 70.22489929199219
v 232.33700561523438 167.33599853515625 169.35699462890625
v 99.18499755859375 289.8429870605469 68.36949920654297
v 102.10199737548828 290.9230041503906 71.2251968383789
v 130.78900146484375 292.8909912109375 136.64100646972656
v 136.4669952392578 295.4840087890625 132.4929962158203
v 163.4929962158203 173.80999755859375 190.54200744628906
v 162.90899658203125 164.75799560546875 188.01199340820312
v 84.45919799804688 177.5030059814453 132.50799560546875
v 80.26719665527344 182.16200256347656 121.84700012207031
v 207.4720001220703 201.82400512695312 142.03199768066406
v 206.4739990234375 201.0570068359375 142.9759979248047
v 240.05599975585938 187.43899536132812 148.86199951171875
v 236.6719970703125 184.13400268554688 144.69400024414062
v 243.41200256347656 137.26800537109375 108.31500244140625
v 246.42100524902344 138.28900146484375 109.11199951171875
v 140.06300354003906 261.5880126953125 95.26219940185547
v 145.30799865722656 256.4360046386719 94.60189819335938
v 127.66999816894531 171.5959930419922 79.30989837646484
v 127.77200317382812 178.08399963378906 84.28479766845703
v 75.93199920654297 181.38299560546875 39.35960006713867
v 72.73049926757812 182.89999389648438 40.77429962158203
v 111.88700103759766 243.66099548339844 68.35800170898438
v 174.01400756835938 244.31300354003906 161.93299865722656
v 169.81900024414062 241.99200439453125 166.9530029296875
v 205.05299377441406 191.26100158691406 123.45999908447266
v 136.7729949951172 210.82000732421875 101.0009994506836
v 134.91600036621094 213.31199645996094 105.03399658203125
v 126.70999908447266 223.35699462890625 69.80480194091797
v 129.5070037841797 217.58999633789062 71.50700378417969
v 131.37100219726562 153.50999450683594 63.949501037597656
v 70.23819732666016 251.68099975585938 130.48899841308594
v 68.24459838867188 257.2130126953125 121.9260025024414
v 243.7429962158203 198.9980010986328 158.88699340820312
v 247.10699462890625 202.1280059814453 162.90199279785156
v 207.3679962158203 202.66400146484375 143.8679962158203
v 163.9709930419922 177.54400634765625 141.48599243164062
v 167.5959930419922 177.5019989013672 141.70700073242188
v 179.96800231933594 194.6300048828125 125.65499877929688
v 80.13760375976562 266.2030029296875 62.69670104980469
v 271.4599914550781 166.73800659179688 128.83900451660156
v 270.9989929199219 163.13800048828125 128.76600646972656
v 194.48300170898438 185.2310028076172 113.28600311279297
v 193.80599975585938 200.72500610351562 143.4949951171875
v 193.5030059814453 201.16099548339844 144.9739990234375
v 137.0240020751953 150.23399353027344 116.96700286865234
v 137.26100158691406 148.45899963378906 116.91100311279297
v 224.4759979248047 122.73100280761719 137.44400024414062
v 216.3820037841797 122.19100189208984 137.656005859375
v 174.5679931640625 196.28399658203125 145.3939971923828
v 174.9239959716797 194.72500610351562 143.2209930419922
v 186.96299743652344 184.77000427246094 109.48799896240234
v 86.66280364990234 165.76600646972656 64.61589813232422
v 82.25379943847656 164.08799743652344 64.6760025024414
v 142.15199279785156 135.4499969482422 178.16000366210938
v 98.45709991455078 272.7560119628906 67.02960205078125
v 130.41000366210938 184.4810028076172 90.36489868164062
v 131.2729949951172 180.8459930419922 86.14320373535156
v 164.75 189.0679931640625 139.66600036621094
v 259.4339904785156 201.93899536132812 160.22799682617188
v 259.19000244140625 200.29400634765625 160.71099853515625
v 178.71200561523438 191.08299255371094 117.48200225830078
v 178.64700317382812 189.19500732421875 113.60900115966797
v 127.50499725341797 204.52999877929688 70.42539978027344
v 134.04800415039062 130.0030059814453 114.20999908447266
v 114.48200225830078 139.31900024414062 65.24669647216797
v 189.66400146484375 181.5780029296875 107.72100067138672
v 192.927001953125 177.49400329589844 107.22000122070312
v 161.55299377441406 183.9759979248047 126.02799987792969
v 92.64820098876953 277.6990051269531 58.09870147705078
v 92.67659759521484 274.9540100097656 56.40250015258789
v 134.41700744628906 192.17300415039062 101.19999694824219
v 116.73100280761719 193.7519989013672 97.60749816894531
v 118.8030014038086 191.98800659179688 101.04199981689453
v 102.99800109863281 182.49099731445312 92.25569915771484
v 171.5240020751953 266.0719909667969 132.947998046875
v 176.67300415039062 258.9110107421875 139.21299743652344
v 127.30699920654297 146.01300048828125 55.69919967651367
v 128.406005859375 291.4800109863281 93.3572998046875
v 74.74440002441406 236.94900512695312 29.874399185180664
v 252.13400268554688 138.3990020751953 143.24400329589844
v 87.87059783935547 172.70799255371094 135.97799682617188
v 237.50399780273438 124.08699798583984 123.65699768066406
v 230.73500061035156 122.0530014038086 119.73999786376953
v 197.21200561523438 228.3990020751953 138
v 209.5679931640625 190.0019989013672 180.39199829101562
v 208.406005859375 181.49600219726562 180.08200073242188
v 98.13590240478516 278.2250061035156 141.281005859375
v 99.54060363769531 284.5589904785156 135.22799682617188
v 181.06500244140625 190.56500244140625 116.75900268554688
v 185.02099609375 190.18699645996094 116.61900329589844
v 148.8249969482422 232.0489959716797 115.22100067138672
v 149.49400329589844 232.3209991455078 113.48400115966797
v 133.7989959716797 148.19900512695312 57.57699966430664
v 140.1179962158203 147.2899932861328 58.902801513671875
v 140.58599853515625 144.22900390625 55.998600006103516
v 143.677001953125 140.3780059814453 55.11180114746094
v 133.83900451660156 145.0399932861328 113.1259994506836
v 267.1239929199219 157.35699462890625 125.99700164794922
v 248.26600646972656 173.16900634765625 139.11000061035156
v 158.9250030517578 163.45399475097656 133.88699340820312
v 156.75999450683594 255.0290069580078 102.79499816894531
v 155.96099853515625 261.2139892578125 106.46700286865234
v 196.57200622558594 145.08799743652344 92.10140228271484
v 252.7209930419922 201.89300537109375 160.4739990234375
v 149.0489959716797 193.24400329589844 121.89399719238281
v 149.22900390625 189.25599670410156 124.38700103759766
v 150.2530059814453 135.76499938964844 58.38240051269531
v 77.95549774169922 239.88800048828125 27.666000366210938
v 146.29400634765625 167.2270050048828 123.01200103759766
v 147.6750030517578 170.1510009765625 126.56199645996094
v 81.95539855957031 183.7530059814453 41.485198974609375
v 84.4198989868164 181.74400329589844 45.55849838256836
v 144.9980010986328 163.6999969482422 77.1781997680664
v 240.23599243164062 150.531005859375 123.49299621582031
v 242.90499877929688 152.64100646972656 126.10900115966797
v 149.73800659179688 178.01199340820312 118.302001953125
v 263.1669921875 152.6540069580078 120.7030029296875
v 264.6180114746094 152.8040008544922 126.51799774169922
v 155.02200317382812 145.4029998779297 64.8550033569336
v 153.8419952392578 167.8820037841797 189.30999755859375
v 146.49400329589844 165.80599975585938 189.7429962158203
v 190.77200317382812 199.9530029296875 145.79299926757812
v 191.11700439453125 198.60899353027344 145.11099243164062
v 135.0800018310547 139.26199340820312 56.61040115356445
v 138.36399841308594 138.72999572753906 56.082000732421875
v 131.8730010986328 238.48199462890625 179.8769989013672
v 131.375 243.73199462890625 176.3730010986328
v 106.66500091552734 216.11300659179688 182.55999755859375
v 103.94200134277344 227.60499572753906 177.28199768066406
v 104.50900268554688 233.53199768066406 174.59800720214844
v 120.88400268554688 131.6269989013672 85.87550354003906
v 116.44400024414062 130.46299743652344 83.8667984008789
v 115.06400299072266 129.70199584960938 103.64700317382812
v 192.02499389648438 208.72500610351562 184.81300354003906
v 193.593994140625 206.19700622558594 185.2949981689453
v 193.7760009765625 129.197998046875 73.68990325927734
v 192.24099731445312 126.79399871826172 70.49030303955078
v 150.9720001220703 253.4459991455078 95.80470275878906
v 150.6580047607422 249.26400756835938 92.40180206298828
v 94.62650299072266 286.3160095214844 129.88099670410156
v 95.9800033569336 292.1610107421875 124.83300018310547
v 142.281005859375 198.8820037841797 112.11000061035156
v 105.29000091552734 181.6320037841797 95.8115005493164
v 88.60199737548828 205.58099365234375 170.2429962158203
v 238.58099365234375 180.9720001220703 143.9429931640625
v 244.12100219726562 177.81100463867188 142.33900451660156
v 156.05599975585938 224.70899963378906 85.6249008178711
v 203.0050048828125 191.0749969482422 119.48400115966797
v 145.64199829101562 166.77099609375 113.96499633789062
v 147.08299255371094 169.02000427246094 114.61399841308594
v 132.6929931640625 147.35299682617188 106.8489990234375
v 184.0570068359375 243.72000122070312 148.73500061035156
v 184.39700317382812 240.1510009765625 148.65499877929688
v 167.29100036621094 177.11700439453125 92.66259765625
v 105.41000366210938 290.2149963378906 74.54750061035156
v 104.48899841308594 286.1919860839844 75.21299743652344
v 120.48400115966797 309.1759948730469 89.23539733886719
v 124.95700073242188 307.69500732421875 91.51599884033203
v 231.48300170898438 179.00999450683594 138.24400329589844
v 192.9969940185547 196.6320037841797 110.03600311279297
v 124.81300354003906 220.69500732421875 112.02899932861328
v 143.6719970703125 163.59100341796875 130.90499877929688
v 144.8070068359375 161.0229949951172 130.4320068359375
v 91.91619873046875 174.29299926757812 175.25399780273438
v 262.2980041503906 150.64100646972656 123.43199920654297
v 262.52301025390625 149.02999877929688 130.1540069580078
v 79.15840148925781 200.05599975585938 153.531005859375
v 131.48800659179688 142.24000549316406 54.94060134887695
v 132.25 144.3350067138672 54.33539962768555
v 168.43800354003906 182.66299438476562 141.4340057373047
v 68.9845962524414 261.7340087890625 116.14800262451172
v 93.39019775390625 178.32699584960938 178.56300354003906
v 259.72198486328125 179.89100646972656 139.4929962158203
v 127.4469985961914 129.5679931640625 159.9720001220703
v 119.53700256347656 130.80799865722656 155.49600219726562
v 97.68399810791016 234.6300048828125 168.7480010986328
v 94.31539916992188 236.48399353027344 163.88400268554688
v 182.48500061035156 225.11399841308594 170.1739959716797
v 136.22000122070312 136.35400390625 68.46379852294922
v 132.01100158691406 136.8679962158203 73.48719787597656
v 223.77699279785156 195.35299682617188 174.906005859375
v 158.9669952392578 160.97500610351562 124.42400360107422
v 85.68289947509766 274.9010009765625 61.416500091552734
v 154.74400329589844 128.51600646972656 81.2760009765625
v 197.0749969482422 206.77200317382812 157.27999877929688
v 142.79100036621094 232.8350067138672 112.06400299072266
v 143.05499267578125 232.677001953125 114.55400085449219
v 147.75599670410156 206.6199951171875 122.90699768066406
v 113.61399841308594 191.48199462890625 96.75679779052734
v 115.64299774169922 189.99099731445312 99.79750061035156
v 213.39599609375 152.1060028076172 170.20199584960938
v 210.14599609375 161.74099731445312 172.9080047607422
v 110.80400085449219 179.68299865722656 95.82340240478516
v 110.2300033569336 178.8000030517578 93.02749633789062
v 267.6300048828125 163.8350067138672 124.89199829101562
v 269.29901123046875 161.91400146484375 124.28600311279297
v 148.23500061035156 193.62399291992188 118.49700164794922
v 148.96499633789062 191.30299377441406 115.63400268554688
v 149.75100708007812 184.62899780273438 102.12999725341797
v 71.21489715576172 195.9320068359375 37.03770065307617
v 68.41429901123047 198.40699768066406 40.0546989440918
v 227.11399841308594 147.2740020751953 165.656005859375
v 162.3300018310547 239.2969970703125 172.9759979248047
v 156.31199645996094 245.91200256347656 169.41099548339844
v 84.02549743652344 177.66600036621094 48.177101135253906
v 86.54740142822266 273.0320129394531 56.93629837036133
v 209.26400756835938 203.46800231933594 145.1750030517578
v 145.5570068359375 167.7310028076172 127.14399719238281
v 148.28399658203125 169.72999572753906 130.65199279785156
v 142.74099731445312 293.5719909667969 132.66600036621094
v 204.95599365234375 117.04100036621094 95.94770050048828
v 140.84300231933594 203.2429962158203 116.62799835205078
v 123.0780029296875 209.9010009765625 119.35199737548828
v 123.09300231933594 210.71600341796875 118.23799896240234
v 76.76229858398438 176.72799682617188 43.525001525878906
v 81.74949645996094 246.03700256347656 29.549400329589844
v 188.5989990234375 209.04100036621094 186.97799682617188
v 189.6540069580078 206.05099487304688 187.7899932861328
v 196.6999969482422 208.3090057373047 172.8719940185547
v 67.65360260009766 227.7530059814453 110.59500122070312
v 95.3062973022461 270.8789978027344 60.26110076904297
v 137.9149932861328 148.71299743652344 108.25399780273438
v 136.08999633789062 148.93099975585938 106.6760025024414
v 173.0590057373047 127.3740005493164 155.85499572753906
v 160.1179962158203 125.85600280761719 152.21499633789062
v 210.01699829101562 198.9250030517578 121.55000305175781
v 211.62600708007812 196.23800659179688 124.15499877929688
v 138.9709930419922 150.4510040283203 108.89800262451172
v 137.0189971923828 150.36700439453125 107.37999725341797
v 211.98399353027344 120.927001953125 86.26190185546875
v 215.5019989013672 122.83799743652344 88.86329650878906
v 166.24400329589844 126.65799713134766 77.9135971069336
v 70.89019775390625 222.15699768066406 28.644500732421875
v 270.14300537109375 169.7570037841797 137.96200561523438
v 271.10400390625 169.23699951171875 133.01600646972656
v 105.93499755859375 169.87399291992188 78.1769027709961
v 111.76499938964844 171.34500122070312 79.6957015991211
v 113.62200164794922 258.052001953125 161.84500122070312
v 153.61399841308594 287.7229919433594 115.80899810791016
v 112.95800018310547 179.81500244140625 94.54280090332031
v 138.56700134277344 232.43099975585938 109.29900360107422
v 173.14100646972656 215.6230010986328 190.1909942626953
v 122.46800231933594 273.5950012207031 153.3249969482422
v 121.35199737548828 266.8330078125 157.98899841308594
v 145.4929962158203 234.1490020751953 114.8010025024414
v 146.45700073242188 233.46800231933594 115.76899719238281
v 229.39999389648438 150.1439971923828 118.66999816894531
v 142.09100341796875 277.4010009765625 147.3939971923828
v 146.58099365234375 280.7690124511719 143.34800720214844
v 208.19500732421875 209.1230010986328 124.7239990234375
v 271.5360107421875 182.6219940185547 140.97799682617188
v 123.1780014038086 185.62399291992188 96.4136962890625
v 126.5469970703125 185.552001953125 93.86260223388672
v 272.1610107421875 185.71600341796875 138.09100341796875
v 272.51300048828125 184.77499389648438 138.08700561523438
v 76.99659729003906 174.40199279785156 46.98400115966797
v 271.18701171875 165.95399475097656 131.8990020751953
v 269.8059997558594 161.37899780273438 131.78399658203125
v 96.99819946289062 298.5429992675781 78.95559692382812
v 122.8550033569336 220.43899536132812 114.73999786376953
v 101.36399841308594 295.87298583984375 122.66400146484375
v 110.27999877929688 298.8039855957031 122.14099884033203
v 169.08599853515625 173.1199951171875 131.2429962158203
v 169.1510009765625 171.52000427246094 129.1219940185547
v 107.56700134277344 305.4469909667969 81.86409759521484
v 111.54900360107422 305.3999938964844 81.73880004882812
v 201.36300659179688 197.46200561523438 112.63999938964844
v 205.7220001220703 195.656005859375 115.28800201416016
v 197.40199279785156 199.5590057373047 144.06700134277344
v 132.96600341796875 224.13499450683594 117.77200317382812
v 129.9810028076172 223.36900329589844 114.48799896240234
v 198.6929931640625 205.8979949951172 159.76199340820312
v 207.63699340820312 153.7010040283203 107.18900299072266
v 212.96200561523438 155.75799560546875 112.71399688720703
v 95.11599731445312 276.06500244140625 60.871498107910156
v 129.96600341796875 220.36099243164062 120.99099731445312
v 71.69219970703125 271.8190002441406 103.70500183105469
v 73.1259994506836 277.47198486328125 104.02799987792969
v 172.0540008544922 211.9239959716797 99.4677963256836
v 69.5602035522461 231.1179962158203 47.38999938964844
v 70.99330139160156 238.5050048828125 54.4099006652832
v 207.84100341796875 204.6060028076172 121.26100158691406
v 185.07400512695312 153.49000549316406 88.45500183105469
v 180.72900390625 159.59800720214844 88.70269775390625
v 244.50799560546875 183.74099731445312 167.88699340820312
v 239.9340057373047 185.68699645996094 170.60499572753906
v 73.92269897460938 177.80799865722656 48.12929916381836
v 138.6750030517578 231.86900329589844 107.20099639892578
v 105.13600158691406 300.8210144042969 75.62750244140625
v 206.50999450683594 193.41900634765625 124.76499938964844
v 158.42799377441406 278.3169860839844 116.78099822998047
v 197.2449951171875 195.17799377441406 110.71900177001953
v 201.78599548339844 194.22900390625 113.09400177001953
v 143.76199340820312 229.32000732421875 116
v 172.156005859375 237.9080047607422 168.39700317382812
v 174.6959991455078 231.40699768066406 170.8990020751953
v 105.74700164794922 133.36399841308594 76.82050323486328
v 102.20500183105469 133.67999267578125 79.01370239257812
v 93.7531967163086 259.02899169921875 50.83660125732422
v 188.49899291992188 199.24000549316406 142.97000122070312
v 153.5229949951172 204.0399932861328 122.15899658203125
v 261.6400146484375 179.55799865722656 155.1929931640625
v 177.77999877929688 196.58200073242188 137.1999969482422
v 177.718994140625 196.1269989013672 139.01600646972656
v 119.5780029296875 178.57400512695312 196.2100067138672
v 112.71900177001953 182.8280029296875 194.14500427246094
v 182.79600524902344 172.13800048828125 185.8159942626953
v 76.26170349121094 170.8350067138672 110.95899963378906
v 191.02999877929688 137.22799682617188 79.25309753417969
v 191.97900390625 142.41600036621094 85.40350341796875
v 176.07899475097656 196.58299255371094 128.10899353027344
v 174.24099731445312 197.3520050048828 125.10900115966797
v 197.37899780273438 200.11700439453125 111.15399932861328
v 202.96499633789062 205.0330047607422 115.86399841308594
v 149.33200073242188 160.4980010986328 121.54199981689453
v 151.09800720214844 161.0279998779297 122.07499694824219
v 166.1280059814453 244.49899291992188 104.88500213623047
v 165.53199768066406 239.7779998779297 100.85900115966797
v 148.29100036621094 293.1969909667969 125.72899627685547
v 152.99400329589844 157.4739990234375 125.31099700927734
v 154.39100646972656 159.86300659179688 124.46499633789062
v 120.91799926757812 305.4700012207031 87.07440185546875
v 125.62799835205078 303.20001220703125 90.25469970703125
v 158.21099853515625 174.39300537109375 124.94599914550781
v 206.63499450683594 216.8489990234375 127.9000015258789
v 207.1840057373047 217.89199829101562 133.7449951171875
v 140.74099731445312 157.58799743652344 110.7750015258789
v 190.57699584960938 129.6280059814453 70.25360107421875
v 222.32400512695312 204.97900390625 165.78500366210938
v 115.1050033569336 265.0459899902344 158.08200073242188
v 118.7249984741211 182.79299926757812 95.21060180664062
v 143.81100463867188 159.93800354003906 116.7969970703125
v 143.4550018310547 159.10800170898438 115.19300079345703
v 124.63500213623047 149.33399963378906 58.679500579833984
v 75.06780242919922 221.93699645996094 27.775100708007812
v 201.36399841308594 160.33599853515625 104.73500061035156
v 195.71800231933594 165.8300018310547 102.35800170898438
v 175.78399658203125 206.28500366210938 111.58999633789062
v 170.16000366210938 208.01199340820312 117.75399780273438
v 225.2689971923828 188.99099731445312 142.38400268554688
v 254.17799377441406 198.6300048828125 156.5590057373047
v 195.052001953125 201.56900024414062 144.44700622558594
v 252.197998046875 140.96299743652344 116.44300079345703
v 100.89700317382812 289.77301025390625 130.27999877929688
v 169.21299743652344 176.41700744628906 135.41099548339844
v 111.40599822998047 263.5979919433594 80.28250122070312
v 88.00959777832031 209.11000061035156 167.67799377441406
v 179.83999633789062 193.60499572753906 121.02300262451172
v 265.7879943847656 194.17300415039062 145.76800537109375
v 77.42459869384766 247.1529998779297 36.4640998840332
v 131.9929962158203 234.72500610351562 80.16790008544922
v 87.2676010131836 149.80799865722656 60.01900100708008
v 209.60499572753906 131.156005859375 91.72840118408203
v 212.74000549316406 131.50799560546875 94.86759948730469
v 92.56320190429688 215.33599853515625 173.36900329589844
v 138.86500549316406 302.114990234375 115.94599914550781
v 188.44000244140625 208.7429962158203 162.42999267578125
v 263.4259948730469 200.16700744628906 153.6699981689453
v 262.4200134277344 198.4949951171875 152.4149932861328
v 213.7969970703125 204.1699981689453 137.9759979248047
v 211.51499938964844 200.81399536132812 138.4810028076172
v 101.22699737548828 212.9239959716797 181.10499572753906
v 260.9079895019531 201.3070068359375 158.85699462890625
v 125.60099792480469 228.20599365234375 70.589599609375
v 128.9199981689453 192.36300659179688 76.22530364990234
v 124.79299926757812 191.5229949951172 76.55269622802734
v 149.22300720214844 185.10299682617188 125.56900024414062
v 129.81199645996094 126.10199737548828 124.63899993896484
v 120.6240005493164 127.31800079345703 127.24199676513672
v 144.0229949951172 209.1510009765625 123.43900299072266
v 145.91799926757812 211.87100219726562 123.12200164794922
v 94.30619812011719 147.7530059814453 130.89700317382812
v 203.72300720214844 219.2239990234375 140.1510009765625
v 203.44900512695312 222.33700561523438 138.8260040283203
v 88.13569641113281 272.1629943847656 53.60900115966797
v 91.0083999633789 272.9599914550781 53.098201751708984
v 159.05599975585938 185.9969940185547 112.64600372314453
v 201.29400634765625 173.88699340820312 178.89700317382812
v 263.260009765625 155.31399536132812 118.76200103759766
v 171.56399536132812 196.73399353027344 142.14599609375
v 170.23399353027344 195.09500122070312 139.85800170898438
v 133.74200439453125 225.46200561523438 109.22799682617188
v 131.84300231933594 225.60800170898438 78.72709655761719
v 131.4770050048828 226.4810028076172 81.73040008544922
v 225.697998046875 120.6259994506836 112.8740005493164
v 211.6840057373047 117.69999694824219 111.66400146484375
v 268.71600341796875 182.7790069580078 137.5709991455078
v 177.79299926757812 227.37899780273438 173.23800659179688
v 181.7480010986328 247.68499755859375 151.2969970703125
v 182.2989959716797 245.66799926757812 154.0030059814453
v 104.3270034790039 297.3710021972656 74.05169677734375
v 121.7239990234375 217.5489959716797 114.78099822998047
v 69.96150207519531 181.40199279785156 84.27790069580078
v 71.13960266113281 183.3489990234375 94.01229858398438
v 242.84500122070312 144.7449951171875 113.90899658203125
v 102.8759994506836 223.6820068359375 178.89999389648438
v 97.45909881591797 221.44000244140625 174.98599243164062
v 213.40899658203125 200.75399780273438 146.67999267578125
v 217.91799926757812 198.06900024414062 145.5070037841797
v 247.0330047607422 151.2310028076172 121.88400268554688
v 253.18600463867188 154.17599487304688 122.62100219726562
v 166.6529998779297 249.16700744628906 108.34700012207031
v 180.93499755859375 196.8459930419922 135.0989990234375
v 166.75999450683594 166.7169952392578 129.5
v 125.87899780273438 278.5929870605469 149.0500030517578
v 152.427001953125 242.8820037841797 89.26480102539062
v 157.13600158691406 244.95599365234375 94.0530014038086
v 187.4669952392578 213.31399536132812 163.3780059814453
v 175.68800354003906 143.89199829101562 177.41000366210938
v 97.9209976196289 177.56300354003906 88.77729797363281
v 90.904296875 151.9600067138672 125.75599670410156
v 82.50140380859375 171.72999572753906 51.230899810791016
v 156.46499633789062 163.78399658203125 188.03199768066406
v 218.92100524902344 128.53799438476562 95.14530181884766
v 120.46199798583984 237.072998046875 178.3939971923828
v 210.11000061035156 197.5189971923828 135.58700561523438
v 211.38999938964844 197.0229949951172 131.6719970703125
v 77.61080169677734 284.8599853515625 99.57610321044922
v 83.34269714355469 292.0150146484375 97.22560119628906
v 145.26400756835938 220.82000732421875 109.15799713134766
v 144.9929962158203 217.7779998779297 107.49099731445312
v 121.82499694824219 169.2480010986328 77.44110107421875
v 123.76300048828125 175.26199340820312 82.38520050048828
v 152.48800659179688 128.65499877929688 89.32499694824219
v 172.3280029296875 185.60899353027344 104.52400207519531
v 209.98500061035156 205.87600708007812 126.16999816894531
v 182.38400268554688 193.44500732421875 131.63400268554688
v 91.83000183105469 250.72999572753906 44.99720001220703
v 204.89700317382812 193.03599548339844 124.08899688720703
v 204.86099243164062 193.58999633789062 125.13200378417969
v 137.22900390625 229.72500610351562 106.02999877929688
v 135.5959930419922 231.12399291992188 106.79900360107422
v 96.0354995727539 145.60299682617188 135.17999267578125
v 146.01100158691406 168.40899658203125 118.30699920654297
v 179.10400390625 192.17100524902344 119.31199645996094
v 262.4530029296875 201.11399841308594 154.91099548339844
v 264.1820068359375 200.6540069580078 155.51400756835938
v 128.9040069580078 192.50100708007812 103.91600036621094
v 71.17369842529297 260.37200927734375 127.09300231933594
v 70.84809875488281 263.8370056152344 122.8759994506836
v 72.03589630126953 219.89500427246094 29.4591007232666
v 159.78599548339844 168.968994140625 124.59500122070312
v 157.45899963378906 163.9949951171875 123.95999908447266
v 71.68350219726562 229.48399353027344 28.44700050354004
v 73.69509887695312 232.80299377441406 27.018299102783203
v 198.95799255371094 229.41700744628906 138
v 199.0590057373047 231.66200256347656 137.96800231933594
v 110.11699676513672 133.08900451660156 73.91850280761719
v 189.5260009765625 125.21700286865234 68.94280242919922
v 212.4510040283203 203.77499389648438 141.55599975585938
v 212.50799560546875 204.71800231933594 144.6510009765625
v 168.24200439453125 169.35499572753906 130.26100158691406
v 124.49600219726562 153.38600158691406 66.6801986694336
v 126.89800262451172 154.43800354003906 66.13770294189453
v 138.343994140625 134.86300659179688 175.87899780273438
v 136.92300415039062 138.07200622558594 179.25100708007812
v 96.78089904785156 301.59698486328125 100.18499755859375
v 104.6719970703125 302.5320129394531 104.802001953125
v 162.2239990234375 186.4080047607422 139.95199584960938
v 168.4669952392578 174.26499938964844 129.19000244140625
v 133.0489959716797 224.13099670410156 80.50520324707031
v 195.2169952392578 215.71600341796875 150.4949951171875
v 169.50900268554688 146.25999450683594 180.86000061035156
v 163.42300415039062 147.79600524902344 183.63299560546875
v 120.08000183105469 305.12200927734375 108.35600280761719
v 124.7770004272461 303.67498779296875 113.29499816894531
v 133.18800354003906 210.47900390625 195.28500366210938
v 123.43199920654297 209.79200744628906 193.2949981689453
v 154.29600524902344 217.39100646972656 119.62899780273438
v 151.28599548339844 218.0780029296875 118.66799926757812
v 126.52899932861328 124.77799987792969 130.88800048828125
v 121.39399719238281 126.94300079345703 136.1320037841797
v 108.302001953125 179.4510040283203 95.2510986328125
v 109.46600341796875 180.34300231933594 97.22570037841797
v 147.06500244140625 160.6320037841797 132.48500061035156
v 149.6300048828125 161.96299743652344 133.82400512695312
v 221.4530029296875 124.70999908447266 93.30609893798828
v 112.16400146484375 132.0240020751953 118.32599639892578
v 102.88200378417969 136.4219970703125 110.95500183105469
v 135.87399291992188 148.88400268554688 115.47699737548828
v 108.177001953125 261.906005859375 158.75999450683594
v 169.875 138.53900146484375 176.86900329589844
v 169.40699768066406 133.73800659179688 172.4709930419922
v 156.3090057373047 165.47300720214844 134.01499938964844
v 230.54100036621094 122.1520004272461 129.9739990234375
v 218.48500061035156 120.05699920654297 126.11599731445312
v 230.3090057373047 122.68699645996094 105.03199768066406
v 226.4429931640625 120.9010009765625 105.28900146484375
v 260.8370056152344 174.2949981689453 136.63400268554688
v 264.0580139160156 180.2010040283203 138.45799255371094
v 155.05299377441406 176.1840057373047 121.22799682617188
v 154.19000244140625 178.23899841308594 118.91200256347656
v 114.99500274658203 130.20899963378906 143.01300048828125
v 134.03700256347656 195.02999877929688 104.78700256347656
v 136.49099731445312 137.10800170898438 113.78299713134766
v 134.1510009765625 132.9429931640625 112.87200164794922
v 184.3820037841797 194.02499389648438 131.1540069580078
v 154.41799926757812 275.3479919433594 110.69000244140625
v 131.4980010986328 130.47999572753906 107.23699951171875
v 166.34500122070312 216.74400329589844 96.34010314941406
v 212.16600036621094 205.24099731445312 131.4770050048828
v 211.99600219726562 210.67300415039062 137.57899475097656
v 233.0240020751953 124.41799926757812 106.2229995727539
v 180.9290008544922 193.4709930419922 118.447998046875
v 210.0760040283203 206.93299865722656 162.29100036621094
v 216.16299438476562 206.2570037841797 164.38800048828125
v 263.96099853515625 173.92100524902344 152.031005859375
v 264.84698486328125 152.62100219726562 137.9320068359375
v 193.4040069580078 190.94900512695312 117.5999984741211
v 190.9530029296875 191.39999389648438 116.80500030517578
v 197.22799682617188 199.98300170898438 145.0070037841797
v 198.35800170898438 199.9010009765625 144.87100219726562
v 248.28700256347656 143.57699584960938 113.10299682617188
v 250.9029998779297 144.41299438476562 114.1760025024414
v 84.16549682617188 174.45899963378906 51.33700180053711
v 137.32200622558594 141.22300720214844 113.93699645996094
v 139.21299743652344 141.70899963378906 110.8290023803711
v 201.46600341796875 207.9290008544922 155.04299926757812
v 235.7259979248047 125.97599792480469 106.03500366210938
v 233.3280029296875 125.87799835205078 102.28199768066406
v 190.10699462890625 200.50599670410156 144.80299377441406
v 151.43099975585938 162.53700256347656 78.22689819335938
v 150.4669952392578 157.5760040283203 74.42780303955078
v 107.46700286865234 291.95599365234375 131.7480010986328
v 189.84300231933594 210.47900390625 159.04100036621094
v 97.38069915771484 147.29600524902344 57.608699798583984
v 97.66510009765625 178.72999572753906 83.16999816894531
v 117.56199645996094 297.53900146484375 128.49099731445312
v 121.45099639892578 301.8550109863281 118.83399963378906
v 65.5602035522461 197.8209991455078 65.14710235595703
v 64.74819946289062 196.86700439453125 55.01020050048828
v 208.63800048828125 118.06700134277344 118.45600128173828
v 195.7729949951172 117.47000122070312 113.22799682617188
v 180.96800231933594 192.09100341796875 118.1729965209961
v 181.2779998779297 225.7209930419922 142.43600463867188
v 143.18699645996094 156.02699279785156 119.14099884033203
v 144.09800720214844 157.73300170898438 118.54399871826172
v 264.9549865722656 177.15499877929688 136.70399475097656
v 110.93499755859375 225.60299682617188 180.89199829101562
v 183.6840057373047 126.44200134277344 68.86399841308594
v 169.80299377441406 229.4530029296875 102.5009994506836
v 172.0749969482422 224.50100708007812 103.98400115966797
v 210.76300048828125 117.18199920654297 102.97799682617188
v 128.5659942626953 233.2030029296875 78.95570373535156
v 106.78099822998047 206.4669952392578 59.644100189208984
v 100.51200103759766 202.93099975585938 57.40480041503906
v 70.28890228271484 225.5279998779297 29.55459976196289
v 72.16739654541016 224.2030029296875 26.347200393676758
v 254.19500732421875 194.50599670410156 152.89199829101562
v 237.5019989013672 125.51899719238281 118.79900360107422
v 139.65499877929688 159.67100524902344 113.86699676513672
v 207.62399291992188 198.83099365234375 118.15899658203125
v 209.41900634765625 195.9149932861328 120.5199966430664
v 134.3979949951172 208.77200317382812 75.31700134277344
v 86.29530334472656 156.30799865722656 119.03099822998047
v 82.90019989013672 162.9709930419922 119.86799621582031
v 265.16900634765625 162.5019989013672 124.22000122070312
v 267.5360107421875 161.45799255371094 123.87200164794922
v 195.04600524902344 131.93600463867188 77.81449890136719
v 206.31900024414062 126.54299926757812 83.43080139160156
v 203.64300537109375 125.34200286865234 79.92479705810547
v 270.6340026855469 166.25399780273438 135.50799560546875
v 267.1619873046875 161.06700134277344 140.35800170898438
v 174.8719940185547 120.5 102.39600372314453
v 104.41100311279297 137.93600463867188 146.44000244140625
v 183.55499267578125 204.1230010986328 109.2249984741211
v 184.302001953125 198.95899963378906 110.40299987792969
v 196.6009979248047 205.92599487304688 176.9219970703125
v 195.76600646972656 203.75599670410156 182.6280059814453
v 82.9126968383789 230.9250030517578 155.09300231933594
v 138.8520050048828 156.30799865722656 116.63999938964844
v 89.19020080566406 194.2220001220703 174.28900146484375
v 108.92900085449219 191.677001953125 70.47709655761719
v 108.79399871826172 192.55999755859375 75.38369750976562
v 159.3719940185547 212.20599365234375 105.87300109863281
v 160.0469970703125 213.697998046875 111.63300323486328
v 192.19900512695312 188.08599853515625 115.49299621582031
v 119.02999877929688 291.8320007324219 87.87930297851562
v 176.343994140625 226.6739959716797 131.29100036621094
v 243.69700622558594 148.73800659179688 119.46900177001953
v 86.97760009765625 253.9770050048828 35.54690170288086
v 87.30249786376953 251.5919952392578 34.76689910888672
v 204.76199340820312 221.75799560546875 131.77099609375
v 199.56700134277344 212.43600463867188 148.60800170898438
v 96.31659698486328 138.4199981689453 101.3010025024414
v 146.58799743652344 189.91799926757812 108.11299896240234
v 264.54998779296875 198.55799865722656 151.5229949951172
v 266.48699951171875 198.09800720214844 150.76400756835938
v 137.2429962158203 203.41400146484375 114.0989990234375
v 138.77099609375 200.37100219726562 112.02899932861328
v 84.98899841308594 288.2850036621094 83.86699676513672
v 77.9977035522461 158.5780029296875 78.45850372314453
v 82.29060363769531 159.60000610351562 114.47000122070312
v 236.17799377441406 200.48500061035156 161.12100219726562
v 201.15499877929688 118.73600006103516 126.19100189208984
v 137.23399353027344 231.4709930419922 110.3270034790039
v 138.11000061035156 230.4239959716797 112.51100158691406
v 84.39360046386719 157.5260009765625 62.38600158691406
v 87.78299713134766 159.10899353027344 62.14820098876953
v 147.0959930419922 239.9770050048828 85.408203125
v 132.9720001220703 174.71400451660156 81.44090270996094
v 138.86900329589844 174.77699279785156 82.02559661865234
v 127.26100158691406 263.83099365234375 89.89099884033203
v 67.78060150146484 211.01800537109375 40.739601135253906
v 167.1529998779297 223.66099548339844 95.16190338134766
v 168.16000366210938 220.15199279785156 96.53170013427734
v 133.24000549316406 140.4409942626953 111.37000274658203
v 132.3730010986328 139.41299438476562 108.4530029296875
v 198.2100067138672 139.20399475097656 88.89830017089844
v 132.3260040283203 162.0959930419922 189.11099243164062
v 134.1199951171875 167.6540069580078 191.99200439453125
v 173.12399291992188 126.5989990234375 73.99749755859375
v 143.46400451660156 163.9320068359375 113.29000091552734
v 155.98500061035156 158.7729949951172 77.23519897460938
v 108.58499908447266 151.46600341796875 177.41299438476562
v 102.26599884033203 153.74899291992188 170.83599853515625
v 121.13999938964844 196.8780059814453 82.71179962158203
v 203.593994140625 224.64700317382812 135.2169952392578
v 124.41000366210938 297.5660095214844 90.07949829101562
v 131.16600036621094 297.6619873046875 94.53479766845703
v 260.7040100097656 145.91400146484375 133.6510009765625
v 162.4530029296875 165.10000610351562 134.35800170898438
v 133.47799682617188 216.9250030517578 122.93199920654297
v 133.26800537109375 146.00999450683594 105.177001953125
v 133.30999755859375 147.4980010986328 104.86799621582031
v 224.77200317382812 141.31100463867188 109.8489990234375
v 223.20399475097656 148.79100036621094 114.9469985961914
v 144.20599365234375 132.4029998779297 73.01380157470703
v 235.63600158691406 125.7509994506836 111.3290023803711
v 158.8489990234375 169.67599487304688 189.02200317382812
v 152.35400390625 216.2259979248047 87.30860137939453
v 153.34300231933594 172.4429931640625 119.5770034790039
v 202.06100463867188 187.37399291992188 118.90799713134766
v 202.1580047607422 189.7169952392578 121.11499786376953
v 213.10899353027344 202.3820037841797 132.7550048828125
v 212.55999755859375 198.82200622558594 127.37100219726562
v 104.17500305175781 303.0840148925781 79.05220031738281
v 126.3270034790039 189.78700256347656 101.01100158691406
v 135.73599243164062 144.93899536132812 114.72599792480469
v 137.85899353027344 146.4969940185547 115.41699981689453
v 67.66259765625 251.01499938964844 114.83399963378906
v 179.54600524902344 245.5030059814453 156.76600646972656
v 226.00799560546875 161.30599975585938 170
v 133.1739959716797 146.11199951171875 110.70600128173828
v 258.4339904785156 184.7779998779297 143.98699951171875
v 201.218994140625 202.17599487304688 143.18699645996094
v 98.341796875 239.79100036621094 52.67570114135742
v 101.44200134277344 177.13400268554688 91.381103515625
v 257.2430114746094 154.5189971923828 119.74299621582031
v 109.44100189208984 207.0679931640625 188.3419952392578
v 120.83599853515625 198.906005859375 197.10800170898438
v 125.48400115966797 203.4530029296875 197.1929931640625
v 181.71499633789062 198.5760040283203 145.06900024414062
v 198.08999633789062 230.37100219726562 133.13999938964844
v 248.7010040283203 192.3300018310547 152.00999450683594
v 270.75799560546875 168.61700439453125 130.34500122070312
v 161.33900451660156 251.29200744628906 163.15699768066406
v 167.94700622558594 209.18800354003906 194.6179962158203
v 95.56759643554688 199.17999267578125 55.427101135253906
v 185.74600219726562 158.6909942626953 90.70059967041016
v 187.01400756835938 163.0260009765625 93.37229919433594
v 82.70700073242188 204.99600219726562 40.27360153198242
v 87.43009948730469 209.6199951171875 43.52399826049805
v 198.73399353027344 224.51300048828125 126.7020034790039
v 193.0679931640625 199.64999389648438 142.63099670410156
v 167.17100524902344 255.18299865722656 114.9209976196289
v 170.66799926757812 249.73500061035156 114.35399627685547
v 168.24400329589844 171.25799560546875 89.19709777832031
v 104.13400268554688 166.9929962158203 73.97660064697266
v 141.5850067138672 228.94500732421875 115.98100280761719
v 165.35400390625 195.7169952392578 135.90899658203125
v 109.33899688720703 305.0780029296875 102.12100219726562
v 148.56199645996094 189.96499633789062 119.58200073242188
v 252.7449951171875 162.16200256347656 157.71099853515625
v 146.81399536132812 234.53599548339844 112.73799896240234
v 178.67100524902344 252.86300659179688 146.98699951171875
v 115.39800262451172 272.52899169921875 86.41459655761719
v 115.6969985961914 265.7049865722656 84.3926010131836
v 187.48599243164062 199.79299926757812 144.3489990234375
v 158.12600708007812 191.3820037841797 135.30499267578125
v 158.22500610351562 187.94400024414062 137.20899963378906
v 175.24200439453125 131.3090057373047 64.71479797363281
v 172.98199462890625 133.81300354003906 63.35350036621094
v 87.8667984008789 245.98899841308594 154.40199279785156
v 133.3249969482422 222.03700256347656 77.40499877929688
v 80.09559631347656 216.9550018310547 36.23109817504883
v 133.86399841308594 141.3730010986328 54.90420150756836
v 135.8179931640625 143.7469940185547 54.54930114746094
v 103.15699768066406 240.60499572753906 58.03519821166992
v 182.86599731445312 193.23399353027344 117.27899932861328
v 180.90899658203125 194.22000122070312 117.1989974975586
v 272.91900634765625 186.69000244140625 141.11399841308594
v 272.9440002441406 184.97900390625 139.9739990234375
v 132.99899291992188 303.7720031738281 111.55699920654297
v 136.94700622558594 304.87200927734375 105.27999877929688
v 197.2030029296875 191.0260009765625 118.37300109863281
v 136.35699462890625 224.10499572753906 117.40599822998047
v 74.38269805908203 242.9720001220703 40.95370101928711
v 259.0799865722656 155.80299377441406 120.26000213623047
v 175.63099670410156 240.16299438476562 165.42999267578125
v 133.14100646972656 264.1969909667969 159.69400024414062
v 130.19400024414062 198.52999877929688 108.59400177001953
v 212.53399658203125 173.45799255371094 118.48100280761719
v 157.52999877929688 200.48500061035156 129.56700134277344
v 93.24909973144531 271.5480041503906 54.840999603271484
v 192.75100708007812 185.0500030517578 185.2030029296875
v 158.72900390625 172.8780059814453 139.44700622558594
v 161.5570068359375 170.75999450683594 139.20199584960938
v 134.96099853515625 140.10800170898438 113.8270034790039
v 268.1839904785156 195.7050018310547 151.97799682617188
v 88.65380096435547 215.3509979248047 43.719600677490234
v 186.68499755859375 192.1510009765625 116.41899871826172
v 257.3340148925781 197.11199951171875 162.3300018310547
v 86.3781967163086 177.51300048828125 55.22249984741211
v 144.1929931640625 231.60299682617188 110.0250015258789
v 227.3090057373047 136.49899291992188 106.302001953125
v 229.97500610351562 141.0240020751953 111.50199890136719
v 184.99099731445312 187.77999877929688 112.66600036621094
v 90.79859924316406 291.3529968261719 122.01100158691406
v 173.8820037841797 157.42999267578125 183.75100708007812
v 167.61099243164062 156.9250030517578 185.91200256347656
v 70.49199676513672 234.02699279785156 136.2740020751953
v 109.27799987792969 267.54998779296875 155.38600158691406
v 210.58900451660156 192.45799255371094 127.37699890136719
v 132.3179931640625 145.0260009765625 106.26699829101562
v 132.46600341796875 145.3509979248047 108.43399810791016
v 76.3541030883789 241.86099243164062 33.02989959716797
v 80.67990112304688 243.10800170898438 28.309499740600586
v 219.06700134277344 118.7770004272461 106.2770004272461
v 140.7449951171875 157.80299377441406 118.99199676513672
v 237.30099487304688 178.35800170898438 141.25399780273438
v 196.88900756835938 190.33999633789062 112.87300109863281
v 231.875 123.44200134277344 111.68399810791016
v 173.9510040283203 221.57899475097656 102.14900207519531
v 82.92919921875 258.4540100097656 42.94350051879883
v 267.5060119628906 179.8419952392578 147.53599548339844
v 110.55400085449219 253.67599487304688 74.19149780273438
v 129.6739959716797 257.0249938964844 165.38999938964844
v 136.40199279785156 253.83900451660156 168.36399841308594
v 123.83399963378906 212.0279998779297 117.11900329589844
v 98.51529693603516 135.7100067138672 87.9354019165039
v 100.0989990234375 136.83299255371094 75.3988037109375
v 185.85899353027344 135.49099731445312 72.75080108642578
v 190.42599487304688 132.9759979248047 73.98359680175781
v 148.8780059814453 170.90899658203125 114.97100067138672
v 146.84300231933594 170.04299926757812 116.64199829101562
v 99.9636001586914 191.8300018310547 185.30599975585938
v 95.44380187988281 189.8260040283203 181.552001953125
v 150.25599670410156 156.70399475097656 125.78399658203125
v 200.072998046875 189.30599975585938 120.43299865722656
v 116.37000274658203 192.4980010986328 196.1909942626953
v 115.91500091552734 197.47999572753906 194.99899291992188
v 268.29400634765625 196.55599975585938 150.5330047607422
v 219.55499267578125 144.13900756835938 109.90799713134766
v 82.7488021850586 193.89999389648438 156.9530029296875
v 188.9250030517578 221.33900451660156 158.28199768066406
v 240.25799560546875 131.81900024414062 105.99400329589844
v 138.77200317382812 154.5590057373047 108.82499694824219
v 134.36900329589844 151.92300415039062 106.90299987792969
v 133.58700561523438 150.10299682617188 106.39299774169922
v 170.3730010986328 229.15499877929688 179.30799865722656
v 171.47900390625 225.8800048828125 182.02499389648438
v 170.22000122070312 224.53199768066406 99.2593994140625
v 195.42999267578125 210.4530029296875 170.0469970703125
v 203.7740020751953 190.33200073242188 121.78700256347656
v 177.35000610351562 195.63400268554688 119.13600158691406
v 177.19500732421875 196.0070037841797 122.47899627685547
v 85.8102035522461 150.12399291992188 62.712100982666016
v 88.26139831542969 146.9929962158203 64.16809844970703
v 144.61000061035156 211.34100341796875 103.08899688720703
v 187.45799255371094 188.59100341796875 115.12999725341797
v 192.9929962158203 198.51199340820312 144.33799743652344
v 111.91600036621094 229.4739990234375 59.63629913330078
v 141.5919952392578 210.7519989013672 123.447998046875
v 247.98199462890625 181.21600341796875 164.78900146484375
v 174.86599731445312 128.4709930419922 68.41780090332031
v 142.03599548339844 289.5190124511719 102.25700378417969
v 191.16400146484375 209.0590057373047 181.197998046875
v 96.91320037841797 259.02099609375 60.74679946899414
v 101.54000091552734 255.75900268554688 66.40859985351562
v 179.2169952392578 197.3800048828125 145.68099975585938
v 183.177001953125 242.60499572753906 156.75
v 88.0770034790039 231.1739959716797 38.76459884643555
v 93.24690246582031 232.00399780273438 45.058998107910156
v 133.43099975585938 143.80999755859375 105.96299743652344
v 68.99490356445312 184.74099731445312 76.30780029296875
v 145.61500549316406 136.98899841308594 56.68230056762695
v 124.73100280761719 152.58099365234375 63.75590133666992
v 128.17100524902344 152.53700256347656 61.99810028076172
v 106.80899810791016 186.5449981689453 91.69280242919922
v 88.26190185546875 244.3260040283203 36.57529830932617
v 91.33110046386719 243.947998046875 44.24420166015625
v 143.5279998779297 211.10299682617188 194.91900634765625
v 149.24200439453125 218.78799438476562 190.0800018310547
v 264.63800048828125 184.5970001220703 140.37100219726562
v 266.8450012207031 182.63099670410156 138.35699462890625
v 112.18699645996094 202.11700439453125 63.542598724365234
v 110.29299926757812 196.5919952392578 64.72209930419922
v 202.218994140625 204.25999450683594 176.20399475097656
v 201.9080047607422 200.44500732421875 179.9409942626953
v 230.80299377441406 128.9980010986328 148.20599365234375
v 82.15239715576172 263.1839904785156 140.39999389648438
v 141.2949981689453 135.0229949951172 66.28890228271484
v 90.85780334472656 145.3459930419922 61.687801361083984
v 93.67649841308594 144.17599487304688 58.839698791503906
v 140.45899963378906 155.2449951171875 109.9729995727539
v 199.92999267578125 119.55500030517578 77.33519744873047
v 197.1999969482422 118.67500305175781 77.56449890136719
v 149.86500549316406 134.8679962158203 177.51699829101562
v 115.96900177001953 260.7720031738281 82.08609771728516
v 222.19200134277344 203.14100646972656 158.85299682617188
v 245.5659942626953 155.38099670410156 159.81700134277344
v 239.8000030517578 156.63699340820312 162.91200256347656
v 77.97859954833984 170.32000732421875 51.059200286865234
v 242.11399841308594 135.072998046875 107.39900207519531
v 150.41299438476562 218.83299255371094 112.79100036621094
v 149.552001953125 217.4530029296875 108.33399963378906
v 198.08599853515625 212.18299865722656 152.48500061035156
v 196.83700561523438 209.54299926757812 155.47500610351562
v 77.09549713134766 171.1009979248047 63.2156982421875
v 155.87899780273438 184.76100158691406 136.05499267578125
v 147.29100036621094 220.72500610351562 113.4739990234375
v 145.70700073242188 220.01100158691406 118.93900299072266
v 175.75100708007812 213.62399291992188 96.91960144042969
v 100.3010025024414 140.96299743652344 136.3040008544922
v 111.2229995727539 192.26800537109375 193.16400146484375
v 220.41299438476562 185.8070068359375 177.3000030517578
v 181.0050048828125 195.718994140625 129.1739959716797
v 179.3260040283203 196.16700744628906 127.27200317382812
v 119.90899658203125 261.5350036621094 160.64199829101562
v 156.5679931640625 181.35000610351562 95.26219940185547
v 90.54920196533203 278.4320068359375 58.78620147705078
v 93.42680358886719 279.3710021972656 60.544700622558594
v 123.9020004272461 136.7310028076172 172.59800720214844
v 268.1210021972656 198.218994140625 152.26600646972656
v 202.74400329589844 224.17799377441406 137.89500427246094
v 123.1709976196289 130.8560028076172 91.10679626464844
v 138.9949951171875 148.9199981689453 115.26899719238281
v 139.16400146484375 147.41600036621094 113.29000091552734
v 193.31399536132812 123.02200317382812 72.11530303955078
v 167.49400329589844 176.25799560546875 129.54400634765625
v 92.55919647216797 146.03799438476562 112.15799713134766
v 92.56809997558594 143.5749969482422 105.40899658203125
v 158.58200073242188 149.2239990234375 185.7469940185547
v 159.0709991455078 153.58599853515625 187.16799926757812
v 201.7779998779297 207.35299682617188 167.56300354003906
v 203.00900268554688 206.74200439453125 162.88999938964844
v 243.9929962158203 196.20599365234375 155.18099975585938
v 215.02200317382812 195.11199951171875 137.80499267578125
v 211.5570068359375 142.9969940185547 168.31199645996094
v 210.03900146484375 201.95399475097656 147.72300720214844
v 153.22000122070312 178.7779998779297 132.85400390625
v 107.95500183105469 303.2659912109375 78.09149932861328
v 148.4149932861328 235.4600067138672 113.16600036621094
v 147.14199829101562 235.19200134277344 114.57499694824219
v 123.72200012207031 240.1510009765625 75.80419921875
v 129.97799682617188 239.53700256347656 79.15950012207031
v 193.54100036621094 192.03599548339844 110.1719970703125
v 79.9801025390625 167.3260040283203 115.70700073242188
v 78.83470153808594 174.6219940185547 116.53099822998047
v 81.2603988647461 228.16700744628906 30.170499801635742
v 159.47300720214844 134.08299255371094 175.79600524902344
v 98.88069915771484 175.56199645996094 89.47470092773438
v 124.58599853515625 144.92300415039062 58.14099884033203
v 125.44100189208984 143.29299926757812 60.73059844970703
v 267.0360107421875 196.48399353027344 153.66700744628906
v 162.58799743652344 134.18800354003906 60.08700180053711
v 124.56199645996094 200.93699645996094 69.07209777832031
v 229.47300720214844 128.43800354003906 99.28970336914062
v 221.38600158691406 201.0800018310547 153.4759979248047
v 122.93199920654297 218.50900268554688 112.55000305175781
v 117.16799926757812 200.86199951171875 66.50559997558594
v 153.24000549316406 287.5369873046875 127.9520034790039
v 155.04600524902344 282.9460144042969 133.60400390625
v 140.30299377441406 139.3990020751953 107.22599792480469
v 138.79299926757812 140.4499969482422 105.47799682617188
v 122.46499633789062 248.63800048828125 78.89739990234375
v 193.82200622558594 202.79400634765625 185.66000366210938
v 145.84500122070312 160.85000610351562 123.68599700927734
v 132.01800537109375 205.677001953125 73.16310119628906
v 131.66600036621094 194.08299255371094 76.37239837646484
v 228.0760040283203 121.23300170898438 101.61100006103516
v 225.7469940185547 120.31800079345703 100.60600280761719
v 195.31399536132812 190.51699829101562 118.5199966430664
v 179.0970001220703 197.70700073242188 143.33299255371094
v 83.42970275878906 151.63499450683594 72.86399841308594
v 200.17999267578125 233.1230010986328 135.00900268554688
v 95.94249725341797 209.81199645996094 50.05699920654297
v 101.28700256347656 208.81700134277344 55.121498107910156
v 125.19100189208984 155.64100646972656 185.70399475097656
v 205.83599853515625 220.81500244140625 134.17799377441406
v 179.3509979248047 157.49099731445312 181.2570037841797
v 142.33799743652344 256.7869873046875 164.82400512695312
v 145.79800415039062 248.72900390625 170.79800415039062
v 191.69400024414062 211.71499633789062 168.09300231933594
v 194.21099853515625 209.13499450683594 167.718994140625
v 95.35220336914062 162.5030059814453 166.35800170898438
v 178.11599731445312 165.1300048828125 89.73979949951172
v 106.93099975585938 229.89999389648438 177.98800659179688
v 185.04200744628906 194.07000732421875 132.6020050048828
v 185.52699279785156 194.6199951171875 133.21299743652344
v 165.08700561523438 123.6729965209961 143.73500061035156
v 201.51600646972656 227.468994140625 137.73500061035156
v 194.08599853515625 227.5050048828125 135.11599731445312
v 123.11299896240234 210.99899291992188 120
v 197.29600524902344 121.56099700927734 74.85089874267578
v 145.0659942626953 178.7779998779297 197.2449951171875
v 118.94100189208984 180.4669952392578 90.37799835205078
v 122.87000274658203 180.08399963378906 87.70099639892578
v 69.86849975585938 216.01499938964844 115.36799621582031
v 178.9040069580078 196.63800048828125 129.93800354003906
v 211.656005859375 194.84500122070312 127.94400024414062
v 191.27099609375 168.8209991455078 100.3010025024414
v 88.50279998779297 282.10101318359375 128.3820037841797
v 155.83700561523438 196.72900390625 130.39500427246094
v 153.29200744628906 192.17799377441406 129.3300018310547
v 245.06900024414062 132.16700744628906 110.66899871826172
v 205.43299865722656 159.05099487304688 108.17900085449219
v 185.2259979248047 133.5240020751953 69.64440155029297
v 184.3699951171875 131.21800231933594 66.62519836425781
v 186.1699981689453 130.08999633789062 158.0760040283203
v 189.9429931640625 125.77799987792969 149.4810028076172
v 171.00100708007812 241.84300231933594 110.97699737548828
v 118.98999786376953 145.18099975585938 68.03720092773438
v 120.41100311279297 147.66000366210938 68.38670349121094
v 196.2550048828125 200.8719940185547 145.67300415039062
v 197.68899536132812 201.06199645996094 145.6790008544922
v 139.5919952392578 141.19700622558594 54.41630172729492
v 113.88700103759766 145.65899658203125 62.75749969482422
v 116.29199981689453 143.11000061035156 65.24690246582031
v 113.94499969482422 197.04299926757812 66.2344970703125
v 103.41200256347656 196.60800170898438 187.8509979248047
v 162.2239990234375 139.88600158691406 180.218994140625
v 186.38699340820312 224.7519989013672 162.71400451660156
v 105.84700012207031 136.41799926757812 126.93699645996094
v 258.4339904785156 149.4770050048828 118.19200134277344
v 141.3070068359375 201.10400390625 114.13200378417969
v 147.302001953125 163.6479949951172 134
v 150.0189971923828 167.14700317382812 134
v 247.6790008544922 197.33599853515625 169.71400451660156
v 91.783203125 212.5260009765625 46.44770050048828
v 97.24150085449219 216.06399536132812 49.668399810791016
v 185.73899841308594 230.55499267578125 157.4810028076172
v 102.08100128173828 134.6909942626953 100.2490005493164
v 96.49859619140625 140.22000122070312 107.4229965209961
v 229.95700073242188 158.36900329589844 125.95800018310547
v 134.1020050048828 151.2100067138672 109.15899658203125
v 197.09300231933594 192.9340057373047 184.46600341796875
v 172.73599243164062 197.33799743652344 142.21800231933594
v 167.9459991455078 173.74400329589844 136.88800048828125
v 169.17300415039062 172.97000122070312 134.45399475097656
v 260.5989990234375 201.83599853515625 157.35899353027344
v 187.71800231933594 221.5749969482422 125.60900115966797
v 134.5469970703125 140.13099670410156 105.01399993896484
v 173.85499572753906 191.92100524902344 127.28800201416016
v 177.77200317382812 192.94900512695312 128.0050048828125
v 77.07420349121094 238.177001953125 145.96099853515625
v 82.22000122070312 240.73500061035156 151.33999633789062
v 183.7100067138672 218.45899963378906 108.1729965209961
v 185.7899932861328 219.81500244140625 115.90799713134766
v 143.56199645996094 161.53199768066406 119.9010009765625
v 143.40499877929688 210.37399291992188 93.06169891357422
v 123.45099639892578 140.71400451660156 74.64099884033203
v 208.48800659179688 213.2010040283203 129.1230010986328
v 104.15499877929688 237.36700439453125 171.39300537109375
v 205.031005859375 205.36300659179688 173.64500427246094
v 178.4340057373047 194.24099731445312 137.9250030517578
v 179.24600219726562 196.01699829101562 137.96400451660156
v 200.26699829101562 180.26600646972656 181.9199981689453
v 104.51100158691406 247.81300354003906 162.4530029296875
v 101.23799896240234 252.53799438476562 159.21499633789062
v 200.86199951171875 230.67300415039062 137.6490020751953
v 174.08599853515625 179.85800170898438 191.79100036621094
v 176.79400634765625 173.56500244140625 188.36700439453125
v 191.05099487304688 206.44000244140625 162.14199829101562
v 195.2790069580078 205.88299560546875 159.6300048828125
v 239.44700622558594 193.71400451660156 152.68800354003906
v 129.00799560546875 230.83999633789062 183.35000610351562
v 77.91570281982422 226.24000549316406 151.02499389648438
v 79.80269622802734 233.8769989013672 150.38499450683594
v 128.6649932861328 199.33999633789062 106.49099731445312
v 127.00199890136719 198.7010040283203 104.38600158691406
v 138.875 145.23699951171875 113.49600219726562
v 270.7279968261719 163.47000122070312 125.63999938964844
v 232.46299743652344 124.43199920654297 102.25499725341797
v 187.7949981689453 130.51699829101562 68.33300018310547
v 79.39289855957031 208.23300170898438 37.55160140991211
v 174.80599975585938 191.7030029296875 123.2770004272461
v 177.73699951171875 192.96400451660156 125.35600280761719
v 181.97999572753906 196.28700256347656 130.58399963378906
v 137.47799682617188 223.79200744628906 82.86689758300781
v 194.33599853515625 165.18699645996094 178.156005859375
v 79.16899871826172 246.07400512695312 31.988399505615234
v 149.96299743652344 233.75 113.46800231933594
v 149.50999450683594 233.09800720214844 112.48699951171875
v 187.9340057373047 198.0070037841797 142.3459930419922
v 270.9809875488281 178.21600341796875 134.92799377441406
v 271.6709899902344 175.79200744628906 135.6999969482422
v 109.48999786376953 155.1020050048828 181.28199768066406
v 102.31500244140625 162.69200134277344 180.4239959716797
v 197.3280029296875 201.4409942626953 142.85899353027344
v 190.25100708007812 209.1909942626953 165.47300720214844
v 71.53829956054688 173.38299560546875 87.5739974975586
v 179.9510040283203 210.13800048828125 103.16500091552734
v 221.0959930419922 193.1790008544922 141.87399291992188
v 137.5919952392578 150.5449981689453 61.82320022583008
v 159.56100463867188 262.8420104980469 109.64900207519531
v 164.1230010986328 259.3039855957031 113.68800354003906
v 142.83299255371094 172.03500366210938 194.03799438476562
v 174.1540069580078 192.77999877929688 141.91299438476562
v 144.13600158691406 165.15699768066406 128.49400329589844
v 209.78900146484375 199.37100219726562 140.28199768066406
v 130.71800231933594 227.9029998779297 82.73249816894531
v 132.16700744628906 139.53599548339844 105.99299621582031
v 141.32000732421875 161.39199829101562 112.80999755859375
v 169.468994140625 189.6060028076172 131.87600708007812
v 173.072998046875 191.66299438476562 134.48899841308594
v 71.74189758300781 226.8260040283203 26.561399459838867
v 116.42900085449219 137.92300415039062 70.5779037475586
v 117.58799743652344 136.8419952392578 75.07060241699219
v 106.2959976196289 178.98899841308594 189.53799438476562
v 179.92799377441406 206.33700561523438 192.4550018310547
v 135.3470001220703 203.4029998779297 76.58599853515625
v 131.9320068359375 201.50999450683594 73.74469757080078
v 120.21399688720703 195.89999389648438 98.85790252685547
v 267.91400146484375 167.07200622558594 126.96900177001953
v 270.1730041503906 165.9429931640625 125.7239990234375
v 114.78299713134766 205.63999938964844 191.60000610351562
v 120.36499786376953 203.43299865722656 195.24899291992188
v 142.2259979248047 135.46600341796875 103.69000244140625
v 141.13099670410156 134.02200317382812 99.5342025756836
v 186.0330047607422 120.38300323486328 134.2519989013672
v 247.0070037841797 133.71499633789062 143.98199462890625
v 218.56300354003906 187.22500610351562 133.0070037841797
v 218.99000549316406 130.33299255371094 154.41299438476562
v 205.1230010986328 127.98999786376953 152.73399353027344
v 78.45800018310547 172.39100646972656 57.77040100097656
v 170.94500732421875 121.58300018310547 136.26199340820312
v 178.80499267578125 125.23899841308594 148.4510040283203
v 100.0989990234375 180.78500366210938 89.98680114746094
v 247.7740020751953 136.52099609375 110.48799896240234
v 246.0989990234375 135.58399963378906 108.4520034790039
v 108.1729965209961 163.63800048828125 71.2384033203125
v 113.83000183105469 162.9770050048828 71.76439666748047
v 264.9049987792969 199.72300720214844 153.1999969482422
v 216.10400390625 126.77799987792969 91.74639892578125
v 144.13499450683594 130.94900512695312 87.90460205078125
v 180.1020050048828 233.052001953125 147.6269989013672
v 177.91299438476562 231.46400451660156 141.72500610351562
v 102.09600067138672 139.60800170898438 59.460601806640625
v 90.52469635009766 253.4499969482422 40.56639862060547
v 89.69750213623047 248.63499450683594 39.783199310302734
v 74.19039916992188 199.93099975585938 36.43980026245117
v 74.55680084228516 194.49899291992188 36.40620040893555
v 188.8000030517578 132.1580047607422 71.00789642333984
v 145.43800354003906 131.88099670410156 105.96199798583984
v 143.05999755859375 131.4530029296875 111.11399841308594
v 120.9229965209961 268.2019958496094 88.3864974975586
v 157.7989959716797 171.80999755859375 138.17100524902344
v 211.06500244140625 194.83200073242188 134.11099243164062
v 128.74600219726562 277.875 94.09159851074219
v 135.427001953125 277.75201416015625 97.74520111083984
v 172.98899841308594 148.2270050048828 77.03730010986328
v 178.35000610351562 149.22900390625 81.456298828125
v 138.37899780273438 205.02499389648438 85.4386978149414
v 138.4949951171875 211.52699279785156 82.01380157470703
v 153.6510009765625 163.38400268554688 122.44100189208984
v 197.697998046875 117.28399658203125 104.0999984741211
v 110.16999816894531 275.8479919433594 83.1666030883789
v 111.0199966430664 269.5639953613281 82.53079986572266
v 121.61199951171875 210.18099975585938 119.09200286865234
v 67.89620208740234 224.3350067138672 50.89680099487305
v 68.80120086669922 226.05999755859375 41.9385986328125
v 182.10800170898438 189.02200317382812 114.13800048828125
v 133.35000610351562 224.2989959716797 187.40199279785156
v 135.87399291992188 233.72799682617188 182.72300720214844
v 70.39849853515625 188.42300415039062 38.733001708984375
v 71.78230285644531 190.63800048828125 36.86140060424805
v 118.16000366210938 141.63699340820312 69.11070251464844
v 83.30889892578125 152.30499267578125 66.5824966430664
v 95.57450103759766 204.3280029296875 52.224300384521484
v 86.90599822998047 226.14100646972656 39.354400634765625
v 217.01300048828125 175.0489959716797 123.69400024414062
v 164.906005859375 265.07501220703125 117.56900024414062
v 168.84500122070312 259.7879943847656 120.76599884033203
v 73.83480072021484 170.90899658203125 99.68340301513672
v 266.8219909667969 171.20899963378906 131.32000732421875
v 169.3159942626953 176.1439971923828 190.8470001220703
v 238.21200561523438 158.2689971923828 130.12899780273438
v 197.88699340820312 186.11300659179688 115.4020004272461
v 191.16799926757812 197.79600524902344 143.97799682617188
v 191.91000366210938 197.66900634765625 143.06399536132812
v 125.54900360107422 144.53500366210938 181.32200622558594
v 93.3302993774414 295.760009765625 118.2490005493164
v 117.50599670410156 147.7239990234375 66.08350372314453
v 107.43000030517578 180.79299926757812 97.01619720458984
v 150.41099548339844 175.60899353027344 128.93099975585938
v 269.9800109863281 161.29800415039062 126.30999755859375
v 109.56500244140625 133.81900024414062 145.22300720214844
v 139.87399291992188 149.99000549316406 112.16999816894531
v 119.90499877929688 190.30999755859375 103.41000366210938
v 120.3270034790039 188.88499450683594 102.98200225830078
v 184.07400512695312 118.15899658203125 108.81600189208984
v 177.83099365234375 119.1729965209961 110.36399841308594
v 239.2969970703125 146.66200256347656 117.95800018310547
v 83.98699951171875 229.7760009765625 33.781898498535156
v 261.14599609375 151.32000732421875 118.84600067138672
v 212.53399658203125 207.8280029296875 146.73300170898438
v 138.72999572753906 149.83399963378906 117.63700103759766
v 181.88699340820312 167.88800048828125 92.63390350341797
v 157.2050018310547 125.54299926757812 108.67900085449219
v 154.552001953125 124.05999755859375 122.78199768066406
v 132.16400146484375 195.71600341796875 82.35749816894531
v 129.7779998779297 197.81700134277344 85.30349731445312
v 199.83099365234375 117.76699829101562 81.28990173339844
v 202.46499633789062 117.11799621582031 87.83380126953125
v 236.0399932861328 197.09500122070312 171.98500061035156
v 75.21659851074219 189.375 36.51390075683594
v 73.24749755859375 186.74000549316406 36.80939865112305
v 91.6166000366211 143.14199829101562 92.54759979248047
v 106.19599914550781 200.31300354003906 61.44160079956055
v 137.9459991455078 215.49000549316406 81.93879699707031
v 139.80099487304688 215.3560028076172 84.84429931640625
v 82.10030364990234 172.53599548339844 123.71299743652344
v 138.19700622558594 204.97799682617188 81.23629760742188
v 101.0260009765625 232.01499938964844 172.61599731445312
v 135.13299560546875 220.0469970703125 79.84549713134766
v 220.31700134277344 170.44500732421875 124.46399688720703
v 145.0189971923828 167.36000061035156 117.39099884033203
v 170.96200561523438 211.3159942626953 103.41100311279297
v 135.42100524902344 152.50799560546875 110.9489974975586
v 135.5030059814453 152.33099365234375 107.90299987792969
v 267.90301513671875 191.14199829101562 142.88400268554688
v 126.28500366210938 236.03900146484375 180.49200439453125
v 130.2010040283203 139.2030029296875 178.2480010986328
v 84.48819732666016 239.09800720214844 29.950700759887695
v 84.55249786376953 235.0399932861328 31.53420066833496
v 191.2689971923828 164.0449981689453 97.69139862060547
v 89.79319763183594 183.26600646972656 57.72269821166992
v 76.10449981689453 277.57598876953125 120.35700225830078
v 73.24710083007812 276.5849914550781 113.27200317382812
v 86.84249877929688 205.7740020751953 166.11399841308594
v 173.58599853515625 169.447998046875 187.5970001220703
v 182.97000122070312 163.427001953125 91.09539794921875
v 225.28399658203125 129.98699951171875 99.18990325927734
v 204.9029998779297 192.43099975585938 124.94200134277344
v 69.07479858398438 192.6060028076172 85.99810028076172
v 68.08879852294922 208.3979949951172 86.91629791259766
v 122.91400146484375 136.7969970703125 82.54209899902344
v 127.08699798583984 213.23399353027344 119.98500061035156
v 178.61000061035156 121.19400024414062 91.10260009765625
v 243.3470001220703 127.58399963378906 127.37100219726562
v 150.50999450683594 151.30999755859375 68.63870239257812
v 103.26399993896484 304.6239929199219 99.17120361328125
v 151.17100524902344 274.0950012207031 146.74099731445312
v 111.94100189208984 193.97999572753906 75.30400085449219
v 111.9469985961914 192.92100524902344 71.65560150146484
v 173.66299438476562 197.90899658203125 143.51199340820312
v 125.23200225830078 243.97900390625 78.1364974975586
v 82.00189971923828 272.5530090332031 66.98670196533203
v 140.20700073242188 256.8429870605469 92.29019927978516
v 248.01600646972656 135.50100708007812 113.31199645996094
v 246.4199981689453 133.49000549316406 115.6969985961914
v 128.83099365234375 256.4809875488281 86.96810150146484
v 268.2340087890625 189.7469940185547 150.23699951171875
v 151.61199951171875 253.08599853515625 165.39500427246094
v 187.1439971923828 118.45700073242188 98.3989028930664
v 92.4188003540039 258.5920104980469 152.01300048828125
v 148.09500122070312 234.79400634765625 115.7959976196289
v 147.9040069580078 233.052001953125 115.96299743652344
v 222.63299560546875 137.46800231933594 105.26399993896484
v 227.3350067138672 132.45799255371094 102.14399719238281
v 177.83599853515625 255.10499572753906 133.63999938964844
v 231.39999389648438 134.3280029296875 104.58100128173828
v 235.89599609375 131.2740020751953 103.97899627685547
v 192.2259979248047 212.77200317382812 170.83099365234375
v 209.72999572753906 136.38999938964844 164.68299865722656
v 206.9040069580078 138.8459930419922 167.28399658203125
v 83.52529907226562 244.91200256347656 28.43670082092285
v 162.8209991455078 230.19400024414062 90.63849639892578
v 239.25100708007812 128.0989990234375 106.24500274658203
v 135.90899658203125 228.95799255371094 81.38710021972656
v 172.91900634765625 198.4499969482422 145.76600646972656
v 68.69869995117188 229.56500244140625 57.23970031738281
v 70.36959838867188 238.98800659179688 66.26730346679688
v 132.66799926757812 134.85699462890625 173.30799865722656
v 150.80599975585938 264.7799987792969 105.30699920654297
v 199.87899780273438 190.58599853515625 114.36799621582031
v 217.24099731445312 205.44500732421875 170.15699768066406
v 176.23300170898438 239.46499633789062 126.0530014038086
v 202.86300659179688 118.26599884033203 79.82959747314453
v 105.31400299072266 191.1300048828125 67.27330017089844
v 160.58299255371094 247.12600708007812 166.79600524902344
v 125.43900299072266 135.36599731445312 84.1592025756836
v 132.71800231933594 230.94200134277344 81.7354965209961
v 140.60800170898438 224.66900634765625 106.36699676513672
v 142.73199462890625 225.00999450683594 108.5479965209961
v 95.87689971923828 186.12100219726562 65.3290023803711
v 169.86700439453125 175.93699645996094 138.74099731445312
v 173.4510040283203 256.9779968261719 125.98100280761719
v 124.24099731445312 213.49200439453125 115.02799987792969
v 124.78700256347656 214.968994140625 112.41100311279297
v 164.48599243164062 171.79600524902344 137.4459991455078
v 184.7100067138672 197.91099548339844 145.4459991455078
v 87.70970153808594 258.7879943847656 39.52560043334961
v 88.66089630126953 146.5489959716797 97.87249755859375
v 85.6093978881836 149.85499572753906 88.76969909667969
v 248.69200134277344 139.41099548339844 111.36699676513672
v 249.33599853515625 137.3489990234375 113.49199676513672
v 169.84100341796875 130.91299438476562 65.31890106201172
v 129.90199279785156 135.31100463867188 80.55680084228516
v 187.70799255371094 221.70899963378906 146.02200317382812
v 231.93499755859375 129.75 101.37899780273438
v 154.98399353027344 187.97999572753906 133.4510040283203
v 111.78299713134766 183.30799865722656 99.2780990600586
v 207.73399353027344 207.11300659179688 168.35899353027344
v 213.0800018310547 207.02499389648438 168.0659942626953
v 172.8800048828125 124.2300033569336 82.1720962524414
v 128.39300537109375 212.3509979248047 119.2030029296875
v 68.81700134277344 186.5570068359375 45.509498596191406
v 181.00399780273438 223.4770050048828 130.77699279785156
v 176.20199584960938 195.8459930419922 144.42599487304688
v 177.84300231933594 195.8699951171875 144.29600524902344
v 183.00399780273438 234.05299377441406 164.73199462890625
v 181.0850067138672 232.95399475097656 166.3990020751953
v 151.02699279785156 236.593994140625 85.66699981689453
v 97.59960174560547 247.87399291992188 55.70399856567383
v 137.8159942626953 261.7359924316406 161.51499938964844
v 235.7010040283203 141.87899780273438 112.96700286865234
v 218.73599243164062 162.0540008544922 171.07200622558594
v 152.11500549316406 159.5970001220703 123.73699951171875
v 93.83309936523438 164.9949951171875 155.29100036621094
v 76.15959930419922 191.66799926757812 112.16400146484375
v 178.0970001220703 215.44000244140625 97.1884994506836
v 181.0030059814453 215.13400268554688 99.61759948730469
v 96.2948989868164 268.28900146484375 149.0290069580078
v 95.3134994506836 273.5150146484375 144.13900756835938
v 150.66900634765625 192.0030059814453 125.08899688720703
v 195.4980010986328 190.0850067138672 115.21499633789062
v 194.24899291992188 190.16799926757812 115.24299621582031
v 203.60000610351562 206.3040008544922 158.00100708007812
v 77.91239929199219 267.9949951171875 71.85289764404297
v 122.1050033569336 222.1230010986328 119.2750015258789
v 204.5449981689453 185.35699462890625 118.01200103759766
v 192.34300231933594 224.95799255371094 136.5959930419922
v 161.88299560546875 164.7480010986328 124.84300231933594
v 116.86499786376953 296.2250061035156 85.072998046875
v 253.65499877929688 202.54400634765625 165.25900268554688
v 152.44900512695312 210.23699951171875 93.45050048828125
v 196.15199279785156 219.8699951171875 118.86599731445312
v 68.76920318603516 192.95700073242188 39.855098724365234
v 257.9679870605469 184.74600219726562 158.78199768066406
v 79.0813980102539 190.86399841308594 121.55599975585938
v 121.31900024414062 202.73300170898438 92.77220153808594
v 118.50199890136719 201.05999755859375 91.98190307617188
v 191.22300720214844 184.7429962158203 111.36100006103516
v 221.09500122070312 192.45599365234375 176.88600158691406
v 129.96600341796875 187.1269989013672 94.94869995117188
v 67.2853012084961 196.88299560546875 76.98819732666016
v 66.32450103759766 206.23800659179688 72.15809631347656
v 176.5229949951172 198.10800170898438 145.38900756835938
v 174.7239990234375 198.11099243164062 144.7729949951172
v 136.2270050048828 137.9810028076172 104.1969985961914
v 133.53799438476562 133.70399475097656 103.91300201416016
v 262.6700134277344 191.1739959716797 156.58999633789062
v 115.96600341796875 148.44500732421875 180.75599670410156
v 114.63999938964844 144.98699951171875 176.05999755859375
v 137.2949981689453 241.55799865722656 178.031005859375
v 140.4239959716797 161.7220001220703 187.9770050048828
v 139.6929931640625 166.4340057373047 190.8800048828125
v 178.05799865722656 192.50799560546875 122.2760009765625
v 134.89700317382812 213.72300720214844 123.38899993896484
v 71.42389678955078 185.64300537109375 39.53900146484375
v 136.63499450683594 206.52200317382812 115.71600341796875
v 196.4550018310547 199.6529998779297 144.31199645996094
v 125.61499786376953 261.3219909667969 161.51100158691406
v 122.7229995727539 145.28500366210938 63.827598571777344
v 121.9540023803711 147.01699829101562 65.38749694824219
v 88.13899993896484 200.31199645996094 170.46499633789062
v 141.0709991455078 129.83999633789062 114.97000122070312
v 220.38299560546875 153.38699340820312 169.7100067138672
v 121.78500366210938 146.3000030517578 68.26170349121094
v 144.87399291992188 232.9409942626953 115.67500305175781
v 67.35569763183594 219.75399780273438 47.46480178833008
v 191.94500732421875 199.6529998779297 142.70899963378906
v 90.24420166015625 187.68299865722656 177.2310028076172
v 88.96589660644531 185.927001953125 174.01699829101562
v 235.80999755859375 201.5760040283203 170.44500732421875
v 217.82899475097656 118.49400329589844 95.41419982910156
v 223.15699768066406 119.71600341796875 97.2739028930664
v 165.2790069580078 174.38999938964844 128.05999755859375
v 164.46200561523438 177.03900146484375 128.2239990234375
v 90.40480041503906 257.6789855957031 41.02539825439453
v 178.18899536132812 124.78299713134766 76.5636978149414
v 149.0959930419922 159.17100524902344 123.59300231933594
v 169.46499633789062 177.60400390625 140.56700134277344
v 251.82200622558594 202.9720001220703 166.73800659179688
v 101.46099853515625 245.94000244140625 60.37889862060547
v 91.67579650878906 195.42599487304688 53.140499114990234
v 267.74200439453125 176.71200561523438 133.6840057373047
v 267.8290100097656 179.9720001220703 136.85800170898438
v 113.16899871826172 219.00799560546875 184.0590057373047
v 146.71299743652344 165.36700439453125 114.24199676513672
v 147.76800537109375 167.51499938964844 114.31999969482422
v 148.02699279785156 163.5399932861328 117.71399688720703
v 212.0449981689453 190.06300354003906 127.19999694824219
v 159.26199340820312 122.78800201416016 133.54200744628906
v 148.76600646972656 123.84200286865234 129.0469970703125
v 127.3479995727539 241.15899658203125 177.8939971923828
v 102.0739974975586 214.83900451660156 53.383201599121094
v 95.231201171875 140.08200073242188 79.09130096435547
v 181.1719970703125 179.00599670410156 188.72500610351562
v 75.0905990600586 278.2799987792969 96.57550048828125
v 228.52499389648438 145.3509979248047 114.35900115966797
v 85.30249786376953 194.01199340820312 43.54199981689453
v 194.67300415039062 201.18699645996094 145.79800415039062
v 178.97300720214844 186.6750030517578 192.00100708007812
v 167.7689971923828 192.1479949951172 139.56900024414062
v 180.46400451660156 136.76199340820312 70.28939819335938
v 145.7209930419922 186.50999450683594 198.2790069580078
v 98.33329772949219 299.89300537109375 111.02200317382812
v 230.07000732421875 186.7010040283203 143.69700622558594
v 164.71400451660156 165.9759979248047 127.11399841308594
v 167.38600158691406 168.90699768066406 128.08200073242188
v 78.6791000366211 193.85299682617188 37.777198791503906
v 83.48629760742188 198.0919952392578 41.18220138549805
v 101.9260025024414 294.5010070800781 71.87629699707031
v 223.31199645996094 128.45199584960938 96.78939819335938
v 180.6300048828125 238.11599731445312 164.89500427246094
v 124.36900329589844 218.91700744628906 67.54869842529297
v 196.62100219726562 216.63400268554688 146.68299865722656
v 130.89199829101562 252.44700622558594 85.6781005859375
v 127.03900146484375 158.10699462890625 72.06759643554688
v 129.19400024414062 156.07400512695312 68.68900299072266
v 211.05499267578125 126.18800354003906 87.56909942626953
v 172.48899841308594 249.0449981689453 158.73500061035156
v 168.27200317382812 211.1479949951172 107.88400268554688
v 269.63800048828125 182.2270050048828 144.20700073242188
v 268.95098876953125 185.0970001220703 146.26199340820312
v 206.4739990234375 203.17100524902344 146.34300231933594
v 111.13899993896484 258.927001953125 77.731201171875
v 140.68600463867188 268.0740051269531 156.08599853515625
v 79.82209777832031 235.85000610351562 24.627099990844727
v 135.93899536132812 227.36399841308594 106.697998046875
v 233.75900268554688 167.82400512695312 133.71600341796875
v 254.98500061035156 152.3979949951172 118.28299713134766
v 77.00910186767578 249.18699645996094 41.853599548339844
v 125.73999786376953 214.62399291992188 120
v 229.30799865722656 202.12100219726562 161.25
v 155.52699279785156 157.30999755859375 127.16799926757812
v 138.18899536132812 168.75100708007812 78.74669647216797
v 170.34300231933594 194.22900390625 141.76199340820312
v 138.82699584960938 134.02699279785156 113.23100280761719
v 143.11700439453125 203.14999389648438 197.88299560546875
v 132.05099487304688 301.5369873046875 121.16200256347656
v 137.39599609375 301.02099609375 121.24199676513672
v 193.83200073242188 213.6439971923828 154.625
v 169.07400512695312 175.97900390625 132.20899963378906
v 93.13790130615234 262.8280029296875 48.292198181152344
v 137.8249969482422 152.2530059814453 107.77200317382812
v 211.41900634765625 195.9199981689453 136.2570037841797
v 140.36599731445312 137.14999389648438 108.31600189208984
v 140.14700317382812 137.26699829101562 103.77400207519531
v 187.9320068359375 149.5469970703125 174.34800720214844
v 205.5749969482422 192.09800720214844 121.27799987792969
v 88.6240005493164 185.99600219726562 169.8000030517578
v 97.38919830322266 179.38800048828125 182.06199645996094
v 92.79609680175781 141.6739959716797 100.04499816894531
v 229.11599731445312 175.1479949951172 135.12600708007812
v 225.49899291992188 171.4409942626953 129.76699829101562
v 144.56900024414062 162.49400329589844 126.7699966430664
v 134.36599731445312 250.2050018310547 85.67769622802734
v 140.09500122070312 247.0290069580078 86.01940155029297
v 119.51200103759766 255.447998046875 164.75399780273438
v 132.56399536132812 306.8710021972656 103.40599822998047
v 139.33799743652344 142.44700622558594 107.29299926757812
v 181.6479949951172 196.5919952392578 142.4429931640625
v 122.91200256347656 230.4320068359375 181.7530059814453
v 246.4929962158203 141.75399780273438 111.20500183105469
v 143.927001953125 203.46499633789062 120.93800354003906
v 145.41000366210938 157.1909942626953 72.21189880371094
v 132.22000122070312 193.0959930419922 102.58499908447266
v 145.1929931640625 162.49600219726562 121.48600006103516
v 145.3179931640625 160.3990020751953 120.86299896240234
v 70.90390014648438 265.906005859375 100.77300262451172
v 73.22200012207031 272.010986328125 94.908203125
v 83.9656982421875 211.35400390625 40.52989959716797
v 145.6739959716797 220.9219970703125 83.49109649658203
v 140.98899841308594 220.9010009765625 83.5479965209961
v 188.36700439453125 211.6649932861328 180.0590057373047
v 127.4729995727539 222.47999572753906 112.27300262451172
v 127.83100128173828 222.95700073242188 116.20500183105469
v 149.6999969482422 171.44400024414062 192.28700256347656
v 72.48280334472656 241.61000061035156 138.43299865722656
v 202.63800048828125 200.7239990234375 144.89700317382812
v 152.9459991455078 279.1659851074219 141.18699645996094
v 211.0570068359375 166.28599548339844 114.94300079345703
v 208.92599487304688 159.8820037841797 111.38600158691406
v 212.25 200.09500122070312 135.2259979248047
v 93.02539825439453 170.05999755859375 72.22309875488281
v 119.1510009765625 133.21099853515625 160.8459930419922
v 90.63330078125 167.34800720214844 67.60070037841797
v 90.39019775390625 162.30999755859375 64.908203125
v 149.9080047607422 184.3979949951172 113.88800048828125
v 151.2790069580078 183.07899475097656 112.6989974975586
v 224.99600219726562 124.76000213623047 143.66299438476562
v 125.81999969482422 192.51300048828125 105.15899658203125
v 149.15699768066406 233.74899291992188 115.66699981689453
v 151.18899536132812 220.33200073242188 85.11689758300781
v 165.2760009765625 182.04200744628906 141.48599243164062
v 166.8260040283203 179.90899658203125 141.97000122070312
v 150.15499877929688 172.3470001220703 131.03500366210938
v 242.71299743652344 173.9010009765625 139.5229949951172
v 173.1540069580078 196.23800659179688 138.47900390625
v 143.10400390625 170.13099670410156 80.39019775390625
v 139.8350067138672 214.93699645996094 104.06300354003906
v 210.47300720214844 117.85600280761719 88.64720153808594
v 206.58700561523438 117.0459976196289 89.72850036621094
v 212.11199951171875 151.05099487304688 109.29199981689453
v 91.1688003540039 182.63800048828125 62.42380142211914
v 92.1061019897461 180.98300170898438 66.68180084228516
v 202.1060028076172 229.39700317382812 136.843994140625
v 167.8489990234375 170.02499389648438 134.44000244140625
v 117.28199768066406 183.1479949951172 98.37590026855469
v 155.5850067138672 188.9949951171875 197.16000366210938
v 122.56199645996094 143.2050018310547 70.6050033569336
v 125.75199890136719 191.0050048828125 102.93900299072266
v 150.24899291992188 224.31500244140625 83.44419860839844
v 267.96600341796875 186.16200256347656 139.2169952392578
v 269.8689880371094 187.96499633789062 140.1490020751953
v 204.1820068359375 219.55299377441406 125.36699676513672
v 146.22999572753906 130.73599243164062 80.63369750976562
v 137.82200622558594 172.3070068359375 195.71499633789062
v 135.05499267578125 197.375 81.08309936523438
v 196.11399841308594 201.92599487304688 145.3520050048828
v 73.881103515625 249.1790008544922 60.269798278808594
v 239.4770050048828 199.6490020751953 171.92300415039062
v 164.4530029296875 164.27099609375 128.6320037841797
v 174.89100646972656 234.0679931640625 129.3800048828125
v 174.76400756835938 228.08900451660156 127.13200378417969
v 70.87300109863281 182.9739990234375 46.2504997253418
v 74.10279846191406 180.27200317382812 41.47840118408203
v 100.33399963378906 246.07200622558594 160.25
v 135.13499450683594 131.22900390625 167.3719940185547
v 137.94200134277344 222.3560028076172 120.0510025024414
v 170.20599365234375 120.6719970703125 122.76499938964844
v 205.90199279785156 189.91600036621094 123.28600311279297
v 123.36499786376953 144.20599365234375 67.27179718017578
v 137.81500244140625 303.6669921875 109.4000015258789
v 165.0989990234375 207.52699279785156 123.14099884033203
v 165.0679931640625 212.06100463867188 119.40799713134766
v 261.5849914550781 199.12600708007812 153.53599548339844
v 197.14599609375 202.11000061035156 144.48399353027344
v 196.94700622558594 201.9949951171875 145.66799926757812
v 225.9340057373047 123.32099914550781 95.44200134277344
v 71.23799896240234 178.29100036621094 62.70069885253906
v 71.73380279541016 178.7740020751953 55.28919982910156
v 121.21499633789062 199.9429931640625 96.05999755859375
v 125.04199981689453 198.6300048828125 85.34329986572266
v 129.86000061035156 231.77000427246094 81.17389678955078
v 122.51599884033203 253.552001953125 81.8676986694336
v 76.8385009765625 200.0469970703125 129.52099609375
v 72.77529907226562 211.19200134277344 125.8219985961914
v 186.80499267578125 198.76100158691406 142.5469970703125
v 209.93499755859375 194.12600708007812 125.46800231933594
v 165.92799377441406 198.9980010986328 131.99600219726562
v 136.67300415039062 142.9459991455078 106.13400268554688
v 194.9250030517578 206.41700744628906 163.4149932861328
v 246.26600646972656 140.2530059814453 151.41600036621094
v 241.24000549316406 134.83299255371094 150.46400451660156
v 152.64700317382812 171.80799865722656 134.1929931640625
v 155.031005859375 174.17100524902344 136.73199462890625
v 163.677001953125 228.1320037841797 182.1649932861328
v 165.0919952392578 224.61500549316406 185.25799560546875
v 174.31100463867188 191.406005859375 140.58900451660156
v 119.68499755859375 194.7989959716797 68.65560150146484
v 122.64199829101562 196.875 68.68090057373047
v 139.70599365234375 149.20399475097656 185.2270050048828
v 151.11300659179688 161.83700561523438 187.81500244140625
v 149.22799682617188 156.81399536132812 186.53900146484375
v 153.75999450683594 152.53399658203125 186.4530029296875
v 183.82200622558594 192.66799926757812 116.29100036621094
v 184.50599670410156 192.19000244140625 113.60199737548828
v 132.87600708007812 143.55999755859375 110.5009994506836
v 116.33499908447266 309.6619873046875 90.14520263671875
v 92.17340087890625 177.16799926757812 70.26439666748047
v 200.33200073242188 231.10499572753906 134.02699279785156
v 211.9040069580078 198.86199951171875 177.11900329589844
v 206.83900451660156 194.2830047607422 180.72999572753906
v 79.36250305175781 187.8800048828125 38.57509994506836
v 97.2300033569336 172.95799255371094 79.52890014648438
v 178.56199645996094 220.08799743652344 105.58899688720703
v 183.1179962158203 217.98399353027344 104.49199676513672
v 230.99600219726562 124.28700256347656 98.94770050048828
v 208.93699645996094 138.88499450683594 99.00589752197266
v 133.20799255371094 205.68800354003906 102.87699890136719
v 133.0330047607422 205.8260040283203 95.55280303955078
v 143.14100646972656 163.51100158691406 117.39299774169922
v 259.3699951171875 197.00999450683594 153.11199951171875
v 132.63400268554688 219.66000366210938 104.65499877929688
v 90.8239974975586 275.15399169921875 138.5070037841797
v 116.2249984741211 307.4159851074219 85.6095962524414
v 142.29299926757812 156.9510040283203 115.01000213623047
v 143.31700134277344 159.26499938964844 113.66600036621094
v 133.5019989013672 217.54100036621094 75.52149963378906
v 87.2969970703125 203.1009979248047 44.534000396728516
v 100.83799743652344 137.87399291992188 68.95210266113281
v 139.4409942626953 156.656005859375 110.08100128173828
v 192.58700561523438 219.94500732421875 145.14999389648438
v 207.05799865722656 213.2729949951172 124.64299774169922
v 262.6809997558594 161.95399475097656 124.63400268554688
v 140.69400024414062 159.76400756835938 111.86900329589844
v 132.50999450683594 131.73500061035156 97.38150024414062
v 156.2429962158203 249.98699951171875 97.5553970336914
v 160.6929931640625 245.0399932861328 98.78679656982422
v 110.33499908447266 131.28799438476562 106.572998046875
v 199.01100158691406 191.06100463867188 118.99099731445312
v 169.7550048828125 210.9340057373047 112.55400085449219
v 145.69000244140625 135.16200256347656 61.70100021362305
v 171.4810028076172 233.18299865722656 112.22100067138672
v 171.48699951171875 227.58900451660156 107.58100128173828
v 211.84800720214844 211.08299255371094 140.38900756835938
v 213.1230010986328 207.51699829101562 137.5850067138672
v 235.1269989013672 127.48300170898438 103.06199645996094
v 91.60690307617188 153.58999633789062 59.902099609375
v 158.76300048828125 167.23199462890625 134.86099243164062
v 180.64199829101562 194.66900634765625 127.71099853515625
v 142.92799377441406 124.49700164794922 123.5780029296875
v 196.48599243164062 119.52899932861328 75.76260375976562
v 244.2779998779297 157.82400512695312 130.87899780273438
v 247.5760040283203 154.01400756835938 126.65899658203125
v 141.1580047607422 275.5249938964844 101.29399871826172
v 113.03700256347656 210.13699340820312 61.9119987487793
v 143.9600067138672 263.64898681640625 98.59130096435547
v 179.4409942626953 196.552001953125 136.15199279785156
v 123.8270034790039 213.16900634765625 120
v 77.20339965820312 232.26499938964844 23.05780029296875
v 225.7259979248047 180.82400512695312 135.6909942626953
v 172.98500061035156 131.15199279785156 165.18800354003906
v 80.9021987915039 285.864990234375 91.17379760742188
v 154.0570068359375 183.03900146484375 132.51699829101562
v 177.56399536132812 193.52000427246094 133.9429931640625
v 271.25299072265625 185.45899963378906 142.83900451660156
v 180.85400390625 139.63600158691406 73.82830047607422
v 179.5260009765625 126.94999694824219 70.17939758300781
v 210.4010009765625 198.50599670410156 137.86599731445312
v 201.75 229.03599548339844 134.76800537109375
v 79.339599609375 180.7220001220703 40.332000732421875
v 79.27310180664062 177.83599853515625 41.672401428222656
v 131.1820068359375 298.6759948730469 128.2949981689453
v 137.48500061035156 299.6260070800781 125.3740005493164
v 159.93099975585938 170.28799438476562 136.84100341796875
v 164.32200622558594 170.5 136.45199584960938
v 140.5189971923828 272.5539855957031 152.08200073242188
v 152.86099243164062 269.43798828125 107.69200134277344
v 186.9459991455078 201.04200744628906 189.66900634765625
v 127.0790023803711 196.32200622558594 106.81400299072266
v 125.84500122070312 194.04200744628906 106.53500366210938
v 121.94599914550781 147.2220001220703 62.047000885009766
v 123.29499816894531 144.92100524902344 61.102699279785156
v 89.50399780273438 274.6990051269531 55.218299865722656
v 88.393798828125 190.4770050048828 172.3769989013672
v 253.62899780273438 144.64300537109375 115.80400085449219
v 150.17999267578125 285.635009765625 136.02099609375
v 111.45099639892578 159.23800659179688 68.58000183105469
v 109.27100372314453 153.41400146484375 63.87260055541992
v 138.3780059814453 226.11900329589844 106
v 139.30799865722656 155.44200134277344 118.08000183105469
v 139.8209991455078 154.8070068359375 119.86399841308594
v 156.9239959716797 203.875 125.19000244140625
v 209.08799743652344 200.4550018310547 143.69000244140625
v 85.10590362548828 201.37399291992188 164.1529998779297
v 91.67109680175781 268.46600341796875 49.57939910888672
v 191.79100036621094 190.2050018310547 117.4280014038086
v 270.7139892578125 167.57899475097656 126.72799682617188
v 96.32969665527344 212.99200439453125 179.28599548339844
v 96.23930358886719 217.44000244140625 176.34100341796875
v 221.802001953125 119.30799865722656 101.01499938964844
v 128.68600463867188 199.66200256347656 71.818603515625
v 112.72000122070312 135.34100341796875 155.7740020751953
v 270.8909912109375 174.06500244140625 130.6820068359375
v 175.79200744628906 143.48300170898438 74.36280059814453
v 78.96700286865234 261.6210021972656 137.6750030517578
v 83.51629638671875 255.79200744628906 37.61759948730469
v 261.38299560546875 168.697998046875 133.00900268554688
v 265.57501220703125 173.26699829101562 133.48399353027344
v 147.3350067138672 170.48300170898438 120.61299896240234
v 75.2251968383789 208.5240020751953 148.8979949951172
v 146.3040008544922 196.44700622558594 119.99700164794922
v 202.81100463867188 138.36199951171875 93.16680145263672
v 100.89299774169922 199.75999450683594 185.31700134277344
v 97.2979965209961 200.48699951171875 181.9010009765625
v 136.58799743652344 232.20599365234375 106.73300170898438
v 136.1199951171875 201.98199462890625 86.29750061035156
v 133.01100158691406 202.76199340820312 88.83689880371094
v 136.4459991455078 140.53500366210938 54.57899856567383
v 68.37560272216797 228.85000610351562 71.01730346679688
v 254.45700073242188 181.06900024414062 143.73500061035156
v 207.71299743652344 203.90199279785156 148.14599609375
v 203.93800354003906 117.34600067138672 83.43329620361328
v 114.60099792480469 299.27099609375 81.64790344238281
v 111.75299835205078 302.0870056152344 79.06700134277344
v 91.93470001220703 270.8009948730469 51.737098693847656
v 135.48500061035156 305.0530090332031 100.74800109863281
v 175.6719970703125 230.13800048828125 134.06900024414062
v 207.72999572753906 135.74600219726562 95.49610137939453
v 120.74299621582031 261.60400390625 85.64900207519531
v 140.71499633789062 219.0449981689453 190.7169952392578
v 88.81079864501953 255.44400024414062 37.81290054321289
v 88.90440368652344 251.8209991455078 37.03499984741211
v 157.20899963378906 175.3280029296875 192.69400024414062
v 72.94560241699219 259.33599853515625 130.6929931640625
v 72.34459686279297 254.68699645996094 132.27200317382812
v 160.9530029296875 160.9080047607422 80.53890228271484
v 161.95700073242188 156.6540069580078 78.16929626464844
v 110.9229965209961 181.1060028076172 98.12799835205078
v 180.13699340820312 198.69200134277344 111.61499786376953
v 177.36599731445312 197.84100341796875 113.87999725341797
v 159.2239990234375 208.63499450683594 122.91500091552734
v 146.56700134277344 168.5850067138672 122.125
v 132.19700622558594 228.6999969482422 82.96839904785156
v 210.55599975585938 210.65899658203125 133.26300048828125
v 106.00599670410156 172.04100036621094 83.00830078125
v 260.4930114746094 149.50799560546875 142.9810028076172
v 160.5709991455078 249.7209930419922 102.3280029296875
v 146.54200744628906 230.3419952392578 111.2969970703125
v 148.3979949951172 172.87899780273438 120.63200378417969
v 150.03199768066406 174.70599365234375 117.27300262451172
v 90.75279998779297 144.95599365234375 67.12879943847656
v 204.94700622558594 201.2550048828125 143.406005859375
v 204.5500030517578 201.89500427246094 143.5959930419922
v 127.8219985961914 198.6999969482422 199.12600708007812
v 130.6269989013672 204.68299865722656 197.968994140625
v 185.16400146484375 197.4239959716797 142.72300720214844
v 183.4429931640625 197.25 142.4040069580078
v 242.74000549316406 162.99200439453125 134.3719940185547
v 125.18099975585938 164.7030029296875 189.8979949951172
v 142.60899353027344 217.78700256347656 85.22640228271484
v 173.51499938964844 196.8719940185547 130.8419952392578
v 121.4990005493164 217.7729949951172 119.98699951171875
v 164.3070068359375 243.13499450683594 168.56199645996094
v 169.06500244140625 237.28399658203125 171.53500366210938
v 141.11900329589844 134.64599609375 109.10900115966797
v 164.9770050048828 218.27999877929688 94.23159790039062
v 111.31099700927734 185.85499572753906 98.80960083007812
v 178.98399353027344 216.4290008544922 187.4770050048828
v 79.56300354003906 227.5850067138672 27.269399642944336
v 93.20179748535156 212.12899780273438 175.81199645996094
v 207.0919952392578 201.9810028076172 118.85099792480469
v 121.7979965209961 284.5150146484375 90.37149810791016
v 142.50900268554688 213.10000610351562 123.35099792480469
v 200.69500732421875 202.74200439453125 147.04200744628906
v 182.89999389648438 194.7740020751953 134.5070037841797
v 183.5659942626953 193.875 132.8459930419922
v 91.18589782714844 200.47500610351562 49.82699966430664
v 250.56300354003906 155.2270050048828 157.11000061035156
v 248.33799743652344 149.5679931640625 156.57400512695312
v 169.21299743652344 216.72000122070312 96.61650085449219
v 86.19989776611328 153.93800354003906 114.53600311279297
v 184.3990020751953 194.79600524902344 133.84300231933594
v 169.53199768066406 165.8419952392578 187.88999938964844
v 111.9010009765625 193.74000549316406 67.7947006225586
v 202.5800018310547 200.62100219726562 143.58999633789062
v 260.47100830078125 198.156005859375 159.21299743652344
v 165.3280029296875 221.8300018310547 91.95719909667969
v 125.65399932861328 290.42999267578125 139.31500244140625
v 133.61300659179688 286.4599914550781 142.79600524902344
v 105.37699890136719 293.5409851074219 73.67500305175781
v 87.90550231933594 236.31700134277344 36.96480178833008
v 122.82599639892578 192.87899780273438 70.45539855957031
v 122.84100341796875 191.07899475097656 73.59259796142578
v 126.95500183105469 131.40899658203125 165.10800170898438
v 138.37399291992188 144.6060028076172 107.56199645996094
v 120.2750015258789 150.03900146484375 68.08740234375
v 242.82899475097656 128.68600463867188 138.4409942626953
v 93.94509887695312 142.9239959716797 63.7864990234375
v 190.3780059814453 211.76300048828125 173.91000366210938
v 168.9739990234375 189.6699981689453 125.80500030517578
v 186.4770050048828 118.06099700927734 117.04199981689453
v 153.6790008544922 228.2899932861328 84.56580352783203
v 164.20399475097656 152.1909942626953 185.46299743652344
v 123.97200012207031 139.19900512695312 78.21160125732422
v 122.2030029296875 138.06900024414062 80.0990982055664
v 145.13999938964844 292.4169921875 105.77899932861328
v 73.0167007446289 265.8299865722656 88.16120147705078
v 270.89599609375 186.88999938964844 138.31900024414062
v 266.0719909667969 156.9409942626953 122.36799621582031
v 127.02899932861328 129.9600067138672 97.68319702148438
v 128.90899658203125 129.7169952392578 103.56400299072266
v 188.61700439453125 216.6739959716797 109.46199798583984
v 189.69200134277344 218.41299438476562 113.11900329589844
v 158.57400512695312 219.03900146484375 188.80099487304688
v 159.4250030517578 223.71299743652344 186.947998046875
v 110.0199966430664 307.5450134277344 97.6156005859375
v 188.6479949951172 191.9929962158203 111.97000122070312
v 187.8769989013672 191.2259979248047 114.87100219726562
v 208.2969970703125 207.48899841308594 147.75799560546875
v 206.60299682617188 205.4149932861328 150.05499267578125
v 177.1580047607422 212.08900451660156 190.8090057373047
v 240.02200317382812 169.42300415039062 166.531005859375
v 258.89300537109375 199.88400268554688 155.5800018310547
v 226.3280029296875 171.68099975585938 171.38499450683594
v 135.66200256347656 228.9080047607422 106.73699951171875
v 139.46499633789062 158.66200256347656 111.23300170898438
v 92.22779846191406 256.0419921875 44.96689987182617
v 188.91099548339844 212.75999450683594 166.44000244140625
v 190.4010009765625 214.6280059814453 169.82699584960938
v 145.89500427246094 164.08599853515625 120.73899841308594
v 158.88999938964844 228.1009979248047 86.69519805908203
v 177.83900451660156 196.28500366210938 125.14099884033203
v 170.85899353027344 196.14300537109375 143.37100219726562
v 171.3979949951172 196.79600524902344 145.2050018310547
v 271.86700439453125 165.74899291992188 126.81600189208984
v 112.38500213623047 195.73699951171875 78.20020294189453
v 211.052001953125 210.75999450683594 144.20399475097656
v 200.68499755859375 123.41799926757812 77.05049896240234
v 116.20800018310547 178.01199340820312 88.60189819335938
v 204.06900024414062 140.1959991455078 168.2449951171875
v 144.30999755859375 199.9149932861328 115.7969970703125
v 105.26100158691406 189.2449951171875 73.3738021850586
v 122.27400207519531 212.66799926757812 116.7979965209961
v 121.4229965209961 214.6490020751953 115.96800231933594
v 126.98100280761719 300.6059875488281 124.10299682617188
v 128.36399841308594 302.2900085449219 117.25299835205078
v 142.47500610351562 159.43899536132812 119.96700286865234
v 74.62090301513672 228.75900268554688 23.658000946044922
v 160.36099243164062 178.0449981689453 126.79499816894531
v 96.38289642333984 142.4010009765625 58.07590103149414
v 88.50530242919922 147.70199584960938 60.755401611328125
v 149.13699340820312 208.97799682617188 195.22999572753906
v 126.2040023803711 207.22000122070312 195.66000366210938
v 129.02499389648438 230.53399658203125 79.50299835205078
v 144.8520050048828 160.5070037841797 126.63999938964844
v 165.71200561523438 270.40301513671875 136.38099670410156
v 181.45799255371094 232.5989990234375 151.69900512695312
v 86.74259948730469 240.79600524902344 33.74869918823242
v 90.466796875 238.7530059814453 41.733699798583984
v 180.79800415039062 207.572998046875 107.83100128173828
v 187.85400390625 219.64999389648438 162.4980010986328
v 231.77699279785156 126.34100341796875 99.95880126953125
v 250.29400634765625 145.29800415039062 152.01800537109375
v 188.7310028076172 211.52699279785156 184.34800720214844
v 218.81199645996094 125.40299987792969 146.72900390625
v 253.6750030517578 137.83900451660156 132.2899932861328
v 82.6969985961914 168.56399536132812 63.164798736572266
v 83.7708969116211 173.31399536132812 54.972801208496094
v 75.43699645996094 209.33099365234375 35.18830108642578
v 200.33200073242188 201.22999572753906 146.9949951171875
v 201.27499389648438 200.718994140625 146.1199951171875
v 194.31500244140625 225.4040069580078 131.08900451660156
v 211.7760009765625 197.26100158691406 138.7239990234375
v 133.78799438476562 207.86199951171875 112.63200378417969
v 181.4029998779297 193.62100219726562 192.3719940185547
v 175.96099853515625 198.94200134277344 194.40199279785156
v 266.9159851074219 159.36900329589844 123.61000061035156
v 205.20199584960938 201.83299255371094 147.06199645996094
v 205.84100341796875 201.1540069580078 145.27099609375
v 148.68499755859375 209.74200439453125 95.49299621582031
v 92.53140258789062 193.91299438476562 179.02499389648438
v 265.1050109863281 154.6719970703125 123.69599914550781
v 68.13369750976562 221.91799926757812 38.765499114990234
v 133.17799377441406 210.20599365234375 116.70099639892578
v 74.27909851074219 268.7879943847656 124.21099853515625
v 142.19400024414062 296.4570007324219 128.45799255371094
v 150.13600158691406 129.5240020751953 103.64099884033203
v 268.4070129394531 158.86599731445312 135.55099487304688
v 89.6583023071289 177.7729949951172 65.50420379638672
v 113.69200134277344 131.11099243164062 126.27999877929688
v 169.17100524902344 128.4340057373047 70.36250305175781
v 205.57000732421875 164.8699951171875 110.95700073242188
v 206.80799865722656 170.0540008544922 113.69599914550781
v 133.3040008544922 185.8679962158203 91.79650115966797
v 136.24600219726562 218.16700744628906 104.52799987792969
v 150.6649932861328 172.69200134277344 115.65799713134766
v 149.02499389648438 172.2740020751953 116.81700134277344
v 158.98800659179688 134.10800170898438 59.73469924926758
v 91.81050109863281 225.34800720214844 44.37580108642578
v 89.12660217285156 221.0679931640625 43.01679992675781
v 172.92599487304688 211.96299743652344 192.70799255371094
v 114.23300170898438 197.1529998779297 89.63359832763672
v 119.36000061035156 213.18699645996094 119.01699829101562
v 119.48899841308594 211.56399536132812 119.63400268554688
v 130.58700561523438 200.86900329589844 87.67859649658203
v 194.70599365234375 147.64300537109375 172.08700561523438
v 175.51699829101562 196.58700561523438 137.4530029296875
v 176.00599670410156 196.25999450683594 139.99400329589844
v 84.43250274658203 254.43299865722656 35.3656005859375
v 84.42489624023438 160.72500610351562 64.35880279541016
v 203.47900390625 201.72000122070312 146.99400329589844
v 111.5739974975586 298.7560119628906 78.19380187988281
v 117.01300048828125 196.35699462890625 67.71109771728516
v 117.23100280761719 193.05499267578125 69.60980224609375
v 209.6020050048828 210.1439971923828 129.04400634765625
v 86.75340270996094 186.66400146484375 161.1540069580078
v 148.2830047607422 209.6009979248047 100.56999969482422
v 171.51699829101562 190.2469940185547 119.28399658203125
v 75.53939819335938 233.43699645996094 24.66309928894043
v 131.1269989013672 284.3500061035156 95.36270141601562
v 205.08099365234375 214.36500549316406 143.00399780273438
v 209.14599609375 210.1199951171875 146.05099487304688
v 200.13699340820312 202.0019989013672 143.197998046875
v 168.13800048828125 184.06900024414062 133.53799438476562
v 166.39300537109375 204.01300048828125 125.62799835205078
v 133.94700622558594 124.41400146484375 133.4409942626953
v 190.7010040283203 216.7220001220703 157.15199279785156
v 145.3260040283203 143.6320037841797 57.65660095214844
v 149.53700256347656 196.08900451660156 122.77100372314453
v 88.67250061035156 175.97799682617188 143.93800354003906
v 138.97300720214844 209.05099487304688 95.466796875
v 129.9409942626953 302.29400634765625 93.80999755859375
v 134.9739990234375 183.4239959716797 88.66190338134766
v 129.29400634765625 194.9980010986328 73.44670104980469
v 126.03900146484375 192.2760009765625 73.01930236816406
v 223.7550048828125 195.97799682617188 148.01699829101562
v 149.24899291992188 187.06500244140625 116.75700378417969
v 111.75499725341797 176.0679931640625 87.89759826660156
v 76.06749725341797 185.92100524902344 37.02220153808594
v 142.88800048828125 235.83099365234375 82.17400360107422
v 156.6230010986328 175.89500427246094 139.13400268554688
v 200.83099365234375 207.25900268554688 172.27200317382812
v 186.27099609375 138.33200073242188 76.23390197753906
v 133.66000366210938 137.3730010986328 111.80500030517578
v 204.41600036621094 191.4720001220703 121.5719985961914
v 175.593994140625 218.6439971923828 97.06439971923828
v 190.16700744628906 155.77200317382812 92.6488037109375
v 76.15390014648438 259.21600341796875 66.5656967163086
v 74.42990112304688 261.63299560546875 77.09729766845703
v 175.08700561523438 148.7899932861328 179.82200622558594
v 170.6230010986328 151.24200439453125 182.0240020751953
v 109.14299774169922 240.4239959716797 63.386600494384766
v 208.4080047607422 148.197998046875 103.65299987792969
v 215.36599731445312 146.07899475097656 108.06500244140625
v 150.84300231933594 199.29100036621094 123.31600189208984
v 75.35769653320312 214.1739959716797 33.727901458740234
v 153.3090057373047 255.05599975585938 99.03489685058594
v 151.32200622558594 179.1280059814453 128.85400390625
v 74.3156967163086 250.5989990234375 138.51699829101562
v 121.0739974975586 220.1179962158203 119.25599670410156
v 202.71600341796875 122.26100158691406 140.427001953125
v 87.17269897460938 293.114013671875 88.3363037109375
v 187.5050048828125 222.6909942626953 134.3260040283203
v 256.95001220703125 199.4550018310547 163.04100036621094
v 190.72500610351562 220.16799926757812 118.11299896240234
v 129.74000549316406 145.91299438476562 54.86819839477539
v 132.35899353027344 146.36700439453125 55.20180130004883
v 152.48800659179688 173.8560028076172 118.51200103759766
v 82.12100219726562 246.46400451660156 149.2760009765625
v 93.85220336914062 146.38299560546875 57.2843017578125
v 110.35700225830078 195.8800048828125 81.40540313720703
v 182.31300354003906 196.32699584960938 143.66600036621094
v 146.9759979248047 161.25100708007812 122.13500213623047
v 85.78669738769531 169.11199951171875 131.9029998779297
v 175.71299743652344 196.7310028076172 134.19700622558594
v 107.89800262451172 213.93899536132812 57.94419860839844
v 136.57000732421875 199.9600067138672 79.59639739990234
v 100.6709976196289 180.20899963378906 185.9040069580078
v 165.74600219726562 122.18199920654297 110.80999755859375
v 253.3260040283203 178.88699340820312 160.41900634765625
v 208.27699279785156 118.26100158691406 84.96199798583984
v 211.4320068359375 200.87899780273438 124.62200164794922
v 180.11199951171875 227.81399536132812 168.91000366210938
v 142.9010009765625 230.9199981689453 115.94999694824219
v 135.08200073242188 277.66400146484375 149.11500549316406
v 146.7469940185547 147.30799865722656 62.32389831542969
v 242.5500030517578 182.79299926757812 146.1719970703125
v 130.4499969482422 249.7740020751953 171.7729949951172
v 137.572998046875 247.2570037841797 174.0050048828125
v 154.10299682617188 240.7949981689453 174.57000732421875
v 271.7380065917969 188.16200256347656 139.26100158691406
v 141.18099975585938 218.50599670410156 105.69000244140625
v 119.63400268554688 163.02099609375 73.21060180664062
v 199.76499938964844 184.8419952392578 183.4290008544922
v 217.8719940185547 151.79200744628906 113.97599792480469
v 142.26300048828125 230.96200561523438 108.49800109863281
v 120.30000305175781 217.02099609375 117.06600189208984
v 135.43899536132812 281.87701416015625 145.96299743652344
v 202.81900024414062 165.86500549316406 175.82000732421875
v 145.36199951171875 226.2429962158203 81.58910369873047
v 140.34800720214844 232.281005859375 108.9469985961914
v 188.6790008544922 197.96099853515625 145.24099731445312
v 190.2740020751953 197.5970001220703 143.95799255371094
v 136.4040069580078 142.5500030517578 114.0530014038086
v 137.3939971923828 186.6649932861328 93.78170013427734
v 185.70899963378906 195.37899780273438 131.99400329589844
v 184.8820037841797 196.843994140625 133.1719970703125
v 149.86300659179688 171.9040069580078 133.15899658203125
v 134.74600219726562 261.7349853515625 92.50450134277344
v 135.55099487304688 155.48199462890625 67.3750991821289
v 263.7460021972656 186.39100646972656 155.01199340820312
v 211.77200317382812 117.37999725341797 95.58560180664062
v 202.6739959716797 226.66400146484375 136.32400512695312
v 114.50700378417969 130.33700561523438 134.218994140625
v 166.53500366210938 171.5659942626953 128.04299926757812
v 146.95899963378906 197.1020050048828 117.47000122070312
v 80.42289733886719 253.7239990234375 40.38359832763672
v 169.7949981689453 190.6739959716797 141.49400329589844
v 81.56420135498047 186.83799743652344 132.25399780273438
v 88.3239974975586 276.12701416015625 57.75339889526367
v 122.74500274658203 140.87399291992188 178.20599365234375
v 171.33799743652344 258.3380126953125 149.2740020751953
v 154.86700439453125 137.4409942626953 57.872798919677734
v 152.99099731445312 174.14199829101562 86.5770034790039
v 91.6957015991211 158.11300659179688 136.052001953125
v 89.93730163574219 165.11199951171875 136.14100646972656
v 94.72930145263672 262.1300048828125 56.4026985168457
v 95.57150268554688 256.12799072265625 56.154598236083984
v 120.37300109863281 185.18600463867188 98.70349884033203
v 193.23899841308594 207.05599975585938 181.51699829101562
v 90.23590087890625 287.83599853515625 70.03070068359375
v 151.78500366210938 181.281005859375 94.13690185546875
v 130.53199768066406 223.31300354003906 74.07129669189453
v 120.58499908447266 187.05999755859375 101.26499938964844
v 190.5260009765625 187.8780059814453 115.06600189208984
v 122.66899871826172 148.80799865722656 60.273799896240234
v 100.74299621582031 183.4949951171875 83.07140350341797
v 98.52890014648438 180.29200744628906 86.69779968261719
v 136.072998046875 215.3509979248047 78.52580261230469
v 116.35600280761719 303.12298583984375 112.70500183105469
v 113.31400299072266 303.45098876953125 107.13600158691406
v 148.58599853515625 185.3520050048828 121.7300033569336
v 153.33999633789062 166.57899475097656 120.16600036621094
v 156.72900390625 167.82400512695312 122.77799987792969
v 159.3470001220703 182.9199981689453 116.88899993896484
v 159.3470001220703 182.9199981689453 116.96299743652344
v 77.93830108642578 183.6719970703125 38.717899322509766
v 163.36900329589844 263.1600036621094 151.38299560546875
v 172.29600524902344 254.33900451660156 122.09300231933594
v 220.28599548339844 118.98500061035156 117.24700164794922
v 78.71959686279297 259.27899169921875 56.67959976196289
v 157.6820068359375 283.0580139160156 122.22899627685547
v 233.3509979248047 188.4720001220703 173.85000610351562
v 161.86300659179688 212.18899536132812 121.66000366210938
v 160.39500427246094 214.3070068359375 120.77799987792969
v 131.3560028076172 129.11700439453125 113.4020004272461
v 242.5970001220703 127.58999633789062 120.7969970703125
v 114.11299896240234 213.04299926757812 187.6269989013672
v 159.3800048828125 182.88699340820312 116.96299743652344
v 143.4219970703125 237.02999877929688 180.45899963378906
v 144.9080047607422 241.77000427246094 176.5330047607422
v 248.1999969482422 203.67999267578125 166.30599975585938
v 144.6909942626953 162.49099731445312 133.29299926757812
v 206.4600067138672 205.47000122070312 154.03399658203125
v 118.9520034790039 135.4010009765625 78.964599609375
v 136.98699951171875 200.58799743652344 83.07679748535156
v 101.35099792480469 226.6199951171875 175.6959991455078
v 149.34300231933594 161.69700622558594 119.76200103759766
v 125.41699981689453 221.8090057373047 114.5270004272461
v 135.5449981689453 229.53900146484375 110.43699645996094
v 163.552001953125 127.31199645996094 159.58599853515625
v 262.40399169921875 185.906005859375 142.3520050048828
v 263.5559997558594 191.24000549316406 145.06100463867188
v 172.68699645996094 194.27999877929688 142.80599975585938
v 203.61399841308594 134.96800231933594 90.2345962524414
v 186.00100708007812 198.3000030517578 145.4029998779297
v 259.8739929199219 190.33599853515625 147.0500030517578
v 87.93150329589844 248.83599853515625 35.27949905395508
v 114.83100128173828 174.718994140625 84.13369750976562
v 118.15899658203125 172.74400329589844 80.45469665527344
v 248.2729949951172 162.98599243164062 134.2270050048828
v 177.25599670410156 234.5780029296875 167.5449981689453
v 150.08900451660156 183.16400146484375 96.68389892578125
v 216.55799865722656 168.1199951171875 120.23999786376953
v 96.160400390625 144.46400451660156 123.96900177001953
v 194.80599975585938 199.98199462890625 145.34300231933594
v 160.41099548339844 211.70899963378906 98.72509765625
v 157.9709930419922 210.41400146484375 101.48400115966797
v 167.4720001220703 160.0290069580078 82.94670104980469
v 267.51800537109375 188.74600219726562 141.41299438476562
v 273.5329895019531 186.03199768066406 139.29100036621094
v 207.39100646972656 143.0570068359375 100.1780014038086
v 117.56900024414062 192.32699584960938 73.1603012084961
v 105.35900115966797 159.51499938964844 67.22260284423828
v 142.9770050048828 157.82000732421875 116.927001953125
v 176.07400512695312 197.0659942626953 145.5030059814453
v 166.11700439453125 180.84100341796875 130.3040008544922
v 165.62600708007812 184.39599609375 129.8979949951172
v 154.13600158691406 214.48399353027344 121.8010025024414
v 136.1580047607422 254.2740020751953 88.87220001220703
v 169.4530029296875 134.71800231933594 62.79010009765625
v 197.61000061035156 183.73899841308594 113.40699768066406
v 142.072998046875 228.27999877929688 185.45599365234375
v 77.07649993896484 204.39300537109375 36.862098693847656
v 176.58099365234375 225.75799560546875 178.8280029296875
v 118.51399993896484 224.95700073242188 63.680301666259766
v 188.76699829101562 189.4239959716797 116.5
v 205.98800659179688 201.98399353027344 143.0590057373047
v 167.03700256347656 171.63800048828125 136.09100341796875
v 255.28500366210938 202.86099243164062 160.6750030517578
v 185.35499572753906 195.81500244140625 133.6199951171875
v 229.25100708007812 197.77099609375 153.9759979248047
v 164.15199279785156 211.89100646972656 108.62899780273438
v 252.43899536132812 149.83700561523438 153.59500122070312
v 130.85299682617188 213.0760040283203 112.66500091552734
v 145.63400268554688 278.1080017089844 104.80400085449219
v 185.99400329589844 215.1649932861328 179.19700622558594
v 116.5260009765625 198.91000366210938 83.41709899902344
v 180.9499969482422 133.80599975585938 66.83650207519531
v 76.27210235595703 262.9639892578125 132.8419952392578
v 73.4469985961914 264.82501220703125 127.91200256347656
v 115.46099853515625 243.64100646972656 173.4040069580078
v 67.85790252685547 190.01600646972656 43.10459899902344
v 93.81809997558594 264.3840026855469 52.85380172729492
v 200.8520050048828 220.52200317382812 122.16699981689453
v 201.52699279785156 217.58999633789062 119.97899627685547
v 211.64199829101562 192.66799926757812 130.75399780273438
v 179.9600067138672 195.1230010986328 135.95199584960938
v 159.99000549316406 233.57699584960938 178.82699584960938
v 178.56399536132812 195.26400756835938 139.86199951171875
v 176.875 193.6529998779297 140.43800354003906
v 155.09100341796875 182.625 117.43599700927734
v 271.5660095214844 172.85000610351562 135.2830047607422
v 192.7259979248047 217.80999755859375 153.96299743652344
v 242.83799743652344 130.1699981689453 113.27400207519531
v 154.59800720214844 177.48699951171875 136.82000732421875
v 95.9697036743164 142.7790069580078 114.48899841308594
v 74.81580352783203 207.3090057373047 138.83700561523438
v 269.5559997558594 178.7310028076172 142.99400329589844
v 91.93180084228516 265.6730041503906 46.82500076293945
v 163.98399353027344 210.22799682617188 194.69000244140625
v 94.3947982788086 183.45399475097656 179.82200622558594
v 173.13099670410156 196.84300231933594 135.96099853515625
v 197.31700134277344 159.2449951171875 100.50499725341797
v 148.52499389648438 218.38900756835938 120.07599639892578
v 166.16000366210938 171.98899841308594 139.50599670410156
v 168.0749969482422 173.33299255371094 138.7779998779297
v 150.71299743652344 181.4720001220703 116.34300231933594
v 216.71499633789062 190.55299377441406 133.81100463867188
v 208.2570037841797 214.8939971923828 140.802001953125
v 213.72799682617188 207.33999633789062 142.61099243164062
v 268.6759948730469 160.24200439453125 125.06199645996094
v 132.76100158691406 212.7550048828125 74.06629943847656
v 209.5469970703125 174.30499267578125 176.83299255371094
v 196.95599365234375 216.3560028076172 115.38899993896484
v 131.08399963378906 157.85299682617188 70.4175033569336
v 133.00900268554688 160.2169952392578 72.74109649658203
v 95.0718002319336 282.1210021972656 63.25279998779297
v 131.22799682617188 243.14300537109375 80.51409912109375
v 108.58599853515625 299.9469909667969 76.12969970703125
v 191.99400329589844 218.60800170898438 114.35800170898438
v 117.80000305175781 197.56500244140625 95.03679656982422
v 148.36099243164062 201.69500732421875 121.9530029296875
v 174.67100524902344 228.71200561523438 176.86000061035156
v 183.18899536132812 211.947998046875 102.53199768066406
v 98.2677993774414 293.0010070800781 70.34629821777344
v 192.38400268554688 208.7310028076172 157.5659942626953
v 105.2249984741211 243.8679962158203 62.74800109863281
v 108.25299835205078 247.61300659179688 68.17279815673828
v 191.97900390625 221.24099731445312 140.8300018310547
v 66.90380096435547 248.1439971923828 123.05000305175781
v 146.26499938964844 161.6909942626953 117.48999786376953
v 86.46019744873047 170.25999450683594 64.51969909667969
v 162.98599243164062 172.82200622558594 140.4040069580078
v 114.68499755859375 193.90899658203125 68.71690368652344
v 180.80299377441406 195.78799438476562 143.04800415039062
v 196.48800659179688 125.45500183105469 74.11499786376953
v 172.6840057373047 216.51100158691406 96.31999969482422
v 113.87799835205078 134.6300048828125 72.1592025756836
v 127.70099639892578 201.1790008544922 102.54499816894531
v 71.67780303955078 237.656005859375 44.98789978027344
v 74.01509857177734 245.7220001220703 49.5265007019043
v 112.54100036621094 234.4669952392578 62.214900970458984
v 175.447998046875 250.77999877929688 154.6490020751953
v 255.89500427246094 146.72300720214844 117.28600311279297
v 252.88699340820312 148.67300415039062 115.8499984741211
v 169.77099609375 153.875 79.981201171875
v 162.59800720214844 220.99200439453125 187.9040069580078
v 163.52200317382812 215.99400329589844 190.7689971923828
v 190.7949981689453 189.2169952392578 116.57499694824219
v 76.65619659423828 179.98699951171875 111.9489974975586
v 113.08000183105469 178.61000061035156 91.27490234375
v 135.13699340820312 226.62399291992188 82.73739624023438
v 180.67100524902344 221.9429931640625 122.552001953125
v 179.6479949951172 195.4969940185547 142.8090057373047
v 248.50900268554688 135.76100158691406 117.2959976196289
v 187.67799377441406 216.7760009765625 173.447998046875
v 270.1189880371094 168.36900329589844 128.3249969482422
v 194.89500427246094 231.97000122070312 136.8209991455078
v 113.572998046875 150.36500549316406 64.02179718017578
v 119.84100341796875 191.8520050048828 71.53589630126953
v 139.03399658203125 127.14399719238281 118.83100128173828
v 69.26090240478516 215.22300720214844 101.30899810791016
v 90.75689697265625 144.4080047607422 83.47360229492188
v 132.21600341796875 130.22900390625 111.82099914550781
v 94.9990005493164 161.30099487304688 66.14469909667969
v 159.89599609375 213.26400756835938 192.14300537109375
v 129.40899658203125 209.00900268554688 71.27490234375
v 178.67100524902344 241.44900512695312 134.2790069580078
v 152.40199279785156 179.593994140625 116.85299682617188
v 199.3939971923828 226.5070037841797 138
v 92.50589752197266 170.25999450683594 169.0290069580078
v 72.18820190429688 250.3070068359375 75.24870300292969
v 93.0425033569336 218.44700622558594 46.58449935913086
v 120.42500305175781 199.4949951171875 67.8958969116211
v 188.5070037841797 191.92999267578125 116.38999938964844
v 135.46800231933594 244.99099731445312 82.98419952392578
v 255.36300659179688 146.4600067138672 148.23800659179688
v 158.1199951171875 129.39999389648438 73.39869689941406
v 143.62399291992188 251.22500610351562 90.00559997558594
v 142.1219940185547 162.35800170898438 114.63600158691406
v 132.57000732421875 133.93899536132812 109.7249984741211
v 187.1479949951172 223.40699768066406 153.90199279785156
v 132.07699584960938 197.11399841308594 74.98799896240234
v 175.91099548339844 216.39700317382812 96.51200103759766
v 240.52499389648438 127.81900024414062 115.22799682617188
v 84.15339660644531 252.1179962158203 34.177101135253906
v 166.30499267578125 188.11099243164062 110.34100341796875
v 93.10910034179688 232.2480010986328 166.47300720214844
v 115.01499938964844 195.37600708007812 93.95480346679688
v 217.76499938964844 172.79600524902344 173.98399353027344
v 85.16940307617188 258.2959899902344 39.321800231933594
v 194.08999633789062 182.0279998779297 110.63400268554688
v 71.93710327148438 256.5669860839844 84.2302017211914
v 70.5562973022461 257.9519958496094 94.2197036743164
v 132.55599975585938 148.68600463867188 183.8939971923828
v 191.01800537109375 212.23800659179688 157.06500244140625
v 126.31999969482422 213.03500366210938 69.01010131835938
v 187.36399841308594 159.04800415039062 178.6300048828125
v 153.58599853515625 164.9499969482422 133.95899963378906
v 157.33900451660156 158.68499755859375 129.56399536132812
v 162.85899353027344 202.97000122070312 195.97500610351562
v 109.04399871826172 136.8260040283203 151.8520050048828
v 115.44599914550781 242.64300537109375 70.74629974365234
v 110.3270034790039 188 96.23079681396484
v 215.85299682617188 148.6199951171875 169.46499633789062
v 210.45599365234375 145.60000610351562 169.49099731445312
v 93.73719787597656 291.0050048828125 69.75890350341797
v 206.13900756835938 192.8419952392578 125.85900115966797
v 208.0749969482422 192.58900451660156 126.10199737548828
v 176.87899780273438 200.21200561523438 113.71299743652344
v 215.94200134277344 195.2790069580078 176.9499969482422
v 203.10299682617188 193.3209991455078 182.0050048828125
v 123.46900177001953 171.39100646972656 193.2949981689453
v 114.98699951171875 169.54400634765625 190.6020050048828
v 170.0260009765625 202.0050048828125 124.21499633789062
v 137.07200622558594 134.48800659179688 100.7760009765625
v 131.78500366210938 214.83299255371094 122.77400207519531
v 147.36000061035156 160.32899475097656 119.58300018310547
v 78.80950164794922 166.28700256347656 65.71299743652344
v 233.43499755859375 155.7429962158203 126.53099822998047
v 124.75399780273438 133.21800231933594 87.22250366210938
v 168.2259979248047 186.9770050048828 140.66099548339844
v 159.8070068359375 160.843994140625 131.53900146484375
v 189.91099548339844 198.34300231933594 145.55999755859375
v 138.89999389648438 213.93600463867188 123.84200286865234
v 76.6636962890625 178.75900268554688 41.02119827270508
v 73.81559753417969 179.22000122070312 44.41339874267578
v 250.4770050048828 136.66200256347656 122.37300109863281
v 137.05599975585938 126.51200103759766 145.5659942626953
v 114.49099731445312 155.36700439453125 67.03500366210938
v 261.8599853515625 167.03799438476562 151.7550048828125
v 209.80299377441406 202.91700744628906 143.18800354003906
v 131.1959991455078 155.593994140625 185.66799926757812
v 93.17510223388672 163.0970001220703 142.5260009765625
v 179.86700439453125 197.36599731445312 142.56300354003906
v 142.843994140625 270.343994140625 101.1760025024414
v 147.92300415039062 265.14599609375 102.76200103759766
v 138.4340057373047 267.54400634765625 97.19889831542969
v 259.2349853515625 163.16099548339844 129.40699768066406
v 86.11669921875 256.34100341796875 36.982200622558594
v 180.97300720214844 143.47300720214844 77.6720962524414
v 136.05499267578125 146.45700073242188 56.24800109863281
v 68.63310241699219 248.3070068359375 103.15899658203125
v 70.07019805908203 248.39300537109375 89.8677978515625
v 109.30599975585938 194.08399963378906 79.1436996459961
v 145.6999969482422 125.18699645996094 120.80899810791016
v 218.16400146484375 193.70399475097656 138.16200256347656
v 159.24600219726562 158.90899658203125 127.26300048828125
v 198.55999755859375 127.69499969482422 77.27439880371094
v 188.23399353027344 205.13900756835938 108.71299743652344
v 161.15199279785156 255.7899932861328 107.56500244140625
v 260.72698974609375 149.06900024414062 121.80799865722656
v 192.5240020751953 158.91700744628906 96.22750091552734
v 117.58100128173828 184.91000366210938 100.83300018310547
v 181.35000610351562 195.57699584960938 135.42799377441406
v 112.32099914550781 136.15499877929688 66.94259643554688
v 109.62899780273438 134.4720001220703 69.41519927978516
v 145.13900756835938 233.9739990234375 113.34500122070312
v 139.76100158691406 228.13099670410156 115.31700134277344
v 137.72799682617188 273.156005859375 98.77259826660156
v 181.01499938964844 193.76699829101562 114.41000366210938
v 97.7927017211914 196.97000122070312 182.91900634765625
v 122.1449966430664 183.11700439453125 92.28839874267578
v 182.32200622558594 193.36099243164062 116.00900268554688
v 104.80799865722656 135.25999450683594 71.61470031738281
v 81.0885009765625 272.6700134277344 129.3000030517578
v 166.43299865722656 185.0989990234375 140.75399780273438
v 99.489501953125 281.6889953613281 68.60880279541016
v 162.11500549316406 186.9510040283203 107.41799926757812
v 157.8159942626953 272.4159851074219 144.0290069580078
v 149.3509979248047 181.77999877929688 119.26799774169922
v 179.93699645996094 196.8280029296875 132.64999389648438
v 234.17599487304688 145.44200134277344 116.11599731445312
v 193.11000061035156 190.822998046875 115.99099731445312
v 133.8800048828125 223.59300231933594 106.36199951171875
v 179.2899932861328 202.31700134277344 111.20800018310547
v 173.07699584960938 191.13600158691406 136.8179931640625
v 86.49320220947266 247.37399291992188 32.496299743652344
v 273.4150085449219 187.73199462890625 139.96499633789062
v 107.2490005493164 182.80999755859375 97.12110137939453
v 67.239501953125 237.03900146484375 112.13800048828125
v 107.1760025024414 172.23399353027344 188.41600036621094
v 102.86900329589844 168.3520050048828 184.79200744628906
v 165.49200439453125 212.30299377441406 113.80899810791016
v 107.18299865722656 134.9929962158203 132.05299377441406
v 165.19900512695312 134.65499877929688 175.21600341796875
v 115.59700012207031 303.26800537109375 82.72599792480469
v 268.0989990234375 192.86000061035156 151.86700439453125
v 174.9739990234375 197.82200622558594 146.17300415039062
v 203.1540069580078 202.3209991455078 144.7239990234375
v 81.64640045166016 260.5570068359375 49.5265007019043
v 151.6699981689453 178.74200439453125 90.31749725341797
v 124.06700134277344 195.86099243164062 103.56400299072266
v 266.6619873046875 192.5749969482422 143.74400329589844
v 266.7229919433594 189.81900024414062 153.35899353027344
v 146.6719970703125 187.39100646972656 102.65499877929688
v 154.2429962158203 216.66400146484375 113.53399658203125
v 138.5659942626953 193.8040008544922 105.65799713134766
v 129.8179931640625 222.58299255371094 120.19000244140625
v 260.3080139160156 194.5659942626953 159.21499633789062
v 245.90199279785156 167.77200317382812 137.13699340820312
v 147.0260009765625 164.9739990234375 115.61699676513672
v 196.47999572753906 152.50900268554688 96.54309844970703
v 179.4499969482422 228.0279998779297 146.33999633789062
v 71.55419921875 268.0400085449219 117.64700317382812
v 159.80999755859375 203.4080047607422 128.3769989013672
v 106.85900115966797 189.302001953125 87.16600036621094
v 88.02359771728516 178.1009979248047 60.89469909667969
v 125.74500274658203 196.2220001220703 70.4822006225586
v 145.78700256347656 216.0989990234375 86.5082015991211
v 155.72300720214844 170.62399291992188 135.00399780273438
v 141.2949981689453 227.78199768066406 106.72000122070312
v 148.10499572753906 212.26100158691406 90.0416030883789
v 137.37399291992188 290.57598876953125 138.447998046875
v 268.65399169921875 190.66799926757812 147.03199768066406
v 98.41889953613281 147.00799560546875 147.19500732421875
v 92.63700103759766 173.64700317382812 73.18240356445312
v 130.54299926757812 230.4969940185547 82.59870147705078
v 128.9409942626953 223.8719940185547 119.01699829101562
v 179.90199279785156 241.43699645996094 161.07899475097656
v 177.8300018310547 194.78599548339844 141.5989990234375
v 71.97119903564453 272.8810119628906 111.2770004272461
v 150.9720001220703 163.61199951171875 120.07499694824219
v 76.32420349121094 231.33799743652344 146.7729949951172
v 86.97689819335938 219.00100708007812 165.3730010986328
v 271.27301025390625 179.29100036621094 138.38099670410156
v 270.3299865722656 174.2989959716797 139.78700256347656
v 163.23800659179688 180.2530059814453 128.27000427246094
v 84.91819763183594 209.3990020751953 164.28599548339844
v 109.19499969482422 184.73800659179688 97.73639678955078
v 146.70700073242188 231.04400634765625 115.74299621582031
v 184.1490020751953 213.70899963378906 185.8800048828125
v 185.0709991455078 210.1580047607422 188.3070068359375
v 203.69400024414062 153.31199645996094 102.9729995727539
v 173.2480010986328 236.99600219726562 117.17400360107422
v 78.22270202636719 205.11399841308594 153.9530029296875
v 250.60000610351562 138.19000244140625 117.7490005493164
v 213.61700439453125 192.906005859375 134.01800537109375
v 113.78900146484375 224.69000244140625 60.092498779296875
v 80.931396484375 154.8990020751953 71.5739974975586
v 171.25399780273438 165.79800415039062 87.32869720458984
v 183.52999877929688 198.45700073242188 142.39199829101562
v 134.3719940185547 196.75 199.7449951171875
v 129.7989959716797 229.73199462890625 82.22769927978516
v 130.3070068359375 228.13099670410156 80.66089630126953
v 190.24899291992188 190.83299255371094 114.96700286865234
v 124.03800201416016 258.05499267578125 85.56069946289062
v 162.41900634765625 185.7220001220703 102.50199890136719
v 91.15789794921875 290.96600341796875 73.73560333251953
v 134.58099365234375 151.0590057373047 105.30999755859375
v 176.51300048828125 151.8249969482422 180.1219940185547
v 74.7603988647461 164.4949951171875 87.38710021972656
v 183.25100708007812 224.19700622558594 148.13400268554688
v 141.57400512695312 232.4530029296875 110.51699829101562
v 139.3939971923828 231.96299743652344 110.9540023803711
v 174.02200317382812 161.30499267578125 86.50070190429688
v 120.48400115966797 144.5240020751953 69.85449981689453
v 140.68899536132812 230.81700134277344 107.14900207519531
v 70.91410064697266 175.05599975585938 79.01029968261719
v 154.031005859375 214.7209930419922 107.02899932861328
v 203.73300170898438 188.31900024414062 120.98200225830078
v 159.94500732421875 131.86900329589844 63.72600173950195
v 90.95939636230469 206.4219970703125 47.09000015258789
v 178.8699951171875 198.28700256347656 145.11599731445312
v 78.69200134277344 199.31100463867188 37.88639831542969
v 111.48600006103516 131.3730010986328 80.0166015625
v 205.06300354003906 140.5760040283203 97.18419647216797
v 108.57099914550781 141.36099243164062 159.0279998779297
v 197.70399475097656 233.86000061035156 137.01300048828125
v 197.31100463867188 234.1060028076172 135.1280059814453
v 197.552001953125 135.13099670410156 83.78450012207031
v 178.13699340820312 195.2550048828125 116.63400268554688
v 223.22300720214844 121.48400115966797 94.4718017578125
v 135.45799255371094 160.58599853515625 187.78900146484375
v 94.81729888916016 172.04600524902344 75.93090057373047
v 174.98599243164062 192.13499450683594 131.18099975585938
v 100.79399871826172 141.14599609375 143.88099670410156
v 228.91900634765625 182.5989990234375 138.66200256347656
v 114.83999633789062 133.19200134277344 76.76339721679688
v 214.31700134277344 190.06500244140625 130.4029998779297
v 168.2220001220703 200.98199462890625 128.74200439453125
v 143.3159942626953 128.25999450683594 159.33099365234375
v 188.85499572753906 216.04200744628906 167.58900451660156
v 173.28799438476562 195.22300720214844 144.23800659179688
v 123.03800201416016 215.2570037841797 113.38999938964844
v 222.74600219726562 155.30099487304688 118.86100006103516
v 169.93499755859375 235.31700134277344 106.25499725341797
v 116.77799987792969 276.06201171875 150.98300170898438
v 112.06999969482422 272.5740051269531 152.77499389648438
v 201.58700561523438 200.91099548339844 143.10299682617188
v 96.11979675292969 144.50100708007812 56.850101470947266
v 207.00999450683594 191.51699829101562 125.30999755859375
v 148.92599487304688 294.6319885253906 115.68800354003906
v 245.96400451660156 190.1280059814453 169.05799865722656
v 84.98760223388672 164.04800415039062 126.88999938964844
v 177.57000732421875 196.9550018310547 145.28599548339844
v 206.2760009765625 148.72000122070312 170.6219940185547
v 266.0580139160156 189.63299560546875 142.56900024414062
v 203.38600158691406 133.1179962158203 161.51199340820312
v 130.63400268554688 224.21499633789062 118.21700286865234
v 114.4749984741211 292.3320007324219 135.3470001220703
v 202.29200744628906 202.74899291992188 146.7689971923828
v 202.0659942626953 201.78500366210938 147.3209991455078
v 156.6820068359375 172.88800048828125 122.62899780273438
v 126.92500305175781 201.5540008544922 88.06289672851562
v 132.5290069580078 141.55299377441406 109.21199798583984
v 151.7310028076172 174.91000366210938 133.13699340820312
v 126.57099914550781 182.66900634765625 89.2654037475586
v 144.04299926757812 166.01800537109375 116.0739974975586
v 99.31549835205078 158.69200134277344 65.05110168457031
v 128.05799865722656 194.3820037841797 107.29499816894531
v 90.60890197753906 218.0229949951172 169.9010009765625
v 87.09729766845703 158.031005859375 124.26399993896484
v 247.40499877929688 180.63299560546875 144.8000030517578
v 176.8070068359375 136.03599548339844 66.57610321044922
v 131.75799560546875 214.61399841308594 110.28500366210938
v 139.04600524902344 158.79100036621094 112.39299774169922
v 139.24899291992188 158.0709991455078 114.84700012207031
v 141.77099609375 221.38600158691406 107.10399627685547
v 101.0770034790039 144.8090057373047 57.2952995300293
v 129.09800720214844 203.27099609375 99.98590087890625
v 153.01100158691406 209.4969940185547 99.11949920654297
v 154.52000427246094 211.70899963378906 103.53800201416016
v 81.60639953613281 290.3179931640625 107.4489974975586
v 133.8509979248047 128.41099548339844 117.21700286865234
v 136.92300415039062 295.03399658203125 98.5593032836914
v 157.18099975585938 212.822998046875 121.97899627685547
v 140.63800048828125 154.13499450683594 120.58100128173828
v 129.10699462890625 283.05999755859375 145.7969970703125
v 128.66799926757812 305.8970031738281 93.7957992553711
v 94.86689758300781 154.39100646972656 141.76699829101562
v 77.59380340576172 218.5019989013672 152.54800415039062
v 170.69700622558594 193.36399841308594 135.11099243164062
v 82.285400390625 265.0849914550781 54.75830078125
v 102.4540023803711 235.27499389648438 54.379798889160156
v 177.05499267578125 236.24099731445312 137.23599243164062
v 139.59300231933594 284.6050109863281 142.99899291992188
v 207.2519989013672 196.2550048828125 117.2760009765625
v 84.65010070800781 221.2449951171875 39.009700775146484
v 132.4429931640625 226.8070068359375 83.22450256347656
v 179.3280029296875 194.74000549316406 120.89900207519531
v 119.98799896240234 213.6300048828125 117.47000122070312
v 120.71099853515625 211.87399291992188 117.85399627685547
v 142.68299865722656 187.61199951171875 98.37000274658203
v 173.27200317382812 190.0780029296875 139.3000030517578
v 143.16099548339844 162.40199279785156 112.30699920654297
v 154.4550018310547 124.69499969482422 141.73899841308594
v 173.82000732421875 226.59500122070312 114.03600311279297
v 125.3489990234375 142.70899963378906 65.23100280761719
v 133.1490020751953 199.302001953125 110.1510009765625
v 170.72900390625 193.39599609375 135.03700256347656
v 137.97300720214844 125.30899810791016 124.50299835205078
v 97.24520111083984 155.19500732421875 150.19000244140625
v 216.08299255371094 188.17999267578125 178.5959930419922
v 145.42300415039062 167.9550018310547 115.66500091552734
v 160.56199645996094 181.27000427246094 140.53500366210938
v 106.6520004272461 136.02499389648438 66.42050170898438
v 147.572998046875 230.2779998779297 113.61599731445312
v 197.92300415039062 187.71299743652344 117.16999816894531
v 183.8090057373047 215.49200439453125 102.8219985961914
v 186.32400512695312 215.43800354003906 105.23699951171875
v 196.1929931640625 233.0449981689453 134.83099365234375
v 120.37300109863281 212.63900756835938 119.9469985961914
v 99.59030151367188 178.1020050048828 90.79540252685547
v 141.4080047607422 155.34100341796875 112.22799682617188
v 130.73300170898438 193.61900329589844 79.5197982788086
v 137.12899780273438 218.08599853515625 81.79049682617188
v 179.66299438476562 193.96600341796875 133.94400024414062
v 226.6300048828125 121.0979995727539 97.60710144042969
v 145.73599243164062 232.6540069580078 111.5999984741211
v 109.51799774169922 198.68299865722656 191.01499938964844
v 119.5770034790039 177.02499389648438 85.42790222167969
v 148.6750030517578 176.83399963378906 125.00599670410156
v 248.218994140625 148.0469970703125 115.6449966430664
v 110.7490005493164 308.343994140625 91.668701171875
v 115.95600128173828 309.3739929199219 96.20909881591797
v 204.40499877929688 200.13499450683594 114.9749984741211
v 255.3249969482422 201.26300048828125 158.65699768066406
v 68.35009765625 183.40499877929688 67.61260223388672
v 103.32099914550781 163.89599609375 70.64779663085938
v 109.89800262451172 173.5050048828125 84.46420288085938
v 120.08799743652344 183.02499389648438 197.7989959716797
v 134.8459930419922 149.72300720214844 112.33000183105469
v 101.77300262451172 172.95199584960938 86.12159729003906
v 123.95899963378906 128.35000610351562 118.93900299072266
v 177.1510009765625 224.572998046875 126.9260025024414
v 116.12999725341797 198.94000244140625 91.40609741210938
v 150.5070037841797 171.67100524902344 116.03099822998047
v 143.86599731445312 158.87399291992188 121.22599792480469
v 90.25550079345703 197.63600158691406 176.35400390625
v 191.81300354003906 200.9709930419922 145.2480010986328
v 192.9429931640625 200.2050018310547 145.67599487304688
v 108.2969970703125 164.49200439453125 185.80599975585938
v 107.05699920654297 178.5279998779297 92.80480194091797
v 71.44439697265625 216.83299255371094 32.13759994506836
v 269.78900146484375 178.656005859375 133.97900390625
v 127.16100311279297 138.43899536132812 76.5363998413086
v 130.7989959716797 221.7989959716797 107.35299682617188
v 145.1490020751953 197.58200073242188 113.55999755859375
v 136.7449951171875 179.76199340820312 85.20780181884766
v 149.3459930419922 214.718994140625 106.34400177001953
v 214.14500427246094 119.11499786376953 89.77760314941406
v 122.17900085449219 150.83399963378906 68.4188003540039
v 133.73300170898438 198.88800048828125 85.15670013427734
v 94.28309631347656 267.5159912109375 56.673500061035156
v 125.09600067138672 137.48599243164062 80.91390228271484
v 144.06700134277344 133.38299560546875 101.59100341796875
v 81.70960235595703 188.61599731445312 140.39500427246094
v 178.9600067138672 193.05499267578125 131.62600708007812
v 139.80999755859375 228.4409942626953 106.04900360107422
v 105.66400146484375 132.1060028076172 82.58409881591797
v 116.55599975585938 279.7969970703125 147.3280029296875
v 195.6820068359375 231.96600341796875 137.8520050048828
v 95.3187026977539 194.25900268554688 57.87820053100586
v 137.9029998779297 217.53900146484375 122.48300170898438
v 119.52300262451172 300.4540100097656 85.93399810791016
v 75.44629669189453 203.16799926757812 139.70799255371094
v 81.6218032836914 233.2689971923828 27.22369956970215
v 86.61740112304688 267.1709899902344 48.38710021972656
v 88.95899963378906 269.99700927734375 50.6505012512207
v 110.62300109863281 236.88400268554688 175.3000030517578
v 122.72200012207031 146.50799560546875 59.487998962402344
v 172.22300720214844 219.93499755859375 97.5990982055664
v 171.56100463867188 197.75799560546875 146.1179962158203
v 147.96299743652344 166.6199951171875 115.38400268554688
v 145.92599487304688 161.6750030517578 187.9759979248047
v 154.06300354003906 138.8520050048828 181.31300354003906
v 230.87600708007812 134.43699645996094 155.3939971923828
v 221.18299865722656 136.4550018310547 161.12899780273438
v 123.88300323486328 296.3909912109375 132.21400451660156
v 134.34500122070312 149.15699768066406 104.8489990234375
v 91.13420104980469 206.66299438476562 174.61599731445312
v 170.4759979248047 203.65199279785156 121.59500122070312
v 175.23399353027344 191.99200439453125 138.27099609375
v 116.13600158691406 160.27099609375 186.34800720214844
v 146.43899536132812 166.46400451660156 131.78199768066406
v 219.31300354003906 122.38200378417969 91.52230072021484
v 115.0009994506836 192.94700622558594 72.21749877929688
v 256.1520080566406 173.13699340820312 137.69900512695312
v 192.03900146484375 200.64700317382812 143.8509979248047
v 273.22698974609375 187.58200073242188 138.7760009765625
v 172.5970001220703 197.96400451660156 147.04600524902344
v 94.53500366210938 238.08399963378906 47.9359016418457
v 98.94550323486328 232.4320068359375 50.679100036621094
v 125.54499816894531 141.29800415039062 71.30130004882812
v 109.27999877929688 182.1750030517578 98.29209899902344
v 84.0780029296875 216.20899963378906 162.71299743652344
v 85.76319885253906 224.50399780273438 161.26699829101562
v 160.28799438476562 276.135986328125 135.92799377441406
v 240.31199645996094 202.43899536132812 170.11500549316406
v 90.70040130615234 276.7139892578125 56.631099700927734
v 162.00900268554688 211.79299926757812 102.72200012207031
v 198.38299560546875 136.35800170898438 165.8939971923828
v 92.10379791259766 278.8760070800781 135.2689971923828
v 193.0229949951172 227.00599670410156 137.36300659179688
v 240.97500610351562 130.9949951171875 145.59800720214844
v 164.20799255371094 151.54400634765625 75.29060363769531
v 89.28710174560547 267.0840148925781 46.789398193359375
v 144.83999633789062 224.2530059814453 111.94599914550781
v 129.1219940185547 305.4419860839844 108.18900299072266
v 178.4949951171875 221.23800659179688 182.66099548339844
v 205.0330047607422 186.52499389648438 182.1300048828125
v 198.55999755859375 202.031005859375 143.7169952392578
v 78.47019958496094 171.18600463867188 48.836299896240234
v 73.53780364990234 273.22198486328125 118.80699920654297
v 93.70780181884766 188.54100036621094 59.94329833984375
v 133.83399963378906 142.58599853515625 113.0530014038086
v 249.718994140625 157.9530029296875 130.00100708007812
v 186.68099975585938 197.5290069580078 143.2030029296875
v 198.06300354003906 142.04200744628906 169.57200622558594
v 98.36630249023438 257.6570129394531 155.593994140625
v 81.9291000366211 179.06500244140625 42.918800354003906
v 112.58000183105469 138.8419952392578 163.04600524902344
v 207.49400329589844 200.98399353027344 177.74000549316406
v 268.21600341796875 175.5780029296875 144.6959991455078
v 238.2030029296875 140.9929962158203 157.71099853515625
v 159.3470001220703 182.88699340820312 116.96299743652344
v 135.20799255371094 223.43699645996094 119.97000122070312
v 99.39450073242188 142.06100463867188 57.13959884643555
v 174.35899353027344 139.9980010986328 69.8501968383789
v 124.29900360107422 251.197998046875 169.5760040283203
v 132.10000610351562 140.2220001220703 57.98649978637695
v 134.6790008544922 201.6300048828125 111.74600219726562
v 142.53700256347656 298.45599365234375 123.5260009765625
v 106.72699737548828 301.4590148925781 112.2959976196289
v 248.71400451660156 164.15899658203125 160.33299255371094
v 82.83080291748047 153.71200561523438 98.0353012084961
v 122.12200164794922 134.42999267578125 84.04609680175781
v 174.15699768066406 198.12600708007812 146.63400268554688
v 210.5540008544922 133.31500244140625 160.43299865722656
v 78.27189636230469 254.00999450683594 48.859500885009766
v 216.55799865722656 117.98699951171875 100.73100280761719
v 185.48800659179688 237.4600067138672 157.9320068359375
v 163.71200561523438 167.65499877929688 126.53299713134766
v 85.95459747314453 190.9770050048828 45.67940139770508
v 108.947998046875 292.3710021972656 77.8644027709961
v 97.6906967163086 286.0920104980469 66.03500366210938
v 141.76499938964844 154.52000427246094 120.46700286865234
v 138.98699951171875 139.07400512695312 112.15699768066406
v 135.97500610351562 204.50100708007812 197.90499877929688
v 251.8090057373047 151.44700622558594 118.89800262451172
v 216.01600646972656 197.61900329589844 142.86900329589844
v 210.77999877929688 205.1750030517578 146.6790008544922
v 147.59100341796875 193.5189971923828 113.56300354003906
v 146.2949981689453 271.01800537109375 104.25499725341797
v 80.8727035522461 221.3300018310547 156.75
v 149.23699951171875 175.50399780273438 119.39700317382812
v 122.91000366210938 151.1439971923828 66.11710357666016
v 113.72899627685547 132.5019989013672 150.56399536132812
v 132.95399475097656 270.6700134277344 95.06759643554688
v 239.1320037841797 127.88500213623047 109.2760009765625
v 222.35899353027344 133.2830047607422 102.05000305175781
v 159.33900451660156 138.57899475097656 59.7671012878418
v 195.8560028076172 233.36199951171875 136.60499572753906
v 117.56199645996094 158.73899841308594 70.17659759521484
v 135.7220001220703 222.656005859375 105.29499816894531
v 94.79810333251953 247.13699340820312 157.8249969482422
v 141.6479949951172 214.69400024414062 86.60540008544922
v 123.20700073242188 152.6529998779297 68.89559936523438
v 166.61300659179688 266.3420104980469 142.58799743652344
v 192.4969940185547 190.3000030517578 113.11000061035156
v 195.62100219726562 224.14300537109375 138.69900512695312
v 171.8769989013672 197.73800659179688 144.52499389648438
v 233.74000549316406 182.18899536132812 141.45700073242188
v 138.2239990234375 189.5570068359375 199.52200317382812
v 83.131103515625 172.00399780273438 61.74660110473633
v 70.40129852294922 228.74600219726562 33.18920135498047
v 181.58799743652344 211.8459930419922 189.15899658203125
v 267.92401123046875 169.1999969482422 143.09500122070312
v 205.07899475097656 202.6320037841797 145.125
v 250.40499877929688 139.7740020751953 113.85299682617188
v 139.19200134277344 221.59800720214844 105.94599914550781
v 204.677001953125 135.35299682617188 165.0500030517578
v 241.927001953125 203.2550048828125 167.66600036621094
v 104.73100280761719 143.0449981689453 153.7790069580078
v 124.375 217.656005859375 111.48400115966797
v 136.34800720214844 130.59100341796875 114.89299774169922
v 98.0615005493164 184.03399658203125 183.24899291992188
v 139.6580047607422 157.1020050048828 117.39299774169922
v 171.96400451660156 196.97500610351562 146.5570068359375
v 130.00799560546875 173.47999572753906 195.5760040283203
v 81.97129821777344 237.572998046875 26.642799377441406
v 112.52400207519531 176.2729949951172 192.65199279785156
v 134.1540069580078 302.9750061035156 115.3010025024414
v 115.95999908447266 286.0820007324219 141.76600646972656
v 91.33509826660156 182.36199951171875 177.15699768066406
v 183.24099731445312 229.28500366210938 165.24400329589844
v 195.3179931640625 190.98599243164062 117.05699920654297
v 159.9550018310547 279.74700927734375 127.17400360107422
v 126.80000305175781 149.7209930419922 183.76699829101562
v 199.77699279785156 202.75799560546875 144.4510040283203
v 157.54299926757812 184.80299377441406 109.0739974975586
v 82.75340270996094 224.47799682617188 35.3120002746582
v 74.59829711914062 184.03900146484375 37.81990051269531
v 132.79299926757812 177.3470001220703 198.33999633789062
v 206.6510009765625 193.55099487304688 117.98600006103516
v 171.67300415039062 195.5189971923828 144.1300048828125
v 116.5780029296875 271.10198974609375 154.91099548339844
v 132.8350067138672 147.5330047607422 109.01300048828125
v 135.72900390625 232.43499755859375 107.197998046875
v 179.697998046875 194.41099548339844 118.69000244140625
v 132.78799438476562 216.83099365234375 106.44200134277344
v 116.33000183105469 131.70199584960938 80.33270263671875
v 103.51499938964844 258.802001953125 158.2530059814453

g grp1
usemtl mtl1
f 1832 2 1 
f 2264 1 2 
f 1704 4 3 
f 3119 3 4 
f 1086 6 5 
f 1573 5 6 
f 2243 8 7 
f 361 7 8 
f 3174 10 9 
f 585 9 10 
f 3205 12 11 
f 1269 11 12 
f 3314 14 13 
f 1330 13 14 
f 571 16 15 
f 401 15 16 
f 3985 18 17 
f 2353 17 18 
f 3754 20 19 
f 884 19 20 
f 1003 22 21 
f 3664 21 22 
f 1575 24 23 
f 3606 23 24 
f 1914 26 25 
f 2772 25 26 
f 3063 28 27 
f 472 27 28 
f 2750 30 29 
f 61 29 30 
f 2304 32 31 
f 11 31 32 
f 3072 34 33 
f 1233 33 34 
f 3690 36 35 
f 818 35 36 
f 1844 38 37 
f 6 37 38 
f 3918 40 39 
f 167 39 40 
f 2402 42 41 
f 1936 41 42 
f 1609 44 43 
f 1218 43 44 
f 213 46 45 
f 1949 45 46 
f 3811 48 47 
f 3609 47 48 
f 1800 50 49 
f 829 49 50 
f 2288 52 51 
f 1200 51 52 
f 3350 54 53 
f 2246 53 54 
f 147 56 55 
f 372 55 56 
f 2051 58 57 
f 3826 57 58 
f 3352 60 59 
f 3635 59 60 
f 1792 61 30 
f 3545 63 62 
f 243 62 63 
f 597 65 64 
f 1620 64 65 
f 148 67 66 
f 680 66 67 
f 2362 69 68 
f 3520 68 69 
f 3413 71 70 
f 2196 70 71 
f 2691 73 72 
f 3181 72 73 
f 2648 75 74 
f 1433 74 75 
f 15 77 76 
f 3429 76 77 
f 1337 79 78 
f 3099 78 79 
f 2354 81 80 
f 3382 80 81 
f 1299 83 82 
f 2346 82 83 
f 3645 85 84 
f 3583 84 85 
f 2217 87 86 
f 2611 86 87 
f 1589 89 88 
f 465 88 89 
f 1572 91 90 
f 2467 90 91 
f 3151 93 92 
f 1783 92 93 
f 2573 95 94 
f 1165 94 95 
f 344 97 96 
f 840 96 97 
f 242 99 98 
f 1602 98 99 
f 2764 101 100 
f 2508 100 101 
f 629 103 102 
f 3046 102 103 
f 124 105 104 
f 3758 104 105 
f 3007 107 106 
f 1194 106 107 
f 2297 109 108 
f 2367 108 109 
f 607 111 110 
f 648 110 111 
f 1856 113 112 
f 1782 112 113 
f 213 115 114 
f 150 114 115 
f 868 117 116 
f 1165 116 117 
f 2555 119 118 
f 2147 118 119 
f 2630 121 120 
f 2851 120 121 
f 2170 123 122 
f 3820 122 123 
f 1033 125 124 
f 105 124 125 
f 1092 127 126 
f 3567 126 127 
f 3677 129 128 
f 3273 128 129 
f 1661 131 130 
f 2181 130 131 
f 2414 133 132 
f 3808 132 133 
f 1677 135 134 
f 1517 134 135 
f 3771 137 136 
f 3789 136 137 
f 3409 139 138 
f 476 138 139 
f 2476 141 140 
f 2530 140 141 
f 1759 143 142 
f 1333 142 143 
f 2956 145 144 
f 3145 144 145 
f 302 122 146 
f 3820 146 122 
f 56 147 98 
f 820 98 147 
f 2667 149 148 
f 3261 148 149 
f 2860 150 115 
f 212 152 151 
f 2599 151 152 
f 3464 154 153 
f 2394 153 154 
f 845 156 155 
f 2087 155 156 
f 3184 158 157 
f 1843 157 158 
f 440 160 159 
f 3158 159 160 
f 195 162 161 
f 2503 161 162 
f 233 164 163 
f 1109 163 164 
f 3599 166 165 
f 1986 165 166 
f 348 39 167 
f 816 169 168 
f 3924 168 169 
f 3946 171 170 
f 2697 170 171 
f 499 173 172 
f 2032 172 173 
f 1388 175 174 
f 2905 174 175 
f 2193 176 73 
f 3181 73 176 
f 3755 178 177 
f 655 177 178 
f 163 180 179 
f 2528 179 180 
f 3350 182 181 
f 2536 181 182 
f 637 184 183 
f 1876 183 184 
f 439 186 185 
f 3414 185 186 
f 3707 188 187 
f 2306 187 188 
f 1596 190 189 
f 1989 189 190 
f 3555 192 191 
f 2767 191 192 
f 2634 194 193 
f 1256 193 194 
f 3987 196 195 
f 162 195 196 
f 943 198 197 
f 208 197 198 
f 3199 200 199 
f 525 199 200 
f 1059 202 201 
f 3541 201 202 
f 2944 204 203 
f 659 203 204 
f 138 206 205 
f 2741 205 206 
f 197 208 207 
f 1551 207 208 
f 2549 210 209 
f 2423 209 210 
f 152 212 211 
f 1825 211 212 
f 45 115 213 
f 2169 215 214 
f 554 214 215 
f 3926 217 216 
f 3362 216 217 
f 968 162 196 
f 1775 219 218 
f 3731 218 219 
f 411 221 220 
f 1193 220 221 
f 735 223 222 
f 2075 222 223 
f 980 225 224 
f 2324 224 225 
f 2076 227 226 
f 2755 226 227 
f 326 229 228 
f 1695 228 229 
f 2645 212 151 
f 2090 50 230 
f 2737 230 50 
f 3906 232 231 
f 1370 231 232 
f 3936 164 233 
f 2626 235 234 
f 2011 234 235 
f 3610 237 236 
f 3272 236 237 
f 263 239 238 
f 3320 238 239 
f 1656 241 240 
f 2463 240 241 
f 62 243 242 
f 1164 242 243 
f 3662 245 244 
f 1194 244 245 
f 1370 247 246 
f 2118 246 247 
f 3426 249 248 
f 369 248 249 
f 1004 251 250 
f 3659 250 251 
f 2098 253 252 
f 1237 252 253 
f 1273 255 254 
f 3548 254 255 
f 1815 257 256 
f 1547 256 257 
f 2991 259 258 
f 1362 258 259 
f 327 261 260 
f 444 260 261 
f 3225 263 262 
f 238 262 263 
f 1967 265 264 
f 1754 264 265 
f 3332 267 266 
f 2675 266 267 
f 2907 269 268 
f 2608 268 269 
f 1940 271 270 
f 389 270 271 
f 3920 273 272 
f 940 272 273 
f 2115 275 274 
f 2607 274 275 
f 1360 277 276 
f 3588 276 277 
f 3431 279 278 
f 2631 278 279 
f 2688 281 280 
f 2897 280 281 
f 2901 283 282 
f 1509 282 283 
f 2245 285 284 
f 1408 284 285 
f 3538 287 286 
f 1065 286 287 
f 1265 289 288 
f 1693 288 289 
f 2750 290 30 
f 3218 30 290 
f 3201 292 291 
f 2490 291 292 
f 2365 294 293 
f 3724 293 294 
f 1695 296 295 
f 3916 295 296 
f 2291 298 297 
f 323 297 298 
f 3139 300 299 
f 2617 299 300 
f 3963 302 301 
f 3993 301 302 
f 2912 304 303 
f 325 303 304 
f 3467 306 305 
f 2664 305 306 
f 2751 308 307 
f 2296 307 308 
f 2336 310 309 
f 2176 309 310 
f 1303 312 311 
f 464 311 312 
f 2041 314 313 
f 2857 313 314 
f 742 316 315 
f 3433 315 316 
f 516 318 317 
f 2199 317 318 
f 2985 320 319 
f 659 319 320 
f 2686 322 321 
f 1182 321 322 
f 1482 297 323 
f 303 325 324 
f 3243 324 325 
f 2662 327 326 
f 229 326 327 
f 498 329 328 
f 438 328 329 
f 1366 331 330 
f 1919 330 331 
f 3560 332 89 
f 465 89 332 
f 1786 333 47 
f 3811 47 333 
f 3265 335 334 
f 3047 334 335 
f 3628 337 336 
f 3082 336 337 
f 2607 339 338 
f 1712 338 339 
f 1166 341 340 
f 1733 340 341 
f 3208 343 342 
f 3968 342 343 
f 1054 344 96 
f 2009 346 345 
f 3636 345 346 
f 3895 348 347 
f 1538 347 348 
f 3488 350 349 
f 1813 349 350 
f 570 352 351 
f 1336 351 352 
f 2228 354 353 
f 3720 353 354 
f 3322 356 355 
f 3751 355 356 
f 1041 358 357 
f 2149 357 358 
f 1309 360 359 
f 400 359 360 
f 1698 330 361 
f 3077 361 330 
f 3662 362 245 
f 2141 245 362 
f 2686 364 363 
f 2253 363 364 
f 3180 366 365 
f 1966 365 366 
f 2101 368 367 
f 649 367 368 
f 3357 369 249 
f 2410 371 370 
f 1146 370 371 
f 2661 372 56 
f 2116 374 373 
f 909 373 374 
f 3964 376 375 
f 2456 375 376 
f 797 378 377 
f 2388 377 378 
f 2694 380 379 
f 824 379 380 
f 3119 382 381 
f 3924 381 382 
f 3875 384 383 
f 2708 383 384 
f 1702 386 385 
f 1729 385 386 
f 3778 388 387 
f 1010 387 388 
f 3299 389 271 
f 1657 391 390 
f 2389 390 391 
f 1413 179 392 
f 2528 392 179 
f 444 394 393 
f 686 393 394 
f 2019 396 395 
f 2792 395 396 
f 724 398 397 
f 3002 397 398 
f 359 400 399 
f 2361 399 400 
f 16 402 401 
f 3525 401 402 
f 2485 404 403 
f 1973 403 404 
f 1157 406 405 
f 3950 405 406 
f 3556 408 407 
f 1956 407 408 
f 1544 410 409 
f 2206 409 410 
f 2990 221 411 
f 1827 413 412 
f 3158 412 413 
f 948 42 414 
f 2402 414 42 
f 2694 415 380 
f 931 380 415 
f 3720 354 416 
f 2863 416 354 
f 2464 418 417 
f 2254 417 418 
f 2263 420 419 
f 1261 419 420 
f 3023 422 421 
f 3764 421 422 
f 2004 424 423 
f 2160 423 424 
f 3059 426 425 
f 1115 425 426 
f 3839 428 427 
f 2189 427 428 
f 2160 430 429 
f 1717 429 430 
f 643 432 431 
f 903 431 432 
f 589 434 433 
f 1400 433 434 
f 921 436 435 
f 640 435 436 
f 328 438 437 
f 1526 437 438 
f 185 440 439 
f 1597 439 440 
f 2131 283 441 
f 2901 441 283 
f 1737 443 442 
f 152 442 443 
f 261 394 444 
f 210 8 445 
f 2243 445 8 
f 3750 447 446 
f 3526 446 447 
f 1057 248 448 
f 369 448 248 
f 3431 278 449 
f 3520 449 278 
f 2402 41 450 
f 3301 450 41 
f 1353 452 451 
f 801 451 452 
f 2273 454 453 
f 1205 453 454 
f 2384 456 455 
f 978 455 456 
f 2120 458 457 
f 1662 457 458 
f 2559 460 459 
f 3762 459 460 
f 2977 462 461 
f 3631 461 462 
f 900 464 463 
f 1748 463 464 
f 3783 465 332 
f 850 467 466 
f 3227 466 467 
f 3709 469 468 
f 1979 468 469 
f 2180 471 470 
f 3061 470 471 
f 1206 472 28 
f 2052 473 215 
f 2509 215 473 
f 3494 475 474 
f 3721 474 475 
f 2396 138 476 
f 2521 478 477 
f 44 477 478 
f 1726 480 479 
f 2311 479 480 
f 3127 482 481 
f 2548 481 482 
f 3228 484 483 
f 2484 483 484 
f 1702 486 485 
f 2483 485 486 
f 559 488 487 
f 3066 487 488 
f 754 490 489 
f 3509 489 490 
f 1223 492 491 
f 2289 491 492 
f 3133 494 493 
f 1235 493 494 
f 2222 495 409 
f 1544 409 495 
f 3680 497 496 
f 2796 496 497 
f 3516 498 328 
f 3747 173 499 
f 1368 501 500 
f 487 500 501 
f 3573 31 502 
f 3492 502 31 
f 1051 504 503 
f 3415 503 504 
f 260 229 327 
f 2023 506 505 
f 635 505 506 
f 3215 508 507 
f 1480 507 508 
f 853 510 509 
f 2362 509 510 
f 1175 512 511 
f 2915 511 512 
f 1979 514 513 
f 1150 513 514 
f 3766 233 515 
f 179 515 233 
f 675 517 516 
f 318 516 517 
f 3769 519 518 
f 1791 518 519 
f 2194 521 520 
f 779 520 521 
f 3542 523 522 
f 952 522 523 
f 199 525 524 
f 3268 524 525 
f 3016 527 526 
f 598 526 527 
f 1453 529 528 
f 1417 528 529 
f 1796 531 530 
f 2824 530 531 
f 2856 533 532 
f 2359 532 533 
f 2208 535 534 
f 1078 534 535 
f 1036 537 536 
f 2596 536 537 
f 3227 538 490 
f 2651 490 538 
f 806 540 539 
f 728 539 540 
f 5 542 541 
f 3321 541 542 
f 879 544 543 
f 3016 543 544 
f 1373 546 545 
f 1675 545 546 
f 1130 548 547 
f 567 547 548 
f 1625 550 549 
f 3772 549 550 
f 491 552 551 
f 1817 551 552 
f 2303 554 553 
f 3797 553 554 
f 2411 556 555 
f 3203 555 556 
f 614 558 557 
f 2259 557 558 
f 3 381 169 
f 3924 169 381 
f 145 488 559 
f 3303 561 560 
f 2409 560 561 
f 2786 563 562 
f 712 562 563 
f 2638 565 564 
f 858 564 565 
f 547 567 566 
f 1013 566 567 
f 3173 569 568 
f 1046 568 569 
f 582 352 570 
f 3395 572 571 
f 3097 571 572 
f 2441 574 573 
f 2975 573 574 
f 1064 576 575 
f 3152 575 576 
f 2749 578 577 
f 3403 577 578 
f 3447 580 579 
f 1215 579 580 
f 352 582 581 
f 3506 581 582 
f 591 584 583 
f 3822 583 584 
f 10 586 585 
f 763 585 586 
f 1739 588 587 
f 2769 587 588 
f 1292 589 433 
f 1194 590 106 
f 2882 106 590 
f 3832 592 591 
f 584 591 592 
f 3167 594 593 
f 1931 593 594 
f 1182 596 595 
f 3791 595 596 
f 2679 598 597 
f 757 597 598 
f 3074 600 599 
f 2734 599 600 
f 2057 602 601 
f 2677 601 602 
f 1848 604 603 
f 2784 603 604 
f 1522 606 605 
f 3705 605 606 
f 1713 608 607 
f 719 607 608 
f 1356 610 609 
f 3925 609 610 
f 1322 612 611 
f 2958 611 612 
f 452 614 613 
f 557 613 614 
f 3533 616 615 
f 1875 615 616 
f 2450 617 158 
f 2466 158 617 
f 2023 618 506 
f 1361 506 618 
f 1899 620 619 
f 1516 619 620 
f 3002 621 397 
f 3256 397 621 
f 595 623 622 
f 3715 622 623 
f 1261 615 624 
f 1875 624 615 
f 977 626 625 
f 3828 625 626 
f 3374 628 627 
f 913 627 628 
f 1529 103 629 
f 1384 630 109 
f 2367 109 630 
f 3209 632 631 
f 3934 631 632 
f 1270 455 633 
f 978 633 455 
f 505 635 634 
f 2472 634 635 
f 184 637 636 
f 3762 636 637 
f 1177 639 638 
f 1785 638 639 
f 3492 640 436 
f 1586 642 641 
f 3855 641 642 
f 1658 644 643 
f 70 643 644 
f 1290 646 645 
f 3619 645 646 
f 2116 648 647 
f 111 647 648 
f 2339 650 649 
f 367 649 650 
f 3394 652 651 
f 2777 651 652 
f 2355 654 653 
f 2765 653 654 
f 1186 656 655 
f 1111 655 656 
f 3469 658 657 
f 1079 657 658 
f 1945 203 659 
f 2072 661 660 
f 3702 660 661 
f 2363 423 198 
f 429 198 423 
f 3856 663 662 
f 1369 662 663 
f 3148 665 664 
f 203 664 665 
f 975 667 666 
f 1140 666 667 
f 3398 669 668 
f 2286 668 669 
f 1091 655 178 
f 3786 671 670 
f 2911 670 671 
f 2488 24 672 
f 1575 672 24 
f 813 674 673 
f 1982 673 674 
f 1406 675 516 
f 1926 677 676 
f 2155 676 677 
f 553 679 678 
f 1996 678 679 
f 1478 681 680 
f 3407 680 681 
f 3616 683 682 
f 2598 682 683 
f 959 685 684 
f 2118 684 685 
f 3257 687 686 
f 1679 686 687 
f 1308 689 688 
f 3147 688 689 
f 2539 690 424 
f 2160 424 690 
f 2419 692 691 
f 2035 691 692 
f 3955 190 693 
f 1596 693 190 
f 2072 695 694 
f 1237 694 695 
f 2011 697 696 
f 3557 696 697 
f 2859 699 698 
f 3786 698 699 
f 2461 701 700 
f 2336 700 701 
f 2057 703 702 
f 3331 702 703 
f 714 705 704 
f 1638 704 705 
f 3934 707 706 
f 1377 706 707 
f 3806 709 708 
f 1846 708 709 
f 1171 711 710 
f 844 710 711 
f 563 713 712 
f 2419 712 713 
f 2197 705 714 
f 950 716 715 
f 2083 715 716 
f 2761 718 717 
f 1246 717 718 
f 3045 720 719 
f 2616 719 720 
f 3119 721 382 
f 2232 382 721 
f 2868 722 422 
f 902 422 722 
f 3266 724 723 
f 397 723 724 
f 3340 726 725 
f 3863 725 726 
f 2762 662 727 
f 2956 727 662 
f 2962 728 540 
f 230 730 729 
f 2099 729 730 
f 3300 732 731 
f 812 731 732 
f 1286 733 398 
f 2221 398 733 
f 2506 735 734 
f 1001 734 735 
f 57 726 736 
f 3340 736 726 
f 1043 738 737 
f 1587 737 738 
f 3368 740 739 
f 353 739 740 
f 2208 534 741 
f 1753 741 534 
f 3794 316 742 
f 1106 744 743 
f 1528 743 744 
f 3117 746 745 
f 2003 745 746 
f 1490 748 747 
f 3302 747 748 
f 3604 750 749 
f 2559 749 750 
f 685 751 653 
f 2355 653 751 
f 3827 753 752 
f 3936 752 753 
f 1103 754 489 
f 3813 756 755 
f 1684 755 756 
f 2703 758 757 
f 2023 757 758 
f 803 760 759 
f 2073 759 760 
f 3956 762 761 
f 483 761 762 
f 585 763 247 
f 2118 247 763 
f 2433 765 764 
f 2683 764 765 
f 1333 767 766 
f 2502 766 767 
f 2730 769 768 
f 3048 768 769 
f 2142 771 770 
f 2655 770 771 
f 1323 773 772 
f 3503 772 773 
f 1006 775 774 
f 1188 774 775 
f 2710 777 776 
f 1743 776 777 
f 2132 779 778 
f 521 778 779 
f 2725 781 780 
f 1129 780 781 
f 752 783 782 
f 2988 782 783 
f 609 785 784 
f 2262 784 785 
f 2853 787 786 
f 3521 786 787 
f 3644 789 788 
f 2885 788 789 
f 1391 791 790 
f 1946 790 791 
f 981 793 792 
f 2752 792 793 
f 2923 795 794 
f 2931 794 795 
f 2731 797 796 
f 2125 796 797 
f 1392 799 798 
f 1913 798 799 
f 451 801 800 
f 2534 800 801 
f 3496 803 802 
f 3893 802 803 
f 3190 804 567 
f 1013 567 804 
f 3653 806 805 
f 2552 805 806 
f 3618 808 807 
f 2209 807 808 
f 1399 810 809 
f 3354 809 810 
f 1066 812 811 
f 732 811 812 
f 3569 813 673 
f 2804 815 814 
f 1590 814 815 
f 168 817 816 
f 1926 816 817 
f 3697 819 818 
f 1284 818 819 
f 2010 821 820 
f 3687 820 821 
f 1391 823 822 
f 3822 822 823 
f 2084 825 824 
f 2511 824 825 
f 603 827 826 
f 1972 826 827 
f 3058 829 828 
f 3719 828 829 
f 3477 831 830 
f 2877 830 831 
f 1629 833 832 
f 2983 832 833 
f 2762 727 834 
f 869 834 727 
f 2842 836 835 
f 2041 835 836 
f 2453 766 837 
f 1403 837 766 
f 2646 839 838 
f 1847 838 839 
f 97 841 840 
f 3480 840 841 
f 3558 843 842 
f 1533 842 843 
f 846 845 844 
f 155 844 845 
f 2332 847 846 
f 845 846 847 
f 3396 849 848 
f 1038 848 849 
f 641 851 850 
f 3846 850 851 
f 3931 853 852 
f 1572 852 853 
f 1493 855 854 
f 1104 854 855 
f 2301 857 856 
f 2913 856 857 
f 2620 564 858 
f 2077 860 859 
f 3173 859 860 
f 200 861 525 
f 84 525 861 
f 710 155 38 
f 1573 38 155 
f 1089 863 862 
f 3374 862 863 
f 2103 865 864 
f 2587 864 865 
f 531 867 866 
f 1618 866 867 
f 3259 868 116 
f 1527 834 869 
f 1174 871 870 
f 3355 870 871 
f 757 65 597 
f 2797 873 872 
f 1958 872 873 
f 1523 874 528 
f 1453 528 874 
f 2832 876 875 
f 2764 875 876 
f 3951 878 877 
f 3195 877 878 
f 3582 544 879 
f 3846 467 850 
f 2420 881 880 
f 916 880 881 
f 2084 824 882 
f 380 882 824 
f 2990 411 883 
f 3940 883 411 
f 3836 885 884 
f 2810 884 885 
f 2368 887 886 
f 2833 886 887 
f 1678 889 888 
f 3463 888 889 
f 474 440 185 
f 1606 891 890 
f 2016 890 891 
f 3644 893 892 
f 3038 892 893 
f 3636 895 894 
f 2005 894 895 
f 3186 897 896 
f 3470 896 897 
f 1071 899 898 
f 3149 898 899 
f 269 900 463 
f 3154 68 901 
f 3520 901 68 
f 722 903 902 
f 3103 902 903 
f 3208 905 904 
f 2814 904 905 
f 3896 907 906 
f 983 906 907 
f 3367 909 908 
f 1801 908 909 
f 3478 911 910 
f 957 910 911 
f 2074 913 912 
f 3284 912 913 
f 1264 915 914 
f 2174 914 915 
f 1329 917 916 
f 880 916 917 
f 2609 919 918 
f 3346 918 919 
f 1174 920 871 
f 872 871 920 
f 2072 922 921 
f 436 921 922 
f 1056 924 923 
f 650 923 924 
f 729 926 925 
f 2334 925 926 
f 726 57 927 
f 3826 927 57 
f 2199 929 928 
f 2717 928 929 
f 1761 931 930 
f 881 930 931 
f 3400 448 369 
f 2283 933 932 
f 1077 932 933 
f 1774 935 934 
f 1766 934 935 
f 3165 375 936 
f 2456 936 375 
f 2247 938 937 
f 998 937 938 
f 3787 940 939 
f 273 939 940 
f 813 942 941 
f 3411 941 942 
f 1552 943 197 
f 2326 945 944 
f 3030 944 945 
f 2518 947 946 
f 3623 946 947 
f 1347 949 948 
f 3092 948 949 
f 2966 951 950 
f 716 950 951 
f 861 952 523 
f 2961 954 953 
f 2386 953 954 
f 2932 956 955 
f 3559 955 956 
f 1498 957 911 
f 3631 958 831 
f 2444 831 958 
f 685 959 751 
f 2526 751 959 
f 172 961 960 
f 1416 960 961 
f 3753 963 962 
f 2102 962 963 
f 2151 965 964 
f 2277 964 965 
f 1456 967 966 
f 3443 966 967 
f 1494 969 968 
f 2504 968 969 
f 2310 971 970 
f 1793 970 971 
f 2199 973 972 
f 2156 972 973 
f 1318 975 974 
f 1941 974 975 
f 2995 977 976 
f 3011 976 977 
f 1327 390 978 
f 2389 978 390 
f 1410 157 979 
f 1843 979 157 
f 1633 225 980 
f 1437 982 981 
f 793 981 982 
f 907 984 983 
f 992 983 984 
f 2806 986 985 
f 2105 985 986 
f 3744 988 987 
f 2204 987 988 
f 2844 944 989 
f 3030 989 944 
f 3002 991 990 
f 1363 990 991 
f 2778 992 984 
f 3494 994 993 
f 3096 993 994 
f 2917 996 995 
f 3518 995 996 
f 3847 998 997 
f 938 997 998 
f 2685 1000 999 
f 2512 999 1000 
f 735 222 1001 
f 2445 1001 222 
f 1673 1003 1002 
f 1806 1002 1003 
f 2642 251 1004 
f 2024 1006 1005 
f 2599 1005 1006 
f 2734 1008 1007 
f 2909 1007 1008 
f 3615 1009 465 
f 3221 465 1009 
f 2410 1010 388 
f 1246 1011 717 
f 2574 717 1011 
f 1486 1013 1012 
f 2332 1012 1013 
f 2309 1014 999 
f 2685 999 1014 
f 1223 491 1015 
f 551 1015 491 
f 1621 1017 1016 
f 3914 1016 1017 
f 3526 189 446 
f 3886 446 189 
f 2366 1019 1018 
f 3997 1018 1019 
f 2633 1021 1020 
f 2335 1020 1021 
f 3421 1023 1022 
f 2992 1022 1023 
f 771 1025 1024 
f 1173 1024 1025 
f 1884 1027 1026 
f 3814 1026 1027 
f 2629 1028 669 
f 3700 669 1028 
f 1954 1030 1029 
f 3260 1029 1030 
f 3575 1032 1031 
f 3254 1031 1032 
f 3795 1034 1033 
f 125 1033 1034 
f 537 1036 1035 
f 1621 1035 1036 
f 758 1037 618 
f 3833 618 1037 
f 849 1039 1038 
f 1720 1038 1039 
f 2434 1041 1040 
f 1970 1040 1041 
f 2283 1043 1042 
f 737 1042 1043 
f 1655 1045 1044 
f 2910 1044 1045 
f 2392 568 1046 
f 1567 1047 274 
f 2936 274 1047 
f 3430 1049 1048 
f 3000 1048 1049 
f 1074 1051 1050 
f 503 1050 1051 
f 1469 1004 250 
f 2439 1053 1052 
f 2382 1052 1053 
f 2275 1055 1054 
f 92 1054 1055 
f 1868 924 1056 
f 2586 451 800 
f 2213 1057 448 
f 2880 1059 1058 
f 2156 1058 1059 
f 3417 990 1060 
f 3604 1060 990 
f 813 1061 942 
f 2093 942 1061 
f 1457 1063 1062 
f 2408 1062 1063 
f 575 1065 1064 
f 287 1064 1065 
f 1719 1066 270 
f 1940 270 1066 
f 197 207 1067 
f 2256 1067 207 
f 1485 1068 711 
f 844 711 1068 
f 3114 165 1069 
f 1986 1069 165 
f 3678 696 1070 
f 3207 1070 696 
f 898 1072 1071 
f 2844 1071 1072 
f 830 1074 1073 
f 3743 1073 1074 
f 321 1075 364 
f 2253 364 1075 
f 2196 71 1076 
f 3217 1076 71 
f 534 1078 1077 
f 1496 1077 1078 
f 1416 1079 658 
f 3972 1081 1080 
f 2013 1080 1081 
f 2069 1083 1082 
f 1547 1082 1083 
f 3514 1085 1084 
f 1145 1084 1085 
f 37 6 1086 
f 3452 1088 1087 
f 1360 1087 1088 
f 2007 1090 1089 
f 863 1089 1090 
f 1990 1091 178 
f 1891 127 1092 
f 3543 537 1035 
f 2799 1094 1093 
f 3008 1093 1094 
f 277 1096 1095 
f 1732 1095 1096 
f 1866 1098 1097 
f 3851 1097 1098 
f 1325 1100 1099 
f 1531 1099 1100 
f 462 1102 1101 
f 2520 1101 1102 
f 2785 754 1103 
f 3645 854 1104 
f 744 1106 1105 
f 2790 1105 1106 
f 1959 1108 1107 
f 558 1107 1108 
f 3803 1110 1109 
f 180 1109 1110 
f 656 1112 1111 
f 2177 1111 1112 
f 2056 1114 1113 
f 1678 1113 1114 
f 2955 1116 1115 
f 3801 1115 1116 
f 1429 1118 1117 
f 2431 1117 1118 
f 2023 505 65 
f 634 65 505 
f 3654 623 595 
f 1090 1120 1119 
f 3626 1119 1120 
f 1163 1122 1121 
f 1762 1121 1122 
f 1369 488 145 
f 3294 1124 1123 
f 425 1123 1124 
f 3163 1126 1125 
f 810 1125 1126 
f 2069 1082 1127 
f 976 1127 1082 
f 1300 532 1128 
f 2359 1128 532 
f 781 1130 1129 
f 2663 1129 1130 
f 2285 1132 1131 
f 2684 1131 1132 
f 88 1134 1133 
f 2715 1133 1134 
f 3299 731 1135 
f 3907 1135 731 
f 3000 1137 1136 
f 2506 1136 1137 
f 2643 1139 1138 
f 3931 1138 1139 
f 2087 1140 667 
f 3308 1142 1141 
f 1380 1141 1142 
f 936 1144 1143 
f 2233 1143 1144 
f 3237 1146 1145 
f 2601 1145 1146 
f 2623 1148 1147 
f 3053 1147 1148 
f 513 1150 1149 
f 2610 1149 1150 
f 1946 791 1151 
f 2910 1151 791 
f 1738 1153 1152 
f 3731 1152 1153 
f 2315 1155 1154 
f 2265 1154 1155 
f 2914 1157 1156 
f 405 1156 1157 
f 1362 1159 1158 
f 3770 1158 1159 
f 1016 1161 1160 
f 3076 1160 1161 
f 2040 1163 1162 
f 1121 1162 1163 
f 242 1164 99 
f 2251 99 1164 
f 95 755 1165 
f 1113 1165 755 
f 3423 1167 1166 
f 341 1166 1167 
f 3454 1169 1168 
f 2800 1168 1169 
f 2519 180 1110 
f 1600 181 311 
f 1303 311 181 
f 1481 1171 1170 
f 710 1170 1171 
f 1506 1173 1172 
f 3983 1172 1173 
f 3921 1176 1175 
f 512 1175 1176 
f 2036 639 1177 
f 86 1179 1178 
f 3852 1178 1179 
f 74 1181 1180 
f 2593 1180 1181 
f 2035 596 1182 
f 1828 1184 1183 
f 612 1183 1184 
f 385 1185 486 
f 2483 486 1185 
f 1091 1186 655 
f 3561 313 1187 
f 2857 1187 313 
f 1566 774 1188 
f 3689 1190 1189 
f 2783 1189 1190 
f 3106 1191 586 
f 1798 586 1191 
f 220 1193 1192 
f 3175 1192 1193 
f 245 1195 1194 
f 590 1194 1195 
f 3794 1196 316 
f 3238 316 1196 
f 2017 1198 1197 
f 1281 1197 1198 
f 51 1200 1199 
f 2874 1199 1200 
f 323 298 1201 
f 2952 1201 298 
f 2429 1203 1202 
f 3315 1202 1203 
f 2827 1205 1204 
f 2413 1204 1205 
f 2172 1120 1090 
f 1411 472 1206 
f 2018 1207 1198 
f 2944 1198 1207 
f 96 1209 1208 
f 3541 1208 1209 
f 2794 1211 1210 
f 1276 1210 1211 
f 1830 1213 1212 
f 2261 1212 1213 
f 2681 1214 32 
f 11 32 1214 
f 1745 579 1215 
f 1419 1217 1216 
f 2752 1216 1217 
f 3592 194 1218 
f 2634 1218 194 
f 2359 1220 1219 
f 779 1219 1220 
f 2808 1222 1221 
f 3805 1221 1222 
f 3361 1223 1015 
f 1468 1225 1224 
f 3978 1224 1225 
f 317 1227 1226 
f 1640 1226 1227 
f 2480 1229 1228 
f 2477 1228 1229 
f 818 1230 35 
f 697 35 1230 
f 682 1232 1231 
f 3524 1231 1232 
f 3265 334 58 
f 3193 58 334 
f 34 1234 1233 
f 561 1233 1234 
f 3390 1235 494 
f 252 1237 1236 
f 3680 1236 1237 
f 2489 675 1238 
f 1406 1238 675 
f 3525 1240 1239 
f 1844 1239 1240 
f 276 1242 1241 
f 3462 1241 1242 
f 1567 338 1243 
f 1712 1243 338 
f 2391 1245 1244 
f 2306 1244 1245 
f 2076 226 1246 
f 3345 1246 226 
f 405 1248 1247 
f 1833 1247 1248 
f 265 559 487 
f 1306 1250 1249 
f 2067 1249 1250 
f 3071 1252 1251 
f 2065 1251 1252 
f 1924 492 1223 
f 2844 989 1253 
f 1046 1253 989 
f 3017 1255 1254 
f 1518 1254 1255 
f 1750 1257 1256 
f 1659 1256 1257 
f 906 1259 1258 
f 2154 1258 1259 
f 2897 1261 1260 
f 420 1260 1261 
f 3964 375 1262 
f 3165 1262 375 
f 3654 1263 623 
f 3715 623 1263 
f 2981 1264 914 
f 2547 1266 1265 
f 293 1265 1266 
f 2189 1268 1267 
f 3228 1267 1268 
f 3659 1269 12 
f 633 693 1270 
f 1596 1270 693 
f 811 732 825 
f 2511 825 732 
f 2015 1272 1271 
f 1851 1271 1272 
f 1731 1274 1273 
f 255 1273 1274 
f 1027 1276 1275 
f 1577 1275 1276 
f 1624 1278 1277 
f 1675 1277 1278 
f 1042 272 940 
f 1827 1280 1279 
f 1776 1279 1280 
f 2187 1197 1281 
f 3149 899 1282 
f 3504 1282 899 
f 3163 1163 1283 
f 2040 1283 1163 
f 2875 1285 1284 
f 2239 1284 1285 
f 2587 1287 1286 
f 733 1286 1287 
f 1474 1289 1288 
f 3606 1288 1289 
f 2141 1291 1290 
f 646 1290 1291 
f 3782 1293 1292 
f 589 1292 1293 
f 2700 1035 1294 
f 1621 1294 1035 
f 40 1295 167 
f 3951 167 1295 
f 1341 1297 1296 
f 3380 1296 1297 
f 83 1299 1298 
f 3989 1298 1299 
f 1128 1301 1300 
f 3359 1300 1301 
f 3669 608 1302 
f 1713 1302 608 
f 3094 1305 1304 
f 1904 1304 1305 
f 1562 1307 1306 
f 1250 1306 1307 
f 3095 689 1308 
f 2192 360 1309 
f 3877 1311 1310 
f 232 1310 1311 
f 874 1313 1312 
f 2074 1312 1313 
f 906 983 1259 
f 2624 1259 983 
f 3018 1314 1192 
f 220 1192 1314 
f 2225 1316 1315 
f 1647 1315 1316 
f 2469 125 1034 
f 1487 76 1317 
f 1910 1317 76 
f 2834 1318 974 
f 1381 1319 350 
f 1813 350 1319 
f 769 1321 1320 
f 2305 1320 1321 
f 1183 612 1322 
f 2821 1323 772 
f 1100 1325 1324 
f 2718 1324 1325 
f 1388 300 1326 
f 3139 1326 300 
f 456 1327 978 
f 917 1329 1328 
f 594 1328 1329 
f 3524 1330 14 
f 2389 633 978 
f 3169 1332 1331 
f 2372 1331 1332 
f 2957 767 1333 
f 3567 1335 1334 
f 3785 1334 1335 
f 581 1336 352 
f 2645 79 1337 
f 2437 1339 1338 
f 3145 1338 1339 
f 3686 1341 1340 
f 867 1340 1341 
f 3222 789 892 
f 3644 892 789 
f 1464 1343 1342 
f 1186 1342 1343 
f 2334 1345 1344 
f 3252 1344 1345 
f 45 1346 115 
f 2639 115 1346 
f 2043 949 1347 
f 2728 1349 1348 
f 3919 1348 1349 
f 2857 1351 1350 
f 1601 1350 1351 
f 2800 1352 1168 
f 3307 1168 1352 
f 614 452 1353 
f 445 1355 1354 
f 2654 1354 1355 
f 2505 1357 1356 
f 610 1356 1357 
f 3874 1359 1358 
f 1581 1358 1359 
f 3799 1360 1241 
f 276 1241 1360 
f 3833 1361 618 
f 3674 1362 1158 
f 2333 750 1363 
f 3604 1363 750 
f 1418 1365 1364 
f 3093 1364 1365 
f 3890 331 1366 
f 501 1368 1367 
f 2105 1367 1368 
f 488 1369 663 
f 3577 247 1370 
f 1648 1372 1371 
f 3688 1371 1372 
f 2233 1373 545 
f 3967 677 673 
f 3569 673 677 
f 3288 1375 1374 
f 3617 1374 1375 
f 228 426 1376 
f 3059 1376 426 
f 3069 1378 1377 
f 672 1377 1378 
f 1561 895 346 
f 3636 346 895 
f 2306 1379 187 
f 3708 187 1379 
f 2584 1141 1380 
f 2652 1382 1381 
f 2329 1381 1382 
f 1767 1063 1383 
f 1457 1383 1063 
f 3321 975 1318 
f 2975 574 1384 
f 3172 1384 574 
f 3353 1386 1385 
f 1552 1385 1386 
f 1868 558 1108 
f 1661 130 1387 
f 3486 1387 130 
f 300 1388 174 
f 2246 1390 1389 
f 3528 1389 1390 
f 2282 823 1391 
f 2121 799 1392 
f 2242 1394 1393 
f 3070 1393 1394 
f 3653 1380 806 
f 540 806 1380 
f 2242 1393 647 
f 2864 647 1393 
f 3513 1396 1395 
f 3404 1395 1396 
f 3834 1398 1397 
f 3000 1397 1398 
f 810 1399 1125 
f 3566 1125 1399 
f 2021 433 1400 
f 3891 1402 1401 
f 611 1401 1402 
f 837 1403 781 
f 1130 781 1403 
f 1294 1405 1404 
f 2232 1404 1405 
f 1288 1238 1406 
f 284 1408 1407 
f 2166 1407 1408 
f 1983 1410 1409 
f 979 1409 1410 
f 2050 472 1411 
f 2987 1413 1412 
f 392 1412 1413 
f 2005 1415 1414 
f 2823 1414 1415 
f 2722 960 1416 
f 1375 539 728 
f 2667 66 1417 
f 3407 1417 66 
f 1217 1419 1418 
f 1365 1418 1419 
f 3119 1420 721 
f 1404 721 1420 
f 3463 1422 1421 
f 23 1421 1422 
f 3652 1424 1423 
f 2969 1423 1424 
f 2049 1426 1425 
f 3080 1425 1426 
f 3316 1428 1427 
f 2543 1427 1428 
f 3038 893 1039 
f 2989 1039 893 
f 3405 1430 1429 
f 1118 1429 1430 
f 3284 1432 1431 
f 206 1431 1432 
f 75 1434 1433 
f 2461 1433 1434 
f 2953 1436 1435 
f 2580 1435 1436 
f 1842 1438 1437 
f 2020 1437 1438 
f 2861 1440 1439 
f 3992 1439 1440 
f 3541 1209 1441 
f 3249 1441 1209 
f 227 1443 1442 
f 2119 1442 1443 
f 2565 1444 604 
f 3242 604 1444 
f 1342 1186 1091 
f 2835 1446 1445 
f 2915 1445 1446 
f 3330 1448 1447 
f 2749 1447 1448 
f 2208 1449 535 
f 2425 535 1449 
f 1858 1451 1450 
f 3468 1450 1451 
f 1081 1453 1452 
f 874 1452 1453 
f 2671 778 521 
f 3570 1454 1429 
f 3405 1429 1454 
f 2830 1456 1455 
f 966 1455 1456 
f 2579 549 1458 
f 3772 1458 549 
f 1676 1460 1459 
f 3132 1459 1460 
f 2509 1461 679 
f 267 679 1461 
f 1761 1463 1462 
f 3878 1462 1463 
f 2528 1465 1464 
f 1899 1464 1465 
f 2825 1467 1466 
f 1905 1466 1467 
f 2641 1469 1468 
f 3722 1468 1469 
f 2137 1470 1171 
f 711 1171 1470 
f 3207 1472 1471 
f 3164 1471 1472 
f 2228 624 1473 
f 1875 1473 624 
f 1288 1406 1474 
f 1226 1474 1406 
f 3230 1476 1475 
f 3746 1475 1476 
f 2737 1477 230 
f 730 230 1477 
f 67 1479 1478 
f 1782 1478 1479 
f 1508 1481 1480 
f 507 1480 1481 
f 2287 297 1482 
f 1915 25 1483 
f 3975 1483 25 
f 2349 1484 124 
f 1033 124 1484 
f 3530 1486 1485 
f 1068 1485 1486 
f 571 15 1487 
f 76 1487 15 
f 1694 1489 1488 
f 3889 1488 1489 
f 2801 1490 602 
f 747 602 1490 
f 31 11 1269 
f 2444 1492 1491 
f 1609 1491 1492 
f 1562 1306 1493 
f 1249 1493 1306 
f 3958 1495 1494 
f 969 1494 1495 
f 932 1077 1496 
f 3764 1076 1497 
f 3217 1497 1076 
f 2146 1498 911 
f 3163 1499 1126 
f 2452 1126 1499 
f 3227 1500 538 
f 3323 538 1500 
f 1904 1502 1501 
f 1969 1501 1502 
f 1097 802 1503 
f 306 1503 802 
f 2930 734 1001 
f 3900 1505 1504 
f 3792 1504 1505 
f 1172 1507 1506 
f 3892 1506 1507 
f 282 1509 1508 
f 2493 1508 1509 
f 1204 1511 1510 
f 3796 1510 1511 
f 2425 1513 1512 
f 3580 1512 1513 
f 2587 1286 864 
f 724 864 1286 
f 3225 1515 1514 
f 2347 1514 1515 
f 2063 619 1516 
f 3449 134 1517 
f 3334 1388 1326 
f 1565 1254 1518 
f 3561 286 1519 
f 1903 1519 286 
f 1032 1521 1520 
f 3589 1520 1521 
f 3641 606 1522 
f 3407 1523 1417 
f 528 1417 1523 
f 2657 1525 1524 
f 2092 1524 1525 
f 639 493 1235 
f 2938 1526 438 
f 3261 1479 67 
f 2147 119 1527 
f 834 1527 119 
f 3039 1529 1528 
f 1627 1528 1529 
f 1099 1531 1530 
f 3910 1530 1531 
f 2834 974 1532 
f 1941 1532 974 
f 843 1534 1533 
f 1999 1533 1534 
f 3507 1535 335 
f 3047 335 1535 
f 3179 1537 1536 
f 1584 1536 1537 
f 167 239 1538 
f 263 1538 239 
f 2812 1540 1539 
f 2898 1539 1540 
f 3830 1542 1541 
f 3562 1541 1542 
f 3015 1544 1543 
f 495 1543 1544 
f 2687 1546 1545 
f 2728 1545 1546 
f 1781 1082 1547 
f 2318 1549 1548 
f 2545 1548 1549 
f 207 1551 1550 
f 217 1550 1551 
f 2935 1552 1386 
f 1637 1554 1553 
f 3327 1553 1554 
f 3474 1556 1555 
f 1747 1555 1556 
f 2933 1558 1557 
f 1436 1557 1558 
f 3933 1325 1099 
f 3752 628 1254 
f 3017 1254 628 
f 1763 1560 1559 
f 2138 1559 1560 
f 2009 1561 346 
f 2515 1307 1562 
f 3870 934 1563 
f 1766 1563 934 
f 3284 1565 1564 
f 2150 1564 1565 
f 3128 774 1566 
f 3892 1507 1559 
f 1763 1559 1507 
f 274 338 1567 
f 2723 1569 1568 
f 3793 1568 1569 
f 2179 1018 1570 
f 3997 1570 1018 
f 852 1572 1571 
f 570 1571 1572 
f 38 1573 6 
f 1220 520 779 
f 706 1575 1574 
f 1422 1574 1575 
f 1275 1577 1576 
f 1741 1576 1577 
f 2150 875 1578 
f 2788 1578 875 
f 1095 1579 1069 
f 2277 1069 1579 
f 2810 1580 884 
f 3974 884 1580 
f 3360 1582 1581 
f 2790 1581 1582 
f 1103 489 1583 
f 3509 1583 489 
f 1537 1585 1584 
f 3590 1584 1585 
f 3674 642 1586 
f 738 1588 1587 
f 2106 1587 1588 
f 88 1133 1589 
f 2830 1589 1133 
f 1859 1590 1451 
f 2060 1451 1590 
f 563 1591 1583 
f 1103 1583 1591 
f 2064 1592 1255 
f 3877 1255 1592 
f 2820 1594 1593 
f 416 1593 1594 
f 1270 1596 1595 
f 3526 1595 1596 
f 440 159 1597 
f 18 1597 159 
f 2545 1595 447 
f 3526 447 1595 
f 121 1599 1598 
f 273 1598 1599 
f 269 1600 900 
f 311 900 1600 
f 3586 1350 1601 
f 2579 1602 549 
f 1625 549 1602 
f 2851 498 1603 
f 3516 1603 498 
f 3464 153 1604 
f 2395 1604 153 
f 3596 1606 1605 
f 890 1605 1606 
f 1790 1038 1607 
f 1720 1607 1038 
f 1491 1609 1608 
f 43 1608 1609 
f 2649 1611 1610 
f 3735 1610 1611 
f 1659 1613 1612 
f 1892 1612 1613 
f 2403 1615 1614 
f 1977 1614 1615 
f 2092 1617 1616 
f 3942 1616 1617 
f 867 1296 1618 
f 3380 1618 1296 
f 2670 1620 1619 
f 634 1619 1620 
f 1017 1621 1036 
f 3060 1623 1622 
f 3287 1622 1623 
f 1100 1624 1531 
f 3910 1531 1624 
f 1405 1016 1160 
f 1794 550 1625 
f 3570 1626 1454 
f 2759 1454 1626 
f 3570 1429 1117 
f 1529 1628 1627 
f 3874 1627 1628 
f 1738 1629 832 
f 2487 800 1630 
f 2535 1630 800 
f 3138 1631 1093 
f 2799 1093 1631 
f 2072 921 661 
f 2200 661 921 
f 225 1633 1632 
f 2490 1632 1633 
f 1675 1634 1277 
f 2968 1277 1634 
f 1232 682 1635 
f 2598 1635 682 
f 573 1637 1636 
f 1553 1636 1637 
f 2183 704 1638 
f 3542 807 523 
f 2209 523 807 
f 879 543 1639 
f 3500 1639 543 
f 3843 1640 1227 
f 1648 1642 1641 
f 948 1641 1642 
f 3368 1644 1643 
f 2321 1643 1644 
f 3279 1646 1645 
f 1972 1645 1646 
f 2779 1648 1647 
f 1641 1647 1648 
f 2754 1650 1649 
f 3840 1649 1650 
f 3516 1028 1651 
f 3188 1651 1028 
f 1860 1652 264 
f 1967 264 1652 
f 1981 1654 1653 
f 1049 1653 1654 
f 3042 1656 1655 
f 240 1655 1656 
f 1900 391 1657 
f 431 1658 643 
f 2716 1301 1219 
f 2359 1219 1301 
f 3489 1613 1659 
f 2015 1271 1660 
f 1707 1660 1271 
f 3996 1663 1662 
f 457 1662 1663 
f 2274 1665 1664 
f 2702 1664 1665 
f 3466 201 1441 
f 3541 1441 201 
f 294 842 1666 
f 3611 1666 842 
f 2574 1668 1667 
f 3775 1667 1668 
f 2929 1669 341 
f 1701 341 1669 
f 672 1575 706 
f 2112 1670 22 
f 3664 22 1670 
f 601 1672 1671 
f 3601 1671 1672 
f 3388 1674 1673 
f 1003 1673 1674 
f 1706 1634 1675 
f 1981 1677 1676 
f 1460 1676 1677 
f 3268 525 84 
f 1114 889 1678 
f 3366 393 1679 
f 686 1679 393 
f 1943 1681 1680 
f 3923 1680 1681 
f 1879 1683 1682 
f 1871 1682 1683 
f 3317 1602 99 
f 756 1685 1684 
f 2272 1684 1685 
f 3815 1687 1686 
f 1712 1686 1687 
f 613 801 452 
f 1754 265 487 
f 2921 1685 756 
f 2694 1688 415 
f 916 415 1688 
f 3738 1690 1689 
f 374 1689 1690 
f 2266 1691 1154 
f 2887 1154 1691 
f 2817 1693 1692 
f 2838 1692 1693 
f 1474 1694 1289 
f 2252 1289 1694 
f 3800 760 803 
f 3637 296 1695 
f 3660 1697 1696 
f 2732 1696 1697 
f 210 1698 8 
f 361 8 1698 
f 2603 1700 1699 
f 3478 1699 1700 
f 3279 1645 1701 
f 3068 1701 1645 
f 485 1703 1702 
f 2079 1702 1703 
f 3732 1705 1704 
f 4 1704 1705 
f 2876 1706 546 
f 1675 546 1706 
f 3012 1707 1271 
f 2056 1708 1114 
f 1810 1114 1708 
f 2099 926 729 
f 826 1709 603 
f 1848 603 1709 
f 195 161 1710 
f 1917 1710 161 
f 2713 1107 614 
f 558 614 1107 
f 1686 1712 1711 
f 339 1711 1712 
f 3281 1302 1713 
f 3061 1715 1714 
f 3379 1714 1715 
f 3849 1717 1716 
f 2161 1716 1717 
f 3124 992 1718 
f 2778 1718 992 
f 2098 1719 270 
f 2885 829 50 
f 2989 1344 1720 
f 3252 1720 1344 
f 3277 816 1721 
f 1926 1721 816 
f 2387 1723 1722 
f 3204 1722 1723 
f 3440 49 829 
f 3592 44 478 
f 3820 1725 1724 
f 3981 1724 1725 
f 378 1726 479 
f 2278 1727 1356 
f 2505 1356 1727 
f 1185 1729 1728 
f 3709 1728 1729 
f 3058 1731 1730 
f 3129 1730 1731 
f 1096 1733 1732 
f 3815 1732 1733 
f 2714 1735 1734 
f 3365 1734 1735 
f 3725 1737 1736 
f 2934 1736 1737 
f 3922 1738 1152 
f 587 1740 1739 
f 2650 1739 1740 
f 1577 1742 1741 
f 3854 1741 1742 
f 3146 1743 777 
f 2310 1745 1744 
f 2383 1744 1745 
f 2931 1746 794 
f 3803 794 1746 
f 1056 1747 1556 
f 2608 463 1748 
f 2617 300 174 
f 2249 1663 1749 
f 3996 1749 1663 
f 3326 1671 1750 
f 3601 1750 1671 
f 657 1752 1751 
f 3392 1751 1752 
f 1077 933 1753 
f 3333 1753 933 
f 501 1754 487 
f 3441 1756 1755 
f 804 1755 1756 
f 1980 513 1149 
f 1462 882 931 
f 380 931 882 
f 255 1758 1757 
f 2937 1757 1758 
f 2741 143 1759 
f 874 1760 1313 
f 1968 1313 1760 
f 1462 931 1761 
f 3675 1762 1122 
f 1680 1560 1763 
f 1134 651 1764 
f 2777 1764 651 
f 2489 1765 675 
f 517 675 1765 
f 2561 1563 1766 
f 3779 1767 1383 
f 1090 1768 863 
f 3370 863 1768 
f 3146 1317 1743 
f 3742 1743 1317 
f 3066 500 487 
f 13 1330 1769 
f 2412 1769 1330 
f 3296 555 1611 
f 3735 1611 555 
f 1084 1145 1770 
f 2614 1770 1145 
f 1686 1711 1732 
f 1579 1732 1711 
f 1953 1508 1480 
f 3148 1771 665 
f 1281 665 1771 
f 3025 1773 1772 
f 2465 1772 1773 
f 3750 935 1774 
f 499 172 1568 
f 960 1568 172 
f 218 722 1775 
f 2868 1775 722 
f 1279 1776 154 
f 2394 154 1776 
f 2464 1778 1777 
f 2871 1777 1778 
f 1869 1780 1779 
f 2818 1779 1780 
f 2090 230 729 
f 976 1082 1781 
f 3083 1782 1479 
f 344 92 1783 
f 638 1785 1784 
f 3232 1784 1785 
f 3339 1786 47 
f 1890 1788 1787 
f 3823 1787 1788 
f 3070 1790 1789 
f 1607 1789 1790 
f 1830 1791 519 
f 970 1793 1792 
f 61 1792 1793 
f 2980 1795 1794 
f 3858 1794 1795 
f 3990 531 1796 
f 2388 1797 1505 
f 3451 1505 1797 
f 684 1798 959 
f 1536 959 1798 
f 3130 1800 1799 
f 887 1799 1800 
f 374 1801 909 
f 3683 1803 1802 
f 1880 1802 1803 
f 3347 1805 1804 
f 2148 1804 1805 
f 1003 21 1806 
f 2720 1806 21 
f 3461 1807 471 
f 1715 471 1807 
f 3481 1809 1808 
f 1571 1808 1809 
f 3793 499 1568 
f 3457 1810 1708 
f 2290 1679 1811 
f 687 1811 1679 
f 2422 1813 1812 
f 2566 1812 1813 
f 2648 1814 75 
f 2798 75 1814 
f 3364 1816 1815 
f 257 1815 1816 
f 552 1818 1817 
f 3940 1817 1818 
f 3063 331 28 
f 3384 28 331 
f 2950 1820 1819 
f 3939 1819 1820 
f 2342 1736 1821 
f 3044 1821 1736 
f 2954 237 1822 
f 3610 1822 237 
f 836 1823 314 
f 2857 314 1823 
f 3282 1824 458 
f 1662 458 1824 
f 1558 1826 1825 
f 211 1825 1826 
f 413 1827 1279 
f 1190 1828 1183 
f 2282 1391 1829 
f 790 1829 1391 
f 355 1830 519 
f 1934 1831 1278 
f 1143 1278 1831 
f 2049 1832 1426 
f 1 1426 1832 
f 2747 1833 1248 
f 3859 873 1834 
f 2797 1834 873 
f 2479 1836 1835 
f 2818 1835 1836 
f 3762 1838 1837 
f 2959 1837 1838 
f 3757 1840 1839 
f 2236 1839 1840 
f 3377 1842 1841 
f 1437 1841 1842 
f 1603 979 1843 
f 2606 1521 1032 
f 1170 710 1844 
f 38 1844 710 
f 3212 1845 1669 
f 1701 1669 1845 
f 708 1846 998 
f 937 998 1846 
f 2211 1847 839 
f 1709 1849 1848 
f 2565 1848 1849 
f 3012 1851 1850 
f 3122 1850 1851 
f 518 1791 1852 
f 3382 1852 1791 
f 3039 481 1853 
f 2548 1853 481 
f 2423 210 445 
f 1923 1854 1767 
f 2690 1767 1854 
f 113 1856 1855 
f 1777 1855 1856 
f 1943 1763 1507 
f 3749 798 1857 
f 2801 1857 798 
f 3418 1859 1858 
f 1451 1858 1859 
f 1754 1860 264 
f 3341 1862 1861 
f 2665 1861 1862 
f 957 1864 1863 
f 1339 1863 1864 
f 2391 1866 1865 
f 1097 1865 1866 
f 3704 1716 1867 
f 3603 1867 1716 
f 1556 1868 1056 
f 3448 1870 1869 
f 3570 1869 1870 
f 2743 1871 1683 
f 2950 1819 1534 
f 1999 1534 1819 
f 1216 1873 1872 
f 2207 1872 1873 
f 1473 1875 1874 
f 2605 1874 1875 
f 2740 1877 1876 
f 2573 1876 1877 
f 1477 1878 730 
f 2100 730 1878 
f 822 791 1391 
f 3312 1683 1879 
f 1803 387 1880 
f 1010 1880 387 
f 3431 1881 279 
f 2750 279 1881 
f 3429 77 530 
f 1796 530 77 
f 3248 1883 1882 
f 2352 1882 1883 
f 3337 1885 1884 
f 3898 1884 1885 
f 1174 1887 1886 
f 3150 1886 1887 
f 3396 1889 1888 
f 2235 1888 1889 
f 127 1891 1890 
f 1788 1890 1891 
f 1311 1370 232 
f 2515 1893 1892 
f 1612 1892 1893 
f 2357 1895 1894 
f 1065 1894 1895 
f 1833 1199 1896 
f 2874 1896 1199 
f 80 1898 1897 
f 2935 1897 1898 
f 1343 1464 1899 
f 4002 391 1900 
f 3624 1902 1901 
f 1184 1901 1902 
f 2945 1519 1903 
f 1466 1905 1904 
f 1502 1904 1905 
f 2152 1907 1906 
f 2301 1906 1907 
f 1195 1290 590 
f 645 590 1290 
f 1592 1909 1908 
f 1957 1908 1909 
f 76 1911 1910 
f 3265 1910 1911 
f 3311 1891 1912 
f 1092 1912 1891 
f 799 345 1913 
f 3636 1913 345 
f 25 1915 1914 
f 3241 1914 1915 
f 560 937 1916 
f 1846 1916 937 
f 644 1710 1917 
f 3502 1385 1918 
f 3108 1918 1385 
f 3063 1919 331 
f 3041 1921 1920 
f 2942 1920 1921 
f 2152 1906 1922 
f 2404 1922 1906 
f 3999 1923 1767 
f 2636 1925 1924 
f 492 1924 1925 
f 1721 1926 676 
f 3185 1927 135 
f 1585 135 1927 
f 2993 1929 1928 
f 3612 1928 1929 
f 2346 1931 1930 
f 1688 1930 1931 
f 3812 1933 1932 
f 3969 1932 1933 
f 1624 1934 1278 
f 41 1936 1935 
f 3937 1935 1936 
f 2238 1604 1937 
f 2660 1937 1604 
f 1922 1939 1938 
f 2943 1938 1939 
f 2033 1942 1941 
f 1532 1941 1942 
f 1680 1763 1943 
f 413 1279 1944 
f 154 1944 1279 
f 659 320 1945 
f 3758 1945 320 
f 3335 790 1946 
f 1640 1489 1694 
f 3142 1948 1947 
f 1681 1947 1948 
f 597 1950 1949 
f 45 1949 1950 
f 2014 1952 1951 
f 1805 1951 1952 
f 2109 1953 1923 
f 1854 1923 1953 
f 2631 1030 1954 
f 753 1956 1955 
f 3392 1955 1956 
f 2720 1957 1909 
f 2721 872 1958 
f 2667 1219 149 
f 779 149 1219 
f 2964 1959 1107 
f 2940 1961 1960 
f 2182 1960 1961 
f 2899 280 1260 
f 2897 1260 280 
f 2487 1630 1962 
f 3309 1962 1630 
f 1770 1963 1055 
f 92 1055 1963 
f 3190 567 548 
f 2540 1965 1964 
f 2308 1964 1965 
f 2437 1967 1966 
f 1652 1966 1967 
f 3469 657 1751 
f 2074 1968 627 
f 862 627 1968 
f 2152 1969 1502 
f 357 1970 1041 
f 1645 1972 1971 
f 3776 1971 1972 
f 3450 403 1973 
f 3751 1975 1974 
f 2012 1974 1975 
f 1614 1977 1976 
f 9 1976 1977 
f 2163 1978 1555 
f 3587 1555 1978 
f 513 1980 1979 
f 468 1979 1980 
f 1653 1982 1981 
f 3185 1981 1982 
f 2570 1983 1409 
f 3973 622 1984 
f 3715 1984 622 
f 3588 1986 1985 
f 3036 1985 1986 
f 3327 1988 1987 
f 2219 1987 1988 
f 2377 1989 190 
f 2987 1412 1990 
f 1091 1990 1412 
f 2698 1264 1991 
f 2981 1991 1264 
f 2576 1993 1992 
f 3139 1992 1993 
f 3410 1995 1994 
f 3698 1994 1995 
f 679 267 1996 
f 3332 1996 267 
f 3069 1377 1997 
f 707 1997 1377 
f 3024 1029 1998 
f 2640 1998 1029 
f 2524 1533 1999 
f 3029 2001 2000 
f 3524 2000 2001 
f 2310 1744 2002 
f 2850 2002 1744 
f 2237 745 2003 
f 2363 2004 423 
f 3942 2005 895 
f 2740 1876 184 
f 417 2007 2006 
f 1089 2006 2007 
f 2356 2009 2008 
f 3921 2008 2009 
f 2959 2010 147 
f 820 147 2010 
f 3678 2011 696 
f 2278 2012 1975 
f 1081 1452 2013 
f 476 2013 1452 
f 3098 1952 2014 
f 3693 2016 2015 
f 3367 2015 2016 
f 3207 2018 2017 
f 1198 2017 2018 
f 2645 1337 2019 
f 3237 2019 1337 
f 3838 2021 2020 
f 2770 2020 2021 
f 3948 2022 1229 
f 2477 1229 2022 
f 2182 2025 2024 
f 3063 2024 2025 
f 3241 2027 2026 
f 3744 2026 2027 
f 1522 2028 1729 
f 3709 1729 2028 
f 2689 2030 2029 
f 3056 2029 2030 
f 3816 1760 1523 
f 874 1523 1760 
f 392 1464 1342 
f 2549 330 1698 
f 2637 1651 2031 
f 3188 2031 1651 
f 2214 1909 1592 
f 173 995 2032 
f 3518 2032 995 
f 1527 869 1498 
f 1864 1498 869 
f 1942 2033 347 
f 3034 347 2033 
f 691 2035 2034 
f 322 2034 2035 
f 2878 2036 1177 
f 3310 2037 951 
f 716 951 2037 
f 3229 2039 2038 
f 1497 2038 2039 
f 1927 2040 1585 
f 1162 1585 2040 
f 2945 2041 1519 
f 313 1519 2041 
f 1695 295 2042 
f 3853 2042 295 
f 1347 2044 2043 
f 1570 2043 2044 
f 2173 2046 2045 
f 2733 2045 2046 
f 2851 2047 498 
f 329 498 2047 
f 3832 1250 1307 
f 3949 2048 1938 
f 1922 1938 2048 
f 2572 1942 347 
f 1539 1832 2049 
f 472 2050 1188 
f 2828 1188 2050 
f 3742 2051 736 
f 57 736 2051 
f 2169 2053 2052 
f 3699 2052 2053 
f 1836 2055 2054 
f 1920 2054 2055 
f 3933 1099 1008 
f 1530 1008 1099 
f 575 1894 1065 
f 1684 2056 755 
f 1113 755 2056 
f 2570 1353 451 
f 2846 2057 702 
f 620 2059 2058 
f 450 2058 2059 
f 815 2060 1590 
f 860 1253 569 
f 1046 569 1253 
f 2755 1442 2061 
f 3658 2061 1442 
f 3121 2062 1420 
f 1404 1420 2062 
f 619 2063 1019 
f 3997 1019 2063 
f 3017 2064 1255 
f 1251 2065 337 
f 3728 337 2065 
f 2646 2066 839 
f 3881 839 2066 
f 591 2067 1250 
f 246 2068 1820 
f 2765 1820 2068 
f 398 724 1286 
f 3051 2071 2070 
f 2448 2070 2071 
f 660 695 2072 
f 2664 1331 305 
f 3260 305 1331 
f 1379 2073 760 
f 627 913 2074 
f 2329 645 1639 
f 3619 1639 645 
f 1654 2075 223 
f 3849 208 198 
f 2612 227 2076 
f 3198 1387 2077 
f 3438 2077 1387 
f 1178 2078 1965 
f 2500 1965 2078 
f 2563 2080 2079 
f 3244 2079 2080 
f 2806 2082 2081 
f 2925 2081 2082 
f 2850 2083 716 
f 1462 2084 882 
f 3346 2086 2085 
f 1821 2085 2086 
f 1573 2087 542 
f 667 542 2087 
f 1655 240 2088 
f 2462 2088 240 
f 3281 2089 891 
f 3597 891 2089 
f 729 925 2090 
f 2885 2090 925 
f 3338 1026 2091 
f 3113 2091 1026 
f 1702 385 486 
f 1946 1151 1388 
f 175 1388 1151 
f 3339 2092 1525 
f 3924 2093 168 
f 1061 168 2093 
f 2273 2094 133 
f 3808 133 2094 
f 3481 1808 2095 
f 351 2095 1808 
f 2477 2097 2096 
f 2489 2096 2097 
f 2883 2098 252 
f 2795 1936 42 
f 730 2100 2099 
f 2633 2099 2100 
f 2629 2102 2101 
f 963 2101 2102 
f 3955 865 2103 
f 2546 2104 1880 
f 1802 1880 2104 
f 3777 2105 1368 
f 1588 2107 2106 
f 3015 2106 2107 
f 2646 2108 2066 
f 3773 2066 2108 
f 1923 2110 2109 
f 3602 2109 2110 
f 3800 1379 760 
f 3707 1244 188 
f 2306 188 1244 
f 2962 2112 2111 
f 3388 2111 2112 
f 2868 2114 2113 
f 3898 2113 2114 
f 214 554 2115 
f 2303 2115 554 
f 2864 2116 647 
f 2766 1769 2117 
f 2146 2117 1769 
f 1443 1714 2119 
f 3379 2119 1714 
f 1931 916 1688 
f 2761 458 2120 
f 2400 2121 1392 
f 2502 2122 1403 
f 1130 1403 2122 
f 2347 1515 410 
f 2206 410 1515 
f 925 2123 788 
f 3644 788 2123 
f 1640 2124 1489 
f 1795 1489 2124 
f 2367 630 2125 
f 796 2125 630 
f 3471 2127 2126 
f 2478 2126 2127 
f 3905 2128 2026 
f 3241 2026 2128 
f 885 1801 374 
f 2285 1131 2129 
f 3626 2129 1131 
f 3197 2130 985 
f 2806 985 2130 
f 3115 2131 441 
f 2513 184 636 
f 368 2101 963 
f 3261 149 2132 
f 779 2132 149 
f 3646 1262 2133 
f 3165 2133 1262 
f 3808 1605 2134 
f 3692 2134 1605 
f 2045 2136 2135 
f 1180 2135 2136 
f 2493 2137 1171 
f 2801 798 1913 
f 2513 2138 1560 
f 3080 2140 2139 
f 3248 2139 2140 
f 2813 1291 2141 
f 2186 1731 1273 
f 3953 1217 1418 
f 1749 2142 1900 
f 770 1900 2142 
f 3547 2143 780 
f 2725 780 2143 
f 1570 2145 2144 
f 987 2144 2145 
f 2412 2147 2146 
f 1527 2146 2147 
f 1907 1804 2148 
f 752 782 2149 
f 3977 2149 782 
f 1594 1092 126 
f 3962 1564 2150 
f 2658 2151 275 
f 2607 275 2151 
f 1502 1804 2152 
f 1907 2152 1804 
f 303 324 2153 
f 3861 2153 324 
f 3529 2154 1259 
f 676 2155 1142 
f 2758 1142 2155 
f 2760 2156 973 
f 3285 2158 2157 
f 2647 2157 2158 
f 1170 1844 1240 
f 980 564 2159 
f 2620 2159 564 
f 430 2160 690 
f 3005 1908 1957 
f 3603 1716 2161 
f 3240 2163 2162 
f 2474 2162 2163 
f 3194 2165 2164 
f 1569 2164 2165 
f 3600 2167 2166 
f 3976 2166 2167 
f 1064 2168 576 
f 2714 576 2168 
f 215 2169 2052 
f 2070 2171 2170 
f 2245 2170 2171 
f 2129 1120 2172 
f 2590 2173 2045 
f 1586 2174 915 
f 3224 449 2175 
f 3520 2175 449 
f 2234 2176 1181 
f 2594 1181 2176 
f 2927 1111 2177 
f 2366 2179 2178 
f 3688 2178 2179 
f 2893 2181 2180 
f 3461 2180 2181 
f 2876 114 150 
f 1960 2182 1005 
f 2024 1005 2182 
f 3597 373 2016 
f 3367 2016 373 
f 2315 2183 1155 
f 1638 1155 2183 
f 3242 1444 2184 
f 2866 2184 1444 
f 3779 2186 2185 
f 1273 2185 2186 
f 3148 2188 2187 
f 1320 2187 2188 
f 3061 1714 1443 
f 2835 2189 428 
f 3332 266 2190 
f 2137 2190 266 
f 379 824 2191 
f 2511 2191 824 
f 3677 360 2192 
f 3821 1343 1899 
f 3070 1789 2193 
f 176 2193 1789 
f 520 1704 2194 
f 3 2194 1704 
f 2629 2101 2195 
f 367 2195 2101 
f 2809 2197 714 
f 317 2199 2198 
f 928 2198 2199 
f 921 435 2200 
f 3734 2200 435 
f 3658 1138 2201 
f 3931 2201 1138 
f 3088 2203 2202 
f 3196 2202 2203 
f 3568 1418 1364 
f 2043 2204 949 
f 2886 949 2204 
f 3697 2205 819 
f 3817 819 2205 
f 1873 2208 2207 
f 741 2207 2208 
f 808 854 2209 
f 3645 2209 854 
f 2471 2211 2210 
f 3156 2210 2211 
f 1282 2213 2212 
f 3027 2212 2213 
f 2848 2215 2214 
f 1909 2214 2215 
f 3505 1482 323 
f 2350 2217 2216 
f 2540 2216 2217 
f 3096 714 704 
f 1987 2219 2218 
f 3912 2218 2219 
f 3894 2220 1305 
f 2825 1305 2220 
f 991 2221 733 
f 2340 611 1643 
f 2958 1643 611 
f 121 1598 2222 
f 495 2222 1598 
f 664 2224 2223 
f 3095 2223 2224 
f 3803 2225 1315 
f 2534 2227 2226 
f 2948 2226 2227 
f 2281 2228 353 
f 3026 2229 2097 
f 1765 2097 2229 
f 1748 2230 1925 
f 492 1925 2230 
f 382 2232 2231 
f 1160 2231 2232 
f 3902 1143 2233 
f 1433 2234 74 
f 1181 74 2234 
f 1839 2236 2235 
f 3635 2235 2236 
f 2776 2238 2237 
f 1937 2237 2238 
f 3557 2239 376 
f 2456 376 2239 
f 742 2240 2100 
f 2633 2100 2240 
f 1296 867 1341 
f 3442 2242 2241 
f 111 2241 2242 
f 2760 517 1765 
f 445 2243 1355 
f 2653 1355 2243 
f 3715 1263 2244 
f 1852 2244 1263 
f 2170 2245 123 
f 284 123 2245 
f 881 931 415 
f 3792 1390 2246 
f 2330 2248 2247 
f 2946 2247 2248 
f 2793 2249 1657 
f 1749 1657 2249 
f 1341 2250 1297 
f 3329 1297 2250 
f 1164 2252 2251 
f 1488 2251 2252 
f 3091 2253 1075 
f 417 2254 2007 
f 2172 2007 2254 
f 3310 2255 2037 
f 971 2037 2255 
f 464 900 311 
f 2946 997 938 
f 207 1550 2256 
f 3559 2256 1550 
f 2949 1534 843 
f 2519 2258 2257 
f 2059 2257 2258 
f 3474 2259 1556 
f 1868 1556 2259 
f 2777 652 2260 
f 2711 2260 652 
f 784 2262 2261 
f 2364 2261 2262 
f 3100 2264 2263 
f 2900 2263 2264 
f 2635 2266 2265 
f 1154 2265 2266 
f 1452 1312 2267 
f 912 2267 1312 
f 3940 2268 883 
f 3170 883 2268 
f 3543 2269 537 
f 2596 537 2269 
f 1015 551 2270 
f 1817 2270 551 
f 3433 2271 315 
f 2960 315 2271 
f 3021 2272 1685 
f 3237 396 2019 
f 453 2274 2273 
f 2094 2273 2274 
f 2578 2276 2275 
f 1055 2275 2276 
f 3280 1597 18 
f 1711 964 2277 
f 2543 2279 2278 
f 1727 2278 2279 
f 3856 2280 663 
f 3066 663 2280 
f 3865 2228 2281 
f 3267 664 203 
f 1042 2284 2283 
f 2979 2283 2284 
f 2254 418 2285 
f 1132 2285 418 
f 3700 2286 669 
f 2557 2080 847 
f 2529 847 2080 
f 3512 297 2287 
f 3076 2231 1160 
f 2564 2288 51 
f 492 2230 2289 
f 3409 2289 2230 
f 3914 1161 1016 
f 2023 758 618 
f 3723 2290 1811 
f 1329 916 1931 
f 2363 198 943 
f 298 2291 2216 
f 2350 2216 2291 
f 2983 2293 2292 
f 3987 2292 2293 
f 2795 2295 2294 
f 2782 2294 2295 
f 3637 1695 229 
f 1059 2296 202 
f 2578 202 2296 
f 1554 2297 1988 
f 108 1988 2297 
f 3152 576 2298 
f 2714 2298 576 
f 3505 1973 2299 
f 2442 2299 1973 
f 3804 2300 787 
f 3521 787 2300 
f 1907 2302 2301 
f 3807 2301 2302 
f 1928 2303 678 
f 553 678 2303 
f 3702 32 2304 
f 234 2305 1321 
f 2729 2308 2307 
f 2500 2307 2308 
f 3873 1014 2309 
f 922 2072 694 
f 480 2139 2311 
f 3689 2311 2139 
f 2158 2313 2312 
f 2585 2312 2313 
f 2183 2315 2314 
f 2421 2314 2315 
f 2676 2246 54 
f 501 1367 1754 
f 1860 1754 1367 
f 3509 2316 713 
f 692 713 2316 
f 2529 2317 156 
f 3679 156 2317 
f 179 233 163 
f 1647 1641 414 
f 948 414 1641 
f 1095 1069 1986 
f 3859 1549 2318 
f 3827 407 753 
f 1956 753 407 
f 3079 2320 2319 
f 3303 2319 2320 
f 2458 1643 2321 
f 3310 2322 2255 
f 3508 2255 2322 
f 1113 1678 1165 
f 116 1165 1678 
f 395 1558 1825 
f 759 715 2323 
f 3169 2323 715 
f 225 1632 2324 
f 2490 2324 1632 
f 2259 2325 557 
f 2948 557 2325 
f 2766 13 1769 
f 2428 945 2326 
f 3601 2328 2327 
f 3810 2327 2328 
f 3500 1381 2329 
f 3610 236 2330 
f 1730 2330 236 
f 1836 2331 2055 
f 1646 2055 2331 
f 3266 2103 864 
f 3535 323 1201 
f 1756 2332 1013 
f 1559 2138 2333 
f 460 2333 2138 
f 926 2335 2334 
f 1345 2334 2335 
f 3032 1858 1450 
f 1958 873 2318 
f 3859 2318 873 
f 700 2336 309 
f 804 2337 1755 
f 3672 1755 2337 
f 2405 2339 2338 
f 3416 2338 2339 
f 2458 2341 2340 
f 1401 2340 2341 
f 3725 1736 2342 
f 3474 2325 2259 
f 2514 2344 2343 
f 3695 2343 2344 
f 2873 2346 2345 
f 1930 2345 2346 
f 410 1544 2347 
f 3015 2347 1544 
f 2514 2349 2348 
f 124 2348 2349 
f 3437 984 907 
f 1713 607 110 
f 2871 1855 1777 
f 2637 1409 1651 
f 979 1651 1409 
f 3081 2217 2350 
f 285 2351 1408 
f 2166 1408 2351 
f 419 2352 1883 
f 159 2353 18 
f 3187 2354 1897 
f 80 1897 2354 
f 1947 1681 1943 
f 3138 1561 2356 
f 2009 2356 1561 
f 3874 2358 2357 
f 1895 2357 2358 
f 1301 1128 2359 
f 3511 2361 2360 
f 2307 2360 2361 
f 509 2362 68 
f 1898 2364 2363 
f 2004 2363 2364 
f 3886 189 1989 
f 3558 294 2365 
f 265 1338 559 
f 3145 559 1338 
f 1018 2179 2366 
f 3550 108 2367 
f 3961 1799 2368 
f 887 2368 1799 
f 3837 895 1561 
f 1764 2370 2369 
f 3406 2369 2370 
f 961 1079 1416 
f 1782 113 2371 
f 1855 2371 113 
f 3262 2372 1332 
f 2886 988 2373 
f 2433 2373 988 
f 3714 2375 2374 
f 2408 2374 2375 
f 2130 2360 2082 
f 3701 2082 2360 
f 2399 2377 2376 
f 723 2376 2377 
f 671 2379 2378 
f 3109 2378 2379 
f 2917 2380 996 
f 3144 996 2380 
f 3228 2381 1267 
f 3177 1267 2381 
f 3101 1052 2382 
f 1745 1215 2383 
f 3212 2383 1215 
f 1270 2384 455 
f 3893 306 802 
f 3912 268 2385 
f 2635 2385 268 
f 3427 2387 2386 
f 3425 2386 2387 
f 1797 2388 378 
f 391 2390 2389 
f 2862 2389 2390 
f 2841 1245 2391 
f 2507 2393 2392 
f 2731 2392 2393 
f 2887 2395 2394 
f 153 2394 2395 
f 206 138 2396 
f 2553 2397 1545 
f 2495 1545 2397 
f 1989 2399 2398 
f 3662 2398 2399 
f 2976 2401 2400 
f 3477 2400 2401 
f 2517 1615 2403 
f 856 2404 1906 
f 2569 980 224 
f 923 2339 2405 
f 2806 2406 986 
f 3166 986 2406 
f 2374 2408 2407 
f 2690 2407 2408 
f 937 560 2409 
f 3918 962 40 
f 3398 40 962 
f 2808 2410 370 
f 378 479 2411 
f 3536 2411 479 
f 1769 2412 2146 
f 454 2414 2413 
f 1511 2413 2414 
f 2222 329 2047 
f 812 2415 731 
f 3907 731 2415 
f 3664 2417 2416 
f 1048 2416 2417 
f 3831 2419 2418 
f 691 2418 2419 
f 2872 930 2420 
f 881 2420 930 
f 3125 2421 1280 
f 1776 1280 2421 
f 3690 2422 36 
f 3697 36 2422 
f 445 1354 2423 
f 3462 2423 1354 
f 1759 142 2424 
f 3585 2424 142 
f 3283 1513 2425 
f 2503 2427 2426 
f 3589 2426 2427 
f 2852 2428 2326 
f 3428 2429 250 
f 1469 250 2429 
f 1728 1978 2163 
f 1358 2430 1627 
f 743 1627 2430 
f 1620 65 634 
f 3061 471 1715 
f 2123 925 2334 
f 883 2431 1118 
f 3778 1803 2432 
f 3683 2432 1803 
f 605 2028 1522 
f 3381 1265 288 
f 2373 2433 764 
f 3518 1041 2434 
f 1009 2436 2435 
f 3714 2435 2436 
f 1863 2437 1966 
f 515 179 1413 
f 1111 177 655 
f 2241 2235 1889 
f 1053 2439 2438 
f 3476 2438 2439 
f 284 2440 1725 
f 3981 1725 2440 
f 3671 2441 573 
f 1838 637 183 
f 2458 2340 1643 
f 786 2443 2442 
f 2299 2442 2443 
f 1492 2444 958 
f 3117 1015 1314 
f 2270 1314 1015 
f 2994 2446 2445 
f 1614 2445 2446 
f 2171 2448 2447 
f 1887 2447 2448 
f 2782 2450 2449 
f 3845 2449 2450 
f 3937 1914 1935 
f 2128 1935 1914 
f 750 2333 460 
f 1512 1078 535 
f 3258 2451 2014 
f 3098 2014 2451 
f 3094 1126 2452 
f 1333 766 2453 
f 3928 2455 2454 
f 3162 2454 2455 
f 1144 2456 1373 
f 1285 1373 2456 
f 2451 2458 2457 
f 2321 2457 2458 
f 3802 1829 2459 
f 3335 2459 1829 
f 701 2461 2460 
f 1434 2460 2461 
f 240 2463 2462 
f 2984 2462 2463 
f 2006 2464 417 
f 1773 1833 2465 
f 1896 2465 1833 
f 158 2466 1843 
f 2851 1843 2466 
f 3642 2468 2467 
f 90 2467 2468 
f 1308 2469 1034 
f 1847 2471 2470 
f 3029 2470 2471 
f 3703 2473 2472 
f 1619 2472 2473 
f 1694 1488 2252 
f 1747 2474 2163 
f 141 2476 2475 
f 3062 2475 2476 
f 3026 2097 2477 
f 2806 2130 2082 
f 2891 2126 2478 
f 2780 2479 1835 
f 3217 2481 2480 
f 3948 2480 2481 
f 3484 2483 2482 
f 3579 2482 2483 
f 3013 2484 484 
f 2541 2485 403 
f 2650 2486 1735 
f 3661 1735 2486 
f 1064 588 2168 
f 1739 2168 588 
f 2997 1907 2148 
f 2096 2489 2488 
f 1238 2488 2489 
f 3060 1443 227 
f 2324 2490 1116 
f 292 1116 2490 
f 1045 2088 1323 
f 3818 1323 2088 
f 2352 1901 1882 
f 1828 1882 1901 
f 2753 1873 1216 
f 1699 2492 2491 
f 2703 2491 2492 
f 2190 2137 2493 
f 2618 1764 2369 
f 2272 2056 1684 
f 3359 529 1453 
f 3400 2495 2494 
f 2397 2494 2495 
f 2670 2497 2496 
f 2538 2496 2497 
f 1053 2438 2498 
f 1484 2498 2438 
f 2305 2499 1320 
f 2187 1320 2499 
f 2308 1965 2500 
f 3196 2501 2202 
f 2525 2202 2501 
f 454 133 2414 
f 3381 2122 2502 
f 968 2504 2503 
f 2427 2503 2504 
f 1624 2133 1934 
f 3165 1934 2133 
f 1813 2422 2505 
f 3690 2505 2422 
f 3802 1249 2067 
f 3004 2506 734 
f 3895 2482 39 
f 3001 39 2482 
f 3237 1145 1085 
f 2562 2393 2507 
f 2768 2230 1748 
f 3558 100 2508 
f 2601 1146 371 
f 3399 1461 2509 
f 2430 1106 743 
f 2191 2511 2510 
f 3300 2510 2511 
f 3988 999 2512 
f 3843 1022 2124 
f 3022 2124 1022 
f 2138 2513 636 
f 2349 2514 2343 
f 3884 1893 2515 
f 3097 2374 2407 
f 2831 629 2516 
f 3811 2516 629 
f 3449 1615 2517 
f 1984 947 2518 
f 180 2519 2257 
f 1864 957 1498 
f 2690 2408 1063 
f 1102 2521 2520 
f 477 2520 2521 
f 3098 2523 2522 
f 1983 2522 2523 
f 1999 1814 2524 
f 2648 2524 1814 
f 2556 2202 2525 
f 2728 1348 1834 
f 3419 1834 1348 
f 751 2526 2355 
f 3590 2355 2526 
f 3448 2527 1870 
f 3941 1870 2527 
f 2019 395 1825 
f 191 228 1695 
f 392 2528 1464 
f 156 845 2529 
f 847 2529 845 
f 3276 2531 2530 
f 140 2530 2531 
f 3594 1033 1484 
f 3842 2533 2532 
f 1177 2532 2533 
f 3019 2535 2534 
f 800 2534 2535 
f 3198 2077 859 
f 533 2536 182 
f 3236 2538 2537 
f 2497 2537 2538 
f 2787 2539 424 
f 1964 2216 2540 
f 1222 2542 2541 
f 2485 2541 2542 
f 1086 5 2250 
f 541 2250 5 
f 2279 2543 1428 
f 2484 2544 761 
f 2485 761 2544 
f 2384 1595 2545 
f 1640 1694 1474 
f 2924 2104 2546 
f 2702 1665 1302 
f 3669 1302 1665 
f 3381 2547 1265 
f 3747 2548 482 
f 1619 634 2472 
f 414 2519 1647 
f 1315 1647 2519 
f 3988 2309 999 
f 1366 330 2549 
f 2900 2264 2 
f 2366 2551 2550 
f 1112 2550 2551 
f 806 539 2552 
f 3387 2552 539 
f 2070 2170 122 
f 2797 2397 2553 
f 616 2512 2554 
f 3318 2554 2512 
f 3897 607 719 
f 3088 2556 2555 
f 3980 2555 2556 
f 2332 2557 847 
f 3904 2558 1324 
f 1100 1324 2558 
f 459 2560 2559 
f 3903 2559 2560 
f 3667 259 2561 
f 2991 2561 259 
f 1726 2393 2562 
f 1703 2563 2079 
f 3950 2564 1248 
f 2747 1248 2564 
f 3546 2565 1849 
f 1319 2567 2566 
f 2678 2566 2567 
f 3102 2568 216 
f 3926 216 2568 
f 2767 2569 224 
f 2637 2570 1409 
f 1126 2571 810 
f 3354 810 2571 
f 2800 2572 1352 
f 3283 1352 2572 
f 1205 454 2413 
f 2091 2573 1877 
f 3608 2574 1011 
f 1993 2576 2575 
f 3876 2575 2576 
f 1214 2577 886 
f 2368 886 2577 
f 2296 308 2578 
f 3456 2578 308 
f 56 98 2579 
f 1602 2579 98 
f 3865 419 1261 
f 3517 2580 1436 
f 3493 2582 2581 
f 701 2581 2582 
f 2880 2583 307 
f 2751 307 2583 
f 3633 1141 2584 
f 2313 1623 2585 
f 2612 2585 1623 
f 3990 867 531 
f 2522 1983 2586 
f 2570 2586 1983 
f 2827 2589 2588 
f 1665 2588 2589 
f 2135 2591 2590 
f 3950 2590 2591 
f 1495 2592 969 
f 2619 969 2592 
f 1181 2594 2593 
f 2632 2593 2594 
f 2183 2595 704 
f 3096 704 2595 
f 2269 2597 2596 
f 3971 2596 2597 
f 683 118 2598 
f 2147 2598 118 
f 443 1005 2599 
f 3949 2600 310 
f 2176 310 2600 
f 3100 1 2264 
f 3490 2601 371 
f 3416 2339 649 
f 2681 2602 2577 
f 3961 2577 2602 
f 3016 2604 2603 
f 1700 2603 2604 
f 2554 2253 2605 
f 3091 2605 2253 
f 3847 997 2375 
f 1062 2375 997 
f 591 583 2067 
f 2282 2067 583 
f 3575 2606 1032 
f 338 274 2607 
f 2636 2608 1925 
f 1748 1925 2608 
f 2858 698 2609 
f 3673 2609 698 
f 3630 2250 541 
f 3119 381 3 
f 3019 2534 2610 
f 2226 2610 2534 
f 2713 614 1353 
f 299 1179 2611 
f 86 2611 1179 
f 3764 422 902 
f 2585 2612 2076 
f 2085 2427 2504 
f 3926 2568 2613 
f 3844 2613 2568 
f 2879 1770 2614 
f 3139 299 2611 
f 3757 2616 2615 
f 3650 2615 2616 
f 1134 1764 2618 
f 2504 969 2619 
f 1813 1319 2566 
f 2763 908 1801 
f 2991 258 915 
f 1586 915 258 
f 1266 100 2365 
f 3558 2365 100 
f 459 1697 2560 
f 3660 2560 1697 
f 858 2621 2620 
f 3723 2620 2621 
f 3443 2622 2127 
f 2971 2127 2622 
f 922 2623 1147 
f 3529 1259 2624 
f 3925 2626 2625 
f 2539 2625 2626 
f 3969 2628 2627 
f 2460 2627 2628 
f 2768 464 312 
f 3398 2629 669 
f 3540 1984 2518 
f 1599 121 2630 
f 1437 981 1841 
f 3290 1841 981 
f 3691 278 2631 
f 2943 2632 2594 
f 2960 1021 2633 
f 268 2636 2635 
f 1924 2635 2636 
f 1503 1865 1097 
f 192 72 2638 
f 565 2638 72 
f 2860 115 2639 
f 3941 1626 1870 
f 3570 1870 1626 
f 3260 2372 2640 
f 3491 2640 2372 
f 2642 1004 2641 
f 1469 2641 1004 
f 2748 2644 2643 
f 3985 2643 2644 
f 2019 1825 2645 
f 212 2645 1825 
f 2913 2404 856 
f 2312 718 2647 
f 2761 2647 718 
f 3994 1243 1687 
f 1712 1687 1243 
f 3121 2649 2062 
f 2700 2062 2649 
f 2585 718 2312 
f 2722 1568 960 
f 2714 2650 1735 
f 3509 490 2651 
f 3804 2532 1177 
f 350 2652 1381 
f 2068 685 653 
f 325 2654 2653 
f 1355 2653 2654 
f 1024 2656 2655 
f 1287 2655 2656 
f 2335 1525 2657 
f 3986 2659 2658 
f 965 2658 2659 
f 1924 1223 2660 
f 3361 2660 1223 
f 3246 372 2661 
f 394 327 2662 
f 1265 293 289 
f 3724 289 293 
f 3699 1129 2663 
f 1601 2665 1862 
f 3854 2038 2666 
f 1997 2666 2038 
f 66 2667 148 
f 1206 2668 1411 
f 3651 1411 2668 
f 3422 2669 1332 
f 3262 1332 2669 
f 3501 2539 2626 
f 1570 2144 2043 
f 2204 2043 2144 
f 903 722 218 
f 105 125 2469 
f 64 1620 2670 
f 2684 778 2671 
f 2881 1382 2672 
f 2652 2672 1382 
f 2074 1313 1968 
f 2797 872 920 
f 2877 2674 2673 
f 1051 2673 2674 
f 3263 738 1496 
f 1043 1496 738 
f 266 2675 1470 
f 1485 1470 2675 
f 3792 2246 2676 
f 735 2506 1137 
f 602 747 2677 
f 3191 2677 747 
f 2567 2679 2678 
f 1949 2678 2679 
f 2955 224 2324 
f 3627 2681 2680 
f 32 2680 2681 
f 2582 2336 701 
f 764 2683 2682 
f 3554 2682 2683 
f 3073 1916 1846 
f 3638 778 2684 
f 2034 2686 2685 
f 1000 2685 2686 
f 641 2174 1586 
f 3357 2687 2495 
f 1545 2495 2687 
f 1540 2689 2688 
f 3712 2688 2689 
f 1767 2690 1063 
f 3555 2691 72 
f 3654 518 1263 
f 1852 1263 518 
f 3420 2496 2692 
f 2538 2692 2496 
f 176 1631 2693 
f 2008 2693 1631 
f 3845 2475 2449 
f 3062 2449 2475 
f 1930 2694 2345 
f 3383 2345 2694 
f 457 2695 2120 
f 2157 2120 2695 
f 2835 1445 1268 
f 3228 1268 1445 
f 1967 1338 265 
f 2867 2697 2696 
f 2978 2696 2697 
f 3534 413 1944 
f 2991 1264 2698 
f 287 588 1064 
f 2772 2476 2699 
f 140 2699 2476 
f 2062 2700 1294 
f 2344 170 2701 
f 2697 2701 170 
f 1101 1492 958 
f 2323 803 759 
f 3281 2702 1302 
f 2491 2703 527 
f 757 527 2703 
f 3083 1132 112 
f 418 112 1132 
f 3878 1066 2704 
f 811 2704 1066 
f 2981 2706 2705 
f 3984 2705 2706 
f 37 1239 1844 
f 2526 959 1536 
f 2856 2707 2536 
f 1303 2536 2707 
f 384 2709 2708 
f 2997 2708 2709 
f 2260 2711 2710 
f 777 2710 2711 
f 3133 2575 494 
f 3876 494 2575 
f 1781 1547 257 
f 992 2712 983 
f 2624 983 2712 
f 2586 800 2487 
f 2964 1107 2713 
f 2650 2714 2168 
f 1456 2715 967 
f 2618 967 2715 
f 2667 529 2716 
f 3359 2716 529 
f 3465 2717 929 
f 3074 2718 600 
f 1325 600 2718 
f 1088 340 1096 
f 1733 1096 340 
f 1957 2720 2719 
f 3834 2719 2720 
f 3838 433 2021 
f 871 872 2721 
f 3863 2723 2722 
f 1568 2722 2723 
f 2118 763 684 
f 1798 684 763 
f 3640 658 2724 
f 3469 2724 658 
f 3718 837 2725 
f 781 2725 837 
f 3925 235 2626 
f 3785 2727 2726 
f 2531 2726 2727 
f 2553 1545 2728 
f 3273 2729 128 
f 400 128 2729 
f 3501 769 2730 
f 2736 2392 2731 
f 1697 1837 2732 
f 2959 2732 1837 
f 3611 2136 2733 
f 2045 2733 2136 
f 2529 2563 2317 
f 1703 2317 2563 
f 2745 2734 1007 
f 2854 2345 2735 
f 3383 2735 2345 
f 1318 1400 434 
f 796 2736 2731 
f 1800 2737 50 
f 2880 307 2296 
f 2963 2162 2738 
f 2338 2738 2162 
f 3754 511 1446 
f 2915 1446 511 
f 2326 944 2739 
f 2844 2739 944 
f 2834 1400 1318 
f 2563 2529 2080 
f 1680 2740 2513 
f 184 2513 2740 
f 3762 637 1838 
f 1432 2741 206 
f 1823 2743 2742 
f 3932 2742 2743 
f 3703 2745 2744 
f 1007 2744 2745 
f 3087 1422 2746 
f 3463 2746 1422 
f 3379 2748 2119 
f 3658 2119 2748 
f 1201 578 2749 
f 2851 121 2047 
f 2222 2047 121 
f 2003 2750 1881 
f 1854 1480 508 
f 3453 2753 2752 
f 1216 2752 2753 
f 1772 2465 2754 
f 1650 2754 2465 
f 3481 2755 2061 
f 3410 1366 2756 
f 2549 2756 1366 
f 2792 396 1085 
f 3237 1085 396 
f 2962 2758 2757 
f 2155 2757 2758 
f 3968 1454 2759 
f 973 517 2760 
f 3316 2672 1428 
f 2652 1428 2672 
f 2647 2761 2120 
f 3122 908 2763 
f 2789 2764 1266 
f 100 1266 2764 
f 653 2765 2068 
f 3587 468 1980 
f 3314 13 2766 
f 2569 2767 192 
f 1511 2414 132 
f 464 2768 1748 
f 111 2242 647 
f 3420 2692 2639 
f 1440 2639 2692 
f 3586 587 2769 
f 2887 2315 1154 
f 2020 2770 982 
f 1169 982 2770 
f 3130 2771 1800 
f 2737 1800 2771 
f 3062 2772 26 
f 1768 1119 805 
f 3653 805 1119 
f 3681 1072 2773 
f 898 2773 1072 
f 2721 256 1547 
f 1494 968 196 
f 2970 2775 2774 
f 3982 2774 2775 
f 1881 2776 2237 
f 3223 1890 1787 
f 3084 1006 2024 
f 3437 2778 984 
f 2177 1112 2779 
f 2551 2779 1112 
f 1839 2235 2241 
f 3170 2268 2780 
f 3676 2780 2268 
f 2294 2782 2781 
f 2449 2781 2782 
f 3203 556 2783 
f 1189 2783 556 
f 3994 2784 1243 
f 3242 1243 2784 
f 688 2469 1308 
f 2981 914 2785 
f 3213 2785 914 
f 1101 2520 1492 
f 477 1492 2520 
f 1591 563 2786 
f 2004 2787 424 
f 2812 945 2428 
f 916 881 415 
f 2764 2789 2788 
f 767 2788 2789 
f 3043 2040 1927 
f 1581 2790 2430 
f 1106 2430 2790 
f 2588 2274 453 
f 3397 2792 2791 
f 3514 2791 2792 
f 3919 2793 1327 
f 390 1327 2793 
f 3023 1211 2794 
f 2877 2673 830 
f 1074 830 2673 
f 349 1813 2505 
f 1936 2795 2294 
f 3054 496 2796 
f 2397 2797 920 
f 65 757 2023 
f 3204 237 1722 
f 2954 1722 237 
f 1814 1932 2798 
f 2627 2798 1932 
f 1789 1607 2799 
f 3460 2799 1607 
f 56 2579 2661 
f 1458 2661 2579 
f 2566 2678 2205 
f 46 2205 2678 
f 1942 2572 2800 
f 3270 2803 2802 
f 2380 2802 2803 
f 1696 2805 2804 
f 3104 2804 2805 
f 2406 2806 2081 
f 3057 2808 2807 
f 370 2807 2808 
f 994 2809 714 
f 1690 2811 2810 
f 3366 2810 2811 
f 2402 2059 2258 
f 3409 2230 2768 
f 3113 2573 2091 
f 3030 945 2812 
f 3256 1450 2813 
f 1291 2813 1450 
f 3168 2814 1328 
f 3082 1328 2814 
f 2574 2815 1668 
f 2983 1668 2815 
f 558 1868 2259 
f 288 2817 2816 
f 3189 2816 2817 
f 3233 2424 1818 
f 3940 1818 2424 
f 2965 2818 1780 
f 2935 1898 2363 
f 3713 1045 2819 
f 1323 2819 1045 
f 3091 2820 1593 
f 772 2822 2821 
f 1471 2821 2822 
f 3591 2080 2557 
f 3445 2824 2823 
f 866 2823 2824 
f 2530 157 1410 
f 3162 1467 2825 
f 3290 2463 241 
f 2977 2826 462 
f 1102 462 2826 
f 1204 1510 2827 
f 2589 2827 1510 
f 1188 2828 1566 
f 2847 1566 2828 
f 3350 53 1705 
f 4 1705 53 
f 2752 1217 792 
f 3953 792 1217 
f 1589 2830 2829 
f 1455 2829 2830 
f 2920 1287 2656 
f 3618 2515 1562 
f 3305 1628 2831 
f 1529 2831 1628 
f 586 1798 763 
f 1565 1518 2832 
f 3639 2832 1518 
f 3440 2833 49 
f 887 49 2833 
f 2770 2834 1532 
f 3192 1446 2835 
f 2234 700 309 
f 2474 2338 2162 
f 670 2153 1961 
f 2182 1961 2153 
f 1312 2074 912 
f 3309 2837 2836 
f 3278 2836 2837 
f 3292 2838 1693 
f 2800 1532 1942 
f 2617 2840 2839 
f 3186 2839 2840 
f 2966 1245 2841 
f 1021 1786 1525 
f 3339 1525 1786 
f 3748 319 204 
f 659 204 319 
f 3406 2370 2842 
f 1682 2842 2370 
f 3184 2530 141 
f 3383 2694 379 
f 1480 1854 1953 
f 3592 2843 194 
f 1256 194 2843 
f 1253 1071 2844 
f 209 2756 2549 
f 2382 1053 2845 
f 3695 2845 1053 
f 3488 1428 2652 
f 1857 2057 2846 
f 2807 2847 2828 
f 3387 2849 2848 
f 3105 2848 2849 
f 3422 2083 2850 
f 2466 120 2851 
f 301 2852 2326 
f 2146 1527 1498 
f 3842 2532 2853 
f 787 2853 2532 
f 3826 2164 927 
f 1569 927 2164 
f 2873 2345 2854 
f 2885 50 2090 
f 2604 2855 1700 
f 3479 1700 2855 
f 3888 2856 532 
f 2742 2857 1823 
f 3715 947 1984 
f 3024 2859 2858 
f 698 2858 2859 
f 1440 2861 2860 
f 3565 2860 2861 
f 2004 2262 2787 
f 2625 2787 2262 
f 633 2389 2862 
f 416 2863 1593 
f 3091 1593 2863 
f 3916 2116 2864 
f 2726 2531 2865 
f 3276 2865 2531 
f 3694 1703 485 
f 1129 2866 780 
f 3730 780 2866 
f 3883 2845 2867 
f 2701 2867 2845 
f 1304 1904 1501 
f 3351 2870 2869 
f 1758 2869 2870 
f 3120 1855 2871 
f 3856 2556 2525 
f 754 466 490 
f 3227 490 466 
f 82 2873 2872 
f 2854 2872 2873 
f 857 2874 1200 
f 2219 1988 108 
f 114 2876 2875 
f 1285 2875 2876 
f 3459 2674 2877 
f 996 358 1041 
f 503 2036 2878 
f 1878 742 2100 
f 3656 2879 2614 
f 3350 1705 182 
f 3732 182 1705 
f 3149 1282 2212 
f 3435 2882 2881 
f 1382 2881 2882 
f 1719 2098 2883 
f 1881 2237 2003 
f 1646 2331 2884 
f 2143 2884 2331 
f 3092 2886 2795 
f 2295 2795 2886 
f 1900 1657 1749 
f 2204 988 2886 
f 3914 2889 2888 
f 2452 2888 2889 
f 3745 2891 2890 
f 3649 2890 2891 
f 932 1043 2283 
f 3112 2893 2892 
f 2180 2892 2893 
f 3428 2894 2429 
f 1203 2429 2894 
f 2679 526 598 
f 3512 2896 2895 
f 3089 2895 2896 
f 1711 339 964 
f 2151 964 339 
f 2116 373 648 
f 3597 648 373 
f 3181 176 2693 
f 1857 602 2057 
f 2900 1260 420 
f 3864 2899 2898 
f 2 2898 2899 
f 2942 2054 1920 
f 2899 2900 2 
f 583 823 2282 
f 3602 2902 2901 
f 441 2901 2902 
f 2063 2903 2145 
f 987 2145 2903 
f 3813 2904 756 
f 2921 756 2904 
f 2840 174 2905 
f 3150 1887 2448 
f 3597 2016 891 
f 1379 2306 2906 
f 1245 2906 2306 
f 442 211 1826 
f 3912 2908 2907 
f 1504 2907 2908 
f 1008 1530 2909 
f 3344 2909 1530 
f 3849 429 1717 
f 3713 2910 1045 
f 2378 2912 2911 
f 303 2911 2912 
f 52 2913 1200 
f 857 1200 2913 
f 1199 1833 2747 
f 3025 2914 1156 
f 3759 2916 2915 
f 1445 2915 2916 
f 3931 1139 510 
f 2362 510 1139 
f 173 2917 995 
f 3120 2871 2918 
f 1778 2918 2871 
f 2754 514 1979 
f 1351 2742 2665 
f 3932 2665 2742 
f 3836 20 2919 
f 4000 2919 20 
f 1378 2488 672 
f 3892 1363 2920 
f 991 2920 1363 
f 1741 2921 1576 
f 2904 1576 2921 
f 3124 2470 2712 
f 3028 2712 2470 
f 1752 2923 2922 
f 794 2922 2923 
f 3336 2924 2546 
f 3074 599 2925 
f 2745 2925 599 
f 1308 1034 2926 
f 3795 2926 1034 
f 3377 1841 241 
f 3290 241 1841 
f 91 853 509 
f 3277 2671 521 
f 3318 2512 1000 
f 177 1111 2927 
f 2750 29 2928 
f 3467 2928 29 
f 1696 2804 814 
f 3865 1261 624 
f 2383 1669 2929 
f 3577 734 2930 
f 795 2434 2931 
f 1040 2931 2434 
f 3728 2065 917 
f 3220 917 2065 
f 3554 2683 2932 
f 3108 2932 2683 
f 2911 671 2378 
f 2176 2234 309 
f 3044 2934 2933 
f 1826 2933 2934 
f 943 1552 2935 
f 214 2115 2936 
f 274 2936 2115 
f 209 1757 2937 
f 329 2222 2938 
f 409 2938 2222 
f 3786 2940 2939 
f 3725 2939 2940 
f 3448 2942 2941 
f 1921 2941 2942 
f 2600 2943 2594 
f 3291 377 2388 
f 3228 1445 2916 
f 3703 2744 2473 
f 2537 2473 2744 
f 596 692 2316 
f 1198 2944 1281 
f 665 1281 2944 
f 1188 27 472 
f 3649 2945 1903 
f 2248 1457 2946 
f 1062 2946 1457 
f 2118 685 2068 
f 2727 1335 2947 
f 3790 2947 1335 
f 626 1563 2698 
f 2561 2698 1563 
f 2227 613 2948 
f 557 2948 613 
f 3906 2950 2949 
f 1534 2949 2950 
f 71 2951 2481 
f 3598 2481 2951 
f 2216 2952 298 
f 3967 1982 1653 
f 3575 1031 2953 
f 1436 2953 1031 
f 2097 1765 2489 
f 2464 2006 1778 
f 1089 1778 2006 
f 668 1295 40 
f 426 2955 1115 
f 253 2623 694 
f 922 694 2623 
f 1369 145 2956 
f 2788 2957 1578 
f 3716 1578 2957 
f 3638 2132 778 
f 1902 2958 1184 
f 612 1184 2958 
f 55 2959 147 
f 333 1021 2960 
f 3768 1742 1577 
f 163 1109 180 
f 3123 1746 2931 
f 954 2961 2436 
f 3714 2436 2961 
f 728 2962 2111 
f 3259 2959 1838 
f 3165 1831 1934 
f 1068 1012 846 
f 2332 846 1012 
f 3918 2963 2738 
f 367 650 2964 
f 1959 2964 650 
f 2569 2638 980 
f 564 980 2638 
f 2818 2965 1835 
f 2780 1835 2965 
f 2854 930 2872 
f 3310 2966 2841 
f 2720 1909 2215 
f 577 1447 2749 
f 3910 2968 2967 
f 3564 2967 2968 
f 1424 2970 2969 
f 2774 2969 2970 
f 2622 2972 2971 
f 835 2971 2972 
f 2761 2973 458 
f 3282 458 2973 
f 1405 1621 1016 
f 3866 2454 2220 
f 3162 2220 2454 
f 2779 2551 1372 
f 2178 1372 2551 
f 2426 1521 2974 
f 2606 2974 1521 
f 2421 2394 1776 
f 1282 1057 2213 
f 1637 2975 2297 
f 109 2297 2975 
f 3749 2977 2976 
f 461 2976 2977 
f 3969 2627 1932 
f 3860 2979 2978 
f 2696 2978 2979 
f 3889 1489 2980 
f 1795 2980 1489 
f 2177 1316 2225 
f 1121 1762 2982 
f 1933 2982 1762 
f 3557 697 1230 
f 832 2983 2292 
f 3568 2985 2984 
f 3391 2984 2985 
f 317 1406 516 
f 3533 615 2897 
f 1261 2897 615 
f 2763 2986 1850 
f 3848 1850 2986 
f 680 67 1478 
f 3466 972 2156 
f 782 2988 2987 
f 1413 2987 2988 
f 2123 1344 2989 
f 883 1118 2990 
f 1430 2990 1118 
f 915 1264 2991 
f 3022 1022 2992 
f 1928 678 2993 
f 1996 2993 678 
f 3495 2994 2445 
f 2507 989 1425 
f 3030 1425 989 
f 257 2996 2995 
f 3067 2995 2996 
f 79 2645 151 
f 788 2885 925 
f 1834 2553 2728 
f 2302 2997 2709 
f 1652 365 1966 
f 3521 2998 2443 
f 1482 2443 2998 
f 3911 2999 2820 
f 1594 2820 2999 
f 1136 1397 3000 
f 3579 3001 2482 
f 3314 3003 14 
f 3206 14 3003 
f 2502 767 2547 
f 2789 2547 767 
f 3807 2874 857 
f 3644 2123 2989 
f 2254 2285 2129 
f 3213 754 2785 
f 1908 3005 3004 
f 2506 3004 3005 
f 3517 1558 395 
f 1706 2876 150 
f 3296 2411 555 
f 924 1868 1108 
f 3255 2960 2271 
f 3194 3006 2165 
f 1853 2165 3006 
f 3674 3007 642 
f 3435 642 3007 
f 1616 3008 1524 
f 3226 1524 3008 
f 3705 3009 605 
f 2028 605 3009 
f 976 3011 3010 
f 3600 3010 3011 
f 3998 1851 3012 
f 3444 967 2618 
f 484 3014 3013 
f 3842 3013 3014 
f 3702 2304 660 
f 3573 660 2304 
f 2106 3015 1543 
f 3882 359 399 
f 1511 1204 2413 
f 527 3016 2603 
f 3537 286 1065 
f 3429 1911 76 
f 3117 1314 3018 
f 2837 2535 3019 
f 3802 2282 1829 
f 3209 3021 3020 
f 3625 3020 3021 
f 3674 258 1362 
f 2124 3022 1795 
f 3858 1795 3022 
f 2955 2767 224 
f 2114 3023 2794 
f 2859 3024 1998 
f 3705 2914 3025 
f 1058 2229 3026 
f 3888 2707 2856 
f 448 3027 2213 
f 2470 3029 3028 
f 2000 3028 3029 
f 1539 3030 2812 
f 539 1375 2849 
f 3288 2849 1375 
f 1858 3032 3031 
f 621 3031 3032 
f 3386 3034 3033 
f 2033 3033 3034 
f 1049 1654 223 
f 3884 3035 1893 
f 1612 1893 3035 
f 2266 1924 2660 
f 166 3037 3036 
f 3614 3036 3037 
f 849 3038 1039 
f 3006 3039 1853 
f 3682 3040 2432 
f 3778 2432 3040 
f 3550 2219 108 
f 2272 1708 2056 
f 1920 1845 3041 
f 3212 3041 1845 
f 2111 1375 728 
f 3822 3042 1044 
f 1655 1044 3042 
f 1134 88 651 
f 3221 651 88 
f 3077 330 1919 
f 3515 1283 3043 
f 2040 3043 1283 
f 3361 1937 2660 
f 2473 2537 2497 
f 3309 1630 2837 
f 2535 2837 1630 
f 3255 333 2960 
f 3589 3044 1520 
f 2933 1520 3044 
f 2134 720 3045 
f 2667 2716 1219 
f 3194 3047 3046 
f 3945 3046 3047 
f 1320 3048 769 
f 3405 3050 3049 
f 336 3049 3050 
f 3681 3052 3051 
f 2071 3051 3052 
f 1236 3054 3053 
f 1147 3053 3054 
f 101 3055 2508 
f 2949 2508 3055 
f 2029 3056 2309 
f 3873 2309 3056 
f 1222 2808 3057 
f 236 3058 1730 
f 1124 3059 425 
f 1622 3061 3060 
f 1443 3060 3061 
f 1167 2929 341 
f 26 2781 3062 
f 2449 3062 2781 
f 1960 1005 443 
f 3645 1104 85 
f 1326 85 1104 
f 1218 2634 3064 
f 3668 3064 2634 
f 2635 1924 2266 
f 826 1646 2884 
f 3899 3065 186 
f 3670 186 3065 
f 488 663 3066 
f 2587 770 2655 
f 2286 1295 668 
f 3930 2708 2997 
f 2995 3067 977 
f 3870 977 3067 
f 1512 535 2425 
f 2401 2976 461 
f 1701 3068 1733 
f 3815 1733 3068 
f 3217 2480 3069 
f 1228 3069 2480 
f 3784 1079 961 
f 3853 1393 3070 
f 83 1298 3071 
f 1252 3071 1298 
f 3079 3073 3072 
f 709 3072 3073 
f 3867 1017 1036 
f 3155 118 683 
f 2078 2718 3074 
f 3690 1357 2505 
f 2231 3076 3075 
f 3411 3075 3076 
f 2025 3077 1919 
f 1232 2412 1330 
f 1974 3078 1213 
f 784 1213 3078 
f 1096 277 1088 
f 1360 1088 277 
f 3830 2191 1542 
f 2510 1542 2191 
f 3306 1435 2580 
f 3346 2085 2504 
f 3408 3079 33 
f 3072 33 3079 
f 2562 3080 480 
f 2139 480 3080 
f 3380 589 1293 
f 2707 312 1303 
f 3472 2576 3081 
f 1992 3081 2576 
f 2335 2657 1345 
f 1524 1345 2657 
f 3728 1328 3082 
f 1479 2132 3083 
f 3638 3083 2132 
f 1006 3084 775 
f 27 775 3084 
f 3092 42 948 
f 3271 1427 2543 
f 3767 3086 3085 
f 1423 3085 3086 
f 3934 1574 3087 
f 1422 3087 1574 
f 3156 2203 3088 
f 3232 3090 3089 
f 3498 3089 3090 
f 1075 2820 3091 
f 1068 846 844 
f 970 1792 579 
f 3447 579 1792 
f 3125 1280 1827 
f 1856 2464 1777 
f 170 2344 3093 
f 2514 3093 2344 
f 3493 2581 2628 
f 2460 2628 2581 
f 3894 1305 3094 
f 3048 2223 3095 
f 3215 3097 2407 
f 389 2098 270 
f 2865 2523 3098 
f 3128 3099 151 
f 79 151 3099 
f 508 2407 2690 
f 2140 1 3100 
f 1529 629 2831 
f 3844 3102 3101 
f 1052 3101 3102 
f 3533 2512 616 
f 3727 771 2142 
f 2196 902 3103 
f 843 2508 2949 
f 2793 2695 2249 
f 1663 2249 2695 
f 55 3104 2805 
f 1190 1183 2783 
f 1322 2783 1183 
f 1756 1013 804 
f 1002 2848 3105 
f 10 3106 586 
f 2932 3108 3107 
f 1067 3107 3108 
f 2379 3110 3109 
f 1087 3109 3110 
f 3485 3112 3111 
f 1057 3111 3112 
f 2573 3113 95 
f 3813 95 3113 
f 3684 3115 3114 
f 2902 3114 3115 
f 746 3117 3116 
f 3018 3116 3117 
f 1661 3118 3065 
f 3966 3065 3118 
f 1420 3119 4 
f 1760 3120 2918 
f 908 3122 1272 
f 1851 1272 3122 
f 1338 1967 2437 
f 3755 177 3123 
f 2927 3123 177 
f 3827 2380 2803 
f 2802 2380 482 
f 2917 482 2380 
f 2712 992 3124 
f 290 2003 746 
f 3721 3126 3125 
f 2314 3125 3126 
f 1726 797 2731 
f 744 2802 3127 
f 482 3127 2802 
f 2599 3128 151 
f 2248 3129 1457 
f 1383 1457 3129 
f 3961 3131 3130 
f 3995 3130 3131 
f 3409 138 205 
f 2403 3132 1460 
f 524 3133 493 
f 3219 2527 3134 
f 3448 3134 2527 
f 3474 3135 2325 
f 2226 2325 3135 
f 1658 1710 644 
f 1257 2327 3136 
f 3810 3136 2327 
f 3544 3137 2597 
f 3971 2597 3137 
f 2356 1631 3138 
f 2842 835 2972 
f 2226 1149 2610 
f 2574 1667 717 
f 2973 717 1667 
f 2611 1992 3139 
f 2620 3141 3140 
f 3780 3140 3141 
f 2774 3143 3142 
f 1948 3142 3143 
f 598 527 757 
f 2451 2341 2458 
f 3827 3144 2380 
f 559 3145 145 
f 1227 317 2198 
f 1487 1317 3146 
f 3917 688 3147 
f 3349 195 1710 
f 1222 3057 2542 
f 3956 2542 3057 
f 3052 3150 2071 
f 2448 2071 3150 
f 1963 3151 92 
f 2790 3152 2298 
f 2612 3060 227 
f 3513 1395 2131 
f 283 2131 1395 
f 2900 420 2263 
f 3887 3153 196 
f 1494 196 3153 
f 739 1334 1644 
f 3785 1644 1334 
f 91 3154 2467 
f 901 2467 3154 
f 3166 635 1361 
f 506 1361 635 
f 3088 2555 3155 
f 118 3155 2555 
f 3881 2203 3156 
f 3614 1757 3157 
f 209 3157 1757 
f 160 412 3158 
f 2137 266 1470 
f 3464 1604 2238 
f 52 3159 2913 
f 2404 2913 3159 
f 3076 1161 3160 
f 2888 3160 1161 
f 3671 1636 3161 
f 1553 3161 1636 
f 3258 1467 3162 
f 3046 103 3006 
f 3039 3006 103 
f 1246 2585 2076 
f 3557 3164 1472 
f 2179 1570 2044 
f 3415 493 2036 
f 639 2036 493 
f 707 2666 1997 
f 3253 986 3166 
f 3171 2008 1175 
f 3921 1175 2008 
f 3493 1399 2582 
f 809 2582 1399 
f 3741 3168 3167 
f 594 3167 3168 
f 46 2678 1949 
f 1062 997 2946 
f 718 2585 1246 
f 1614 1001 2445 
f 2664 2323 3169 
f 2965 3170 2780 
f 2459 1493 1249 
f 2433 988 2027 
f 3744 2027 988 
f 3181 2693 3171 
f 2008 3171 2693 
f 574 3173 3172 
f 568 3172 3173 
f 2930 9 585 
f 632 2666 707 
f 3106 10 3174 
f 122 3051 2070 
f 1193 3176 3175 
f 905 3175 3176 
f 3875 383 1650 
f 3840 1650 383 
f 3871 1758 255 
f 1430 221 2990 
f 2499 1197 2187 
f 3760 3177 2668 
f 3651 2668 3177 
f 2167 3178 2705 
f 1991 2705 3178 
f 1560 1680 2513 
f 3106 3179 1191 
f 1536 1191 3179 
f 1642 1347 948 
f 840 1209 96 
f 758 3180 1037 
f 365 1037 3180 
f 3412 3181 3171 
f 3418 1060 3182 
f 749 3182 1060 
f 2834 2770 2021 
f 1424 1629 3183 
f 1738 3183 1629 
f 2475 3184 141 
f 1982 1927 3185 
f 3646 3186 896 
f 3623 2354 3187 
f 2195 3188 2629 
f 1028 2629 3188 
f 804 3190 3189 
f 2816 3189 3190 
f 3302 3191 747 
f 3954 2919 3192 
f 4000 3192 2919 
f 334 3194 3193 
f 2164 3193 3194 
f 437 877 3195 
f 3511 3197 3196 
f 2501 3196 3197 
f 1661 1387 3198 
f 522 952 3199 
f 200 3199 952 
f 1482 2998 2287 
f 3647 2287 2998 
f 2081 2925 2745 
f 1919 3063 2025 
f 4000 1446 3192 
f 3801 3201 3200 
f 291 3200 3201 
f 3014 1073 3202 
f 3743 3202 1073 
f 1805 2487 1962 
f 1884 1210 1027 
f 1276 1027 1210 
f 3900 2388 1505 
f 3777 3197 985 
f 3505 2299 1482 
f 2443 1482 2299 
f 3481 2061 1809 
f 2201 1809 2061 
f 1378 3069 1228 
f 1768 1090 1119 
f 405 1247 1156 
f 1773 1156 1247 
f 1723 3205 3204 
f 2833 3204 3205 
f 3214 427 2189 
f 2517 1460 134 
f 1677 134 1460 
f 3832 591 1250 
f 3578 3206 3003 
f 1471 2822 3207 
f 2018 3207 2822 
f 3741 3208 904 
f 632 3209 3020 
f 1424 3183 2970 
f 3922 2970 3183 
f 1646 826 1972 
f 2895 3211 3210 
f 3472 3210 3211 
f 16 571 3097 
f 3041 3212 1215 
f 2677 1672 601 
f 914 2174 3213 
f 850 3213 2174 
f 2393 1726 2731 
f 2865 2451 2457 
f 561 1234 2409 
f 3610 2409 1234 
f 3986 2115 2303 
f 3796 1511 132 
f 852 1571 1809 
f 2662 326 1376 
f 228 1376 326 
f 2189 1267 3214 
f 3177 3214 1267 
f 302 3051 122 
f 3088 2202 2556 
f 2407 508 3215 
f 869 727 3216 
f 2956 3216 727 
f 71 2481 3217 
f 3726 1662 1824 
f 746 3219 3218 
f 3134 3218 3219 
f 1380 2758 540 
f 2962 540 2758 
f 917 3220 880 
f 3901 880 3220 
f 2702 1606 1664 
f 3596 1664 1606 
f 572 3221 1009 
f 2371 1478 1782 
f 3959 2277 965 
f 465 3221 88 
f 3633 1131 2684 
f 3033 2033 666 
f 1941 666 2033 
f 3372 2028 3009 
f 2721 1958 256 
f 1548 256 1958 
f 2869 3222 892 
f 127 1890 3223 
f 3158 3224 2175 
f 3827 752 3144 
f 2149 3144 752 
f 3283 263 3225 
f 3252 1345 3226 
f 1524 3226 1345 
f 1500 3227 467 
f 484 3228 2916 
f 421 2039 3229 
f 3797 2509 679 
f 3838 1476 3230 
f 1784 3232 3231 
f 3647 3231 3232 
f 2289 3233 552 
f 1818 552 3233 
f 161 2426 2974 
f 3277 169 816 
f 2276 1770 1055 
f 3551 3056 2030 
f 2203 399 3196 
f 3511 3196 399 
f 1761 930 2854 
f 3339 3234 2092 
f 1617 2092 3234 
f 3489 3235 592 
f 584 592 3235 
f 442 1826 2934 
f 3992 2538 3236 
f 1024 1173 1506 
f 2879 1963 1770 
f 3366 1679 1580 
f 2290 1580 1679 
f 3433 316 3238 
f 2218 2385 3239 
f 2265 3239 2385 
f 3378 2949 3055 
f 2996 257 1816 
f 3579 1185 3240 
f 1728 3240 1185 
f 3689 1189 2311 
f 3536 2311 1189 
f 3519 2027 3241 
f 1252 3220 2065 
f 3140 2159 2620 
f 796 630 1384 
f 1567 1243 3242 
f 3861 324 3243 
f 3868 3142 1947 
f 2079 3244 1702 
f 386 1702 3244 
f 3510 3246 3245 
f 2661 3245 3246 
f 1528 3127 481 
f 3689 3248 3247 
f 1882 3247 3248 
f 3657 229 260 
f 3465 3249 2108 
f 1309 2108 3249 
f 2838 3251 3250 
f 1157 3250 3251 
f 3814 1275 2904 
f 1576 2904 1275 
f 1174 3027 2494 
f 3400 2494 3027 
f 2497 1619 2473 
f 3216 2956 144 
f 3662 2376 362 
f 2813 362 2376 
f 986 3253 2105 
f 1367 2105 3253 
f 116 1678 821 
f 888 821 1678 
f 1557 1031 3254 
f 3811 333 3255 
f 466 754 3213 
f 723 397 3256 
f 2600 1938 2943 
f 3399 2509 473 
f 2662 1376 3257 
f 3059 3257 1376 
f 1783 97 344 
f 2341 2451 3258 
f 1838 868 3259 
f 1029 3260 2640 
f 3557 1472 696 
f 3207 696 1472 
f 3695 2344 2701 
f 148 3261 67 
f 2379 3262 3110 
f 3458 3110 3262 
f 2812 2428 2689 
f 2030 2689 2428 
f 3497 2514 2348 
f 1078 3264 3263 
f 1588 3263 3264 
f 441 2902 3115 
f 2051 3265 58 
f 1479 3261 2132 
f 3532 2804 3104 
f 2377 3266 723 
f 203 1945 3267 
f 3729 3267 1945 
f 436 922 3269 
f 1147 3269 922 
f 2298 3270 1105 
f 2802 1105 3270 
f 1864 869 3216 
f 1427 3271 1500 
f 3323 1500 3271 
f 3204 3272 237 
f 1964 2308 3273 
f 2729 3273 2308 
f 936 2456 1144 
f 2442 3274 786 
f 2853 786 3274 
f 3281 891 1606 
f 1407 3275 2440 
f 562 2440 3275 
f 3655 897 2905 
f 3186 2905 897 
f 2530 1410 3276 
f 1983 3276 1410 
f 2194 3277 521 
f 1598 273 495 
f 3920 495 273 
f 1649 2836 3278 
f 3488 2279 1428 
f 1920 3279 1845 
f 1701 1845 3279 
f 1715 1807 3280 
f 1597 3280 1807 
f 3391 2462 2984 
f 3767 1824 3282 
f 1930 1688 2694 
f 2425 1352 3283 
f 912 3284 1431 
f 2325 2226 2948 
f 504 1051 2674 
f 1546 3286 3285 
f 2158 3285 3286 
f 2631 2928 1030 
f 3467 1030 2928 
f 3358 249 3287 
f 3426 3287 249 
f 3515 3043 941 
f 674 941 3043 
f 3105 2849 3288 
f 3645 861 2209 
f 523 2209 861 
f 1045 1655 2088 
f 578 1201 129 
f 2952 129 1201 
f 2205 1812 2566 
f 1840 3289 428 
f 2835 428 3289 
f 3586 1601 587 
f 1740 587 1601 
f 792 3290 981 
f 3118 1661 3198 
f 3900 3291 2388 
f 3118 3198 859 
f 289 3292 1693 
f 293 1266 2365 
f 2134 3293 720 
f 3650 720 3293 
f 3141 3294 1123 
f 3686 1239 37 
f 3302 1292 3230 
f 3838 3230 1292 
f 2916 1073 3014 
f 3775 3086 3295 
f 3767 3295 3086 
f 1937 745 2237 
f 1797 2411 3296 
f 370 3297 2807 
f 2847 2807 3297 
f 3693 1660 3298 
f 1707 3298 1660 
f 3903 749 2559 
f 3562 3300 3299 
f 731 3299 3300 
f 2058 450 3301 
f 3805 1222 2541 
f 3782 3302 748 
f 2760 2229 1058 
f 3408 3304 3303 
f 561 3303 3304 
f 2358 1628 3305 
f 3948 3306 2022 
f 2583 2022 3306 
f 2425 3307 1352 
f 3346 2504 2619 
f 2684 2671 3308 
f 1721 3308 2671 
f 2141 1290 1195 
f 1284 1230 818 
f 3901 82 2872 
f 2257 1465 2528 
f 951 2966 3310 
f 1739 2650 2168 
f 1891 3311 1788 
f 3187 1788 3311 
f 2710 3312 1879 
f 1093 3313 3138 
f 3837 3138 3313 
f 2154 3003 3314 
f 2771 1202 3315 
f 467 3316 1427 
f 99 2251 3317 
f 3889 3317 2251 
f 3626 1120 2129 
f 3338 2091 1877 
f 3905 2058 3301 
f 1238 1288 24 
f 3606 24 1288 
f 363 3318 1000 
f 112 418 1856 
f 2464 1856 418 
f 3569 1926 817 
f 2095 1495 3319 
f 3958 3319 1495 
f 1137 1049 223 
f 437 1526 3320 
f 238 3320 1526 
f 3630 3321 434 
f 1318 434 3321 
f 3482 1162 1121 
f 2403 1460 2517 
f 2262 2004 2364 
f 2837 3019 3278 
f 1150 3278 3019 
f 171 2978 2697 
f 3561 1519 313 
f 968 2503 162 
f 3572 3323 3322 
f 356 3322 3323 
f 2198 3325 3324 
f 1718 3324 3325 
f 3334 1326 1104 
f 3307 2425 1449 
f 2817 288 1693 
f 1415 1617 3234 
f 3781 291 2490 
f 1974 1213 1830 
f 3331 703 3326 
f 1671 3326 703 
f 3150 3052 1886 
f 3938 1886 3052 
f 1553 3327 2197 
f 705 2197 3327 
f 3687 3328 820 
f 242 820 3328 
f 3630 3329 2250 
f 1079 795 2923 
f 1432 3284 1564 
f 93 3330 1783 
f 1447 1783 3330 
f 2521 702 3331 
f 2634 193 3035 
f 1612 3035 193 
f 741 1753 3333 
f 855 3335 3334 
f 1946 3334 3335 
f 2661 1458 3245 
f 3348 3245 1458 
f 2347 3015 2107 
f 3805 3336 2546 
f 3522 2653 2243 
f 1884 3338 3337 
f 3923 3337 3338 
f 2486 3341 3340 
f 736 3340 3341 
f 3614 1985 3036 
f 3925 785 609 
f 1140 3033 666 
f 3356 3343 3342 
f 3915 3342 3343 
f 2971 835 2945 
f 2041 2945 835 
f 2928 279 2750 
f 3509 2651 2316 
f 596 2316 2651 
f 3471 1455 966 
f 2909 3344 3236 
f 3992 3236 3344 
f 226 3319 3345 
f 3958 3345 3319 
f 919 2086 3346 
f 3276 2523 2865 
f 45 1950 1346 
f 64 1346 1950 
f 1951 1805 3347 
f 2855 3245 3348 
f 2798 2627 1434 
f 2460 1434 2627 
f 1163 3163 1122 
f 3566 1122 3163 
f 2292 3349 1153 
f 1658 1153 3349 
f 68 3154 509 
f 91 509 3154 
f 3355 1083 2069 
f 1918 2683 765 
f 3803 1315 1110 
f 2519 1110 1315 
f 1810 889 1114 
f 3933 600 1325 
f 3765 3352 3351 
f 2870 3351 3352 
f 3502 3353 1385 
f 3929 2154 3314 
f 400 2729 2361 
f 2307 2361 2729 
f 1501 1969 3354 
f 3523 3354 1969 
f 870 3355 2447 
f 2069 2447 3355 
f 377 2125 797 
f 3915 3356 3342 
f 3434 2261 2364 
f 249 3358 3357 
f 2687 3357 3358 
f 1301 2716 3359 
f 511 3171 1175 
f 2357 1894 3360 
f 1582 3360 1894 
f 1456 2830 1133 
f 3117 3361 1015 
f 3673 2342 919 
f 2086 919 2342 
f 1529 3039 103 
f 3717 2439 3362 
f 1052 3362 2439 
f 3013 3363 2484 
f 2544 2484 3363 
f 1548 2545 3364 
f 447 3364 2545 
f 53 3121 4 
f 1420 4 3121 
f 3556 1734 3365 
f 2811 393 3366 
f 1272 3367 908 
f 739 1644 3368 
f 2064 3370 3369 
f 3736 3369 3370 
f 3755 1040 1970 
f 3083 112 1782 
f 2771 3371 1202 
f 2429 1202 3371 
f 3025 3372 3009 
f 389 1135 3373 
f 1148 3373 1135 
f 627 862 3374 
f 3152 1582 575 
f 1894 575 1582 
f 2001 3375 1231 
f 3616 1231 3375 
f 3810 3377 3376 
f 1656 3376 3377 
f 3639 1310 3378 
f 232 3378 1310 
f 3638 1132 3083 
f 3322 355 519 
f 2941 1921 580 
f 3041 580 1921 
f 2647 2120 2157 
f 2232 1405 1160 
f 2644 2748 3379 
f 1618 3380 1293 
f 2122 3381 2816 
f 288 2816 3381 
f 2777 2370 1764 
f 1852 3382 81 
f 3830 2735 3383 
f 467 1427 1500 
f 3890 3385 3384 
f 1206 3384 3385 
f 3527 522 3199 
f 3679 3386 1140 
f 3033 1140 3386 
f 3736 2552 3387 
f 3617 2111 3388 
f 1157 2914 3389 
f 3705 3389 2914 
f 3695 1053 2498 
f 1808 1571 351 
f 570 351 1571 
f 3498 1235 3390 
f 3977 357 2149 
f 601 1671 703 
f 2922 3392 1752 
f 3861 2025 2182 
f 2096 1378 1228 
f 3627 3393 1468 
f 2641 1468 3393 
f 3221 3395 3394 
f 3666 3394 3395 
f 1539 2898 1832 
f 2 1832 2898 
f 2883 1236 3053 
f 60 3396 1888 
f 2580 3397 3306 
f 2583 3306 3397 
f 2102 3398 962 
f 3904 2839 2558 
f 3646 2558 2839 
f 2642 435 640 
f 3450 2924 3336 
f 3500 1319 1381 
f 3217 3069 1497 
f 1997 1497 3069 
f 3530 1461 3399 
f 1954 1029 2468 
f 3024 2468 1029 
f 394 261 327 
f 169 3277 2194 
f 3399 547 566 
f 2791 308 2751 
f 2892 2180 470 
f 448 3400 3027 
f 2406 3401 3166 
f 635 3166 3401 
f 3461 3402 1807 
f 439 1807 3402 
f 244 1194 107 
f 3936 783 752 
f 3233 205 1759 
f 2741 1759 205 
f 578 129 3403 
f 3677 3403 129 
f 3487 3404 1396 
f 892 3038 2869 
f 3351 2869 3038 
f 440 474 160 
f 3721 160 474 
f 3533 2897 281 
f 3768 1211 3229 
f 421 3229 1211 
f 3923 2740 1680 
f 2256 3107 1067 
f 1948 3337 1681 
f 3923 1681 3337 
f 1745 970 579 
f 3624 2281 740 
f 353 740 2281 
f 389 3373 253 
f 2623 253 3373 
f 2369 3406 2622 
f 2972 2622 3406 
f 680 3407 66 
f 2313 3287 1623 
f 432 3103 903 
f 33 3304 3408 
f 1436 1031 1557 
f 3730 2866 1444 
f 926 2099 1020 
f 2633 1020 2099 
f 2516 3255 2271 
f 3809 285 2245 
f 3890 1366 3410 
f 3076 3160 3411 
f 3515 3411 3160 
f 565 3181 3412 
f 1917 2974 3413 
f 3943 3413 2974 
f 2932 3107 956 
f 2256 956 3107 
f 3494 185 3414 
f 503 3415 2036 
f 2771 3315 2737 
f 3560 2737 3315 
f 3400 3357 2495 
f 3122 2763 1850 
f 3387 539 2849 
f 3721 475 3126 
f 993 3126 475 
f 3690 2011 235 
f 1060 3418 3417 
f 3031 3417 3418 
f 2518 946 1912 
f 3311 1912 946 
f 1327 3419 1348 
f 2952 1964 3273 
f 1346 64 3420 
f 2670 3420 64 
f 3843 3421 1022 
f 1167 3423 3422 
f 2669 3422 3423 
f 1836 3424 2331 
f 2143 2331 3424 
f 2386 3425 953 
f 3806 953 3425 
f 1622 3287 3426 
f 3798 304 2912 
f 2755 227 1442 
f 2386 3428 3427 
f 3659 3427 3428 
f 3665 3430 2417 
f 1048 2417 3430 
f 3817 46 213 
f 3224 3431 449 
f 2582 3432 2336 
f 310 2336 3432 
f 3809 2069 1127 
f 3511 399 2361 
f 3317 2980 1625 
f 1794 1625 2980 
f 3307 1449 2753 
f 1873 2753 1449 
f 1522 1729 386 
f 3252 3226 1094 
f 3008 1094 3226 
f 3238 2891 3433 
f 3745 3433 2891 
f 3382 3434 80 
f 1898 80 3434 
f 1392 2976 2400 
f 106 2882 3435 
f 1657 390 2793 
f 2155 3436 2757 
f 1670 2757 3436 
f 2190 2493 1509 
f 3824 1998 2640 
f 2173 3251 3292 
f 2838 3292 3251 
f 3539 3438 899 
f 3504 899 3438 
f 1513 3283 3225 
f 809 3432 2582 
f 2786 3439 1591 
f 3984 1591 3439 
f 2833 3440 3204 
f 3272 3204 3440 
f 303 2153 2911 
f 670 2911 2153 
f 3672 3441 1755 
f 1394 2242 3442 
f 967 3444 3443 
f 2622 3443 3444 
f 3619 879 1639 
f 530 2824 3445 
f 943 2935 2363 
f 142 2453 3446 
f 837 3446 2453 
f 181 2536 1303 
f 3588 1985 1242 
f 3157 1242 1985 
f 2846 702 1102 
f 2521 1102 702 
f 3992 2692 2538 
f 2941 3134 3448 
f 3823 1788 3187 
f 3174 3449 1517 
f 2052 2663 473 
f 547 473 2663 
f 3593 1822 34 
f 1234 34 1822 
f 161 2503 2426 
f 3642 1954 2468 
f 3874 1358 1627 
f 1744 2383 2929 
f 2587 2655 1287 
f 507 1170 1240 
f 403 3450 3336 
f 2832 875 2150 
f 3296 1611 3451 
f 3528 3451 1611 
f 674 3043 1927 
f 3458 3452 1087 
f 3650 2616 720 
f 2752 3454 3453 
f 3307 3453 3454 
f 243 3455 1164 
f 2252 1164 3455 
f 2232 721 1404 
f 3514 3456 308 
f 77 401 1796 
f 3525 1796 401 
f 3221 3394 651 
f 2272 3457 1708 
f 3129 2186 1383 
f 3779 1383 2186 
f 2669 3452 3458 
f 819 2875 1284 
f 3420 2639 1346 
f 3825 2674 3459 
f 1720 3252 3460 
f 1094 3460 3252 
f 3402 3461 2181 
f 2760 1058 2156 
f 3002 2221 991 
f 812 1719 2415 
f 2883 2415 1719 
f 1242 2423 3462 
f 3545 888 3463 
f 717 2973 2761 
f 3747 482 2917 
f 3968 3405 1454 
f 3722 1225 1468 
f 1944 154 3464 
f 929 3466 3465 
f 3249 3465 3466 
f 305 1030 3467 
f 2234 2461 700 
f 3842 3014 3202 
f 3242 2784 604 
f 1047 2169 214 
f 744 1105 2802 
f 3010 1127 976 
f 1450 3468 1291 
f 646 1291 3468 
f 408 3469 1751 
f 2821 3470 897 
f 1196 3471 2126 
f 1079 2923 657 
f 1752 657 2923 
f 3876 3472 3211 
f 897 2819 2821 
f 1323 2821 2819 
f 3269 2796 3473 
f 502 3473 2796 
f 3865 2352 419 
f 3569 677 1926 
f 801 2227 2534 
f 2667 1417 529 
f 3631 831 2401 
f 3477 2401 831 
f 3861 3475 3077 
f 361 3077 3475 
f 2517 134 3449 
f 3409 205 3233 
f 3594 2438 3476 
f 3759 3477 830 
f 590 2329 2882 
f 1382 2882 2329 
f 552 491 2289 
f 3526 1596 189 
f 2553 1834 2797 
f 2158 2312 2647 
f 1700 3479 3478 
f 2117 3478 3479 
f 1209 3480 3249 
f 1309 3249 3480 
f 3764 902 2196 
f 987 2204 2144 
f 2159 1633 980 
f 83 3167 593 
f 3425 2387 2954 
f 1722 2954 2387 
f 2982 3483 3482 
f 654 3482 3483 
f 1645 1971 3068 
f 3815 3068 1971 
f 1130 547 2663 
f 2277 1579 1711 
f 3424 2725 2143 
f 1911 335 3265 
f 1635 2598 2147 
f 3386 3484 3034 
f 3895 3034 3484 
f 1525 2335 1021 
f 3111 3486 3485 
f 130 3485 3486 
f 1396 2993 3487 
f 1996 3487 2993 
f 3430 1653 1049 
f 1665 2274 2588 
f 1817 411 2270 
f 220 2270 411 
f 3773 1309 359 
f 936 1143 1831 
f 3513 2131 3115 
f 1613 3489 592 
f 2515 1892 1307 
f 3832 1307 1892 
f 3778 3490 388 
f 2410 388 3490 
f 3631 462 1101 
f 1682 2777 2260 
f 699 3491 671 
f 2379 671 3491 
f 2677 3191 1475 
f 3230 1475 3191 
f 1084 1770 2276 
f 3277 1721 2671 
f 1953 282 1508 
f 3473 3492 436 
f 2892 3426 248 
f 2732 55 2805 
f 1554 1637 2297 
f 3811 102 48 
f 3945 48 102 
f 3566 1399 3493 
f 3414 994 3494 
f 1756 3441 2557 
f 3591 2557 3441 
f 2075 1459 3495 
f 2994 3495 1459 
f 2854 2735 1761 
f 1463 1761 2735 
f 2700 2649 1610 
f 3916 1689 2116 
f 374 2116 1689 
f 3800 803 3496 
f 2567 543 526 
f 3016 526 543 
f 3568 1364 3497 
f 2514 3497 1364 
f 2895 3089 3498 
f 3584 3499 2699 
f 3975 2699 3499 
f 2567 3500 543 
f 87 3081 1992 
f 1968 1760 2918 
f 2626 1321 3501 
f 769 3501 1321 
f 1915 1483 3502 
f 3353 3502 1483 
f 1884 1026 3338 
f 772 3503 2822 
f 1207 2822 3503 
f 1973 3505 3450 
f 3535 3450 3505 
f 3774 2858 3506 
f 2609 3506 2858 
f 548 1130 2122 
f 1193 221 3176 
f 1430 3176 221 
f 3445 1535 3507 
f 97 3403 841 
f 3677 841 3403 
f 3960 61 3508 
f 2255 3508 61 
f 2855 2604 3510 
f 544 3510 2604 
f 2095 351 1336 
f 866 2824 531 
f 3197 3511 2130 
f 2360 2130 3511 
f 2287 2896 3512 
f 3373 1148 2623 
f 1929 1396 3513 
f 3456 3514 1084 
f 3102 3362 1052 
f 3160 1499 3515 
f 1283 3515 1499 
f 979 1603 3516 
f 1905 3347 1502 
f 1804 1502 3347 
f 3136 3489 1257 
f 1659 1257 3489 
f 3600 3011 625 
f 977 625 3011 
f 2792 3517 395 
f 2981 2705 1991 
f 2975 1384 109 
f 3806 2961 953 
f 2267 476 1452 
f 1212 1791 1830 
f 252 1236 2883 
f 3502 3519 1915 
f 3241 1915 3519 
f 3412 3171 511 
f 308 2791 3514 
f 3710 3037 166 
f 3825 3199 504 
f 199 504 3199 
f 3585 3446 2268 
f 3676 2268 3446 
f 2653 3522 325 
f 3243 325 3522 
f 809 3354 3523 
f 1232 1330 3524 
f 3228 483 2381 
f 762 2381 483 
f 2604 3016 544 
f 2002 716 2037 
f 1608 522 3527 
f 1389 3528 3121 
f 2649 3121 3528 
f 2631 279 2928 
f 1474 1226 1640 
f 104 3497 2348 
f 3959 965 2659 
f 3454 793 982 
f 844 155 710 
f 1981 1676 1654 
f 2075 1654 1676 
f 2617 174 2840 
f 2841 2391 2322 
f 1865 2322 2391 
f 3399 566 3530 
f 1486 3530 566 
f 3582 3532 3531 
f 3104 3531 3532 
f 3578 2000 3206 
f 3524 3206 2000 
f 3517 3397 2580 
f 3562 3299 271 
f 1533 2524 842 
f 3611 842 2524 
f 2682 2782 2295 
f 848 3442 1889 
f 2241 1889 3442 
f 413 3534 3224 
f 2776 3224 3534 
f 3505 323 3535 
f 2311 3536 479 
f 3941 3116 3018 
f 3649 3537 2890 
f 2358 2890 3537 
f 3561 3538 286 
f 2161 2730 768 
f 459 1837 1697 
f 2077 3539 860 
f 1253 860 3539 
f 3075 3411 942 
f 3930 3309 2708 
f 3840 2708 3309 
f 3706 3540 2999 
f 3947 2999 3540 
f 1772 2754 469 
f 1979 469 2754 
f 202 1208 3541 
f 1969 2048 3523 
f 3949 3523 2048 
f 3048 2188 2223 
f 3148 2223 2188 
f 43 3542 1608 
f 522 1608 3542 
f 1610 3544 3543 
f 2269 3543 3544 
f 3517 1436 1558 
f 3687 888 3545 
f 1709 3547 3546 
f 3730 3546 3547 
f 3799 2378 3109 
f 255 1757 3548 
f 3614 3548 1757 
f 1600 3549 2676 
f 3792 2676 3549 
f 3871 3222 2869 
f 3594 1484 2438 
f 3291 3550 2367 
f 2742 1351 2857 
f 1117 1780 1869 
f 3981 3552 3551 
f 3056 3551 3552 
f 3871 1274 3553 
f 828 3553 1274 
f 533 2856 2536 
f 617 3554 2932 
f 2042 3555 191 
f 3469 408 3556 
f 3859 1834 3419 
f 2810 3366 1580 
f 2975 1637 573 
f 1594 126 416 
f 3567 416 126 
f 3164 3557 376 
f 3312 2710 776 
f 3486 3438 1387 
f 3257 3059 1124 
f 2711 652 3394 
f 1425 3080 2507 
f 2562 2507 3080 
f 3631 1101 958 
f 2815 2293 2983 
f 294 3558 842 
f 3324 1718 3421 
f 2778 3421 1718 
f 975 666 1941 
f 3926 3559 1550 
f 332 3560 3315 
f 2537 2909 3236 
f 3586 3561 1187 
f 344 1054 92 
f 1541 3562 271 
f 3372 3025 1772 
f 53 2246 1389 
f 3826 3193 2164 
f 3048 1320 2188 
f 2193 73 3563 
f 2691 3563 73 
f 3923 1877 2740 
f 2435 2374 3097 
f 911 2117 2146 
f 256 1548 1815 
f 3364 1815 1548 
f 2991 2698 2561 
f 3256 621 3032 
f 3910 2967 1530 
f 3344 1530 2967 
f 3826 58 3193 
f 2491 527 2603 
f 2550 1186 1343 
f 1634 3565 3564 
f 2861 3564 3565 
f 1905 1951 3347 
f 3515 941 3411 
f 3375 2001 3029 
f 2682 3554 2782 
f 2450 2782 3554 
f 3672 3250 606 
f 3389 606 3250 
f 2431 1780 1117 
f 3238 2126 2891 
f 3890 3410 1994 
f 3675 3566 3493 
f 2220 3162 2825 
f 973 318 517 
f 2739 301 2326 
f 817 1061 3569 
f 813 3569 1061 
f 1221 1010 2410 
f 3712 2029 3571 
f 2309 3571 2029 
f 3791 2651 3572 
f 538 3572 2651 
f 660 3573 497 
f 502 497 3573 
f 2508 843 3558 
f 3943 3575 3574 
f 2953 3574 3575 
f 2953 1435 3576 
f 3306 3576 1435 
f 734 3577 3004 
f 1311 3004 3577 
f 2244 81 2354 
f 1256 1659 193 
f 1612 193 1659 
f 3028 2000 3578 
f 1185 3579 2483 
f 1512 3580 3264 
f 2107 3264 3580 
f 2059 2402 450 
f 3532 3582 3581 
f 879 3581 3582 
f 738 3263 1588 
f 2477 2096 1228 
f 85 1993 3583 
f 2575 3583 1993 
f 3625 2921 1741 
f 1699 3478 910 
f 1360 3109 1087 
f 2239 3557 1230 
f 2947 3499 3584 
f 3801 292 3201 
f 3904 2617 2839 
f 3940 3585 2268 
f 733 1287 991 
f 2920 991 1287 
f 3788 345 799 
f 3481 3319 226 
f 447 1816 3364 
f 1342 1091 1412 
f 2957 2788 767 
f 3796 3045 719 
f 93 1802 3330 
f 2104 3330 1802 
f 1978 468 3587 
f 2448 2171 2070 
f 2669 3458 3262 
f 1095 3588 277 
f 2426 3589 1521 
f 2526 1584 3590 
f 3641 3591 3441 
f 3326 2843 3592 
f 3165 936 1831 
f 262 1515 3225 
f 3646 2133 2558 
f 1100 2558 2133 
f 3808 2134 3045 
f 34 3072 3593 
f 709 3593 3072 
f 3476 3595 3594 
f 3795 3594 3595 
f 2094 2274 3596 
f 1664 3596 2274 
f 2329 590 645 
f 2089 110 3597 
f 648 3597 110 
f 3574 3576 3598 
f 3948 3598 3576 
f 3209 631 3457 
f 1810 3457 631 
f 3602 3599 2902 
f 165 2902 3599 
f 3010 3600 2166 
f 2704 811 825 
f 2327 1750 3601 
f 1908 3004 1311 
f 2607 2151 339 
f 3902 1278 1143 
f 2110 3599 3602 
f 1867 3603 3595 
f 3795 3595 3603 
f 990 1363 3604 
f 3030 1539 2049 
f 3560 3605 1477 
f 1878 1477 3605 
f 1682 1871 2842 
f 836 2842 1871 
f 3580 1514 2107 
f 2347 2107 1514 
f 3774 90 2468 
f 3935 23 3606 
f 3990 1796 3607 
f 3525 3607 1796 
f 1021 333 1786 
f 3536 1189 556 
f 2876 546 1285 
f 1373 1285 546 
f 2574 3608 2815 
f 3887 2815 3608 
f 3148 664 2223 
f 3234 3609 2823 
f 3445 2823 3609 
f 3133 3583 2575 
f 3609 3234 3339 
f 3106 3174 1517 
f 463 2608 269 
f 3719 789 3222 
f 1599 939 273 
f 1067 3108 1385 
f 1822 3610 1234 
f 3047 3194 334 
f 2384 1270 1595 
f 3002 990 3417 
f 1790 848 1038 
f 1389 3121 53 
f 2319 3073 3079 
f 2524 2648 3611 
f 2136 3611 2648 
f 3906 2949 3378 
f 3986 1928 3612 
f 3836 2919 3613 
f 3954 3613 2919 
f 2899 1260 2900 
f 2436 1009 3615 
f 59 2870 3352 
f 3509 713 563 
f 3796 719 608 
f 3683 1802 93 
f 2210 3616 3375 
f 3792 3549 1504 
f 2907 1504 3549 
f 952 861 200 
f 3877 1908 1311 
f 216 3362 3102 
f 3543 1035 2700 
f 3888 532 1300 
f 3879 1374 3617 
f 3884 2515 3618 
f 3005 1957 2719 
f 2060 3581 3619 
f 879 3619 3581 
f 562 3621 3620 
f 3831 3620 3621 
f 59 1995 3622 
f 3410 3622 1995 
f 3334 1946 1388 
f 2702 3281 1606 
f 947 2244 3623 
f 2354 3623 2244 
f 3418 1858 3031 
f 740 1902 3624 
f 616 2554 1875 
f 2605 1875 2554 
f 1685 2921 3625 
f 3363 3274 2544 
f 2442 2544 3274 
f 23 1422 1575 
f 1224 3627 1468 
f 1251 337 3628 
f 2206 2938 409 
f 2893 3112 3485 
f 1648 1371 1642 
f 3869 1642 1371 
f 3825 504 2674 
f 3772 3629 3348 
f 3929 3348 3629 
f 589 3329 3630 
f 3205 886 2833 
f 1857 2846 2826 
f 1102 2826 2846 
f 1062 2408 2375 
f 3687 3545 3328 
f 62 3328 3545 
f 1768 3632 3370 
f 3736 3370 3632 
f 1549 2384 2545 
f 453 1205 2588 
f 2827 2588 1205 
f 2684 3308 3633 
f 1141 3633 3308 
f 3158 2353 159 
f 3877 1592 1908 
f 2752 793 3454 
f 2021 1400 2834 
f 1699 2491 2603 
f 157 2530 3184 
f 3114 2902 165 
f 2005 1414 3634 
f 1618 3634 1414 
f 60 1888 3635 
f 2235 3635 1888 
f 2903 2063 1516 
f 3104 372 3246 
f 748 3636 894 
f 83 593 2346 
f 1931 2346 593 
f 2684 1132 3638 
f 1774 934 3067 
f 3870 3067 934 
f 3538 3561 3586 
f 1297 3329 3380 
f 589 3380 3329 
f 1518 1310 3639 
f 2873 82 2346 
f 1801 885 3613 
f 3836 3613 885 
f 3355 871 2721 
f 1233 3304 33 
f 1218 3064 43 
f 3542 43 3064 
f 349 2505 1727 
f 3940 2424 3585 
f 725 3640 2724 
f 3672 3641 3441 
f 223 735 1137 
f 2477 2022 3026 
f 3685 3026 2022 
f 1590 3643 814 
f 3660 814 3643 
f 2779 1647 1316 
f 893 3644 2989 
f 3075 942 2093 
f 262 2206 1515 
f 3576 3574 2953 
f 1538 3283 2572 
f 1336 581 2592 
f 918 2592 581 
f 219 1775 2775 
f 3982 2775 1775 
f 2998 3231 3647 
f 601 703 2057 
f 514 1649 3278 
f 3801 3200 425 
f 1123 425 3200 
f 3212 1669 2383 
f 3977 2987 1990 
f 2141 1195 245 
f 3406 2842 2972 
f 3651 762 3648 
f 3956 3648 762 
f 3740 1251 3628 
f 3780 3141 1123 
f 1903 3537 3649 
f 941 674 813 
f 3156 3088 3155 
f 3696 3650 3293 
f 762 3651 2381 
f 3177 2381 3651 
f 3775 3652 3086 
f 1423 3086 3652 
f 2584 1380 3653 
f 687 3257 1124 
f 3423 1166 3452 
f 340 3452 1166 
f 368 3416 649 
f 885 374 1690 
f 1080 312 2707 
f 3939 1820 2765 
f 2905 175 3655 
f 3713 3655 175 
f 1863 1339 2437 
f 2614 3040 3656 
f 3682 3656 3040 
f 260 444 3657 
f 2811 3657 444 
f 1138 3658 2748 
f 1269 3659 251 
f 81 2244 1852 
f 1937 3361 745 
f 3117 745 3361 
f 3748 3503 773 
f 1696 814 3660 
f 617 2932 955 
f 725 3661 3340 
f 2486 3340 3661 
f 3719 3553 828 
f 2813 2376 723 
f 2399 2376 3662 
f 3886 3663 446 
f 3750 446 3663 
f 3436 3665 3664 
f 2417 3664 3665 
f 3395 1487 3666 
f 3146 3666 1487 
f 3885 3667 935 
f 1766 935 3667 
f 3915 3343 3356 
f 3884 3618 3668 
f 807 3668 3618 
f 2332 1756 2557 
f 2958 1902 740 
f 3958 3153 3608 
f 3887 3608 3153 
f 610 1357 235 
f 3690 235 1357 
f 3001 3579 2963 
f 3240 2963 3579 
f 723 3256 2813 
f 168 1061 817 
f 246 2118 2068 
f 470 3426 2892 
f 1124 3294 687 
f 1811 687 3294 
f 1510 3669 2589 
f 1665 2589 3669 
f 209 2937 2756 
f 3622 2756 2937 
f 927 1569 2723 
f 3529 3578 3003 
f 358 996 3144 
f 3078 609 784 
f 41 1935 3301 
f 2128 3301 1935 
f 3966 3671 3670 
f 3161 3670 3671 
f 768 1308 2926 
f 3618 1562 808 
f 1493 808 1562 
f 2571 3094 1304 
f 3000 1049 1137 
f 3442 848 1394 
f 1790 1394 848 
f 2140 3080 1426 
f 3641 3672 606 
f 3466 1441 3249 
f 698 2939 3673 
f 2342 3673 2939 
f 3136 3235 3489 
f 3108 2683 1918 
f 3900 3550 3291 
f 3893 2323 2664 
f 1158 3007 3674 
f 3969 1762 3675 
f 1586 258 3674 
f 3054 3269 1147 
f 1740 2486 2650 
f 2278 1356 2012 
f 609 2012 1356 
f 2212 2773 3149 
f 898 3149 2773 
f 2479 3676 3424 
f 3718 3424 3676 
f 61 1793 2255 
f 971 2255 1793 
f 3092 2795 42 
f 128 360 3677 
f 1398 2416 1048 
f 805 3632 1768 
f 3375 3029 2471 
f 234 3678 2305 
f 2499 2305 3678 
f 3408 2320 3079 
f 3694 3679 2317 
f 1431 206 2396 
f 1236 3680 3054 
f 496 3054 3680 
f 3938 3681 2773 
f 3845 158 3184 
f 3692 1605 890 
f 2432 3683 3682 
f 3151 3682 3683 
f 1245 2966 2906 
f 950 2906 2966 
f 1929 3513 3684 
f 3115 3684 3513 
f 3195 328 437 
f 1058 3026 3685 
f 238 2206 262 
f 3716 2741 1432 
f 1239 3686 3607 
f 1340 3607 3686 
f 2973 1667 3282 
f 3295 3282 1667 
f 1656 3377 241 
f 3547 2884 2143 
f 3529 2624 3578 
f 3028 3578 2624 
f 3372 1772 469 
f 870 1887 1174 
f 3701 2307 2500 
f 1372 2178 3688 
f 3895 39 348 
f 3998 3012 1271 
f 3248 3689 2139 
f 3424 1836 2479 
f 3766 2988 783 
f 852 1809 2201 
f 3980 834 119 
f 1084 2276 3456 
f 2578 3456 2276 
f 3520 278 3691 
f 180 2257 2528 
f 890 3693 3692 
f 3298 3692 3693 
f 1721 1142 3308 
f 3738 1689 296 
f 3916 296 1689 
f 3679 3694 3386 
f 485 3386 3694 
f 3871 2869 1758 
f 1208 1054 96 
f 2968 1634 3564 
f 577 97 1783 
f 3127 1528 744 
f 2733 1666 3611 
f 2446 3132 2403 
f 1517 1537 3179 
f 2959 55 2732 
f 1621 1405 1294 
f 497 695 660 
f 2724 3469 3365 
f 3556 3365 3469 
f 3819 3376 1656 
f 2934 1737 442 
f 3848 3650 3696 
f 3487 3332 3404 
f 2190 3404 3332 
f 1812 2205 3697 
f 3974 2621 19 
f 858 19 2621 
f 3761 1994 3698 
f 1465 620 1899 
f 2262 785 2625 
f 3925 2625 785 
f 3582 3531 3510 
f 3246 3510 3531 
f 1648 2779 1372 
f 2866 3699 2184 
f 2053 2184 3699 
f 3814 3113 1026 
f 1742 3229 2038 
f 254 3548 3037 
f 3614 3037 3548 
f 1691 2266 2660 
f 3938 3052 3681 
f 3516 3700 1028 
f 3074 3701 2500 
f 2502 2547 3381 
f 2321 2726 2457 
f 2865 2457 2726 
f 2680 32 3702 
f 562 712 3621 
f 2419 3621 712 
f 3717 3704 1867 
f 3310 2841 2322 
f 1871 2743 1823 
f 3890 1994 3385 
f 3761 3385 1994 
f 3432 809 3523 
f 358 3144 2149 
f 1182 3706 321 
f 3911 321 3706 
f 3414 3161 2809 
f 2197 2809 3161 
f 120 617 955 
f 187 3708 3707 
f 3952 3707 3708 
f 2767 426 228 
f 2778 1023 3421 
f 1341 3686 1086 
f 37 1086 3686 
f 3836 884 20 
f 3982 2868 2113 
f 3124 1847 2470 
f 3372 469 3709 
f 2185 254 3710 
f 3037 3710 254 
f 2709 384 3711 
f 3875 3711 384 
f 737 272 1042 
f 281 3712 3571 
f 175 2910 3713 
f 3286 2687 3358 
f 2540 2217 86 
f 3507 335 1911 
f 3051 302 3681 
f 3963 3681 302 
f 1988 3327 1554 
f 2374 2435 3714 
f 2741 3716 143 
f 1333 143 3716 
f 4001 3717 3362 
f 693 633 2862 
f 1351 2665 1601 
f 1461 2675 267 
f 2855 3510 3245 
f 3372 3709 2028 
f 3424 3718 2725 
f 2885 789 3719 
f 3498 3390 3211 
f 3876 3211 3390 
f 353 3720 739 
f 1334 739 3720 
f 919 2609 3673 
f 3168 1328 594 
f 3709 1978 1728 
f 1827 3721 3125 
f 3995 3722 3371 
f 1469 3371 3722 
f 3375 2471 2210 
f 3360 1581 1359 
f 3986 3612 2659 
f 3959 2659 3612 
f 3141 2620 3723 
f 3475 3522 7 
f 2243 7 3522 
f 1773 3025 1156 
f 2799 3460 1094 
f 3521 2300 3231 
f 1784 3231 2300 
f 294 1666 3724 
f 2046 3724 1666 
f 1449 2208 1873 
f 530 3445 3507 
f 1737 3725 443 
f 1960 443 3725 
f 2261 1213 784 
f 3847 2375 3714 
f 2958 740 3368 
f 2337 1692 3672 
f 3250 3672 1692 
f 3775 833 3652 
f 1629 3652 833 
f 1025 3727 3726 
f 3996 3726 3727 
f 3253 3166 1361 
f 3082 337 3728 
f 1513 1514 3580 
f 568 2736 3172 
f 796 3172 2736 
f 3742 3341 1861 
f 3510 544 3582 
f 2215 1002 1806 
f 3758 3729 1945 
f 1658 431 3731 
f 903 3731 431 
f 2359 3732 1220 
f 520 1220 3732 
f 3958 1494 3153 
f 171 741 3333 
f 3756 1970 357 
f 2644 3379 3280 
f 1715 3280 3379 
f 3417 621 3002 
f 3897 2241 111 
f 2543 1975 3733 
f 3751 3733 1975 
f 3553 3719 3222 
f 3345 1011 1246 
f 3979 3551 2030 
f 2011 35 697 
f 2192 3480 841 
f 870 2447 1887 
f 3897 719 2616 
f 2642 3734 435 
f 3642 3691 1954 
f 2631 1954 3691 
f 2656 1506 2920 
f 3892 2920 1506 
f 71 3413 2951 
f 3943 2951 3413 
f 3908 3137 3735 
f 3544 3735 3137 
f 3387 2214 3736 
f 3369 3736 2214 
f 3667 1362 259 
f 3928 3737 2455 
f 1401 2455 3737 
f 3918 3001 2963 
f 3031 621 3417 
f 1865 3508 2322 
f 3657 3738 296 
f 3725 2342 2939 
f 1721 676 1142 
f 1172 3739 1943 
f 1947 1943 3739 
f 876 101 2764 
f 84 861 3645 
f 3635 1995 59 
f 2498 2349 2343 
f 924 1959 650 
f 3268 3583 3133 
f 1010 1221 2546 
f 3805 2546 1221 
f 350 3488 2652 
f 1184 1828 1901 
f 343 3741 3740 
f 3071 3740 3741 
f 1861 1743 3742 
f 3973 3706 1182 
f 120 2466 617 
f 1895 2358 3537 
f 2533 3202 3743 
f 1797 3296 3451 
f 1903 286 3537 
f 2903 3744 987 
f 2831 3745 3305 
f 2890 3305 3745 
f 2863 1874 2605 
f 3759 830 1073 
f 1766 3667 2561 
f 3749 2826 2977 
f 3797 679 553 
f 3958 3608 1011 
f 1476 1438 3746 
f 2328 3746 1438 
f 3914 2888 1161 
f 3240 2162 2963 
f 1499 3163 1283 
f 1447 577 1783 
f 1146 3297 370 
f 2017 1070 3207 
f 173 3747 2917 
f 2611 87 1992 
f 2035 1182 322 
f 2334 1344 2123 
f 3391 319 3748 
f 938 2247 2946 
f 1244 1098 1866 
f 3869 3688 2179 
f 1269 3492 31 
f 935 3750 3663 
f 355 3751 1830 
f 1974 1830 3751 
f 1167 3422 2850 
f 2706 2981 2785 
f 1565 3752 1254 
f 3818 2088 2462 
f 3025 3009 3705 
f 1546 3285 1349 
f 3919 1349 3285 
f 2175 2353 3158 
f 3918 3753 962 
f 4000 3754 1446 
f 3563 3070 2193 
f 2878 2533 3743 
f 1970 3756 3755 
f 178 3755 3756 
f 3885 1159 3667 
f 1362 3667 1159 
f 2877 2444 3459 
f 1491 3459 2444 
f 3970 3289 3757 
f 1840 3757 3289 
f 924 1108 1959 
f 3917 3758 105 
f 512 3759 2915 
f 2933 1557 3254 
f 2152 1922 2048 
f 48 1535 3609 
f 3445 3609 1535 
f 3385 3761 3760 
f 427 3760 3761 
f 269 2907 3549 
f 2595 3126 993 
f 2488 1378 2096 
f 3975 3763 1483 
f 3353 1483 3763 
f 3323 3572 538 
f 421 3764 2039 
f 1497 2039 3764 
f 60 3765 3396 
f 849 3396 3765 
f 3895 3484 2482 
f 3936 233 3766 
f 1857 2826 3749 
f 3282 3295 3767 
f 1314 2270 220 
f 3427 1723 2387 
f 3478 2117 911 
f 1050 503 2878 
f 1611 2649 3528 
f 3233 2289 3409 
f 3527 1491 1608 
f 3408 3303 2320 
f 1742 3768 3229 
f 3002 398 2221 
f 3654 3769 518 
f 3898 2794 1210 
f 361 3475 7 
f 497 502 2796 
f 2905 3186 2840 
f 1066 1719 812 
f 2398 244 3770 
f 107 3770 244 
f 31 3573 2304 
f 3627 2680 3393 
f 3734 3393 2680 
f 107 3007 1158 
f 3789 137 3771 
f 3003 2154 3529 
f 3559 956 2256 
f 3790 3763 3499 
f 3975 3499 3763 
f 97 577 3403 
f 1258 3629 3772 
f 3448 1779 2942 
f 2054 2942 1779 
f 3882 3773 359 
f 3416 2738 2338 
f 1929 2993 1396 
f 3401 2472 635 
f 1651 979 3516 
f 2468 3024 3774 
f 2858 3774 3024 
f 1477 2737 3560 
f 1364 3093 2514 
f 1668 833 3775 
f 3815 1971 3776 
f 2700 1610 3543 
f 3707 1098 1244 
f 3962 1578 3716 
f 3270 3556 2803 
f 407 2803 3556 
f 2501 3197 3777 
f 1850 1707 3012 
f 2857 1350 1187 
f 3586 1187 1350 
f 3676 3446 3718 
f 837 3718 3446 
f 3962 1432 1564 
f 2808 1221 2410 
f 3200 3781 3780 
f 3140 3780 3781 
f 3099 3128 1566 
f 3634 1293 3782 
f 465 3783 3615 
f 3872 3615 3783 
f 3438 3539 2077 
f 328 3700 3516 
f 3637 3657 296 
f 3206 3524 14 
f 1456 1133 2715 
f 2032 3784 961 
f 3782 748 894 
f 2321 3785 2726 
f 3564 1439 2967 
f 3344 2967 1439 
f 2691 3555 2042 
f 3359 1453 1081 
f 3807 857 2301 
f 512 1176 2400 
f 2121 2400 1176 
f 3927 2602 2681 
f 927 2723 726 
f 3863 726 2723 
f 670 2940 3786 
f 3118 859 2441 
f 3173 2441 859 
f 2284 940 3787 
f 3470 2821 1471 
f 3858 550 1794 
f 2054 2818 1836 
f 2121 3788 799 
f 3957 1216 1872 
f 83 3071 3167 
f 3741 3167 3071 
f 1153 1658 3731 
f 3512 3210 2291 
f 2350 2291 3210 
f 1272 2015 3367 
f 1649 514 2754 
f 3799 2912 2378 
f 3501 690 2539 
f 3771 136 3789 
f 690 3501 2730 
f 3223 3790 1335 
f 3518 2434 3784 
f 795 3784 2434 
f 3869 1347 1642 
f 628 3374 2064 
f 3370 2064 3374 
f 929 972 3466 
f 2391 1244 1866 
f 3504 3111 1282 
f 1057 1282 3111 
f 3654 3791 3769 
f 3572 3769 3791 
f 1390 3792 1505 
f 1379 2906 2073 
f 950 2073 2906 
f 2548 3747 3793 
f 499 3793 3747 
f 1878 3794 742 
f 2605 3091 2863 
f 2335 926 1020 
f 581 3506 918 
f 2609 918 3506 
f 3892 2333 1363 
f 2257 2059 1465 
f 620 1465 2059 
f 2926 3795 3603 
f 3669 1510 3796 
f 215 2509 3797 
f 2027 3519 765 
f 1918 765 3519 
f 2912 3799 3798 
f 1241 3798 3799 
f 3924 382 2231 
f 2943 1939 2632 
f 3159 2632 1939 
f 1644 3785 2321 
f 3947 3540 2518 
f 2114 422 3023 
f 1403 766 2502 
f 3693 2015 1660 
f 2302 1907 2997 
f 2233 1144 1373 
f 686 2662 3257 
f 2410 3490 371 
f 3651 3648 2050 
f 2828 2050 3648 
f 3952 3708 3800 
f 1379 3800 3708 
f 1068 1486 1012 
f 3129 1731 2186 
f 3049 905 3176 
f 471 2180 3461 
f 3173 860 569 
f 2373 764 2682 
f 1633 3781 2490 
f 3849 1716 3704 
f 3286 3358 2313 
f 3287 2313 3358 
f 1490 2801 1913 
f 1178 2540 86 
f 2922 3803 1109 
f 3801 425 1115 
f 787 2532 3804 
f 836 314 2041 
f 3941 3018 1626 
f 2759 1626 3018 
f 2770 1532 1169 
f 2800 1169 1532 
f 408 1751 1956 
f 3392 1956 1751 
f 1520 3254 1032 
f 3341 3742 736 
f 2541 3336 3805 
f 2061 3658 2201 
f 389 3299 1135 
f 3161 1553 2197 
f 709 3806 3425 
f 3045 132 3808 
f 171 3333 2978 
f 3860 2978 3333 
f 2418 2034 2685 
f 90 582 570 
f 2399 1989 2377 
f 2447 3809 2171 
f 2245 2171 3809 
f 1949 2679 597 
f 1192 342 2759 
f 3968 2759 342 
f 2540 1178 1965 
f 3000 1398 1048 
f 2751 3397 2791 
f 3901 1299 82 
f 2328 1842 3810 
f 3377 3810 1842 
f 214 2936 1047 
f 282 2109 2901 
f 3602 2901 2109 
f 102 3811 629 
f 1999 3812 1814 
f 1932 1814 3812 
f 3113 3814 3813 
f 2904 3813 3814 
f 3890 3384 331 
f 2847 3297 78 
f 1337 78 3297 
f 1523 3407 3816 
f 681 3816 3407 
f 848 1889 3396 
f 3070 1394 1790 
f 3812 1999 1819 
f 2884 1709 826 
f 3292 2046 2173 
f 1670 2112 2962 
f 1484 2349 2498 
f 2736 568 2392 
f 3100 1883 3248 
f 819 3817 2875 
f 114 2875 3817 
f 2462 3391 3818 
f 773 3818 3391 
f 2934 3044 1736 
f 3235 3376 3819 
f 3790 3499 2947 
f 123 1725 3820 
f 619 1019 3821 
f 2366 3821 1019 
f 430 2161 1717 
f 3990 3607 1340 
f 823 583 3822 
f 1933 3483 2982 
f 3976 1407 2166 
f 3999 3710 2110 
f 3599 2110 3710 
f 3975 25 2772 
f 1089 862 2918 
f 1968 2918 862 
f 3064 3668 3542 
f 807 3542 3668 
f 3752 3284 913 
f 1025 771 3727 
f 454 2273 133 
f 3429 3507 1911 
f 1998 3824 2859 
f 699 2859 3824 
f 2012 3078 1974 
f 1069 2277 3114 
f 3959 3114 2277 
f 3853 3070 3563 
f 3215 507 402 
f 1240 402 507 
f 2087 3679 1140 
f 3169 2083 1332 
f 3422 1332 2083 
f 2479 2780 3676 
f 3912 2219 2908 
f 3550 2908 2219 
f 801 613 2227 
f 3738 2811 1690 
f 628 3752 913 
f 626 2698 3828 
f 1991 3828 2698 
f 1584 2526 1536 
f 790 3335 1829 
f 3488 1727 2279 
f 3876 3390 494 
f 1247 1833 1773 
f 3649 2891 2478 
f 2713 2637 2031 
f 3141 3723 1811 
f 2364 1898 3434 
f 3457 2272 3021 
f 1463 3830 3829 
f 1541 3829 3830 
f 3552 3620 3831 
f 3585 142 3446 
f 1473 354 2228 
f 3738 3657 2811 
f 3897 111 607 
f 3847 3714 2961 
f 3096 2595 993 
f 1613 3832 1892 
f 447 3750 1816 
f 1774 1816 3750 
f 3837 1561 3138 
f 1361 3833 3253 
f 1367 3253 3833 
f 1565 3284 3752 
f 3991 500 2280 
f 3066 2280 500 
f 21 3834 2720 
f 2471 1847 2211 
f 3412 858 565 
f 2341 3258 2455 
f 3162 2455 3258 
f 1599 2630 3835 
f 3844 3835 2630 
f 3593 3425 2954 
f 2817 1692 2337 
f 2838 3250 1692 
f 2757 1670 2962 
f 3769 3572 3322 
f 3798 2654 304 
f 325 304 2654 
f 3937 26 1914 
f 1433 2461 2234 
f 1081 1300 3359 
f 2772 3062 2476 
f 3796 608 3669 
f 3468 2060 646 
f 3619 646 2060 
f 60 3352 3765 
f 2206 1526 2938 
f 3942 3837 3313 
f 3318 2253 2554 
f 1567 2053 1047 
f 2169 1047 2053 
f 3415 504 199 
f 2055 1646 3279 
f 3147 2224 3729 
f 3267 3729 2224 
f 1186 2550 656 
f 1112 656 2550 
f 3214 3760 427 
f 3974 1580 2290 
f 283 1395 1509 
f 3404 1509 1395 
f 2586 2570 451 
f 1710 1658 3349 
f 2236 3698 3635 
f 1995 3635 3698 
f 3452 2669 3423 
f 433 3838 1292 
f 2848 1002 2215 
f 12 3427 3659 
f 896 1262 3646 
f 3698 3839 3761 
f 427 3761 3839 
f 3855 642 3435 
f 3223 1335 3567 
f 3631 2401 461 
f 3473 436 3269 
f 829 2885 3719 
f 3444 2618 2369 
f 1940 1541 271 
f 1955 3392 164 
f 2922 164 3392 
f 2613 2630 955 
f 120 955 2630 
f 3662 244 2398 
f 2216 1964 2952 
f 3882 399 2203 
f 3964 896 3470 
f 1237 695 3680 
f 497 3680 695 
f 3883 3787 939 
f 2836 1649 3840 
f 3429 530 3507 
f 3355 2721 1083 
f 1547 1083 2721 
f 3731 903 218 
f 3484 485 2483 
f 3589 1821 3044 
f 671 3786 699 
f 3724 3292 289 
f 3426 470 1622 
f 3061 1622 470 
f 3957 3841 1365 
f 3093 1365 3841 
f 1849 1709 3546 
f 2001 1231 3524 
f 2533 3842 3202 
f 3324 3843 1227 
f 3101 3835 3844 
f 158 3845 2450 
f 2544 2442 404 
f 1973 404 2442 
f 329 2938 438 
f 3351 3038 3765 
f 849 3765 3038 
f 3316 3846 851 
f 3982 3143 2774 
f 1151 2910 175 
f 888 3687 821 
f 708 998 3847 
f 182 3732 533 
f 2359 533 3732 
f 476 2267 2396 
f 912 2396 2267 
f 3935 1421 23 
f 3803 2922 794 
f 1707 3848 3696 
f 1192 2759 3018 
f 1025 3726 3850 
f 1824 3850 3726 
f 2327 1257 1750 
f 219 1152 3731 
f 1085 3514 2792 
f 3952 3496 3851 
f 802 3851 3496 
f 874 1312 1452 
f 524 3415 199 
f 3904 1324 3852 
f 2718 3852 1324 
f 1235 3090 1785 
f 3232 1785 3090 
f 1842 2328 1438 
f 3178 3828 1991 
f 2014 1905 1467 
f 1353 2570 2637 
f 3864 1540 2688 
f 3563 2042 3853 
f 2038 3854 1742 
f 3944 1989 2398 
f 1027 1275 3814 
f 2890 2358 3305 
f 3717 1867 3476 
f 3595 3476 1867 
f 2431 2965 1780 
f 3628 343 3740 
f 644 3413 70 
f 2568 3102 3844 
f 2348 124 104 
f 2881 3855 3435 
f 3647 2896 2287 
f 889 1810 2746 
f 3087 2746 1810 
f 2762 3856 662 
f 356 3733 3751 
f 3063 3084 2024 
f 3564 2861 1439 
f 2829 3794 1878 
f 550 3858 3857 
f 3896 3857 3858 
f 2384 1549 3859 
f 901 3691 3642 
f 3975 2772 2699 
f 3787 2867 2696 
f 1789 2799 176 
f 1631 176 2799 
f 3333 933 3860 
f 2283 3860 933 
f 356 3271 3733 
f 2543 3733 3271 
f 606 3389 3705 
f 3475 3861 3243 
f 3833 1037 365 
f 1729 1185 385 
f 3961 3862 3131 
f 3978 3131 3862 
f 725 3863 3640 
f 2722 3640 3863 
f 2898 1540 3864 
f 3311 946 3623 
f 3790 3223 1787 
f 3898 1210 1884 
f 1326 3139 85 
f 1993 85 3139 
f 994 714 3096 
f 2352 3865 2281 
f 1074 1050 3743 
f 2878 3743 1050 
f 2546 1880 1010 
f 3486 3111 3504 
f 1017 3867 3866 
f 2454 3866 3867 
f 2969 3142 3868 
f 1162 3482 2355 
f 654 2355 3482 
f 2735 3830 1463 
f 1604 1691 2660 
f 3859 456 2384 
f 2044 1347 3869 
f 1509 3404 2190 
f 626 3870 1563 
f 940 2284 1042 
f 3949 310 3432 
f 3720 3567 1334 
f 3508 1865 1503 
f 3990 1340 867 
f 3454 982 1169 
f 1490 3636 748 
f 955 3559 2613 
f 3926 2613 3559 
f 2675 3530 1485 
f 3864 280 2899 
f 3896 3437 907 
f 939 1599 3835 
f 3485 130 2893 
f 2181 2893 130 
f 3222 3871 3553 
f 3156 3155 2210 
f 683 2210 3155 
f 3215 402 16 
f 2894 3872 3783 
f 3913 2155 677 
f 3552 3873 3056 
f 2739 2844 1072 
f 3791 596 2651 
f 2896 3647 3089 
f 3232 3089 3647 
f 2769 287 3538 
f 3159 52 2288 
f 1896 3711 3875 
f 3447 3134 2941 
f 1331 2664 3169 
f 904 3168 3741 
f 1176 3788 2121 
f 2430 1358 1581 
f 1310 1255 3877 
f 2229 2760 1765 
f 3829 1940 3878 
f 1066 3878 1940 
f 2597 2269 3544 
f 1207 2018 2822 
f 838 1847 3124 
f 1129 3699 2866 
f 2687 3286 1546 
f 3617 3388 3879 
f 1673 3879 3388 
f 3264 1078 1512 
f 322 2686 2034 
f 3143 1885 1948 
f 3337 1948 1885 
f 3978 3862 3880 
f 2602 3880 3862 
f 889 2746 3463 
f 2066 3882 3881 
f 2203 3881 3882 
f 2382 3883 3835 
f 939 3835 3883 
f 4000 20 3754 
f 2956 662 1369 
f 508 2690 1854 
f 2634 3884 3668 
f 3663 3886 3885 
f 3944 3885 3886 
f 54 1600 2676 
f 2293 2815 3887 
f 901 3520 3691 
f 3930 1962 3309 
f 3693 890 2016 
f 2370 2777 1682 
f 3291 2367 2125 
f 229 3657 3637 
f 3534 3464 2776 
f 2238 2776 3464 
f 3964 1262 896 
f 3317 3889 2980 
f 3737 3891 1401 
f 1542 3300 3562 
f 2658 965 2151 
f 3872 2894 3428 
f 2044 3869 2179 
f 2073 950 759 
f 715 759 950 
f 2664 306 3893 
f 1499 2888 2452 
f 2298 2714 3270 
f 1734 3270 2714 
f 973 2199 318 
f 2493 1171 1481 
f 1624 1100 2133 
f 1823 836 1871 
f 3871 255 1274 
f 2220 3894 2889 
f 2452 2889 3894 
f 3742 1317 1910 
f 3601 3746 2328 
f 3739 3085 3868 
f 1423 3868 3085 
f 3605 2829 1878 
f 1952 2487 1805 
f 2933 1826 1558 
f 3901 2872 2420 
f 3143 2113 1885 
f 3898 1885 2113 
f 2713 2031 2964 
f 2195 2964 2031 
f 341 1701 1733 
f 2952 3273 129 
f 2992 3437 3896 
f 3205 1723 12 
f 3427 12 1723 
f 3760 2668 1206 
f 2092 1616 1524 
f 3902 2233 545 
f 3960 1503 306 
f 1726 378 797 
f 3921 2009 3788 
f 345 3788 2009 
f 786 3521 2443 
f 475 3494 993 
f 2979 3787 2696 
f 354 1473 1874 
f 1127 3010 2351 
f 2166 2351 3010 
f 3402 3899 439 
f 186 439 3899 
f 3123 1040 3755 
f 3703 2472 3401 
f 2641 3734 2642 
f 833 1668 2983 
f 2111 3617 1375 
f 3946 2207 171 
f 741 171 2207 
f 2428 2852 2030 
f 3979 2030 2852 
f 3230 3191 3302 
f 3841 170 3093 
f 3074 2500 2078 
f 21 2416 3834 
f 1398 3834 2416 
f 2599 774 3128 
f 1846 709 3073 
f 3332 3487 1996 
f 2280 3856 2525 
f 1278 3902 1675 
f 545 1675 3902 
f 2446 2403 1614 
f 732 3300 2511 
f 3898 2114 2794 
f 1731 3058 828 
f 1953 2109 282 
f 2138 636 460 
f 3762 460 636 
f 3952 3800 3496 
f 3464 3534 1944 
f 2908 3550 3900 
f 2903 3905 3744 
f 2026 3744 3905 
f 24 2488 1238 
f 3842 2853 3363 
f 3274 3363 2853 
f 3158 413 3224 
f 2950 3906 231 
f 850 466 3213 
f 1328 3728 917 
f 3182 1859 3418 
f 3857 906 1258 
f 328 3195 3700 
f 2286 3700 3195 
f 3949 1938 2600 
f 3961 3130 1799 
f 2633 2240 2960 
f 315 2960 2240 
f 1707 1850 3848 
f 213 114 3817 
f 1207 3748 204 
f 3712 2689 2029 
f 3948 2481 3598 
f 412 160 3721 
f 1488 3889 2251 
f 1820 2950 231 
f 2992 3896 3858 
f 3979 146 1724 
f 3820 1724 146 
f 996 1041 3518 
f 2373 2295 2886 
f 3867 1036 536 
f 3020 3854 2666 
f 2191 3830 3383 
f 312 1080 2013 
f 808 1493 854 
f 1148 3907 3053 
f 2883 3053 3907 
f 3203 2783 1322 
f 3063 27 3084 
f 3955 2103 190 
f 2377 190 2103 
f 3860 2283 2979 
f 1496 1043 932 
f 3868 1947 3739 
f 2884 3547 1709 
f 3325 2198 928 
f 805 2552 3632 
f 3736 3632 2552 
f 1203 2894 3783 
f 3203 1402 3908 
f 3891 3908 1402 
f 1603 1843 2851 
f 2930 585 247 
f 1899 619 3821 
f 2412 1232 1635 
f 3884 2634 3035 
f 2435 3097 572 
f 776 1743 1861 
f 1024 2655 771 
f 2994 1459 3132 
f 2390 3909 865 
f 2587 865 3909 
f 1713 2089 3281 
f 985 2105 3777 
f 1203 3783 332 
f 3947 1912 1092 
f 46 3817 2205 
f 3463 1421 63 
f 3935 63 1421 
f 3231 2998 3521 
f 3488 349 1727 
f 3759 1073 2916 
f 1455 1196 3794 
f 69 2353 2175 
f 144 3145 1339 
f 2743 1683 3312 
f 336 3082 2814 
f 3989 3220 1252 
f 69 2175 3520 
f 44 3592 1218 
f 1030 305 3260 
f 3928 3867 536 
f 2521 3331 478 
f 3592 478 3331 
f 2550 3821 2366 
f 3981 3551 1724 
f 3979 1724 3551 
f 1180 2136 2648 
f 3244 2080 3591 
f 2999 3911 3706 
f 2907 268 3912 
f 1276 3768 1577 
f 2271 3433 3745 
f 3929 2855 3348 
f 2155 3913 3436 
f 3665 3436 3913 
f 1487 3395 571 
f 2578 2275 202 
f 1208 202 2275 
f 3443 3471 966 
f 1588 3264 2107 
f 2154 3629 1258 
f 2691 2042 3563 
f 3014 484 2916 
f 3964 3470 3164 
f 1471 3164 3470 
f 64 1950 597 
f 1555 1747 2163 
f 1674 2112 22 
f 1070 2017 1197 
f 3247 1828 1190 
f 3932 3312 776 
f 2195 2031 3188 
f 1179 299 2617 
f 3855 851 641 
f 2594 2176 2600 
f 3525 1239 3607 
f 904 2814 3168 
f 2351 285 3809 
f 215 3797 554 
f 1292 3302 3782 
f 1416 3640 2722 
f 356 3323 3271 
f 343 3208 3741 
f 683 3616 2210 
f 3865 624 2228 
f 379 2191 3383 
f 3917 3147 3729 
f 3804 1784 2300 
f 2565 3546 3730 
f 711 1470 1485 
f 827 3776 1972 
f 3920 272 737 
f 3593 709 3425 
f 321 364 2686 
f 2469 3917 105 
f 691 2034 2418 
f 1277 3910 1624 
f 832 2292 1738 
f 1153 1738 2292 
f 1348 3919 1327 
f 519 3769 3322 
f 208 3704 1551 
f 4001 1551 3704 
f 822 2910 791 
f 2051 3742 1910 
f 2925 3701 3074 
f 737 1587 3920 
f 2106 3920 1587 
f 1349 2728 1546 
f 1088 3452 340 
f 2636 268 2608 
f 3428 250 3659 
f 3549 1600 269 
f 561 3304 1233 
f 692 596 2035 
f 1071 3539 899 
f 219 3922 1152 
f 21 3664 2416 
f 2727 3785 1335 
f 3685 2880 1058 
f 2098 389 253 
f 2424 3233 1759 
f 1033 3594 3795 
f 3640 1416 658 
f 2184 2053 1567 
f 164 2922 1109 
f 3437 2992 1023 
f 3498 3090 1235 
f 234 2011 3678 
f 2022 2583 3685 
f 2880 3685 2583 
f 512 2400 3477 
f 3321 667 975 
f 3612 1929 3684 
f 3321 542 667 
f 3338 1877 3923 
f 3319 3481 2095 
f 185 3494 474 
f 610 235 3925 
f 1897 3823 3187 
f 2819 897 3655 
f 1444 2565 3730 
f 1224 3880 3927 
f 2602 3927 3880 
f 226 2755 3481 
f 3942 1415 2005 
f 3495 2445 222 
f 3313 1093 3008 
f 2640 3491 3824 
f 699 3824 3491 
f 3512 2895 3210 
f 3867 3928 2454 
f 2427 2085 3589 
f 1821 3589 2085 
f 3819 3042 584 
f 3822 584 3042 
f 580 3041 1215 
f 2522 2487 1952 
f 290 2750 2003 
f 1001 1976 2930 
f 9 2930 1976 
f 547 3399 473 
f 3943 2974 2606 
f 1134 2618 2715 
f 3945 3047 1535 
f 2855 3929 3479 
f 2766 3479 3929 
f 2330 2409 3610 
f 3020 2666 632 
f 3963 301 2739 
f 2337 3189 2817 
f 3615 954 2436 
f 3994 3776 827 
f 2217 3081 87 
f 1126 3094 2571 
f 2789 1266 2547 
f 3920 1543 495 
f 2148 1962 3930 
f 2048 1969 2152 
f 2924 3450 1448 
f 3535 1448 3450 
f 493 3415 524 
f 152 211 442 
f 3402 2181 131 
f 2918 1778 1089 
f 2745 599 2734 
f 3847 3806 708 
f 3476 2439 3717 
f 2201 3931 852 
f 1861 3932 776 
f 3185 1677 1981 
f 2060 815 3581 
f 3532 3581 815 
f 1876 2573 94 
f 3256 3032 1450 
f 2258 414 2402 
f 3087 631 3934 
f 1173 1025 3850 
f 3440 829 3058 
f 1585 1537 135 
f 1517 135 1537 
f 1883 2263 419 
f 2601 3040 2614 
f 2372 3260 1331 
f 1516 3905 2903 
f 2924 1448 3330 
f 3316 467 3846 
f 3858 3022 2992 
f 906 3857 3896 
f 139 2013 476 
f 672 706 1377 
f 3378 232 3906 
f 2516 3745 2831 
f 3697 2422 1812 
f 2486 1740 1862 
f 1601 1862 1740 
f 2629 3398 2102 
f 2067 2282 3802 
f 2451 2865 3098 
f 1121 2982 3482 
f 2732 2805 1696 
f 2247 2409 2330 
f 243 63 3935 
f 2958 3368 1643 
f 3897 2616 1839 
f 3757 1839 2616 
f 3918 39 3001 
f 1208 2275 1054 
f 1670 3436 3664 
f 3951 1295 878 
f 2286 878 1295 
f 3980 2762 834 
f 3449 1977 1615 
f 3918 2738 3753 
f 3416 3753 2738 
f 3472 3876 2576 
f 3675 3493 2628 
f 1690 2810 885 
f 19 858 3412 
f 3972 3888 1300 
f 1572 90 570 
f 3823 3353 3763 
f 3939 3483 3812 
f 1933 3812 3483 
f 2103 3266 2377 
f 1371 3688 3869 
f 386 3641 1522 
f 1936 2294 3937 
f 2781 3937 2294 
f 3933 1008 2734 
f 2519 414 2258 
f 3666 777 2711 
f 3527 3459 1491 
f 3055 3639 3378 
f 1538 2572 347 
f 3100 2263 1883 
f 1635 2147 2412 
f 2421 2315 2887 
f 3531 3104 3246 
f 3348 1458 3772 
f 1838 183 868 
f 117 868 183 
f 3976 3275 1407 
f 3699 2663 2052 
f 2930 247 3577 
f 3912 2385 2218 
f 2711 3394 3666 
f 1466 1305 2825 
f 603 2784 827 
f 3994 827 2784 
f 838 3124 1718 
f 2360 2307 3701 
f 1738 3922 3183 
f 3235 3136 3376 
f 3810 3376 3136 
f 3639 3055 876 
f 101 876 3055 
f 2971 2945 3649 
f 2531 3584 140 
f 2699 140 3584 
f 2749 1448 3535 
f 715 2083 3169 
f 203 665 2944 
f 1316 2177 2779 
f 2459 855 1493 
f 2081 3703 3401 
f 2200 3734 3702 
f 2680 3702 3734 
f 3874 1628 2358 
f 131 3899 3402 
f 3215 16 3097 
f 1879 2260 2710 
f 1179 2617 3904 
f 3837 3942 895 
f 3575 3943 2606 
f 1989 3944 3886 
f 2863 354 1874 
f 3046 3945 102 
f 1528 481 3039 
f 2908 3900 1504 
f 514 3278 1150 
f 2248 2330 1730 
f 2174 641 850 
f 3181 565 72 
f 3413 644 1917 
f 1131 3633 3626 
f 2584 3626 3633 
f 876 2832 3639 
f 1869 1779 3448 
f 2049 1425 3030 
f 3190 2122 2816 
f 2372 2379 3491 
f 2510 3300 1542 
f 3414 3670 3161 
f 2864 295 3916 
f 3247 1882 1828 
f 743 1528 1627 
f 2870 59 3622 
f 1699 910 2492 
f 3965 2492 910 
f 485 3484 3386 
f 1594 3947 1092 
f 1540 2812 2689 
f 3754 3412 511 
f 3172 796 1384 
f 3709 468 1978 
f 3259 821 2010 
f 1404 2062 1294 
f 3223 3567 127 
f 3725 2940 1960 
f 3525 402 1240 
f 2007 2172 1090 
f 815 2804 3532 
f 3650 3848 2615 
f 2986 2615 3848 
f 2591 2564 3950 
f 3926 1550 217 
f 1986 3588 1095 
f 167 3951 239 
f 3320 239 3951 
f 1253 3539 1071 
f 3851 3707 3952 
f 3290 792 3953 
f 3401 2406 2081 
f 1676 1459 2075 
f 1745 2310 970 
f 2313 2158 3286 
f 1495 2095 1336 
f 3369 1592 2064 
f 3959 3612 3684 
f 3431 3224 2776 
f 3821 2550 1343 
f 3613 2763 1801 
f 3843 3324 3421 
f 2776 1881 3431 
f 1674 3388 2112 
f 2646 3325 928 
f 536 2596 3928 
f 3737 3928 2596 
f 2390 865 3955 
f 284 1725 123 
f 3987 195 3349 
f 1918 3519 3502 
f 3885 3944 1159 
f 3770 1159 3944 
f 3180 2492 366 
f 3965 366 2492 
f 3759 512 3477 
f 1639 3500 2329 
f 3419 456 3859 
f 1927 1982 674 
f 1216 3957 1419 
f 1365 1419 3957 
f 3336 2541 403 
f 3455 3935 3606 
f 2717 2646 928 
f 1920 2055 3279 
f 306 3467 3960 
f 29 3960 3467 
f 1860 3833 365 
f 2368 2577 3961 
f 3596 3808 2094 
f 1414 866 1618 
f 3955 693 2862 
f 2798 1434 75 
f 638 1784 3804 
f 1617 1415 3942 
f 3556 3270 1734 
f 312 2013 2768 
f 139 2768 2013 
f 1097 3851 802 
f 2951 3943 3574 
f 423 2160 429 
f 1188 775 27 
f 2314 2595 2183 
f 838 1718 3325 
f 432 643 70 
f 1901 2352 3624 
f 2281 3624 2352 
f 2106 1543 3920 
f 1149 2226 3135 
f 1072 3681 3963 
f 2291 297 3512 
f 366 3965 1966 
f 1863 1966 3965 
f 2766 2117 3479 
f 2441 3671 3966 
f 1390 3451 3528 
f 3773 2108 1309 
f 3745 2516 2271 
f 4001 3704 3717 
f 3655 3713 2819 
f 3873 2418 1014 
f 2685 1014 2418 
f 3970 3757 2615 
f 62 242 3328 
f 2087 1573 155 
f 3735 3203 3908 
f 1958 2318 1548 
f 2743 3312 3932 
f 1685 3625 3021 
f 3911 1075 321 
f 2225 3803 1746 
f 1864 3216 144 
f 611 2340 1401 
f 851 3855 2881 
f 2888 1499 3160 
f 2296 1059 2880 
f 2790 2298 1105 
f 369 3357 3400 
f 3840 3309 2836 
f 2713 1353 2637 
f 3094 2452 3894 
f 673 1982 3967 
f 883 3170 2431 
f 2965 2431 3170 
f 456 3419 1327 
f 3730 3547 780 
f 2127 3471 3443 
f 3872 2386 954 
f 284 1407 2440 
f 1961 2940 670 
f 3790 1787 3763 
f 3823 3763 1787 
f 1023 2778 3437 
f 3961 2602 3862 
f 2775 3922 219 
f 1747 1056 2405 
f 923 2405 1056 
f 3809 2447 2069 
f 2641 3393 3734 
f 1074 2673 1051 
f 3205 11 1214 
f 2386 3872 3428 
f 3140 1633 2159 
f 2619 918 3346 
f 1214 2681 2577 
f 1007 2909 2744 
f 2537 2744 2909 
f 2064 3017 628 
f 3593 2954 1822 
f 3991 2501 3777 
f 2766 3929 3314 
f 2356 2008 1631 
f 1503 3960 3508 
f 541 3321 3630 
f 855 3334 1104 
f 1285 2456 2239 
f 3999 1767 3779 
f 2719 1136 3005 
f 2506 3005 1136 
f 2787 2625 2539 
f 3293 3692 3298 
f 1869 3570 1117 
f 3628 3968 343 
f 2790 1582 3152 
f 295 2864 3853 
f 1393 3853 2864 
f 3811 3255 2516 
f 2194 3 169 
f 3911 2820 1075 
f 1687 3815 3776 
f 3185 135 1677 
f 2453 142 1333 
f 3754 19 3412 
f 3200 3780 1123 
f 2796 3269 3054 
f 1402 3203 1322 
f 1442 2119 3658 
f 750 460 2559 
f 1497 1997 2038 
f 2985 319 3391 
f 2562 480 1726 
f 3927 3627 1224 
f 1486 566 1013 
f 3931 510 853 
f 1359 2357 3360 
f 3178 3600 625 
f 3398 668 40 
f 3666 3146 777 
f 2046 3292 3724 
f 2648 74 1180 
f 2643 1138 2748 
f 2961 3806 3847 
f 3947 1594 2999 
f 3682 3151 2879 
f 1963 2879 3151 
f 2565 604 1848 
f 1190 3689 3247 
f 210 2549 1698 
f 3983 3085 3739 
f 3259 116 821 
f 1538 348 167 
f 3675 2628 3969 
f 3917 3729 3758 
f 2014 1951 1905 
f 2005 3634 894 
f 3782 894 3634 
f 3192 3289 3970 
f 72 192 3555 
f 2405 2338 2474 
f 3458 1087 3110 
f 2591 2593 2632 
f 2739 1072 3963 
f 3670 3414 186 
f 1304 1501 2571 
f 3354 2571 1501 
f 3786 2939 698 
f 106 3435 3007 
f 251 640 1269 
f 3492 1269 640 
f 3509 563 1583 
f 3737 2596 3971 
f 2848 2214 3387 
f 2642 640 251 
f 2032 3518 3784 
f 3838 2020 1476 
f 1438 1476 2020 
f 342 1192 3175 
f 2135 2590 2045 
f 2612 1623 3060 
f 3263 1496 1078 
f 3974 3723 2621 
f 3998 1271 1851 
f 961 172 2032 
f 572 3395 3221 
f 1300 1081 3972 
f 3540 3973 1984 
f 1386 3353 3823 
f 3839 1840 428 
f 625 3828 3178 
f 2835 3289 3192 
f 3696 3298 1707 
f 1467 3258 2014 
f 3109 1360 3799 
f 3142 2969 2774 
f 3715 2244 947 
f 362 2813 2141 
f 1987 3239 1638 
f 1155 1638 3239 
f 3320 877 437 
f 1931 594 1329 
f 2758 1380 1142 
f 3944 2398 3770 
f 2163 3240 1728 
f 3946 3841 3957 
f 2290 3723 3974 
f 2925 2082 3701 
f 971 2310 2002 
f 1567 3242 2184 
f 851 2881 3316 
f 2672 3316 2881 
f 1785 639 1235 
f 3272 3058 236 
f 954 3615 3872 
f 3774 582 90 
f 626 977 3870 
f 3048 3095 768 
f 1308 768 3095 
f 1616 3313 3008 
f 3283 1538 263 
f 864 724 3266 
f 880 3901 2420 
f 2850 2929 1167 
f 1336 2592 1495 
f 3946 170 3841 
f 3065 131 1661 
f 1103 2706 2785 
f 1176 3921 3788 
f 3275 3976 2786 
f 3439 2786 3976 
f 2127 2971 2478 
f 3649 2478 2971 
f 681 3120 3816 
f 1760 3816 3120 
f 1413 2988 515 
f 3766 515 2988 
f 609 3078 2012 
f 3809 1127 2351 
f 2974 1917 161 
f 55 372 3104 
f 2411 1797 378 
f 1276 1211 3768 
f 3190 548 2122 
f 3503 3748 1207 
f 2225 2927 2177 
f 3382 1791 1212 
f 2883 3907 2415 
f 320 104 3758 
f 2630 2613 3844 
f 119 2555 3980 
f 1574 3934 706 
f 117 94 1165 
f 2703 2492 3180 
f 1667 3775 3295 
f 26 3937 2781 
f 2959 3259 2010 
f 3135 1980 1149 
f 3873 3552 3831 
f 1673 1002 3105 
f 3540 3706 3973 
f 281 3571 3533 
f 3988 3533 3571 
f 3326 1750 2843 
f 1256 2843 1750 
f 2011 3690 35 
f 17 2353 69 
f 2150 1565 2832 
f 3919 2157 2793 
f 2695 2793 2157 
f 1811 3294 3141 
f 3590 1162 2355 
f 1803 3778 387 
f 132 3045 3796 
f 426 2767 2955 
f 1816 1774 2996 
f 3067 2996 1774 
f 3802 2459 1249 
f 822 3822 1044 
f 3999 2185 3710 
f 3050 3968 3628 
f 3439 3976 2167 
f 3275 2786 562 
f 3471 1196 1455 
f 3626 2584 1119 
f 3653 1119 2584 
f 231 1370 246 
f 2931 1040 3123 
f 3661 2724 3365 
f 51 1199 2747 
f 1703 3694 2317 
f 3627 3927 2681 
f 3013 3842 3363 
f 701 2460 2581 
f 2727 3584 2531 
f 1663 2695 457 
f 3208 3175 905 
f 1206 28 3384 
f 1172 3983 3739 
f 1629 1424 3652 
f 2829 1455 3794 
f 3049 3176 1430 
f 3711 1896 2874 
f 1155 3239 2265 
f 905 3049 336 
f 1146 1337 3297 
f 2450 3554 617 
f 1591 3984 1103 
f 2706 1103 3984 
f 3027 1174 1886 
f 3454 1168 3307 
f 2643 3985 1139 
f 17 1139 3985 
f 3895 347 3034 
f 3983 1173 3850 
f 3268 84 3583 
f 404 2485 2544 
f 3807 2302 2709 
f 131 3065 3899 
f 2078 1178 3852 
f 1065 1895 3537 
f 1746 2927 2225 
f 3904 3852 1179 
f 1876 94 117 
f 1229 2480 3948 
f 3473 502 3492 
f 3861 3077 2025 
f 3397 3517 2792 
f 2727 2947 3584 
f 231 246 1820 
f 2058 3905 1516 
f 2187 1771 3148 
f 1258 550 3857 
f 1602 3317 1625 
f 1943 1507 1172 
f 588 287 2769 
f 2756 3622 3410 
f 275 2115 3986 
f 2523 3276 1983 
f 1713 110 2089 
f 3989 1252 1298 
f 434 589 3630 
f 3293 3298 3696 
f 3995 3371 2771 
f 3996 1662 3726 
f 1573 542 5 
f 1897 2935 1386 
f 3609 3339 47 
f 1589 3605 3560 
f 2688 280 3864 
f 3184 2475 3845 
f 1744 2929 2850 
f 1520 2933 3254 
f 2955 2324 1116 
f 1432 3962 3716 
f 3195 878 2286 
f 2486 1862 3341 
f 1057 3112 248 
f 2892 248 3112 
f 2823 1415 3234 
f 1080 2707 3888 
f 1762 3969 1933 
f 117 183 1876 
f 1241 3462 3798 
f 2654 3798 3462 
f 3527 3825 3459 
f 3075 3924 2231 
f 3132 2446 2994 
f 2887 2394 2421 
f 3930 2997 2148 
f 3946 1872 2207 
f 3891 3137 3908 
f 3781 3200 291 
f 1412 392 1342 
f 3174 9 1977 
f 1044 2910 822 
f 2419 713 692 
f 572 1009 2435 
f 1861 2665 3932 
f 1735 3661 3365 
f 3913 677 3967 
f 1392 3749 2976 
f 3880 1224 3978 
f 1001 1614 1976 
f 3374 863 3370 
f 3098 2522 1952 
f 1535 48 3945 
f 2512 3533 3988 
f 3120 2371 1855 
f 98 820 242 
f 2404 1939 1922 
f 2182 2153 3861 
f 2811 444 393 
f 1392 798 3749 
f 3103 432 70 
f 3801 1116 292 
f 3480 2192 1309 
f 3180 758 2703 
f 2895 3498 3211 
f 1720 3460 1607 
f 1552 197 1067 
f 412 3721 1827 
f 3538 3586 2769 
f 3577 1370 1311 
f 3050 3628 336 
f 3977 782 2987 
f 3991 3777 1368 
f 3596 1605 3808 
f 1704 520 3732 
f 1000 2686 363 
f 36 3697 818 
f 3989 1299 3901 
f 705 3327 1987 
f 3671 573 1636 
f 2590 3950 406 
f 3767 3983 3850 
f 2615 2986 3970 
f 3954 3970 2986 
f 580 3447 2941 
f 1125 3566 3163 
f 1514 1513 3225 
f 2469 688 3917 
f 254 2185 1273 
f 2850 716 2002 
f 91 1572 853 
f 1293 3634 1618 
f 3760 1206 3385 
f 1912 3947 2518 
f 3770 107 1158 
f 3959 3684 3114 
f 2379 2372 3262 
f 1466 1904 1305 
f 3648 3057 2807 
f 2042 191 1695 
f 459 3762 1837 
f 1067 1385 1552 
f 2396 912 1431 
f 1225 3131 3978 
f 3716 2957 1333 
f 2084 3878 2704 
f 3126 2595 2314 
f 1076 3764 2196 
f 3827 2803 407 
f 1368 500 3991 
f 949 2886 3092 
f 3565 1706 150 
f 3973 1182 595 
f 2161 768 2926 
f 3103 70 2196 
f 3881 3156 2211 
f 1439 3992 3344 
f 3523 3949 3432 
f 804 3189 2337 
f 3648 2807 2828 
f 2964 2195 367 
f 2409 2247 937 
f 29 61 3960 
f 3058 3272 3440 
f 3823 1897 1386 
f 1226 1406 317 
f 3345 3958 1011 
f 2507 1046 989 
f 3040 2601 3490 
f 1980 3135 3587 
f 3474 3587 3135 
f 3746 3601 1672 
f 2719 1397 1136 
f 2433 2027 765 
f 1079 3784 795 
f 3704 208 3849 
f 2567 526 2679 
f 3987 3887 196 
f 1666 2733 2046 
f 3566 3675 1122 
f 1914 3241 2128 
f 2104 2924 3330 
f 2677 1475 1672 
f 3746 1672 1475 
f 3891 3971 3137 
f 192 2638 2569 
f 238 1526 2206 
f 2051 1910 3265 
f 3623 3187 3311 
f 146 3993 302 
f 3574 3598 2951 
f 2862 2390 3955 
f 2248 1730 3129 
f 406 1157 3251 
f 2498 2343 3695 
f 2730 2161 430 
f 3711 2874 3807 
f 3748 773 3391 
f 1162 3590 1585 
f 1289 3455 3606 
f 686 394 2662 
f 3192 3970 3954 
f 2189 2835 1268 
f 3497 104 2985 
f 320 2985 104 
f 2701 2697 2867 
f 3208 342 3175 
f 1321 2626 234 
f 1337 1146 3237 
f 1225 3995 3131 
f 1423 2969 3868 
f 152 443 2599 
f 3178 2167 3600 
f 290 746 3218 
f 2395 2887 1691 
f 3995 1225 3722 
f 611 1402 1322 
f 2319 3303 1916 
f 560 1916 3303 
f 2373 2682 2295 
f 3599 3710 166 
f 3987 2293 3887 
f 2763 3613 3954 
f 3099 1566 2847 
f 1613 592 3832 
f 3756 1990 178 
f 3897 1839 2241 
f 2236 1840 3839 
f 3878 1463 3829 
f 1414 2823 866 
f 2145 3997 2063 
f 3567 3720 416 
f 2632 3159 2288 
f 3495 222 2075 
f 2218 3239 1987 
f 3968 3050 3405 
f 49 887 1800 
f 2423 3157 209 
f 1516 620 2058 
f 582 3774 3506 
f 828 1274 1731 
f 2371 3120 681 
f 3100 3248 2140 
f 3331 3326 3592 
f 1359 3874 2357 
f 3974 19 884 
f 2814 905 336 
f 2173 2590 406 
f 1817 3940 411 
f 2749 3535 1201 
f 1281 1771 2187 
f 406 3251 2173 
f 3457 3021 3209 
f 3852 2718 2078 
f 2809 994 3414 
f 2937 1758 2870 
f 439 1597 1807 
f 1810 631 3087 
f 3712 281 2688 
f 2444 2877 831 
f 2382 3835 3101 
f 803 2323 3893 
f 1231 3616 682 
f 275 3986 2658 
f 2224 664 3267 
f 1518 1255 1310 
f 2239 1230 1284 
f 3892 1559 2333 
f 2455 1401 2341 
f 2054 1779 2818 
f 774 2599 1006 
f 2215 1806 2720 
f 918 2619 2592 
f 3964 3164 376 
f 3622 2937 2870 
f 1070 1197 2499 
f 3544 1610 3735 
f 2240 742 315 
f 2172 2254 2129 
f 2567 1319 3500 
f 3288 3879 3105 
f 1673 3105 3879 
f 2525 2501 3991 
f 2350 3210 3472 
f 3490 3778 3040 
f 1242 3157 2423 
f 2995 976 1781 
f 920 2494 2397 
f 3220 3989 3901 
f 2985 3568 3497 
f 1451 2060 3468 
f 3951 877 3320 
f 2765 654 3483 
f 2114 2868 422 
f 2705 3439 2167 
f 4001 217 1551 
f 3643 3182 3903 
f 749 3903 3182 
f 2639 1440 2860 
f 2260 1879 1682 
f 3735 555 3203 
f 2775 2970 3922 
f 1490 1913 3636 
f 602 1857 2801 
f 3913 3967 3665 
f 1653 3665 3967 
f 3833 1860 1367 
f 3954 2986 2763 
f 2125 377 3291 
f 2709 3711 3807 
f 2093 3924 3075 
f 681 1478 2371 
f 3472 3081 2350 
f 89 1589 3560 
f 901 3642 2467 
f 3982 2113 3143 
f 17 2362 1139 
f 755 95 3813 
f 1059 201 2156 
f 3466 2156 201 
f 3134 3447 3218 
f 1792 3218 3447 
f 1341 1086 2250 
f 2771 3130 3995 
f 2084 2704 825 
f 2465 3875 1650 
f 3474 1555 3587 
f 1798 1191 1536 
f 3444 2369 2622 
f 1024 1506 2656 
f 1145 2601 2614 
f 1135 3907 1148 
f 144 1339 1864 
f 3218 1792 30 
f 2212 1886 3938 
f 1070 2499 3678 
f 2773 2212 3938 
f 661 2200 3702 
f 2847 78 3099 
f 2288 2564 2591 
f 2527 3219 3116 
f 746 3116 3219 
f 3280 3985 2644 
f 3140 3781 1633 
f 477 1609 1492 
f 3882 2066 3773 
f 749 1060 3604 
f 875 2764 2788 
f 3707 3851 1098 
f 3620 3981 2440 
f 2440 562 3620 
f 483 2484 761 
f 3199 3825 3527 
f 3118 2441 3966 
f 1962 2148 1805 
f 2278 1975 2543 
f 1481 1170 507 
f 3939 3812 1819 
f 1977 3449 3174 
f 839 3881 2211 
f 1896 3875 2465 
f 3909 770 2587 
f 2214 1592 3369 
f 3324 1227 2198 
f 3123 2927 1746 
f 761 2485 2542 
f 923 650 2339 
f 430 690 2730 
f 3883 2867 3787 
f 3235 3819 584 
f 1706 3565 1634 
f 3903 2560 3660 
f 2309 3988 3571 
f 595 622 3973 
f 1203 332 3315 
f 1570 3997 2145 
f 1289 2252 3455 
f 1461 3530 2675 
f 725 2724 3661 
f 3935 3455 243 
f 3046 3006 3194 
f 128 400 360 
f 3475 3243 3522 
f 595 3791 3654 
f 2150 1578 3962 
f 1039 2989 1720 
f 2496 3420 2670 
f 3453 3307 2753 
f 2265 2385 2635 
f 2705 3984 3439 
f 2984 3953 3568 
f 1418 3568 3953 
f 909 3367 373 
f 3486 3504 3438 
f 2421 3125 2314 
f 1 2140 1426 
f 1619 2497 2670 
f 3941 2527 3116 
f 3854 3020 3625 
f 1209 840 3480 
f 3772 550 1258 
f 3451 1390 1505 
f 3903 3660 3643 
f 3888 3972 1080 
f 1781 257 2995 
f 2944 1207 204 
f 2280 2525 3991 
f 2701 2845 3695 
f 2212 3027 1886 
f 3682 2879 3656 
f 1860 365 1652 
f 2719 3834 1397 
f 2126 3238 1196 
f 1277 2968 3910 
f 574 2441 3173 
f 1180 2593 2135 
f 2591 2135 2593 
f 3986 2303 1928 
f 276 3588 1242 
f 1211 3023 421 
f 1616 3942 3313 
f 2319 1916 3073 
f 3643 1859 3182 
f 2142 3996 3727 
f 2134 3692 3293 
f 2236 3839 3698 
f 3205 1214 886 
f 2084 1462 3878 
f 2624 2712 3028 
f 363 2253 3318 
f 3914 3866 2889 
f 2220 2889 3866 
f 761 2542 3956 
f 856 1906 2301 
f 3971 3891 3737 
f 3793 1853 2548 
f 2751 2583 3397 
f 2165 1853 3793 
f 3325 2646 838 
f 198 429 3849 
f 2852 301 3993 
f 2142 1749 3996 
f 3993 3979 2852 
f 1150 3019 2610 
f 694 1237 253 
f 1686 1732 3815 
f 3335 855 2459 
f 3856 3980 2556 
f 3301 2128 3905 
f 773 1323 3818 
f 3953 2984 2463 
f 2037 971 2002 
f 181 1600 54 
f 2395 1691 1604 
f 3670 3065 3966 
f 2086 2342 1821 
f 3983 3767 3085 
f 2765 3483 3939 
f 1077 1753 534 
f 2087 156 3679 
f 3819 1656 3042 
f 1900 770 4002 
f 3909 4002 770 
f 3767 3850 1824 
f 3831 2418 3873 
f 1687 3776 3994 
f 638 3804 1177 
f 3854 3625 1741 
f 17 69 2362 
f 3186 3646 2839 
f 2717 2108 2646 
f 3953 2463 3290 
f 401 77 15 
f 1174 2494 920 
f 3250 1157 3389 
f 2979 2284 3787 
f 3779 2185 3999 
f 3214 3177 3760 
f 477 44 1609 
f 910 957 3965 
f 1863 3965 957 
f 3591 3641 3244 
f 386 3244 3641 
f 2292 3987 3349 
f 2108 2717 3465 
f 2845 3883 2382 
f 2487 2522 2586 
f 4001 3362 217 
f 1986 166 3036 
f 3957 1872 3946 
f 2868 3982 1775 
f 405 3950 1248 
f 1251 3740 3071 
f 3840 383 2708 
f 3856 2762 3980 
f 556 2411 3536 
f 705 1987 1638 
f 1354 2654 3462 
f 1177 2533 2878 
f 63 3545 3463 
f 2493 1481 1508 
f 935 3663 3885 
f 1732 1579 1095 
f 841 3677 2192 
f 391 4002 2390 
f 3909 2390 4002 
f 54 3350 181 
f 3268 3133 524 
f 3049 1430 3405 
f 632 707 3934 
f 3159 1939 2404 
f 2860 3565 150 
f 689 2224 3147 
f 228 191 2767 
f 3981 3620 3552 
f 1017 3866 3914 
f 3106 1517 3179 
f 1674 22 1003 
f 3157 1985 3614 
f 2692 3992 1440 
f 2178 2551 2366 
f 2157 3919 3285 
f 1640 3843 2124 
f 3879 3288 1374 
f 368 963 3753 
f 1589 2829 3605 
f 139 3409 2768 
f 1955 164 3936 
f 2564 51 2747 
f 3430 3665 1653 
f 2110 1923 3999 
f 753 1955 3936 
f 3766 783 3936 
f 2050 1411 3651 
f 3648 3956 3057 
f 2745 3703 2081 
f 3979 3993 146 
f 3933 2734 600 
f 972 929 2199 
f 3621 2419 3831 
f 1437 2020 982 
f 3829 1541 1940 
f 3793 1569 2165 
f 3629 2154 3929 
f 3371 1469 2429 
f 18 3985 3280 
f 357 3977 3756 
f 1990 3756 3977 
f 2474 1747 2405 
f 3382 1212 3434 
f 2261 3434 1212 
f 3306 3948 3576 
f 3643 1590 1859 
f 2288 2591 2632 
f 3151 3683 93 
f 2161 2926 3603 
f 3095 2224 689 
f 3416 368 3753 
f 1046 2507 2392 
