#  wavefront obj file written by the visualization toolkit

mtllib liver.mtl

v 135.4459991455078 189.6300048828125 192.97500610351562
v 139.12899780273438 187.97999572753906 194.52699279785156
v 174.42599487304688 102.2760009765625 137.53799438476562
v 172.46200561523438 101.0270004272461 137.29200744628906
v 103.31600189208984 150.3520050048828 97.86620330810547
v 104.80599975585938 150.21499633789062 103.81300354003906
v 175.06500244140625 107.52400207519531 190.28799438476562
v 176.83399963378906 103.75499725341797 186.58999633789062
v 216.32200622558594 119.10600280761719 182.89199829101562
v 221.10800170898438 121.35299682617188 185.56500244140625
v 172.06700134277344 99.40049743652344 173.10499572753906
v 167.83700561523438 101.66400146484375 181.15899658203125
v 82.83550262451172 219.62899780273438 170.4080047607422
v 76.84559631347656 217.69700622558594 168.1790008544922
v 120.58799743652344 248.73500061035156 117.16500091552734
v 120.0199966430664 246.18099975585938 112.64800262451172
v 57.36159896850586 229.0290069580078 103.86499786376953
v 56.66510009765625 231.5050048828125 110.37200164794922
v 65.006103515625 244.08599853515625 119.2979965209961
v 66.76529693603516 245.20599365234375 125.23999786376953
v 195.94400024414062 104.04900360107422 155.03500366210938
v 195.7550048828125 102.21099853515625 152.9499969482422
v 159.80999755859375 159.95899963378906 142.09300231933594
v 161.68899536132812 159.97999572753906 139.66600036621094
v 177.48500061035156 113.51000213623047 193.83799743652344
v 178.5659942626953 109.04000091552734 191.62899780273438
v 61.29570007324219 134.56199645996094 143.43499755859375
v 58.12329864501953 137.3699951171875 148.3699951171875
v 51.33570098876953 208.4499969482422 149.76600646972656
v 52.29779815673828 213.23599243164062 146.96099853515625
v 208.3000030517578 114.46099853515625 193.58900451660156
v 204.63600158691406 110.59700012207031 193.46400451660156
v 148.4459991455078 214.29600524902344 131.2169952392578
v 148.89700317382812 207.5050048828125 131.9429931640625
v 120.68199920654297 152.9219970703125 133.22000122070312
v 118.75199890136719 149.00799560546875 133.68800354003906
v 180.927001953125 164.4340057373047 196.07200622558594
v 186.9290008544922 167.90499877929688 195.3090057373047
v 136.74600219726562 193.97500610351562 190.4250030517578
v 106.24700164794922 138.83999633789062 127.80999755859375
v 105.29399871826172 135.5489959716797 127.5199966430664
v 210.97300720214844 179.23199462890625 187.8489990234375
v 207.1300048828125 181.61399841308594 186.6580047607422
v 89.50469970703125 227.625 73.52940368652344
v 87.6886978149414 224.20399475097656 70.34619903564453
v 48.32379913330078 179.25599670410156 110.33599853515625
v 48.619998931884766 188.53799438476562 105.75499725341797
v 180.15699768066406 99.50270080566406 172.572998046875
v 175.13499450683594 98.32499694824219 165.05599975585938
v 144.02099609375 127.4260025024414 153.47300720214844
v 145.07000732421875 127.34100341796875 152.7259979248047
v 74.0625 206.89199829101562 171.05999755859375
v 71.70860290527344 208.58700561523438 168.3070068359375
v 228.8260040283203 184.24200439453125 185.94200134277344
v 230.7480010986328 188.84100341796875 184.06900024414062
v 201.79400634765625 158.61500549316406 155.19700622558594
v 198.7790069580078 156.468994140625 151.71600341796875
v 162.41299438476562 172.8159942626953 155.66400146484375
v 164.71800231933594 174.06300354003906 154.20700073242188
v 123.79900360107422 95.3750991821289 157.9550018310547
v 117.37699890136719 97.2061996459961 157.93600463867188
v 129.72799682617188 246.9709930419922 128.73500061035156
v 132.09300231933594 247.13499450683594 134.8769989013672
v 97.57579803466797 135.42599487304688 113.98600006103516
v 98.53730010986328 134.52499389648438 119.16699981689453
v 134.41200256347656 122.94200134277344 189.21400451660156
v 128.46499633789062 127.46800231933594 189.89300537109375
v 186.1179962158203 100.18699645996094 149.0540008544922
v 184.00999450683594 100.36599731445312 146.86099243164062
v 118.3219985961914 199.31500244140625 187.58700561523438
v 124.83200073242188 197.2010040283203 188.66700744628906
v 110.70099639892578 183.58999633789062 197.12600708007812
v 116.56400299072266 184.36099243164062 196.68299865722656
v 106.08799743652344 189.7010040283203 193.99200439453125
v 215.39999389648438 110.16000366210938 188.8000030517578
v 211.58700561523438 109.30400085449219 189.86099243164062
v 130.56199645996094 151.5570068359375 135.96200561523438
v 133.56100463867188 151.10800170898438 134.81399536132812
v 61.80590057373047 236.4429931640625 136.61000061035156
v 65.46269989013672 240.0290069580078 136.77999877929688
v 91.71330261230469 111.75 117.8270034790039
v 89.47679901123047 112.30799865722656 115.4739990234375
v 158.5070037841797 196.12600708007812 147.09100341796875
v 158.98500061035156 196.99200439453125 143.4530029296875
v 81.50140380859375 251.4709930419922 98.62300109863281
v 86.95690155029297 253.6230010986328 101.14600372314453
v 177.1320037841797 112.53500366210938 149.38800048828125
v 179.83700561523438 114.44200134277344 151.0290069580078
v 176.2989959716797 102.72899627685547 138.49099731445312
v 177.96600341796875 102.24299621582031 139.5290069580078
v 146.75799560546875 187.6750030517578 109.7490005493164
v 148.58999633789062 187.42799377441406 112.16000366210938
v 178.49600219726562 186.43099975585938 159.5449981689453
v 179.81100463867188 186.87100219726562 161.31199645996094
v 70.3511962890625 245.25399780273438 102.60099792480469
v 75.19650268554688 250.20199584960938 104.8740005493164
v 228.34800720214844 167.11399841308594 184.8560028076172
v 225.05299377441406 164.53700256347656 180.45799255371094
v 169.3509979248047 171.77499389648438 147.23599243164062
v 173.65699768066406 173.35800170898438 146.43800354003906
v 162.031005859375 169.11099243164062 149.9320068359375
v 161.7270050048828 170.41400146484375 152.30599975585938
v 158.531005859375 196.7239990234375 158.97799682617188
v 158.00799560546875 196.0780029296875 156.36000061035156
v 130.9429931640625 93.65589904785156 156.3560028076172
v 128.95700073242188 93.10230255126953 151.81900024414062
v 118.98300170898438 173.53799438476562 136.2469940185547
v 118.38700103759766 175.19200134277344 136.01499938964844
v 156.9739990234375 198.0760040283203 136.84300231933594
v 159.74000549316406 199.80099487304688 132.20899963378906
v 143.16900634765625 189.3249969482422 193.61300659179688
v 142.93299865722656 186.01100158691406 195.49099731445312
v 108.80500030517578 129.69400024414062 131.08900451660156
v 109.23799896240234 127.2229995727539 131.11300659179688
v 155.51800537109375 99.09290313720703 136.23599243164062
v 155.3990020751953 97.72810363769531 137.42799377441406
v 150.2779998779297 211.34100341796875 135.79600524902344
v 118.04399871826172 203.968994140625 88.18560028076172
v 121.4010009765625 205.59100341796875 90.90499877929688
v 138.4320068359375 181.51300048828125 120.29100036621094
v 135.7310028076172 182.53399658203125 121.8010025024414
v 237.99400329589844 187.052001953125 184.8679962158203
v 238.8040008544922 188.80499267578125 185.14500427246094
v 150.5959930419922 102.0009994506836 178.9949951171875
v 146.76699829101562 104.78800201416016 181.95799255371094
v 165.322998046875 179.63499450683594 143.54299926757812
v 165.79299926757812 179.1580047607422 147.8040008544922
v 149.38600158691406 146.41099548339844 145.09300231933594
v 150.60400390625 148.51499938964844 142.35299682617188
v 160.1269989013672 157.281005859375 198.39999389648438
v 161.71200561523438 165.9510040283203 198.3249969482422
v 209.36599731445312 109.34200286865234 181.8419952392578
v 206.24200439453125 107.11900329589844 178.16400146484375
v 127.33799743652344 136.16099548339844 195.96299743652344
v 122.86399841308594 133.2480010986328 194.177001953125
v 133.36000061035156 193.58900451660156 190.375
v 130.79100036621094 195.17999267578125 189.55599975585938
v 161.32200622558594 171.25799560546875 154.85800170898438
v 163.00399780273438 172.07200622558594 153.3260040283203
v 78.55950164794922 155.25399780273438 64.05850219726562
v 78.58509826660156 157.79800415039062 62.11040115356445
v 141.03799438476562 235.78900146484375 132.81700134277344
v 144.33700561523438 231.22999572753906 135.60499572753906
v 134.78900146484375 103.66400146484375 149.32000732421875
v 135.58700561523438 101.33699798583984 150.15199279785156
v 138.54400634765625 145.031005859375 197.6649932861328
v 137.08700561523438 143.9239959716797 198.95199584960938
v 117.51899719238281 255.21800231933594 136.93299865722656
v 121.76000213623047 253.5 133.63499450683594
v 102.33399963378906 129.9409942626953 125.74099731445312
v 98.75900268554688 104.61000061035156 129.2010040283203
v 99.36720275878906 105.81500244140625 126.00399780273438
v 185.281005859375 101.89700317382812 144.0590057373047
v 186.427001953125 102.89700317382812 144.2010040283203
v 59.847599029541016 143.9409942626953 118.77100372314453
v 59.1150016784668 147.35000610351562 110.58100128173828
v 131.52099609375 148.11900329589844 134.6529998779297
v 133.63099670410156 150.72900390625 202.8520050048828
v 124.8010025024414 150.66099548339844 203.80799865722656
v 110.1520004272461 180.46099853515625 82.37879943847656
v 109.03299713134766 173.8249969482422 83.44149780273438
v 83.33499908447266 115.45700073242188 111.62699890136719
v 83.01899719238281 116.96199798583984 105.86699676513672
v 52.80979919433594 217.29200744628906 102.24199676513672
v 49.79119873046875 214.76400756835938 109.15899658203125
v 202.22999572753906 140.4949951171875 163.91200256347656
v 205.4340057373047 139.13900756835938 168.76699829101562
v 229.96099853515625 164.14999389648438 187.17300415039062
v 231.45700073242188 162.0800018310547 188.86399841308594
v 129.8209991455078 211.1929931640625 98.96009826660156
v 133.1909942626953 210.01300048828125 102.05000305175781
v 150.7100067138672 151.8699951171875 198.1739959716797
v 146.46099853515625 150.3209991455078 197.23699951171875
v 219.7310028076172 172.47900390625 170.7969970703125
v 216.78700256347656 170.57200622558594 168.03900146484375
v 232.61700439453125 148.66099548339844 192.8419952392578
v 232.2989959716797 150.90899658203125 193.0330047607422
v 53.40629959106445 153.7429962158203 124.5479965209961
v 116.13300323486328 228.6649932861328 168.3260040283203
v 110.59700012207031 225.7220001220703 170.88699340820312
v 120.98300170898438 116.13999938964844 131.13800048828125
v 119.0790023803711 112.77300262451172 130.54800415039062
v 100.89199829101562 155.60899353027344 86.38980102539062
v 97.7760009765625 150.1219940185547 88.28240203857422
v 231.50900268554688 147.6529998779297 189.5570068359375
v 175.66799926757812 206.04800415039062 130.10800170898438
v 175.9550018310547 203.99600219726562 126.26100158691406
v 127.2030029296875 208.6649932861328 95.48570251464844
v 130.42999267578125 206.718994140625 97.61489868164062
v 131.72900390625 246.3730010986328 144.2169952392578
v 128.4340057373047 245.73199462890625 147.7760009765625
v 162.1999969482422 97.15239715576172 162.74400329589844
v 157.15199279785156 97.09410095214844 166.07400512695312
v 157.88499450683594 162.8070068359375 150.03799438476562
v 159.02200317382812 163.86900329589844 147.72900390625
v 134.0570068359375 185.20599365234375 124.8219985961914
v 132.66000366210938 185.35400390625 127.45099639892578
v 109.48300170898438 96.42030334472656 145.23899841308594
v 107.7490005493164 98.50630187988281 151.00399780273438
v 132.8280029296875 211.38499450683594 176.47300720214844
v 131.8470001220703 208.49200439453125 178.39500427246094
v 76.36280059814453 172.6929931640625 189.24000549316406
v 73.95059967041016 170.46499633789062 187.8470001220703
v 63.539398193359375 209.50599670410156 69.53199768066406
v 66.58000183105469 213.7270050048828 67.3031997680664
v 147.5590057373047 203.802001953125 121.78600311279297
v 148.51199340820312 199.4340057373047 118.51300048828125
v 141.02499389648438 193.31199645996094 191.02200317382812
v 144.9550018310547 193.3179931640625 191.1479949951172
v 107.91600036621094 258.13800048828125 129.7949981689453
v 112.50199890136719 256.37799072265625 125.15299987792969
v 170.28399658203125 200.68499755859375 172.4080047607422
v 170.15199279785156 199.6909942626953 174.89500427246094
v 80.8551025390625 235.68499755859375 155.41299438476562
v 86.6072998046875 239.46600341796875 154.6199951171875
v 144.80999755859375 142.95700073242188 154.48599243164062
v 143.41400146484375 140.61300659179688 154.0850067138672
v 63.34510040283203 185.1199951171875 173.31100463867188
v 58.95220184326172 184.4199981689453 168.6909942626953
v 179.73199462890625 105.25199890136719 142.14700317382812
v 180.45399475097656 106.87000274658203 144.61900329589844
v 147.31900024414062 134.39500427246094 149.68299865722656
v 147.05299377441406 136.1529998779297 148.33099365234375
v 165.7220001220703 196.86599731445312 115.92400360107422
v 165.16299438476562 198.6230010986328 116.20800018310547
v 199.63600158691406 101.48100280761719 156.42599487304688
v 201.3979949951172 100.18599700927734 158.91600036621094
v 184.29299926757812 102.5739974975586 143.3520050048828
v 181.88900756835938 101.68900299072266 142.84500122070312
v 67.95709991455078 235.8249969482422 88.18599700927734
v 72.99590301513672 239.1719970703125 84.99349975585938
v 75.03309631347656 163.00900268554688 60.128299713134766
v 76.13880157470703 166.36199951171875 57.78099822998047
v 159.55099487304688 199.51100158691406 127.54499816894531
v 82.41560363769531 248.3730010986328 92.36669921875
v 89.38880157470703 248.13600158691406 92.07230377197266
v 145.04299926757812 194.03900146484375 108.01599884033203
v 146.88999938964844 196.33299255371094 111.28600311279297
v 143.69400024414062 124.19599914550781 152.7519989013672
v 144.77200317382812 122.26499938964844 151.22500610351562
v 60.88999938964844 226.61300659179688 146.43899536132812
v 63.53329849243164 226.82400512695312 149.6750030517578
v 130.47300720214844 171.69500732421875 125.25599670410156
v 128.73699951171875 168.70599365234375 122.99500274658203
v 151.30299377441406 190.1959991455078 113.39900207519531
v 154.4029998779297 189.63600158691406 118.25700378417969
v 171.45199584960938 172.19900512695312 194.70899963378906
v 174.61199951171875 175.7169952392578 192.58999633789062
v 171.427001953125 207.26300048828125 151.23599243164062
v 173.88099670410156 207.0760040283203 146.70799255371094
v 114.35299682617188 99.44550323486328 129.1230010986328
v 118.13500213623047 99.9843978881836 131.00599670410156
v 185.95700073242188 154.06900024414062 139.031005859375
v 183.47000122070312 152.96499633789062 137.9340057373047
v 146.6490020751953 131.91900634765625 150.89700317382812
v 146.19700622558594 129.12399291992188 151.52499389648438
v 148.80499267578125 202.7209930419922 168.9250030517578
v 148.93499755859375 200.1540069580078 173.5760040283203
v 145.1300048828125 215.96299743652344 164.8070068359375
v 147.15699768066406 217.0469970703125 160.83999633789062
v 144.4709930419922 128.78700256347656 153.14100646972656
v 211.99400329589844 194.28700256347656 174.83799743652344
v 213.0659942626953 195.4250030517578 172.0749969482422
v 88.3280029296875 251.0399932861328 96.36289978027344
v 77.06199645996094 225.90199279785156 67.70870208740234
v 81.52400207519531 227.04400634765625 67.9989013671875
v 196.76499938964844 180.8800048828125 186.17100524902344
v 201.50799560546875 183.4510040283203 184.4600067138672
v 213.677001953125 104.74199676513672 188.69200134277344
v 210.75999450683594 105.5979995727539 189.30799865722656
v 180.92100524902344 145.0780029296875 138.63699340820312
v 185.14999389648438 142.55999755859375 142.6009979248047
v 163.06500244140625 111.03900146484375 143.80099487304688
v 163.76600646972656 114.08799743652344 144.63099670410156
v 200.0070037841797 100.12699890136719 185.60800170898438
v 195.34800720214844 103.08499908447266 187.94700622558594
v 125.05500030517578 93.48509979248047 144.08599853515625
v 123.99600219726562 96.05960083007812 138.91799926757812
v 133.5540008544922 184.06399536132812 130.322998046875
v 131.1199951171875 184.41299438476562 129.91600036621094
v 107.03099822998047 98.29280090332031 130.86700439453125
v 104.81400299072266 101.072998046875 128.1999969482422
v 120.38999938964844 202.1820068359375 89.62899780273438
v 123.60399627685547 202.64700317382812 91.59259796142578
v 56.04999923706055 204.7480010986328 84.71499633789062
v 56.15589904785156 210.89199829101562 87.17449951171875
v 144.3350067138672 133.95599365234375 153.76800537109375
v 146.33099365234375 132.92599487304688 152.9010009765625
v 93.75800323486328 147.70700073242188 84.40979766845703
v 92.79519653320312 142.83099365234375 86.84349822998047
v 97.56230163574219 149.88499450683594 202.52499389648438
v 93.2791976928711 149.71299743652344 200.4600067138672
v 151.2100067138672 155.51100158691406 155.23699951171875
v 149.66099548339844 151.75 155.45599365234375
v 204.27000427246094 105.24299621582031 173.2899932861328
v 207.1540069580078 103.74299621582031 177.98300170898438
v 168.0030059814453 196.53900146484375 116.8740005493164
v 168.74400329589844 195.8070068359375 118.14600372314453
v 116.25900268554688 175.5570068359375 138.97799682617188
v 117.35800170898438 175.2550048828125 139.13400268554688
v 154.85000610351562 159.78700256347656 198.40699768066406
v 148.5570068359375 162.1929931640625 199.9429931640625
v 178.2570037841797 101.4489974975586 141.0800018310547
v 175.43299865722656 101.11900329589844 139.89599609375
v 82.31159973144531 137.51499938964844 80.77739715576172
v 82.8373031616211 141.4669952392578 76.53620147705078
v 133.16299438476562 228.33399963378906 111.38099670410156
v 133.08399963378906 232.44000244140625 113.7760009765625
v 132.02000427246094 133.6790008544922 133.30799865722656
v 132.35699462890625 128.0749969482422 135.02099609375
v 116.51200103759766 176.0229949951172 201.7989959716797
v 121.9739990234375 174.1699981689453 202.26499938964844
v 226.15499877929688 170.68600463867188 192.4250030517578
v 222.18099975585938 172.61000061035156 191.5399932861328
v 80.26580047607422 223.5050048828125 65.92240142822266
v 81.96080017089844 219.2779998779297 64.65039825439453
v 135.60800170898438 184.63900756835938 127.9540023803711
v 235.41200256347656 185.13699340820312 185.3769989013672
v 234.54100036621094 187.11300659179688 185.22000122070312
v 78.20829772949219 242.3350067138672 145.531005859375
v 83.21659851074219 246.17599487304688 143.7729949951172
v 169.093994140625 160.5989990234375 136.45199584960938
v 171.78599548339844 158.1699981689453 134.83700561523438
v 122.74700164794922 136.2429962158203 198.18899536132812
v 69.0188980102539 218.1269989013672 163.25100708007812
v 69.40579986572266 222.56900024414062 159.6479949951172
v 143.22999572753906 141.99600219726562 152.26199340820312
v 61.02220153808594 150.35800170898438 170.98800659179688
v 58.30189895629883 157.9250030517578 169.94900512695312
v 232.718994140625 152.12899780273438 192.08299255371094
v 231.26400756835938 152.81700134277344 193.5679931640625
v 162.17799377441406 192.71299743652344 178.63900756835938
v 164.33999633789062 192.54299926757812 179.90699768066406
v 159.46299743652344 115.88700103759766 192.3769989013672
v 154.16799926757812 115.15499877929688 190.66700744628906
v 122.78800201416016 174.11700439453125 134.55999755859375
v 121.36599731445312 175.41700744628906 135.10800170898438
v 190.42300415039062 101.2750015258789 147.33900451660156
v 188.42799377441406 102.16899871826172 145.57699584960938
v 177.77499389648438 184.14999389648438 158.24099731445312
v 179.34100341796875 182.29200744628906 156.25100708007812
v 196.65699768066406 97.98880004882812 164.2050018310547
v 196.87399291992188 98.21959686279297 167.20799255371094
v 188.6820068359375 156.30599975585938 141.6219940185547
v 232.77000427246094 180.55999755859375 182.43499755859375
v 233.71299743652344 177.58599853515625 184.26800537109375
v 49.97169876098633 163.2729949951172 115.78199768066406
v 49.127601623535156 170.8419952392578 111.94999694824219
v 85.75420379638672 257.83599853515625 128.33599853515625
v 87.27189636230469 259.2200012207031 124.33300018310547
v 182.86700439453125 193.61599731445312 161.60499572753906
v 181.9409942626953 192.80499267578125 162.9239959716797
v 167.38600158691406 136.18299865722656 136.19500732421875
v 164.28599548339844 132.7100067138672 137.36099243164062
v 166.5709991455078 176.67599487304688 156.06300354003906
v 166.39500427246094 175.50799560546875 154.41299438476562
v 98.57559967041016 245.31900024414062 152.7209930419922
v 102.26399993896484 242.2239990234375 157.10400390625
v 185.0919952392578 184.3769989013672 159.7790069580078
v 190.1280059814453 184.802001953125 162.66799926757812
v 181.8090057373047 114.24400329589844 194.3419952392578
v 180.4669952392578 118.25599670410156 196.1719970703125
v 124.75299835205078 177.49099731445312 135.7989959716797
v 124.3030014038086 176.7239990234375 134.26199340820312
v 128.4669952392578 239.34300231933594 154.68899536132812
v 132.48899841308594 232.81199645996094 158.34100341796875
v 141.68899536132812 120.12799835205078 145.58700561523438
v 142.06500244140625 116.6709976196289 147.59800720214844
v 230.9720001220703 194.44500732421875 181.51600646972656
v 229.218994140625 195.66799926757812 179.9080047607422
v 178.2969970703125 170.5679931640625 140.68899536132812
v 179.09100341796875 166.16400146484375 138.2209930419922
v 105.2030029296875 239.69000244140625 159.677001953125
v 102.4260025024414 234.87600708007812 163.31900024414062
v 163.80299377441406 186.218994140625 192.72799682617188
v 160.8769989013672 186.07899475097656 194.28199768066406
v 138.93600463867188 180.99200439453125 134.61700439453125
v 137.45700073242188 177.86300659179688 137.67799377441406
v 97.50679779052734 107.63500213623047 124.6760025024414
v 95.66259765625 109.42400360107422 122.7969970703125
v 77.05120086669922 144.7429962158203 75.18419647216797
v 72.6572036743164 149.18299865722656 75.57599639892578
v 149.0590057373047 202.75100708007812 131.71299743652344
v 150.9199981689453 199.781005859375 132.68499755859375
v 57.73970031738281 200.81900024414062 78.93150329589844
v 60.10969924926758 200.64700317382812 73.27279663085938
v 193.0959930419922 187.9770050048828 177.83099365234375
v 194.218994140625 188.41400146484375 175.54800415039062
v 142.6009979248047 123.7979965209961 141.9770050048828
v 143.34300231933594 123.70899963378906 144.99400329589844
v 115.19999694824219 223.27699279785156 93.35430145263672
v 114.09200286865234 218.8459930419922 90.79090118408203
v 145.19500732421875 145.67300415039062 152.83999633789062
v 144.93800354003906 146.3209991455078 149.23300170898438
v 131.26100158691406 184.37399291992188 121.73200225830078
v 129.58599853515625 185.08299255371094 121.63800048828125
v 239.1840057373047 189.08999633789062 183.10499572753906
v 238.98199462890625 187.7100067138672 183.968994140625
v 182.38800048828125 195.30999755859375 139.7949981689453
v 182.5540008544922 194.12899780273438 142.91600036621094
v 129.8040008544922 115.78299713134766 138.35800170898438
v 127.70099639892578 114.0250015258789 136.52000427246094
v 165.906005859375 208.45599365234375 157.3769989013672
v 165.4340057373047 209.3679962158203 153.6020050048828
v 180.70199584960938 199.88099670410156 154.42799377441406
v 182.4239959716797 196.3780059814453 158.19400024414062
v 62.7859001159668 194.41799926757812 168.77200317382812
v 64.79000091552734 197.67799377441406 169.90899658203125
v 146.79100036621094 134.73300170898438 148.09300231933594
v 145.73699951171875 135.4929962158203 147.5800018310547
v 126.99099731445312 249.39199829101562 142.6929931640625
v 90.75489807128906 118.56400299072266 102.12999725341797
v 91.7842025756836 117.37000274658203 104.6510009765625
v 139.99400329589844 174.2899932861328 139.72500610351562
v 141.7989959716797 170.25 142.14199829101562
v 157.47900390625 160.74099731445312 150.8350067138672
v 161.1479949951172 196.43099975585938 115.85099792480469
v 163.31100463867188 197.50399780273438 115.89199829101562
v 225.58099365234375 173.06500244140625 178.49099731445312
v 222.58599853515625 172.4080047607422 174.42100524902344
v 125.04199981689453 205.33299255371094 183.06700134277344
v 127.3499984741211 201.13999938964844 185.36099243164062
v 115.70099639892578 175.21600341796875 138.24200439453125
v 141.97300720214844 219.05999755859375 163.41099548339844
v 138.79600524902344 218.947998046875 166.48300170898438
v 197.31199645996094 111.7969970703125 166.53700256347656
v 200.64500427246094 109.48200225830078 170.16099548339844
v 140.9040069580078 188.08900451660156 104.69999694824219
v 145.11599731445312 189.60899353027344 107.63400268554688
v 85.57540130615234 181.03700256347656 58.197601318359375
v 87.739501953125 177.73699951171875 60.48540115356445
v 133.51300048828125 179.1510009765625 118.552001953125
v 131.39500427246094 181.06399536132812 120.84700012207031
v 165.6300048828125 177.09500122070312 156.9149932861328
v 164.80099487304688 175.63900756835938 156.0709991455078
v 121.79299926757812 227.8470001220703 167.65699768066406
v 126.11399841308594 225.90199279785156 168.01699829101562
v 133.01800537109375 183.33900451660156 102.16999816894531
v 129.52000427246094 181.71299743652344 100.53900146484375
v 163.58799743652344 201.6320037841797 142.81500244140625
v 163.99899291992188 204.58900451660156 145.99600219726562
v 60.282901763916016 143.5959930419922 165.34500122070312
v 58.56639862060547 140.58099365234375 159.01499938964844
v 128.05999755859375 186.66299438476562 125.52899932861328
v 126.86000061035156 186.07899475097656 125.26000213623047
v 149.78599548339844 146.13600158691406 139.99200439453125
v 152.31199645996094 147.2570037841797 138.31100463867188
v 197.84800720214844 176.1179962158203 189.68800354003906
v 193.73699951171875 171.83200073242188 192.3419952392578
v 229.125 171.3990020751953 191.49200439453125
v 99.9832992553711 222.85899353027344 81.8041000366211
v 104.7229995727539 222.2519989013672 85.38349914550781
v 79.27120208740234 178.5540008544922 54.65330123901367
v 80.239501953125 174.1790008544922 55.930198669433594
v 138.52699279785156 196.1529998779297 101.9489974975586
v 134.8280029296875 199.9810028076172 99.27780151367188
v 143.31399536132812 181.63400268554688 134.48899841308594
v 143.72999572753906 183.10499572753906 131.0500030517578
v 150.77099609375 187.6179962158203 116.17900085449219
v 126.21199798583984 223.8699951171875 169.0229949951172
v 239.31700134277344 190.19700622558594 183.3679962158203
v 239.57400512695312 188.93099975585938 184.3350067138672
v 122.18499755859375 176.76600646972656 135.56199645996094
v 122.70500183105469 162.76100158691406 123.90799713134766
v 122.71399688720703 160.8209991455078 127.90499877929688
v 152.1580047607422 198.46200561523438 124.48799896240234
v 155.41900634765625 198.39199829101562 127.47899627685547
v 72.660400390625 210.4499969482422 60.442901611328125
v 75.64299774169922 208.82000732421875 58.82659912109375
v 93.78939819335938 242.781005859375 154.47500610351562
v 97.0718002319336 240.1510009765625 157.88600158691406
v 44.992000579833984 173.69000244140625 140.02099609375
v 44.626399993896484 169.97300720214844 133.9409942626953
v 154.48599243164062 197.12899780273438 119.58000183105469
v 158.47500610351562 197.11000061035156 118.20899963378906
v 74.12239837646484 193.73300170898438 55.09989929199219
v 70.07250213623047 196.3459930419922 57.379600524902344
v 224.4929962158203 180.95599365234375 187.76300048828125
v 228.52000427246094 180.39599609375 187.9010009765625
v 138.9459991455078 156.7830047607422 139.7790069580078
v 141.7259979248047 156.5500030517578 142.30999755859375
v 116.41600036621094 175.04299926757812 136.3719940185547
v 115.65399932861328 175.2779998779297 137.02999877929688
v 181.9040069580078 191.32000732421875 153.13600158691406
v 178.3300018310547 188.6840057373047 153.85400390625
v 83.75789642333984 256.2179870605469 110.85399627685547
v 89.85880279541016 256.7650146484375 108.65499877929688
v 81.32019805908203 121.91600036621094 98.21299743652344
v 83.51629638671875 122.77200317382812 95.4583969116211
v 237.77000427246094 181.0489959716797 185.5189971923828
v 237.45399475097656 181.51600646972656 187.10400390625
v 125.86399841308594 169.9250030517578 136.29100036621094
v 127.677001953125 168.53500366210938 136.9459991455078
v 148.28399658203125 210.60400390625 168.02099609375
v 148.21299743652344 207.49200439453125 171.38999938964844
v 236.6959991455078 179.0070037841797 185.47999572753906
v 180.81500244140625 189.7740020751953 162.53599548339844
v 218.8419952392578 114.88200378417969 185.4929962158203
v 216.9409942626953 112.77300262451172 185.08299255371094
v 149.4340057373047 218.80799865722656 137.0659942626953
v 138.14700317382812 108.19599914550781 150.7480010986328
v 139.7480010986328 108.09700012207031 151.69200134277344
v 75.277099609375 159.03799438476562 63.2963981628418
v 143.10299682617188 125.81800079345703 148.00100708007812
v 141.71200561523438 124.62300109863281 150.2259979248047
v 115.05899810791016 228.97300720214844 95.46309661865234
v 158.16000366210938 172.98800659179688 155.86099243164062
v 159.2259979248047 173.56700134277344 156.76800537109375
v 146.36000061035156 131.8699951171875 147.86500549316406
v 145.77699279785156 132.53900146484375 147.36300659179688
v 47.64250183105469 196.63299560546875 107.50199890136719
v 83.89430236816406 156.35899353027344 195.677001953125
v 80.81559753417969 158.1060028076172 193.2899932861328
v 219.2519989013672 156.29100036621094 193.6199951171875
v 218.63999938964844 159.72000122070312 193.60000610351562
v 127.9280014038086 180.05299377441406 126.05000305175781
v 128.9080047607422 179.39100646972656 123.06500244140625
v 155.38499450683594 152.49099731445312 154.98199462890625
v 153.02499389648438 152.33900451660156 156.61300659179688
v 190.0590057373047 102.8949966430664 146.86599731445312
v 216.06300354003906 108.68599700927734 187.90699768066406
v 234.3179931640625 181.10499572753906 187.6739959716797
v 233.46400451660156 182.85299682617188 186.9810028076172
v 75.38999938964844 211.9669952392578 169.7310028076172
v 71.4542007446289 212.43800354003906 167.16299438476562
v 127.65299987792969 169.6510009765625 133.7030029296875
v 189.85499572753906 99.86840057373047 155.01400756835938
v 192.46400451660156 99.0260009765625 159.58999633789062
v 140.9759979248047 122.12799835205078 190.6269989013672
v 141.76300048828125 116.18399810791016 188.73899841308594
v 171.9969940185547 181.9080047607422 157.45799255371094
v 173.9409942626953 181.69400024414062 157.01600646972656
v 158.68499755859375 165.5489959716797 151.177001953125
v 159.2270050048828 167.67300415039062 152.9499969482422
v 122.95500183105469 208.92100524902344 92.61239624023438
v 124.58100128173828 211.72900390625 94.72869873046875
v 66.03050231933594 165.58700561523438 179.718994140625
v 71.76409912109375 165.72799682617188 185.86700439453125
v 163.76100158691406 178.09500122070312 157.2899932861328
v 162.15199279785156 176.5970001220703 157.56700134277344
v 187.87899780273438 184.4239959716797 184.30099487304688
v 182.66200256347656 186.66400146484375 183.0679931640625
v 147.33700561523438 149.61700439453125 139.947998046875
v 147.64100646972656 146.7010040283203 139.0489959716797
v 159.70700073242188 198.72000122070312 122.56999969482422
v 143.20799255371094 140.53900146484375 150.45799255371094
v 212.58900451660156 121.18299865722656 193.60000610351562
v 218.87899780273438 111.75299835205078 186.93800354003906
v 217.552001953125 110.02200317382812 186.71800231933594
v 132.22500610351562 180.7239990234375 105.08100128173828
v 62.005001068115234 217.71400451660156 77.77400207519531
v 63.738800048828125 215.093994140625 72.65080261230469
v 126.95999908447266 184.3780059814453 125.86299896240234
v 126.73100280761719 183.5489959716797 124.24600219726562
v 48.432498931884766 215.30999755859375 135.01800537109375
v 51.22919845581055 216.81500244140625 140.27200317382812
v 98.70490264892578 196.22500610351562 72.9271011352539
v 102.87999725341797 196.45799255371094 76.5531005859375
v 120.91100311279297 214.94400024414062 176.5800018310547
v 124.20500183105469 211.97799682617188 178.08399963378906
v 145.4759979248047 126.68900299072266 151.8699951171875
v 146.65199279785156 129.2050018310547 149.80499267578125
v 55.06039810180664 152.5709991455078 116.0770034790039
v 92.42569732666016 259.843994140625 122.73899841308594
v 136.8820037841797 234.96200561523438 122.65599822998047
v 136.46400451660156 231.822998046875 118.52799987792969
v 147.03399658203125 221.3350067138672 131.91099548339844
v 128.8179931640625 166.1959991455078 134.1020050048828
v 132.26100158691406 186.0659942626953 124.697998046875
v 130.843994140625 186.54200744628906 125.3949966430664
v 117.13800048828125 176.38400268554688 137.23500061035156
v 117.00499725341797 176.1179962158203 138.61900329589844
v 84.98190307617188 226.875 69.26260375976562
v 84.28970336914062 223.21800231933594 67.30239868164062
v 137.36700439453125 238.0260009765625 128.10800170898438
v 133.31100463867188 238.1699981689453 120.22799682617188
v 55.032100677490234 143.76800537109375 136.7969970703125
v 55.14120101928711 146.48300170898438 132.36599731445312
v 224.74400329589844 132.27200317382812 192.1909942626953
v 225.26400756835938 138.2570037841797 193.28500366210938
v 236.79400634765625 186.53700256347656 185.36500549316406
v 236.7209930419922 187.9980010986328 185.4409942626953
v 118.9739990234375 172.85499572753906 138.10699462890625
v 119.33100128173828 172.6790008544922 137.08399963378906
v 232.2209930419922 190.72799682617188 178.76400756835938
v 234.1739959716797 190.4810028076172 179.3699951171875
v 142.52200317382812 139.6790008544922 152.86599731445312
v 143.0959930419922 138.54800415039062 154.66799926757812
v 235.697998046875 180 184.31300354003906
v 83.10320281982422 224.82000732421875 166.85899353027344
v 85.70970153808594 228.2259979248047 164.6820068359375
v 191.3300018310547 103.47100067138672 149.04100036621094
v 191.75999450683594 102.09300231933594 147.9810028076172
v 157.5570068359375 191.30799865722656 181.8459930419922
v 159.05299377441406 190.33099365234375 186.08599853515625
v 139.24200439453125 183.947998046875 128.0919952392578
v 164.06700134277344 208.08099365234375 146.76300048828125
v 164.88499450683594 208.80799865722656 144.3489990234375
v 181.41900634765625 102.02300262451172 182.968994140625
v 202.9949951171875 107.47899627685547 173.4199981689453
v 113.83100128173828 132.8699951171875 134.41099548339844
v 117.77300262451172 133.58599853515625 133.72500610351562
v 141.7100067138672 111.43199920654297 150.46800231933594
v 140.93899536132812 109.33399963378906 151.11700439453125
v 225.68800354003906 128.55499267578125 191.5540008544922
v 47.412899017333984 202.6320037841797 109.78500366210938
v 47.292598724365234 208.9949951171875 113.54100036621094
v 220.81700134277344 166.71600341796875 173.9010009765625
v 170.8820037841797 190.8249969482422 182.26400756835938
v 167.63499450683594 192.25100708007812 180.58999633789062
v 45.54819869995117 178.42599487304688 119.06800079345703
v 44.355098724365234 182.66400146484375 122.447998046875
v 164.33799743652344 189.7429962158203 181.031005859375
v 152.01100158691406 187.03500366210938 121.86900329589844
v 136.85699462890625 179.843994140625 113.28399658203125
v 133.2969970703125 178.51300048828125 114.3949966430664
v 140.63099670410156 132.8350067138672 151.45399475097656
v 141.2010040283203 131.83999633789062 153.38699340820312
v 193.7949981689453 123.43199920654297 161.45599365234375
v 191.09800720214844 122.12300109863281 158.5019989013672
v 165.28900146484375 200.42100524902344 174.49000549316406
v 168.11700439453125 201.45599365234375 173.75
v 186.85000610351562 99.08899688720703 158.5449981689453
v 69.72309875488281 157.86300659179688 183.61399841308594
v 74.6532974243164 160.45799255371094 188.85899353027344
v 130.68800354003906 158.5540008544922 203.13299560546875
v 79.21369934082031 118.2969970703125 118.88400268554688
v 178.38499450683594 117.6500015258789 150.26400756835938
v 182.14100646972656 116.81999969482422 152.30599975585938
v 101.96299743652344 124.92900085449219 190.72999572753906
v 99.34130096435547 122.65699768066406 188.15899658203125
v 181.73500061035156 130.13400268554688 145.11599731445312
v 180.25599670410156 124.85900115966797 146.9409942626953
v 179.96299743652344 192.4040069580078 167.7760009765625
v 181.2259979248047 190.0709991455078 170.48300170898438
v 164.552001953125 206.2530059814453 143.08900451660156
v 164.23599243164062 203.57200622558594 139.32899475097656
v 161.87600708007812 199.63099670410156 153.7010040283203
v 162.24600219726562 204.70899963378906 153.92100524902344
v 140.21800231933594 96.72599792480469 151.16799926757812
v 139.59100341796875 98.96749877929688 150.82000732421875
v 113.75399780273438 243.38900756835938 155.7729949951172
v 116.31700134277344 239.42799377441406 158.95199584960938
v 68.1968994140625 245.89700317382812 112.06500244140625
v 94.32839965820312 192.8470001220703 189.75900268554688
v 98.8833999633789 198.98599243164062 187.5330047607422
v 147.29800415039062 185.02200317382812 114.64099884033203
v 143.69500732421875 182.8459930419922 113.8239974975586
v 159.8350067138672 102.3030014038086 181.6699981689453
v 155.5229949951172 174.63299560546875 147.50900268554688
v 156.43800354003906 173.95799255371094 150.02200317382812
v 180.89199829101562 176.5679931640625 149.6320037841797
v 182.42300415039062 173.96600341796875 146.65699768066406
v 176.58700561523438 101.19999694824219 180.17799377441406
v 172.94000244140625 103.08000183105469 185.4010009765625
v 188.35299682617188 99.78800201416016 176.26199340820312
v 99.50389862060547 162.13699340820312 202.5290069580078
v 102.52899932861328 165.5399932861328 202.91799926757812
v 163.59100341796875 199.60299682617188 171.46600341796875
v 165.33599853515625 201.5019989013672 171.01100158691406
v 125.74600219726562 156.1439971923828 135.7570037841797
v 123.72100067138672 157.30799865722656 132.6909942626953
v 78.06050109863281 200.4409942626953 177.40199279785156
v 73.60469818115234 200.19500732421875 174.63099670410156
v 144.1699981689453 125.33399963378906 141.88499450683594
v 144.3520050048828 126.48200225830078 144.8249969482422
v 231.06399536132812 138.4429931640625 191.63699340820312
v 229.18499755859375 138.9409942626953 193.02499389648438
v 212.3990020751953 194.5050048828125 170.2969970703125
v 205.88099670410156 109.59400177001953 192.97000122070312
v 151.64599609375 149.625 144.25100708007812
v 154.83900451660156 153.531005859375 146.44000244140625
v 71.29840087890625 216.697998046875 165.49000549316406
v 75.15029907226562 220.96200561523438 165.28500366210938
v 165.49000549316406 209.5489959716797 148.57200622558594
v 167.64999389648438 209.5749969482422 150.58799743652344
v 140.35400390625 94.81929779052734 155.22000122070312
v 134.76499938964844 94.30599975585938 159.01600646972656
v 146.31500244140625 136.343994140625 147.5189971923828
v 197.38499450683594 99.956298828125 155.3489990234375
v 198.6840057373047 100.3010025024414 155.41900634765625
v 168.3040008544922 180.95700073242188 154.56700134277344
v 166.98899841308594 180.37600708007812 155.50900268554688
v 142.9320068359375 218.49400329589844 119.51499938964844
v 142.32400512695312 212.98399353027344 114.5739974975586
v 130.0709991455078 196.77200317382812 94.17469787597656
v 133.00900268554688 194.16600036621094 96.16940307617188
v 141.4720001220703 197.79600524902344 105.36499786376953
v 142.23199462890625 192.5279998779297 104.99600219726562
v 96.0458984375 167.17300415039062 200.14199829101562
v 99.57949829101562 172.68800354003906 200.20599365234375
v 142.73199462890625 95.05020141601562 160.83200073242188
v 136.44700622558594 96.02189636230469 163.31700134277344
v 81.74859619140625 165.45599365234375 193.35899353027344
v 87.3958969116211 169.69400024414062 195.92599487304688
v 148.17999267578125 207.13600158691406 166.25900268554688
v 181.09300231933594 105.072998046875 188.50900268554688
v 234.64599609375 190.75900268554688 183.96800231933594
v 232.5469970703125 190.70199584960938 183.58999633789062
v 234.4250030517578 183.80799865722656 185.93699645996094
v 232.3800048828125 185.41700744628906 185.5659942626953
v 138.447998046875 191.16600036621094 101.69300079345703
v 181.52999877929688 152.6269989013672 137.05999755859375
v 184.39700317382812 148.75 139.6649932861328
v 153.0260009765625 144.58200073242188 154.83399963378906
v 151.13699340820312 147.0030059814453 156.47799682617188
v 113.66300201416016 249.88299560546875 147.86199951171875
v 118.49600219726562 247.73599243164062 149.53700256347656
v 46.324100494384766 193.1490020751953 113.46900177001953
v 45.99140167236328 200.0800018310547 115.59100341796875
v 144.25900268554688 153.99099731445312 143.4810028076172
v 146.1179962158203 151.4530029296875 144.61599731445312
v 81.76300048828125 240.8179931640625 149.83200073242188
v 207.4770050048828 102.48200225830078 188.91600036621094
v 204.66799926757812 100.13800048828125 186.98699951171875
v 232.9770050048828 157.35499572753906 191.11700439453125
v 232.6280059814453 156.5850067138672 192.78500366210938
v 155.98199462890625 163.13900756835938 155.1490020751953
v 156.95799255371094 162.1999969482422 154.9949951171875
v 61.472599029541016 135.0800018310547 135.06100463867188
v 124.31500244140625 176.60400390625 138.6750030517578
v 127.65799713134766 177.3070068359375 137.93899536132812
v 66.0718994140625 128.02699279785156 163.656005859375
v 66.90650177001953 130.39999389648438 168.80499267578125
v 88.16999816894531 115.45099639892578 173.61500549316406
v 84.00039672851562 117.98600006103516 175.45199584960938
v 179.88999938964844 101.09600067138672 143.27699279785156
v 179.5260009765625 100.17900085449219 145.6280059814453
v 141.63099670410156 134.87600708007812 150.3249969482422
v 213.54100036621094 193.2270050048828 169.63299560546875
v 214.2310028076172 194.91799926757812 170.42100524902344
v 112.66400146484375 110.87699890136719 173.1179962158203
v 112.80500030517578 116.33200073242188 178.70799255371094
v 142.375 109.4020004272461 149.2519989013672
v 142.59500122070312 111.91200256347656 149.48300170898438
v 101.38999938964844 182.95199584960938 74.32369995117188
v 97.67939758300781 183.1479949951172 70.2865982055664
v 58.012001037597656 150.83099365234375 166.88600158691406
v 131.5 178.66299438476562 108.89299774169922
v 53.44419860839844 189.50399780273438 158.5050048828125
v 58.675498962402344 194.10400390625 164.48399353027344
v 162.4980010986328 207.6909942626953 152.96400451660156
v 162.27999877929688 207.9810028076172 155.82000732421875
v 141.02200317382812 232.91099548339844 128.91900634765625
v 154.00100708007812 198.23599243164062 134.58299255371094
v 118.88400268554688 130.62600708007812 193.30799865722656
v 113.39099884033203 131.85899353027344 196.218994140625
v 115.72000122070312 126.63600158691406 131.31900024414062
v 119.29900360107422 128.45199584960938 130.78799438476562
v 173.26499938964844 197.60499572753906 120.58100128173828
v 175.30999755859375 196.35800170898438 124.4020004272461
v 175.01499938964844 184.72500610351562 158.12600708007812
v 176.8090057373047 185.36300659179688 158.468994140625
v 219.55599975585938 113.31800079345703 186.2169952392578
v 67.9375991821289 181.78599548339844 179.14100646972656
v 68.96520233154297 188.28500366210938 178.00900268554688
v 127.9229965209961 185.24099731445312 126.8030014038086
v 189.1199951171875 108.37799835205078 191.96099853515625
v 191.48899841308594 111.79299926757812 193.79299926757812
v 72.08779907226562 163.28399658203125 63.208099365234375
v 199.78700256347656 185.0449981689453 165.99899291992188
v 202.21400451660156 182.0989990234375 164.22300720214844
v 182.82699584960938 197.03700256347656 154.35699462890625
v 119.41699981689453 227.34500122070312 97.95870208740234
v 123.2040023803711 228.0469970703125 101.69400024414062
v 66.44999694824219 130.4250030517578 129.51400756835938
v 62.49209976196289 137.0260009765625 126.48300170898438
v 68.60310363769531 147.20700073242188 180.43600463867188
v 71.36299896240234 151.21299743652344 184.76800537109375
v 146.47500610351562 179.01600646972656 137.87899780273438
v 188.7530059814453 100.0790023803711 151.86300659179688
v 185.3300018310547 99.80879974365234 152.4340057373047
v 181.16700744628906 168.05299377441406 139.55999755859375
v 181.21499633789062 163.76400756835938 137.78799438476562
v 154.37600708007812 136.2220001220703 197.08099365234375
v 149.76499938964844 144.8990020751953 197.39999389648438
v 99.66230010986328 253.82699584960938 107.08499908447266
v 99.77790069580078 250.38299560546875 101.63400268554688
v 229.9029998779297 174.91400146484375 182.23800659179688
v 183.09800720214844 180.2169952392578 189.447998046875
v 187.97900390625 178.17300415039062 190.5189971923828
v 230.302001953125 141.677001953125 193.5399932861328
v 178.6739959716797 182.62399291992188 187.88099670410156
v 182.9550018310547 183.63299560546875 185.97500610351562
v 231.26100158691406 188.21499633789062 178.87100219726562
v 234.43600463867188 188.60699462890625 179.91400146484375
v 153.2239990234375 97.42649841308594 138.3249969482422
v 153.28700256347656 96.43289947509766 140.93499755859375
v 110.78199768066406 249.97300720214844 109.02799987792969
v 116.16600036621094 245.24400329589844 108.11599731445312
v 181.90899658203125 104.375 142.57400512695312
v 182.07400512695312 102.79000091552734 141.6909942626953
v 156.60000610351562 170.63800048828125 198.49200439453125
v 151.00100708007812 170.69900512695312 199.61300659179688
v 126.46499633789062 246.4459991455078 121.70999908447266
v 129.2760009765625 241.15199279785156 117.75700378417969
v 55.753501892089844 157.08999633789062 166.031005859375
v 52.8942985534668 164.36399841308594 162.0709991455078
v 138.96499633789062 211.7790069580078 173.44500732421875
v 136.33599853515625 210.2010040283203 175.8820037841797
v 72.10479736328125 245.51100158691406 135.43699645996094
v 75.55740356445312 249.7899932861328 132.00799560546875
v 111.24299621582031 221.77200317382812 173.18299865722656
v 113.1520004272461 217.10800170898438 175.93800354003906
v 121.22799682617188 233.24000549316406 163.2740020751953
v 126.66799926757812 229.54200744628906 164.66000366210938
v 49.243900299072266 207.6840057373047 106.63300323486328
v 72.85800170898438 129.0959930419922 100.6259994506836
v 69.10600280761719 133.49899291992188 102.88099670410156
v 170.18800354003906 203.00999450683594 120.05599975585938
v 172.12399291992188 201.8470001220703 119.13300323486328
v 217.3719940185547 151.68299865722656 175.06700134277344
v 213.67799377441406 148.54299926757812 172.08599853515625
v 207.0540008544922 96.56400299072266 182.27699279785156
v 207.42599487304688 97.88030242919922 184.63499450683594
v 197.58999633789062 128.5540008544922 196.76600646972656
v 190.06399536132812 124.11799621582031 196.50399780273438
v 163.85899353027344 176.7899932861328 157.73399353027344
v 139.17999267578125 235.4759979248047 150.95700073242188
v 140.17300415039062 232.63800048828125 153.0260009765625
v 147.15199279785156 136.4739990234375 138.26400756835938
v 150.82000732421875 137.1219940185547 138.60899353027344
v 126.73200225830078 187.98199462890625 121.89399719238281
v 126.02899932861328 187.91700744628906 122.31199645996094
v 127.49800109863281 213.73899841308594 98.06759643554688
v 150.45199584960938 221.125 143.2100067138672
v 152.89500427246094 217.31199645996094 146.3350067138672
v 88.8102035522461 118.18299865722656 101.20099639892578
v 175.03799438476562 104.01599884033203 138.375
v 151.32699584960938 113.09600067138672 144.40199279785156
v 147.2169952392578 114.77100372314453 146.42100524902344
v 106.66999816894531 186.6479949951172 78.88569641113281
v 105.43099975585938 179.13900756835938 78.4999008178711
v 154.5970001220703 106.69300079345703 141.45199584960938
v 158.14100646972656 110.072998046875 143.38699340820312
v 128.94000244140625 162.1490020751953 135.9250030517578
v 128.07400512695312 162.33700561523438 133.0800018310547
v 75.86399841308594 176.02099609375 55.04029846191406
v 107.90899658203125 154.72999572753906 99.7688980102539
v 104.81500244140625 154.2429962158203 94.20899963378906
v 142.60400390625 200.68800354003906 184.21499633789062
v 141.9770050048828 197.9029998779297 187.3769989013672
v 203.50999450683594 98.55039978027344 164.87100219726562
v 202.29299926757812 98.30909729003906 163.18499755859375
v 227.02099609375 154.07000732421875 183.91000366210938
v 225.2270050048828 150.9149932861328 182.9770050048828
v 136.61599731445312 103.45600128173828 150.86399841308594
v 139.38299560546875 102.64199829101562 150.58399963378906
v 213.41299438476562 119.94100189208984 180.86300659179688
v 210.7969970703125 118.00800323486328 180.08900451660156
v 147.94000244140625 136.1280059814453 154.218994140625
v 149.0189971923828 137.32200622558594 151.48300170898438
v 79.94490051269531 151.8209991455078 192.56500244140625
v 75.25479888916016 149.0449981689453 188.5749969482422
v 170.6060028076172 182.58299255371094 156.7209930419922
v 170.3509979248047 181.1320037841797 157.29200744628906
v 181.125 188.58999633789062 182.0709991455078
v 165.5189971923828 100.14399719238281 135.031005859375
v 167.65199279785156 99.52349853515625 136.60899353027344
v 156.3000030517578 196.37100219726562 157.21099853515625
v 156.28599548339844 195.8260040283203 153.41099548339844
v 70.6156005859375 171.04299926757812 183.94700622558594
v 71.69129943847656 177.4010009765625 183.64599609375
v 69.4292984008789 234.21600341796875 83.19509887695312
v 70.13569641113281 230.47300720214844 77.66380310058594
v 198.65199279785156 98.05370330810547 169.85899353027344
v 190.4669952392578 98.88890075683594 168.927001953125
v 181.04200744628906 98.96980285644531 155.35000610351562
v 174.41000366210938 98.6948013305664 152.41400146484375
v 74.9437026977539 155.3209991455078 66.9834976196289
v 72.05400085449219 159.41900634765625 66.97200012207031
v 201.7310028076172 136.8560028076172 166.00799560546875
v 199.76699829101562 136.16700744628906 162.77499389648438
v 154.7239990234375 98.19670104980469 170.94700622558594
v 149.2949981689453 99.38390350341797 172.718994140625
v 63.73699951171875 131.20799255371094 152.0469970703125
v 66.40399932861328 126.43000030517578 158.5240020751953
v 74.25389862060547 119.6719970703125 162.7530059814453
v 71.23200225830078 121.86000061035156 157.6580047607422
v 92.5468978881836 126.23200225830078 99.3864974975586
v 94.00920104980469 133.46099853515625 96.78500366210938
v 62.250999450683594 187.96200561523438 70.09249877929688
v 58.9109992980957 193.8719940185547 76.38069915771484
v 225.5019989013672 132.6490020751953 185.70599365234375
v 227.9600067138672 131.32400512695312 187.0540008544922
v 83.26599884033203 215.78799438476562 172.83900451660156
v 86.66999816894531 214.22900390625 174.52000427246094
v 227.56399536132812 189.4550018310547 176.47900390625
v 142.41400146484375 166.41400146484375 201.46499633789062
v 137.55999755859375 163.52000427246094 201.60000610351562
v 93.04959869384766 245.04299926757812 90.17639923095703
v 97.89340209960938 244.51499938964844 93.1843032836914
v 78.12760162353516 185.93499755859375 186.11199951171875
v 75.60549926757812 188.69200134277344 182.98199462890625
v 177.74899291992188 196.92599487304688 129.03700256347656
v 175.23399353027344 194.1060028076172 128.14199829101562
v 97.44850158691406 117.63500213623047 120.0270004272461
v 99.43109893798828 114.06800079345703 122.18399810791016
v 187.48399353027344 117.55699920654297 156.53599548339844
v 117.85600280761719 204.39599609375 184.55999755859375
v 47.20669937133789 172.75900268554688 116.44100189208984
v 130.21499633789062 226.4929962158203 165.7740020751953
v 119.95700073242188 175.302001953125 135.83799743652344
v 104.53199768066406 201.31399536132812 78.50599670410156
v 108.00800323486328 205.322998046875 81.6312026977539
v 233.48599243164062 169.4550018310547 190.322998046875
v 231.99099731445312 169.03599548339844 191.093994140625
v 212.38400268554688 168.93299865722656 164.6719970703125
v 211.26199340820312 164.99099731445312 163.94700622558594
v 78.2311019897461 129.24600219726562 182.37399291992188
v 73.6968002319336 129.10899353027344 177.9530029296875
v 62.846900939941406 135.13400268554688 163.63499450683594
v 64.08000183105469 136.0570068359375 168.22999572753906
v 128.24600219726562 184.3040008544922 121.6989974975586
v 141.531005859375 127.06600189208984 150.23800659179688
v 140.6580047607422 125.70899963378906 151.7550048828125
v 119.33000183105469 93.83940124511719 148.21200561523438
v 80.5802001953125 190.84500122070312 185.16099548339844
v 85.87159729003906 190.81900024414062 187.5469970703125
v 142.8719940185547 105.99700164794922 147.99000549316406
v 141.30099487304688 107.15699768066406 150.3679962158203
v 131.56700134277344 120.05500030517578 138.281005859375
v 141.39700317382812 130.19500732421875 153.35699462890625
v 133.5489959716797 184.11099243164062 122.38300323486328
v 136.35000610351562 184.21400451660156 124.6449966430664
v 169.23699951171875 104.98500061035156 137.94200134277344
v 169.74400329589844 107.03199768066406 140.40499877929688
v 180.45700073242188 194.84500122070312 165.31199645996094
v 177.98199462890625 196.625 168.35899353027344
v 75.07740020751953 124.83599853515625 105.1050033569336
v 77.34700012207031 125.24500274658203 98.02429962158203
v 90.99579620361328 167.2209930419922 197.66400146484375
v 91.1686019897461 174.0970001220703 196.49400329589844
v 127.85199737548828 187.40499877929688 121.94400024414062
v 128.74400329589844 187.81500244140625 122.94400024414062
v 232.58700561523438 166.28900146484375 188.53500366210938
v 231.6320037841797 164.24200439453125 188.51199340820312
v 142.27699279785156 113.1240005493164 149.7480010986328
v 141.63099670410156 114.24299621582031 149.04600524902344
v 175.8520050048828 188.11599731445312 144.0919952392578
v 172 184.5850067138672 144.3679962158203
v 167.79600524902344 202.70399475097656 121.33399963378906
v 168.85800170898438 202.343994140625 118.90399932861328
v 161.10400390625 156.85299682617188 138.0260009765625
v 145.46299743652344 130.875 145.4810028076172
v 145.57400512695312 131.73500061035156 146.63099670410156
v 85.10820007324219 167.72500610351562 59.67060089111328
v 82.77449798583984 163.5229949951172 59.63840103149414
v 83.78679656982422 124.51599884033203 183.0050048828125
v 85.20169830322266 120.87699890136719 180.16000366210938
v 93.45480346679688 106.79100036621094 139.6580047607422
v 93.2322006225586 108.00800323486328 133.46600341796875
v 81.55690002441406 165.96600341796875 58.18479919433594
v 66.50759887695312 153.04400634765625 179.07400512695312
v 231.9239959716797 142.59100341796875 189.26400756835938
v 232.11099243164062 140.46200561523438 190.27999877929688
v 77.79299926757812 225.29100036621094 163.34300231933594
v 80.18409729003906 229.85800170898438 160.72000122070312
v 182.04200744628906 112.3740005493164 151.77000427246094
v 184.86199951171875 110.10299682617188 151.9600067138672
v 153.86199951171875 100.14399719238281 136.63600158691406
v 153.90199279785156 102.30799865722656 137.66700744628906
v 145.99899291992188 200.49000549316406 182.7899932861328
v 141.81199645996094 202.49400329589844 182.343994140625
v 235.2100067138672 173.54200744628906 186.90699768066406
v 232.8939971923828 174.156005859375 185.16799926757812
v 232.38600158691406 154.01100158691406 192.5019989013672
v 155.21499633789062 192.27200317382812 185.48599243164062
v 153.6219940185547 192.5709991455078 189.2689971923828
v 99.67009735107422 103.3290023803711 156.1269989013672
v 97.64689636230469 106.60199737548828 163.04400634765625
v 236.4929962158203 183.8489990234375 184.87600708007812
v 68.58360290527344 163.98699951171875 68.91429901123047
v 93.2665023803711 225.6479949951172 168.99200439453125
v 94.04139709472656 231.4149932861328 164.76699829101562
v 105.80000305175781 244.93699645996094 154.5449981689453
v 125.35399627685547 122.93000030517578 132.1739959716797
v 129.68099975585938 123.18699645996094 135.24400329589844
v 68.216796875 154.3000030517578 78.13849639892578
v 160.83999633789062 107.9000015258789 140.89199829101562
v 115.38600158691406 249.9969940185547 113.1780014038086
v 107.4520034790039 110.6510009765625 171.41099548339844
v 220.3769989013672 114.96199798583984 187.10299682617188
v 215.8000030517578 176.06199645996094 189.30599975585938
v 221.0570068359375 178.16700744628906 189.06900024414062
v 217.80799865722656 178.3209991455078 169.31100463867188
v 222.49600219726562 179.093994140625 173.02200317382812
v 171.49099731445312 117.04299926757812 194.9040069580078
v 168.88699340820312 120.05699920654297 196.01600646972656
v 126.2020034790039 161.74600219726562 130.6510009765625
v 78.04810333251953 242.58099365234375 84.33830261230469
v 79.95339965820312 245.3939971923828 87.85250091552734
v 75.91780090332031 244.03500366210938 141.3679962158203
v 78.94039916992188 248.38999938964844 137.9980010986328
v 124.91300201416016 170.3679962158203 111.7760009765625
v 123.86799621582031 167.27699279785156 114.67500305175781
v 133.88099670410156 101.36199951171875 147.375
v 131.8699951171875 100.03600311279297 144.07699584960938
v 191.7030029296875 100.0999984741211 152.28500366210938
v 192.7740020751953 99.98739624023438 154.72900390625
v 57.970699310302734 140.6230010986328 133.64599609375
v 66.89420318603516 226.04100036621094 77.55049896240234
v 69.66899871826172 224.91799926757812 72.6511001586914
v 113.53800201416016 96.16480255126953 151.23699951171875
v 64.318603515625 130.01499938964844 159.68299865722656
v 150.0749969482422 204.30999755859375 135.7779998779297
v 151.1909942626953 206.15899658203125 138.81300354003906
v 164.72300720214844 104.93099975585938 137.14599609375
v 163.42300415039062 208.00999450683594 148.89700317382812
v 164.04200744628906 208.76499938964844 151.17300415039062
v 197.10899353027344 125.84300231933594 163.2689971923828
v 145.25999450683594 97.49340057373047 145.11199951171875
v 146.19500732421875 99.33529663085938 142.73800659179688
v 169.8350067138672 124.01799774169922 142.53700256347656
v 164.7010040283203 124.85900115966797 140.8730010986328
v 232.14999389648438 184.04299926757812 180.8000030517578
v 228.31399536132812 181.947998046875 178.4510040283203
v 169.8470001220703 110.197998046875 144.64100646972656
v 217.16900634765625 194.0970001220703 170.35299682617188
v 130.7220001220703 147.23800659179688 203.1280059814453
v 125.68599700927734 142.74200439453125 201.97900390625
v 101.4020004272461 246.05599975585938 97.42379760742188
v 167.73899841308594 177.9250030517578 156.3419952392578
v 94.6552963256836 113.27100372314453 174.33700561523438
v 92.5270004272461 115.22699737548828 175.95799255371094
v 117.8270034790039 107.57599639892578 172.1929931640625
v 120.72200012207031 102.78500366210938 168.0919952392578
v 75.79850006103516 212.625 60.6614990234375
v 79.13179779052734 211.81300354003906 60.68439865112305
v 80.46990203857422 222.3939971923828 167.40899658203125
v 89.67469787597656 116.1969985961914 103.95500183105469
v 90.5186996459961 115.03099822998047 106.26399993896484
v 106.8499984741211 114.28099822998047 126.8239974975586
v 106.52999877929688 110.39199829101562 125.43900299072266
v 159.39999389648438 175.48500061035156 154.0050048828125
v 158.04299926757812 174.93899536132812 151.99099731445312
v 186.5489959716797 189.01100158691406 172.43699645996094
v 188.76499938964844 188.50100708007812 169.25799560546875
v 126.78800201416016 154.10000610351562 137.18499755859375
v 127.58000183105469 152.11500549316406 137.08599853515625
v 117.97799682617188 118.85199737548828 182.0590057373047
v 115.47000122070312 123.71199798583984 187.36700439453125
v 95.35700225830078 248.6179962158203 96.08930206298828
v 105.2239990234375 143.96600341796875 125.47599792480469
v 109.53199768066406 145.3179931640625 128.4739990234375
v 65.02149963378906 136.2480010986328 118.20700073242188
v 63.28860092163086 141.04100036621094 108.76599884033203
v 208.02200317382812 99.6061019897461 186.41600036621094
v 183.218994140625 106.8290023803711 190.4709930419922
v 159.2209930419922 197.5590057373047 161.5970001220703
v 142.46400451660156 157.9499969482422 145.19700622558594
v 142.89599609375 155.74899291992188 145.28199768066406
v 198.49000549316406 170.8730010986328 155.36399841308594
v 204.94900512695312 170.5449981689453 159.18699645996094
v 178.06300354003906 173.1719970703125 144.44500732421875
v 122.06400299072266 150.11099243164062 135.68899536132812
v 124.19100189208984 148.48599243164062 136.44700622558594
v 237.64999389648438 173.2989959716797 187.43600463867188
v 237.2989959716797 171.26699829101562 187.97799682617188
v 116.83999633789062 169.60400390625 204.7779998779297
v 143.71600341796875 149.31900024414062 196.9669952392578
v 140.8300018310547 149.6529998779297 199.47000122070312
v 81.99410247802734 153.5570068359375 64.87940216064453
v 85.01210021972656 152.8719940185547 67.08180236816406
v 221.4980010986328 124.6989974975586 191.76100158691406
v 215.83399963378906 126.88099670410156 193.86700439453125
v 236.41799926757812 170.20599365234375 189.49099731445312
v 102.95800018310547 139.38600158691406 202.5229949951172
v 98.97370147705078 139.98800659179688 201.17599487304688
v 67.94429779052734 219.3990020751953 69.8458023071289
v 87.34619903564453 218.2270050048828 172.3350067138672
v 91.59339904785156 217.13099670410156 173.98899841308594
v 188.88499450683594 169.80599975585938 193.68099975585938
v 186.697998046875 173.15699768066406 192.81399536132812
v 162.98800659179688 177.70700073242188 155.322998046875
v 160.92599487304688 176.28900146484375 155.406005859375
v 146.08799743652344 121.09700012207031 149.35499572753906
v 52.356998443603516 150.3470001220703 137.2220001220703
v 53.11109924316406 152.3090057373047 131.1739959716797
v 210.54200744628906 101.05500030517578 183.322998046875
v 209.42799377441406 98.44319915771484 184.13099670410156
v 99.57559967041016 122.13999938964844 123.11100006103516
v 101.55999755859375 118.53600311279297 124.69999694824219
v 136.1909942626953 173.98599243164062 139.25399780273438
v 143.10699462890625 186.00599670410156 107.75900268554688
v 145.8730010986328 127.95500183105469 143.48399353027344
v 168.90199279785156 204.77499389648438 165.35800170898438
v 169.822998046875 202.85699462890625 168.1739959716797
v 173.62100219726562 202.19000244140625 162.28199768066406
v 178.61000061035156 200.2689971923828 157.41600036621094
v 151.58299255371094 208.05499267578125 144.52999877929688
v 151.55499267578125 203.9429931640625 147.99899291992188
v 104.28800201416016 164.73300170898438 83.0780029296875
v 105.30500030517578 161.43800354003906 86.95919799804688
v 192.2209930419922 101.9739990234375 185.67599487304688
v 185.86000061035156 101.79299926757812 182.96200561523438
v 96.3739013671875 241.20799255371094 88.72119903564453
v 73.49819946289062 250.68800354003906 112.30000305175781
v 221.94900512695312 119.16200256347656 188.79800415039062
v 220.13800048828125 118.4990005493164 190.16900634765625
v 101.54199981689453 100.96700286865234 149.35000610351562
v 99.47969818115234 101.68000030517578 142.281005859375
v 183.4510040283203 98.74569702148438 165.33599853515625
v 158.4709930419922 156.99000549316406 140.13999938964844
v 90.11250305175781 237.447998046875 79.90689849853516
v 94.2113037109375 234.4149932861328 81.64849853515625
v 108.3499984741211 102.39700317382812 126.14199829101562
v 111.625 101.0979995727539 127.14800262451172
v 214.06500244140625 159.78399658203125 168.5019989013672
v 213.76300048828125 154.9029998779297 169.87399291992188
v 159.7779998779297 170.5679931640625 155.5850067138672
v 199.31300354003906 103.81500244140625 160.8209991455078
v 199.81300354003906 106.16799926757812 165.0070037841797
v 137.97799682617188 230.0590057373047 157.04600524902344
v 141.177001953125 226.25100708007812 157.33799743652344
v 125.97200012207031 191.97300720214844 91.17240142822266
v 122.69000244140625 195.1909942626953 89.2582015991211
v 206.99600219726562 122.16000366210938 194.4080047607422
v 204.94400024414062 116.82599639892578 194.29800415039062
v 92.01139831542969 190.45799255371094 65.24659729003906
v 89.51249694824219 184.61900329589844 62.076499938964844
v 151.13499450683594 97.06999969482422 165.83099365234375
v 144.04600524902344 97.52359771728516 166.37100219726562
v 168.2530059814453 182.05099487304688 140.98300170898438
v 162.71600341796875 202.7010040283203 150.54600524902344
v 162.9199981689453 206.78700256347656 151.11099243164062
v 87.3656005859375 113.18800354003906 111.88099670410156
v 86.0728988647461 114.1520004272461 108.50299835205078
v 169.1219940185547 151.40199279785156 134.4080047607422
v 167.23599243164062 156.39500427246094 135.5570068359375
v 188.17100524902344 100.87200164794922 147.11199951171875
v 236.75 193.62600708007812 182.55599975585938
v 238.22999572753906 192.83999633789062 181.4980010986328
v 233.88499450683594 171.4739990234375 187.08299255371094
v 113.875 238.7689971923828 100.30699920654297
v 116.78900146484375 235.12899780273438 99.89959716796875
v 65.23539733886719 202.82400512695312 64.39459991455078
v 69.41400146484375 203.7779998779297 59.602901458740234
v 87.42900085449219 211.5919952392578 65.70429992675781
v 91.9541015625 208.156005859375 69.03060150146484
v 183.00100708007812 181.66600036621094 156.06199645996094
v 227.19900512695312 127.43699645996094 189.83900451660156
v 227.86900329589844 129.43099975585938 190.86199951171875
v 152.0070037841797 95.64550018310547 159.16700744628906
v 50.18960189819336 159.82000732421875 132.51400756835938
v 47.6255989074707 165.68899536132812 137.1739959716797
v 160.93600463867188 197.4720001220703 152.36900329589844
v 160.41799926757812 197.17799377441406 149.83299255371094
v 147.4219970703125 142.71499633789062 156.5679931640625
v 149.72000122070312 142.72000122070312 156.8000030517578
v 88.65699768066406 254.89999389648438 135.3699951171875
v 92.42680358886719 253.9250030517578 138.44900512695312
v 55.40869903564453 200.86000061035156 159.5
v 53.01689910888672 202.97799682617188 155.76300048828125
v 160.8070068359375 102.61000061035156 135.03500366210938
v 162.95799255371094 100.49700164794922 134.61900329589844
v 158.83900451660156 198.1820068359375 165.61700439453125
v 55.15919876098633 173.27499389648438 165.78599548339844
v 193.18600463867188 106.41000366210938 155.1280059814453
v 148.7220001220703 173.53500366210938 144.3159942626953
v 149.22999572753906 170.21400451660156 146.9669952392578
v 154.41900634765625 168.08399963378906 153.20399475097656
v 156.7050018310547 167.7449951171875 154.69000244140625
v 152.4510040283203 140.6719970703125 154.77499389648438
v 152.83099365234375 142.5 153.4600067138672
v 172.40199279785156 105.13400268554688 138.75999450683594
v 173.29299926757812 102.83100128173828 137.1529998779297
v 223.16000366210938 164.9199981689453 193.60000610351562
v 231.7169952392578 158.83700561523438 189.4739990234375
v 232.70799255371094 160.50100708007812 191.42599487304688
v 143.90899658203125 121.21399688720703 151.24899291992188
v 111.15699768066406 239.30099487304688 159.6999969482422
v 157.39100646972656 167.1790008544922 155.04400634765625
v 158.00599670410156 165.81700134277344 154.45799255371094
v 158.49600219726562 197.343994140625 170.87600708007812
v 116.77300262451172 102.44599914550781 129.4510040283203
v 190.43099975585938 188.91900634765625 174.75799560546875
v 151.6009979248047 199.92999267578125 156.03500366210938
v 153.927001953125 197.17300415039062 155.50799560546875
v 137.39199829101562 227.3459930419922 159.39599609375
v 126.1729965209961 187.14599609375 124.26899719238281
v 181.8780059814453 195.83799743652344 162.22799682617188
v 43.14690017700195 182.3520050048828 129.60400390625
v 42.9025993347168 185.30099487304688 135.76800537109375
v 135.3470001220703 157.6300048828125 138.22300720214844
v 162.2050018310547 199.67599487304688 149.55099487304688
v 163.5989990234375 202.14599609375 146.83099365234375
v 86.20059967041016 239.9669952392578 79.61209869384766
v 192.79600524902344 101.51599884033203 149.4810028076172
v 191.58399963378906 101.0260009765625 148.61599731445312
v 119.58100128173828 134.53199768066406 196.9499969482422
v 136.64100646972656 180.88499450683594 109.11599731445312
v 142.875 235.75900268554688 139.4080047607422
v 151.3159942626953 167.78599548339844 150.78399658203125
v 150.55499267578125 165.13600158691406 151.09800720214844
v 160.5780029296875 174.46800231933594 156.8300018310547
v 162.77200317382812 174.21299743652344 156.59100341796875
v 216.8489990234375 182.83099365234375 186.56100463867188
v 79.43890380859375 167.3730010986328 57.14419937133789
v 110.29399871826172 196.9340057373047 81.91889953613281
v 113.54000091552734 195.63999938964844 83.8147964477539
v 99.59010314941406 146.1199951171875 96.60990142822266
v 96.997802734375 142.69000244140625 94.93579864501953
v 134.1199951171875 242.76699829101562 147.42799377441406
v 136.5469970703125 238.29600524902344 150.45599365234375
v 84.90380096435547 156.45799255371094 64.22630310058594
v 145.06500244140625 95.23789978027344 148.97799682617188
v 143.43800354003906 98.15399932861328 147.05499267578125
v 46.98040008544922 176.89199829101562 146.406005859375
v 44.62009811401367 181.875 141.99000549316406
v 80.43070220947266 159.88900756835938 60.56909942626953
v 176.51199340820312 189.1269989013672 140.70199584960938
v 195.08299255371094 101.09400177001953 151.51499938964844
v 196.38999938964844 100.572998046875 153.47300720214844
v 123.77200317382812 171.66700744628906 138.71400451660156
v 124.81099700927734 170.53199768066406 137.26400756835938
v 82.2217025756836 181.8350067138672 55.55220031738281
v 191.02499389648438 109.61100006103516 157.26300048828125
v 200.8419952392578 112.1510009765625 193.7519989013672
v 191.62600708007812 105.27999877929688 152.08099365234375
v 192.8419952392578 102.97000122070312 150.5050048828125
v 140.34300231933594 142.3040008544922 196.29100036621094
v 57.737998962402344 182.76600646972656 82.54039764404297
v 58.94929885864258 187.16799926757812 78.02059936523438
v 163.80999755859375 182.67799377441406 135.50599670410156
v 158.7270050048828 182.21600341796875 134.63400268554688
v 122.04299926757812 241.25100708007812 109.35399627685547
v 161.60800170898438 200.18899536132812 156.95599365234375
v 89.6001968383789 136.33299255371094 87.3102035522461
v 90.49710083007812 132.5959930419922 91.56809997558594
v 127.08799743652344 158.77699279785156 134.75100708007812
v 87.36599731445312 141.1300048828125 80.23930358886719
v 85.17859649658203 142.21600341796875 76.91310119628906
v 131.32000732421875 221.4040069580078 106.04199981689453
v 131.73300170898438 215.4320068359375 103.29199981689453
v 202.76100158691406 186.2969970703125 167.0279998779297
v 78.58799743652344 163.27099609375 58.75659942626953
v 148.22900390625 96.9229965209961 143.5019989013672
v 61.50920104980469 198.6959991455078 166.2010040283203
v 140.1320037841797 101.14700317382812 172.60699462890625
v 116.20600128173828 245.63900756835938 152.50399780273438
v 119.82499694824219 241.78599548339844 156.2480010986328
v 123.70500183105469 112.27200317382812 133.45199584960938
v 124.4020004272461 106.81500244140625 134.76499938964844
v 206.74200439453125 190.51199340820312 176.83999633789062
v 208.7899932861328 192.3990020751953 174.32899475097656
v 234.218994140625 186.45399475097656 181.41400146484375
v 235.05599975585938 184.95199584960938 182.54400634765625
v 139.62899780273438 175.51100158691406 199.98800659179688
v 134.39100646972656 173.2449951171875 200.05799865722656
v 126.78700256347656 239.822998046875 112.63899993896484
v 148.38999938964844 206.33200073242188 162.64500427246094
v 148.0780029296875 205.06900024414062 165.70799255371094
v 135.44700622558594 178.9239959716797 136.29600524902344
v 136.0919952392578 181.8520050048828 133.10699462890625
v 150.79200744628906 99.53919982910156 139.32699584960938
v 151.67100524902344 97.22760009765625 139.37100219726562
v 227.53199768066406 138.50100708007812 186.06300354003906
v 229.9550018310547 136.4929962158203 187.76199340820312
v 198.92100524902344 164.7239990234375 194.92599487304688
v 195.09500122070312 155.2259979248047 196.68699645996094
v 139.87899780273438 137.16400146484375 194.38499450683594
v 137.06300354003906 141.72900390625 196.38699340820312
v 162.84300231933594 175.56100463867188 157.66900634765625
v 213.4250030517578 115.50900268554688 182.35800170898438
v 232.37600708007812 194.8209991455078 181.2169952392578
v 233.6529998779297 194.96600341796875 180.9320068359375
v 162.10699462890625 199.51400756835938 168.13699340820312
v 163.68899536132812 201.0590057373047 167.60699462890625
v 152.36500549316406 117.21700286865234 144.47000122070312
v 155.67999267578125 120.23500061035156 142.64599609375
v 100.50599670410156 112.20600128173828 173.20199584960938
v 207.50999450683594 97.935302734375 170.15199279785156
v 206.6439971923828 96.70069885253906 171.99400329589844
v 129.17599487304688 214.2689971923828 175.04100036621094
v 128.1540069580078 211.92100524902344 177.093994140625
v 113.98300170898438 242.26699829101562 103.43199920654297
v 161.7050018310547 187.81900024414062 191.843994140625
v 161.8820037841797 189.5500030517578 188.51100158691406
v 103.6449966430664 108.11799621582031 168.1020050048828
v 103.05699920654297 104.72599792480469 163.16099548339844
v 146.0279998779297 111.93800354003906 146.84800720214844
v 143.9510040283203 113.1989974975586 148.57400512695312
v 127.64800262451172 178.34100341796875 136.23599243164062
v 122.59400177001953 105.55400085449219 172.85699462890625
v 121.06099700927734 108.9800033569336 175.406005859375
v 184.3419952392578 186.98500061035156 163.56100463867188
v 126.88400268554688 99.57579803466797 137.5800018310547
v 110.30799865722656 163.96800231933594 91.50140380859375
v 109.53600311279297 158.74600219726562 95.71630096435547
v 229.44200134277344 167.76300048828125 193.24200439453125
v 204.16299438476562 161.55799865722656 194.97300720214844
v 82.90969848632812 214.57200622558594 63.40129852294922
v 101.16000366210938 145.79600524902344 101.52400207519531
v 98.72319793701172 142.5540008544922 99.73419952392578
v 184.8699951171875 103.9000015258789 187.67100524902344
v 60.91189956665039 220.90899658203125 153.26600646972656
v 64.506103515625 221.25599670410156 156.42999267578125
v 72.82949829101562 222.4980010986328 67.7333984375
v 58.479698181152344 237.5489959716797 121.39800262451172
v 62.42580032348633 241.2169952392578 116.89800262451172
v 117.53500366210938 163.56900024414062 205.68699645996094
v 136.2570037841797 181.60899353027344 197.36099243164062
v 235.58200073242188 187.75799560546875 181.6820068359375
v 236.6649932861328 186.1959991455078 182.927001953125
v 109.69000244140625 135.4499969482422 131.11399841308594
v 113.0469970703125 138.6959991455078 133.19900512695312
v 148.26600646972656 128.88299560546875 143.72999572753906
v 146.42599487304688 129.87100219726562 144.55599975585938
v 189.1790008544922 126.75900268554688 153.79299926757812
v 223.17100524902344 176.2100067138672 174.59800720214844
v 225.55299377441406 178.8159942626953 176.58700561523438
v 147.87100219726562 120.697998046875 146.96800231933594
v 137.7899932861328 159.281005859375 140.68600463867188
v 187.54100036621094 104.55799865722656 188.79200744628906
v 153.64599609375 172.36099243164062 148.9290008544922
v 151.85899353027344 173.18800354003906 146.58799743652344
v 107.64900207519531 237.86199951171875 94.76709747314453
v 110.10099792480469 233.25100708007812 94.00520324707031
v 195.01100158691406 99.7708969116211 155.3300018310547
v 235.19200134277344 170.88099670410156 190.36399841308594
v 122.9209976196289 247.9250030517578 147.61000061035156
v 125.13500213623047 243.88800048828125 151.35400390625
v 115.60299682617188 110.01200103759766 128.98899841308594
v 111.76200103759766 107.60900115966797 127.01799774169922
v 117.51300048828125 176.0489959716797 136.56399536132812
v 96.31300354003906 126.50900268554688 191.6840057373047
v 92.5781021118164 127.47200012207031 191.6020050048828
v 109.56400299072266 164.53799438476562 205.16799926757812
v 125.81099700927734 170.43600463867188 138.3300018310547
v 129.36500549316406 171.78500366210938 138.7779998779297
v 121.91200256347656 93.2136001586914 142.7570037841797
v 105.56199645996094 246.69900512695312 101.13400268554688
v 106.08499908447266 242.47900390625 97.32969665527344
v 146.31500244140625 131.24200439453125 146.58099365234375
v 178.17599487304688 171.94400024414062 193.9040069580078
v 62.17369842529297 193.8350067138672 69.03949737548828
v 170.53799438476562 164.43800354003906 137.88299560546875
v 173.6999969482422 162.58599853515625 135.96800231933594
v 91.00450134277344 259.218994140625 128.0469970703125
v 96.37950134277344 259.3320007324219 128.97500610351562
v 199.61399841308594 128.27699279785156 164.6750030517578
v 202.59100341796875 128.63999938964844 169.67999267578125
v 152.03199768066406 140.41600036621094 137.4600067138672
v 132.94400024414062 246.87899780273438 139.51499938964844
v 206.05299377441406 177.05499267578125 188.47900390625
v 133.88600158691406 140.24600219726562 197.68899536132812
v 131.09500122070312 136.8419952392578 194.87100219726562
v 118.84600067138672 173.58900451660156 138.906005859375
v 120.11599731445312 173.1490020751953 138.9709930419922
v 153.322998046875 198.31700134277344 159.47799682617188
v 54.591400146484375 144.46600341796875 153.84800720214844
v 56.47560119628906 146.5489959716797 160.8939971923828
v 135.1320037841797 132.63600158691406 134.66299438476562
v 121.41999816894531 176.94400024414062 137.53399658203125
v 100.65399932861328 259.42498779296875 126.0979995727539
v 106.13899993896484 258.3089904785156 124.26599884033203
v 214.1529998779297 171.6230010986328 191.52099609375
v 217.177001953125 172.27699279785156 191.4149932861328
v 88.96880340576172 258.3689880371094 114.88500213623047
v 101.84300231933594 221.11099243164062 173.447998046875
v 98.82569885253906 225.2259979248047 170.7429962158203
v 146.59800720214844 138.11700439453125 147.53399658203125
v 148.42799377441406 138.65899658203125 149.13299560546875
v 237.4969940185547 189.49200439453125 185.07699584960938
v 237.3159942626953 190.9250030517578 184.06900024414062
v 109.3290023803711 228.06500244140625 91.51300048828125
v 158.97300720214844 187.76600646972656 193.63600158691406
v 158.54800415039062 184.6580047607422 195.28199768066406
v 167.43299865722656 112.56300354003906 192.14700317382812
v 164.17100524902344 116.30699920654297 193.3699951171875
v 96.90370178222656 120.91799926757812 185.89999389648438
v 90.9384994506836 123.3239974975586 186.75900268554688
v 182.49899291992188 191.68800354003906 157.38999938964844
v 213.58099365234375 191.427001953125 179.13400268554688
v 217.34300231933594 192.3040008544922 179.34500122070312
v 101.61499786376953 153.03500366210938 90.44010162353516
v 178.4709930419922 193.625 170.6269989013672
v 229.5749969482422 193.8040008544922 177.45799255371094
v 228.947998046875 195.71200561523438 178.2779998779297
v 101.25700378417969 193.93800354003906 191.07899475097656
v 151.7779998779297 201.6280059814453 142.28900146484375
v 151.88499450683594 200.0570068359375 145.0540008544922
v 79.5530014038086 123.18199920654297 177.9029998779297
v 74.34439849853516 124.82099914550781 174.03700256347656
v 166.4320068359375 115.34100341796875 145.5919952392578
v 169.06300354003906 114.47599792480469 146.41900634765625
v 110.31700134277344 98.59639739990234 128.55799865722656
v 108.1240005493164 100.08000183105469 127.29000091552734
v 147.74600219726562 136.1479949951172 149.73199462890625
v 210.67799377441406 191.80499267578125 177.30099487304688
v 213.7969970703125 194.14700317382812 176.3990020751953
v 94.5479965209961 202.08299255371094 70.04119873046875
v 227.56100463867188 196.11099243164062 177.9969940185547
v 227.81700134277344 195.16299438476562 176.72500610351562
v 69.25360107421875 212.14999389648438 63.56079864501953
v 73.25080108642578 214.6009979248047 62.48780059814453
v 71.62339782714844 132.98599243164062 95.80740356445312
v 147.46099853515625 144.91700744628906 146.33999633789062
v 149.58099365234375 143.7270050048828 147.73199462890625
v 83.44049835205078 243.39999389648438 83.29190063476562
v 86.7291030883789 245.39700317382812 87.20459747314453
v 69.78130340576172 130.20199584960938 173.38400268554688
v 162.22000122070312 188.8769989013672 185.5240020751953
v 93.81690216064453 134.7030029296875 197.44500732421875
v 91.0947036743164 133.20399475097656 195.1269989013672
v 235.89999389648438 193.4709930419922 179.48899841308594
v 237.26100158691406 192.34300231933594 180.3679962158203
v 125.4739990234375 192.92999267578125 191.6219940185547
v 165.16200256347656 207.36700439453125 162.7969970703125
v 167.1580047607422 207.0030059814453 160.83299255371094
v 151.33799743652344 120.46099853515625 144.38400268554688
v 233.35699462890625 178.4739990234375 188.83900451660156
v 198.11500549316406 171.72500610351562 191.97799682617188
v 203.06100463867188 172.13299560546875 191.71400451660156
v 146.8679962158203 133.41600036621094 148.94900512695312
v 170.06100463867188 186.11900329589844 190.02099609375
v 166.77200317382812 184.13400268554688 193.16700744628906
v 157.4739990234375 197.5050048828125 140.55599975585938
v 52.18790054321289 152.16299438476562 155.03199768066406
v 52.41630172729492 157.23699951171875 158.69000244140625
v 171.91900634765625 99.4740982055664 143.54200744628906
v 171.05299377441406 98.8479995727539 148.16600036621094
v 135.48599243164062 235 154.65899658203125
v 155.80999755859375 148.91299438476562 136.59300231933594
v 81.439697265625 256.75799560546875 123.45700073242188
v 85.89530181884766 258.7909851074219 119.87000274658203
v 148.33099365234375 203.53599548339844 126.83699798583984
v 149.74899291992188 200.23599243164062 128.05299377441406
v 121.96199798583984 250.79800415039062 122.97200012207031
v 197.71800231933594 101.95700073242188 154.8679962158203
v 84.87999725341797 134.17100524902344 85.23149871826172
v 86.6498031616211 131.08099365234375 88.77639770507812
v 79.2405014038086 148.98699951171875 69.19760131835938
v 75.26260375976562 151.56199645996094 70.04630279541016
v 214.37899780273438 189.87899780273438 181.30599975585938
v 219.3090057373047 190.3260040283203 181.5240020751953
v 214.85499572753906 115.63099670410156 192.13800048828125
v 211.94400024414062 117.09600067138672 193.60000610351562
v 140.66600036621094 112.61599731445312 150.14500427246094
v 140.51100158691406 110.99800109863281 151.11399841308594
v 163.3040008544922 202.21600341796875 134.33599853515625
v 162.63900756835938 201.41799926757812 128.69500732421875
v 104.1449966430664 147.46400451660156 120.56199645996094
v 102.08000183105469 143.56700134277344 121.7239990234375
v 74.37139892578125 133.31199645996094 181.90199279785156
v 74.64910125732422 137.7760009765625 184.55499267578125
v 197.42599487304688 106.25199890136719 161.7969970703125
v 198.552001953125 103.62799835205078 158.5570068359375
v 227.3000030517578 131.06199645996094 191.86399841308594
v 141.81700134277344 133.48500061035156 153.218994140625
v 160.13099670410156 197.1929931640625 155.23599243164062
v 95.64070129394531 181.13900756835938 195.7310028076172
v 98.53019714355469 188.77200317382812 192.75900268554688
v 209.05099487304688 113.22200012207031 180.71099853515625
v 144.44400024414062 109.19200134277344 147.3560028076172
v 148.4340057373047 108.66200256347656 144.43699645996094
v 149.08200073242188 147.97300720214844 142.3459930419922
v 90.447998046875 113.38800048828125 110.6760025024414
v 88.9352035522461 113.7770004272461 108.20899963378906
v 149.3419952392578 183.19200134277344 130.55599975585938
v 146.4029998779297 179.4759979248047 198.22500610351562
v 148.4739990234375 184.09800720214844 196.30299377441406
v 194.02000427246094 117.54100036621094 163.59100341796875
v 203.41000366210938 97.01439666748047 172.28900146484375
v 230.71600341796875 170.7899932861328 184.89599609375
v 231.92799377441406 168.3470001220703 187.26199340820312
v 142.8350067138672 130.7949981689453 148.92999267578125
v 142.94900512695312 128.8260040283203 148.46600341796875
v 73.77269744873047 169.13299560546875 57.852500915527344
v 77.4030990600586 170.91200256347656 56.11259841918945
v 105.3550033569336 250.16700744628906 105.25299835205078
v 142.30299377441406 124.96700286865234 153.4510040283203
v 60.09659957885742 216.65699768066406 156.03500366210938
v 76.32599639892578 204.80999755859375 174.07200622558594
v 147.73199462890625 141.33399963378906 147.53700256347656
v 150.66600036621094 141.7010040283203 150.30299377441406
v 145.69500732421875 197.4080047607422 187.05099487304688
v 145.16200256347656 139.61199951171875 155.8939971923828
v 147.71200561523438 137.3939971923828 155.9510040283203
v 171.11900329589844 120.8499984741211 144.80999755859375
v 171.1840057373047 117.5469970703125 146.57200622558594
v 225.24000549316406 160.7830047607422 193.60000610351562
v 144.01800537109375 126.06300354003906 153.3560028076172
v 202.81700134277344 100.13999938964844 161.3800048828125
v 166.41000366210938 119.14299774169922 144.01800537109375
v 144.11099243164062 152.58599853515625 146.07699584960938
v 144.4029998779297 149.5590057373047 148.61099243164062
v 166.74400329589844 172.9720001220703 150.62899780273438
v 167.4409942626953 174.91600036621094 152.62399291992188
v 136.18699645996094 124.25399780273438 139.0500030517578
v 139.27200317382812 122.90299987792969 141.22799682617188
v 139.5330047607422 109.7490005493164 151.19500732421875
v 205.5989990234375 128.00599670410156 173.02999877929688
v 203.82400512695312 125.3479995727539 172.0780029296875
v 63.74570083618164 206.0780029296875 165.23899841308594
v 67.57109832763672 209.01300048828125 166.03799438476562
v 94.95919799804688 105.12100219726562 147.25599670410156
v 89.08360290527344 109.96800231933594 144.89700317382812
v 146.16700744628906 132.73599243164062 138.2779998779297
v 149.31700134277344 133.89700317382812 139.62600708007812
v 227.4669952392578 134.96299743652344 192.3350067138672
v 74.83660125732422 144.08200073242188 186.89999389648438
v 77.40370178222656 146.41600036621094 189.86399841308594
v 127.21299743652344 93.70230102539062 156.0489959716797
v 132.08099365234375 242.27699279785156 124.52899932861328
v 59.992698669433594 230.6909942626953 140.55099487304688
v 214.5970001220703 108.27899932861328 185.58200073242188
v 215.26100158691406 107.11799621582031 186.48500061035156
v 147.46400451660156 201.68800354003906 175.99899291992188
v 147.78799438476562 199.95799255371094 179.1020050048828
v 169.5850067138672 203.64700317382812 123.26799774169922
v 172.51100158691406 194.30799865722656 123.35299682617188
v 168.29600524902344 192.49600219726562 122.93499755859375
v 81.85749816894531 255.63900756835938 129.61599731445312
v 85.01380157470703 255.3560028076172 132.97999572753906
v 232.46400451660156 146.84500122070312 190.78500366210938
v 121.52400207519531 176.2760009765625 138.91099548339844
v 122.53199768066406 175.44700622558594 139.01199340820312
v 94.52850341796875 247.04100036621094 149.3350067138672
v 96.61710357666016 249.61399841308594 146.61599731445312
v 109.95099639892578 192.32000732421875 192.99400329589844
v 112.59200286865234 195.5070037841797 190.54299926757812
v 161.62899780273438 204.63400268554688 165.031005859375
v 163.1699981689453 207.08900451660156 164.42100524902344
v 229.37899780273438 155.77499389648438 186.85499572753906
v 74.37129974365234 132.56100463867188 91.85970306396484
v 127.81900024414062 109.27400207519531 137.71800231933594
v 134.90699768066406 223.0500030517578 165.6060028076172
v 158.86099243164062 192.7830047607422 116.99600219726562
v 156.43099975585938 191.3280029296875 117.15899658203125
v 150.58999633789062 208.68499755859375 156.7270050048828
v 150.0749969482422 204.30099487304688 158.0449981689453
v 66.54540252685547 201.7689971923828 169.40499877929688
v 71.46320343017578 202.65499877929688 171.86700439453125
v 193.76699829101562 100.75299835205078 150.95599365234375
v 192.45899963378906 100.50599670410156 150.44000244140625
v 179.44700622558594 188.2550048828125 160.44900512695312
v 108.3550033569336 167.38699340820312 86.11900329589844
v 115.92900085449219 130.7550048828125 133.0070037841797
v 92.50499725341797 153.60499572753906 76.13259887695312
v 91.21600341796875 148.74400329589844 79.1250991821289
v 170.25900268554688 201.66900634765625 117.9260025024414
v 47.31100082397461 188.11000061035156 148.61000061035156
v 157.39300537109375 96.65670013427734 144.79400634765625
v 152.73599243164062 95.97010040283203 146.45599365234375
v 163.02499389648438 207.83999633789062 162.71499633789062
v 162.5970001220703 208.16900634765625 160.7530059814453
v 154.67599487304688 198.25900268554688 169.15899658203125
v 151.26600646972656 197.82699584960938 174.0540008544922
v 212.6739959716797 103.4489974975586 186.61599731445312
v 210.8509979248047 101.02400207519531 186.06700134277344
v 170.92599487304688 168.38499450683594 140.84100341796875
v 174.24200439453125 170.4239959716797 141.6479949951172
v 172.71600341796875 197.7270050048828 173.48699951171875
v 171.1529998779297 196.9770050048828 177.61399841308594
v 152.822998046875 169.91900634765625 150.9709930419922
v 128.0709991455078 105.13300323486328 175.22300720214844
v 125.25599670410156 102.73799896240234 170.56199645996094
v 120.19000244140625 212.70799255371094 92.32890319824219
v 206.73199462890625 107.15599822998047 191.1060028076172
v 120.69300079345703 140.6540069580078 202.05299377441406
v 166.97999572753906 169.41000366210938 146.36900329589844
v 170.31100463867188 170.18499755859375 144.20399475097656
v 163.45599365234375 205.4530029296875 148.5760040283203
v 229.3699951171875 193.9929962158203 181.58900451660156
v 226.97300720214844 195.3769989013672 179.85400390625
v 230.1909942626953 162.06199645996094 193.5800018310547
v 229.55999755859375 165 193.60000610351562
v 88.99320220947266 257.0870056152344 132.04800415039062
v 93.64299774169922 257.1310119628906 133.3280029296875
v 197.46800231933594 187.79200744628906 178.72799682617188
v 198.75599670410156 188.36000061035156 176.281005859375
v 151.00399780273438 95.29900360107422 151.88299560546875
v 67.17729949951172 199.2740020751953 60.690101623535156
v 187.70599365234375 151.1230010986328 196.91700744628906
v 177.4770050048828 143.36599731445312 197.92100524902344
v 61.67279815673828 190.57699584960938 169.1540069580078
v 113.60900115966797 202.08399963378906 186.23199462890625
v 118.89700317382812 253.86199951171875 126.18900299072266
v 125.46099853515625 250.9340057373047 130.3419952392578
v 60.6254997253418 138.29400634765625 160.3780059814453
v 58.49639892578125 138.14700317382812 154.17599487304688
v 203.906005859375 103.02200317382812 167.9340057373047
v 154.96499633789062 150.26199340820312 153.3419952392578
v 163.7050018310547 209.0229949951172 154.5959930419922
v 231.427001953125 146.98899841308594 193.58799743652344
v 229.67999267578125 146.16000366210938 193.60000610351562
v 169.24899291992188 180.29200744628906 156.906005859375
v 232.4980010986328 162.83900451660156 190.68099975585938
v 153.4320068359375 147.94000244140625 155.35899353027344
v 154.30799865722656 150.9459991455078 155.76100158691406
v 94.05069732666016 210.55799865722656 179.0489959716797
v 94.72840118408203 215.5780029296875 175.88499450683594
v 125.0479965209961 167.55599975585938 204.09800720214844
v 132.04100036621094 165.36599731445312 202.7969970703125
v 98.02780151367188 204.55499267578125 183.66099548339844
v 157.13400268554688 190.88800048828125 189.1199951171875
v 126.41300201416016 175.7989959716797 132.32899475097656
v 126.37899780273438 173.18099975585938 132.81900024414062
v 174.43299865722656 194.33200073242188 176.1529998779297
v 201.3470001220703 123.4739990234375 195.70799255371094
v 141.82699584960938 138.1719970703125 152.2259979248047
v 230.2729949951172 165.59800720214844 187.36900329589844
v 55.180301666259766 141.3260040283203 149.58799743652344
v 156.16799926757812 154.42799377441406 153.71499633789062
v 69.2417984008789 228.9980010986328 152.8280029296875
v 171.47799682617188 136.11099243164062 197.7270050048828
v 164.96600341796875 147.51400756835938 198.39999389648438
v 236.60299682617188 189.0749969482422 181.51400756835938
v 237.61000061035156 187.93499755859375 182.42100524902344
v 147.30099487304688 133.42100524902344 150.76699829101562
v 120.74299621582031 188.02499389648438 194.94000244140625
v 115.37100219726562 192.6580047607422 192.66700744628906
v 136.86599731445312 179.86300659179688 117.53900146484375
v 128.3520050048828 173.14700317382812 130.39999389648438
v 127.70999908447266 177.1510009765625 130.5679931640625
v 109.18099975585938 106.8479995727539 168.3979949951172
v 60.34260177612305 219.57200622558594 83.4135971069336
v 62.150699615478516 225.70399475097656 86.24150085449219
v 208.56300354003906 97.7698974609375 173.0279998779297
v 207.6199951171875 96.99420166015625 175.49400329589844
v 152.91700744628906 195.9409942626953 116.5479965209961
v 156 195.48899841308594 116.35399627685547
v 171.5290069580078 191.70700073242188 127.22799682617188
v 91.30069732666016 113.63500213623047 172.50599670410156
v 93.88349914550781 138.6790008544922 92.06500244140625
v 96.52860260009766 138.78900146484375 98.15260314941406
v 51.79059982299805 184.718994140625 97.04429626464844
v 146.9409942626953 127.35299682617188 148.4429931640625
v 148.55799865722656 127.40799713134766 145.33200073242188
v 194.12600708007812 122.27300262451172 196.11700439453125
v 165.94900512695312 203.46499633789062 167.7989959716797
v 171.40899658203125 109.27999877929688 191.21499633789062
v 129.35400390625 186.93499755859375 125.30500030517578
v 129.781005859375 185.7740020751953 127.14900207519531
v 127.48500061035156 208.677001953125 179.38999938964844
v 105.7770004272461 193.98699951171875 191.6230010986328
v 107.49700164794922 198.43299865722656 188.61599731445312
v 208.63099670410156 136.85499572753906 172.8509979248047
v 206.88900756835938 131.5449981689453 173.54600524902344
v 106.87300109863281 197.5749969482422 79.66670227050781
v 47.234901428222656 170.07899475097656 143.1300048828125
v 146.14100646972656 230.7899932861328 141.7030029296875
v 73.0519027709961 166.00799560546875 59.73619842529297
v 74.53669738769531 204.34300231933594 57.474098205566406
v 79.19599914550781 207.13499450683594 59.09939956665039
v 237.68600463867188 175.66600036621094 188.70700073242188
v 237.94500732421875 173.71299743652344 189.5780029296875
v 184.89500427246094 98.7020034790039 161.99600219726562
v 177.09300231933594 98.23200225830078 158.73399353027344
v 220.18600463867188 195.13800048828125 171.58799743652344
v 126.04900360107422 196.27000427246094 91.589599609375
v 177.9600067138672 123.00900268554688 196.77999877929688
v 174.21600341796875 120.33200073242188 196.5469970703125
v 149.12600708007812 206.2760009765625 160.56300354003906
v 229.42300415039062 149.91400146484375 193.60000610351562
v 113.9020004272461 121.8280029296875 129.94500732421875
v 74.44190216064453 123.63500213623047 115.72899627685547
v 71.30940246582031 128.73599243164062 110.21900177001953
v 217.84100341796875 115.79199981689453 190.16700744628906
v 193.82000732421875 145.96800231933594 148.7570037841797
v 194.76400756835938 140.70399475097656 152.2310028076172
v 115.94999694824219 137.51199340820312 135.33999633789062
v 119.20899963378906 97.93609619140625 133.53799438476562
v 114.46499633789062 96.02149963378906 134.66700744628906
v 158.3280029296875 174.3560028076172 154.3699951171875
v 135.36399841308594 120.78900146484375 140.76199340820312
v 161.54400634765625 205.0659942626953 157.08399963378906
v 172.8459930419922 100.4729995727539 139.26699829101562
v 170.9459991455078 100.01200103759766 138.4149932861328
v 179.2779998779297 103.63099670410156 140.16400146484375
v 181.01600646972656 103.43299865722656 140.83799743652344
v 45.895999908447266 207.63600158691406 119.43900299072266
v 46.9093017578125 215.86900329589844 120.56300354003906
v 214.89599609375 112.48999786376953 189.97900390625
v 69.73970031738281 186.41799926757812 57.51369857788086
v 65.79419708251953 190.58700561523438 62.48979949951172
v 55.003700256347656 155.7449951171875 108.91100311279297
v 157.95700073242188 162.36900329589844 152.53399658203125
v 206.36900329589844 100.21099853515625 168.91200256347656
v 89.36060333251953 109.1050033569336 151.54800415039062
v 85.08290100097656 112.40299987792969 150.052001953125
v 227.10699462890625 177.9040069580078 189.4219970703125
v 232.8780059814453 165.40699768066406 190.02000427246094
v 152.92999267578125 185.55299377441406 127.0989990234375
v 104.70999908447266 104.08100128173828 125.43000030517578
v 101.86599731445312 103.73899841308594 126.74600219726562
v 167.23399353027344 189.59100341796875 181.3990020751953
v 162.97300720214844 102.8290023803711 134.95700073242188
v 165.54200744628906 102.05599975585938 134.6320037841797
v 222.64199829101562 162.1199951171875 177.5970001220703
v 224.00799560546875 157.76100158691406 179.9709930419922
v 146.218994140625 203.31900024414062 116.91899871826172
v 195.04200744628906 184.0019989013672 183.6320037841797
v 198.64199829101562 186.44900512695312 181.56500244140625
v 232.2050018310547 143.5070037841797 193.3260040283203
v 114.98200225830078 156.406005859375 124.2020034790039
v 111.27799987792969 152.9969940185547 124.26699829101562
v 155.72900390625 196.28199768066406 173.48500061035156
v 210.78399658203125 104.73799896240234 183.7030029296875
v 81.12069702148438 173.31300354003906 191.93299865722656
v 82.07109832763672 182.1009979248047 189.9550018310547
v 195.8800048828125 137.72900390625 155.56199645996094
v 194.3350067138672 133.88800048828125 156.38099670410156
v 48.323001861572266 216.39100646972656 114.87799835205078
v 49.99409866333008 222.5540008544922 115.55500030517578
v 97.53179931640625 156.39300537109375 80.81729888916016
v 95.73210144042969 151.9459991455078 82.7157974243164
v 144.2010040283203 133.52699279785156 193.95599365234375
v 123.13500213623047 173.39500427246094 102.53600311279297
v 123.60299682617188 171.17100524902344 106.79100036621094
v 76.51920318603516 197.62399291992188 177.88600158691406
v 103.00399780273438 211.86900329589844 179.36199951171875
v 107.74099731445312 208.4669952392578 181.593994140625
v 81.55680084228516 156.6300048828125 62.58489990234375
v 89.60060119628906 135.64999389648438 195.43499755859375
v 166.4239959716797 209.7270050048828 143.8800048828125
v 167.89199829101562 209.99899291992188 146.2969970703125
v 105.17400360107422 122.0510025024414 187.58999633789062
v 119.1729965209961 127.31400299072266 190.1739959716797
v 174.00900268554688 179.30599975585938 154.31300354003906
v 176.53199768066406 181.67100524902344 156.12399291992188
v 163.40499877929688 188.20799255371094 182.9530029296875
v 164.6790008544922 187.66200256347656 184.15499877929688
v 81.4636001586914 240.7169952392578 79.83689880371094
v 105.8010025024414 117.26699829101562 127.375
v 225.7169952392578 126.07499694824219 190.25900268554688
v 146.79200744628906 130.6269989013672 148.0469970703125
v 152.9810028076172 103.51300048828125 139.42599487304688
v 54.27830123901367 222.48199462890625 140.3179931640625
v 122.11699676513672 98.22480010986328 134.9040069580078
v 226.61700439453125 129.85899353027344 186.83599853515625
v 59.98469924926758 148.61399841308594 103.5979995727539
v 144.97900390625 133.427001953125 147.45399475097656
v 143.5469970703125 135.96800231933594 148.87100219726562
v 214.86000061035156 132.18499755859375 195.03599548339844
v 207.3820037841797 131.86399841308594 196.11000061035156
v 144.60899353027344 99.87899780273438 144.13099670410156
v 143.64100646972656 101.43599700927734 145.96400451660156
v 127.99600219726562 178.66000366210938 128.5540008544922
v 56.46649932861328 157.7010040283203 101.39800262451172
v 201.7790069580078 175.9949951171875 189.23300170898438
v 91.80030059814453 157.4290008544922 71.5154037475586
v 88.06189727783203 156.4429931640625 67.42500305175781
v 149.04600524902344 99.91290283203125 141.4250030517578
v 128.656005859375 188.91700744628906 93.54180145263672
v 127.95500183105469 185.63499450683594 94.3395004272461
v 65.51490020751953 240.3780059814453 103.24800109863281
v 69.93319702148438 242.19700622558594 95.94280242919922
v 179.6840057373047 179.0760040283203 152.22999572753906
v 238.6840057373047 190.58999633789062 181.93099975585938
v 159.76300048828125 129.43699645996094 196.60299682617188
v 154.13499450683594 129.8470001220703 195.91299438476562
v 207.6199951171875 178.47900390625 164.23500061035156
v 112.48699951171875 129.48500061035156 132.7989959716797
v 238.5989990234375 187.91900634765625 182.67799377441406
v 74.99639892578125 199.49600219726562 56.18429946899414
v 77.30069732666016 196.50900268554688 55.23939895629883
v 129.4770050048828 95.03710174560547 160.7220001220703
v 201.52499389648438 188.16600036621094 168.84300231933594
v 203.33799743652344 189.16799926757812 169.67599487304688
v 74.55609893798828 120.81999969482422 169.08700561523438
v 70.04000091552734 123.47799682617188 163.56100463867188
v 168.16900634765625 180.7530059814453 156.26199340820312
v 167.14199829101562 179.8699951171875 156.9250030517578
v 94.40899658203125 257.0899963378906 110.73200225830078
v 169.5 97.7063980102539 159.08799743652344
v 166.4290008544922 98.1072998046875 167.73199462890625
v 226.375 196.10000610351562 176.1009979248047
v 155.33900451660156 96.9352035522461 139.406005859375
v 130.74200439453125 226.78900146484375 108.12100219726562
v 134.718994140625 223.6909942626953 110.625
v 203.30999755859375 114.66000366210938 175.23199462890625
v 205.8260040283203 112.65399932861328 178.16600036621094
v 159.8179931640625 167.01800537109375 149.13900756835938
v 228.07000732421875 133.1490020751953 186.73899841308594
v 121.39800262451172 169.33999633789062 103.67500305175781
v 92.7571029663086 116.59500122070312 107.12799835205078
v 91.40280151367188 114.58499908447266 108.01899719238281
v 213.29299926757812 185.5469970703125 168.31500244140625
v 213.27699279785156 180.86700439453125 167.21600341796875
v 189.94500732421875 131.9709930419922 151.8300018310547
v 140.51699829101562 229.95799255371094 124.51300048828125
v 143.7830047607422 223.38499450683594 125.56400299072266
v 236.9600067138672 178.0800018310547 186.64599609375
v 235.92300415039062 178.73800659179688 187.93099975585938
v 96.58270263671875 132.77200317382812 197.05999755859375
v 94.34390258789062 129.98800659179688 194.59100341796875
v 99.33679962158203 215.40199279785156 176.78500366210938
v 174.76300048828125 151.7209930419922 135.1300048828125
v 176.19500732421875 146.72999572753906 135.48699951171875
v 71.83399963378906 249.61199951171875 124.12899780273438
v 235.6820068359375 169.86599731445312 187.9530029296875
v 75.86859893798828 237.2449951171875 150.0189971923828
v 102.79499816894531 197.63400268554688 188.8070068359375
v 155.9499969482422 166.34800720214844 154.44000244140625
v 150.63800048828125 128.16700744628906 142.03199768066406
v 150.93600463867188 130.91400146484375 140.10699462890625
v 146.04299926757812 205.4040069580078 176.33900451660156
v 147.29200744628906 206.38299560546875 173.67100524902344
v 81.83049774169922 143.31500244140625 192.02099609375
v 134.35499572753906 216.49200439453125 171.18899536132812
v 103.84400177001953 179.56100463867188 198.21299743652344
v 156.36500549316406 156.3350067138672 151.29299926757812
v 156.9409942626953 158.7469940185547 147.1719970703125
v 219.39300537109375 124.61100006103516 183.75999450683594
v 165.70899963378906 204.0330047607422 131.3070068359375
v 167.16200256347656 207.39599609375 134.85400390625
v 106.3550033569336 151.52200317382812 117.85399627685547
v 104.65299987792969 149.781005859375 112.28700256347656
v 192.1199951171875 141.83999633789062 196.8000030517578
v 182.35000610351562 135.2530059814453 196.85499572753906
v 187.69000244140625 172.67599487304688 148.33299255371094
v 187.60000610351562 168.9250030517578 144.60499572753906
v 124.72100067138672 243.9149932861328 115.09400177001953
v 151.9239959716797 150.2449951171875 156.78199768066406
v 86.67990112304688 218.1269989013672 67.30670166015625
v 102.76300048828125 119.19200134277344 184.22300720214844
v 98.35130310058594 116.27200317382812 179.60299682617188
v 85.16739654541016 116.6729965209961 103.37899780273438
v 216.343994140625 109.60600280761719 186.0240020751953
v 93.0792007446289 163.052001953125 199.76199340820312
v 124.68900299072266 126.59300231933594 189.01100158691406
v 216.39100646972656 123.6520004272461 181.92100524902344
v 88.49939727783203 241.73300170898438 82.98410034179688
v 196.6179962158203 152.74899291992188 149.99000549316406
v 117.09100341796875 175.3939971923828 136.0540008544922
v 116.822998046875 176.09800720214844 136.31300354003906
v 85.4446029663086 113.71600341796875 117.24500274658203
v 165.4219970703125 179.34800720214844 154.98399353027344
v 237.16600036621094 175.39700317382812 187.4530029296875
v 138.9320068359375 149.3939971923828 201.7530059814453
v 232.68299865722656 167.08099365234375 191.61099243164062
v 231.57000732421875 165.3979949951172 193.2469940185547
v 237.64199829101562 182.93600463867188 185.93600463867188
v 236.41600036621094 181.4600067138672 187.1999969482422
v 148.14300537109375 181.4250030517578 134.677001953125
v 84.54620361328125 148.89199829101562 70.39520263671875
v 111.06700134277344 112.15799713134766 127.73799896240234
v 228.08200073242188 151.14300537109375 185.4219970703125
v 218.5970001220703 167.62399291992188 170.69500732421875
v 229.1300048828125 177.9219970703125 180.30299377441406
v 208.01300048828125 100.16500091552734 173.66799926757812
v 100.95800018310547 141.24200439453125 203.01600646972656
v 125.75399780273438 235.8800048828125 108.48699951171875
v 78.08519744873047 216.23500061035156 62.50790023803711
v 155.02000427246094 103.2490005493164 182.4219970703125
v 151.7989959716797 105.36499786376953 184.38699340820312
v 101.7239990234375 240.91000366210938 92.83470153808594
v 67.68260192871094 243.13499450683594 133.5189971923828
v 69.40139770507812 241.8679962158203 138.53799438476562
v 81.28269958496094 190.78399658203125 55.58169937133789
v 81.51609802246094 186.92100524902344 55.275699615478516
v 145.2519989013672 101.85600280761719 175.83099365234375
v 100.91799926757812 217.8070068359375 175.1999969482422
v 105.22699737548828 218.16700744628906 175.21499633789062
v 101.01000213623047 255.427001953125 138.64300537109375
v 223.6280059814453 123.01499938964844 187.0469970703125
v 223.08700561523438 121.01399993896484 188.0570068359375
v 47.774600982666016 163.81900024414062 129.5919952392578
v 56.99409866333008 216.2480010986328 152.73800659179688
v 164.33099365234375 171.01699829101562 149.91400146484375
v 165.13699340820312 205.2969970703125 137.00799560546875
v 68.71839904785156 207.60299682617188 61.835201263427734
v 72.24739837646484 206.80499267578125 58.77040100097656
v 88.5302963256836 188.52200317382812 189.9550018310547
v 86.42060089111328 184.3280029296875 191.16799926757812
v 71.43470001220703 137.72999572753906 181.2790069580078
v 163.38600158691406 191.33900451660156 122.26399993896484
v 158.85499572753906 190.59500122070312 120.72899627685547
v 172.88900756835938 109.08399963378906 143.79800415039062
v 155.44400024414062 171.7469940185547 151.93299865722656
v 157.46299743652344 171.10800170898438 155.13999938964844
v 144.03700256347656 154.11000061035156 140.01199340820312
v 143.48800659179688 152.45399475097656 137.40199279785156
v 72.47820281982422 178.9499969482422 55.56760025024414
v 71.78489685058594 182.47500610351562 55.53030014038086
v 56.93619918823242 139.77000427246094 139.92100524902344
v 69.9281997680664 146.93099975585938 81.97309875488281
v 95.26309967041016 143.75999450683594 90.44159698486328
v 77.22899627685547 179.04400634765625 188.0240020751953
v 203.29400634765625 108.01000213623047 191.97799682617188
v 80.21040344238281 134.0970001220703 85.16850280761719
v 149.46299743652344 148.83599853515625 156.3000030517578
v 146.7449951171875 131.19400024414062 149.5229949951172
v 146.5260009765625 132.718994140625 148.41799926757812
v 157.5489959716797 139.83599853515625 135.2550048828125
v 154.44200134277344 143.468994140625 136.1490020751953
v 67.84559631347656 128.16799926757812 136.7760009765625
v 93.2863998413086 252.125 100.05599975585938
v 149.4550018310547 219.29600524902344 155.91099548339844
v 150.9969940185547 216.62600708007812 157.36700439453125
v 155.80099487304688 155.14100646972656 155.7729949951172
v 156.2689971923828 157.125 155.0489959716797
v 159.46600341796875 192.65899658203125 178.3179931640625
v 168.9149932861328 188.45399475097656 183.84300231933594
v 135.24600219726562 128.16099548339844 136.27999877929688
v 196.2729949951172 98.32769775390625 175.0330047607422
v 76.94850158691406 222.6929931640625 65.6530990600586
v 183.46600341796875 170.98300170898438 143.3179931640625
v 136.26699829101562 205.46800231933594 103.00399780273438
v 179.01600646972656 189.5570068359375 149.02999877929688
v 49.70090103149414 200.28500366210938 102.2969970703125
v 122.3239974975586 177.00799560546875 138.2239990234375
v 51.441898345947266 225.468994140625 132.11900329589844
v 51.51409912109375 228.14599609375 124.85600280761719
v 146.6719970703125 210.38400268554688 171.406005859375
v 142.63600158691406 212.57400512695312 171
v 221.28399658203125 197.02099609375 173.20899963378906
v 222.93299865722656 196.3800048828125 173.8249969482422
v 89.67939758300781 124.00800323486328 97.07360076904297
v 218.4709930419922 195.25100708007812 177.35299682617188
v 215.91700744628906 194.26800537109375 177.2530059814453
v 173.19500732421875 183.35000610351562 158.08799743652344
v 177.8820037841797 204.64199829101562 144.1580047607422
v 181.60000610351562 201.5030059814453 142.67300415039062
v 161.70199584960938 189.43600463867188 181.4010009765625
v 104.6729965209961 158.8730010986328 205.08999633789062
v 73.9625015258789 228.50599670410156 71.4916000366211
v 172.2899932861328 111.30699920654297 146.79200744628906
v 174.20899963378906 112.90299987792969 148.36900329589844
v 116.20099639892578 169.8260040283203 94.32520294189453
v 118.71099853515625 168.0070037841797 99.73670196533203
v 77.1281967163086 239.27699279785156 80.0780029296875
v 122.30500030517578 201.4499969482422 186.1580047607422
v 120.06900024414062 206.82200622558594 182.98800659179688
v 195.98300170898438 105.73300170898438 158.0590057373047
v 197.927001953125 103.36100006103516 156.26100158691406
v 143.5749969482422 161.6020050048828 145.1510009765625
v 229.9600067138672 149.67100524902344 187.6179962158203
v 228.1999969482422 145.77099609375 185.85800170898438
v 168.08599853515625 176.6929931640625 154.43800354003906
v 171.0659942626953 177.76100158691406 153.7989959716797
v 229.0919952392578 130.80599975585938 190.61399841308594
v 228.28399658203125 129.2760009765625 188.4709930419922
v 224.4499969482422 128.42300415039062 186.2449951171875
v 224.39599609375 125.24700164794922 186.79800415039062
v 140.70399475097656 126.77999877929688 139.11000061035156
v 148.19700622558594 194.58900451660156 189.0570068359375
v 150.41299438476562 194.9980010986328 187.27200317382812
v 205.7949981689453 156.4969940185547 195.91600036621094
v 201.61700439453125 150.36000061035156 196.8000030517578
v 131.9290008544922 187.5760040283203 96.94400024414062
v 131.13900756835938 184.8350067138672 98.33290100097656
v 118.90599822998047 145.66299438476562 203.6479949951172
v 113.72799682617188 147.47999572753906 205.06199645996094
v 159.49200439453125 134.2220001220703 136.48199462890625
v 212.46800231933594 108.6709976196289 184.1820068359375
v 213.5679931640625 105.5530014038086 185.61199951171875
v 232.4720001220703 192.82000732421875 179.0800018310547
v 234.21299743652344 193.23800659179688 179.29400634765625
v 77.21070098876953 236.03599548339844 75.69059753417969
v 80.181396484375 235.0919952392578 73.2029037475586
v 69.92340087890625 134.26800537109375 177.28399658203125
v 66.5374984741211 133.9530029296875 171.4980010986328
v 112.01200103759766 142.0050048828125 131.427001953125
v 156.41900634765625 100.10099792480469 176.41400146484375
v 96.05370330810547 259.1130065917969 118.23400115966797
v 100.13600158691406 256.7749938964844 113.6510009765625
v 196.6820068359375 99.07569885253906 182.0260009765625
v 202.08299255371094 97.06310272216797 180.06500244140625
v 235.91600036621094 183.16099548339844 186.45799255371094
v 207.5050048828125 140.906005859375 196.64999389648438
v 198.72000122070312 133.1999969482422 196.8000030517578
v 220.3280029296875 134.37899780273438 193.86700439453125
v 194.5500030517578 181.26600646972656 159.75100708007812
v 196.42999267578125 177.802001953125 157.59500122070312
v 60.17829895019531 212.54800415039062 77.69000244140625
v 103.677001953125 129.4290008544922 194.78900146484375
v 101.28399658203125 133.302001953125 197.9250030517578
v 122.4209976196289 129.84300231933594 130.49200439453125
v 125.53800201416016 129.60899353027344 131.0659942626953
v 101.7750015258789 101.8010025024414 130.3040008544922
v 99.04930114746094 102.62999725341797 134.98300170898438
v 145.68499755859375 123.98400115966797 150.85699462890625
v 228.05999755859375 164.281005859375 185.30599975585938
v 156.67100524902344 106.1729965209961 185.9040069580078
v 157.7550048828125 110.2509994506836 189.0330047607422
v 110.3949966430664 149.822998046875 126.61199951171875
v 113.79299926757812 147.42300415039062 130.61199951171875
v 163.843994140625 202.80799865722656 166.52999877929688
v 162.6820068359375 204.01600646972656 165.73800659179688
v 126.74099731445312 170.15699768066406 116.18900299072266
v 125.80799865722656 167.2010040283203 118.85800170898438
v 77.88529968261719 253.15499877929688 127.9010009765625
v 81.23789978027344 252.58099365234375 134.50100708007812
v 187.75900268554688 103.91999816894531 145.71200561523438
v 102.9209976196289 139.98599243164062 124.56800079345703
v 100.01200103759766 139.58299255371094 120.39099884033203
v 95.66259765625 221.0070037841797 77.06719970703125
v 231.70199584960938 182.9040069580078 186.7209930419922
v 157.49600219726562 145.8769989013672 198.29200744628906
v 75.9563980102539 153.98599243164062 189.76499938964844
v 223.63499450683594 167.58799743652344 177.3040008544922
v 143.63600158691406 132.10699462890625 153.58200073242188
v 145.23399353027344 130.447998046875 153.0449981689453
v 164.77000427246094 98.14720153808594 141.62100219726562
v 162.06399536132812 97.32140350341797 145.28199768066406
v 180.22999572753906 159.50999450683594 136.40899658203125
v 182.66900634765625 156.08900451660156 137.02099609375
v 216.30999755859375 118.22699737548828 192.26199340820312
v 172.7209930419922 187.20199584960938 137.0279998779297
v 177.6840057373047 187.48500061035156 157.76699829101562
v 160.84300231933594 199.7790069580078 137.8090057373047
v 122.76000213623047 173.52000427246094 139.1999969482422
v 214.35899353027344 105.13400268554688 187.18699645996094
v 202.29100036621094 97.89459991455078 167.2429962158203
v 203.78399658203125 97.43389892578125 169.19500732421875
v 171.28199768066406 199.94700622558594 117.72899627685547
v 172.6439971923828 199.80599975585938 118.89199829101562
v 87.4646987915039 116.25299835205078 103.25199890136719
v 50.87739944458008 172.7550048828125 105.375
v 53.57490158081055 175.66200256347656 95.7416000366211
v 140.76600646972656 130.88299560546875 150.84100341796875
v 151.64500427246094 200.34100341796875 163.5229949951172
v 229.98899841308594 132.36700439453125 189.93899536132812
v 145.43499755859375 144.56700134277344 148.31300354003906
v 144.39599609375 142.406005859375 149.7100067138672
v 136.60899353027344 147.1739959716797 201.95199584960938
v 133.39300537109375 143.9239959716797 201.13900756835938
v 89.63860321044922 221.2779998779297 170.95399475097656
v 114.40799713134766 163.65699768066406 97.59040069580078
v 112.5739974975586 159.06199645996094 101.51200103759766
v 211.5449981689453 112.69999694824219 182.16799926757812
v 83.92939758300781 204.55599975585938 60.938899993896484
v 88.76820373535156 205.21600341796875 65.15059661865234
v 116.28399658203125 231.77699279785156 97.39869689941406
v 112.95099639892578 235.33700561523438 96.97229766845703
v 132.9770050048828 123.29000091552734 137.8280029296875
v 219.40699768066406 114.95600128173828 188.677001953125
v 217.42599487304688 114.03500366210938 189.51199340820312
v 63.45719909667969 152.17100524902344 89.59739685058594
v 61.918800354003906 158.32699584960938 87.45800018310547
v 169.0500030517578 181.4340057373047 156.42100524902344
v 169.41400146484375 129.9029998779297 139.54600524902344
v 71.21920013427734 234.55499267578125 149.26400756835938
v 75.6229019165039 233.22300720214844 154.11599731445312
v 127.64600372314453 181.66299438476562 128.5540008544922
v 128.0030059814453 180.4709930419922 131.46499633789062
v 233.0800018310547 149.96499633789062 191.71600341796875
v 54.599700927734375 218.26100158691406 145.66099548339844
v 176.14199829101562 167.78599548339844 138.73500061035156
v 142.22000122070312 103.22200012207031 148.14599609375
v 63.72679901123047 197.2469940185547 65.8501968383789
v 137.55099487304688 213.427001953125 108.55500030517578
v 140.2550048828125 208.1999969482422 109.04399871826172
v 147.72000122070312 146.91299438476562 145.03500366210938
v 146.0240020751953 146.23699951171875 146.54299926757812
v 142.3260040283203 128.5500030517578 153.47300720214844
v 70.21900177001953 168.3209991455078 61.99869918823242
v 68.47429656982422 173.75599670410156 61.71929931640625
v 160.69700622558594 188.93299865722656 183.7030029296875
v 43.39619827270508 190.97300720214844 129.51100158691406
v 44.72669982910156 194.3979949951172 125.74700164794922
v 197.5760040283203 135.35299682617188 160.0330047607422
v 176.3800048828125 156.75100708007812 134.97799682617188
v 183.4709930419922 136.47900390625 143.8489990234375
v 179.6540069580078 133.20199584960938 142.1479949951172
v 47.14889907836914 195.46400451660156 147.7449951171875
v 50.26490020751953 203.06300354003906 151.0540008544922
v 79.3541030883789 115.84400177001953 157.20899963378906
v 79.91300201416016 116.30599975585938 148.98199462890625
v 149.92999267578125 188.19400024414062 193.95700073242188
v 118.36699676513672 141.51400756835938 135.26699829101562
v 232.18699645996094 162.1820068359375 192.85899353027344
v 112.20099639892578 134.90899658203125 199.2169952392578
v 108.54100036621094 136.2050018310547 200.73500061035156
v 127.59300231933594 188.21299743652344 122.34600067138672
v 209.83399963378906 127.00900268554688 194.64999389648438
v 202.625 127.95600128173828 195.99200439453125
v 58.283599853515625 220.47799682617188 150.10000610351562
v 130.36099243164062 224.62600708007812 167.29100036621094
v 158.42300415039062 104.23799896240234 137.39100646972656
v 161.1300048828125 105.39800262451172 137.70199584960938
v 127.28600311279297 182.55799865722656 126.16500091552734
v 147.31399536132812 151.68099975585938 153.37100219726562
v 64.92639923095703 215.48399353027344 161.64599609375
v 186.64999389648438 101.77300262451172 144.88299560546875
v 193.70899963378906 107.56199645996094 191.34300231933594
v 129.81399536132812 176.6750030517578 121.06800079345703
v 129.88900756835938 173.3730010986328 122.5739974975586
v 72.84259796142578 123.68499755859375 127.14099884033203
v 133.53799438476562 115.4540023803711 141.2790069580078
v 136.48399353027344 113.38400268554688 143.7100067138672
v 56.7598991394043 227.2830047607422 139.3159942626953
v 56.739200592041016 231.6490020751953 134.4600067138672
v 150.6490020751953 199.8939971923828 169.70199584960938
v 152.5229949951172 199.79400634765625 166.91299438476562
v 65.45610046386719 208.05999755859375 65.94950103759766
v 218.9720001220703 121.98600006103516 191.8280029296875
v 89.7969970703125 228.46099853515625 165.7169952392578
v 70.17630004882812 246.7899932861328 129.5679931640625
v 127.26200103759766 133.07000732421875 192.96800231933594
v 73.6167984008789 228.0800018310547 157.4720001220703
v 146.83099365234375 101.09700012207031 142.39700317382812
v 136.41299438476562 96.22979736328125 151.06100463867188
v 136.4239959716797 149.5290069580078 134.35800170898438
v 51.272098541259766 184.4759979248047 156.0399932861328
v 52.66529846191406 189.11399841308594 93.62699890136719
v 50.38740158081055 192.9770050048828 99.53510284423828
v 163.16600036621094 99.60579681396484 175.14199829101562
v 193.0800018310547 134.10899353027344 196.8000030517578
v 136.55999755859375 106.23500061035156 149.9929962158203
v 138.9770050048828 105.79199981689453 151.2729949951172
v 233.9600067138672 172.60000610351562 190.39999389648438
v 131.552001953125 132.01800537109375 191.8350067138672
v 120.87200164794922 173.77699279785156 135.47900390625
v 122.4489974975586 172.7530059814453 135.31500244140625
v 142.79800415039062 132.83099365234375 136.7429962158203
v 139.10400390625 128.97900390625 137.04200744628906
v 148.64100646972656 145.57400512695312 156.58200073242188
v 172.69500732421875 207.4010009765625 131.91299438476562
v 173.72999572753906 207.99000549316406 137.00799560546875
v 110.47000122070312 246.3470001220703 104.49700164794922
v 229.00900268554688 132.4010009765625 191.81500244140625
v 192.69900512695312 168.86900329589844 149.17799377441406
v 92.90709686279297 110.85600280761719 121.20899963378906
v 88.9801025390625 111.96900177001953 120.36599731445312
v 206.42999267578125 158.41200256347656 160.13800048828125
v 114.85099792480469 180.98500061035156 85.90360260009766
v 160.7259979248047 180.23699951171875 137.46099853515625
v 158.47300720214844 177.16099548339844 143.42799377441406
v 145.78700256347656 136.8489990234375 195.7570037841797
v 133.97500610351562 105.47899627685547 177.80099487304688
v 132.02200317382812 108.43299865722656 180.3520050048828
v 162.98899841308594 183.38499450683594 194.6230010986328
v 162.78700256347656 178.63499450683594 196.06900024414062
v 224.7259979248047 182.72900390625 174.96800231933594
v 142.50399780273438 136.13099670410156 135.82000732421875
v 97.26119995117188 177.9499969482422 70.16329956054688
v 100.7239990234375 175.6490020751953 74.49690246582031
v 166.20599365234375 117.48999786376953 194.17799377441406
v 142.3179931640625 178.51600646972656 137.61399841308594
v 173.21499633789062 204.01699829101562 124.37899780273438
v 172.7050018310547 202.9550018310547 121.49299621582031
v 157.625 100.99199676513672 135.6219940185547
v 139.67100524902344 110.61199951171875 184.9149932861328
v 135.92300415039062 113.15499877929688 185.49200439453125
v 210.80299377441406 133.88400268554688 176.19500732421875
v 231.64500427246094 194.7310028076172 178.91200256347656
v 153.76499938964844 150.14100646972656 149.19200134277344
v 185.89199829101562 178.10000610351562 153.35299682617188
v 189.0800018310547 175.0030059814453 152.06900024414062
v 168.5469970703125 100.73200225830078 135.0919952392578
v 170.98399353027344 102.4489974975586 136.28700256347656
v 151.9250030517578 213.6540069580078 141.3509979248047
v 98.81849670410156 236.66099548339844 87.40399932861328
v 98.50849914550781 232.05999755859375 84.4937973022461
v 77.47599792480469 189.52699279785156 54.14120101928711
v 137.9600067138672 101.02100372314453 151.1179962158203
v 137.50599670410156 99.08260345458984 151.1060028076172
v 63.48429870605469 233.3800048828125 142.6510009765625
v 78.37439727783203 130.35499572753906 90.13929748535156
v 44.027198791503906 192.2790069580078 139.61300659179688
v 205.8719940185547 190.94500732421875 172.052001953125
v 167.91200256347656 198.60699462890625 116.18900299072266
v 175.17300415039062 186.7010040283203 148.78900146484375
v 171.38699340820312 183.54100036621094 147.8090057373047
v 209.23300170898438 102.66000366210938 181.4340057373047
v 58.075599670410156 207.61599731445312 80.04650115966797
v 120.96700286865234 235.8280029296875 104.05500030517578
v 119.6780014038086 231.2550048828125 100.08499908447266
v 88.74109649658203 111.81400299072266 124.9749984741211
v 83.88459777832031 114.58599853515625 123.12999725341797
v 129.81700134277344 187.33599853515625 123.92500305175781
v 129.60699462890625 187.14300537109375 122.46700286865234
v 70.1895980834961 126.0739974975586 169.3560028076172
v 56.7510986328125 165.05299377441406 168.90899658203125
v 138.5709991455078 111.9990005493164 147.08700561523438
v 137.9669952392578 109.82099914550781 149.1580047607422
v 127.2239990234375 182.64199829101562 96.20269775390625
v 125.9749984741211 179.177001953125 99.52330017089844
v 154.00799560546875 191.8730010986328 114.76499938964844
v 140.65699768066406 127.02799987792969 152.50100708007812
v 141.23699951171875 125.44200134277344 153.25900268554688
v 228.89999389648438 174.57699584960938 190.47000122070312
v 231.552001953125 171.406005859375 190.66099548339844
v 56.3401985168457 188.97000122070312 83.99150085449219
v 128.03599548339844 126.37300109863281 133.00100708007812
v 117.1719970703125 212.3179931640625 179.23399353027344
v 81.37840270996094 256.4530029296875 116.69999694824219
v 95.2041015625 146.63499450683594 88.07319641113281
v 149.96800231933594 196.3280029296875 115.13800048828125
v 56.98939895629883 145.88699340820312 127.12899780273438
v 174.7969970703125 111.65599822998047 192.94500732421875
v 226.33599853515625 194.8679962158203 175.50900268554688
v 225.2550048828125 192.65899658203125 174.53700256347656
v 210.1320037841797 169.3470001220703 192.83399963378906
v 215.46200561523438 167.82899475097656 193.13099670410156
v 142.8769989013672 195.90899658203125 189.3260040283203
v 78.98899841308594 229.8459930419922 69.7354965209961
v 57.951499938964844 223.88299560546875 144.7760009765625
v 77.2489013671875 160.3090057373047 60.77629852294922
v 140.6719970703125 105.05699920654297 179.5590057373047
v 160.4080047607422 162.81700134277344 145.33900451660156
v 162.57200622558594 167.16299438476562 147.23399353027344
v 188.46800231933594 163.06399536132812 142.16200256347656
v 144.95799255371094 129.1820068359375 144.75799560546875
v 92.59359741210938 250.57400512695312 143.64199829101562
v 86.72239685058594 172.01699829101562 60.09590148925781
v 91.73680114746094 174.9929962158203 64.55480194091797
v 66.18820190429688 137.8000030517578 102.85600280761719
v 64.39859771728516 142.3070068359375 99.25900268554688
v 66.03269958496094 153.09300231933594 83.44259643554688
v 64.55329895019531 159.91700744628906 80.91079711914062
v 132.98500061035156 94.34649658203125 150.6269989013672
v 72.7603988647461 223.052001953125 161.82000732421875
v 204.69500732421875 154.51600646972656 159.53599548339844
v 209.5030059814453 97.71929931640625 181.156005859375
v 89.02870178222656 244.61099243164062 149.5709991455078
v 199.80799865722656 157.8209991455078 196.38299560546875
v 161.18099975585938 194.625 116.0459976196289
v 150.7969970703125 143.53199768066406 138.33099365234375
v 74.66190338134766 142.8509979248047 79.502197265625
v 233.38499450683594 167.33099365234375 189.7530059814453
v 155.5229949951172 152.24899291992188 152.0070037841797
v 154.93800354003906 161.28500366210938 155.10400390625
v 137.08700561523438 203.9199981689453 181.06399536132812
v 138.24899291992188 199.55999755859375 185.58399963378906
v 222.3070068359375 124.50199890136719 185.6490020751953
v 80.75160217285156 170.81900024414062 56.64649963378906
v 83.9551010131836 173.26400756835938 57.96699905395508
v 167.8350067138672 202.83299255371094 170.76800537109375
v 109.61299896240234 213.51199340820312 178.4340057373047
v 166.68600463867188 200.0189971923828 116.87899780273438
v 87.91639709472656 122.12300109863281 183.63600158691406
v 88.67359924316406 118.19499969482422 178.36700439453125
v 121.98500061035156 191.06300354003906 88.59960174560547
v 238.1269989013672 189.36099243164062 182.04100036621094
v 206.86900329589844 117.13400268554688 177.61000061035156
v 97.67639923095703 189.6280059814453 70.8865966796875
v 94.589599609375 186.28500366210938 67.24700164794922
v 179.94200134277344 110.98899841308594 149.73199462890625
v 103.13400268554688 114.5009994506836 124.875
v 164.2570037841797 187.95899963378906 188.04299926757812
v 167.2209930419922 187.06500244140625 189.72300720214844
v 182.76600646972656 106.27999877929688 145.45899963378906
v 184.9709930419922 104.65399932861328 144.97500610351562
v 89.7354965209961 180.2949981689453 194.2100067138672
v 90.69770050048828 185.7310028076172 191.88699340820312
v 220.94700622558594 117.36799621582031 186.7779998779297
v 217.98899841308594 162.45199584960938 172.11399841308594
v 143.25799560546875 130.5540008544922 137.5070037841797
v 156.92999267578125 114.58699798583984 143.9250030517578
v 160.86300659179688 113.88200378417969 143.97300720214844
v 167.0850067138672 100.87699890136719 135.0019989013672
v 168.427001953125 102.79000091552734 135.2899932861328
v 90.58149719238281 144.67799377441406 81.80690002441406
v 81.51419830322266 144.71299743652344 73.34639739990234
v 79.6084976196289 146.2989959716797 71.84269714355469
v 177.3520050048828 179.5290069580078 153.3179931640625
v 61.944801330566406 149.36700439453125 96.18280029296875
v 129.0590057373047 184.4669952392578 129.0070037841797
v 128.3780059814453 182.99099731445312 130.13299560546875
v 221.718994140625 183.1199951171875 172.1790008544922
v 146.4040069580078 163.2030029296875 149.1060028076172
v 147.3489990234375 160.0019989013672 150.78599548339844
v 166.46299743652344 168.32699584960938 197.3990020751953
v 217.36000061035156 163.0399932861328 193.60000610351562
v 215.1999969482422 159.32000732421875 193.60000610351562
v 120.92500305175781 176.66799926757812 136.44200134277344
v 192.4770050048828 177.23599243164062 155.83200073242188
v 191.9949951171875 172.4149932861328 151.89599609375
v 143.6320037841797 209.70199584960938 173.47500610351562
v 146.9499969482422 208.46800231933594 173.1649932861328
v 92.81890106201172 170.59300231933594 66.28389739990234
v 92.41619873046875 166.30999755859375 66.91439819335938
v 112.00800323486328 201.17100524902344 83.41899871826172
v 236.66200256347656 174.89500427246094 190.072998046875
v 235.8800048828125 173.44000244140625 190.39999389648438
v 162.11000061035156 176.91799926757812 149.59100341796875
v 165.09500122070312 178.4250030517578 152.19500732421875
v 175.8459930419922 107.4469985961914 142.68800354003906
v 175.20399475097656 105.8280029296875 140.5449981689453
v 155.61199951171875 196.13600158691406 148.343994140625
v 77.7572021484375 138.0070037841797 82.01370239257812
v 72.93810272216797 140.30999755859375 84.73410034179688
v 142.41299438476562 215.83299255371094 167.1999969482422
v 146.04400634765625 213.01600646972656 168.3679962158203
v 129.58200073242188 176.92999267578125 111.98100280761719
v 148.27499389648438 191.125 110.51799774169922
v 86.32749938964844 177.41900634765625 193.65499877929688
v 169.7689971923828 187.88400268554688 186.61700439453125
v 108.16300201416016 243.1009979248047 157.02499389648438
v 121.37899780273438 166.32899475097656 110.0719985961914
v 117.58000183105469 163.90499877929688 104.24299621582031
v 108.45800018310547 132.2530059814453 197.12600708007812
v 108.66000366210938 218.11300659179688 86.46659851074219
v 128.96800231933594 173.3520050048828 118.21099853515625
v 68.0105972290039 137.45399475097656 96.60679626464844
v 230.78599548339844 140.05999755859375 188.30999755859375
v 138.93099975585938 221.98399353027344 114.91600036621094
v 129.07000732421875 217.7480010986328 172.04600524902344
v 89.40650177001953 192.98199462890625 187.906005859375
v 107.41699981689453 255.9759979248047 117.69599914550781
v 63.64569854736328 233.4429931640625 93.34230041503906
v 124.83799743652344 152.01600646972656 136.9429931640625
v 169.23800659179688 209.4739990234375 140.2030029296875
v 170.781005859375 209.25599670410156 138.03399658203125
v 54.54359817504883 213.9149932861328 94.20549774169922
v 55.805301666259766 218.59100341796875 94.80609893798828
v 58.68659973144531 213.96099853515625 82.25659942626953
v 119.98699951171875 176.48399353027344 136.75399780273438
v 118.61299896240234 176.39500427246094 136.9459991455078
v 91.19490051269531 220.34800720214844 72.38310241699219
v 108.06999969482422 204.14300537109375 184.88600158691406
v 113.96399688720703 208.22999572753906 182.08700561523438
v 171.7010040283203 179.6929931640625 155.68299865722656
v 74.71050262451172 119.21399688720703 154.2480010986328
v 152.0780029296875 127.95700073242188 194.6320037841797
v 149.42300415039062 132.58700561523438 195.38099670410156
v 152.76800537109375 211.46400451660156 152.70199584960938
v 151.6529998779297 206.4320068359375 153.10499572753906
v 90.322998046875 121.1969985961914 99.75810241699219
v 113.73500061035156 254.75999450683594 140.5449981689453
v 130.62100219726562 179.14500427246094 120.51200103759766
v 128.8769989013672 181.35400390625 121.9280014038086
v 213.9010009765625 188.5050048828125 168.95700073242188
v 216.58900451660156 190.8040008544922 169.64300537109375
v 142.74400329589844 151.47000122070312 199.5570068359375
v 106.87200164794922 147.5590057373047 125.0979995727539
v 171.85000610351562 105.64099884033203 188.5500030517578
v 122.16899871826172 251.46400451660156 143.0449981689453
v 121.5459976196289 252.88499450683594 139.44000244140625
v 185.24899291992188 188.44700622558594 176.2220001220703
v 126.1050033569336 185.35499572753906 124.09300231933594
v 50.35900115966797 162.97000122070312 154.94500732421875
v 118.15699768066406 173.26300048828125 137.14300537109375
v 117.4260025024414 174.25599670410156 136.2899932861328
v 66.77619934082031 174.7480010986328 179.6540069580078
v 88.39520263671875 138.9530029296875 195.656005859375
v 84.82489776611328 138.40199279785156 192.5240020751953
v 180.4459991455078 99.62359619140625 150.0070037841797
v 211.4199981689453 183.58099365234375 185.73199462890625
v 90.36509704589844 213.80799865722656 176.08099365234375
v 235.76699829101562 192.0780029296875 183.8090057373047
v 147.9290008544922 149.45199584960938 143.30599975585938
v 61.364601135253906 134.77099609375 155.79100036621094
v 238.80599975585938 191.60000610351562 182.5469970703125
v 173.75100708007812 184.58700561523438 157.54600524902344
v 173.97799682617188 183.58099365234375 158.27099609375
v 173.98500061035156 200.7270050048828 120.62699890136719
v 175.2899932861328 198.8350067138672 122.447998046875
v 161.63999938964844 138.39700317382812 135.19700622558594
v 139.65899658203125 146.3939971923828 134.36599731445312
v 210.24400329589844 149.18600463867188 168.7449951171875
v 211.36000061035156 145.15899658203125 171.07400512695312
v 135.0469970703125 98.06790161132812 149.5330047607422
v 167.322998046875 187.73899841308594 185.27699279785156
v 124.71800231933594 172.2689971923828 134.51300048828125
v 151.0489959716797 211.64999389648438 157.17300415039062
v 229.23199462890625 142.0989990234375 187.11500549316406
v 185.61199951171875 100.98799896240234 145.93699645996094
v 195.38299560546875 183.4010009765625 163.3249969482422
v 198.71099853515625 180.3419952392578 161.177001953125
v 151.69400024414062 170.89500427246094 149.11500549316406
v 154.35299682617188 180.47900390625 136.08599853515625
v 155.18600463867188 183.625 131.7989959716797
v 204.1699981689453 176.8000030517578 161.43099975585938
v 47.90869903564453 203.3699951171875 145.91000366210938
v 49.45140075683594 211.1719970703125 142.37100219726562
v 101.51899719238281 145.51699829101562 107.81099700927734
v 148.21099853515625 155.427001953125 152.70799255371094
v 172.4340057373047 115.11299896240234 148.00900268554688
v 139.73300170898438 153.4770050048828 136.39999389648438
v 141.26300048828125 155.0959930419922 138.5800018310547
v 158.906005859375 97.27649688720703 139.88299560546875
v 207.03199768066406 147.75100708007812 166.3520050048828
v 220.2270050048828 116.52999877929688 188.74600219726562
v 199.93899536132812 113.48100280761719 171.43600463867188
v 45.268001556396484 199.6929931640625 123.36399841308594
v 167.0959930419922 201.50999450683594 118.83799743652344
v 168.5229949951172 200.90199279785156 117.24400329589844
v 156.2209930419922 165.18299865722656 154.83299255371094
v 143.69000244140625 128.11199951171875 138.9040069580078
v 145.2239990234375 127.57599639892578 140.98500061035156
v 144.718994140625 131.99600219726562 147.21200561523438
v 143.63999938964844 133.26300048828125 148.47999572753906
v 130.21499633789062 166.82899475097656 137.8489990234375
v 232.8470001220703 194.87399291992188 179.79800415039062
v 152.95199584960938 216.32400512695312 155
v 153.406005859375 215.45199584960938 150.0070037841797
v 117.99600219726562 118.73400115966797 129.99200439453125
v 152.22500610351562 218.64999389648438 151.67799377441406
v 160.72900390625 172.56199645996094 156.61300659179688
v 215.93600463867188 116.06800079345703 183.5070037841797
v 60.55139923095703 180.7570037841797 77.06819915771484
v 183.05299377441406 101.14800262451172 144.32699584960938
v 229.6739959716797 152.69000244140625 187.58399963378906
v 107.447998046875 150.66400146484375 122.45899963378906
v 124.30899810791016 216.3699951171875 174.677001953125
v 232.8260040283203 175.21800231933594 190.04100036621094
v 235.13400268554688 176.89700317382812 189.38400268554688
v 151.87399291992188 144.14500427246094 150.99899291992188
v 186.7270050048828 105.8759994506836 148.11199951171875
v 129.80299377441406 112.7490005493164 182.39700317382812
v 96.21929931640625 235.2270050048828 161.8979949951172
v 53.99300003051758 190.6479949951172 89.88179779052734
v 231.7729949951172 157.99400329589844 193.55799865722656
v 231.76600646972656 160.0050048828125 193.1699981689453
v 164.44500732421875 196.843994140625 177.10699462890625
v 117.31300354003906 136.1060028076172 199.49600219726562
v 124.78700256347656 98.69940185546875 164.30099487304688
v 157.26600646972656 173.0989990234375 153.60899353027344
v 131.91400146484375 190.76199340820312 95.70539855957031
v 108.0999984741211 105.59200286865234 125.4520034790039
v 86.8323974609375 123.88700103759766 95.16400146484375
v 166.8159942626953 179.781005859375 152.8350067138672
v 161.66299438476562 177.55099487304688 145.6320037841797
v 106.7229995727539 252.42799377441406 144.58399963378906
v 180.10400390625 189.53599548339844 156.73899841308594
v 97.50789642333984 130.8800048828125 116.88999938964844
v 96.9749984741211 125.40599822998047 116.80599975585938
v 180.9929962158203 190.8509979248047 164.6199951171875
v 150.7469940185547 138.35699462890625 154.3470001220703
v 151.26699829101562 140.38099670410156 152.13999938964844
v 162.0749969482422 201.2989959716797 166.3699951171875
v 126.68000030517578 188.4739990234375 122.4520034790039
v 105.91400146484375 225.4149932861328 87.9740982055664
v 109.88200378417969 222.29600524902344 89.33879852294922
v 147.2550048828125 129.61300659179688 146.11700439453125
v 179.9720001220703 172.3509979248047 143.14700317382812
v 104.80400085449219 169.36000061035156 80.92430114746094
v 103.03299713134766 230.6820068359375 88.00569915771484
v 50.28030014038086 159.51199340820312 121.71800231933594
v 46.05500030517578 168.91200256347656 123.92400360107422
v 168.21800231933594 179.5070037841797 156.72500610351562
v 169.49899291992188 178.6540069580078 155.66000366210938
v 170.24899291992188 195.23899841308594 120.0510025024414
v 155.9029998779297 194.33999633789062 177.76100158691406
v 161.427001953125 207.36500549316406 159.0240020751953
v 161.50900268554688 206.62899780273438 162.98599243164062
v 65.21219635009766 146.98300170898438 90.75409698486328
v 90.04640197753906 164.77699279785156 64.73999786376953
v 205.72900390625 188.7429962158203 168.32200622558594
v 111.68800354003906 185.86199951171875 82.70780181884766
v 117.3740005493164 186.87100219726562 86.34649658203125
v 106.77300262451172 114.63600158691406 176.70899963378906
v 142.6020050048828 204.5279998779297 179.35299682617188
v 145.87600708007812 202.53199768066406 179.57899475097656
v 216.61000061035156 129.0030059814453 181.2270050048828
v 221.4239959716797 128.79100036621094 184.447998046875
v 111.06900024414062 142.7949981689453 203.73599243164062
v 107.08000183105469 145.94700622558594 205.04600524902344
v 231.58399963378906 137.51300048828125 189.5800018310547
v 150.71099853515625 162.9250030517578 152.10499572753906
v 150.11599731445312 159.093994140625 152.8249969482422
v 166.66600036621094 108.05999755859375 189.5500030517578
v 181.61399841308594 188.99000549316406 174.67100524902344
v 238.1580047607422 174.32899475097656 188.05499267578125
v 162.07699584960938 136.00599670410156 198.0240020751953
v 93.33670043945312 239.21800231933594 84.33100128173828
v 68.82740020751953 205.0679931640625 168.5240020751953
v 139.92599487304688 113.37200164794922 147.96099853515625
v 61.47380065917969 172.94500732421875 79.13300323486328
v 63.81100082397461 172.39199829101562 73.6322021484375
v 45.48849868774414 197.968994140625 143.75
v 45.63050079345703 203.48399353027344 139.97900390625
v 190.69700622558594 166.33999633789062 195.3509979248047
v 182.98500061035156 156.38099670410156 197.53700256347656
v 168.0800018310547 98.94210052490234 140.09500122070312
v 195.9600067138672 98.82050323486328 159.25999450683594
v 149.3040008544922 176.27499389648438 141.22799682617188
v 144.77000427246094 174.4709930419922 141.70799255371094
v 98.61689758300781 138.85400390625 116.77200317382812
v 158.1490020751953 168.71400451660156 155.16200256347656
v 158.53399658203125 167.7239990234375 154.7760009765625
v 185.1790008544922 117.11900329589844 195.8159942626953
v 143.54100036621094 153.9810028076172 147.71099853515625
v 229.28199768066406 130.9290008544922 188.5570068359375
v 153.93299865722656 121.30400085449219 193.16700744628906
v 93.34149932861328 181.22000122070312 65.77890014648438
v 55.32529830932617 197.36900329589844 85.92859649658203
v 187.7469940185547 139.84500122070312 146.10000610351562
v 187.97500610351562 134.45700073242188 148.2779998779297
v 209.81399536132812 156.177001953125 164.80499267578125
v 149.5709991455078 213.7030029296875 160.41900634765625
v 120.42400360107422 172.7270050048828 136.20199584960938
v 160.20700073242188 169.52099609375 153.91400146484375
v 236.41200256347656 176.03599548339844 189.57699584960938
v 236.75599670410156 176.67799377441406 188.1269989013672
v 116.65799713134766 214.9499969482422 91.07620239257812
v 200.91400146484375 101.86599731445312 159.6179962158203
v 202.10800170898438 102.72000122070312 163.90899658203125
v 88.0625 188.97000122070312 61.029300689697266
v 141.2530059814453 127.0270004272461 153.35699462890625
v 124.15399932861328 93.01580047607422 148.52699279785156
v 155.97500610351562 181.33399963378906 197.13400268554688
v 86.88030242919922 164.4720001220703 61.96039962768555
v 123.29399871826172 232.14199829101562 103.84500122070312
v 158.84500122070312 195.46600341796875 175.02699279785156
v 78.43569946289062 183.65199279785156 53.82469940185547
v 148.00799560546875 140.14100646972656 156.78799438476562
v 150.41099548339844 139.80499267578125 156.16900634765625
v 141.54200744628906 149.57899475097656 135.49400329589844
v 141.42599487304688 159.92100524902344 143.2259979248047
v 164.1199951171875 110.70700073242188 191.00999450683594
v 142.9600067138672 130.52000427246094 153.60000610351562
v 90.71700286865234 232.5989990234375 162.86199951171875
v 202.20599365234375 188.27499389648438 179.8990020751953
v 144.81100463867188 136.9739990234375 155.4290008544922
v 230.5260009765625 195.3509979248047 178.44900512695312
v 142.75599670410156 126.38700103759766 153.58200073242188
v 167.79100036621094 183.1840057373047 136.7790069580078
v 137.54400634765625 183.76800537109375 105.58499908447266
v 157.15899658203125 169.20700073242188 155.0050048828125
v 158.25799560546875 170.03199768066406 155.4040069580078
v 140.55599975585938 207.77499389648438 176.5399932861328
v 184.7010040283203 124.64299774169922 150.1840057373047
v 185.95199584960938 121.94300079345703 153.32899475097656
v 131.64199829101562 240.96400451660156 151.20799255371094
v 158.77200317382812 195.04400634765625 115.92900085449219
v 172.0030059814453 205.37100219726562 155.16099548339844
v 175.38800048828125 204.62399291992188 150.6199951171875
v 115.9469985961914 211.36900329589844 88.98690032958984
v 118.9489974975586 208.7050018310547 90.06770324707031
v 102.6449966430664 225.86000061035156 170.7270050048828
v 105.08999633789062 222.13699340820312 172.9409942626953
v 128.03900146484375 178.5189971923828 104.07499694824219
v 103.96700286865234 185.4949951171875 195.593994140625
v 127.58300018310547 188.4010009765625 123.32099914550781
v 126.3219985961914 188.24899291992188 123.4000015258789
v 192.45199584960938 188.21800231933594 170.7989959716797
v 197.7209930419922 188.43600463867188 171.61500549316406
v 160.05799865722656 99.8740005493164 135.20399475097656
v 83.01899719238281 119.11599731445312 101.26799774169922
v 84.78189849853516 120.83699798583984 97.78019714355469
v 190.6199951171875 140.46299743652344 147.83700561523438
v 148.5260009765625 198.80799865722656 176.71099853515625
v 104.22899627685547 173.8040008544922 78.5531005859375
v 129.33700561523438 141.64100646972656 201.0469970703125
v 166.85299682617188 97.7261962890625 154.2949981689453
v 164.48500061035156 97.61620330810547 149.60499572753906
v 165.38699340820312 159.8159942626953 198.2480010986328
v 145.44400024414062 138.62600708007812 136.9409942626953
v 125.75700378417969 187 123.09300231933594
v 75.64179992675781 129.05599975585938 94.70169830322266
v 180.99899291992188 201.1280059814453 148.11900329589844
v 223.25999450683594 190.9980010986328 182.05799865722656
v 225.40199279785156 187.23599243164062 184.2779998779297
v 103.2509994506836 136.98300170898438 200.89100646972656
v 92.90499877929688 115.23200225830078 109.90399932861328
v 99.58450317382812 215.20199584960938 78.66280364990234
v 102.15299987792969 207.27699279785156 78.2344970703125
v 103.3030014038086 99.59480285644531 133.44700622558594
v 144.6230010986328 174.70599365234375 200.3300018310547
v 49.54990005493164 156.48500061035156 144.74000549316406
v 92.41300201416016 121.03700256347656 102.59600067138672
v 101.20500183105469 227.40499877929688 84.78810119628906
v 105.28900146484375 134.2729949951172 198.89100646972656
v 183.99400329589844 126.01699829101562 196.8000030517578
v 145.04600524902344 155.88099670410156 149.78799438476562
v 145.28500366210938 150.6009979248047 151.18800354003906
v 51.638999938964844 211.48500061035156 101.26100158691406
v 153.54600524902344 175.3780059814453 144.197998046875
v 120.12300109863281 123.28199768066406 130.32899475097656
v 66.2665023803711 237.9010009765625 140.8489990234375
v 95.34049987792969 110.78800201416016 170.01100158691406
v 134.38400268554688 220.3260040283203 168.0070037841797
v 138.8979949951172 240.2449951171875 136.281005859375
v 141.0919952392578 238.52099609375 143.33099365234375
v 129.375 174.9510040283203 127.15399932861328
v 96.32879638671875 129.37899780273438 110.76200103759766
v 95.4031982421875 121.61399841308594 111.37999725341797
v 235.2949981689453 194.73699951171875 181.63900756835938
v 194.15499877929688 102.10099792480469 151.1529998779297
v 121.4520034790039 135.80099487304688 133.6300048828125
v 49.7411994934082 158.73599243164062 151.04200744628906
v 175.69500732421875 183.2259979248047 157.9149932861328
v 157.84300231933594 98.50540161132812 136.46299743652344
v 231.7989959716797 153.40899658203125 189.8979949951172
v 232.06900024414062 151.4810028076172 190.2899932861328
v 134.9669952392578 154.48199462890625 136.36000061035156
v 138.06900024414062 155.43099975585938 137.1009979248047
v 185.6269989013672 188.48599243164062 167.44400024414062
v 186.1699981689453 158.87600708007812 139.02699279785156
v 105.09500122070312 120.20600128173828 127.77799987792969
v 108.86499786376953 119.70800018310547 129.01199340820312
v 129.7209930419922 193.16200256347656 93.74469757080078
v 70.79989624023438 137.6959991455078 90.81849670410156
v 118.95899963378906 194.25 191.1060028076172
v 148.58599853515625 140.0399932861328 138.38600158691406
v 201.53500366210938 189.12399291992188 172.06700134277344
v 51.11240005493164 195.2550048828125 154.6540069580078
v 86.11920166015625 118.33200073242188 100.67400360107422
v 115.5790023803711 152.5260009765625 128.9810028076172
v 80.81759643554688 232.73599243164062 71.33809661865234
v 83.0739974975586 233.92100524902344 72.69439697265625
v 128.7790069580078 131.35299682617188 132.3939971923828
v 59.673500061035156 203.3489990234375 162.95899963378906
v 55.99720001220703 205.44700622558594 159.0019989013672
v 149.32400512695312 200.0749969482422 123.12699890136719
v 151.03500366210938 197.66700744628906 119.48699951171875
v 113.11900329589844 97.364501953125 130.7239990234375
v 110.41500091552734 96.94219970703125 131.53599548339844
v 117.90299987792969 193.98599243164062 86.3488998413086
v 113.73500061035156 190.49400329589844 83.84919738769531
v 104.93900299072266 98.7936019897461 145.3679962158203
v 175.0540008544922 159.9320068359375 134.9199981689453
v 176.87100219726562 163.6230010986328 136.88999938964844
v 107.98500061035156 126.71299743652344 192.3820037841797
v 94.14679718017578 220.82000732421875 172.5780029296875
v 98.15640258789062 220.77200317382812 173.36599731445312
v 140.51800537109375 147.4739990234375 197.53500366210938
v 156.9290008544922 136.4029998779297 136.1790008544922
v 152.5570068359375 134.50399780273438 138.30299377441406
v 133.29100036621094 205.0399932861328 180.6540069580078
v 147.48899841308594 165.94500732421875 148.0800018310547
v 146.6909942626953 167.5449981689453 146.06700134277344
v 142.08700561523438 171.21099853515625 201.447998046875
v 181.16400146484375 195.46400451660156 137.6959991455078
v 182.3560028076172 198.71200561523438 139.48399353027344
v 140.62399291992188 202.66200256347656 106.56999969482422
v 131.83399963378906 115.79199981689453 185.16000366210938
v 144.697998046875 229.64700317382812 150.5970001220703
v 148.67100524902344 223.1300048828125 152.1009979248047
v 99.76609802246094 125.81999969482422 123.41600036621094
v 97.89689636230469 123.43000030517578 120.3499984741211
v 102.1050033569336 110.59400177001953 123.51599884033203
v 230.23500061035156 191.85499572753906 177.83200073242188
v 217.93800354003906 196.98399353027344 175.39700317382812
v 219.79200744628906 197.84100341796875 173.88600158691406
v 180.677001953125 192.55299377441406 140.9080047607422
v 96.24590301513672 217.95899963378906 174.51600646972656
v 202.39700317382812 105.88700103759766 169.69500732421875
v 147.31700134277344 184.4600067138672 123.4530029296875
v 122.1050033569336 190.6510009765625 193.58999633789062
v 126.625 185.52999877929688 195.4810028076172
v 128.1009979248047 185.56199645996094 121.63899993896484
v 127.0790023803711 186.31900024414062 121.78700256347656
v 215.468994140625 196.4949951171875 174.58799743652344
v 222.18499755859375 120.70800018310547 189.85400390625
v 80.3427963256836 116.29100036621094 166.51699829101562
v 124.3489990234375 138.39599609375 200.33200073242188
v 178.7010040283203 198.343994140625 163.34800720214844
v 135.18899536132812 144.02099609375 133.76499938964844
v 144.13099670410156 159.86500549316406 147.5469970703125
v 146.63400268554688 123.14299774169922 192.13999938964844
v 203.65899658203125 100.67500305175781 164.0659942626953
v 215.65199279785156 141.1300048828125 177.25100708007812
v 219.30299377441406 133.7740020751953 182.35000610351562
v 100.94599914550781 144.1230010986328 116.1709976196289
v 159.8719940185547 189.3159942626953 190.38900756835938
v 89.63289642333984 111.01399993896484 130.64100646972656
v 87.95850372314453 148.94200134277344 74.13020324707031
v 128.35400390625 142.6510009765625 134.00399780273438
v 67.50959777832031 234.84100341796875 145.6580047607422
v 157.28799438476562 158.38099670410156 153.6199951171875
v 116.29199981689453 97.93109893798828 131.56399536132812
v 177.7259979248047 205.427001953125 133.72799682617188
v 180.4429931640625 202.6739959716797 138.40899658203125
v 112.78900146484375 214.54200744628906 88.04329681396484
v 132.7729949951172 161.177001953125 138.21800231933594
v 130.37899780273438 158.93699645996094 137.3249969482422
v 191.23300170898438 98.48290252685547 165.06500244140625
v 232.9499969482422 164.5760040283203 191.9969940185547
v 104.75 234.86300659179688 91.19750213623047
v 60.892601013183594 172.3489990234375 173.8179931640625
v 124.30799865722656 174.91299438476562 133.9199981689453
v 178.35400390625 128.85400390625 143.53799438476562
v 174.14599609375 127.58599853515625 142.11300659179688
v 85.59870147705078 233.0399932861328 160.5229949951172
v 91.18569946289062 237.01100158691406 159.19500732421875
v 141.1269989013672 181.82699584960938 197.6280059814453
v 220.89500427246094 186.91000366210938 183.92799377441406
v 66.33300018310547 142.52099609375 93.31520080566406
v 140.36599731445312 217.19500732421875 113.98699951171875
v 159.2429962158203 118.28099822998047 143.26600646972656
v 207.05499267578125 184.1719970703125 166.51400756835938
v 123.0999984741211 171.3679962158203 136.98399353027344
v 69.52549743652344 191.5679931640625 57.47129821777344
v 142.10699462890625 135.6840057373047 153.4530029296875
v 196.6020050048828 122.0530014038086 165.31199645996094
v 75.24030303955078 252.62100219726562 118.89700317382812
v 79.27030181884766 199.59100341796875 56.729801177978516
v 177.822998046875 175.36500549316406 147.9969940185547
v 146.26699829101562 187.7779998779297 194.2790069580078
v 147.27699279785156 190.76300048828125 192.35800170898438
v 167.08900451660156 186.1230010986328 132.78500366210938
v 186.0709991455078 187.3459930419922 181.33399963378906
v 63.57400131225586 223.3719940185547 80.39409637451172
v 65.80259704589844 228.87899780273438 82.75140380859375
v 58.580101013183594 178.61399841308594 170.24099731445312
v 130.56500244140625 119.48699951171875 186.52499389648438
v 122.66100311279297 122.40799713134766 185.79400634765625
v 69.58470153808594 248.0489959716797 118.13300323486328
v 117.35900115966797 174.08599853515625 138.75599670410156
v 107.83899688720703 123.6240005493164 129.37100219726562
v 230.25100708007812 177.9040069580078 189.3040008544922
v 87.56749725341797 111.93699645996094 137.95399475097656
v 70.35130310058594 216.9029998779297 65.5906982421875
v 51.73699951171875 164.78900146484375 108.18399810791016
v 139.08399963378906 116.16600036621094 144.54400634765625
v 113.25800323486328 176.42599487304688 86.33280181884766
v 89.21320343017578 169.06199645996094 62.7765998840332
v 138.0449981689453 200.9250030517578 102.80999755859375
v 53.700801849365234 225.7220001220703 109.52200317382812
v 55.509700775146484 223.26300048828125 101.01300048828125
v 167.24400329589844 108.60600280761719 142.30599975585938
v 224.5500030517578 146.25 193.60000610351562
v 218.7469940185547 151.4499969482422 194.03199768066406
v 184.7010040283203 113.75199890136719 154.04200744628906
v 222.01100158691406 148.7259979248047 180.70199584960938
v 224.6060028076172 144.92799377441406 183.3159942626953
v 193.6020050048828 110.59500122070312 161.2550048828125
v 192.93299865722656 176.9530029296875 190.29200744628906
v 219.98599243164062 187.41000366210938 170.7899932861328
v 217.81500244140625 184.86300659179688 169.88600158691406
v 208.6479949951172 101.03700256347656 177.48599243164062
v 56.79990005493164 210.5540008544922 156.76499938964844
v 213.46200561523438 125.63400268554688 179.89599609375
v 69.091796875 199.32200622558594 172.41299438476562
v 84.55899810791016 237.20399475097656 76.17559814453125
v 87.24240112304688 232.9709930419922 74.36009979248047
v 60.227298736572266 211.6929931640625 159.7010040283203
v 162.5240020751953 117.80400085449219 143.7469940185547
v 130.04600524902344 99.13639831542969 167.12100219726562
v 129.7469940185547 103.07599639892578 173.177001953125
v 218.73199462890625 128.90899658203125 193.56300354003906
v 222.96099853515625 127.3290023803711 191.9499969482422
v 193.93800354003906 103.72699737548828 152.68699645996094
v 115.23999786376953 253.13099670410156 118.91000366210938
v 150.9550018310547 178.8179931640625 138.20899963378906
v 156.38600158691406 196.57200622558594 144.29299926757812
v 223.02099609375 194.39500427246094 172.84800720214844
v 222.78799438476562 190.9010009765625 172.51499938964844
v 130.2270050048828 236.6540069580078 113.77799987792969
v 95.91020202636719 167.81399536132812 70.9406967163086
v 94.76850128173828 162.84800720214844 71.67279815673828
v 83.35800170898438 177.29600524902344 56.95909881591797
v 179.8300018310547 202.66099548339844 133.9669952392578
v 163.53900146484375 108.13300323486328 141.34300231933594
v 209.9949951171875 112.00499725341797 192.43499755859375
v 231.27099609375 180.64199829101562 187.91600036621094
v 125.62799835205078 118.02400207519531 183.51300048828125
v 125.66899871826172 173.57000732421875 109.11499786376953
v 227.06100463867188 185.09500122070312 176.76199340820312
v 176.9199981689453 202.552001953125 154.1280059814453
v 101.81400299072266 258.5539855957031 120.3010025024414
v 101.46600341796875 106.78500366210938 124.21499633789062
v 112.37300109863281 104.04399871826172 126.9489974975586
v 116.16600036621094 176.11000061035156 137.5489959716797
v 137.59300231933594 168.55299377441406 201.36399841308594
v 215.30599975585938 165.781005859375 167.51100158691406
v 106.98999786376953 170.35899353027344 203.28599548339844
v 153.98199462890625 163.32899475097656 154.1909942626953
v 61.961299896240234 156.4510040283203 174.41799926757812
v 185.31500244140625 132.8560028076172 146.8419952392578
v 153.5279998779297 194.1219940185547 114.63800048828125
v 159.56100463867188 182.53199768066406 196.03500366210938
v 156.56900024414062 189.58299255371094 192.25
v 156.36700439453125 185.93600463867188 195.0240020751953
v 155.33999633789062 169.85299682617188 153.41000366210938
v 47.08689880371094 208.78599548339844 138.93899536132812
v 69.0884017944336 129.51499938964844 121.23400115966797
v 68.49169921875 143.6929931640625 87.74469757080078
v 127.6050033569336 174.03799438476562 113.3949966430664
v 178.67300415039062 108.96199798583984 146.53900146484375
v 181.68499755859375 108.7300033569336 147.9759979248047
v 51.57339859008789 220.58999633789062 109.06300354003906
v 75.76219940185547 135.07000732421875 87.45819854736328
v 153.0019989013672 189.3300018310547 193.0260009765625
v 229.23699951171875 159.18499755859375 193.5919952392578
v 46.8494987487793 183.56399536132812 147.64100646972656
v 131.0780029296875 155.5399932861328 137.3509979248047
v 124.98600006103516 205.78799438476562 93.0280990600586
v 148.0919952392578 205.20899963378906 170.3699951171875
v 78.89070129394531 126.90699768066406 93.42960357666016
v 230.43099975585938 136.36099243164062 191.35899353027344
v 57.361698150634766 216.406005859375 88.12999725341797
v 143.00599670410156 145.1909942626953 135.45700073242188
v 142.51800537109375 140.781005859375 135.26600646972656
v 109.6500015258789 247.38600158691406 151.5290069580078
v 151.71800231933594 200.0019989013672 147.51199340820312
v 152.93699645996094 198.1479949951172 151.302001953125
v 218.15699768066406 157.19700622558594 174.13900756835938
v 149.156005859375 107.34400177001953 185.781005859375
v 144.80599975585938 107.8219985961914 184.66400146484375
v 64.88030242919922 132.19700622558594 166.3419952392578
v 128.71600341796875 99.0614013671875 140.6320037841797
v 145.11599731445312 225.66799926757812 154.5240020751953
v 144.0030059814453 221.19200134277344 159.2949981689453
v 210.54100036621094 193.88400268554688 172.3090057373047
v 74.4198989868164 185.76499938964844 54.18080139160156
v 113.17400360107422 135.33900451660156 134.04299926757812
v 156.0540008544922 153.51300048828125 139.4530029296875
v 50.25410079956055 157.93800354003906 137.71200561523438
v 136.37600708007812 183.6540069580078 130.5
v 147.80999755859375 95.42120361328125 146.95700073242188
v 159.67300415039062 120.34100341796875 193.947998046875
v 160.96499633789062 122.71900177001953 195.3769989013672
v 161.27699279785156 197.9770050048828 117.73100280761719
v 163.14599609375 198.82000732421875 117.35099792480469
v 134.69500732421875 196.78900146484375 188.05099487304688
v 138.85000610351562 196.4770050048828 188.4969940185547
v 222.5050048828125 129.38099670410156 192.3520050048828
v 128.96800231933594 232.3090057373047 160.5850067138672
v 97.51419830322266 251.66099548339844 143.8159942626953
v 91.69390106201172 138.7969970703125 197.70899963378906
v 88.58090209960938 252.51499938964844 138.97799682617188
v 98.56430053710938 140.51800537109375 104.08699798583984
v 154.39999389648438 148.74200439453125 154.00100708007812
v 152.3800048828125 146.23699951171875 151.06399536132812
v 168.85899353027344 207.01100158691406 156.79400634765625
v 170.00900268554688 205.1320037841797 160.70899963378906
v 130.46200561523438 176.81500244140625 116.93800354003906
v 69.08450317382812 180.02099609375 58.877498626708984
v 91.24210357666016 205.5959930419922 181.1909942626953
v 55.525001525878906 195.6020050048828 160.31199645996094
v 142.4409942626953 234.33299255371094 148.0489959716797
v 145.23599243164062 232.39999389648438 144.87899780273438
v 145.33700561523438 163.8419952392578 146.7209930419922
v 120.53500366210938 138.64199829101562 135.4029998779297
v 108.1969985961914 213.87600708007812 84.41020202636719
v 128.927001953125 186.39700317382812 121.75199890136719
v 165.96299743652344 202.71099853515625 125.55000305175781
v 165.34800720214844 201.45599365234375 121.43800354003906
v 124.34700012207031 138.13800048828125 133.58999633789062
v 100.91200256347656 134.95399475097656 123.16200256347656
v 208.14599609375 143.09500122070312 169.0469970703125
v 137.781005859375 117.0790023803711 188.1009979248047
v 73.95590209960938 232.9530029296875 75.28600311279297
v 77.6001968383789 232.88900756835938 72.35310363769531
v 76.12519836425781 120.26100158691406 138.26400756835938
v 189.44200134277344 174.53900146484375 192.1510009765625
v 56.46699905395508 169.1580047607422 91.86519622802734
v 57.990699768066406 175.20799255371094 85.37069702148438
v 150.60499572753906 147.2830047607422 145.7760009765625
v 108.38300323486328 119.1709976196289 183.00900268554688
v 106.75900268554688 131.86099243164062 129.44000244140625
v 129.7220001220703 168.6719970703125 126.20999908447266
v 109.34500122070312 174.42799377441406 201.95199584960938
v 111.98100280761719 178.84500122070312 199.63099670410156
v 214.08999633789062 195.98800659179688 174.14500427246094
v 215.83900451660156 196.3070068359375 171.89999389648438
v 202.63999938964844 110.52300262451172 174.19700622558594
v 116.30999755859375 231.843994140625 165.7239990234375
v 125.125 133.86399841308594 131.65199279785156
v 145.29800415039062 102.08499908447266 143.4759979248047
v 129.57000732421875 221.76300048828125 169.12600708007812
v 126.052001953125 220.89500427246094 170.8179931640625
v 55.14229965209961 232.89999389648438 118.802001953125
v 55.15079879760742 233.27200317382812 126.22599792480469
v 174.99600219726562 99.39839935302734 148.0290069580078
v 235.9600067138672 184.03399658203125 183.59500122070312
v 102.13400268554688 190.8260040283203 75.32270050048828
v 106.5530014038086 193.3419952392578 79.0270004272461
v 90.502197265625 128.47500610351562 94.82499694824219
v 205.38699340820312 166.73800659179688 193.58799743652344
v 161.49200439453125 184.87399291992188 132.07400512695312
v 224.16099548339844 187.2239990234375 173.91299438476562
v 226.46400451660156 169.13400268554688 180.96099853515625
v 158.8769989013672 96.81809997558594 151.83700561523438
v 116.7699966430664 113.19599914550781 176.7969970703125
v 135.06700134277344 243.2010040283203 132.31900024414062
v 116.3499984741211 142.65199279785156 203.13600158691406
v 81.78060150146484 147.7259979248047 69.83270263671875
v 208.79100036621094 105.72100067138672 181.73500061035156
v 88.23100280761719 156.52999877929688 197.76300048828125
v 235.58200073242188 176.47000122070312 186.02999877929688
v 166.5919952392578 189.66099548339844 126.90699768066406
v 189.71400451660156 116.56999969482422 195.14999389648438
v 83.77619934082031 134.08599853515625 189.9759979248047
v 78.66670227050781 133.60000610351562 185.82200622558594
v 94.31410217285156 118.2020034790039 109.33499908447266
v 147.67599487304688 209.00799560546875 126.31800079345703
v 192.01699829101562 160.51199340820312 145.11099243164062
v 164.68499755859375 208.10800170898438 160.72900390625
v 118.38600158691406 252.04200744628906 143.6199951171875
v 219.51100158691406 113.60800170898438 187.8820037841797
v 121.27400207519531 104.53500366210938 132.29400634765625
v 124.45099639892578 101.48200225830078 135.16400146484375
v 225.4409942626953 175.12899780273438 190.5500030517578
v 226.61700439453125 159.7310028076172 183.00999450683594
v 141.04800415039062 104.5770034790039 150
v 117.8030014038086 176.51199340820312 138.06900024414062
v 118.94599914550781 176.1929931640625 138.92100524902344
v 117.72000122070312 239.375 104.0459976196289
v 145.08700561523438 121.19499969482422 150.68899536132812
v 120.87100219726562 172.11399841308594 137.0970001220703
v 162.11199951171875 98.82929992675781 135.57000732421875
v 160.62100219726562 98.1178970336914 136.697998046875
v 123.84200286865234 186.97000122070312 90.47789764404297
v 118.95899963378906 160.01199340820312 124.3759994506836
v 114.62699890136719 158.3419952392578 118.00800323486328
v 122.63700103759766 175.8090057373047 134.58900451660156
v 52.63890075683594 176.27999877929688 160.13400268554688
v 50.334598541259766 180.0590057373047 154.7469940185547
v 193.65199279785156 100.08899688720703 152.80799865722656
v 134.2830047607422 102.23400115966797 173.197998046875
v 214.58299255371094 146.70899963378906 195.39700317382812
v 218.59800720214844 143.19200134277344 194.60899353027344
v 174.2050018310547 177.87100219726562 152.62600708007812
v 155.32200622558594 132.64999389648438 137.6719970703125
v 222.91000366210938 154.57400512695312 179.8159942626953
v 138.92799377441406 150.9709930419922 134.9149932861328
v 175.80999755859375 187.86000061035156 184.89700317382812
v 174.45599365234375 189.6280059814453 183.5970001220703
v 234.23300170898438 192.26300048828125 183.2570037841797
v 231.24099731445312 155.41299438476562 189.0679931640625
v 232.61500549316406 155.0399932861328 191.2050018310547
v 138.88299560546875 215.8560028076172 169.66299438476562
v 140.87399291992188 134.75599670410156 152.1479949951172
v 165.1739959716797 208.1699981689453 141.63299560546875
v 164.9759979248047 206.95899963378906 140.13999938964844
v 107.7969970703125 139.2570037841797 202.55499267578125
v 140.60000610351562 128.85299682617188 152.75100708007812
v 147.7310028076172 204.0030059814453 173.42300415039062
v 55.30149841308594 152.10800170898438 162.93499755859375
v 187.51100158691406 112.54000091552734 193.91099548339844
v 151.0030059814453 144.56900024414062 156.593994140625
v 172.38099670410156 185.73899841308594 139.86199951171875
v 61.884300231933594 241.16299438476562 123.91500091552734
v 64.39009857177734 202.21600341796875 167.41700744628906
v 133.8509979248047 227.7259979248047 161.86500549316406
v 220.76100158691406 160.2310028076172 176.0500030517578
v 201.15699768066406 166.26600646972656 155.64999389648438
v 206.24099731445312 164.92100524902344 158.94000244140625
v 51.38669967651367 204.9709930419922 98.98650360107422
v 157.1510009765625 196.76400756835938 160.48300170898438
v 167.8419952392578 199.1790008544922 176.90199279785156
v 147.0229949951172 199.07400512695312 114.44000244140625
v 203.14300537109375 189.36599731445312 175.51100158691406
v 165.21099853515625 162.24400329589844 139.00100708007812
v 158.1320037841797 107.39800262451172 140.8489990234375
v 91.15589904785156 161.30299377441406 67.7770004272461
v 96.30809783935547 159.6230010986328 76.32369995117188
v 206.83999633789062 110.63200378417969 179.44700622558594
v 130.35899353027344 104.03199768066406 140.63499450683594
v 74.52749633789062 175.40499877929688 187.18600463867188
v 126.76499938964844 164.76100158691406 126.46900177001953
v 85.37960052490234 185.4530029296875 58.051998138427734
v 132.17599487304688 108.93000030517578 140.99899291992188
v 135.3939971923828 109.33799743652344 143.406005859375
v 135.74600219726562 127.96600341796875 190.86500549316406
v 146.1750030517578 129.55999755859375 139.447998046875
v 121.23999786376953 223.48500061035156 170.48500061035156
v 116.51899719238281 219.5030059814453 174.36700439453125
v 83.1624984741211 114.66600036621094 140.62100219726562
v 84.86479949951172 189.822998046875 58.09749984741211
v 118.36699676513672 138.99600219726562 201.47300720214844
v 113.625 138.4810028076172 201.91799926757812
v 129.51400756835938 182.04299926757812 132.39199829101562
v 224.5919952392578 123.19200134277344 188.83099365234375
v 204.4600067138672 186.52200317382812 182.72900390625
v 207.55799865722656 187.41400146484375 182.7740020751953
v 96.17559814453125 228.09300231933594 80.33940124511719
v 235.3730010986328 189.33799743652344 184.5050048828125
v 223.36700439453125 131.91700744628906 185.04299926757812
v 161.60000610351562 108.94100189208984 189.3730010986328
v 95.84339904785156 118.89299774169922 116.18900299072266
v 143.79299926757812 166.35699462890625 144.46299743652344
v 156.18099975585938 197.9219970703125 122.64600372314453
v 154.3459930419922 198.27099609375 139.32400512695312
v 236.82200622558594 182.3419952392578 184.17799377441406
v 93.37329864501953 254.4929962158203 104.66799926757812
v 152.77099609375 148.06100463867188 149.62399291992188
v 222.1439971923828 196.69500732421875 177.0019989013672
v 221.7010040283203 197.51100158691406 174.7969970703125
v 156.47000122070312 187.99099731445312 124.35800170898438
v 155.81399536132812 177.8470001220703 139.77000427246094
v 169.75100708007812 199.9010009765625 116.82499694824219
v 169.92100524902344 197.947998046875 117.20700073242188
v 144.1649932861328 115.30699920654297 148.56700134277344
v 206.83399963378906 123.37699890136719 175.2530059814453
v 211.4239959716797 102.61799621582031 188.45599365234375
v 170.43800354003906 176.3179931640625 152.5229949951172
v 91.72429656982422 230.67300415039062 77.0363998413086
v 113.68000030517578 204.86300659179688 85.11489868164062
v 116.08699798583984 199.68099975585938 85.79460144042969
v 144.20399475097656 129.8800048828125 193.31399536132812
v 138.04200744628906 132.8800048828125 192.68800354003906
v 210.48399353027344 151.76499938964844 195.95899963378906
v 209.56700134277344 190.1219940185547 180.51100158691406
v 210.6580047607422 187.04100036621094 183.0290069580078
v 225.19200134277344 163.60800170898438 193.60000610351562
v 148.22500610351562 130.6909942626953 140.8990020751953
v 123.48400115966797 179.95700073242188 94.7926025390625
v 123.20999908447266 176.49099731445312 98.94219970703125
v 220.33799743652344 197.12899780273438 176.08799743652344
v 74.26750183105469 181.75900268554688 184.83999633789062
v 136.28799438476562 108.36100006103516 146.78500366210938
v 135.31399536132812 106.08200073242188 147.83599853515625
v 160.45199584960938 199.9029998779297 162.0279998779297
v 219.3719940185547 118.83899688720703 184.82200622558594
v 222.05299377441406 119.85299682617188 186.8070068359375
v 199.17599487304688 105.34500122070312 189.906005859375
v 74.99739837646484 219.06100463867188 64.29129791259766
v 167.94200134277344 208.843994140625 152.98500061035156
v 79.20379638671875 117.8489990234375 129.02499389648438
v 91.62049865722656 242.5760040283203 86.23480224609375
v 120.5009994506836 176.79400634765625 138.35299682617188
v 217.6490020751953 197.41700744628906 173.21299743652344
v 150.07400512695312 124.79399871826172 144.24000549316406
v 232.7689971923828 144.49400329589844 192.0260009765625
v 98.2874984741211 193.30799865722656 121.75700378417969
v 98.2874984741211 193.30799865722656 121.75700378417969
v 108.19100189208984 217.968994140625 175.48599243164062
v 107.4530029296875 220.43699645996094 173.86099243164062
v 131.8520050048828 186.91900634765625 194.14100646972656
v 86.47380065917969 207.8769989013672 178.23300170898438
v 87.16709899902344 211.14199829101562 176.8179931640625
v 82.94390106201172 169.42999267578125 57.95330047607422
v 143.16299438476562 156.4759979248047 147.6280059814453
v 140.56100463867188 130.677001953125 152.36099243164062
v 200.4969940185547 102.2239990234375 188.21499633789062
v 235.5279998779297 193.49600219726562 182.83799743652344
v 127.73600006103516 183.8179931640625 127.76599884033203
v 135.10899353027344 180.5919952392578 120.09500122070312
v 67.39859771728516 212.78199768066406 165.00900268554688
v 63.85129928588867 210.46200561523438 163.52099609375
v 71.70690155029297 185.18099975585938 181.61500549316406
v 162.9459991455078 200.75 124.53700256347656
v 183.82699584960938 107.3270034790039 147.8000030517578
v 183.10400390625 109.3740005493164 150.19900512695312
v 157.38600158691406 157.11300659179688 142.31399536132812
v 209.38299560546875 97.62310028076172 178.26400756835938
v 206.30999755859375 96.33419799804688 179.14100646972656
v 53.7588005065918 226.31700134277344 136.22999572753906
v 231.94200134277344 145.04400634765625 193.56100463867188
v 129.38099670410156 175.27699279785156 138.7969970703125
v 131.83700561523438 177.51100158691406 137.35400390625
v 160.4250030517578 199.62899780273438 166.10000610351562
v 116.41899871826172 176.13499450683594 89.6521987915039
v 112.75499725341797 171.02699279785156 88.96510314941406
v 219.947998046875 191.322998046875 170.64500427246094
v 110.3010025024414 239.32200622558594 97.75980377197266
v 173.04400634765625 166.87899780273438 138.61900329589844
v 60.758201599121094 208.26499938964844 74.18769836425781
v 186.16900634765625 107.54199981689453 150.4510040283203
v 87.37920379638672 162.9969940185547 196.89700317382812
v 164.30599975585938 180.41900634765625 138.90499877929688
v 137.75900268554688 133.45899963378906 135.1739959716797
v 171.58099365234375 194.468994140625 180.03599548339844
v 190.4290008544922 145.21200561523438 145.5749969482422
v 120.79399871826172 172.55999755859375 98.77149963378906
v 126.87100219726562 148.05999755859375 135.76600646972656
v 230.91299438476562 134.88600158691406 189.02099609375
v 230.302001953125 133.8159942626953 188.5279998779297
v 199.6719970703125 108.88800048828125 192.29200744628906
v 178.56900024414062 195.43800354003906 133.94700622558594
v 128.94900512695312 95.54570007324219 144.8249969482422
v 207.48199462890625 183.9530029296875 184.69500732421875
v 151.81399536132812 198.79600524902344 129.4010009765625
v 230.81300354003906 168.5989990234375 192.79200744628906
v 129.29800415039062 180.23699951171875 134.406005859375
v 131.31399536132812 181.30299377441406 133.8040008544922
v 127.98200225830078 203.0540008544922 94.28610229492188
v 88.65779876708984 248.73199462890625 143.89999389648438
v 197.4759979248047 163.79200744628906 150.78599548339844
v 195.697998046875 159.80799865722656 148.16000366210938
v 158.7790069580078 171.75900268554688 156.18600463867188
v 174.1230010986328 101.27200317382812 138.18600463867188
v 136.82899475097656 110.58399963378906 145.35299682617188
v 123.27899932861328 216.0780029296875 95.92310333251953
v 128.5800018310547 187.677001953125 124.27200317382812
v 87.91850280761719 160.58999633789062 64.54000091552734
v 205.57699584960938 189.2030029296875 180.35899353027344
v 149.7169952392578 202.72900390625 161.93800354003906
v 148.58599853515625 203.96400451660156 163.86199951171875
v 83.29850006103516 212.90199279785156 174.21200561523438
v 78.05970001220703 210.66700744628906 172.3489990234375
v 211.76699829101562 163.79400634765625 193.83599853515625
v 208.94500732421875 188.06900024414062 167.82000732421875
v 98.38580322265625 110.60399627685547 171.20399475097656
v 177.88999938964844 203.04400634765625 129.0709991455078
v 179.50799560546875 199.76600646972656 131.6219940185547
v 154.21299743652344 165.3419952392578 153.125
v 191.76400756835938 135.9759979248047 151.54600524902344
v 159.29200744628906 153.34300231933594 136.85699462890625
v 174.6219940185547 110.89700317382812 147.447998046875
v 152.04200744628906 109.93199920654297 187.78199768066406
v 225.08399963378906 142.36399841308594 193.6179962158203
v 174.26300048828125 176.4759979248047 150.69200134277344
v 177.3300018310547 205.70399475097656 138.60000610351562
v 204.76600646972656 99.75080108642578 166.08099365234375
v 127.08200073242188 178.28500366210938 133.6649932861328
v 210.18600463867188 160.21299743652344 164.14500427246094
v 135.55599975585938 194.6649932861328 98.7688980102539
v 134.6750030517578 190.6320037841797 98.34130096435547
v 181.5780029296875 190.78399658203125 160.6529998779297
v 145.1439971923828 99.15390014648438 169.927001953125
v 98.11699676513672 144.22000122070312 202.38900756835938
v 99.50250244140625 147.71400451660156 203.42799377441406
v 162.1300048828125 202.58700561523438 155.92799377441406
v 237.15899658203125 190.39599609375 180.88800048828125
v 136.17999267578125 218.5399932861328 109.68800354003906
v 129.72799682617188 183.45199584960938 131.15199279785156
v 75.2791976928711 245.9340057373047 94.03620147705078
v 168.01499938964844 181.17999267578125 144.89999389648438
v 102.46099853515625 123.71800231933594 126.20999908447266
v 129.947998046875 232.0469970703125 110.20600128173828
v 126.55899810791016 219.83999633789062 100.62799835205078
v 172.66600036621094 154.0279998779297 198.05299377441406
v 163.46299743652344 187.30499267578125 128.9530029296875
v 158.48300170898438 186.33900451660156 128.42799377441406
v 201.97000122070312 180.05999755859375 186.83599853515625
v 152.83900451660156 212.50799560546875 145.52000427246094
v 127.21600341796875 103.5739974975586 137.3679962158203
v 170.16099548339844 208.88699340820312 134.93600463867188
v 224.55299377441406 196.81100463867188 176.96299743652344
v 94.41780090332031 124.4469985961914 105.29000091552734
v 226.3280029296875 142.843994140625 185.01499938964844
v 223.8719940185547 139.68800354003906 183.6269989013672
v 119.57599639892578 131.68600463867188 131.77999877929688
v 79.05950164794922 121.4280014038086 102.62100219726562
v 82.54959869384766 129.6439971923828 186.36399841308594
v 125.76000213623047 174.4669952392578 139.1699981689453
v 126.3290023803711 171.95899963378906 139.0679931640625
v 238.45799255371094 191.58099365234375 181.1510009765625
v 239.52999877929688 189.75 184.42999267578125
v 119.26399993896484 176.9149932861328 138.01400756835938
v 190.73899841308594 104.62699890136719 188.99000549316406
v 227.1439971923828 193.53799438476562 181.47000122070312
v 170.25399780273438 100.46499633789062 136.41900634765625
v 130.01499938964844 183.33099365234375 121.50800323486328
v 71.47959899902344 171.5760040283203 58.56850051879883
v 71.71089935302734 175.302001953125 57.25239944458008
v 176.08200073242188 186.61399841308594 156.50599670410156
v 62.220401763916016 203.51400756835938 69.44499969482422
v 127.33999633789062 183.30499267578125 122.40799713134766
v 126.88600158691406 184.9669952392578 121.95800018310547
v 45.61980056762695 208.27099609375 126.12999725341797
v 214.95599365234375 106.75599670410156 188.19400024414062
v 177.98300170898438 107.33000183105469 143.58200073242188
v 116.71900177001953 255.78799438476562 130.75900268554688
v 147.7779998779297 134.7519989013672 151.54200744628906
v 133.19900512695312 201.25599670410156 184.4409942626953
v 166.93899536132812 179.2449951171875 194.4499969482422
v 55.01559829711914 180.46299743652344 163.70700073242188
v 212.23899841308594 130.2570037841797 178.25599670410156
v 126.677001953125 96.45159912109375 141.00900268554688
v 143.5800018310547 198.63800048828125 108.36299896240234
v 176.21800231933594 195.35499572753906 171.6699981689453
v 109.48699951171875 138.19900512695312 130.43299865722656
v 122.76899719238281 209.4320068359375 180.40699768066406
v 140.4669952392578 121.0479965209961 142.93299865722656
v 79.2260971069336 139.4290008544922 188.69000244140625
v 136.75799560546875 153.1739959716797 135.36199951171875
v 98.99230194091797 135.1510009765625 198.92599487304688
v 220.10400390625 140.23699951171875 194.03700256347656
v 129.3159942626953 178.1060028076172 198.5959930419922
v 122.4010009765625 132.5500030517578 131.47799682617188
v 65.92060089111328 184.68299865722656 63.08539962768555
v 154.2830047607422 198.2790069580078 142.79100036621094
v 52.150901794433594 227.70899963378906 116.96800231933594
v 113.40699768066406 120.98699951171875 184.32400512695312
v 102.16999816894531 144.35699462890625 203.95599365234375
v 181.1020050048828 198.21600341796875 158.88499450683594
v 105.08999633789062 141.36599731445312 203.5800018310547
v 158.23300170898438 160.55799865722656 146.0570068359375
v 123.2509994506836 224.3990020751953 99.98570251464844
v 127.11900329589844 225.32000732421875 103.96600341796875
v 59.671600341796875 229.1199951171875 96.93309783935547
v 61.71160125732422 235.0709991455078 102.01300048828125
v 186.09300231933594 175.13499450683594 149.7949981689453
v 180.09100341796875 191.22999572753906 144.3679962158203
v 92.20469665527344 198.67300415039062 185.8679962158203
v 128.39599609375 170.1929931640625 119.70099639892578
v 81.95760345458984 203.49099731445312 178.64199829101562
v 86.81759643554688 201.37399291992188 182.04100036621094
v 115.63999938964844 207.69500732421875 87.32270050048828
v 71.8761978149414 239.3090057373047 144.54400634765625
v 168.0760040283203 111.66200256347656 145.85000610351562
v 152.9530029296875 150.13699340820312 139.9149932861328
v 153.6820068359375 98.4583969116211 137.01800537109375
v 136.57899475097656 107.90399932861328 149.1269989013672
v 165.58599853515625 195.27099609375 116.97200012207031
v 168.7030029296875 117.43099975585938 145.56300354003906
v 171.96499633789062 183.5679931640625 151.86000061035156
v 173.21600341796875 184.71400451660156 155.21099853515625
v 184.98699951171875 166.75100708007812 140.75399780273438
v 204.26400756835938 149.35699462890625 161.82200622558594
v 189.44500732421875 181.61599731445312 158.04600524902344
v 152.76600646972656 159.7790069580078 154.58799743652344
v 165.35899353027344 209.718994140625 146.2259979248047
v 208.08599853515625 192.29299926757812 171.281005859375
v 132.83599853515625 197.5850067138672 96.42389678955078
v 183.4320068359375 193.4709930419922 154.531005859375
v 182.88099670410156 192.8459930419922 148.4669952392578
v 128.76499938964844 93.50430297851562 147.54600524902344
v 236.8209991455078 185.38800048828125 184.4409942626953
v 119.2770004272461 161.64999389648438 120.18900299072266
v 55.3025016784668 141.71200561523438 144.62600708007812
v 116.11900329589844 225.75 170.24400329589844
v 148.0189971923828 143.22900390625 138.53599548339844
v 116.69200134277344 105.9209976196289 129.22000122070312
v 209.5290069580078 129.16099548339844 176.44000244140625
v 161.302001953125 188.87600708007812 125.36299896240234
v 113.03600311279297 127.9010009765625 192.56399536132812
v 150.6790008544922 193.36000061035156 112.80599975585938
v 167.31300354003906 174.5 195.69000244140625
v 163.05099487304688 173.0449981689453 197.62899780273438
v 110.64099884033203 229.86500549316406 167.97799682617188
v 105.50700378417969 230.4010009765625 167.4040069580078
v 79.23249816894531 141.00100708007812 77.59120178222656
v 46.129600524902344 208.83700561523438 133.47000122070312
v 168.5850067138672 181.05499267578125 149.6820068359375
v 199.1060028076172 98.56610107421875 159.89700317382812
v 200.84500122070312 98.42880249023438 161.90199279785156
v 145.80099487304688 151.75399780273438 138.47799682617188
v 88.75199890136719 150.5240020751953 197.8209991455078
v 146.37100219726562 215.9720001220703 125.93399810791016
v 184.08399963378906 160.9290008544922 137.93699645996094
v 185.26400756835938 157.64300537109375 137.85699462890625
v 201.19700622558594 151.50999450683594 156.62399291992188
v 198.27499389648438 146.85499572753906 154.0590057373047
v 150.80499267578125 201.2169952392578 159.00599670410156
v 238.85699462890625 190.34800720214844 184.30999755859375
v 188.4669952392578 149.26400756835938 142.6060028076172
v 52.348899841308594 197.0570068359375 94.4260025024414
v 86.98179626464844 224 168.3679962158203
v 145.08700561523438 119.86299896240234 149.8280029296875
v 95.3989028930664 146.1540069580078 201.32000732421875
v 227.1959991455078 135.15699768066406 186.22000122070312
v 204.1649932861328 134.0959930419922 170.02099609375
v 201.08700561523438 131.63699340820312 166.27000427246094
v 165.66799926757812 179.59800720214844 156.96499633789062
v 87.67520141601562 145.18699645996094 77.14640045166016
v 92.37409973144531 119.22200012207031 181.8159942626953
v 198.50999450683594 98.32779693603516 161.26400756835938
v 182.04299926757812 189.0919952392578 165.75
v 126.80500030517578 230.26800537109375 106.14600372314453
v 154.61000061035156 198.2550048828125 164.27699279785156
v 214.4149932861328 172.53900146484375 166.22900390625
v 83.4739990234375 193.31199645996094 57.59939956665039
v 160.27099609375 97.96029663085938 169.9040069580078
v 148.24099731445312 197.22300720214844 184.96400451660156
v 84.82479858398438 221.8280029296875 169.56399536132812
v 89.41680145263672 130.72799682617188 192.04299926757812
v 113.40399932861328 105.21299743652344 168.1750030517578
v 154.10299682617188 152.8780059814453 141.63900756835938
v 105.552001953125 127.76100158691406 128.8179931640625
v 132.30999755859375 169.36599731445312 201.6649932861328
v 236.56199645996094 194.1020050048828 180.64700317382812
v 151.79100036621094 196.71099853515625 177.38600158691406
v 152.7729949951172 194.8179931640625 181.50100708007812
v 214.60299682617188 112.12699890136719 184.1909942626953
v 153.427001953125 183.6719970703125 196.2010040283203
v 152.2239990234375 179.41200256347656 198.27999877929688
v 122.83000183105469 144.83700561523438 202.8489990234375
v 77.76629638671875 253.9010009765625 113.06500244140625
v 102.56500244140625 99.45439910888672 138.7989959716797
v 161.6280059814453 197.13800048828125 173.197998046875
v 173.91200256347656 205.61199951171875 127.60399627685547
v 227.9770050048828 191.60400390625 182.63900756835938
v 158.8249969482422 177.79200744628906 197.75599670410156
v 51.43880081176758 222.0590057373047 136.3350067138672
v 208.96800231933594 152.6179962158203 165.5240020751953
v 124.55799865722656 172.33999633789062 139.16799926757812
v 117.68199920654297 176.06700134277344 138.9429931640625
v 92.86380004882812 225.6020050048828 75.90859985351562
v 230 143.8000030517578 193.60000610351562
v 167.9029998779297 104.66000366210938 186.6739959716797
v 62.98899841308594 178.7899932861328 175.29100036621094
v 177.86300659179688 191.572998046875 174.44200134277344
v 153.1580047607422 198.05299377441406 145.7790069580078
v 173.93800354003906 190.71800231933594 133.0070037841797
v 146.2469940185547 119.16899871826172 148.38800048828125
v 169.14500427246094 206.8800048828125 131.9550018310547
v 169.78199768066406 204.96299743652344 127.7229995727539
v 142.8820037841797 122.89199829101562 148.67999267578125
v 158.37399291992188 130.55299377441406 137.86199951171875
v 154.39199829101562 127.86100006103516 139.9720001220703
v 141.1959991455078 124.41999816894531 152.39599609375
v 140.5399932861328 129.1199951171875 151.65899658203125
v 147.59500122070312 147.47900390625 155.19900512695312
v 78.58180236816406 120.12300109863281 109.1969985961914
v 157.68099975585938 162.96800231933594 154.5260009765625
v 100.53099822998047 238.24400329589844 160.17799377441406
v 94.64710235595703 157.7050018310547 200.7740020751953
v 174.69500732421875 133.00999450683594 139.7010040283203
v 165.468994140625 106.63600158691406 139.5989990234375
v 125.37300109863281 177.3090057373047 137.88400268554688
v 157.95399475097656 161.24000549316406 153.82699584960938
v 199.9199981689453 142.8000030517578 196.8000030517578
v 151.58700561523438 201.6020050048828 151.9770050048828
v 136.83399963378906 243.41600036621094 140.26400756835938
v 86.92549896240234 125.29100036621094 186.63099670410156
v 75.94830322265625 167.56300354003906 189.6529998779297
v 183.25 197.5279998779297 143.45399475097656
v 60.592201232910156 164.68299865722656 173.8990020751953
v 153.60800170898438 109.79399871826172 143.63499450683594
v 179.1320037841797 185.94500732421875 184.68699645996094
v 119.13600158691406 236.89199829101562 160.83599853515625
v 215.6269989013672 186.843994140625 183.42999267578125
v 78.67369842529297 220.43499755859375 64.2334976196289
v 133.55599975585938 182.35400390625 132.56900024414062
v 131.41799926757812 183.07200622558594 131.91600036621094
v 93.88710021972656 124.38600158691406 188.76300048828125
v 167.6230010986328 132.06300354003906 197.39599609375
v 140.69200134277344 181.27000427246094 116.85099792480469
v 176.42999267578125 109.04100036621094 145.406005859375
v 81.16290283203125 196.54100036621094 56.78120040893555
v 79.02459716796875 193.38099670410156 55.09379959106445
v 125.92900085449219 236.3780059814453 158.41900634765625
v 135.6959991455078 186.8090057373047 101.15399932861328
v 143.50100708007812 119.7490005493164 149.17999267578125
v 49.23440170288086 223.66299438476562 127.06900024414062
v 63.676998138427734 240.95899963378906 131.01499938964844
v 174.25799560546875 203.072998046875 157.49600219726562
v 209.6699981689453 173.18099975585938 190.40199279785156
v 162.58799743652344 103.78800201416016 184.7209930419922
v 231.00999450683594 192.30099487304688 182.7519989013672
v 116.97799682617188 173.906005859375 137.3090057373047
v 46.32699966430664 186.6580047607422 114.64600372314453
v 88.20780181884766 193.80599975585938 62.043701171875
v 116.86299896240234 135.63800048828125 135.48800659179688
v 119.65599822998047 198.7989959716797 88.17639923095703
v 147.2530059814453 124.39199829101562 147.77999877929688
v 170.51400756835938 174.73599243164062 150.36599731445312
v 107.53299713134766 152.34100341796875 206.0030059814453
v 43.444400787353516 176.42599487304688 136.23300170898438
v 81.1417007446289 253.29600524902344 103.2020034790039
v 183.5489959716797 196.40499877929688 147.36500549316406
v 138.82000732421875 222.78700256347656 162.3209991455078
v 222.81300354003906 122.00499725341797 189.77000427246094
v 142.28500366210938 97.21269989013672 148.97799682617188
v 159.97300720214844 197.83200073242188 158.7220001220703
v 234.67599487304688 194.63400268554688 179.9949951171875
v 175.06900024414062 191.61500549316406 180.03799438476562
v 162.1820068359375 176.88699340820312 152.9149932861328
v 229.72000122070312 155.24000549316406 193.60000610351562
v 71.00489807128906 200.8350067138672 57.549598693847656
v 161.39700317382812 198.13900756835938 146.10499572753906
v 160.68299865722656 198.6179962158203 142.0709991455078
v 117.6989974975586 161.79800415039062 112.91100311279297
v 113.45700073242188 158.61000061035156 108.7300033569336
v 53.757198333740234 206.24099731445312 92.41439819335938
v 153.31900024414062 213.97999572753906 152.51499938964844
v 152.22799682617188 214.3939971923828 156.16099548339844
v 130.0469970703125 179.23300170898438 135.6959991455078
v 72.05940246582031 143.79400634765625 184.14500427246094
v 60.70330047607422 165.8800048828125 84.73370361328125
v 64.2654037475586 166.83599853515625 76.37460327148438
v 85.03140258789062 251.94900512695312 137.76199340820312
v 134.22000122070312 103.8010025024414 146.75399780273438
v 144.86700439453125 206.9929962158203 175.8699951171875
v 92.08360290527344 143.73399353027344 199.1280059814453
v 156.77000427246094 197.87100219726562 164.53500366210938
v 205.75100708007812 96.96209716796875 169.9199981689453
v 167.23300170898438 144.5399932861328 134.64300537109375
v 194.94200134277344 100.19000244140625 152.56500244140625
v 155.32000732421875 104.23400115966797 138.83900451660156
v 98.7029037475586 109.83599853515625 122.62999725341797
v 121.97100067138672 164.23800659179688 117.6989974975586
v 222.8179931640625 195.97999572753906 178.51800537109375
v 217.31500244140625 110.5 187.8730010986328
v 159.08099365234375 169.14100646972656 155.0030059814453
v 119.48699951171875 99.74629974365234 163.47999572753906
v 45.133399963378906 202.17300415039062 131.61099243164062
v 86.55870056152344 201.31500244140625 61.98460006713867
v 171.4429931640625 197.7209930419922 118.5199966430664
v 150.23699951171875 145.3280029296875 147.3990020751953
v 59.52859878540039 208.0500030517578 161.1739959716797
v 176.02699279785156 130.49099731445312 196.8730010986328
v 173.0290069580078 126.71199798583984 196.822998046875
v 87.53589630126953 113.11399841308594 167.82899475097656
v 84.2145004272461 115.50700378417969 171.23599243164062
v 85.8644027709961 229.677001953125 71.3958969116211
v 164.81100463867188 200.10800170898438 118.30599975585938
v 232.96600341796875 188.4739990234375 184.4429931640625
v 226.3489990234375 147.77499389648438 184.0780029296875
v 147.38800048828125 225.9429931640625 138.49600219726562
v 59.05540084838867 237.11399841308594 129
v 54.87519836425781 183.2530059814453 89.28359985351562
v 111.3479995727539 99.26689910888672 157.5800018310547
v 113.75900268554688 100.7699966430664 162.61099243164062
v 148.6199951171875 209.99200439453125 163.25900268554688
v 149.10499572753906 209.2779998779297 160.0970001220703
v 119.53399658203125 94.78369903564453 138.0469970703125
v 162.2469940185547 178.93099975585938 141.22500610351562
v 129.52099609375 205.42999267578125 181.56399536132812
v 85.41619873046875 197.34800720214844 60.10309982299805
v 89.78569793701172 199.4969940185547 64.74819946289062
v 148.26300048828125 213.26600646972656 164.52200317382812
v 144.48500061035156 130.5540008544922 146.35299682617188
v 119.93399810791016 176.32000732421875 93.76470184326172
v 189.302001953125 104.57599639892578 148.3280029296875
v 136.39199829101562 157.51199340820312 202.24000549316406
v 47.177398681640625 217.7760009765625 125.66500091552734
v 158.61500549316406 195.75799560546875 152.1840057373047
v 66.46489715576172 237.93899536132812 95.06909942626953
v 209.93299865722656 159.6490020751953 194.4499969482422
v 48.902099609375 223.23599243164062 121.77799987792969
v 99.66739654541016 165.1999969482422 77.17900085449219
v 210.09800720214844 124.13099670410156 177.60499572753906
v 127.2760009765625 119.38200378417969 134.2570037841797
v 170.11700439453125 182.16000366210938 153.91299438476562
v 227.88499450683594 192.83299255371094 176.38600158691406
v 172.62600708007812 165.46299743652344 196.4980010986328
v 162.7550048828125 98.0896987915039 138.7949981689453
v 105.16100311279297 211.10499572753906 81.45850372314453
v 99.5698013305664 202.66000366210938 74.86620330810547
v 125.98899841308594 185.79400634765625 122.51200103759766
v 146.58999633789062 151.98399353027344 141.59800720214844
v 220.0489959716797 194.97300720214844 178.12600708007812
v 123.3010025024414 126.4800033569336 130.61599731445312
v 83.71530151367188 209.4219970703125 62.237300872802734
v 110.70700073242188 132.6739959716797 132.31500244140625
v 149.69500732421875 173.29600524902344 199.75999450683594
v 156.75 160.43499755859375 155.01600646972656
v 147.96600341796875 226.3990020751953 146.03500366210938
v 141.57400512695312 230.25100708007812 154.11000061035156
v 120.927001953125 192.5749969482422 116.88300323486328
v 120.86699676513672 192.5780029296875 116.9749984741211
v 130.52099609375 186.05999755859375 122.06500244140625
v 209.98399353027344 99.76170349121094 179.65499877929688
v 146.44200134277344 142.72999572753906 147.57000732421875
v 152.25999450683594 99.02909851074219 137.96099853515625
v 146.12399291992188 122.29499816894531 149.6529998779297
v 158.8990020751953 96.67310333251953 159.052001953125
v 176.8679962158203 187.57699584960938 153.22500610351562
v 133.3979949951172 103.2750015258789 143.96600341796875
v 101.28800201416016 229.9709930419922 167.38400268554688
v 229.7729949951172 161.68800354003906 187.2270050048828
v 141.2689971923828 183.00900268554688 109.7750015258789
v 67.53890228271484 140.83799743652344 176.99600219726562
v 62.87770080566406 142.781005859375 169.86900329589844
v 120.48500061035156 222.26199340820312 96.63700103759766
v 195.63499450683594 110.38700103759766 193.36300659179688
v 83.67169952392578 188.15199279785156 188.43299865722656
v 87.72489929199219 120.73999786376953 98.30280303955078
v 232.76699829101562 146.5019989013672 192.80499267578125
v 123.76699829101562 240.7050018310547 155.7209930419922
v 83.95719909667969 125.01699829101562 93.04499816894531
v 203.072998046875 99.089599609375 161.96600341796875
v 50.002899169921875 173.5919952392578 153.43099975585938
v 152.69500732421875 210.4980010986328 148.7550048828125
v 163.41600036621094 195.88600158691406 115.7959976196289
v 65.03269958496094 242.18499755859375 109.97699737548828
v 145.94200134277344 148.7969970703125 146.0500030517578
v 199.95899963378906 175.00399780273438 157.81399536132812
v 131.17599487304688 111.47799682617188 140.3560028076172
v 204.49000549316406 108.95099639892578 176.58700561523438
v 145.24000549316406 94.45269775390625 155.17599487304688
v 186.3090057373047 129.05299377441406 149.14700317382812
v 201 97.93900299072266 164.8040008544922
v 233.88400268554688 169.00599670410156 187.9739990234375
v 235.1199951171875 171.1999969482422 187.1999969482422
v 134.77499389648438 208.24899291992188 177.66600036621094
v 180.97900390625 188.27000427246094 163.0659942626953
v 155.42300415039062 101.62300109863281 136.45399475097656
v 196.97900390625 116.572998046875 167.83799743652344
v 171.88099670410156 183.63099670410156 154.94000244140625
v 145.43499755859375 154.7689971923828 199.62399291992188
v 50.65119934082031 179.85800170898438 102.25599670410156
v 93.77100372314453 195.9029998779297 68.01129913330078
v 203.97500610351562 104.7750015258789 190.23699951171875
v 134.94500732421875 106.39800262451172 144.72000122070312
v 122.5979995727539 220.2169952392578 171.9969940185547
v 133.6230010986328 235.28799438476562 116.91100311279297
v 67.95700073242188 194.39199829101562 174.17599487304688
v 82.21060180664062 209.03799438476562 175.78799438476562
v 142.2169952392578 125.44999694824219 140.26499938964844
v 166.6020050048828 170.6739959716797 147.53399658203125
v 230.1929931640625 144.87600708007812 188.01499938964844
v 218.14199829101562 111.50499725341797 185.8470001220703
v 95.0239028930664 142.8209991455078 200.39100646972656
v 44.31589889526367 198.08200073242188 135.1750030517578
v 73.13009643554688 189.74600219726562 54.96799850463867
v 96.16069793701172 112.24099731445312 120.44400024414062
v 149.85000610351562 201.42999267578125 165.35299682617188
v 70.22540283203125 239.72999572753906 90.5010986328125
v 147.85499572753906 104.18000030517578 142.7969970703125
v 151.01499938964844 106.4280014038086 142.27499389648438
v 110.65299987792969 253.04400634765625 113.58200073242188
v 235.63999938964844 191.47999572753906 179.7480010986328
v 235.10299682617188 182.4969940185547 183.25999450683594
v 95.01519775390625 173.44200134277344 197.9949951171875
v 94.1427993774414 113.5530014038086 117.03099822998047
v 205.81700134277344 102.58899688720703 172.48500061035156
v 64.78019714355469 147.98899841308594 175.26400756835938
v 108.49199676513672 102.95800018310547 163.52099609375
v 43.692501068115234 175.53799438476562 127.99700164794922
v 192.61500549316406 152.80599975585938 146.0850067138672
v 145.4550018310547 137.79200744628906 147.7480010986328
v 145.63499450683594 140.3780059814453 147.927001953125
v 86.41709899902344 129.1320037841797 189.03799438476562
v 134.64700317382812 111.1969985961914 142.1840057373047
v 196.9149932861328 116.5459976196289 194.656005859375
v 66.70269775390625 148.2760009765625 86.43689727783203
v 147.39700317382812 117.7969970703125 146.85800170898438
v 137.70599365234375 168.59100341796875 140.18600463867188
v 166.98800659179688 178.1750030517578 157.03700256347656
v 144.4199981689453 227.23399353027344 130.74200439453125
v 46.793701171875 214.1649932861328 129.26400756835938
v 49.25279998779297 220.8719940185547 131.3509979248047
v 204.17799377441406 97.94300079345703 167.05799865722656
v 125.41500091552734 165.16600036621094 122.3479995727539
v 45.4744987487793 194.2519989013672 119.62999725341797
v 90.97119903564453 110.27799987792969 163.06300354003906
v 90.0896987915039 125.58599853515625 188.72900390625
v 44.773399353027344 188.9409942626953 121.62899780273438
v 99.70770263671875 156.34300231933594 203.33900451660156
v 214.18899536132812 134.08999633789062 178.70799255371094
v 182.0500030517578 121.96099853515625 150.1280059814453
v 129.95799255371094 170.9530029296875 127.92500305175781
v 63.38199996948242 182.23599243164062 69.33039855957031
v 131.54800415039062 201.5050048828125 96.55490112304688
v 179.8560028076172 102.23200225830078 140.54100036621094
v 167.68800354003906 209.18800354003906 137.2469940185547
v 53.16699981689453 228.83299255371094 131.13400268554688
v 82.0261001586914 150.4530029296875 67.42279815673828
v 58.80569839477539 222.6490020751953 90.91120147705078
v 190.06399536132812 100.46600341796875 148.82699584960938
v 190.17300415039062 100.16500091552734 150.42999267578125
v 172.30799865722656 183.80999755859375 157.00599670410156
v 190.93600463867188 115.73400115966797 160.55299377441406
v 160.84500122070312 202.24099731445312 164.43499755859375
v 174.3489990234375 118.78700256347656 147.49000549316406
v 207.2010040283203 101.8740005493164 175.41799926757812
v 157.19700622558594 124.27200317382812 194.74600219726562
v 90.2217025756836 214.052001953125 69.16639709472656
v 175.39700317382812 207.06100463867188 134.1280059814453
v 204.54800415039062 120.0260009765625 174.31500244140625
v 100.15699768066406 170.50900268554688 75.34220123291016
v 205.64100646972656 97.9811019897461 167.75
v 188.48699951171875 113.49299621582031 157.9510040283203
v 196.55299377441406 130.31399536132812 160.86300659179688
v 126.30899810791016 184.44200134277344 122.91400146484375
v 146.1959991455078 133.77099609375 147.5970001220703
v 92.09500122070312 113.13700103759766 113.72000122070312
v 66.0282974243164 191.83999633789062 173.0760040283203
v 162.8679962158203 150.58599853515625 134.52999877929688
v 166.38600158691406 209.2169952392578 141.87600708007812
v 124.07499694824219 171.36399841308594 135.6719970703125
v 140.45899963378906 163.8769989013672 142.13099670410156
v 78.79910278320312 152.093994140625 66.51850128173828
v 147.0749969482422 129.25100708007812 142.46099853515625
v 149.17300415039062 116.677001953125 190.67999267578125
v 144.3209991455078 117.4020004272461 190.1020050048828
v 163.8820037841797 159.2530059814453 137.8679962158203
v 96.4104995727539 172.64700317382812 70.20230102539062
v 165.36500549316406 110.02799987792969 143.83299255371094
v 170.66900634765625 112.875 147.1790008544922
v 175.70599365234375 201.60699462890625 123.6989974975586
v 177.26499938964844 199.08900451660156 126.2770004272461
v 166.6060028076172 166.4040069580078 142.46299743652344
v 116.34500122070312 144.46099853515625 133.63999938964844
v 177.81500244140625 103.43599700927734 139.06500244140625
v 116.26100158691406 174.4770050048828 137.84100341796875
v 116.35299682617188 174.75900268554688 138.84500122070312
v 193.56399536132812 126.1520004272461 159.30999755859375
v 142.1540069580078 123.5270004272461 152.85400390625
v 217.6020050048828 112.05899810791016 188.43499755859375
v 124.5739974975586 183.3719940185547 92.67379760742188
v 127.5979995727539 156.71400451660156 136.69200134277344
v 170.33999633789062 185.74099731445312 136.16000366210938
v 87.9386978149414 236.2480010986328 77.00070190429688
v 145.85699462890625 170.98300170898438 144.593994140625
v 174.17799377441406 207.89500427246094 141.8509979248047
v 126.00900268554688 249.2530059814453 126.0979995727539
v 120.01200103759766 181.5679931640625 89.7979965209961
v 158.11500549316406 175.49200439453125 148.78700256347656
v 181.61399841308594 185.01100158691406 159.77099609375
v 106.12699890136719 97.6240005493164 138.35000610351562
v 121.32499694824219 174.2449951171875 139.1999969482422
v 98.28970336914062 193.30299377441406 121.59400177001953
v 142.99099731445312 95.30690002441406 150.26300048828125
v 151.10499572753906 101.98999786376953 139.53199768066406
v 163.97000122070312 120.0250015258789 194.99200439453125
v 133.55299377441406 106.4530029296875 142.50799560546875
v 140.2790069580078 142.8979949951172 134.45799255371094
v 146.72999572753906 112.87899780273438 188.63400268554688
v 174.5959930419922 185.6959991455078 153.14300537109375
v 174.51499938964844 185.406005859375 156.53799438476562
v 183.18800354003906 193.16400146484375 158.49400329589844
v 136.28900146484375 99.206298828125 168.76100158691406
v 121.60099792480469 172.54100036621094 138.781005859375
v 73.4800033569336 236.0489959716797 79.52660369873047
v 178.1699981689453 120.86900329589844 148.37100219726562
v 170.86399841308594 114.33899688720703 193.30299377441406
v 143.99400329589844 202.2740020751953 111.4209976196289
v 197.8820037841797 99.1322021484375 157.27499389648438
v 141.98800659179688 123.38800048828125 151.3470001220703
v 108.29299926757812 141.12399291992188 128.94700622558594
v 84.15489959716797 160.00799560546875 61.77280044555664
v 97.96530151367188 231.08999633789062 165.84800720214844
v 137.96600341796875 206.8249969482422 178.12399291992188
v 123.4000015258789 142.73500061035156 135.4010009765625
v 141.2429962158203 136.6300048828125 151.531005859375
v 148.71600341796875 198.21400451660156 181.29200744628906
v 93.81919860839844 119.84400177001953 106.52300262451172
v 161.57400512695312 192.8939971923828 118.48600006103516
v 111.21399688720703 116.69100189208984 128.72300720214844
v 203.3699951171875 96.71269989013672 175.46600341796875
v 158.29100036621094 164.36000061035156 153.45700073242188
v 95.10679626464844 107.62200164794922 128.03799438476562
v 231.23300170898438 195.48300170898438 179.9040069580078
v 53.80139923095703 211.09500122070312 152.52499389648438
v 135.1280059814453 244.08900451660156 143.6540069580078
v 230.23500061035156 134.08700561523438 190.7449951171875
v 123.37300109863281 113.5739974975586 179.85000610351562
v 213.13999938964844 176.09100341796875 166.13900756835938
v 209.5709991455078 100.48200225830078 186.9459991455078
v 100.57099914550781 149.91799926757812 93.18949890136719
v 144.03900146484375 144.02099609375 151.83799743652344
v 110.40899658203125 191.55099487304688 81.64089965820312
v 61.578399658203125 228.53799438476562 91.07350158691406
v 161.6280059814453 107.0459976196289 187.51300048828125
v 150.14100646972656 167.7790069580078 199.88600158691406
v 108.63999938964844 200.90699768066406 81.28060150146484
v 179.77499389648438 176.57000732421875 191.95399475097656
v 89.91719818115234 210.1439971923828 178.21600341796875
v 164.79299926757812 99.10859680175781 136.2550048828125
v 84.64839935302734 139.26699829101562 79.29170227050781
v 86.64129638671875 137.4409942626953 82.9613037109375
v 176.15699768066406 115.19400024414062 149.38999938964844
v 177.32400512695312 100.7760009765625 142.43899536132812
v 224.6280059814453 195.29800415039062 174.50799560546875
v 53.81869888305664 167.0500030517578 100.24199676513672
v 60.50619888305664 237.64300537109375 112.21199798583984
v 124.18900299072266 159.29200744628906 205.2779998779297
v 183.593994140625 188.45599365234375 179.5189971923828
v 188.0570068359375 188.1649932861328 178.11099243164062
v 82.2218017578125 196.83999633789062 181.8979949951172
v 57.71070098876953 162.3350067138672 93.631103515625
v 175.51699829101562 181.14100646972656 190.52699279785156
v 103.44300079345703 202.75900268554688 185.73699951171875
v 226.00399780273438 125.28099822998047 188.2239990234375
v 82.84629821777344 230.3040008544922 70.12930297851562
v 152.16600036621094 142.41700744628906 155.8560028076172
v 211.1929931640625 139.16299438476562 173.7530059814453
v 191.63299560546875 186.4949951171875 181.40199279785156
v 145.36500549316406 184.97799682617188 111.04499816894531
v 127.64199829101562 181.69400024414062 123.80799865722656
v 94.21330261230469 106.4219970703125 156.00100708007812
v 218.8509979248047 145.54400634765625 179.0030059814453
v 219.45599365234375 139.91299438476562 181.16099548339844
v 160.94000244140625 204.58299255371094 161.69700622558594
v 138.83799743652344 147.3719940185547 200.0070037841797
v 79.53849792480469 118.63700103759766 172.04299926757812
v 132.94400024414062 204.88699340820312 99.3927993774414
v 82.56890106201172 130.677001953125 88.02989959716797
v 220.6540069580078 193.6199951171875 179.69900512695312
v 97.34839630126953 146.64300537109375 91.7571029663086
v 71.37979888916016 194.9949951171875 176.17999267578125
v 80.99939727783203 124.4280014038086 94.69390106201172
v 144.92100524902344 183.3459930419922 118.00800323486328
v 142.07699584960938 182.82400512695312 121.43000030517578
v 51.23609924316406 169.9080047607422 158.06399536132812
v 207.08799743652344 149.14599609375 196.78700256347656
v 223.10000610351562 135.56199645996094 184.0709991455078
v 175.73199462890625 124.03500366210938 144.90199279785156
v 87.4302978515625 195.9029998779297 185.17300415039062
v 180.36500549316406 110.9739990234375 192.80999755859375
v 109.177001953125 234.64599609375 163.7570037841797
v 107.11799621582031 226.8280029296875 170.1699981689453
v 201.54299926757812 167.78399658203125 193.5229949951172
v 209.83399963378906 173.13900756835938 163.36199951171875
v 209.28700256347656 167.87399291992188 161.8769989013672
v 198.75599670410156 139.93499755859375 158.4600067138672
v 150.177001953125 192.78900146484375 190.36700439453125
v 162.70899963378906 199.64199829101562 120.33799743652344
v 105.54399871826172 253.36099243164062 110.33300018310547
v 171.9739990234375 188.7030029296875 184.86000061035156
v 159.4409942626953 149.5229949951172 135.23500061035156
v 123.10199737548828 119.48200225830078 131.45599365234375
v 161.4709930419922 202.9810028076172 159.0780029296875
v 232.6020050048828 193.1280059814453 182.468994140625
v 136.42300415039062 209.66900634765625 105.26799774169922
v 145.3679962158203 143.57000732421875 136.7779998779297
v 176.91200256347656 110.36599731445312 147.9949951171875
v 127.76000213623047 250.20399475097656 136.9010009765625
v 103.3239974975586 206.6999969482422 183
v 216.73599243164062 137.9600067138672 195.4720001220703
v 133.9219970703125 176.0500030517578 138.76300048828125
v 139.3679962158203 111.4800033569336 149.78399658203125
v 83.7156982421875 193.3000030517578 184.7899932861328
v 166.13299560546875 178.7760009765625 157.61900329589844
v 165.6219940185547 205.60400390625 165.33700561523438
v 216.8699951171875 146.91900634765625 176.17799377441406
v 201.40699768066406 98.99479675292969 160.5330047607422
v 66.89790344238281 194.718994140625 60.3650016784668
v 120.6259994506836 108.83899688720703 131.66799926757812
v 195.86300659179688 169.8459930419922 153.1699981689453
v 166.4199981689453 125.13400268554688 196.51600646972656
v 84.8635025024414 145.2740020751953 74.10489654541016
v 51.10710144042969 150.9770050048828 148.5970001220703
v 163.89100646972656 208.79299926757812 158.23399353027344
v 170.39300537109375 188.52499389648438 132.1300048828125
v 172.96499633789062 184.31500244140625 189.9409942626953
v 218.0959930419922 181.98300170898438 169.78199768066406
v 177.01800537109375 190.77000427246094 137.6490020751953
v 139.593994140625 182.9080047607422 132.03799438476562
v 87.32769775390625 114.91300201416016 105.80899810791016
v 66.56430053710938 170.03199768066406 68.0886001586914
v 65.64739990234375 174.15199279785156 67.56060028076172
v 142.82200622558594 122.4520034790039 151.95199584960938
v 175.07400512695312 114.81900024414062 193.95700073242188
v 221.3300018310547 143.48399353027344 181.73800659179688
v 184.12600708007812 176.34500122070312 191.60400390625
v 65.91729736328125 178.82400512695312 64.72319793701172
v 121.1729965209961 137.7259979248047 200.3159942626953
v 146.11300659179688 170.5030059814453 201.31700134277344
v 167.47000122070312 195.38699340820312 179.7550048828125
v 184.86700439453125 109.3290023803711 192.2469940185547
v 232.25 145.0760040283203 190.1790008544922
v 145.64500427246094 210.1540069580078 120.08499908447266
v 163.13900756835938 194.4340057373047 116.91200256347656
v 109.06300354003906 154.4669952392578 113.84600067138672
v 110.16899871826172 154.35699462890625 119.99600219726562
v 179.6510009765625 185.20399475097656 159.67300415039062
v 138.625 239.3730010986328 146.7760009765625
v 172.875 107.19999694824219 141.1909942626953
v 183.34300231933594 126.59500122070312 147.97799682617188
v 122.9520034790039 177.25799560546875 137.16200256347656
v 124.7509994506836 116.30599975585938 133.072998046875
v 140.5760040283203 127.55999755859375 151.3300018310547
v 130.97900390625 139.61700439453125 199.7899932861328
v 105.31500244140625 157.54800415039062 90.6957015991211
v 213.13800048828125 151.96200561523438 170.1510009765625
v 56.893798828125 186.45899963378906 164.4739990234375
v 238.41200256347656 172.52699279785156 188.23599243164062
v 237.94500732421875 171.927001953125 189.19900512695312
v 217.37600708007812 175.46600341796875 168.50799560546875
v 220.447998046875 175.70899963378906 171.13699340820312
v 124.51499938964844 234.4250030517578 160.6750030517578
v 48.91320037841797 163.3070068359375 144.36599731445312
v 199.79400634765625 99.41560363769531 157.77499389648438
v 184.4149932861328 172.08299255371094 193.4720001220703
v 81.49089813232422 127.22100067138672 91.30780029296875
v 129.06500244140625 177.21099853515625 124.9280014038086
v 144.83099365234375 104.7699966430664 145.57000732421875
v 198.84800720214844 131.1490020751953 163.1510009765625
v 112.03600311279297 125.6760025024414 131.3159942626953
v 154.03399658203125 138.093994140625 136.5780029296875
v 220.4929962158203 168.60000610351562 193.06700134277344
v 195.51800537109375 173.5540008544922 154.9949951171875
v 136.9149932861328 118.66400146484375 142.1840057373047
v 72.83219909667969 122.4020004272461 145.6929931640625
v 73.65640258789062 192.07000732421875 179.55599975585938
v 83.00749969482422 200.38499450683594 58.97549819946289
v 98.0115966796875 209.42999267578125 75.31069946289062
v 163.5290069580078 154.92599487304688 135.68600463867188
v 85.0031967163086 112.0510025024414 157.72500610351562
v 78.97930145263672 253.5500030517578 108.10800170898438
v 212.31399536132812 191.7220001220703 169.4810028076172
v 143.7209930419922 136.19400024414062 154.45700073242188
v 117.10399627685547 103.32099914550781 167.56700134277344
v 111.41200256347656 209.64199829101562 85.05509948730469
v 146.71800231933594 144.56700134277344 155.43899536132812
v 191.30099487304688 100.27200317382812 149.74899291992188
v 166.01100158691406 208.69500732421875 139.86199951171875
v 88.18730163574219 152.6820068359375 70.91349792480469
v 236.572998046875 171.6790008544922 187.22500610351562
v 144.36500549316406 145.44500732421875 196.8000030517578
v 230.80799865722656 148.9199981689453 193.60000610351562
v 188.9250030517578 108.28700256347656 153.4669952392578
v 109.88099670410156 256.6910095214844 137.01100158691406
v 140.25999450683594 181.28399658203125 112.6500015258789
v 159.55499267578125 175.7519989013672 152.01800537109375
v 184.7030029296875 163.78700256347656 139.32200622558594
v 174.5260009765625 140.11199951171875 137.2899932861328
v 65.6947021484375 221.60699462890625 74.77570343017578
v 140.0290069580078 226.11700439453125 119.94000244140625
v 67.67469787597656 128.16299438476562 145.59500122070312
v 70.681396484375 156.49099731445312 71.91889953613281
v 99.46640014648438 210.96800231933594 179.83700561523438
v 53.76169967651367 207.5189971923828 154.70799255371094
v 144.90899658203125 117.78800201416016 148.9149932861328
v 159.7030029296875 122.78600311279297 141.14100646972656
v 181.1999969482422 199.31199645996094 135.96499633789062
v 105.15299987792969 141.07000732421875 126.61799621582031
v 151.41299438476562 195.0959930419922 184.947998046875
v 79.47799682617188 203.00999450683594 57.98970031738281
v 130.875 186.7519989013672 123.39199829101562
v 64.22550201416016 159.98500061035156 177.56399536132812
v 63.204898834228516 177.0260009765625 72.44979858398438
v 105.1729965209961 101.29900360107422 156.9759979248047
v 237.7259979248047 192.4029998779297 183.25999450683594
v 236.5449981689453 175.92999267578125 187.14199829101562
v 176.9510040283203 177.8159942626953 151.16200256347656
v 235.49400329589844 189.43699645996094 180.32400512695312
v 96.25640106201172 135.4969940185547 101.49400329589844
v 190.96600341796875 186.4290008544922 165.83700561523438
v 196.65499877929688 186.2969970703125 167.14999389648438
v 103.7490005493164 216.01800537109375 176.92300415039062
v 159.3470001220703 144.6009979248047 134.85899353027344
v 158.42599487304688 127.21900177001953 139.41000366210938
v 155.36099243164062 124.35800170898438 140.8470001220703
v 144.03900146484375 207.64100646972656 114.68199920654297
v 143.95799255371094 128.69000244140625 146.41700744628906
v 64.86640167236328 169.48599243164062 178.36399841308594
v 94.20570373535156 116.11699676513672 112.74800109863281
v 232.75799560546875 142.73699951171875 191.48500061035156
v 231.50799560546875 140.7270050048828 192.64999389648438
v 172.5780029296875 178.552001953125 192.4949951171875
v 200.58299255371094 125.677001953125 167.6230010986328
v 225.4459991455078 154.0970001220703 193.60000610351562
v 165.06900024414062 178.1790008544922 157.76300048828125
v 108.97599792480469 154.52000427246094 106.58000183105469
v 156.78700256347656 198.50999450683594 132.1750030517578
v 160.1529998779297 175.58900451660156 155.79600524902344
v 102.36699676513672 153.92300415039062 204.64999389648438
v 187.2729949951172 181.58700561523438 187.6529998779297
v 85.72920227050781 255.22999572753906 105.75800323486328
v 143.39199829101562 183.69700622558594 126.37999725341797
v 180.30799865722656 200.875 152.0709991455078
v 142.96200561523438 121.70800018310547 150.28199768066406
v 135.51600646972656 94.48880004882812 154.0659942626953
v 154.51800537109375 176.91299438476562 198.38699340820312
v 237.2429962158203 179.97900390625 186.6439971923828
v 127.80000305175781 172.21600341796875 201.4010009765625
v 176.73500061035156 104.21499633789062 139.22799682617188
v 95.69170379638672 206.87100219726562 72.2748031616211
v 78.50830078125 194.2010040283203 181.52000427246094
v 122.43900299072266 199.1750030517578 90.1155014038086
v 126.29299926757812 199.57699584960938 92.3865966796875
v 126.21700286865234 107.84400177001953 177.06100463867188
v 129.10899353027344 169.03799438476562 130.76100158691406
v 141.11599731445312 128.97300720214844 150.65699768066406
v 136.2239990234375 227.6230010986328 114.80599975585938
v 112.95099639892578 189.3560028076172 194.5780029296875
v 61.8916015625 139.3820037841797 165.6540069580078
v 180.10499572753906 101.7040023803711 141.82400512695312
v 74.23809814453125 172.60800170898438 56.40330123901367
v 172.87100219726562 187.32400512695312 186.81199645996094
v 236.39500427246094 173.51800537109375 187.19200134277344
v 80.62079620361328 237.4040069580078 75.89409637451172
v 89.78800201416016 140.42300415039062 84.0696029663086
v 173.98599243164062 199.44700622558594 168.6719970703125
v 127.375 176.25100708007812 108.322998046875
v 133.21299743652344 138.11900329589844 133.343994140625
v 110.6780014038086 123.927001953125 188.63600158691406
v 150.6840057373047 96.82150268554688 141.36500549316406
v 165.73599243164062 207.8679962158203 137.90499877929688
v 65.13390350341797 137.6540069580078 171.28799438476562
v 191.4759979248047 181.13600158691406 186.43899536132812
v 120.92900085449219 101.21199798583984 132.52999877929688
v 76.56990051269531 147.92799377441406 72.22000122070312
v 130.8820037841797 198.57699584960938 187.09500122070312
v 94.46649932861328 213.38999938964844 73.21479797363281
v 123.93699645996094 130.04600524902344 191.65199279785156
v 139.18899536132812 183.3159942626953 123.71700286865234
v 90.32450103759766 234.0800018310547 77.48519897460938
v 58.4817008972168 199.18899536132812 162.71299743652344
v 143.46200561523438 138.6820068359375 149.5570068359375
v 100.98999786376953 160.6199951171875 82.09980010986328
v 210.50599670410156 193.24600219726562 170.06399536132812
v 234.9029998779297 175.10499572753906 190.26800537109375
v 192.56199645996094 165.07200622558594 146.46499633789062
v 231.21099853515625 155.38499450683594 193.51300048828125
v 160.26199340820312 198.30599975585938 168.71600341796875
v 133.98599243164062 213.36500549316406 174.2550048828125
v 117.9010009765625 173.37600708007812 138.0989990234375
v 151.7689971923828 199.76400756835938 136.6739959716797
v 129.9149932861328 199.26400756835938 94.53669738769531
v 126.25199890136719 187.10000610351562 122.00399780273438
v 134.75100708007812 137.5800018310547 194.44900512695312
v 115.99600219726562 176.0030059814453 136.4429931640625
v 143.01699829101562 121.66899871826172 147.47000122070312
v 232.781005859375 158.9810028076172 192.55599975585938
v 166.29299926757812 112.49800109863281 145.375
v 168.45700073242188 98.4561996459961 144.93299865722656
v 127.17500305175781 187.7760009765625 124.4540023803711
v 165.46499633789062 193.79600524902344 119.12999725341797
v 122.3290023803711 180.7949981689453 198.21299743652344
v 151.00100708007812 103.4260025024414 140.9040069580078
v 119.22699737548828 157.1060028076172 128.63999938964844
v 179.5019989013672 137.73699951171875 140.2779998779297
v 49.22370147705078 166.36700439453125 150.3990020751953
v 205.46400451660156 144.2209930419922 165.81300354003906
v 225.83599853515625 196.54299926757812 178.05099487304688
v 187.88099670410156 100.36299896240234 149.11900329589844
v 229.42799377441406 132.60699462890625 187.8350067138672
v 84.53410339355469 114.19300079345703 130.343994140625
v 127.95500183105469 123.80699920654297 187.7449951171875
v 95.6626968383789 137.7030029296875 198.98199462890625
v 176.72000122070312 116.89199829101562 195.5330047607422
v 118.6729965209961 217.80099487304688 93.49870300292969
v 145.15499877929688 148.73399353027344 136.98599243164062
v 103.87200164794922 217.47300720214844 82.7656021118164
v 229.4980010986328 134.07400512695312 187.48899841308594
v 114.00499725341797 94.7083969116211 141.9810028076172
v 170.28399658203125 181.24400329589844 192.6750030517578
v 132.4669952392578 96.9303970336914 147.2989959716797
v 181.70899963378906 186.51300048828125 161.81500244140625
v 161.04200744628906 109.73899841308594 142.92799377441406
v 69.68879699707031 124.19100189208984 152.64300537109375
v 223.75 196.68499755859375 175.43499755859375
v 234.09100341796875 194.0970001220703 182.1230010986328
v 177.78500366210938 105.46800231933594 141.19200134277344
v 74.31300354003906 243.2030029296875 89.8750991821289
v 194.875 166.4510040283203 194.5469970703125
v 118.69599914550781 174.79800415039062 139.17999267578125
v 52.2869987487793 148.3509979248047 141.54299926757812
v 67.283203125 134.33700561523438 111.38400268554688
v 161.42599487304688 175.406005859375 157.24099731445312
v 159.281005859375 174.7209930419922 155.76499938964844
v 153.06399536132812 123.76499938964844 142.41799926757812
v 115.01100158691406 235.83399963378906 162.20899963378906
v 146.13400268554688 134.9340057373047 154.05499267578125
v 142.3719940185547 137.71800231933594 153.93899536132812
v 183.42300415039062 196.9010009765625 151.21800231933594
v 80.65239715576172 215.46600341796875 171.55799865722656
v 125.0780029296875 175.5 104.24199676513672
v 119.06999969482422 151.5800018310547 205.41900634765625
v 118.73999786376953 158.093994140625 206.38699340820312
v 237.94700622558594 186.79100036621094 183.26300048828125
v 75.2676010131836 180.90699768066406 54.01100158691406
v 170.09300231933594 209.28799438476562 147.74899291992188
v 132.60400390625 182.30099487304688 121.27799987792969
v 128.8730010986328 191.29299926757812 192.1929931640625
v 234.66099548339844 168.7969970703125 189.55599975585938
v 109.95500183105469 242.77099609375 100.5479965209961
v 98.91940307617188 140.6750030517578 111.35199737548828
v 97.09329986572266 135.63600158691406 107.34400177001953
v 214.00799560546875 107.6969985961914 188.86599731445312
v 113.77200317382812 256.6629943847656 133.18800354003906
v 192.77999877929688 130.0260009765625 156.5189971923828
v 102.55000305175781 258.2569885253906 132.875
v 135.8990020751953 163.98500061035156 139.91099548339844
v 166.01600646972656 188.21299743652344 182.53500366210938
v 120.84300231933594 244.13600158691406 152.8520050048828
v 141.90499877929688 132.63400268554688 149.9969940185547
v 209.2790069580078 190.9810028076172 169.16799926757812
v 147.66299438476562 123.58999633789062 147.16700744628906
v 204.53500366210938 161.71600341796875 157.55799865722656
v 201.0540008544922 119.59500122070312 171.2169952392578
v 98.91519927978516 129.24400329589844 121.32599639892578
v 152.41700744628906 101.47100067138672 138.0469970703125
v 93.13140106201172 109.37999725341797 125.43900299072266
v 100.04499816894531 107.93499755859375 166.875
v 175.83200073242188 185.65499877929688 186.81199645996094
v 178.3070068359375 188.75999450683594 182.92999267578125
v 170.01499938964844 209.4709930419922 143.04100036621094
v 156.49099731445312 193.22000122070312 115.60700225830078
v 224.48800659179688 194.25100708007812 180.4239959716797
v 180.49099731445312 189.25799560546875 178.53399658203125
v 128.7949981689453 182.80099487304688 121.6500015258789
v 115.75599670410156 114.56400299072266 129.44400024414062
v 142.6540069580078 122.5510025024414 144.50100708007812
v 154.55499267578125 166.60699462890625 153.0489959716797
v 121.34200286865234 146.4290008544922 135.61000061035156
v 141.08900451660156 100.51300048828125 149.2239990234375
v 76.597900390625 248.7270050048828 97.97319793701172
v 189.18600463867188 105.80500030517578 150.5500030517578
v 208.23500061035156 162.58200073242188 161.0679931640625
v 155.1020050048828 158.23699951171875 155.8780059814453
v 203.75399780273438 97.77899932861328 183.79200744628906
v 111.96299743652344 156.61599731445312 206.20199584960938
v 142.38499450683594 160.052001953125 201.2830047607422
v 231.0290069580078 193.13600158691406 178.34300231933594
v 98.62159729003906 128.86599731445312 194.4530029296875
v 186.94200134277344 111.45099639892578 155.0399932861328
v 170.90899658203125 175.9239959716797 193.69200134277344
v 220.7689971923828 146.69700622558594 180.34800720214844
v 213.25999450683594 155.30999755859375 194.38699340820312
v 101.70800018310547 248.97999572753906 148.63400268554688
v 138.2010040283203 139.53399658203125 134.08099365234375
v 54.6245002746582 215.71499633789062 149.5050048828125
v 209.16700744628906 98.72339630126953 175.7779998779297
v 59.59640121459961 156.2989959716797 94.34980010986328
v 87.18460083007812 144.14700317382812 196.15699768066406
v 120.23500061035156 175.0780029296875 139.16700744628906
v 65.0353012084961 231.43499755859375 87.44869995117188
v 132.9600067138672 179.7779998779297 135.22799682617188
v 174.80599975585938 100.06800079345703 143.24200439453125
v 221.61300659179688 183.98899841308594 186.0919952392578
v 132.093994140625 185.6439971923828 122.80599975585938
v 109.62899780273438 96.09940338134766 136.8800048828125
v 148.98699951171875 156.05599975585938 199.23599243164062
v 120.02899932861328 172.54600524902344 138.26600646972656
v 123.75599670410156 153.5030059814453 135.8470001220703
v 167.9530029296875 205.9429931640625 163.46099853515625
v 157.54400634765625 164.17599487304688 154.95700073242188
v 161.83900451660156 162.38999938964844 142.46800231933594
v 154.27000427246094 154.19900512695312 156.38400268554688
v 201.4029998779297 144.71099853515625 160.0330047607422
v 236.95199584960938 172.1199951171875 190.21499633789062
v 183.47500610351562 104.16899871826172 143.4409942626953
v 140.3820037841797 153.98399353027344 201.9929962158203
v 127.5739974975586 137.82699584960938 199.22000122070312
v 103.68900299072266 149.69000244140625 205.2050018310547
v 114.83399963378906 179.9720001220703 198.87100219726562
v 150.8730010986328 221.41400146484375 148.0590057373047
v 127.9209976196289 136.74000549316406 132.54800415039062
v 124.00800323486328 174.36000061035156 139.1999969482422
v 122.45800018310547 237.94000244140625 158.5659942626953
v 86.875 135.2469940185547 193.10699462890625
v 66.7865982055664 160.88699340820312 75.42130279541016
v 226.54200744628906 127.08000183105469 187.6699981689453
v 148.677001953125 185.51199340820312 118.77100372314453
v 83.341796875 148.98599243164062 194.41900634765625
v 128.78900146484375 166.1999969482422 129.61599731445312
v 150.78700256347656 202.4409942626953 155.60699462890625
v 87.2051010131836 127.68499755859375 92.0363998413086
v 84.34629821777344 127.8740005493164 90.39440155029297
v 133.9739990234375 171.0500030517578 139.32200622558594
v 163.2310028076172 165.56399536132812 145.43099975585938
v 149.98399353027344 201.47500610351562 134.31100463867188
v 219.1280059814453 197.05599975585938 172.218994140625
v 120.9209976196289 192.59100341796875 116.9260025024414
v 163.05799865722656 200.41900634765625 145.14199829101562
v 161.88699340820312 129.21200561523438 138.5970001220703
v 154.0260009765625 156.49400329589844 156.35899353027344
v 104.5790023803711 107.3479995727539 124.39900207519531
v 130.79200744628906 138.16299438476562 197.77099609375
v 95.1677017211914 130.4459991455078 103.00800323486328
v 120.9020004272461 192.57400512695312 117.01699829101562
v 98.2853012084961 193.31300354003906 121.91999816894531

g grp1
usemtl mtl1
f 1303 2 1 
f 39 1 2 
f 3054 4 3 
f 1167 3 4 
f 839 6 5 
f 1294 5 6 
f 2323 8 7 
f 697 7 8 
f 1807 10 9 
f 2986 9 10 
f 654 12 11 
f 2102 11 12 
f 1030 14 13 
f 3898 13 14 
f 1816 16 15 
f 981 15 16 
f 2698 18 17 
f 3156 17 18 
f 2914 20 19 
f 2687 19 20 
f 1431 22 21 
f 2722 21 22 
f 3970 24 23 
f 1104 23 24 
f 2186 26 25 
f 3648 25 26 
f 876 28 27 
f 3185 27 28 
f 3592 30 29 
f 2362 29 30 
f 1119 32 31 
f 670 31 32 
f 117 34 33 
f 2867 33 34 
f 1056 36 35 
f 2587 35 36 
f 2461 38 37 
f 3723 37 38 
f 136 1 39 
f 3136 41 40 
f 1989 40 41 
f 2335 43 42 
f 1346 42 43 
f 2306 45 44 
f 3361 44 45 
f 3307 47 46 
f 3448 46 47 
f 11 49 48 
f 1103 48 49 
f 261 51 50 
f 1484 50 51 
f 524 53 52 
f 2454 52 53 
f 701 55 54 
f 2541 54 55 
f 3207 57 56 
f 3051 56 57 
f 1197 59 58 
f 139 58 59 
f 3351 61 60 
f 917 60 61 
f 1581 63 62 
f 2856 62 63 
f 2466 65 64 
f 2413 64 65 
f 2936 67 66 
f 3870 66 67 
f 772 69 68 
f 2354 68 69 
f 2582 71 70 
f 1926 70 71 
f 3978 73 72 
f 3816 72 73 
f 3816 74 72 
f 2521 72 74 
f 1676 76 75 
f 3911 75 76 
f 2574 78 77 
f 157 77 78 
f 2558 80 79 
f 3301 79 80 
f 2119 82 81 
f 3524 81 82 
f 3326 84 83 
f 2725 83 84 
f 3315 86 85 
f 264 85 86 
f 3610 88 87 
f 2234 87 88 
f 3542 90 89 
f 304 89 90 
f 2282 92 91 
f 3627 91 92 
f 1538 94 93 
f 3705 93 94 
f 644 96 95 
f 3939 95 96 
f 1977 98 97 
f 2853 97 98 
f 3312 100 99 
f 1564 99 100 
f 2480 102 101 
f 1863 101 102 
f 3320 104 103 
f 860 103 104 
f 1505 106 105 
f 2207 105 106 
f 903 108 107 
f 2330 107 108 
f 2005 110 109 
f 3795 109 110 
f 2 112 111 
f 2678 111 112 
f 1756 114 113 
f 3234 113 114 
f 2571 116 115 
f 3167 115 116 
f 500 117 33 
f 2517 119 118 
f 283 118 119 
f 3837 121 120 
f 3010 120 121 
f 398 123 122 
f 582 122 123 
f 1849 125 124 
f 1855 124 125 
f 3091 127 126 
f 2410 126 127 
f 2829 129 128 
f 1458 128 129 
f 2259 131 130 
f 301 130 131 
f 2859 133 132 
f 2929 132 133 
f 324 135 134 
f 2094 134 135 
f 2795 137 136 
f 3906 136 137 
f 58 139 138 
f 102 138 139 
f 503 141 140 
f 1716 140 141 
f 1193 143 142 
f 744 142 143 
f 847 145 144 
f 997 144 145 
f 3633 147 146 
f 1263 146 147 
f 2325 149 148 
f 3127 148 149 
f 2831 150 41 
f 2820 41 150 
f 3590 152 151 
f 1688 151 152 
f 228 154 153 
f 2079 153 154 
f 563 156 155 
f 1047 155 156 
f 2098 157 78 
f 626 159 158 
f 1020 158 159 
f 2695 161 160 
f 833 160 161 
f 3269 163 162 
f 1128 162 163 
f 2555 165 164 
f 2761 164 165 
f 3865 167 166 
f 872 166 167 
f 937 169 168 
f 3417 168 169 
f 1235 171 170 
f 189 170 171 
f 3447 173 172 
f 776 172 173 
f 1842 175 174 
f 3718 174 175 
f 2041 177 176 
f 3750 176 177 
f 2185 178 155 
f 563 155 178 
f 3195 180 179 
f 3186 179 180 
f 1243 182 181 
f 3934 181 182 
f 1377 184 183 
f 1709 183 184 
f 2041 176 185 
f 1517 185 176 
f 3067 187 186 
f 3246 186 187 
f 170 189 188 
f 3049 188 189 
f 411 191 190 
f 1204 190 191 
f 3228 193 192 
f 3413 192 193 
f 533 195 194 
f 3152 194 195 
f 317 197 196 
f 569 196 197 
f 1004 199 198 
f 2599 198 199 
f 1276 201 200 
f 3442 200 201 
f 2931 203 202 
f 3281 202 203 
f 552 205 204 
f 2090 204 205 
f 2593 207 206 
f 1694 206 207 
f 111 209 208 
f 2191 208 209 
f 3912 211 210 
f 1357 210 211 
f 622 213 212 
f 1555 212 213 
f 2663 215 214 
f 713 214 215 
f 1479 217 216 
f 327 216 217 
f 1578 219 218 
f 2684 218 219 
f 3126 221 220 
f 791 220 221 
f 1390 223 222 
f 409 222 223 
f 418 225 224 
f 2157 224 225 
f 2484 227 226 
f 3722 226 227 
f 2389 229 228 
f 792 228 229 
f 3465 231 230 
f 864 230 231 
f 1645 233 232 
f 1237 232 233 
f 3795 110 234 
f 1443 234 110 
f 264 236 235 
f 1402 235 236 
f 3134 238 237 
f 2282 237 238 
f 1976 240 239 
f 3691 239 240 
f 2072 242 241 
f 2153 241 242 
f 2832 244 243 
f 2082 243 244 
f 2174 246 245 
f 459 245 246 
f 1336 248 247 
f 3949 247 248 
f 2515 250 249 
f 3904 249 250 
f 1176 252 251 
f 2650 251 252 
f 704 254 253 
f 2001 253 254 
f 1886 256 255 
f 1997 255 256 
f 2909 258 257 
f 2088 257 258 
f 3377 260 259 
f 424 259 260 
f 1997 256 261 
f 51 261 256 
f 2835 263 262 
f 2784 262 263 
f 1891 264 86 
f 2192 266 265 
f 315 265 266 
f 3098 268 267 
f 1695 267 268 
f 3911 270 269 
f 2967 269 270 
f 704 272 271 
f 3863 271 272 
f 2246 274 273 
f 3856 273 274 
f 3007 276 275 
f 1095 275 276 
f 1332 278 277 
f 3133 277 278 
f 3290 280 279 
f 197 279 280 
f 2546 282 281 
f 1389 281 282 
f 119 284 283 
f 3810 283 284 
f 3330 286 285 
f 2161 285 286 
f 3895 288 287 
f 1996 287 288 
f 2183 290 289 
f 2249 289 290 
f 3496 292 291 
f 3215 291 292 
f 519 294 293 
f 2364 293 294 
f 133 296 295 
f 3473 295 296 
f 2964 298 297 
f 3169 297 298 
f 572 300 299 
f 3544 299 300 
f 3603 302 301 
f 3965 301 302 
f 3611 304 303 
f 90 303 304 
f 3197 306 305 
f 3608 305 306 
f 3093 308 307 
f 3815 307 308 
f 1354 310 309 
f 2590 309 310 
f 1060 312 311 
f 3860 311 312 
f 2874 314 313 
f 3730 313 314 
f 574 316 315 
f 3288 315 316 
f 2789 279 317 
f 197 317 279 
f 581 319 318 
f 701 318 319 
f 713 321 320 
f 993 320 321 
f 1339 323 322 
f 1130 322 323 
f 3976 324 134 
f 2208 326 325 
f 2078 325 326 
f 3599 216 327 
f 2748 329 328 
f 738 328 329 
f 967 331 330 
f 177 330 331 
f 613 333 332 
f 2402 332 333 
f 2472 335 334 
f 1979 334 335 
f 2887 337 336 
f 2108 336 337 
f 1131 339 338 
f 520 338 339 
f 3705 341 340 
f 1723 340 341 
f 3439 343 342 
f 2656 342 343 
f 3211 253 344 
f 2577 344 253 
f 589 346 345 
f 779 345 346 
f 901 348 347 
f 2693 347 348 
f 1340 350 349 
f 1426 349 350 
f 1182 352 351 
f 3082 351 352 
f 2036 354 353 
f 2345 353 354 
f 1933 356 355 
f 435 355 356 
f 471 358 357 
f 976 357 358 
f 1287 360 359 
f 3175 359 360 
f 2469 362 361 
f 25 361 362 
f 463 364 363 
f 3078 363 364 
f 3297 366 365 
f 1424 365 366 
f 3299 368 367 
f 2694 367 368 
f 3591 370 369 
f 1566 369 370 
f 773 372 371 
f 2043 371 372 
f 3271 374 373 
f 3649 373 374 
f 1278 376 375 
f 2127 375 376 
f 2134 378 377 
f 1254 377 378 
f 3925 380 379 
f 3346 379 380 
f 2215 382 381 
f 3833 381 382 
f 3994 384 383 
f 1429 383 384 
f 2161 386 385 
f 883 385 386 
f 1572 388 387 
f 1177 387 388 
f 665 390 389 
f 3935 389 390 
f 3873 392 391 
f 2421 391 392 
f 3599 394 393 
f 1488 393 394 
f 3408 396 395 
f 3117 395 396 
f 462 398 397 
f 1757 397 398 
f 3282 400 399 
f 2624 399 400 
f 3435 402 401 
f 3389 401 402 
f 2990 404 403 
f 1586 403 404 
f 3150 406 405 
f 763 405 406 
f 3525 408 407 
f 1239 407 408 
f 679 410 409 
f 3523 409 410 
f 1345 411 190 
f 2549 413 412 
f 1031 412 413 
f 2465 415 414 
f 3485 414 415 
f 1680 194 416 
f 3152 416 194 
f 2793 418 417 
f 3431 417 418 
f 1995 420 419 
f 1311 419 420 
f 1926 422 421 
f 3374 421 422 
f 2743 299 423 
f 3544 423 299 
f 3317 425 424 
f 2279 424 425 
f 2371 427 426 
f 1113 426 427 
f 689 429 428 
f 1085 428 429 
f 1121 431 430 
f 2731 430 431 
f 3010 433 432 
f 2317 432 433 
f 355 435 434 
f 818 434 435 
f 2938 437 436 
f 806 436 437 
f 550 439 438 
f 1945 438 439 
f 1187 441 440 
f 636 440 441 
f 1353 443 442 
f 1582 442 443 
f 757 445 444 
f 3858 444 445 
f 129 447 446 
f 2214 446 447 
f 2707 449 448 
f 1414 448 449 
f 1291 450 313 
f 2874 313 450 
f 2550 452 451 
f 3875 451 452 
f 2731 454 453 
f 838 453 454 
f 3080 456 455 
f 2697 455 456 
f 3687 458 457 
f 1838 457 458 
f 614 459 246 
f 2938 460 437 
f 2073 437 460 
f 3112 462 461 
f 397 461 462 
f 3709 463 363 
f 2932 465 464 
f 2885 464 465 
f 3045 467 466 
f 2954 466 467 
f 1028 469 468 
f 1866 468 469 
f 2664 471 470 
f 357 470 471 
f 3314 473 472 
f 1643 472 473 
f 2954 475 474 
f 1624 474 475 
f 2672 477 476 
f 1758 476 477 
f 1684 479 478 
f 54 478 479 
f 2497 481 480 
f 2367 480 481 
f 3853 483 482 
f 3543 482 483 
f 2412 485 484 
f 1903 484 485 
f 1360 487 486 
f 3799 486 487 
f 3640 489 488 
f 2528 488 489 
f 1836 491 490 
f 3805 490 491 
f 1330 493 492 
f 526 492 493 
f 1908 495 494 
f 696 494 495 
f 3805 496 490 
f 589 490 496 
f 2415 497 352 
f 3082 352 497 
f 3459 499 498 
f 2387 498 499 
f 567 500 33 
f 1493 502 501 
f 2105 501 502 
f 870 503 140 
f 915 505 504 
f 3263 504 505 
f 3421 391 506 
f 1367 506 391 
f 3892 508 507 
f 3053 507 508 
f 1887 510 509 
f 946 509 510 
f 709 511 47 
f 2101 47 511 
f 3032 513 512 
f 853 512 513 
f 1483 515 514 
f 2261 514 515 
f 3725 517 516 
f 3628 516 517 
f 1592 519 518 
f 3971 518 519 
f 1988 520 339 
f 3349 75 521 
f 3911 521 75 
f 1963 523 522 
f 2735 522 523 
f 14 525 524 
f 53 524 525 
f 2351 492 526 
f 1000 528 527 
f 623 527 528 
f 2822 530 529 
f 3533 529 530 
f 1915 532 531 
f 2309 531 532 
f 1174 534 533 
f 1776 533 534 
f 1560 536 535 
f 188 535 536 
f 624 538 537 
f 862 537 538 
f 818 540 539 
f 1075 539 540 
f 2681 542 541 
f 784 541 542 
f 1458 544 543 
f 3874 543 544 
f 2954 545 475 
f 2793 475 545 
f 587 546 327 
f 2019 327 546 
f 1118 31 547 
f 1439 547 31 
f 3349 549 548 
f 3459 548 549 
f 2506 550 438 
f 3757 552 551 
f 1969 551 552 
f 2076 554 553 
f 2327 553 554 
f 2362 556 555 
f 3249 555 556 
f 3395 558 557 
f 2847 557 558 
f 3137 560 559 
f 2392 559 560 
f 256 562 561 
f 1630 561 562 
f 2426 563 178 
f 1340 564 350 
f 1427 350 564 
f 1784 566 565 
f 3453 565 566 
f 3365 500 567 
f 2380 568 493 
f 526 493 568 
f 197 570 569 
f 3769 569 570 
f 2877 572 571 
f 2743 571 572 
f 45 574 573 
f 266 573 574 
f 565 576 575 
f 1506 575 576 
f 654 11 48 
f 1078 578 577 
f 1001 577 578 
f 1502 580 579 
f 1966 579 580 
f 122 582 581 
f 319 581 582 
f 3966 584 583 
f 2329 583 584 
f 1951 586 585 
f 786 585 586 
f 217 588 587 
f 3896 587 588 
f 346 589 496 
f 3213 591 590 
f 958 590 591 
f 1221 593 592 
f 520 592 593 
f 968 595 594 
f 2053 594 595 
f 2789 317 596 
f 925 596 317 
f 3177 598 597 
f 636 597 598 
f 1096 599 48 
f 654 48 599 
f 2837 600 427 
f 2626 427 600 
f 3309 602 601 
f 1540 601 602 
f 734 604 603 
f 1441 603 604 
f 1450 579 605 
f 2797 605 579 
f 710 607 606 
f 807 606 607 
f 420 608 174 
f 1842 174 608 
f 3035 610 609 
f 1689 609 610 
f 3476 612 611 
f 3307 611 612 
f 1918 613 332 
f 2961 614 246 
f 1615 616 615 
f 739 615 616 
f 1451 618 617 
f 3006 617 618 
f 1464 620 619 
f 3545 619 620 
f 2922 622 621 
f 660 621 622 
f 2656 623 528 
f 1994 625 624 
f 538 624 625 
f 3381 626 158 
f 1830 627 162 
f 3269 162 627 
f 3498 629 628 
f 88 628 629 
f 1327 631 630 
f 1720 630 631 
f 3708 633 632 
f 2661 632 633 
f 2859 296 133 
f 1378 635 634 
f 3223 634 635 
f 2906 637 636 
f 440 636 637 
f 3086 639 638 
f 1125 638 639 
f 2152 641 640 
f 3319 640 641 
f 1172 643 642 
f 1242 642 643 
f 1098 96 644 
f 1381 646 645 
f 3159 645 646 
f 3641 648 647 
f 3627 647 648 
f 3304 649 12 
f 2102 12 649 
f 3556 651 650 
f 1316 650 651 
f 3157 653 652 
f 2677 652 653 
f 8 655 654 
f 12 654 655 
f 1096 48 656 
f 1103 656 48 
f 1919 658 657 
f 690 657 658 
f 621 660 659 
f 1269 659 660 
f 3967 662 661 
f 1231 661 662 
f 1475 664 663 
f 1713 663 664 
f 1086 666 665 
f 390 665 666 
f 3789 668 667 
f 2770 667 668 
f 731 669 263 
f 2784 263 669 
f 2734 31 670 
f 2142 672 671 
f 3233 671 672 
f 14 674 673 
f 2208 673 674 
f 1010 676 675 
f 1719 675 676 
f 692 678 677 
f 3803 677 678 
f 223 679 409 
f 1431 681 680 
f 3576 680 681 
f 1765 683 682 
f 2409 682 683 
f 3701 685 684 
f 2668 684 685 
f 3179 687 686 
f 2580 686 687 
f 237 689 688 
f 455 688 689 
f 658 691 690 
f 3471 690 691 
f 1123 693 692 
f 678 692 693 
f 1070 205 552 
f 3032 695 694 
f 1702 694 695 
f 2768 696 495 
f 599 697 8 
f 2900 699 698 
f 3363 698 699 
f 318 701 700 
f 1992 700 701 
f 455 689 702 
f 428 702 689 
f 254 704 703 
f 271 703 704 
f 2912 706 705 
f 1591 705 706 
f 1241 708 707 
f 2870 707 708 
f 3492 710 709 
f 511 709 710 
f 1487 712 711 
f 3397 711 712 
f 2211 321 713 
f 3450 715 714 
f 1048 714 715 
f 3855 717 716 
f 2902 716 717 
f 3270 719 718 
f 2218 718 719 
f 1879 720 27 
f 1890 27 720 
f 3275 722 721 
f 3109 721 722 
f 2168 724 723 
f 2780 723 724 
f 2228 726 725 
f 3360 725 726 
f 2389 728 727 
f 3611 727 728 
f 2904 617 729 
f 3918 729 617 
f 669 731 730 
f 1019 730 731 
f 2855 733 732 
f 2439 732 733 
f 603 735 734 
f 1456 734 735 
f 2131 737 736 
f 2232 736 737 
f 797 738 329 
f 1192 739 550 
f 2520 550 739 
f 3715 741 740 
f 2810 740 741 
f 639 743 742 
f 1586 742 743 
f 142 744 575 
f 565 575 744 
f 3795 745 109 
f 2955 109 745 
f 1191 747 746 
f 3191 746 747 
f 1540 749 748 
f 2557 748 749 
f 2344 751 750 
f 1513 750 751 
f 3120 753 752 
f 2570 752 753 
f 983 754 498 
f 3459 498 754 
f 3013 756 755 
f 218 755 756 
f 1636 757 444 
f 2080 759 758 
f 2911 758 759 
f 503 760 232 
f 1645 232 760 
f 1236 762 761 
f 2356 761 762 
f 3801 405 763 
f 2163 765 764 
f 3153 764 765 
f 720 767 766 
f 2756 766 767 
f 3334 769 768 
f 954 768 769 
f 1838 770 457 
f 2134 457 770 
f 527 772 771 
f 68 771 772 
f 3755 774 773 
f 372 773 774 
f 1993 776 775 
f 2124 775 776 
f 1472 778 777 
f 2957 777 778 
f 1843 779 419 
f 2853 419 779 
f 3694 781 780 
f 3798 780 781 
f 3074 580 782 
f 668 782 580 
f 780 784 783 
f 3285 783 784 
f 585 786 785 
f 1247 785 786 
f 2279 259 424 
f 1771 788 787 
f 1257 787 788 
f 981 790 789 
f 2115 789 790 
f 3974 792 791 
f 1673 791 792 
f 3804 794 793 
f 3603 793 794 
f 1506 796 795 
f 1816 795 796 
f 2169 798 797 
f 1421 797 798 
f 3847 800 799 
f 2509 799 800 
f 994 802 801 
f 2093 801 802 
f 2999 804 803 
f 2939 803 804 
f 436 806 805 
f 3720 805 806 
f 165 807 607 
f 1660 809 808 
f 1398 808 809 
f 2136 811 810 
f 1543 810 811 
f 3674 813 812 
f 3714 812 813 
f 1081 815 814 
f 3943 814 815 
f 2103 817 816 
f 1632 816 817 
f 3793 818 539 
f 1424 820 819 
f 2811 819 820 
f 2583 822 821 
f 1501 821 822 
f 2419 824 823 
f 3851 823 824 
f 1235 170 825 
f 188 825 170 
f 3979 827 826 
f 2147 826 827 
f 1031 828 412 
f 2315 412 828 
f 89 3 829 
f 1167 829 3 
f 1282 831 830 
f 1270 830 831 
f 160 833 832 
f 736 832 833 
f 3284 835 834 
f 2926 834 835 
f 1231 837 836 
f 568 836 837 
f 1471 838 454 
f 5 840 839 
f 1290 839 840 
f 2220 842 841 
f 1478 841 842 
f 3439 844 843 
f 3428 843 844 
f 1841 846 845 
f 2896 845 846 
f 2105 848 847 
f 2151 847 848 
f 1265 850 849 
f 3388 849 850 
f 2416 852 851 
f 3128 851 852 
f 1994 854 853 
f 1504 853 854 
f 531 856 855 
f 2035 855 856 
f 3285 542 857 
f 3616 857 542 
f 2247 859 858 
f 3607 858 859 
f 104 861 860 
f 1179 860 861 
f 2931 863 862 
f 2331 862 863 
f 3572 865 864 
f 2683 864 865 
f 1899 867 866 
f 343 866 867 
f 1651 869 868 
f 2334 868 869 
f 3760 871 870 
f 503 870 871 
f 3218 873 872 
f 166 872 873 
f 1958 875 874 
f 1122 874 875 
f 3882 877 876 
f 1005 876 877 
f 1764 879 878 
f 2310 878 879 
f 2656 343 867 
f 2849 881 880 
f 4002 880 881 
f 1224 883 882 
f 1337 882 883 
f 1777 885 884 
f 1733 884 885 
f 3062 887 886 
f 1071 886 887 
f 2621 785 888 
f 2738 888 785 
f 2744 890 889 
f 3945 889 890 
f 1043 892 891 
f 1097 891 892 
f 918 894 893 
f 2982 893 894 
f 3042 896 895 
f 751 895 896 
f 1083 898 897 
f 3463 897 898 
f 2511 899 629 
f 2703 629 899 
f 1926 900 70 
f 1579 70 900 
f 2427 901 347 
f 437 902 806 
f 2916 806 902 
f 2304 108 903 
f 2545 905 904 
f 3604 904 905 
f 2178 907 906 
f 2216 906 907 
f 2745 909 908 
f 3653 908 909 
f 1446 911 910 
f 1384 910 911 
f 2780 913 912 
f 3817 912 913 
f 2630 914 396 
f 3117 396 914 
f 3711 916 915 
f 505 915 916 
f 1004 917 61 
f 3423 919 918 
f 3671 918 919 
f 2876 921 920 
f 734 920 921 
f 2084 401 922 
f 3389 922 401 
f 2499 923 618 
f 3006 618 923 
f 121 925 924 
f 196 924 925 
f 3274 927 926 
f 1166 926 927 
f 2636 929 928 
f 634 928 929 
f 808 931 930 
f 3107 930 931 
f 3471 933 932 
f 695 932 933 
f 2167 935 934 
f 2069 934 935 
f 1685 937 936 
f 1604 936 937 
f 1440 939 938 
f 2965 938 939 
f 2158 941 940 
f 2913 940 941 
f 810 943 942 
f 2373 942 943 
f 1104 24 944 
f 3534 944 24 
f 1335 946 945 
f 3378 945 946 
f 2490 948 947 
f 953 947 948 
f 1384 950 949 
f 2227 949 950 
f 2691 952 951 
f 1975 951 952 
f 3004 947 953 
f 3474 768 954 
f 3788 956 955 
f 2292 955 956 
f 590 958 957 
f 2095 957 958 
f 2703 960 959 
f 3016 959 960 
f 3924 962 961 
f 3444 961 962 
f 2441 964 963 
f 841 963 964 
f 1134 966 965 
f 2861 965 966 
f 3845 967 717 
f 2902 717 967 
f 3767 969 968 
f 1598 968 969 
f 1281 971 970 
f 3629 970 971 
f 318 700 972 
f 1963 972 700 
f 2051 760 973 
f 871 973 760 
f 3580 975 974 
f 2092 974 975 
f 2285 642 976 
f 2774 976 642 
f 2180 978 977 
f 3389 977 978 
f 1880 979 382 
f 3760 382 979 
f 2926 835 980 
f 3881 980 835 
f 3468 981 789 
f 2439 982 732 
f 1618 732 982 
f 2242 983 498 
f 1359 985 984 
f 1198 984 985 
f 3685 987 986 
f 3719 986 987 
f 1655 989 988 
f 2133 988 989 
f 1231 990 837 
f 3988 837 990 
f 3886 992 991 
f 1401 991 992 
f 321 994 993 
f 801 993 994 
f 1984 996 995 
f 2286 995 996 
f 3879 998 997 
f 3415 997 998 
f 2890 1000 999 
f 527 999 1000 
f 720 1001 767 
f 2185 767 1001 
f 865 1003 1002 
f 3757 1002 1003 
f 3368 199 1004 
f 2339 876 1005 
f 117 1007 1006 
f 3849 1006 1007 
f 3274 1008 980 
f 2075 980 1008 
f 1126 1010 1009 
f 675 1009 1010 
f 2674 619 1011 
f 3545 1011 619 
f 1739 1013 1012 
f 1238 1012 1013 
f 1486 1015 1014 
f 2036 1014 1015 
f 345 1017 1016 
f 2738 1016 1017 
f 2700 1018 927 
f 1872 927 1018 
f 2836 1019 731 
f 3242 1021 1020 
f 2532 1020 1021 
f 1043 1022 892 
f 1850 892 1022 
f 3486 1023 355 
f 1933 355 1023 
f 1820 1025 1024 
f 1626 1024 1025 
f 3742 1027 1026 
f 1285 1026 1027 
f 1847 1029 1028 
f 469 1028 1029 
f 3230 590 1030 
f 957 1030 590 
f 413 1032 1031 
f 3688 1031 1032 
f 1840 1034 1033 
f 2235 1033 1034 
f 1667 1036 1035 
f 3754 1035 1036 
f 2524 1038 1037 
f 2576 1037 1038 
f 2766 1040 1039 
f 2298 1039 1040 
f 2686 1042 1041 
f 3148 1041 1042 
f 264 1043 236 
f 891 236 1043 
f 2322 1045 1044 
f 3578 1044 1045 
f 155 1047 1046 
f 3890 1046 1047 
f 1081 1048 815 
f 715 815 1048 
f 26 697 1049 
f 1296 1049 697 
f 3320 103 1050 
f 2921 1050 103 
f 3005 1052 1051 
f 481 1051 1052 
f 3434 1054 1053 
f 2918 1053 1054 
f 2423 371 1055 
f 1554 1055 371 
f 2298 1057 1056 
f 3937 1056 1057 
f 3716 1059 1058 
f 3748 1058 1059 
f 2833 1060 311 
f 2321 1062 1061 
f 2605 1061 1062 
f 3798 541 784 
f 1206 1064 1063 
f 3505 1063 1064 
f 2720 1066 1065 
f 2091 1065 1066 
f 3717 1067 1059 
f 1794 1059 1067 
f 1845 1069 1068 
f 2542 1068 1069 
f 2692 205 1070 
f 887 1072 1071 
f 2603 1071 1072 
f 2826 1074 1073 
f 38 1073 1074 
f 540 1076 1075 
f 3323 1075 1076 
f 2880 240 1077 
f 3412 1077 240 
f 2788 1079 1078 
f 578 1078 1079 
f 1552 1081 1080 
f 2210 1080 1081 
f 3092 1083 1082 
f 897 1082 1083 
f 414 1084 378 
f 3669 378 1084 
f 429 91 1085 
f 3627 1085 91 
f 2377 1086 665 
f 1633 1088 1087 
f 1089 1087 1088 
f 2636 1090 1089 
f 3302 1089 1090 
f 3430 1092 1091 
f 1382 1091 1092 
f 1539 1094 1093 
f 3841 1093 1094 
f 3794 6 839 
f 1315 1096 1095 
f 656 1095 1096 
f 3054 3 89 
f 2992 891 1097 
f 3739 96 1098 
f 2633 1100 1099 
f 2370 1099 1100 
f 1498 1102 1101 
f 2599 1101 1102 
f 867 656 1103 
f 3847 200 800 
f 3442 800 200 
f 2453 1106 1105 
f 3838 1105 1106 
f 2742 1108 1107 
f 1389 1107 1108 
f 2756 767 1046 
f 155 1046 767 
f 2777 1110 1109 
f 2477 1109 1110 
f 2386 138 1111 
f 2480 1111 138 
f 1448 1113 1112 
f 2485 1112 1113 
f 1180 1115 1114 
f 3405 1114 1115 
f 2229 1117 1116 
f 1653 1116 1117 
f 1602 1119 1118 
f 31 1118 1119 
f 2233 1121 1120 
f 2486 1120 1121 
f 3083 1123 1122 
f 1144 1122 1123 
f 3091 126 1124 
f 3033 1124 126 
f 639 1126 1125 
f 1565 1125 1126 
f 162 1128 1127 
f 1460 1127 1128 
f 3737 1130 1129 
f 1791 1129 1130 
f 3507 1131 338 
f 3773 1133 1132 
f 3236 1132 1133 
f 1466 966 1134 
f 2879 1136 1135 
f 2029 1135 1136 
f 1865 1138 1137 
f 1575 1137 1138 
f 3515 1140 1139 
f 2027 1139 1140 
f 3557 1141 341 
f 1751 341 1141 
f 1936 1143 1142 
f 605 1142 1143 
f 692 1144 1123 
f 2788 1146 1145 
f 1861 1145 1146 
f 1186 1148 1147 
f 3383 1147 1148 
f 2112 1150 1149 
f 2494 1149 1150 
f 2801 1152 1151 
f 1571 1151 1152 
f 2592 1154 1153 
f 2585 1153 1154 
f 1690 1156 1155 
f 2526 1155 1156 
f 2985 1050 1157 
f 3341 1157 1050 
f 2169 1158 798 
f 3643 798 1158 
f 1928 21 1159 
f 2722 1159 21 
f 1317 1161 1160 
f 3552 1160 1161 
f 2507 1163 1162 
f 3936 1162 1163 
f 3624 1165 1164 
f 2417 1164 1165 
f 829 1167 1166 
f 2146 1166 1167 
f 3730 1168 313 
f 1291 313 1168 
f 169 1170 1169 
f 716 1169 1170 
f 2880 1171 240 
f 3691 240 1171 
f 3649 1172 373 
f 2285 373 1172 
f 2468 1174 1173 
f 2375 1173 1174 
f 3846 1157 1175 
f 1549 1175 1157 
f 2742 1176 1108 
f 251 1108 1176 
f 3617 387 1177 
f 1351 1179 1178 
f 2776 1178 1179 
f 2916 1180 366 
f 1114 366 1180 
f 3858 445 1181 
f 2327 1181 445 
f 3150 1182 406 
f 351 406 1182 
f 3314 1184 1183 
f 2054 1183 1184 
f 1314 480 1185 
f 2575 1185 480 
f 1125 1187 1186 
f 3997 1186 1187 
f 1826 1105 1188 
f 3551 1188 1105 
f 1537 1190 1189 
f 593 1189 1190 
f 2468 534 1174 
f 324 1191 135 
f 746 135 1191 
f 3753 615 1192 
f 739 1192 615 
f 2561 1193 142 
f 3936 1195 1194 
f 2609 1194 1195 
f 3891 1197 1196 
f 2386 1196 1197 
f 2335 42 1198 
f 984 1198 42 
f 3004 953 1199 
f 1237 1199 953 
f 2269 1201 1200 
f 3600 1200 1201 
f 3654 166 873 
f 1295 1203 1202 
f 3638 1202 1203 
f 2512 1205 1204 
f 3706 1204 1205 
f 1716 1206 1063 
f 3319 1208 1207 
f 1012 1207 1208 
f 2765 1210 1209 
f 472 1209 1210 
f 3579 1211 948 
f 1237 948 1211 
f 3158 940 1212 
f 2913 1212 940 
f 22 1214 1213 
f 3344 1213 1214 
f 1330 1216 1215 
f 2671 1215 1216 
f 2493 1217 453 
f 2731 453 1217 
f 3786 537 862 
f 3751 1218 1159 
f 1928 1159 1218 
f 3482 1219 1119 
f 32 1119 1219 
f 2722 1221 1220 
f 592 1220 1221 
f 2605 146 1222 
f 1263 1222 146 
f 2179 1224 1223 
f 2388 1223 1224 
f 2122 1226 1225 
f 2851 1225 1226 
f 1513 751 896 
f 1816 1227 16 
f 790 16 1227 
f 3086 638 1228 
f 1452 1228 638 
f 1627 1230 1229 
f 1433 1229 1230 
f 2134 377 457 
f 3687 457 377 
f 3549 661 1231 
f 3608 1233 1232 
f 3220 1232 1233 
f 3088 1235 1234 
f 3094 1234 1235 
f 1761 1236 761 
f 1199 1237 233 
f 2790 1012 1238 
f 741 407 1239 
f 3083 1240 1123 
f 3570 1123 1240 
f 642 1242 1241 
f 3917 1241 1242 
f 1528 1244 1243 
f 3677 1243 1244 
f 1391 1246 1245 
f 2156 1245 1246 
f 1565 1126 1009 
f 1304 1248 1247 
f 1016 1247 1248 
f 1303 1250 1249 
f 2744 1249 1250 
f 1816 796 1251 
f 2728 1251 796 
f 696 1253 1252 
f 3061 1252 1253 
f 3960 1255 1254 
f 377 1254 1255 
f 742 1010 1126 
f 3411 1257 1256 
f 3828 1256 1257 
f 2292 1259 1258 
f 3216 1258 1259 
f 3887 1261 1260 
f 2212 1260 1261 
f 1222 1263 1262 
f 3852 1262 1263 
f 818 435 1264 
f 1197 1264 435 
f 9 1265 849 
f 3884 1267 1266 
f 2381 1266 1267 
f 659 1269 1268 
f 2418 1268 1269 
f 1412 1271 1270 
f 2245 1270 1271 
f 2439 1272 982 
f 1280 982 1272 
f 1621 1274 1273 
f 3342 1273 1274 
f 2392 1276 1275 
f 200 1275 1276 
f 2879 1135 1277 
f 3908 1277 1135 
f 2236 1279 1278 
f 2644 1278 1279 
f 3926 1281 1280 
f 3475 1280 1281 
f 735 1283 1282 
f 831 1282 1283 
f 3275 363 1284 
f 3078 1284 363 
f 3812 1286 1285 
f 1026 1285 1286 
f 3880 1287 359 
f 1294 1202 5 
f 3598 5 1202 
f 3133 278 1288 
f 2873 1288 278 
f 2023 1290 1289 
f 3713 1289 1290 
f 3046 450 1291 
f 3651 1260 1292 
f 2212 1292 1260 
f 1818 1139 1293 
f 3400 1293 1139 
f 2802 1295 1294 
f 1202 1294 1295 
f 697 599 1296 
f 1096 1296 599 
f 1474 1298 1297 
f 242 1297 1298 
f 1920 1299 1003 
f 1070 1003 1299 
f 2914 1301 1300 
f 3614 1300 1301 
f 1329 1302 1060 
f 1595 1060 1302 
f 3926 971 1281 
f 2210 1081 814 
f 3143 1250 1303 
f 1611 1305 1304 
f 1248 1304 1305 
f 3136 1307 1306 
f 2786 1306 1307 
f 2422 1309 1308 
f 3531 1308 1309 
f 3545 620 1310 
f 2511 1310 620 
f 987 1312 1311 
f 419 1311 1312 
f 3920 1313 1077 
f 3260 1077 1313 
f 2497 480 1314 
f 3699 1315 758 
f 3114 758 1315 
f 2357 1317 1316 
f 650 1316 1317 
f 3432 644 95 
f 2029 1319 1318 
f 2658 1318 1319 
f 2463 528 1320 
f 1000 1320 528 
f 2106 906 1321 
f 3907 1321 906 
f 3917 1323 1322 
f 191 1322 1323 
f 3188 1325 1324 
f 1840 1324 1325 
f 2877 571 1326 
f 1829 1326 571 
f 1789 1328 1327 
f 3291 1327 1328 
f 2746 658 1329 
f 1919 1329 658 
f 3110 1331 1330 
f 493 1330 1331 
f 2780 1005 723 
f 877 723 1005 
f 2488 1332 277 
f 3908 1334 1333 
f 1022 1333 1334 
f 2422 1335 1309 
f 945 1309 1335 
f 3723 1336 37 
f 3392 37 1336 
f 883 386 1337 
f 2045 1337 386 
f 629 959 88 
f 2234 88 959 
f 3029 1339 1338 
f 322 1338 1339 
f 1571 1341 1340 
f 564 1340 1341 
f 3218 1343 1342 
f 3791 1342 1343 
f 2583 1344 822 
f 3729 822 1344 
f 3666 411 1345 
f 3098 1346 43 
f 4001 1348 1347 
f 3852 1347 1348 
f 3958 1350 1349 
f 583 1349 1350 
f 3209 1351 1178 
f 443 1353 1352 
f 1420 1352 1353 
f 938 735 603 
f 3826 1354 309 
f 3709 1355 463 
f 2262 463 1355 
f 1570 1340 349 
f 210 1357 1356 
f 2740 1356 1357 
f 2190 1359 1358 
f 984 1358 1359 
f 2182 1360 486 
f 2518 1362 1361 
f 2604 1361 1362 
f 130 301 172 
f 3965 172 301 
f 223 1364 1363 
f 1476 1363 1364 
f 3210 1366 1365 
f 2949 1365 1366 
f 1322 191 411 
f 2421 1367 391 
f 2753 1369 1368 
f 376 1368 1369 
f 327 217 587 
f 2133 1371 1370 
f 2498 1370 1371 
f 3291 1373 1372 
f 3221 1372 1373 
f 3180 1374 484 
f 2412 484 1374 
f 1436 1376 1375 
f 1914 1375 1376 
f 3713 1377 183 
f 929 1378 634 
f 1395 1380 1379 
f 2503 1379 1380 
f 1796 646 1381 
f 1092 1383 1382 
f 3146 1382 1383 
f 911 1385 1384 
f 3634 1384 1385 
f 3170 1387 1386 
f 3856 1386 1387 
f 3973 1321 1067 
f 3907 1067 1321 
f 281 1389 1388 
f 1108 1388 1389 
f 1364 1390 852 
f 3128 852 1390 
f 1375 1392 1391 
f 262 1391 1392 
f 3808 1393 1140 
f 2027 1140 1393 
f 1380 1395 1394 
f 1770 1394 1395 
f 2692 1397 1396 
f 468 1396 1397 
f 1126 639 742 
f 2538 808 1398 
f 1476 1400 1399 
f 128 1399 1400 
f 992 1402 1401 
f 1826 1401 1402 
f 1879 1001 720 
f 911 1403 1385 
f 2168 1385 1403 
f 1279 1404 595 
f 2053 595 1404 
f 1717 1406 1405 
f 1788 1405 1406 
f 3236 1408 1407 
f 3469 1407 1408 
f 2582 1409 71 
f 137 71 1409 
f 1651 1103 49 
f 3968 1411 1410 
f 2869 1410 1411 
f 3893 1271 1412 
f 1787 522 1413 
f 2735 1413 522 
f 3651 1415 1414 
f 1743 1414 1415 
f 1612 222 1416 
f 409 1416 222 
f 2237 1418 1417 
f 3878 1417 1418 
f 2339 28 876 
f 2725 84 1419 
f 3327 1419 84 
f 2910 1421 1420 
f 2569 1420 1421 
f 2845 1423 1422 
f 3857 1422 1423 
f 2512 1424 1205 
f 819 1205 1424 
f 3166 1425 447 
f 1889 447 1425 
f 350 1427 1426 
f 2182 1426 1427 
f 383 1429 1428 
f 2593 1428 1429 
f 3554 795 1430 
f 15 1430 795 
f 22 1431 1214 
f 680 1214 1431 
f 1229 1433 1432 
f 3636 1432 1433 
f 3833 1435 1434 
f 3530 1434 1435 
f 3287 1437 1436 
f 1376 1436 1437 
f 2002 1439 1438 
f 2734 1438 1439 
f 603 1441 1440 
f 3670 1440 1441 
f 1808 1443 1442 
f 110 1442 1443 
f 459 92 245 
f 2282 245 92 
f 1044 1445 1444 
f 2643 1444 1445 
f 2865 1447 1446 
f 1869 1446 1447 
f 1112 1449 1448 
f 1928 1448 1449 
f 1502 579 1450 
f 2904 1451 617 
f 1147 1452 638 
f 2521 1454 1453 
f 2241 1453 1454 
f 2025 132 1455 
f 2929 1455 132 
f 1282 1457 1456 
f 3726 1456 1457 
f 2338 1458 543 
f 1127 1460 1459 
f 1780 1459 1460 
f 868 772 623 
f 527 623 772 
f 1838 458 1461 
f 3800 1461 458 
f 3241 1463 1462 
f 112 1462 1463 
f 3510 620 1464 
f 3588 1465 1274 
f 3342 1274 1465 
f 1134 1467 1466 
f 97 1466 1467 
f 3814 1469 1468 
f 3378 1468 1469 
f 3819 1471 1470 
f 233 1470 1471 
f 2556 650 1317 
f 2115 1333 1472 
f 778 1472 1333 
f 1484 239 1473 
f 3546 1473 239 
f 2078 1298 1474 
f 1535 664 1475 
f 1364 1477 1476 
f 1400 1476 1477 
f 963 841 1478 
f 2494 1480 1479 
f 2502 1479 1480 
f 3512 1482 1481 
f 3170 1481 1482 
f 3792 1483 514 
f 2504 1484 1473 
f 2484 1485 227 
f 3675 227 1485 
f 1481 1486 1014 
f 2470 1488 1487 
f 3433 1487 1488 
f 3291 631 1327 
f 59 1490 1489 
f 3312 1489 1490 
f 1939 1492 1491 
f 1668 1491 1492 
f 604 502 1493 
f 2966 1495 1494 
f 1343 1494 1495 
f 2454 1497 1496 
f 3012 1496 1497 
f 1682 1499 1498 
f 951 1498 1499 
f 821 1501 1500 
f 2978 1500 1501 
f 580 1502 668 
f 2770 668 1502 
f 3139 1504 1503 
f 854 1503 1504 
f 3842 669 730 
f 1760 60 1505 
f 2488 1505 60 
f 576 796 1506 
f 2193 241 1507 
f 2153 1507 241 
f 1822 1509 1508 
f 1950 1508 1509 
f 2441 1511 1510 
f 2530 1510 1511 
f 3114 1095 276 
f 2817 1512 942 
f 810 942 1512 
f 1625 1514 1513 
f 2430 1513 1514 
f 1987 1516 1515 
f 349 1515 1516 
f 3425 1517 176 
f 1905 1519 1518 
f 3559 1518 1519 
f 357 1521 1520 
f 2200 1520 1521 
f 1614 1523 1522 
f 1638 1522 1523 
f 1983 1525 1524 
f 2433 1524 1525 
f 2875 1526 845 
f 1841 845 1526 
f 2581 1527 1398 
f 2538 1398 1527 
f 3100 1244 1528 
f 2220 841 964 
f 3317 1529 425 
f 2560 425 1529 
f 1871 1531 1530 
f 3930 1530 1531 
f 1656 1533 1532 
f 2314 1532 1533 
f 2713 1535 1534 
f 2454 1534 1535 
f 2890 1537 1536 
f 1189 1536 1537 
f 2004 1538 93 
f 2424 1539 1093 
f 3106 1540 602 
f 1709 1542 1541 
f 2646 1541 1542 
f 2010 1543 811 
f 2765 1544 1210 
f 2155 1210 1544 
f 2854 1546 1545 
f 788 1545 1546 
f 2869 1548 1547 
f 2433 1547 1548 
f 2088 1550 1549 
f 1700 1549 1550 
f 2321 1061 173 
f 3749 173 1061 
f 2967 1552 1551 
f 1080 1551 1552 
f 1564 1554 1553 
f 3029 1553 1554 
f 213 1556 1555 
f 1601 1555 1556 
f 1162 1194 1557 
f 2357 1557 1194 
f 1285 1559 1558 
f 2719 1558 1559 
f 3056 536 1560 
f 2734 1561 76 
f 270 76 1561 
f 3242 1562 1021 
f 2635 1021 1562 
f 99 1564 1563 
f 3540 1563 1564 
f 441 1187 1565 
f 1125 1565 1187 
f 370 1567 1566 
f 3115 1566 1567 
f 1835 1569 1568 
f 1483 1568 1569 
f 1151 1571 1570 
f 1340 1570 1571 
f 2501 1573 1572 
f 388 1572 1573 
f 3713 1094 1289 
f 1539 1289 1094 
f 3437 1574 1144 
f 2854 1144 1574 
f 3325 477 1575 
f 3676 1575 477 
f 2461 1577 1576 
f 1813 1576 1577 
f 407 741 1578 
f 3715 1578 741 
f 1523 70 1579 
f 149 1581 1580 
f 1430 1580 1581 
f 443 1583 1582 
f 2339 1582 1583 
f 2626 295 1584 
f 3473 1584 295 
f 1592 518 1585 
f 2217 1585 518 
f 1010 1586 404 
f 3750 1588 1587 
f 3021 1587 1588 
f 2035 856 1589 
f 2309 1589 856 
f 2066 1170 1590 
f 169 1590 1170 
f 1817 1592 1591 
f 2803 1591 1592 
f 3761 1594 1593 
f 2336 1593 1594 
f 3032 932 695 
f 3615 1596 1595 
f 3235 1595 1596 
f 1612 1416 255 
f 1887 255 1416 
f 3761 1593 1597 
f 2809 1597 1593 
f 2752 1598 969 
f 2660 1600 1599 
f 1616 1599 1600 
f 3135 1555 1601 
f 2071 1602 1118 
f 3896 1603 587 
f 546 587 1603 
f 168 1604 937 
f 694 625 513 
f 1994 513 625 
f 1583 1352 1605 
f 3681 1605 1352 
f 1894 1606 518 
f 2217 518 1606 
f 326 1607 1298 
f 242 1298 1607 
f 1577 1609 1608 
f 2452 1608 1609 
f 2230 1611 1610 
f 1304 1610 1611 
f 288 1612 255 
f 2628 1614 1613 
f 3816 1613 1614 
f 3010 1615 120 
f 3293 120 1615 
f 2563 1617 1616 
f 1599 1616 1617 
f 1280 1618 982 
f 1028 468 1397 
f 3183 318 972 
f 599 8 654 
f 3506 1620 1619 
f 2682 1619 1620 
f 3955 1622 1621 
f 1274 1621 1622 
f 474 1624 1623 
f 2750 1623 1624 
f 3128 222 1612 
f 3259 1625 896 
f 1513 896 1625 
f 1025 725 1626 
f 3359 1626 725 
f 1203 1628 1627 
f 881 1627 1628 
f 2101 1629 47 
f 3448 47 1629 
f 2422 1631 1630 
f 3311 1630 1631 
f 816 1632 1602 
f 3482 1602 1632 
f 660 1633 1269 
f 1982 1269 1633 
f 2186 1634 7 
f 2323 7 1634 
f 570 1636 1635 
f 444 1635 1636 
f 3137 1637 560 
f 1276 560 1637 
f 1523 1639 1638 
f 1796 1638 1639 
f 2140 1641 1640 
f 3217 1640 1641 
f 2556 1317 1160 
f 2848 558 1642 
f 904 1642 558 
f 1209 472 1643 
f 52 1535 1475 
f 3495 612 1183 
f 3476 1183 612 
f 1193 1644 143 
f 3365 143 1644 
f 2051 1645 760 
f 469 1647 1646 
f 3768 1646 1647 
f 2270 1649 1648 
f 2451 1648 1649 
f 1103 1651 1650 
f 868 1650 1651 
f 3995 1652 1019 
f 3027 1019 1652 
f 2580 1116 1653 
f 3358 1655 1654 
f 3872 1654 1655 
f 3371 1656 1532 
f 331 1657 177 
f 3750 177 1657 
f 3728 748 1658 
f 2557 1658 748 
f 2756 1660 1659 
f 930 1659 1660 
f 2370 1100 1661 
f 2002 1661 1100 
f 3208 1663 1662 
f 2529 1662 1663 
f 2065 1664 1307 
f 2786 1307 1664 
f 3372 1666 1665 
f 2650 1665 1666 
f 2405 1036 1667 
f 2030 1668 922 
f 2084 922 1668 
f 2432 743 1669 
f 639 1669 743 
f 1422 1671 1670 
f 4 1670 1671 
f 2561 142 575 
f 220 1673 1672 
f 3502 1672 1673 
f 3124 1675 1674 
f 1706 1674 1675 
f 2734 1676 1438 
f 2032 1438 1676 
f 3145 1678 1677 
f 2672 1677 1678 
f 563 1679 156 
f 1734 156 1679 
f 3368 1004 61 
f 3589 194 1680 
f 1844 1273 1681 
f 3519 1681 1273 
f 3738 1683 1682 
f 1499 1682 1683 
f 3470 589 345 
f 2874 1684 478 
f 2657 1590 1685 
f 937 1685 1590 
f 2961 1686 614 
f 2627 614 1686 
f 282 1688 1687 
f 2741 1687 1688 
f 610 613 1689 
f 3916 1689 613 
f 1008 1691 1690 
f 1156 1690 1691 
f 2875 1693 1692 
f 2917 1692 1693 
f 3701 206 1694 
f 268 1696 1695 
f 3626 1695 1696 
f 3597 714 1048 
f 3254 782 1697 
f 3789 1697 782 
f 2587 1699 1698 
f 3704 1698 1699 
f 3237 1700 1550 
f 1949 1701 132 
f 2859 132 1701 
f 2283 1703 1702 
f 1882 1702 1703 
f 1590 169 937 
f 2056 1705 1704 
f 3070 1704 1705 
f 1675 1707 1706 
f 2761 1706 1707 
f 183 1709 1708 
f 1541 1708 1709 
f 2124 1262 1710 
f 2973 1710 1262 
f 3899 1712 1711 
f 1778 1711 1712 
f 3639 1713 664 
f 3667 1715 1714 
f 2225 1714 1715 
f 3054 89 304 
f 140 1716 1063 
f 2800 1717 1405 
f 3177 1719 1718 
f 3929 1718 1719 
f 2602 630 1720 
f 3836 746 1721 
f 3191 1721 746 
f 532 1723 1722 
f 2252 1722 1723 
f 1404 1725 1724 
f 3916 1724 1725 
f 184 289 1709 
f 1542 1709 289 
f 1401 1726 991 
f 1925 991 1726 
f 3587 1033 1727 
f 2235 1727 1033 
f 2387 1265 9 
f 867 1103 1650 
f 2721 1728 605 
f 1142 605 1728 
f 509 1335 1729 
f 2422 1729 1335 
f 3345 962 1730 
f 3924 1730 962 
f 525 1497 53 
f 2454 53 1497 
f 2042 1731 556 
f 3249 556 1731 
f 2873 278 1732 
f 3372 1732 278 
f 1936 1733 885 
f 156 1734 1047 
f 2204 1047 1734 
f 410 1736 1735 
f 2379 1735 1736 
f 3668 1738 1737 
f 2070 1737 1738 
f 1208 1740 1739 
f 2840 1739 1740 
f 2040 1617 1741 
f 2563 1741 1617 
f 1679 1742 1734 
f 2253 1734 1742 
f 1414 1743 448 
f 3098 448 1743 
f 3433 712 1487 
f 3747 1745 1744 
f 2927 1744 1745 
f 1013 1746 1238 
f 3828 1238 1746 
f 1944 1748 1747 
f 2884 1747 1748 
f 95 1750 1749 
f 3384 1749 1750 
f 3775 1751 652 
f 2143 652 1751 
f 461 397 1752 
f 2230 1752 397 
f 775 1754 1753 
f 3514 1753 1754 
f 2670 1755 762 
f 2360 762 1755 
f 601 1540 1756 
f 748 1756 1540 
f 3902 1757 398 
f 2676 1759 1758 
f 476 1758 1759 
f 2718 1760 693 
f 678 693 1760 
f 2584 1762 1761 
f 1236 1761 1762 
f 2168 1764 1763 
f 878 1763 1764 
f 2428 1766 1765 
f 683 1765 1766 
f 1360 1767 487 
f 2957 487 1767 
f 3824 1089 1088 
f 2847 832 736 
f 49 1769 1768 
f 192 1768 1769 
f 2187 1770 1395 
f 2368 1771 116 
f 787 116 1771 
f 307 1773 1772 
f 1234 1772 1773 
f 2231 1775 1774 
f 2837 1774 1775 
f 195 533 1776 
f 1457 1282 830 
f 3216 1777 884 
f 2286 1778 1712 
f 2543 1780 1779 
f 1032 1779 1780 
f 3685 1782 1781 
f 2670 1781 1782 
f 3913 1310 1783 
f 3438 1783 1310 
f 3487 1785 1784 
f 3758 1784 1785 
f 3805 1787 1786 
f 2482 1786 1787 
f 1406 1789 1788 
f 3947 1788 1789 
f 3761 1790 1594 
f 2625 1594 1790 
f 271 1792 1791 
f 1129 1791 1792 
f 1986 1793 802 
f 2093 802 1793 
f 3907 1794 1067 
f 214 713 1795 
f 320 1795 713 
f 1638 1796 1381 
f 1173 1797 1163 
f 3936 1163 1797 
f 2978 1799 1798 
f 3265 1798 1799 
f 2909 1801 1800 
f 3339 1800 1801 
f 3987 1504 1802 
f 3139 1802 1504 
f 3847 799 1803 
f 2903 1803 799 
f 2833 1804 691 
f 3471 691 1804 
f 416 1806 1805 
f 672 1805 1806 
f 1825 1807 9 
f 1864 1809 1808 
f 3261 1808 1809 
f 1444 1811 1810 
f 3703 1810 1811 
f 1576 1813 1812 
f 2103 1812 1813 
f 3252 300 572 
f 3604 1200 1642 
f 2848 1642 1200 
f 2117 1815 1814 
f 1901 1814 1815 
f 574 315 266 
f 15 795 1816 
f 1591 706 1817 
f 1885 1817 706 
f 574 1818 316 
f 1293 316 1818 
f 1372 1820 1819 
f 2439 1819 1820 
f 3688 163 1821 
f 2527 1821 163 
f 521 1509 1822 
f 690 1823 657 
f 3272 657 1823 
f 3836 1721 1824 
f 2686 1824 1721 
f 2442 1807 1825 
f 2992 1826 1402 
f 3208 1827 57 
f 3052 57 1827 
f 1326 1829 1828 
f 482 1828 1829 
f 2119 1830 82 
f 1127 82 1830 
f 2409 683 1831 
f 3219 1831 683 
f 2482 1648 1832 
f 2451 1832 1648 
f 3363 55 701 
f 2321 1833 1062 
f 3633 1062 1833 
f 3046 1835 1834 
f 2657 1834 1835 
f 1963 1837 1836 
f 491 1836 1837 
f 3747 1839 1064 
f 3505 1064 1839 
f 1325 1034 1840 
f 2745 175 1842 
f 2048 1399 128 
f 345 779 1843 
f 1621 1273 1844 
f 3151 1845 1068 
f 1227 1251 1846 
f 2728 1846 1251 
f 3288 316 1847 
f 1293 1847 316 
f 1978 1849 1848 
f 124 1848 1849 
f 1334 1318 1850 
f 2658 1850 1318 
f 80 1852 1851 
f 801 1851 1852 
f 2941 1854 1853 
f 2150 1853 1854 
f 124 1855 875 
f 3083 875 1855 
f 3780 1857 1856 
f 1361 1856 1857 
f 2799 1858 1152 
f 1571 1152 1858 
f 2945 1860 1859 
f 10 1859 1860 
f 2501 1572 1696 
f 387 1696 1572 
f 178 1145 1861 
f 2817 1443 1808 
f 2711 1474 1862 
f 1297 1862 1474 
f 1489 1863 139 
f 102 139 1863 
f 637 1864 1442 
f 1808 1442 1864 
f 468 1866 1865 
f 1138 1865 1866 
f 3423 1868 1867 
f 2241 1867 1868 
f 1955 1446 1869 
f 3190 1871 1870 
f 3586 1870 1871 
f 3707 927 1872 
f 2531 833 161 
f 2405 1874 1873 
f 2754 1873 1874 
f 3202 1876 1875 
f 2367 1875 1876 
f 2808 1878 1877 
f 3903 1877 1878 
f 3889 577 1879 
f 1001 1879 577 
f 2215 1880 382 
f 1627 290 1881 
f 2183 1881 290 
f 1702 1882 202 
f 2931 202 1882 
f 670 32 1883 
f 3041 1883 32 
f 1716 141 1211 
f 2194 1211 141 
f 3636 1884 1432 
f 305 1432 1884 
f 294 1817 1885 
f 255 1887 1886 
f 509 1886 1887 
f 3729 1889 1888 
f 3781 1888 1889 
f 1494 1343 1641 
f 3217 1641 1343 
f 720 766 1890 
f 2083 1890 766 
f 1043 264 1891 
f 356 1490 59 
f 260 1893 1892 
f 2382 1892 1893 
f 3942 1895 1894 
f 1606 1894 1895 
f 3757 1003 1070 
f 1918 332 1896 
f 2492 1896 332 
f 3658 609 1897 
f 1689 1897 609 
f 310 1354 1898 
f 3034 1898 1354 
f 1465 1899 866 
f 265 315 1900 
f 3288 1900 315 
f 2423 653 1901 
f 1814 1901 653 
f 3635 1902 456 
f 2697 456 1902 
f 1764 877 879 
f 3882 879 877 
f 3181 484 1903 
f 606 807 1904 
f 2920 1904 807 
f 3723 38 1074 
f 1355 1905 1518 
f 3504 1907 1906 
f 3300 1906 1907 
f 2280 1909 1908 
f 2265 1908 1909 
f 2960 1911 1910 
f 2726 1910 1911 
f 2315 1912 880 
f 2849 880 1912 
f 2622 1914 1913 
f 1376 1913 1914 
f 2342 532 1915 
f 2539 1917 1916 
f 2652 1916 1917 
f 594 1918 1896 
f 3944 1329 1919 
f 865 1920 1003 
f 2957 778 1891 
f 1043 1891 778 
f 3537 1922 1921 
f 3072 1921 1922 
f 3037 1924 1923 
f 2023 1923 1924 
f 231 991 1925 
f 421 1927 1926 
f 900 1926 1927 
f 1449 1929 1928 
f 21 1928 1929 
f 2638 1051 1930 
f 2497 1930 1051 
f 185 1932 1931 
f 3364 1931 1932 
f 2429 1934 1933 
f 2968 1933 1934 
f 71 422 1926 
f 1143 1936 1935 
f 2471 1935 1936 
f 2436 1236 1762 
f 3985 1938 1937 
f 2221 1937 1938 
f 3456 1492 1939 
f 3655 1941 1940 
f 3229 1940 1941 
f 2212 1943 1942 
f 2974 1942 1943 
f 3629 1682 1498 
f 3298 1945 1944 
f 1748 1944 1945 
f 3900 1947 1946 
f 2857 1946 1947 
f 105 1760 1505 
f 3998 1948 354 
f 2345 354 1948 
f 1508 1950 1949 
f 1701 1949 1950 
f 2381 1952 1951 
f 586 1951 1952 
f 3822 1954 1953 
f 2824 1953 1954 
f 3269 1659 930 
f 3830 1956 1955 
f 1403 1955 1956 
f 1981 1957 1045 
f 3578 1045 1957 
f 2665 2 1303 
f 3228 1958 874 
f 2740 1960 1959 
f 1767 1959 1960 
f 1886 1729 562 
f 1630 562 1729 
f 1899 1962 1961 
f 3943 1961 1962 
f 1836 972 1963 
f 3277 1965 1964 
f 1738 1964 1965 
f 3142 1966 580 
f 2356 1968 1967 
f 2263 1967 1968 
f 2303 551 1969 
f 1848 1958 649 
f 2102 649 1958 
f 2551 1971 1970 
f 3947 1970 1971 
f 3144 1973 1972 
f 3399 1972 1973 
f 2546 1975 1974 
f 151 1974 1975 
f 561 1976 239 
f 2875 98 1977 
f 3602 1979 1978 
f 3073 1978 1979 
f 2587 1981 1980 
f 1045 1980 1981 
f 3487 1784 744 
f 565 744 1784 
f 3673 1983 1982 
f 2418 1982 1983 
f 3160 1985 1984 
f 996 1984 1985 
f 802 1987 1986 
f 1515 1986 1987 
f 3380 520 1988 
f 1227 1816 1251 
f 2820 1990 1989 
f 1445 1989 1990 
f 2948 451 1991 
f 2544 1991 451 
f 479 1992 54 
f 701 54 1992 
f 172 776 1993 
f 853 513 1994 
f 98 1692 1995 
f 608 1995 1692 
f 288 1997 1996 
f 2499 1996 1997 
f 2674 1464 619 
f 226 681 1431 
f 2534 1999 1998 
f 3393 1998 1999 
f 526 1616 1600 
f 3206 2001 2000 
f 2057 2000 2001 
f 547 1439 2002 
f 2913 2003 1212 
f 3686 1212 2003 
f 753 2004 93 
f 1442 110 2005 
f 3981 2006 1519 
f 3559 1519 2006 
f 874 1122 193 
f 3413 193 1122 
f 1914 1392 1375 
f 1509 2007 1950 
f 1551 1950 2007 
f 3490 2009 2008 
f 866 2008 2009 
f 811 2011 2010 
f 3354 2010 2011 
f 3688 2012 1031 
f 828 1031 2012 
f 3448 2014 2013 
f 3613 2013 2014 
f 1993 130 172 
f 3918 617 2015 
f 3006 2015 617 
f 3225 1351 2016 
f 3209 2016 1351 
f 2116 1935 2017 
f 2471 2017 1935 
f 270 1561 714 
f 3450 714 1561 
f 3599 2019 2018 
f 3410 2018 2019 
f 1020 2021 2020 
f 147 2020 2021 
f 2603 2022 1071 
f 3230 1071 2022 
f 2287 2024 2023 
f 1290 2023 2024 
f 850 2025 1455 
f 3400 2027 2026 
f 3353 2026 2027 
f 506 2029 2028 
f 1136 2028 2029 
f 1491 1668 2030 
f 2046 171 1235 
f 1661 2032 2031 
f 2871 2031 2032 
f 3956 2034 2033 
f 2205 2033 2034 
f 1589 1765 2035 
f 682 2035 1765 
f 354 2036 1015 
f 3071 1104 944 
f 1607 2038 2037 
f 1795 2037 2038 
f 3839 741 1239 
f 2255 2040 2039 
f 1741 2039 2040 
f 2573 177 2041 
f 30 2042 556 
f 2601 2043 372 
f 2876 920 2044 
f 3726 2044 920 
f 3121 2045 386 
f 685 2047 2046 
f 3663 2046 2047 
f 3433 2049 2048 
f 1399 2048 2049 
f 2499 261 2050 
f 50 2050 261 
f 3689 2052 2051 
f 3118 2051 2052 
f 3461 2055 2054 
f 3495 2054 2055 
f 3727 2056 873 
f 3654 873 2056 
f 703 2057 2001 
f 632 2059 2058 
f 3863 2058 2059 
f 2585 2061 2060 
f 2361 2060 2061 
f 2310 2063 2062 
f 1683 2062 2063 
f 3762 2061 1154 
f 2585 1154 2061 
f 2678 1463 2064 
f 3240 2064 1463 
f 2814 1664 2065 
f 2657 1835 2066 
f 1568 2066 1835 
f 2943 2068 2067 
f 2288 2067 2068 
f 2522 2069 935 
f 1738 2071 2070 
f 1118 2070 2071 
f 2193 2042 2072 
f 3954 2072 2042 
f 2841 2073 460 
f 2926 2075 2074 
f 1155 2074 2075 
f 3845 331 967 
f 516 2076 2039 
f 3009 2039 2076 
f 1885 2077 294 
f 2364 294 2077 
f 2783 260 1892 
f 326 1298 2078 
f 339 1131 2079 
f 2354 2079 1131 
f 3422 759 2080 
f 3725 2082 2081 
f 2290 2081 2082 
f 2991 2083 627 
f 1659 627 2083 
f 3732 2085 2084 
f 3481 2084 2085 
f 1507 2087 2086 
f 3020 2086 2087 
f 1549 2089 2088 
f 3464 2088 2089 
f 3121 2090 1137 
f 1865 1137 2090 
f 547 2091 1066 
f 2665 112 2 
f 3213 974 2092 
f 1851 801 2093 
f 3836 2094 135 
f 2525 388 1573 
f 1764 723 877 
f 1898 2030 310 
f 978 310 2030 
f 326 2095 1607 
f 2038 1607 2095 
f 3861 1746 2096 
f 1013 2096 1746 
f 2194 141 503 
f 2152 640 2097 
f 3803 2097 640 
f 2637 157 2098 
f 740 1544 2099 
f 2765 2099 1544 
f 1629 2101 2100 
f 3212 2100 2101 
f 3277 1812 2103 
f 501 2105 2104 
f 847 2104 2105 
f 2178 906 2106 
f 1348 2094 2107 
f 67 2107 2094 
f 2479 2109 2108 
f 336 2108 2109 
f 2244 2111 2110 
f 3034 2110 2111 
f 3744 2112 1149 
f 3841 183 1708 
f 2788 1145 1079 
f 178 1079 1145 
f 3101 2114 2113 
f 3516 2113 2114 
f 789 2115 1472 
f 3594 2116 2017 
f 2264 2117 1814 
f 2164 2119 2118 
f 81 2118 2119 
f 2212 1261 1943 
f 1812 1943 1261 
f 966 779 346 
f 2209 56 2120 
f 3921 2120 56 
f 1847 1293 1029 
f 3400 1029 1293 
f 2437 2121 160 
f 2695 160 2121 
f 3373 2123 2122 
f 2962 2122 2123 
f 1636 197 280 
f 3938 1740 1208 
f 3749 2124 776 
f 2138 2126 2125 
f 1558 2125 2126 
f 2751 2128 2127 
f 3130 2127 2128 
f 2738 1017 2129 
f 1312 2129 1017 
f 821 2110 2130 
f 3034 2130 2110 
f 736 2132 2131 
f 3535 2131 2132 
f 3574 2133 1370 
f 2465 2134 770 
f 3538 2136 2135 
f 1512 2135 2136 
f 3444 2074 2137 
f 1155 2137 2074 
f 530 2139 2138 
f 2126 2138 2139 
f 3189 1641 2140 
f 2381 1951 2141 
f 3946 2141 1951 
f 2217 2142 1585 
f 2958 1585 2142 
f 2263 2144 2143 
f 3157 2143 2144 
f 2248 2146 2145 
f 3116 2145 2146 
f 1091 1007 2147 
f 117 2147 1007 
f 2425 2149 2148 
f 1106 2148 2149 
f 3296 1853 2150 
f 641 2152 2151 
f 145 2151 2152 
f 2687 1098 644 
f 1963 522 1837 
f 1787 1837 522 
f 2762 1884 2154 
f 3636 2154 1884 
f 1210 2155 1184 
f 2054 1184 2155 
f 3178 2156 1246 
f 2226 2157 225 
f 3567 2159 2158 
f 941 2158 2159 
f 2859 2160 296 
f 2710 296 2160 
f 285 2161 385 
f 2491 2163 2162 
f 1136 2162 2163 
f 2473 737 2131 
f 3869 2165 2164 
f 2119 2164 2165 
f 935 2167 2166 
f 3769 2166 2167 
f 723 1764 2168 
f 992 235 1402 
f 3670 2171 2170 
f 3055 2170 2171 
f 439 2173 2172 
f 2979 2172 2173 
f 3930 1531 2174 
f 246 2174 1531 
f 2487 2176 2175 
f 916 2175 2176 
f 450 2178 2177 
f 2393 2177 2178 
f 883 1224 2179 
f 2791 334 1371 
f 2498 1371 334 
f 978 2180 310 
f 2590 310 2180 
f 3137 559 2181 
f 2939 2181 559 
f 1427 1360 2182 
f 3638 1881 2183 
f 2594 1623 2184 
f 2750 2184 1623 
f 1079 178 2185 
f 3574 1634 2186 
f 3495 1183 2054 
f 3391 2188 2187 
f 3612 2187 2188 
f 3064 2190 2189 
f 1358 2189 2190 
f 1478 2191 209 
f 3623 266 2192 
f 2042 2193 1731 
f 2086 1731 2193 
f 2021 1347 147 
f 1263 147 1347 
f 1237 1211 2194 
f 125 2195 1855 
f 1240 1855 2195 
f 2743 572 299 
f 195 2197 2196 
f 3993 2196 2197 
f 3844 2198 1815 
f 3173 1815 2198 
f 3530 140 1063 
f 2503 1380 370 
f 1394 370 1380 
f 3378 2199 945 
f 1309 945 2199 
f 3050 1520 2200 
f 1871 246 1531 
f 431 2202 2201 
f 2696 2201 2202 
f 1047 2204 2203 
f 2291 2203 2204 
f 2034 2206 2205 
f 979 2205 2206 
f 3182 2207 106 
f 2095 326 2208 
f 1356 1959 564 
f 1360 564 1959 
f 3207 56 2209 
f 3409 1080 2210 
f 2825 1890 2083 
f 2389 727 229 
f 3818 229 727 
f 470 2211 215 
f 713 215 2211 
f 144 2104 847 
f 3431 2213 417 
f 2513 417 2213 
f 1889 2214 447 
f 3197 2215 381 
f 1834 1685 2216 
f 936 2216 1685 
f 2820 1989 41 
f 1805 672 2217 
f 2142 2217 672 
f 3403 2218 719 
f 2351 336 2109 
f 3129 2220 2219 
f 964 2219 2220 
f 2443 2221 1807 
f 10 1807 2221 
f 454 2223 2222 
f 3004 2222 2223 
f 622 2224 660 
f 1633 660 2224 
f 3837 925 121 
f 2308 2225 1715 
f 3362 2226 225 
f 950 2228 2227 
f 3221 2227 2228 
f 2884 2229 1116 
f 1757 1611 2230 
f 1455 1775 2231 
f 737 2233 2232 
f 1120 2232 2233 
f 3665 87 2234 
f 1083 1727 2235 
f 1424 1114 820 
f 3405 820 1114 
f 375 2237 2236 
f 2350 2236 2237 
f 3015 2239 2238 
f 3974 2238 2239 
f 3120 485 2004 
f 2412 2004 485 
f 1453 2241 2240 
f 1868 2240 2241 
f 2073 1529 902 
f 2916 902 1529 
f 2517 1560 535 
f 3056 825 536 
f 188 536 825 
f 2370 983 2242 
f 2777 1109 2243 
f 2745 2243 1109 
f 2110 1500 2244 
f 2937 2244 1500 
f 3539 895 751 
f 2669 2246 2245 
f 835 2245 2246 
f 1691 2248 2247 
f 2145 2247 2248 
f 1186 638 1125 
f 1491 2030 1898 
f 2119 2165 1830 
f 627 1830 2165 
f 3823 1232 2249 
f 3220 2249 1232 
f 381 2251 2250 
f 2858 2250 2251 
f 2429 1933 1023 
f 2894 1722 2252 
f 1734 2253 2204 
f 2667 2204 2253 
f 3089 2255 2254 
f 3009 2254 2255 
f 2129 987 2256 
f 3685 2256 987 
f 2447 2258 2257 
f 2638 2257 2258 
f 3193 2259 247 
f 3392 247 2259 
f 3064 2261 2260 
f 515 2260 2261 
f 903 337 2262 
f 463 2262 337 
f 3731 2264 2263 
f 2144 2263 2264 
f 3339 2266 2265 
f 1908 2265 2266 
f 2729 2268 2267 
f 2696 2267 2268 
f 3604 2269 1200 
f 3843 2271 2270 
f 1649 2270 2271 
f 127 2273 2272 
f 3323 2272 2273 
f 3590 379 152 
f 2741 152 379 
f 3885 2275 2274 
f 3707 2274 2275 
f 790 1277 2115 
f 3908 2115 1277 
f 3383 83 2276 
f 2725 2276 83 
f 2762 2278 2277 
f 2215 2277 2278 
f 1909 2280 2279 
f 259 2279 2280 
f 616 2281 739 
f 3825 739 2281 
f 1283 735 938 
f 695 933 2283 
f 2240 2283 933 
f 1417 2284 2237 
f 2350 2237 2284 
f 358 2285 976 
f 3328 2287 2286 
f 1778 2286 2287 
f 747 2067 2288 
f 2421 2289 452 
f 3875 452 2289 
f 2807 2081 2290 
f 2203 2291 809 
f 1398 809 2291 
f 2446 2292 956 
f 3758 684 2293 
f 2668 2293 684 
f 2392 1275 2294 
f 3847 2294 1275 
f 1867 2295 919 
f 3671 919 2295 
f 2740 2296 1960 
f 3657 1960 2296 
f 3384 230 2297 
f 3959 2297 230 
f 1040 1057 2298 
f 3553 2300 2299 
f 3503 2299 2300 
f 164 2302 2301 
f 2771 2301 2302 
f 2771 2303 286 
f 2161 286 2303 
f 3113 2305 2304 
f 108 2304 2305 
f 3835 2306 1991 
f 3253 1991 2306 
f 2240 933 1453 
f 3471 1453 933 
f 1579 2308 2307 
f 1715 2307 2308 
f 1722 1934 2309 
f 2429 2309 1934 
f 928 352 1182 
f 3733 2063 2310 
f 1754 2312 2311 
f 2972 2311 2312 
f 111 208 2 
f 39 2 208 
f 1532 2314 2313 
f 3430 2313 2314 
f 3424 2315 828 
f 1627 1229 290 
f 3823 290 1229 
f 2171 1493 501 
f 2870 148 2316 
f 3912 2316 148 
f 433 2318 2317 
f 517 2317 2318 
f 3740 2320 2319 
f 2708 2319 2320 
f 3447 2321 173 
f 2664 470 215 
f 1980 1045 2322 
f 3464 257 2088 
f 2070 547 1066 
f 655 8 2323 
f 411 2325 2324 
f 2870 2324 2325 
f 3617 1177 2326 
f 1037 2326 1177 
f 553 2327 445 
f 798 2328 1421 
f 2569 1421 2328 
f 107 2330 2329 
f 3306 2329 2330 
f 863 755 2331 
f 3256 2331 755 
f 3957 2333 2332 
f 3983 2332 2333 
f 2845 728 2334 
f 69 2334 728 
f 3044 43 2335 
f 3335 2206 2034 
f 1594 1072 2336 
f 887 2336 1072 
f 2900 698 2337 
f 1366 2337 698 
f 3397 2338 543 
f 1582 2339 912 
f 1005 912 2339 
f 3773 2340 1133 
f 3111 1133 2340 
f 752 2342 2341 
f 1915 2341 2342 
f 3538 2344 2343 
f 750 2343 2344 
f 2606 2345 1948 
f 2897 2346 2098 
f 2637 2098 2346 
f 813 2348 2347 
f 2821 2347 2348 
f 2152 2349 145 
f 997 145 2349 
f 2284 1897 2350 
f 3916 2350 1897 
f 2452 1993 775 
f 2287 1924 1778 
f 3037 1778 1924 
f 3528 2351 2109 
f 1532 2313 2352 
f 3332 2352 2313 
f 3985 1733 1936 
f 955 2292 2353 
f 1258 2353 2292 
f 3867 68 2354 
f 761 2356 2355 
f 1967 2355 2356 
f 1161 2357 1194 
f 1461 2359 2358 
f 1226 2358 2359 
f 3082 497 1538 
f 3443 1538 497 
f 3652 1054 2360 
f 3434 2360 1054 
f 2439 1820 1272 
f 1024 1272 1820 
f 29 2362 2361 
f 2755 2361 2362 
f 1419 2005 109 
f 1522 1638 74 
f 1381 74 1638 
f 2643 2363 1811 
f 6 1811 2363 
f 2448 293 2364 
f 1482 2365 1387 
f 3537 1387 2365 
f 2492 1175 1700 
f 1549 1700 1175 
f 2575 2367 2366 
f 1876 2366 2367 
f 700 523 1963 
f 1999 1545 2368 
f 1771 2368 1545 
f 3250 2347 2369 
f 2821 2369 2347 
f 2031 2370 1661 
f 3922 1774 2371 
f 2837 2371 1774 
f 3524 82 1459 
f 1127 1459 82 
f 3283 2169 329 
f 797 329 2169 
f 3352 2372 2055 
f 3492 2055 2372 
f 943 2374 2373 
f 2226 2373 2374 
f 1173 2375 1797 
f 3069 1797 2375 
f 2937 2377 2376 
f 3456 2376 2377 
f 1735 2379 2378 
f 1468 2378 2379 
f 607 1706 165 
f 2761 165 1706 
f 608 420 1995 
f 3992 2380 1331 
f 493 1331 2380 
f 3591 1266 2381 
f 3091 941 2159 
f 3331 2383 2382 
f 2385 2382 2383 
f 2557 2384 1658 
f 3587 1658 2384 
f 3979 2385 827 
f 2383 827 2385 
f 3440 936 1467 
f 1604 1467 936 
f 1197 58 2386 
f 138 2386 58 
f 3239 2387 499 
f 2828 1223 2388 
f 2734 670 1561 
f 3450 1561 670 
f 69 728 2389 
f 1841 2390 1931 
f 2573 1931 2390 
f 2799 1152 2200 
f 2801 2200 1152 
f 2914 19 1301 
f 644 1301 19 
f 1980 2322 2391 
f 1444 2391 2322 
f 2740 1959 1356 
f 3452 559 2392 
f 3843 2394 2393 
f 1413 2393 2394 
f 1477 2395 1400 
f 3355 1400 2395 
f 3015 2396 2239 
f 1988 2239 2396 
f 2615 2397 2139 
f 2126 2139 2397 
f 3271 2398 374 
f 3580 374 2398 
f 3367 2399 2179 
f 2474 2179 2399 
f 3013 755 863 
f 2665 1462 112 
f 3855 2401 2400 
f 2764 2400 2401 
f 3245 2402 659 
f 621 659 2402 
f 2067 747 2403 
f 1191 2403 747 
f 1559 1027 2404 
f 3351 2404 1027 
f 507 1874 2405 
f 3081 2406 687 
f 2580 687 2406 
f 1034 1325 2407 
f 2742 2407 1325 
f 2528 489 2408 
f 3427 2408 489 
f 3125 1509 521 
f 1450 605 1143 
f 1520 470 357 
f 1083 2235 898 
f 2620 898 2235 
f 3556 2123 2410 
f 3373 2410 2123 
f 2799 2411 1858 
f 3752 1858 2411 
f 3082 1538 2412 
f 2004 2412 1538 
f 3923 2414 2413 
f 2564 2413 2414 
f 634 2415 928 
f 352 928 2415 
f 1164 2417 2416 
f 852 2416 2417 
f 3728 1756 748 
f 1982 2418 1269 
f 2069 2419 823 
f 1367 2421 2420 
f 452 2420 2421 
f 3242 1946 1562 
f 2857 1562 1946 
f 1308 1631 2422 
f 1055 653 2423 
f 161 1539 2424 
f 2658 2425 2148 
f 1861 2427 2426 
f 347 2426 2427 
f 516 2039 1741 
f 1589 2429 2428 
f 1023 2428 2429 
f 750 1513 2430 
f 3238 594 2431 
f 1896 2431 594 
f 3632 2433 2432 
f 1548 2432 2433 
f 2855 732 1026 
f 3232 1026 732 
f 1604 97 1467 
f 74 1381 1454 
f 645 1454 1381 
f 2667 2253 2434 
f 2033 2434 2253 
f 1543 943 810 
f 2927 2435 2268 
f 2696 2268 2435 
f 3178 2436 2156 
f 1762 2156 2436 
f 2598 2438 2437 
f 2121 2437 2438 
f 964 2441 2440 
f 1800 2440 2441 
f 2642 2443 2442 
f 1807 2442 2443 
f 1947 2445 2444 
f 3151 2444 2445 
f 956 667 2446 
f 2770 2446 667 
f 3176 2448 2447 
f 2258 2447 2448 
f 1006 34 117 
f 1634 2449 2323 
f 3255 2323 2449 
f 2391 1444 1810 
f 2326 1037 2450 
f 635 2450 1037 
f 1832 2451 1058 
f 3716 1058 2451 
f 1993 2452 1609 
f 2992 2453 1826 
f 1105 1826 2453 
f 3670 2170 2455 
f 2694 2455 2170 
f 3771 2457 2456 
f 3336 2456 2457 
f 2361 2459 2458 
f 3461 2458 2459 
f 38 2461 2460 
f 1576 2460 2461 
f 3857 1998 2462 
f 3607 2462 1998 
f 680 2463 1320 
f 1160 2465 2464 
f 770 2464 2465 
f 3909 2466 64 
f 3629 1498 970 
f 1101 970 1498 
f 3350 2468 2467 
f 1173 2467 2468 
f 2552 2469 817 
f 2863 817 2469 
f 3770 954 624 
f 769 624 954 
f 3005 2470 1052 
f 1487 1052 2470 
f 3276 1680 416 
f 3868 2017 2471 
f 2791 2472 334 
f 858 1156 1691 
f 2131 2202 2473 
f 431 2473 2202 
f 1831 2273 2409 
f 127 2409 2273 
f 285 385 2474 
f 883 2474 385 
f 2529 2476 2475 
f 2749 2475 2476 
f 3079 2477 2120 
f 2209 2120 2477 
f 3377 2478 260 
f 1893 260 2478 
f 2881 2109 2479 
f 534 2480 101 
f 2723 15 981 
f 1648 2482 2481 
f 2394 2481 2482 
f 2754 1162 1557 
f 3873 2483 392 
f 2653 392 2483 
f 3046 907 450 
f 2178 450 907 
f 1112 2485 2484 
f 1485 2484 2485 
f 2933 2486 1121 
f 2908 2050 2487 
f 2504 2487 2050 
f 3182 2488 277 
f 3437 1144 692 
f 3872 1655 988 
f 3239 1265 2387 
f 2751 1369 2489 
f 2753 2489 1369 
f 2696 2435 2490 
f 3058 2490 2435 
f 1846 2491 2162 
f 3245 2492 332 
f 2785 2150 2493 
f 1854 2493 2150 
f 3803 640 677 
f 3561 677 640 
f 1150 2495 2494 
f 1480 2494 2495 
f 1127 1830 162 
f 1876 2496 2366 
f 2897 2366 2496 
f 3529 2497 1314 
f 3597 1081 1552 
f 1370 2498 2449 
f 2951 2449 2498 
f 1935 1450 1143 
f 138 102 2480 
f 1997 261 2499 
f 2134 2465 414 
f 2092 2500 591 
f 2663 591 2500 
f 2946 2501 1696 
f 1479 2502 588 
f 3741 588 2502 
f 2050 50 2504 
f 1484 2504 50 
f 2680 2505 1225 
f 3033 1225 2505 
f 2073 902 437 
f 1085 2506 428 
f 3298 428 2506 
f 3128 1390 222 
f 1874 2508 2507 
f 2467 2507 2508 
f 3581 2440 2509 
f 3339 2509 2440 
f 1310 2511 2510 
f 3498 2510 2511 
f 850 1265 2025 
f 3239 2025 1265 
f 3974 2239 228 
f 154 228 2239 
f 191 2512 1204 
f 2213 1530 2513 
f 3930 2513 1530 
f 3591 2381 2141 
f 2739 2515 2514 
f 249 2514 2515 
f 2846 1248 1305 
f 3433 1488 394 
f 2597 1117 2229 
f 2340 461 1752 
f 1560 2517 2516 
f 3163 2516 2517 
f 1361 2519 2518 
f 3650 2518 2519 
f 3899 2173 2520 
f 439 2520 2173 
f 74 1454 2521 
f 3858 2523 2522 
f 2419 2522 2523 
f 2649 416 1805 
f 388 2525 2524 
f 3779 2524 2525 
f 2625 1072 1594 
f 2882 2526 1156 
f 488 2528 2527 
f 2586 2527 2528 
f 3036 1662 2529 
f 3584 2530 1511 
f 1285 1027 1559 
f 2222 1471 454 
f 2132 833 2531 
f 2635 2532 1021 
f 2081 2317 517 
f 3413 2534 2533 
f 1423 2533 2534 
f 130 1609 2535 
f 3095 2535 1609 
f 821 2130 2536 
f 2773 2536 2130 
f 2523 2537 824 
f 3851 824 2537 
f 931 808 2538 
f 3282 1917 2539 
f 2666 2541 2540 
f 3247 2540 2541 
f 2907 2542 2068 
f 2551 2068 2542 
f 2866 2543 1779 
f 3394 2545 2544 
f 3736 2544 2545 
f 1222 1262 2124 
f 3250 2209 2477 
f 1974 282 2546 
f 2665 2547 1462 
f 3402 1462 2547 
f 1733 1937 884 
f 2950 884 1937 
f 3889 2548 1078 
f 2788 1078 2548 
f 3585 413 2549 
f 2911 2469 361 
f 2425 2550 2149 
f 2948 2149 2550 
f 2288 2068 2551 
f 2103 1813 2552 
f 3357 2552 1813 
f 2077 2554 2553 
f 2470 2553 2554 
f 807 165 2555 
f 650 2556 2123 
f 2962 2123 2556 
f 3660 2384 2557 
f 2153 2558 79 
f 656 867 1899 
f 2417 1364 852 
f 1024 1626 2559 
f 3493 2559 1626 
f 2903 425 2560 
f 3279 2562 2561 
f 1193 2561 2562 
f 2414 2565 2564 
f 3103 2564 2565 
f 2411 707 2316 
f 2870 2316 707 
f 3236 2566 1132 
f 3008 1132 2566 
f 1221 2567 1189 
f 1536 1189 2567 
f 3309 2568 602 
f 3144 602 2568 
f 340 1723 2570 
f 532 2570 1723 
f 2137 2526 2571 
f 2883 2571 2526 
f 330 2573 2572 
f 2390 2572 2573 
f 3509 2341 1915 
f 1185 2575 2574 
f 3140 2574 2575 
f 360 1287 2576 
f 3223 2576 1287 
f 3547 2032 1676 
f 3206 2577 253 
f 2689 2579 2578 
f 1727 2578 2579 
f 686 2580 1653 
f 1988 339 154 
f 2079 154 339 
f 3070 2529 1663 
f 2291 2581 1398 
f 2628 1409 2582 
f 3473 1681 1584 
f 3077 1584 1681 
f 2536 2583 821 
f 2525 2584 1761 
f 3437 1207 1574 
f 2790 1574 1207 
f 2810 2585 740 
f 1544 740 2585 
f 328 738 442 
f 1353 442 738 
f 3424 2586 2528 
f 2460 1073 38 
f 36 1981 2587 
f 1954 2589 2588 
f 3623 2588 2589 
f 3809 894 918 
f 1973 2590 2180 
f 3356 2592 2591 
f 1153 2591 2592 
f 710 1674 607 
f 1706 607 1674 
f 466 2594 2593 
f 207 2593 2594 
f 2153 79 1507 
f 2087 1507 79 
f 1666 2596 2595 
f 1388 2595 2596 
f 2438 2598 2597 
f 1201 2597 2598 
f 1101 2599 199 
f 1339 2601 2600 
f 2000 2600 2601 
f 2288 2602 747 
f 3191 747 2602 
f 3001 1 136 
f 2625 2604 2603 
f 1362 2603 2604 
f 3749 1061 2605 
f 2895 2607 2606 
f 3729 2606 2607 
f 2572 967 330 
f 3129 2219 2608 
f 3442 2608 2219 
f 2813 2610 2609 
f 1161 2609 2610 
f 1479 216 1149 
f 3744 1149 216 
f 2547 1249 2611 
f 2744 2611 1249 
f 3765 2613 2612 
f 399 2612 2613 
f 2047 2614 1902 
f 2697 1902 2614 
f 2736 2397 2615 
f 3247 2541 55 
f 2782 2617 2616 
f 3404 2616 2617 
f 1082 2619 2618 
f 3923 2618 2619 
f 1779 1032 413 
f 3562 1256 1746 
f 3828 1746 1256 
f 1034 2620 2235 
f 585 785 2621 
f 2981 2623 2622 
f 2994 2622 2623 
f 3908 1333 2115 
f 2612 399 2624 
f 1584 2485 2626 
f 1113 2626 2485 
f 1686 1461 2627 
f 3800 2627 1461 
f 1613 2629 2628 
f 3906 2628 2629 
f 1857 2519 1361 
f 3593 1345 190 
f 2816 2631 2630 
f 3123 2630 2631 
f 2603 1072 2625 
f 1914 2632 1392 
f 2835 1392 2632 
f 1678 882 1337 
f 3318 2091 2633 
f 1100 2633 2091 
f 878 2062 2634 
f 3738 2634 2062 
f 3976 2532 2635 
f 1182 2636 928 
f 2813 2257 2638 
f 2972 529 2639 
f 3533 2639 529 
f 3077 843 2640 
f 3428 2640 843 
f 3631 2642 2641 
f 3497 2641 2642 
f 1445 1990 2643 
f 2466 2643 1990 
f 2752 1368 2644 
f 1278 2644 1368 
f 2691 2645 952 
f 3590 952 2645 
f 3747 2646 1839 
f 3680 1839 2646 
f 157 2637 2647 
f 3826 2647 2637 
f 1607 2037 2648 
f 3164 2648 2037 
f 3276 416 2649 
f 2595 251 2650 
f 3076 2652 2651 
f 2732 2651 2652 
f 2516 2653 2483 
f 1185 2655 2654 
f 836 2654 2655 
f 1834 2657 1685 
f 1850 2658 2148 
f 2667 2581 2291 
f 3987 853 1504 
f 2684 1158 2659 
f 2169 2659 1158 
f 3414 1903 485 
f 364 2660 1599 
f 3646 2662 2661 
f 3273 2661 2662 
f 3088 1234 1773 
f 2500 2664 2663 
f 215 2663 2664 
f 1437 2666 2540 
f 2757 2581 2667 
f 3088 2293 2668 
f 1271 2669 2245 
f 3793 434 818 
f 3515 1139 1818 
f 3065 1781 2670 
f 3528 2671 1216 
f 3676 2672 1678 
f 3896 2673 1603 
f 3583 1603 2673 
f 3637 1376 1437 
f 45 1818 574 
f 1986 1426 2675 
f 2182 2675 1426 
f 1971 2551 2542 
f 3768 2676 1758 
f 3075 2677 100 
f 1055 100 2677 
f 2064 2679 2678 
f 111 2678 2679 
f 2851 2680 1225 
f 3616 542 2681 
f 1620 2683 2682 
f 1002 2682 2683 
f 3131 2684 219 
f 3870 2686 2685 
f 2736 2685 2686 
f 644 19 2687 
f 3036 2475 272 
f 2058 272 2475 
f 3888 1349 2688 
f 3848 2688 1349 
f 1674 710 2372 
f 3492 2372 710 
f 3728 2689 114 
f 3234 114 2689 
f 3967 35 662 
f 3862 662 35 
f 2177 2690 1684 
f 479 1684 2690 
f 1070 1299 2692 
f 2989 2692 1299 
f 2013 2693 348 
f 2085 2694 2170 
f 3026 161 2695 
f 688 2697 2614 
f 235 85 264 
f 469 1646 1866 
f 1138 1866 1646 
f 17 2699 2698 
f 2761 2698 2699 
f 3274 2700 927 
f 3792 2702 2701 
f 2892 2701 2702 
f 3948 960 2703 
f 3164 2558 2648 
f 2153 2648 2558 
f 1032 1780 1460 
f 778 1022 1043 
f 2861 346 496 
f 1793 2675 2687 
f 1098 2687 2675 
f 3364 2705 2704 
f 3950 2704 2705 
f 1724 613 1918 
f 195 1776 2197 
f 101 2197 1776 
f 1448 1928 2706 
f 1218 2706 1928 
f 3393 1999 2368 
f 2826 2707 781 
f 3831 781 2707 
f 2256 2709 2708 
f 2319 2708 2709 
f 3409 2710 2160 
f 3592 2711 1862 
f 2993 1355 1518 
f 1825 2712 2442 
f 3132 2442 2712 
f 1535 2713 664 
f 3639 664 2713 
f 1881 1203 1627 
f 2901 2572 2390 
f 3551 2715 2714 
f 2589 2714 2715 
f 2078 1474 2716 
f 2711 2716 1474 
f 2768 1253 696 
f 3764 1015 2717 
f 1486 2717 1015 
f 3429 1209 1643 
f 2891 2719 2718 
f 1559 2718 2719 
f 1065 2721 2720 
f 2797 2720 2721 
f 3065 2670 2436 
f 1236 2436 2670 
f 1159 2722 1220 
f 1580 1430 2723 
f 15 2723 1430 
f 770 1838 2724 
f 2358 2724 1838 
f 2856 1506 62 
f 795 62 1506 
f 470 1520 2211 
f 3050 2211 1520 
f 3146 2725 1419 
f 2188 2727 2726 
f 3027 2726 2727 
f 1227 1846 2162 
f 3183 122 581 
f 3387 2730 2729 
f 2268 2729 2730 
f 430 2731 1217 
f 3765 2732 2652 
f 3536 2700 2733 
f 3274 2733 2700 
f 1676 2734 76 
f 2512 365 1424 
f 2690 2735 479 
f 1992 479 2735 
f 3595 2397 2736 
f 995 1712 2737 
f 3899 2737 1712 
f 3302 2739 2514 
f 2296 2740 1357 
f 2847 2232 557 
f 3449 557 2232 
f 1688 152 2741 
f 3964 2596 1666 
f 3511 2418 1983 
f 2965 939 368 
f 2455 368 939 
f 2611 2744 889 
f 909 2745 1109 
f 1988 154 2239 
f 2887 463 337 
f 691 658 2746 
f 3176 2447 2747 
f 3069 2747 2447 
f 3474 2748 328 
f 2058 2475 2749 
f 3836 67 2094 
f 3192 2184 2750 
f 2127 376 2751 
f 1369 2751 376 
f 2763 2753 2752 
f 1368 2752 2753 
f 2507 2754 1874 
f 1817 519 1592 
f 555 2755 2362 
f 974 2603 1362 
f 2083 766 2756 
f 236 891 1402 
f 2992 1402 891 
f 2083 2756 1659 
f 2581 2757 2278 
f 1880 2278 2757 
f 730 1019 2320 
f 3027 2320 1019 
f 124 875 1958 
f 2290 1984 2758 
f 995 2758 1984 
f 2234 2760 2759 
f 221 2759 2760 
f 3366 2087 79 
f 2699 164 2761 
f 2581 2278 2762 
f 3762 29 2061 
f 2361 2061 29 
f 969 2763 2752 
f 1483 2764 1568 
f 2401 1568 2764 
f 3449 2232 1120 
f 3320 1228 1452 
f 2923 207 2184 
f 2594 2184 207 
f 1185 2766 2655 
f 3549 2655 2766 
f 535 2767 119 
f 284 119 2767 
f 1461 2358 1838 
f 2070 1118 547 
f 2909 257 2768 
f 1253 2768 257 
f 2154 2769 2538 
f 931 2538 2769 
f 3855 716 1170 
f 2303 1969 2161 
f 3030 2161 1969 
f 1403 724 2168 
f 1619 2303 2771 
f 3664 2773 2772 
f 3565 2772 2773 
f 3952 976 2774 
f 3572 864 231 
f 3278 2776 2775 
f 3258 2775 2776 
f 65 2466 1990 
f 3777 881 1628 
f 2917 2777 2243 
f 3566 2779 2778 
f 125 2778 2779 
f 1956 2780 724 
f 2392 560 1276 
f 1738 1965 2071 
f 816 2071 1965 
f 3043 2781 998 
f 2930 998 2781 
f 1115 2783 2782 
f 1892 2782 2783 
f 262 2784 1246 
f 3178 1246 2784 
f 3903 2785 2493 
f 1747 1116 2580 
f 3309 2786 1664 
f 3017 1104 2787 
f 3071 2787 1104 
f 3721 1146 2788 
f 3289 279 2789 
f 1546 1574 2790 
f 3563 2792 2791 
f 3514 2791 2792 
f 3656 2794 2793 
f 418 2793 2794 
f 2137 2571 115 
f 903 2108 337 
f 3988 568 837 
f 39 2796 2795 
f 2220 2795 2796 
f 356 1933 1490 
f 2968 1490 1933 
f 1966 2720 2797 
f 2916 2798 806 
f 3720 806 2798 
f 1330 492 1216 
f 3528 1216 492 
f 2332 1717 2800 
f 706 2112 1885 
f 3268 1885 2112 
f 3337 1516 1987 
f 2271 2106 1321 
f 1992 523 700 
f 578 1079 2185 
f 2460 449 1073 
f 2826 1073 449 
f 3983 1406 1717 
f 1363 679 223 
f 3337 2801 1151 
f 3909 2802 2363 
f 1294 2363 2802 
f 3743 2653 2516 
f 2291 2204 2667 
f 2958 2804 2803 
f 1591 2803 2804 
f 2018 1399 2049 
f 1238 1546 2790 
f 1411 2806 2805 
f 2514 2805 2806 
f 371 2423 773 
f 1901 773 2423 
f 432 2317 2807 
f 2081 2807 2317 
f 1677 1878 2808 
f 3159 1597 2809 
f 1030 674 14 
f 3839 2810 741 
f 3574 988 2133 
f 2616 2812 2811 
f 2562 2811 2812 
f 2257 2813 2609 
f 3017 672 1806 
f 3309 1664 2814 
f 3743 2815 2653 
f 2289 2653 2815 
f 3408 2816 396 
f 2630 396 2816 
f 942 2818 2817 
f 3014 2817 2818 
f 2814 2819 2568 
f 2839 2568 2819 
f 3768 1758 1646 
f 3325 1646 1758 
f 3923 2820 150 
f 3625 1640 2821 
f 167 2821 1640 
f 66 2822 529 
f 1953 2824 2823 
f 1920 2823 2824 
f 2785 1878 1677 
f 3733 1890 2825 
f 781 1074 2826 
f 1657 2701 1588 
f 3254 1588 2701 
f 1701 1551 1080 
f 2014 2828 2827 
f 3335 2827 2828 
f 2958 671 2829 
f 129 2829 671 
f 3827 1720 2830 
f 1819 2830 1720 
f 3234 150 2831 
f 3499 2832 243 
f 2103 2552 817 
f 311 2834 2833 
f 1804 2833 2834 
f 2632 2836 2835 
f 263 2835 2836 
f 3436 2837 1775 
f 179 436 2838 
f 805 2838 436 
f 3144 2568 2839 
f 3466 2096 2840 
f 1739 2840 2096 
f 344 2577 2198 
f 3755 2198 2577 
f 460 2842 2841 
f 2294 2841 2842 
f 1907 2844 2843 
f 1300 2843 2844 
f 920 734 1456 
f 869 2845 2334 
f 2343 750 2011 
f 3354 2011 750 
f 3470 1248 2846 
f 558 2848 2847 
f 832 2847 2848 
f 2920 807 2555 
f 2189 1415 2850 
f 3651 2850 1415 
f 2359 2851 1226 
f 888 2738 2852 
f 2129 2852 2738 
f 97 2853 1466 
f 779 1466 2853 
f 1546 2854 1574 
f 3995 1019 2836 
f 1679 347 2693 
f 1041 733 2855 
f 1634 1370 2449 
f 742 1586 1010 
f 3537 1921 1018 
f 1872 1018 1921 
f 3279 2856 63 
f 1974 1688 282 
f 1839 2250 2858 
f 1720 631 1819 
f 1372 1819 631 
f 3032 512 2860 
f 3987 2860 512 
f 1456 735 1282 
f 1786 2861 496 
f 3405 1115 2782 
f 3190 1870 2862 
f 1514 2862 1870 
f 1480 2416 851 
f 2940 1499 1683 
f 817 2863 1632 
f 3482 1632 2863 
f 2214 1889 1344 
f 3729 1344 1889 
f 3139 2865 2864 
f 3108 2864 2865 
f 3585 2866 1779 
f 3150 1090 2636 
f 3248 2751 2489 
f 3834 422 71 
f 1821 2527 2586 
f 1428 2867 34 
f 3844 2868 2198 
f 344 2198 2868 
f 403 2869 1411 
f 708 1322 2870 
f 2324 2870 1322 
f 3547 2871 2032 
f 1244 2873 2872 
f 3832 2872 2873 
f 985 2874 478 
f 1213 2567 22 
f 2722 22 2567 
f 98 2875 1692 
f 3113 2878 2877 
f 3252 2877 2878 
f 790 2879 1277 
f 3214 1171 2880 
f 3966 2881 584 
f 2479 584 2881 
f 3393 2883 2882 
f 2526 2882 2883 
f 760 503 871 
f 3548 2884 1748 
f 1698 2886 2885 
f 3184 2885 2886 
f 762 2360 2356 
f 3434 2356 2360 
f 463 2887 364 
f 2660 364 2887 
f 3131 2889 2888 
f 3429 2888 2889 
f 999 1537 2890 
f 2125 2719 2891 
f 1964 2893 2892 
f 2701 2892 2893 
f 1934 1722 2894 
f 1948 2895 2606 
f 1693 845 2896 
f 2496 2346 2897 
f 3928 2899 2898 
f 3658 2898 2899 
f 716 2902 2901 
f 2572 2901 2902 
f 1803 2903 2560 
f 2673 1451 2904 
f 3746 2906 2905 
f 636 2905 2906 
f 3151 2907 2444 
f 2943 2444 2907 
f 2487 2175 2908 
f 3267 2908 2175 
f 1800 1510 2909 
f 258 2909 1510 
f 3946 2621 1379 
f 3391 1379 2621 
f 738 2910 1353 
f 1420 1353 2910 
f 3371 1532 2352 
f 3699 758 2911 
f 2112 2912 1150 
f 3624 1150 2912 
f 1124 2913 941 
f 3301 20 2914 
f 3033 2122 1225 
f 1534 2454 2915 
f 1496 2915 2454 
f 3593 190 1204 
f 868 2334 772 
f 69 772 2334 
f 3235 1596 2744 
f 890 2744 1596 
f 608 2917 2243 
f 7 697 26 
f 1054 2919 2918 
f 3921 2918 2919 
f 3330 2920 2555 
f 103 860 2921 
f 1351 2921 860 
f 2617 2782 1892 
f 3698 1556 2922 
f 213 2922 1556 
f 1694 207 2923 
f 3784 2047 685 
f 2925 1338 322 
f 1245 2156 2924 
f 1762 2924 2156 
f 2394 2482 1787 
f 3534 2925 322 
f 3345 2926 2074 
f 2730 2927 2268 
f 3310 118 283 
f 2157 2226 2374 
f 3387 2928 2730 
f 1744 2730 2928 
f 209 1940 1478 
f 3229 1478 1940 
f 469 1029 1647 
f 3400 1647 1029 
f 3436 2929 133 
f 3309 2814 2568 
f 3100 2930 2781 
f 2982 863 2931 
f 2832 2932 244 
f 3491 244 2932 
f 3869 2164 2645 
f 3925 2645 2164 
f 2797 2721 605 
f 430 2933 1121 
f 3481 2935 2934 
f 3564 2934 2935 
f 2972 2936 529 
f 66 529 2936 
f 3531 2377 2937 
f 3317 2783 1115 
f 2371 2837 427 
f 2970 2269 905 
f 3604 905 2269 
f 3186 2939 2938 
f 3452 2938 2939 
f 11 1769 49 
f 2063 2825 2940 
f 2991 2940 2825 
f 2933 1854 2941 
f 983 2370 2031 
f 2857 2943 2942 
f 2403 2942 2943 
f 3089 2944 2255 
f 2040 2255 2944 
f 1065 2945 1728 
f 3622 1728 2945 
f 3044 2947 2946 
f 3059 2946 2947 
f 1106 2149 2948 
f 582 1365 2949 
f 3645 884 2950 
f 3583 2673 2904 
f 3855 2400 717 
f 3845 717 2400 
f 2497 1051 481 
f 2498 1979 2951 
f 3602 2951 1979 
f 3187 2214 2583 
f 1344 2583 2214 
f 2619 897 2952 
f 3472 2952 897 
f 3552 2610 2953 
f 2813 2953 2610 
f 275 1095 1961 
f 656 1961 1095 
f 3187 446 2214 
f 3146 2955 1382 
f 3849 1382 2955 
f 1511 2441 963 
f 3750 1587 176 
f 3425 176 1587 
f 972 2956 2846 
f 3470 2846 2956 
f 3799 487 2957 
f 2804 2958 2829 
f 3883 2960 2959 
f 2981 2959 2960 
f 3626 2681 541 
f 1945 2172 1748 
f 3548 1748 2172 
f 3978 2834 311 
f 3283 2659 2169 
f 1008 2248 1691 
f 2358 2122 2962 
f 2010 2964 2963 
f 2157 2963 2964 
f 3484 831 2965 
f 1283 2965 831 
f 3517 1495 2966 
f 269 2967 1551 
f 2894 2968 1934 
f 3862 1698 2885 
f 1106 2948 2969 
f 3253 2969 2948 
f 2971 2269 2970 
f 804 2181 2939 
f 1201 2269 2971 
f 3076 1916 2652 
f 1710 2973 2972 
f 2936 2972 2973 
f 3644 2892 2974 
f 2702 2974 2892 
f 2609 1161 1194 
f 2438 2597 2229 
f 2947 2976 2975 
f 1436 2975 2976 
f 656 1899 1961 
f 578 2185 1001 
f 821 1500 2110 
f 1291 1168 2977 
f 515 2977 1168 
f 3531 2937 2978 
f 1500 2978 2937 
f 2173 2980 2979 
f 3379 2979 2980 
f 2043 1554 371 
f 1913 2981 2622 
f 1882 2982 2931 
f 3168 2984 2983 
f 3451 2983 2984 
f 3024 2985 1157 
f 10 2987 2986 
f 2242 2986 2987 
f 3875 2544 451 
f 3925 2118 380 
f 3463 380 2118 
f 3041 2988 1883 
f 3450 1883 2988 
f 2692 2989 1397 
f 1847 1397 2989 
f 2058 2749 632 
f 3708 632 2749 
f 2805 249 2990 
f 3904 2990 249 
f 3625 2821 2348 
f 2825 2083 2991 
f 866 343 2008 
f 3439 2008 343 
f 724 1403 1956 
f 2116 1502 1450 
f 2454 1535 52 
f 3958 2993 1518 
f 3995 2994 2623 
f 1798 2995 1308 
f 1631 1308 2995 
f 1996 2499 618 
f 3021 1697 2996 
f 3788 2996 1697 
f 4004 2998 2997 
f 3560 2997 2998 
f 803 3000 2999 
f 1857 2999 3000 
f 707 2411 2774 
f 3952 2774 2411 
f 1303 1 3001 
f 3606 3003 3002 
f 3455 3002 3003 
f 1199 2222 3004 
f 3820 2284 1417 
f 2638 3005 1051 
f 2908 3006 923 
f 3697 2547 2611 
f 715 3007 275 
f 2584 2525 1573 
f 1132 3008 2337 
f 2900 2337 3008 
f 757 3009 553 
f 2076 553 3009 
f 3905 3010 121 
f 2078 3012 3011 
f 1497 3011 3012 
f 2982 3013 863 
f 3014 1443 2817 
f 3598 840 5 
f 1857 3000 2519 
f 180 2519 3000 
f 234 3014 545 
f 3656 545 3014 
f 3053 2508 1874 
f 1116 1747 2884 
f 2258 2448 2364 
f 1163 2467 1173 
f 2760 3016 3015 
f 3031 3015 3016 
f 3514 1754 2311 
f 3152 3017 1806 
f 1652 1910 2726 
f 2053 1918 594 
f 2210 3019 3018 
f 1622 3018 3019 
f 3249 3020 1906 
f 3504 1906 3020 
f 3254 3021 1588 
f 722 3023 3022 
f 3669 3022 3023 
f 3511 3024 2418 
f 1268 2418 3024 
f 2550 451 2948 
f 1923 3026 3025 
f 2695 3025 3026 
f 2005 440 637 
f 2726 3027 1652 
f 3090 1750 95 
f 1464 426 2706 
f 1448 2706 426 
f 1135 2029 3028 
f 1318 3028 2029 
f 334 1979 2498 
f 850 2231 2966 
f 3517 2966 2231 
f 1338 1553 3029 
f 1969 552 3030 
f 204 3030 552 
f 3044 268 43 
f 3098 43 268 
f 3478 410 679 
f 1724 1918 2053 
f 960 3031 3016 
f 1401 1188 1726 
f 2714 1726 1188 
f 694 513 3032 
f 3373 2122 3033 
f 3017 23 1104 
f 3059 2947 2975 
f 3322 3035 609 
f 2475 3036 2529 
f 1386 2717 1486 
f 1711 3037 2980 
f 3379 2980 3037 
f 2804 2395 705 
f 1165 705 2395 
f 77 157 3038 
f 2647 3038 157 
f 3594 3040 3039 
f 3876 3039 3040 
f 1219 3041 32 
f 3259 896 3042 
f 3133 2781 3043 
f 3794 839 2024 
f 1290 2024 839 
f 2686 1041 2736 
f 3595 2736 1041 
f 2976 2947 3044 
f 745 467 3045 
f 1834 907 3046 
f 2944 3048 3047 
f 3333 3047 3048 
f 2717 274 2246 
f 2506 1192 550 
f 2767 3049 284 
f 3811 284 3049 
f 321 2211 3050 
f 57 3052 3051 
f 3844 3051 3052 
f 2946 1696 268 
f 2386 1111 3053 
f 2508 3053 1111 
f 1199 233 1471 
f 2171 2983 3055 
f 2935 3055 2983 
f 3094 825 3056 
f 1346 1743 1415 
f 1635 3057 2166 
f 935 2166 3057 
f 2927 1745 3058 
f 1206 3058 1745 
f 3986 459 614 
f 2975 1245 3059 
f 2924 3059 1245 
f 1656 3061 3060 
f 3464 3060 3061 
f 2068 2943 2907 
f 3898 3063 3062 
f 3455 3062 3063 
f 2190 3064 2260 
f 3541 1957 1981 
f 2143 1751 1141 
f 1272 1024 3066 
f 2559 3066 1024 
f 3030 386 2161 
f 3423 918 893 
f 2732 3068 3067 
f 3539 3067 3068 
f 3405 2616 820 
f 2811 820 2616 
f 3936 1797 3069 
f 2529 3070 2476 
f 1783 2476 3070 
f 2787 3071 1425 
f 3659 1425 3071 
f 2231 850 1455 
f 1922 87 3072 
f 3665 3072 87 
f 1849 1978 3073 
f 3142 580 3074 
f 3775 2677 3075 
f 3516 3076 2651 
f 2640 1584 3077 
f 2923 2184 238 
f 3192 238 2184 
f 2040 3078 1617 
f 1599 1617 3078 
f 3811 686 1653 
f 3558 198 2599 
f 1109 3079 909 
f 3941 909 3079 
f 1253 257 3061 
f 3464 3061 257 
f 726 2228 950 
f 579 1966 2797 
f 702 3081 3080 
f 687 3080 3081 
f 3599 327 2019 
f 3759 876 27 
f 1044 1444 2322 
f 3925 2164 2118 
f 1438 1661 2002 
f 1240 3083 1855 
f 3149 3085 3084 
f 3215 3084 3085 
f 3632 1524 2433 
f 1669 639 3086 
f 1752 2230 3087 
f 1610 3087 2230 
f 2446 2770 3039 
f 3594 3039 2770 
f 3523 410 1735 
f 2342 752 2570 
f 3290 2944 3089 
f 3886 1750 3090 
f 3199 3091 2159 
f 816 1602 2071 
f 254 703 2001 
f 3234 3092 150 
f 2618 150 3092 
f 307 1772 3093 
f 3224 3093 1772 
f 3154 1234 3094 
f 37 3095 2461 
f 1577 2461 3095 
f 2851 3097 3096 
f 3190 3096 3097 
f 448 3098 267 
f 2383 3099 827 
f 2147 827 3099 
f 1448 426 1113 
f 3599 2018 394 
f 2049 394 2018 
f 205 2692 1396 
f 1244 3100 2873 
f 1288 2873 3100 
f 2114 3101 2300 
f 3503 2300 3101 
f 1040 2766 77 
f 2574 77 2766 
f 3348 3102 2959 
f 3883 2959 3102 
f 3585 3103 2565 
f 267 2707 448 
f 2353 3105 3104 
f 3693 3104 3105 
f 3452 2842 460 
f 3144 1972 3106 
f 749 3106 1972 
f 765 2163 2491 
f 3877 917 1004 
f 163 3107 2527 
f 488 2527 3107 
f 3485 1084 414 
f 3480 2864 3108 
f 3022 3110 3109 
f 3251 3109 3110 
f 1752 3111 2340 
f 3719 420 174 
f 2062 878 2310 
f 3874 2496 1876 
f 3210 123 3112 
f 462 3112 123 
f 2877 2305 3113 
f 3902 1305 1611 
f 2385 1892 2382 
f 1836 490 2956 
f 589 2956 490 
f 3131 1158 2684 
f 2080 3114 276 
f 3247 1566 3115 
f 4 3116 2146 
f 429 2282 91 
f 3905 395 3117 
f 2052 3119 3118 
f 3819 3118 3119 
f 753 3120 2004 
f 204 2090 3121 
f 914 3123 3122 
f 3522 3122 3123 
f 3352 3124 2372 
f 1674 2372 3124 
f 2007 1509 3125 
f 1939 2111 2244 
f 943 1543 2374 
f 2963 2374 1543 
f 221 3126 2759 
f 3294 2759 3126 
f 3912 148 3127 
f 3392 1336 247 
f 3431 418 224 
f 2795 2220 3129 
f 3338 2984 144 
f 2104 144 2984 
f 3193 3130 2128 
f 1873 2754 1557 
f 3715 3131 219 
f 3923 150 2618 
f 3189 3132 2712 
f 1278 375 2236 
f 2781 3133 1288 
f 3575 3134 2614 
f 688 2614 3134 
f 3824 1555 3135 
f 1306 41 3136 
f 3417 2875 1977 
f 931 488 3107 
f 2615 2685 2736 
f 421 3137 1927 
f 2181 1927 3137 
f 178 1861 2426 
f 3935 367 3138 
f 2694 3138 367 
f 2333 1802 3139 
f 2897 2098 3140 
f 78 3140 2098 
f 1788 3141 1405 
f 3871 1405 3141 
f 3668 1966 3142 
f 3001 3143 1303 
f 128 1458 2048 
f 2338 2048 1458 
f 2839 1973 3144 
f 3550 2003 2913 
f 429 237 2282 
f 3500 882 3145 
f 1678 3145 882 
f 1705 1783 3070 
f 2496 2772 2346 
f 3565 2346 2772 
f 2955 3146 1419 
f 2843 3147 1907 
f 3386 1907 3147 
f 1199 1471 2222 
f 3827 2830 3148 
f 733 3148 2830 
f 1177 2524 1037 
f 1845 3149 3084 
f 1182 3150 2636 
f 3149 3151 2445 
f 765 3154 3153 
f 3094 3153 3154 
f 17 3156 3155 
f 2297 3155 3156 
f 1814 3157 2144 
f 1212 2624 3158 
f 400 3158 2624 
f 1188 1401 1826 
f 3779 761 2355 
f 645 3159 2295 
f 3647 2295 3159 
f 2575 2366 3140 
f 2897 3140 2366 
f 2082 244 3160 
f 1985 3160 244 
f 3618 3162 3161 
f 3002 3161 3162 
f 3531 1086 2377 
f 3230 13 1071 
f 886 1071 13 
f 118 3163 2517 
f 2393 2690 2177 
f 3511 1983 1524 
f 1852 2558 3164 
f 1018 2700 3165 
f 3536 3165 2700 
f 3233 3166 671 
f 129 671 3166 
f 34 383 1428 
f 961 115 3167 
f 3420 328 442 
f 501 2104 3168 
f 2984 3168 2104 
f 224 297 3169 
f 1386 1486 3170 
f 1481 3170 1486 
f 666 504 390 
f 3263 390 504 
f 3567 3172 3171 
f 3446 3171 3172 
f 3933 3117 914 
f 2210 814 3019 
f 1962 3019 814 
f 1901 3173 773 
f 3755 773 3173 
f 3250 3174 2209 
f 3207 2209 3174 
f 2345 2606 1888 
f 3729 1888 2606 
f 3525 218 756 
f 2685 2615 2822 
f 2139 2822 2615 
f 1813 1577 1608 
f 2263 2143 3175 
f 1141 3175 2143 
f 3999 293 3176 
f 2448 3176 293 
f 1718 598 3177 
f 3919 2436 3178 
f 2551 1970 2288 
f 2602 2288 1970 
f 3624 2495 1150 
f 3850 3179 686 
f 3540 1338 2925 
f 484 3181 3180 
f 3897 3180 3181 
f 1280 1272 3066 
f 3800 458 596 
f 3687 596 458 
f 106 2488 3182 
f 3340 2332 2800 
f 2846 3183 972 
f 3644 2974 1943 
f 105 678 1760 
f 3328 3184 2886 
f 1879 27 3185 
f 2962 2724 2358 
f 2582 1523 1614 
f 2939 3186 803 
f 180 803 3186 
f 3213 2092 591 
f 3951 514 2261 
f 1791 1130 323 
f 1107 282 1687 
f 3664 3187 2583 
f 2901 2390 1526 
f 1841 1526 2390 
f 3677 2872 3188 
f 1176 3188 2872 
f 2140 3132 3189 
f 1042 1721 3191 
f 3055 2085 2170 
f 245 2282 3192 
f 238 3192 2282 
f 2128 3194 3193 
f 2259 3193 3194 
f 3649 3196 3195 
f 3650 3195 3196 
f 2215 3197 2277 
f 305 2277 3197 
f 2116 1450 1935 
f 555 3198 2755 
f 2459 2755 3198 
f 3792 514 2702 
f 3951 2702 514 
f 799 1909 2903 
f 2279 2903 1909 
f 3614 18 2843 
f 3147 2843 18 
f 3683 2862 1625 
f 1514 1625 2862 
f 3171 3199 2159 
f 1186 1147 638 
f 3337 321 3050 
f 3675 3201 3200 
f 3222 3200 3201 
f 2558 1852 80 
f 3397 3202 1875 
f 3272 3203 292 
f 3957 292 3203 
f 567 3204 1785 
f 684 1785 3204 
f 1757 2230 397 
f 2577 3206 3205 
f 2000 3205 3206 
f 3197 2250 306 
f 3680 306 2250 
f 3972 3208 3207 
f 57 3207 3208 
f 3151 3149 1845 
f 3989 3209 1178 
f 1366 3210 2340 
f 461 2340 3210 
f 2308 1579 900 
f 947 2201 2696 
f 704 253 3211 
f 1904 3212 2101 
f 2022 974 3213 
f 3699 2911 361 
f 3827 2602 1720 
f 2880 1077 3214 
f 3260 3214 1077 
f 3095 1609 1577 
f 291 3215 3085 
f 3876 3216 1259 
f 1343 3218 3217 
f 872 3217 3218 
f 1766 3219 683 
f 3706 819 2811 
f 1542 3220 2646 
f 3680 2646 3220 
f 1373 2227 3221 
f 342 2463 3222 
f 3576 3222 2463 
f 3766 1989 1044 
f 1445 1044 1989 
f 3443 3223 1287 
f 3154 3224 1772 
f 2876 2044 848 
f 3938 848 2044 
f 2747 3069 2375 
f 3341 3225 2089 
f 2016 2089 3225 
f 2174 3192 2750 
f 1523 2582 70 
f 175 908 3226 
f 3652 3226 908 
f 2742 1325 3188 
f 3296 3227 1853 
f 2941 1853 3227 
f 1341 1356 564 
f 3065 2319 1781 
f 2709 1781 2319 
f 3607 1156 858 
f 1958 3228 2102 
f 1769 2102 3228 
f 963 1478 3229 
f 590 3230 3213 
f 2022 3213 3230 
f 1789 1406 3231 
f 3983 3231 1406 
f 3682 1586 743 
f 732 1618 3232 
f 3475 3232 1618 
f 3532 3073 335 
f 1979 335 3073 
f 3565 2637 2346 
f 3017 3233 672 
f 28 1583 1605 
f 3228 874 193 
f 2779 2138 2195 
f 2125 2195 2138 
f 3858 3057 444 
f 1635 444 3057 
f 1250 3235 2744 
f 3321 3236 1407 
f 1319 1367 2658 
f 2425 2658 1367 
f 2405 1873 651 
f 1316 651 1873 
f 3584 3238 3237 
f 2431 3237 3238 
f 1025 2228 725 
f 419 2853 1995 
f 98 1995 2853 
f 499 1822 3239 
f 1508 3239 1822 
f 1463 3241 3240 
f 2489 3240 3241 
f 3253 2948 1991 
f 2177 2874 450 
f 159 3242 1020 
f 3364 1932 2705 
f 3104 2705 1932 
f 2675 3243 1098 
f 3739 1098 3243 
f 2599 1102 3244 
f 1975 3244 1102 
f 1175 2492 3245 
f 2113 186 3246 
f 3931 2540 3247 
f 2751 3248 2128 
f 3194 2128 3248 
f 3489 3249 1906 
f 3714 3250 1110 
f 2477 1110 3250 
f 3164 1795 320 
f 3981 3251 2006 
f 1215 2006 3251 
f 2877 3252 572 
f 3964 281 2596 
f 1388 2596 281 
f 44 2969 3253 
f 2701 3074 3254 
f 782 3254 3074 
f 674 1030 957 
f 1090 405 2739 
f 3801 2739 405 
f 297 224 2157 
f 3602 3255 2449 
f 218 3256 755 
f 1601 3257 3135 
f 1378 3135 3257 
f 3509 1915 531 
f 153 2079 2354 
f 1261 1576 1812 
f 576 2728 796 
f 123 1365 582 
f 2276 3258 2776 
f 164 2699 2302 
f 3506 2302 2699 
f 3686 2003 3259 
f 3683 3259 2003 
f 3520 2703 899 
f 3484 3260 1313 
f 3827 3191 2602 
f 2113 3262 3261 
f 1808 3261 3262 
f 2361 2755 2459 
f 3614 2843 1300 
f 125 2779 2195 
f 1994 769 854 
f 3334 854 769 
f 1877 838 3119 
f 3819 3119 838 
f 3782 3265 3264 
f 2895 3264 3265 
f 2176 1473 3266 
f 3546 3266 1473 
f 2135 1512 3262 
f 2817 3262 1512 
f 3711 3267 2175 
f 2946 268 3044 
f 2241 1454 645 
f 393 2554 3268 
f 2077 3268 2554 
f 3107 163 3269 
f 3969 3270 718 
f 3776 1304 786 
f 1247 786 1304 
f 3090 235 992 
f 471 3271 358 
f 373 358 3271 
f 2312 1754 775 
f 3432 95 1749 
f 1320 1214 680 
f 3310 2971 118 
f 2970 118 2971 
f 3496 3272 292 
f 1814 2144 2264 
f 757 2254 3009 
f 1914 2622 2632 
f 2994 2632 2622 
f 2662 2036 3273 
f 353 3273 2036 
f 926 1008 3274 
f 2642 2950 2443 
f 1937 2443 2950 
f 2358 1226 2122 
f 3484 1270 831 
f 3890 809 1660 
f 722 3275 1284 
f 1533 1656 3060 
f 2339 1583 28 
f 2022 2603 974 
f 2573 2041 1931 
f 185 1931 2041 
f 2224 622 212 
f 3644 1943 3277 
f 1812 3277 1943 
f 1092 3278 2775 
f 3706 2562 3279 
f 2678 112 1463 
f 3480 3108 3280 
f 949 3280 3108 
f 1702 3281 694 
f 625 694 3281 
f 2613 1917 3282 
f 2305 1326 108 
f 1828 108 1326 
f 3477 344 2868 
f 3141 2542 1069 
f 1976 561 1630 
f 3648 26 1049 
f 475 2793 417 
f 830 3284 1457 
f 3467 1457 3284 
f 3959 230 864 
f 3087 3111 1752 
f 3911 76 270 
f 1945 439 2172 
f 542 3285 784 
f 3894 2838 3286 
f 805 3286 2838 
f 3685 2709 2256 
f 2335 3287 2976 
f 1436 2976 3287 
f 3048 3290 3289 
f 279 3289 3290 
f 3494 3291 1328 
f 3903 2493 453 
f 252 1665 2650 
f 2452 3292 1608 
f 3357 1608 3292 
f 3642 120 3293 
f 591 2663 958 
f 214 958 2663 
f 2930 3100 1528 
f 3072 3294 1872 
f 2274 1872 3294 
f 3227 3296 3295 
f 1759 3295 3296 
f 3093 3224 1846 
f 2491 1846 3224 
f 2343 2011 811 
f 3720 2798 3297 
f 366 3297 2798 
f 702 428 3298 
f 3494 3280 1373 
f 2227 1373 3280 
f 23 3017 3152 
f 1171 3214 3299 
f 3763 3299 3214 
f 3386 3300 1907 
f 1851 3301 80 
f 1090 2739 3302 
f 1415 3303 1346 
f 42 1346 3303 
f 2283 2240 1868 
f 12 3255 3304 
f 3602 3304 3255 
f 2427 611 901 
f 46 901 611 
f 699 3305 55 
f 3247 55 3305 
f 3687 377 1255 
f 3543 2688 3306 
f 3848 3306 2688 
f 3495 3307 612 
f 3952 1521 357 
f 3516 2651 186 
f 3067 186 2651 
f 2486 2941 3308 
f 3227 3308 2941 
f 3983 2864 3231 
f 3480 3231 2864 
f 507 3053 1874 
f 1025 3221 2228 
f 1976 1630 3311 
f 99 1489 3312 
f 3944 3313 1947 
f 2445 1947 3313 
f 3476 3314 1183 
f 3739 3315 96 
f 85 96 3315 
f 3897 3316 2539 
f 3282 2539 3316 
f 1558 2719 2125 
f 1180 3317 1115 
f 1860 3318 2633 
f 2865 910 3108 
f 949 3108 910 
f 3561 640 3319 
f 3854 390 3263 
f 289 2249 1542 
f 3220 1542 2249 
f 2915 1239 408 
f 1452 104 3320 
f 1789 3231 1328 
f 3494 1328 3231 
f 2566 3236 3321 
f 3730 1359 2190 
f 1601 3322 3257 
f 3932 3257 3322 
f 765 2491 3224 
f 2218 3176 2747 
f 3754 3323 1076 
f 2917 1693 2896 
f 3444 2137 115 
f 446 544 1458 
f 2963 1543 2010 
f 214 2038 958 
f 2095 958 2038 
f 1169 716 2901 
f 331 3324 1657 
f 3792 1657 3324 
f 1138 1646 3325 
f 3997 3327 3326 
f 84 3326 3327 
f 1088 2224 212 
f 2886 3329 3328 
f 2287 3328 3329 
f 2920 3330 3212 
f 2474 3212 3330 
f 2382 3332 3331 
f 2313 3331 3332 
f 722 3333 3023 
f 3960 3023 3333 
f 498 2387 2986 
f 9 2986 2387 
f 3419 3334 768 
f 1505 2488 106 
f 2456 3336 3335 
f 2206 3335 3336 
f 2796 208 2191 
f 3865 2369 2821 
f 1151 1516 3337 
f 2287 2023 1924 
f 1178 2776 3278 
f 545 2954 467 
f 1431 21 1929 
f 237 429 689 
f 3451 2984 3338 
f 3666 2325 411 
f 3989 2314 1533 
f 1801 2266 3339 
f 3460 3215 3340 
f 292 3340 3215 
f 3225 3341 2921 
f 1050 2921 3341 
f 3519 1273 3342 
f 994 3337 1987 
f 1129 1792 3343 
f 3756 3343 1792 
f 1214 1320 3344 
f 2890 3344 1320 
f 3860 3143 2629 
f 3001 2629 3143 
f 1570 1516 1151 
f 3029 2601 1339 
f 601 2786 3309 
f 1730 834 3345 
f 2926 3345 834 
f 1811 1444 2643 
f 2402 3245 332 
f 898 2620 3346 
f 2741 3346 2620 
f 3491 3347 1985 
f 996 1985 3347 
f 3866 3102 3348 
f 521 549 3349 
f 2508 1111 3350 
f 2480 3350 1111 
f 2806 1087 1089 
f 3278 1092 2314 
f 3430 2314 1092 
f 3575 2923 238 
f 3742 3351 1027 
f 3198 3352 2459 
f 3461 2459 3352 
f 3735 2026 3353 
f 750 2430 3354 
f 298 3354 2430 
f 1400 3355 128 
f 2829 128 3355 
f 1496 3356 2591 
f 2543 1459 1780 
f 3020 3249 1731 
f 3292 3358 3357 
f 1654 3357 3358 
f 3974 791 2238 
f 221 2238 791 
f 725 3360 3359 
f 2634 3359 3360 
f 2715 3361 2589 
f 3623 2589 3361 
f 2794 3362 225 
f 2949 698 3363 
f 1931 3364 1841 
f 846 1841 3364 
f 600 133 295 
f 826 500 3365 
f 2844 2087 3366 
f 1629 3367 2014 
f 2828 2014 3367 
f 61 3369 3368 
f 3475 3368 3369 
f 1252 3371 3370 
f 2478 3370 3371 
f 1332 917 3372 
f 3877 3372 917 
f 3606 2336 3003 
f 887 3003 2336 
f 3635 189 171 
f 422 3129 3374 
f 2608 3374 3129 
f 3353 3376 3375 
f 3308 3375 3376 
f 3939 96 85 
f 3370 2478 3377 
f 946 2378 3378 
f 1468 3378 2378 
f 3745 1190 1537 
f 635 2576 3223 
f 1923 3025 3379 
f 3555 3379 3025 
f 3982 3286 805 
f 592 520 3380 
f 3945 890 3381 
f 626 3381 890 
f 3931 3115 1567 
f 2578 1727 1083 
f 3488 3382 3124 
f 1675 3124 3382 
f 1278 1368 376 
f 104 3383 861 
f 2276 861 3383 
f 3047 3078 2040 
f 3156 3384 2297 
f 2824 2192 1920 
f 265 1920 2192 
f 2940 1683 2063 
f 2887 336 2660 
f 2351 2660 336 
f 1292 1942 3385 
f 3951 3385 1942 
f 1149 2494 1479 
f 2600 2057 323 
f 1791 323 2057 
f 3413 2854 2534 
f 1999 2534 2854 
f 3824 929 2636 
f 1640 3217 167 
f 872 167 3217 
f 1446 910 2865 
f 2398 3271 471 
f 3300 3386 3382 
f 1675 3382 3386 
f 2424 1093 3387 
f 3841 3387 1093 
f 3189 2712 3388 
f 849 3388 2712 
f 3606 2809 1593 
f 3762 1154 2592 
f 3569 763 406 
f 2434 2757 2667 
f 2554 393 1488 
f 3747 1064 1745 
f 1206 1745 1064 
f 3444 115 961 
f 2542 3141 1971 
f 1788 1971 3141 
f 3038 1057 1040 
f 2285 358 373 
f 3633 1833 2020 
f 158 2020 1833 
f 2272 2410 127 
f 3399 749 1972 
f 3660 977 3389 
f 3446 3390 3171 
f 3199 3171 3390 
f 1346 3098 1743 
f 888 2188 3391 
f 2883 3393 2368 
f 2669 2717 2246 
f 3564 2930 2934 
f 1528 2934 2930 
f 3928 3285 857 
f 905 2545 3394 
f 1393 3395 557 
f 2327 3396 2537 
f 3851 2537 3396 
f 1643 473 1146 
f 1861 1146 473 
f 543 3202 3397 
f 1820 1372 3221 
f 603 1440 938 
f 2502 1480 851 
f 3971 519 293 
f 3733 2825 2063 
f 3745 1537 999 
f 2981 1913 3398 
f 1376 3398 1913 
f 1973 2180 3399 
f 977 3399 2180 
f 3127 149 1580 
f 1306 2786 3401 
f 601 3401 2786 
f 3600 832 2848 
f 1462 3402 3241 
f 3804 3241 3402 
f 3276 2649 3403 
f 1895 3403 2649 
f 39 208 2796 
f 2812 2616 3404 
f 2426 347 563 
f 1679 563 347 
f 1237 953 948 
f 3996 3407 3406 
f 4003 3406 3407 
f 3963 3408 395 
f 2160 1080 3409 
f 3686 2612 2624 
f 3064 2189 2850 
f 1399 2018 3410 
f 3124 3352 3198 
f 3351 60 2404 
f 1760 2404 60 
f 3828 1257 788 
f 2225 2181 804 
f 787 1257 3411 
f 2539 1916 2515 
f 250 2515 1916 
f 1976 3412 240 
f 1144 2854 3413 
f 485 3120 3414 
f 3567 3414 3120 
f 1466 779 966 
f 2682 551 1619 
f 2303 1619 551 
f 2560 1529 2073 
f 2060 2361 2458 
f 1633 2224 1088 
f 3852 2973 1262 
f 2930 3415 998 
f 3580 3416 374 
f 3196 374 3416 
f 1169 3417 169 
f 570 1635 2166 
f 345 1843 1017 
f 1312 1017 1843 
f 3367 1629 2100 
f 3510 1464 2706 
f 2552 3357 1654 
f 2506 3418 1192 
f 3753 1192 3418 
f 3474 3420 3419 
f 3830 3419 3420 
f 3094 3056 3421 
f 3873 3421 3056 
f 2831 113 3234 
f 3741 287 2673 
f 1451 2673 287 
f 3895 851 3128 
f 1148 3326 83 
f 3453 2728 576 
f 3041 3422 2080 
f 3074 2893 3142 
f 3668 3142 2893 
f 2414 2952 2565 
f 3787 2565 2952 
f 2111 1898 3034 
f 1317 2357 1161 
f 83 3383 1148 
f 1650 2656 867 
f 2315 3424 1912 
f 2408 1912 3424 
f 392 2653 2289 
f 3554 1581 62 
f 2862 3096 3190 
f 611 3307 46 
f 3853 482 1829 
f 1527 2762 2154 
f 2158 940 1903 
f 3158 1903 940 
f 3021 2996 3425 
f 3700 3425 2996 
f 3765 3042 3068 
f 895 3068 3042 
f 3982 3426 1242 
f 3917 1242 3426 
f 3640 3427 489 
f 2857 2444 2943 
f 3489 1906 3300 
f 2889 1209 3429 
f 644 3432 1301 
f 3614 1301 3432 
f 2049 3433 394 
f 2356 3434 1968 
f 3731 1968 3434 
f 1536 1213 3344 
f 1449 1112 2484 
f 402 3435 1528 
f 2934 1528 3435 
f 1707 1675 3386 
f 1732 3372 1665 
f 2859 1701 2160 
f 1080 2160 1701 
f 600 3436 133 
f 3154 1772 1234 
f 692 677 3437 
f 3561 3437 677 
f 2362 30 556 
f 2136 810 1512 
f 3182 277 3043 
f 3133 3043 277 
f 922 978 2030 
f 3347 3184 3328 
f 2476 3438 2749 
f 3708 2749 3438 
f 3201 844 3439 
f 1134 3441 3440 
f 1794 3440 3441 
f 3272 1823 2860 
f 3032 2860 1823 
f 1860 2987 10 
f 2842 2392 2294 
f 3223 3443 2415 
f 497 2415 3443 
f 294 519 1817 
f 2371 426 3445 
f 1464 3445 426 
f 3509 855 3446 
f 3390 3446 855 
f 3965 3447 172 
f 2014 3448 1629 
f 557 3449 1393 
f 3376 1393 3449 
f 1883 3450 670 
f 2935 2983 3451 
f 2939 559 3452 
f 566 308 3453 
f 2728 3453 308 
f 3096 2680 2851 
f 3525 3454 408 
f 2713 408 3454 
f 1554 1564 100 
f 959 629 2703 
f 3772 1281 970 
f 539 1831 3219 
f 3456 1939 2376 
f 2244 2376 1939 
f 2644 1598 2752 
f 2416 1480 2495 
f 3003 3062 3455 
f 2401 1170 2066 
f 1670 3054 304 
f 1489 3457 1863 
f 101 1863 3457 
f 1932 3458 3104 
f 2353 3104 3458 
f 1446 1955 911 
f 1403 911 1955 
f 2481 2270 1648 
f 767 2185 155 
f 754 548 3459 
f 2311 2639 2472 
f 3532 2472 2639 
f 3084 3215 3460 
f 381 2250 3197 
f 3509 3446 3172 
f 1560 2516 2483 
f 3906 2629 3001 
f 1677 3462 2785 
f 2150 2785 3462 
f 34 1006 383 
f 3994 383 1006 
f 3346 380 3463 
f 2016 3464 2089 
f 272 704 3211 
f 3384 3465 230 
f 318 3183 581 
f 3463 898 3346 
f 2523 1181 2537 
f 2327 2537 1181 
f 1957 1307 3136 
f 1457 3467 3466 
f 3861 3466 3467 
f 2296 2723 3468 
f 981 3468 2723 
f 1407 3469 1952 
f 586 1952 3469 
f 3975 1833 2321 
f 3864 2569 2328 
f 3658 2899 609 
f 3322 609 2899 
f 2956 589 3470 
f 593 1221 1189 
f 3037 1923 3379 
f 2443 1937 2221 
f 2193 2072 241 
f 3663 2047 1902 
f 690 3471 932 
f 3614 3432 1749 
f 3463 3472 897 
f 328 3420 3474 
f 204 3121 3030 
f 386 3030 3121 
f 2002 1100 2091 
f 1326 2305 2877 
f 3881 835 2246 
f 2852 2708 2727 
f 3027 2727 2708 
f 2431 2492 1700 
f 3639 3454 756 
f 3525 756 3454 
f 3369 3232 3475 
f 714 2967 270 
f 2953 1930 2497 
f 3211 344 3477 
f 2277 1884 2762 
f 1363 3479 3478 
f 3840 3478 3479 
f 1976 3311 3412 
f 3920 3412 3311 
f 2545 904 3395 
f 558 3395 904 
f 1725 2236 2350 
f 3933 3122 2318 
f 3628 2318 3122 
f 3494 3480 3280 
f 3547 3349 548 
f 3055 2935 3481 
f 856 531 2309 
f 1148 1186 3326 
f 3997 3326 1186 
f 3872 25 362 
f 985 314 2874 
f 2964 3354 298 
f 3422 1219 3482 
f 2033 2205 3483 
f 1880 3483 2205 
f 3763 3484 2965 
f 271 1791 703 
f 2057 703 1791 
f 1645 2051 1470 
f 3118 1470 2051 
f 3992 1084 3485 
f 434 3486 355 
f 555 3489 3488 
f 3382 3488 3489 
f 3077 3490 843 
f 2008 843 3490 
f 1739 2096 1013 
f 464 3347 3491 
f 280 3089 2254 
f 3894 643 1172 
f 1965 2103 816 
f 774 3205 2000 
f 3574 1370 1634 
f 3827 1042 3191 
f 3495 2055 3492 
f 846 3364 2704 
f 3398 3348 2959 
f 3738 1682 3493 
f 3629 3493 1682 
f 3682 1548 2869 
f 3613 2693 2013 
f 3291 3494 1373 
f 3597 1048 1081 
f 2444 2857 1947 
f 1919 657 3496 
f 3272 3496 657 
f 1069 1845 3084 
f 2642 2442 3497 
f 3132 3497 2442 
f 494 3370 3377 
f 3224 3154 765 
f 3708 3498 633 
f 3573 633 3498 
f 1315 1095 3114 
f 3988 2832 3499 
f 2388 882 3500 
f 3635 3501 189 
f 3049 189 3501 
f 624 769 1994 
f 1319 2029 506 
f 303 90 3502 
f 1672 3502 90 
f 1809 3503 3101 
f 244 3491 1985 
f 1651 49 1768 
f 3887 2460 1576 
f 1839 2858 3505 
f 1434 3505 2858 
f 921 2876 2105 
f 848 2105 2876 
f 3601 1620 3506 
f 3312 3075 100 
f 3212 1904 2920 
f 3705 340 93 
f 753 93 340 
f 3745 3508 3507 
f 3867 3507 3508 
f 627 2165 2991 
f 3869 2991 2165 
f 788 1771 1545 
f 3555 2979 3379 
f 855 3509 531 
f 1230 1627 881 
f 620 3510 899 
f 3520 899 3510 
f 3024 3511 2985 
f 3661 2985 3511 
f 3646 3512 1481 
f 3963 196 569 
f 3137 421 1637 
f 3374 1637 421 
f 3770 624 537 
f 2330 108 1828 
f 296 3513 3473 
f 1844 3473 3513 
f 2792 1753 3514 
f 3664 2583 2536 
f 3835 3515 2306 
f 1818 2306 3515 
f 3648 361 25 
f 2737 2758 995 
f 797 1421 2910 
f 2731 2223 454 
f 462 123 398 
f 186 2113 3516 
f 282 1107 1389 
f 2613 3282 399 
f 3103 2549 880 
f 2315 880 2549 
f 3963 924 196 
f 2985 1228 3320 
f 2424 3518 2531 
f 2132 2531 3518 
f 3290 3089 280 
f 1236 2670 762 
f 3510 2706 3520 
f 1218 3520 2706 
f 3727 1342 3521 
f 1011 3521 1342 
f 554 3122 3522 
f 409 3523 1416 
f 1887 1416 3523 
f 26 2186 7 
f 3472 81 3524 
f 645 1867 2241 
f 3329 2024 2287 
f 3452 460 2938 
f 3737 3526 3071 
f 3659 3071 3526 
f 2495 1164 2416 
f 1718 3527 598 
f 2905 598 3527 
f 3228 192 1769 
f 492 2351 3528 
f 2816 934 2631 
f 3851 2631 934 
f 3973 2271 1321 
f 1829 571 2743 
f 1358 984 3303 
f 42 3303 984 
f 2953 3529 415 
f 3485 415 3529 
f 1022 1334 1850 
f 3778 1038 2524 
f 1334 3028 1318 
f 1596 626 890 
f 1097 1850 2148 
f 3640 931 2769 
f 3343 353 2345 
f 3053 508 2386 
f 1196 2386 508 
f 140 3530 870 
f 1435 870 3530 
f 1516 1570 349 
f 1055 2677 653 
f 2808 3145 1677 
f 378 2134 414 
f 2619 1082 897 
f 1308 3531 2978 
f 2639 3533 3532 
f 3566 3532 3533 
f 2925 3534 24 
f 3518 2729 3535 
f 2267 3535 2729 
f 3856 3165 3536 
f 1615 432 616 
f 2807 616 432 
f 342 3222 3439 
f 3201 3439 3222 
f 2679 209 111 
f 1476 3479 1363 
f 3044 2335 2976 
f 1922 3537 2365 
f 1737 2070 1066 
f 2378 946 510 
f 1856 2625 1790 
f 1069 3084 3460 
f 3780 2999 1857 
f 3067 3539 3538 
f 2344 3538 3539 
f 3357 1813 1608 
f 2910 738 797 
f 2050 2908 923 
f 3993 1563 3540 
f 3579 1206 1716 
f 3383 104 1452 
f 1644 2812 3404 
f 3892 507 1667 
f 2405 1667 507 
f 1022 778 1333 
f 3937 2065 3541 
f 1307 3541 2065 
f 1818 45 2306 
f 3566 2138 2779 
f 642 1241 2774 
f 707 2774 1241 
f 3417 1526 2875 
f 3885 1672 3542 
f 90 3542 1672 
f 3975 3381 158 
f 423 3544 3543 
f 2688 3543 3544 
f 3785 3378 1469 
f 1447 3139 1503 
f 3266 505 916 
f 3264 2895 1948 
f 3487 3365 567 
f 3069 2447 1195 
f 2257 1195 2447 
f 3151 1068 2907 
f 2542 2907 1068 
f 3691 3546 239 
f 1750 3465 3384 
f 1676 75 3547 
f 3349 3547 75 
f 1636 2254 757 
f 2990 676 404 
f 1010 404 676 
f 3679 3358 3292 
f 2172 2979 3548 
f 3555 3548 2979 
f 2404 2718 1559 
f 926 2146 2248 
f 3339 2440 1800 
f 1944 3081 3298 
f 702 3298 3081 
f 1374 3082 2412 
f 2957 1891 86 
f 3457 1489 99 
f 1987 802 994 
f 595 1598 2644 
f 2766 1039 3549 
f 661 3549 1039 
f 2505 3550 2913 
f 3522 2327 554 
f 3579 2490 3058 
f 2714 1188 3551 
f 3568 2341 3172 
f 3509 3172 2341 
f 2664 2398 471 
f 127 3091 3199 
f 2610 3552 1161 
f 3076 2114 3553 
f 2300 3553 2114 
f 3731 2263 1968 
f 1430 1581 3554 
f 3366 1300 2844 
f 2121 3555 3025 
f 2046 1235 3088 
f 1436 1375 2975 
f 1391 2975 1375 
f 3813 3499 1616 
f 2563 1616 3499 
f 3166 2787 1425 
f 3050 2801 3337 
f 1483 2977 515 
f 3545 3521 1011 
f 2778 125 1849 
f 1036 651 3556 
f 3890 1047 2203 
f 3589 1174 533 
f 3233 2787 3166 
f 233 1645 1470 
f 1867 645 2295 
f 2232 2847 736 
f 2043 2601 3029 
f 3945 302 889 
f 3603 889 302 
f 3880 3557 94 
f 3705 94 3557 
f 3194 793 131 
f 301 131 793 
f 3244 2546 3558 
f 281 3558 2546 
f 3958 1518 3559 
f 2997 3560 2998 
f 1859 2221 1938 
f 3861 1730 3562 
f 3924 3562 1730 
f 1217 2493 1854 
f 3679 3563 989 
f 2133 989 3563 
f 3953 2637 3565 
f 3532 3566 3073 
f 2778 3073 3566 
f 1702 695 2283 
f 3120 3568 3567 
f 3172 3567 3568 
f 351 3569 406 
f 2891 2718 3570 
f 693 3570 2718 
f 2006 3571 3559 
f 1350 3559 3571 
f 2852 2727 2188 
f 2139 530 2822 
f 1953 2823 3572 
f 865 3572 2823 
f 1656 3371 1252 
f 606 511 710 
f 3682 403 1586 
f 3646 633 3573 
f 3362 2373 2226 
f 1694 2923 3575 
f 680 3576 2463 
f 1768 869 1651 
f 3892 1667 1035 
f 3857 2462 1422 
f 1671 1422 2462 
f 2818 2373 3362 
f 3546 3577 3266 
f 505 3266 3577 
f 2137 1155 2526 
f 600 2837 3436 
f 1211 3579 1716 
f 3713 183 1094 
f 3841 1094 183 
f 3416 3580 1362 
f 974 1362 3580 
f 1408 3236 1133 
f 486 3243 2182 
f 2675 2182 3243 
f 1009 597 1565 
f 441 1565 597 
f 1016 1248 3470 
f 3929 3553 2299 
f 3988 2932 2832 
f 2219 2440 3581 
f 3988 990 2932 
f 465 2932 990 
f 2065 3582 2814 
f 2819 2814 3582 
f 3840 1603 3583 
f 3234 2689 3092 
f 2578 3092 2689 
f 3229 3584 963 
f 1511 963 3584 
f 413 3585 1779 
f 652 2143 3157 
f 1530 3586 1871 
f 913 2780 1956 
f 736 833 2132 
f 3318 1860 2945 
f 1840 1033 3587 
f 3019 1962 3588 
f 1899 3588 1962 
f 2396 3015 3031 
f 3969 3589 3270 
f 1680 3270 3589 
f 3925 3590 2645 
f 3025 2695 2121 
f 3846 3024 1157 
f 3767 1941 969 
f 3655 969 1941 
f 1266 3591 369 
f 333 613 610 
f 3839 1153 2810 
f 2585 2810 1153 
f 3954 30 3592 
f 2804 2829 3355 
f 3600 2598 2437 
f 2090 205 1396 
f 3715 740 2099 
f 3279 1345 3593 
f 1221 2722 2567 
f 3418 2506 1085 
f 389 1492 3456 
f 3350 2467 2508 
f 3482 1119 1602 
f 60 917 2488 
f 1332 2488 917 
f 2501 3059 2924 
f 2855 1286 3595 
f 3812 3595 1286 
f 2259 2535 3392 
f 3095 3392 2535 
f 1782 3596 1755 
f 3652 1755 3596 
f 2402 2922 621 
f 2514 249 2805 
f 3780 1790 1714 
f 3761 1714 1790 
f 2236 1404 1279 
f 1377 840 3598 
f 1626 3359 3493 
f 3738 3493 3359 
f 1201 2598 3600 
f 3155 2297 3601 
f 3959 3601 2297 
f 107 2108 903 
f 1049 1296 1315 
f 1096 1315 1296 
f 3725 1741 2563 
f 362 2552 1654 
f 3837 596 925 
f 2896 2704 812 
f 3674 812 2704 
f 3082 3569 351 
f 1297 2072 1862 
f 3954 1862 2072 
f 3020 2087 3504 
f 2844 3504 2087 
f 3012 3356 1496 
f 2052 2808 3119 
f 1877 3119 2808 
f 2500 2092 975 
f 3656 2818 3362 
f 904 3604 1642 
f 3694 780 3605 
f 783 3605 780 
f 1593 2336 3606 
f 1232 3609 3608 
f 305 3608 3609 
f 2812 1193 2562 
f 2446 1259 2292 
f 87 1922 3610 
f 2365 3610 1922 
f 3961 304 3611 
f 2726 3612 2188 
f 2693 3613 1742 
f 3619 1742 3613 
f 1113 427 2626 
f 745 3045 384 
f 1429 384 3045 
f 3064 3385 2261 
f 3951 2261 3385 
f 1302 3615 1595 
f 2681 3617 3616 
f 2326 3616 3617 
f 663 3618 3161 
f 3453 576 565 
f 3291 1372 631 
f 1688 1974 151 
f 55 3363 699 
f 3956 1742 3619 
f 3605 3620 248 
f 3790 248 3620 
f 3908 1135 3028 
f 3762 3592 29 
f 907 1834 2216 
f 646 3621 1597 
f 3667 1597 3621 
f 3696 1191 324 
f 3101 3261 1809 
f 2159 3567 3171 
f 2462 3607 859 
f 1142 1728 3622 
f 3400 1139 2027 
f 2912 705 3624 
f 1165 3624 705 
f 1640 3625 2140 
f 3497 2140 3625 
f 2131 3535 2202 
f 2267 2202 3535 
f 2019 546 3479 
f 3840 3479 546 
f 3751 3031 960 
f 1942 1292 2212 
f 387 3626 1696 
f 3430 2383 3331 
f 3658 1897 2284 
f 3325 1575 1138 
f 2424 3387 3518 
f 2729 3518 3387 
f 517 2318 3628 
f 3757 551 2682 
f 2928 1541 1744 
f 3747 1744 1541 
f 2281 616 2807 
f 971 3493 3629 
f 3430 3331 2313 
f 3585 2565 2866 
f 3787 2866 2565 
f 2753 2763 3240 
f 2064 3240 2763 
f 1408 1133 3111 
f 3693 3631 3630 
f 2641 3630 3631 
f 1669 3632 2432 
f 1062 3633 2605 
f 146 2605 3633 
f 726 1384 3634 
f 1902 3635 171 
f 2839 2590 1973 
f 1822 499 3459 
f 3398 1376 3637 
f 3688 1460 1128 
f 3598 3638 184 
f 2183 184 3638 
f 2425 1367 2420 
f 525 673 3011 
f 325 3011 673 
f 2735 2690 1413 
f 2393 1413 2690 
f 2757 3483 1880 
f 3184 464 2885 
f 2407 2742 1107 
f 1710 2972 2312 
f 2245 830 1270 
f 488 931 3640 
f 2777 2896 812 
f 1598 595 968 
f 947 2696 2490 
f 3672 3219 1766 
f 2465 3552 415 
f 2953 415 3552 
f 2627 3642 3641 
f 3293 3641 3642 
f 2888 3429 3643 
f 3864 3643 3429 
f 1901 1815 3173 
f 509 946 1335 
f 2262 1355 2993 
f 3618 663 1713 
f 3937 3541 36 
f 1981 36 3541 
f 1996 1451 287 
f 2698 3147 18 
f 510 3523 1735 
f 521 1822 549 
f 3459 549 1822 
f 2640 3428 1485 
f 3675 1485 3428 
f 3519 2009 3490 
f 2084 3435 401 
f 211 2296 1357 
f 2469 2911 2863 
f 759 2863 2911 
f 3105 3645 3631 
f 2642 3631 3645 
f 2099 2889 3131 
f 2838 3195 179 
f 1763 1385 2168 
f 3512 3646 3573 
f 3908 3028 1334 
f 3687 1255 2789 
f 3289 2789 1255 
f 2034 3619 3335 
f 2827 3335 3619 
f 3339 2265 2509 
f 799 2509 2265 
f 3162 3647 3159 
f 3568 3120 752 
f 3125 269 2007 
f 1551 2007 269 
f 3754 1036 3556 
f 1799 2607 2895 
f 3699 3648 1049 
f 2008 3439 843 
f 567 33 3204 
f 2867 3204 33 
f 3196 3649 374 
f 3959 2683 1620 
f 2229 2884 2438 
f 3555 2438 2884 
f 2518 3650 3196 
f 1978 3304 3602 
f 673 525 14 
f 2311 2472 3514 
f 2791 3514 2472 
f 3480 3494 3231 
f 1260 3651 1414 
f 1213 1536 2567 
f 908 3653 3652 
f 1054 3652 3653 
f 3972 3654 3208 
f 1663 3208 3654 
f 2830 2439 733 
f 2763 3655 2064 
f 2679 2064 3655 
f 3362 2794 3656 
f 777 3657 1472 
f 789 1472 3657 
f 3820 3658 2284 
f 3929 3527 1718 
f 2954 474 466 
f 2594 466 474 
f 3710 3660 3389 
f 3632 1669 3661 
f 3086 3661 1669 
f 1515 349 1426 
f 2803 1592 1585 
f 369 3305 3662 
f 699 3662 3305 
f 862 538 203 
f 3281 203 538 
f 1091 1382 1007 
f 3849 1007 1382 
f 2304 2262 2993 
f 2046 3663 171 
f 1902 171 3663 
f 3310 2597 2971 
f 1201 2971 2597 
f 1443 3014 234 
f 544 3187 3664 
f 2234 2759 3665 
f 3294 3665 2759 
f 63 3666 1345 
f 3761 3667 1714 
f 2924 1573 2501 
f 2816 2167 934 
f 1964 3668 2893 
f 1120 2486 3308 
f 2306 44 3253 
f 1254 3669 3023 
f 2097 2207 2349 
f 3879 2349 2207 
f 2266 495 1908 
f 3780 1714 2225 
f 3794 2024 3329 
f 3845 3324 331 
f 388 2524 1177 
f 3598 184 1377 
f 983 2031 2871 
f 2890 1320 1000 
f 2455 1440 3670 
f 2824 2588 2192 
f 3623 2192 2588 
f 3647 3618 3671 
f 3809 3671 3618 
f 3793 3219 3672 
f 306 1233 3608 
f 1087 3673 1633 
f 1982 1633 3673 
f 3950 3630 3674 
f 2641 3674 3630 
f 2208 957 2095 
f 3609 1229 1432 
f 2672 3676 477 
f 2258 2364 2553 
f 2077 2553 2364 
f 1490 2968 3312 
f 3075 3312 2968 
f 3840 3583 1736 
f 729 1736 3583 
f 1243 3677 182 
f 1324 182 3677 
f 3051 2117 3678 
f 2264 3678 2117 
f 2256 2852 2129 
f 1568 2401 2066 
f 1753 3679 3292 
f 3451 3338 3415 
f 997 3415 3338 
f 1839 3680 2250 
f 3602 2449 2951 
f 2548 3681 2569 
f 1420 2569 3681 
f 403 3682 2869 
f 3259 3683 1625 
f 1881 3638 1203 
f 2631 3396 3123 
f 3522 3123 3396 
f 2037 1795 3164 
f 3518 3535 2132 
f 2794 225 418 
f 2961 246 1871 
f 449 2707 2826 
f 3790 3620 3684 
f 3927 3684 3620 
f 986 1782 3685 
f 2370 2242 1099 
f 2987 1099 2242 
f 2624 1212 3686 
f 596 3687 2789 
f 1821 2012 3688 
f 3147 2698 1707 
f 2761 1707 2698 
f 3682 2432 1548 
f 3164 993 1852 
f 801 1852 993 
f 2289 2421 392 
f 3791 1343 1495 
f 1596 3615 626 
f 159 626 3615 
f 570 197 1636 
f 3857 2534 1998 
f 2457 3690 3689 
f 2052 3689 3690 
f 3426 3297 365 
f 3574 2186 3692 
f 25 3692 2186 
f 3104 3693 2705 
f 3950 2705 3693 
f 584 107 2329 
f 224 3169 3431 
f 3702 3431 3169 
f 961 3167 3411 
f 787 3411 3167 
f 2396 3380 1988 
f 3771 3695 3690 
f 2052 3690 3695 
f 1439 31 2734 
f 1785 3487 567 
f 2942 2403 3696 
f 1191 3696 2403 
f 1519 1905 721 
f 3709 721 1905 
f 3603 794 3697 
f 3402 3697 794 
f 2148 1106 2453 
f 3035 1556 3698 
f 1041 2855 3595 
f 2668 2046 3088 
f 3822 2714 2589 
f 2696 2202 2267 
f 3265 1799 2895 
f 2074 3444 3345 
f 962 3345 3444 
f 3458 3700 2353 
f 955 2353 3700 
f 3204 2867 3701 
f 206 3701 2867 
f 2309 2429 1589 
f 481 1052 711 
f 1487 711 1052 
f 2213 3431 3702 
f 650 2123 3556 
f 3894 3286 643 
f 1242 643 3286 
f 2809 3162 3159 
f 2399 3367 2100 
f 2886 3704 3703 
f 1810 3703 3704 
f 341 3705 3557 
f 1210 1184 3314 
f 1825 9 849 
f 3593 3706 3279 
f 3881 2246 273 
f 202 3281 1702 
f 1703 893 1882 
f 2982 1882 893 
f 2274 3707 1872 
f 1728 2721 1065 
f 3864 3429 1643 
f 3558 2599 3244 
f 1491 1898 2111 
f 2883 2368 2571 
f 116 2571 2368 
f 1219 3422 3041 
f 1880 2215 2278 
f 561 51 256 
f 3275 721 3709 
f 3735 3353 3375 
f 3573 3498 628 
f 181 3660 3710 
f 2773 3664 2536 
f 1977 97 1604 
f 916 3711 2175 
f 1347 2021 3712 
f 2532 3712 2021 
f 510 1735 2378 
f 2848 1200 3600 
f 3901 3615 1302 
f 2127 3130 1418 
f 3878 1418 3130 
f 1724 2053 1404 
f 168 1977 1604 
f 3817 3420 442 
f 1290 840 3713 
f 1377 3713 840 
f 2427 3476 611 
f 3744 3268 2112 
f 2347 3250 3714 
f 1166 2275 829 
f 3807 829 2275 
f 3725 516 1741 
f 219 1578 3715 
f 1649 3717 3716 
f 1059 3716 3717 
f 2471 1936 885 
f 934 2069 823 
f 986 3719 3718 
f 174 3718 3719 
f 3905 121 924 
f 430 1217 2933 
f 1854 2933 1217 
f 3373 126 2410 
f 477 3325 1758 
f 300 2688 3544 
f 3136 3578 1957 
f 2569 3721 2548 
f 2788 2548 3721 
f 1469 915 504 
f 258 1510 2530 
f 681 226 3722 
f 1336 3723 3605 
f 3694 3605 3723 
f 2769 2154 3724 
f 3636 3724 2154 
f 2563 2082 3725 
f 1545 1999 2854 
f 1740 3726 2840 
f 3466 2840 3726 
f 1342 3727 3218 
f 873 3218 3727 
f 635 1037 2576 
f 1783 3438 2476 
f 2856 2561 575 
f 2689 3728 1658 
f 2455 2694 368 
f 3803 2207 2097 
f 986 3718 3596 
f 3226 3596 3718 
f 2607 822 3729 
f 3511 3632 3661 
f 2807 2290 2758 
f 1978 649 3304 
f 2260 3730 2190 
f 188 2767 535 
f 3628 554 2076 
f 1801 495 2266 
f 2649 1606 1895 
f 2549 3103 3585 
f 1053 3678 3731 
f 2264 3731 3678 
f 2084 1668 3732 
f 1492 3732 1668 
f 412 2315 2549 
f 2043 3029 1554 
f 3661 1228 2985 
f 3127 1580 211 
f 2723 211 1580 
f 894 3734 3013 
f 756 3013 3734 
f 1964 1738 3668 
f 3933 914 3122 
f 1501 1799 2978 
f 1753 3292 2452 
f 635 1378 3257 
f 3768 3735 2676 
f 3295 2676 3735 
f 242 1607 2648 
f 2545 3395 3736 
f 3808 3736 3395 
f 3526 3737 1129 
f 1636 280 2254 
f 628 3610 3512 
f 2365 3512 3610 
f 598 2905 636 
f 220 791 1673 
f 1749 3156 3614 
f 18 3614 3156 
f 1851 20 3301 
f 3919 3740 2319 
f 1493 2171 3670 
f 3334 1447 1503 
f 3838 3551 1105 
f 3775 652 2677 
f 3249 3489 555 
f 3895 287 3741 
f 1842 608 2243 
f 3419 768 3474 
f 3232 3369 3742 
f 3351 3742 3369 
f 2179 1223 3367 
f 2828 3367 1223 
f 764 506 2028 
f 341 1751 2252 
f 3775 2252 1751 
f 1944 1747 2406 
f 2580 2406 1747 
f 3394 2815 3743 
f 88 3610 628 
f 3846 1175 3245 
f 2960 1910 2623 
f 3995 2623 1910 
f 980 2733 3274 
f 2485 2640 1485 
f 2557 749 3399 
f 999 3508 3745 
f 3477 3052 1827 
f 1940 2679 3655 
f 3456 2377 665 
f 3343 3526 1129 
f 3527 3746 2905 
f 3106 749 1540 
f 3744 216 393 
f 3599 393 216 
f 1541 2646 3747 
f 2277 305 1884 
f 730 2320 3740 
f 3347 464 3184 
f 3161 3002 3455 
f 3609 1432 305 
f 3821 3748 3441 
f 1794 3441 3748 
f 173 3749 776 
f 2163 2028 1136 
f 2586 828 2012 
f 2680 3550 2505 
f 3438 2510 3708 
f 3498 3708 2510 
f 3155 3601 3506 
f 3225 2921 1351 
f 3760 973 871 
f 3840 1736 3478 
f 410 3478 1736 
f 2862 2680 3096 
f 2833 2746 1060 
f 1329 1060 2746 
f 3201 3428 844 
f 1704 3654 2056 
f 3948 3751 960 
f 3914 3752 210 
f 3912 210 3752 
f 474 1623 2594 
f 3674 2348 813 
f 1193 2812 1644 
f 3097 2961 3190 
f 1871 3190 2961 
f 3192 2174 245 
f 3522 3396 2327 
f 3230 1030 13 
f 3293 3753 648 
f 3418 648 3753 
f 1076 1035 3754 
f 2198 3755 3173 
f 3243 486 3739 
f 3799 3739 486 
f 2807 2758 2281 
f 3825 2281 2758 
f 3321 1407 1952 
f 353 3343 3756 
f 2255 2039 3009 
f 1566 3305 369 
f 2587 1980 1699 
f 2391 1699 1980 
f 3321 2381 1267 
f 3570 693 1123 
f 2981 3398 2959 
f 3301 3366 79 
f 1002 3757 2682 
f 370 3591 2503 
f 2141 2503 3591 
f 3906 3001 136 
f 475 2513 1624 
f 3930 1624 2513 
f 1784 3758 566 
f 3815 566 3758 
f 3882 3759 3733 
f 1890 3733 3759 
f 1292 3385 3064 
f 195 2196 3152 
f 23 3152 2196 
f 3704 2391 1810 
f 3984 973 3760 
f 3644 3277 1964 
f 3564 2935 3451 
f 3214 3260 3763 
f 3484 3763 3260 
f 3831 2707 267 
f 94 1538 3443 
f 1271 3764 2669 
f 2717 2669 3764 
f 2732 3765 3068 
f 3938 3319 641 
f 3792 2764 1483 
f 2871 548 754 
f 1708 1541 2928 
f 2824 1954 2588 
f 3327 2005 1419 
f 3578 40 3766 
f 1989 3766 40 
f 3229 3767 3584 
f 3238 3584 3767 
f 3401 113 2831 
f 3004 2201 947 
f 1124 941 3091 
f 3963 3769 3408 
f 2167 3408 3769 
f 3997 440 3327 
f 2005 3327 440 
f 2176 2487 2504 
f 845 1693 2875 
f 1102 1498 951 
f 979 1880 2205 
f 2486 2933 2941 
f 3818 303 3502 
f 3806 3235 1250 
f 3952 357 976 
f 2661 2059 632 
f 1267 2566 3321 
f 2135 3246 187 
f 537 3283 3770 
f 2748 3770 3283 
f 2398 2500 975 
f 2457 3771 3690 
f 575 1506 2856 
f 3368 3772 199 
f 1101 199 3772 
f 1132 2337 3773 
f 1366 3773 2337 
f 2861 3774 965 
f 3821 965 3774 
f 319 582 2949 
f 3598 1202 3638 
f 149 3666 1581 
f 63 1581 3666 
f 1395 1379 3391 
f 2894 2252 3775 
f 3469 3776 586 
f 786 586 3776 
f 3910 3777 2802 
f 1628 2802 3777 
f 2524 3779 3778 
f 2355 3778 3779 
f 1395 3391 2187 
f 3131 3715 2099 
f 2331 3256 2659 
f 2684 2659 3256 
f 1639 2307 3621 
f 3667 3621 2307 
f 1166 927 3707 
f 1790 3780 1856 
f 2900 3662 699 
f 3659 3781 1425 
f 1889 1425 3781 
f 2765 2889 2099 
f 3469 3087 3776 
f 1610 3776 3087 
f 2057 2600 2000 
f 3594 1502 2116 
f 2927 2730 1744 
f 3764 3783 3782 
f 3265 3782 3783 
f 1694 3784 3701 
f 685 3701 3784 
f 3482 759 3422 
f 3106 602 3144 
f 920 1456 3726 
f 504 666 3785 
f 2199 3785 666 
f 2331 3786 862 
f 1756 113 3401 
f 2864 2333 3139 
f 3167 116 787 
f 3950 3674 2704 
f 2014 2827 3613 
f 3619 3613 2827 
f 1074 3694 3723 
f 3472 3524 3787 
f 2543 3787 3524 
f 3804 2489 3241 
f 1697 3789 3788 
f 956 3788 3789 
f 2543 2866 3787 
f 1165 1477 2417 
f 1364 2417 1477 
f 209 2679 1940 
f 1554 100 1055 
f 1944 2406 3081 
f 2790 1207 1012 
f 2805 2990 403 
f 1864 637 2906 
f 2080 2988 3041 
f 1825 849 2712 
f 1215 2671 3571 
f 2881 3571 2671 
f 3828 788 1546 
f 2654 836 2380 
f 568 2380 836 
f 3635 456 3501 
f 3179 3501 456 
f 1820 3221 1025 
f 1441 604 1493 
f 2763 969 3655 
f 3670 1441 1493 
f 3703 1811 3794 
f 6 3794 1811 
f 1435 3760 870 
f 636 441 597 
f 3967 1056 35 
f 2432 3682 743 
f 2918 3051 3678 
f 1904 2101 511 
f 472 1210 3314 
f 1076 3796 1035 
f 3892 1035 3796 
f 2917 2896 2777 
f 2343 2136 3538 
f 1919 3496 3797 
f 291 3797 3496 
f 2367 2575 480 
f 2056 3727 3521 
f 431 2201 2223 
f 3004 2223 2201 
f 478 54 2541 
f 2274 3294 3126 
f 3255 655 2323 
f 3831 541 3798 
f 2957 86 3799 
f 3315 3799 86 
f 3820 2898 3658 
f 2627 3800 3642 
f 3837 3642 3800 
f 1396 468 1865 
f 3897 3801 763 
f 3724 3640 2769 
f 382 3760 1435 
f 535 119 2517 
f 1886 509 1729 
f 2781 1288 3100 
f 3732 3138 2694 
f 3691 3802 3577 
f 3263 3577 3802 
f 3962 478 2541 
f 794 3804 3402 
f 1786 496 3805 
f 2800 3460 3340 
f 1655 3358 989 
f 3679 989 3358 
f 1595 3806 312 
f 3143 312 3806 
f 89 829 3807 
f 3366 2914 1300 
f 903 2262 2304 
f 3457 2197 101 
f 2438 3555 2121 
f 2392 2842 3452 
f 1311 3719 987 
f 2118 81 3472 
f 3099 1091 2147 
f 2320 3027 2708 
f 3835 3736 3808 
f 3671 3809 918 
f 284 3811 3810 
f 1653 3810 3811 
f 3251 3110 1330 
f 777 1960 3657 
f 1529 3317 2916 
f 1180 2916 3317 
f 3369 61 3351 
f 3621 1796 1639 
f 729 2379 1736 
f 3293 648 3641 
f 2021 1020 2532 
f 3988 3499 3813 
f 1469 3814 915 
f 3711 915 3814 
f 1496 2591 2915 
f 1239 2915 2591 
f 2020 147 3633 
f 307 3815 1773 
f 2293 1773 3815 
f 653 3157 1814 
f 301 793 3603 
f 1478 842 2191 
f 2796 2191 842 
f 3850 3811 3049 
f 3466 3726 1457 
f 3873 3056 1560 
f 2195 2125 2891 
f 73 1613 3816 
f 3990 1433 1230 
f 3830 3817 913 
f 3962 2541 2666 
f 1387 3537 3165 
f 1018 3165 3537 
f 3972 3207 3174 
f 303 3818 727 
f 3927 2898 3820 
f 1649 3716 2451 
f 1058 3748 3821 
f 1726 2714 3822 
f 1232 3823 3609 
f 1229 3609 3823 
f 2691 1499 2940 
f 1358 3303 2189 
f 1415 2189 3303 
f 2301 2771 286 
f 3135 929 3824 
f 3984 3760 979 
f 1312 987 2129 
f 739 3825 2520 
f 3899 2520 3825 
f 3935 3138 389 
f 1492 389 3138 
f 3980 3826 309 
f 2478 3371 2352 
f 1517 3458 185 
f 1932 185 3458 
f 3973 1649 2271 
f 3539 751 2344 
f 3534 322 1130 
f 375 1418 2237 
f 2906 3746 3829 
f 3503 3829 3746 
f 3648 3699 361 
f 1956 3830 913 
f 206 1428 2593 
f 1732 3832 2873 
f 2251 381 3833 
f 341 2252 1723 
f 137 3834 71 
f 2384 3660 181 
f 2080 276 2988 
f 3007 2988 276 
f 3426 365 1323 
f 2512 1323 365 
f 3722 227 3675 
f 3634 2634 3360 
f 3145 3695 3500 
f 3771 3500 3695 
f 1803 2841 2294 
f 2388 3771 2456 
f 1351 860 1179 
f 1760 2718 2404 
f 1991 2544 3835 
f 3736 3835 2544 
f 2152 2097 2349 
f 3859 2430 1514 
f 746 3836 135 
f 1704 1663 3654 
f 764 3421 506 
f 1875 481 711 
f 1032 1460 3688 
f 3665 3294 3072 
f 2830 1819 2439 
f 3916 613 1724 
f 1099 2987 1860 
f 901 46 348 
f 2013 348 46 
f 2492 2431 1896 
f 107 584 2479 
f 888 2852 2188 
f 2307 1715 3667 
f 3639 2713 3454 
f 2715 3551 3838 
f 2591 1153 3839 
f 2849 1912 2408 
f 3918 2015 1468 
f 3814 1468 2015 
f 482 3306 2330 
f 3438 1310 2510 
f 143 3365 3487 
f 1792 271 3756 
f 3863 3756 271 
f 865 2823 1920 
f 730 3740 3842 
f 3919 3842 3740 
f 2481 3843 2270 
f 2868 3844 3052 
f 77 3038 1040 
f 792 229 3818 
f 3679 2792 3563 
f 3489 3300 3382 
f 3961 728 2845 
f 926 2248 1008 
f 3245 1268 3846 
f 3024 3846 1268 
f 757 553 445 
f 3914 1356 1341 
f 442 1582 3817 
f 912 3817 1582 
f 1299 265 1900 
f 1978 1848 649 
f 1275 200 3847 
f 2329 3306 3848 
f 745 3849 2955 
f 4 1671 3116 
f 859 3116 1671 
f 892 1850 1097 
f 3336 3689 973 
f 2051 973 3689 
f 3355 2395 2804 
f 2860 3203 3272 
f 2221 1859 10 
f 2813 1930 2953 
f 3403 719 3276 
f 3270 3276 719 
f 1283 938 2965 
f 3874 1876 3202 
f 3588 1899 1465 
f 3884 2900 3008 
f 686 3811 3850 
f 2591 3839 1239 
f 3859 1514 1870 
f 2365 1482 3512 
f 3843 2481 2394 
f 3134 237 688 
f 1686 2359 1461 
f 1165 2395 1477 
f 3523 510 1887 
f 3791 1011 1342 
f 2631 3851 3396 
f 682 2409 3199 
f 127 3199 2409 
f 1774 3517 2231 
f 3810 3310 283 
f 2586 2012 1821 
f 431 2223 2731 
f 1347 3852 1263 
f 2112 706 2912 
f 2743 3853 1829 
f 2805 403 1411 
f 3930 2750 1624 
f 1014 2662 3646 
f 647 3627 92 
f 3677 1244 2872 
f 3909 2643 2466 
f 3802 3854 3263 
f 517 3725 2081 
f 3533 530 3566 
f 2138 3566 530 
f 1983 3673 1525 
f 1410 1525 3673 
f 456 3080 3179 
f 687 3179 3080 
f 3037 1711 1778 
f 3477 1662 3036 
f 2462 859 1671 
f 1755 3652 2360 
f 504 3785 1469 
f 2450 635 3257 
f 2572 2902 967 
f 3864 3721 2569 
f 2604 2625 1856 
f 1387 3165 3856 
f 1449 226 1929 
f 1431 1929 226 
f 1767 1360 1959 
f 3481 2085 3055 
f 3284 2245 835 
f 554 3628 3122 
f 298 3859 3169 
f 3702 3169 3859 
f 3419 3830 1955 
f 73 3860 1613 
f 2629 1613 3860 
f 3911 3125 521 
f 393 3268 3744 
f 3415 3564 3451 
f 1663 1704 3070 
f 1746 3861 3562 
f 1742 1679 2693 
f 3914 1341 1571 
f 2009 1465 866 
f 2458 3461 2155 
f 2054 2155 3461 
f 1694 3575 3784 
f 2047 3784 3575 
f 1074 781 3694 
f 1919 3797 3313 
f 3977 3313 3797 
f 465 3862 2885 
f 2285 1172 642 
f 1371 3563 2791 
f 1801 2909 2768 
f 2453 2992 1097 
f 3915 3485 3529 
f 2838 3649 3195 
f 3273 3863 2059 
f 2025 1949 132 
f 461 3210 3112 
f 3721 3864 1643 
f 709 3307 3495 
f 1793 2687 20 
f 2945 1859 3622 
f 1938 3622 1859 
f 971 2559 3493 
f 2259 130 2535 
f 2872 3832 1176 
f 252 1176 3832 
f 1059 1794 3748 
f 3972 3865 166 
f 1394 3866 1567 
f 3931 1567 3866 
f 3606 3002 2809 
f 3162 2809 3002 
f 3063 52 1475 
f 3698 2402 333 
f 975 3580 2398 
f 771 68 3867 
f 3155 3506 2699 
f 325 2078 3011 
f 3540 1564 1553 
f 3448 2013 46 
f 2276 2725 3258 
f 3146 3258 2725 
f 1911 3612 2726 
f 885 3868 2471 
f 2634 1763 878 
f 2691 2940 3869 
f 2991 3869 2940 
f 3969 1174 3589 
f 1489 139 59 
f 3033 126 3373 
f 1824 3870 67 
f 2878 300 3252 
f 3501 3850 3049 
f 3460 3871 1069 
f 3141 1069 3871 
f 3692 3872 988 
f 3926 1280 3066 
f 3937 36 1056 
f 544 3664 3874 
f 2772 3874 3664 
f 1861 473 2427 
f 3476 2427 473 
f 2659 3786 2331 
f 2075 2926 980 
f 3483 2757 2434 
f 175 2745 908 
f 3346 2741 379 
f 3467 834 3861 
f 1730 3861 834 
f 3989 3278 2314 
f 2243 2745 1842 
f 627 1659 3269 
f 1650 868 623 
f 3040 3868 3876 
f 1777 3876 3868 
f 1195 2257 2609 
f 2863 759 3482 
f 3238 968 594 
f 1666 3372 3877 
f 2555 164 2301 
f 3875 3394 2544 
f 3904 1719 676 
f 1387 3170 1482 
f 3352 2055 3461 
f 3949 3790 3878 
f 3684 3878 3790 
f 3043 998 3879 
f 688 455 2697 
f 3443 1287 3880 
f 1916 3076 3553 
f 1144 3413 1122 
f 1185 2574 2766 
f 3567 2158 3414 
f 1903 3414 2158 
f 2787 3233 3017 
f 2996 3788 955 
f 3943 275 1961 
f 1313 2995 1412 
f 3893 1412 2995 
f 1065 2091 3318 
f 2399 3212 2474 
f 2420 452 2550 
f 3934 2384 181 
f 3021 3254 1697 
f 161 2424 2531 
f 3870 2685 66 
f 2822 66 2685 
f 1770 3612 3883 
f 1911 3883 3612 
f 1267 3884 2566 
f 3008 2566 3884 
f 701 319 3363 
f 2949 3363 319 
f 3997 1187 440 
f 3501 3179 3850 
f 3828 1546 1238 
f 253 2001 3206 
f 2914 3366 3301 
f 882 2388 1224 
f 1515 1426 1986 
f 2309 532 1722 
f 3083 1122 875 
f 1447 3334 1869 
f 3419 1869 3334 
f 714 3597 2967 
f 1552 2967 3597 
f 2918 3678 1053 
f 3732 1492 3138 
f 2275 3885 3807 
f 3542 3807 3885 
f 1408 3087 3469 
f 3148 733 1041 
f 3998 1015 3764 
f 2878 3113 2993 
f 2304 2993 3113 
f 3998 354 1015 
f 1605 3681 3185 
f 3889 3185 3681 
f 625 3281 538 
f 2456 2828 2388 
f 2345 1888 3781 
f 1686 2961 3097 
f 3970 2925 24 
f 3990 2408 3427 
f 2474 3330 285 
f 3924 961 3411 
f 3090 992 3886 
f 1070 552 3757 
f 2114 3076 3516 
f 2573 330 177 
f 1261 3887 1576 
f 3462 2672 476 
f 2878 3888 300 
f 2688 300 3888 
f 1879 3185 3889 
f 3884 1266 3662 
f 369 3662 1266 
f 1550 2088 258 
f 3198 555 3488 
f 3795 467 745 
f 2446 3039 1259 
f 3876 1259 3039 
f 476 3296 2150 
f 3838 1106 2969 
f 3822 1925 1726 
f 1595 3235 3806 
f 2952 3472 3787 
f 1046 3890 2756 
f 1660 2756 3890 
f 3332 2478 2352 
f 3940 3380 2396 
f 3860 312 3143 
f 3376 3353 2027 
f 1264 1197 3891 
f 3440 1467 1134 
f 1475 3161 3455 
f 3593 1204 3706 
f 3924 3411 1256 
f 2208 674 957 
f 2355 1967 360 
f 3175 360 1967 
f 508 3892 1196 
f 3796 1196 3892 
f 3681 2548 3889 
f 1654 3872 362 
f 3627 3418 1085 
f 2389 228 153 
f 3359 2634 3738 
f 1507 2086 2193 
f 3938 641 2151 
f 832 3600 2437 
f 2671 3528 2109 
f 3649 2838 3894 
f 3005 2553 2470 
f 540 1264 3891 
f 2806 3302 2514 
f 1331 3022 3669 
f 2005 637 1442 
f 2540 3637 1437 
f 288 3895 3128 
f 2793 545 3656 
f 3471 1804 1453 
f 2521 1453 1804 
f 1786 3774 2861 
f 3394 3743 905 
f 2970 905 3743 
f 763 3180 3897 
f 1998 3393 3607 
f 2882 3607 3393 
f 2928 3841 1708 
f 3287 2666 1437 
f 2234 959 3016 
f 1768 192 2533 
f 3413 2533 192 
f 359 3175 1141 
f 3054 1670 4 
f 1713 3639 3734 
f 756 3734 3639 
f 3063 3898 524 
f 14 524 3898 
f 2980 3899 1711 
f 1609 130 1993 
f 3290 3048 2944 
f 1557 2357 1316 
f 2699 17 3155 
f 3615 3901 3900 
f 3944 3900 3901 
f 398 122 3902 
f 3183 3902 122 
f 1877 3903 838 
f 453 838 3903 
f 3929 1719 3904 
f 1528 1243 402 
f 3710 402 1243 
f 101 1776 534 
f 2078 2716 3012 
f 3356 3012 2716 
f 1666 2595 2650 
f 3198 3488 3124 
f 151 952 3590 
f 3445 1464 2674 
f 2989 1299 1900 
f 2107 67 2936 
f 1566 3247 3305 
f 2113 3261 3101 
f 243 2563 3499 
f 411 2324 1322 
f 3117 433 3905 
f 3010 3905 433 
f 1313 1412 3484 
f 1270 3484 1412 
f 731 263 2836 
f 595 2644 1279 
f 894 3013 2982 
f 663 3161 1475 
f 308 566 3815 
f 3948 1218 3751 
f 2497 3529 2953 
f 3507 1190 3745 
f 912 1005 2780 
f 809 3890 2203 
f 63 1345 3279 
f 2570 532 2342 
f 855 2035 3390 
f 682 3390 2035 
f 1393 3376 2027 
f 1440 2455 939 
f 3771 2388 3500 
f 2636 1089 3824 
f 3773 1366 2340 
f 2133 3563 1371 
f 1352 1583 443 
f 1237 2194 232 
f 503 232 2194 
f 3440 1794 3907 
f 887 3062 3003 
f 2694 2085 3732 
f 573 3361 45 
f 1749 3384 3156 
f 2430 3859 298 
f 3374 201 1637 
f 1276 1637 201 
f 2093 20 1851 
f 64 3910 3909 
f 2802 3909 3910 
f 3758 2293 3815 
f 2006 1215 3571 
f 1339 2600 323 
f 2777 812 1110 
f 3714 1110 812 
f 1893 2478 3332 
f 3719 1311 420 
f 1946 3242 159 
f 3647 3162 3618 
f 3164 320 993 
f 3872 3692 25 
f 314 1359 3730 
f 775 2124 2312 
f 1710 2312 2124 
f 3078 364 1599 
f 1117 3810 1653 
f 2689 1658 2579 
f 3587 2579 1658 
f 3752 2316 3912 
f 1657 3792 2701 
f 655 3255 12 
f 3092 2578 1083 
f 2473 2233 737 
f 1383 2775 3258 
f 3248 793 3194 
f 3521 3545 3913 
f 1310 3913 3545 
f 2638 2258 2553 
f 267 1695 3831 
f 541 3831 1695 
f 3338 144 997 
f 2785 3903 1878 
f 3783 3764 1271 
f 2338 712 3433 
f 1858 3752 3914 
f 662 465 990 
f 3759 27 1890 
f 3992 3485 3915 
f 2082 2563 243 
f 3795 234 467 
f 545 467 234 
f 3481 2934 3435 
f 3837 120 3642 
f 4000 1687 2741 
f 1428 206 2867 
f 2799 2200 1521 
f 2955 1419 109 
f 1331 3110 3022 
f 1156 3607 2882 
f 3426 1323 3917 
f 3375 3308 3227 
f 2748 3474 954 
f 3969 718 2375 
f 2747 2375 718 
f 20 2093 1793 
f 2507 2467 1163 
f 1260 1414 3887 
f 449 3887 1414 
f 435 356 59 
f 3862 2587 1698 
f 2585 2060 1544 
f 2155 1544 2060 
f 2528 2408 3424 
f 2489 2753 3240 
f 2828 2456 3335 
f 3832 1732 1665 
f 3974 228 792 
f 824 2419 2523 
f 502 921 2105 
f 3709 1905 1355 
f 1856 1361 2604 
f 3842 3919 3178 
f 3564 3415 2930 
f 1289 3026 1923 
f 1573 2924 2584 
f 1762 2584 2924 
f 2554 1488 2470 
f 3412 3920 1077 
f 3882 876 3759 
f 1102 951 1975 
f 1930 2813 2638 
f 3163 2970 3743 
f 1383 1092 2775 
f 3824 1088 212 
f 2275 1166 3707 
f 2661 633 3646 
f 1698 3704 2886 
f 196 925 317 
f 2157 2374 2963 
f 1571 1858 3914 
f 3884 3662 2900 
f 3967 2298 1056 
f 3588 1622 3019 
f 3244 1975 2546 
f 3941 3921 2919 
f 3526 3781 3659 
f 3182 3043 3879 
f 3517 3922 1495 
f 3791 1495 3922 
f 2903 2279 425 
f 3886 3465 1750 
f 2414 3923 2619 
f 3693 3105 3631 
f 3166 447 129 
f 1363 3478 679 
f 64 2564 3910 
f 4002 3910 2564 
f 3376 3449 3308 
f 1120 3308 3449 
f 2559 3926 3066 
f 2225 804 2999 
f 629 3498 2511 
f 3525 1578 218 
f 1575 3676 2045 
f 1678 2045 3676 
f 2978 1798 1308 
f 3962 2666 1198 
f 3287 1198 2666 
f 2589 1954 3822 
f 3862 465 662 
f 676 2990 3904 
f 3127 211 3912 
f 3943 715 275 
f 921 502 604 
f 1555 3824 212 
f 3980 2839 2819 
f 783 3927 3620 
f 3322 2899 3928 
f 1418 375 2127 
f 3087 1408 3111 
f 836 2655 1231 
f 3549 1231 2655 
f 2760 3015 2238 
f 3295 1759 2676 
f 528 342 2656 
f 3205 774 3755 
f 3785 2199 3378 
f 1966 1737 2720 
f 1066 2720 1737 
f 1315 3699 1049 
f 3026 1539 161 
f 3424 828 2586 
f 1691 2247 858 
f 123 3210 1365 
f 3456 665 389 
f 1768 2533 869 
f 1423 869 2533 
f 3034 1354 3826 
f 3964 1666 3877 
f 726 3634 3360 
f 3020 1731 2086 
f 2540 3931 3637 
f 3348 3637 3931 
f 1312 1843 419 
f 3970 23 2196 
f 3928 3932 3322 
f 3786 2659 3283 
f 342 528 2463 
f 3229 1941 3767 
f 494 696 3370 
f 1252 3370 696 
f 3616 2326 3932 
f 2450 3932 2326 
f 3077 1681 3519 
f 2806 1089 3302 
f 977 3660 2557 
f 2389 153 2354 
f 1452 1147 3383 
f 2879 2162 1136 
f 439 550 2520 
f 3150 405 1090 
f 3486 434 3672 
f 3793 3672 434 
f 3783 1271 3893 
f 850 2966 3388 
f 1494 3388 2966 
f 3404 3365 1644 
f 597 1009 675 
f 3405 2782 2616 
f 3962 1198 985 
f 500 2147 117 
f 363 3275 3709 
f 3843 2393 2106 
f 2178 2106 2393 
f 223 1390 1364 
f 433 3117 3933 
f 926 1166 2146 
f 3216 884 3645 
f 2394 1787 1413 
f 2038 214 1795 
f 2233 2473 1121 
f 431 1121 2473 
f 2651 2732 3067 
f 1424 366 1114 
f 3935 3854 367 
f 3299 367 3854 
f 1233 306 3680 
f 1510 1800 2441 
f 2135 187 3538 
f 3067 3538 187 
f 3919 3065 2436 
f 3503 1809 3829 
f 1864 3829 1809 
f 2675 1793 1986 
f 2937 2376 2244 
f 3863 272 2058 
f 1840 3934 1324 
f 182 1324 3934 
f 2295 3647 3671 
f 3521 3913 1705 
f 1783 1705 3913 
f 2234 3016 2760 
f 3703 3329 2886 
f 944 3737 3071 
f 129 446 1458 
f 910 1384 949 
f 851 3895 2502 
f 3741 2502 3895 
f 1404 2236 1725 
f 2889 2765 1209 
f 3626 3617 2681 
f 2519 180 3650 
f 3195 3650 180 
f 180 3000 803 
f 964 2440 2219 
f 4002 2564 3103 
f 1798 3893 2995 
f 2626 600 295 
f 1804 72 2521 
f 3963 395 924 
f 3905 924 395 
f 2511 620 899 
f 3069 1195 3936 
f 4001 134 1348 
f 2094 1348 134 
f 3587 3934 1840 
f 1687 2407 1107 
f 3847 1803 2294 
f 708 3917 1322 
f 1388 1108 251 
f 2612 3042 3765 
f 3994 1006 3849 
f 1799 1501 2607 
f 822 2607 1501 
f 610 3035 3698 
f 3968 1410 3673 
f 3805 1837 1787 
f 1306 2831 41 
f 3442 3581 800 
f 2509 800 3581 
f 3118 3819 1470 
f 3605 248 1336 
f 2433 1525 1547 
f 1410 1547 1525 
f 3855 1170 2401 
f 3554 62 795 
f 2608 201 3374 
f 2151 848 3938 
f 1558 3812 1285 
f 2958 2803 1585 
f 2047 3575 2614 
f 1766 2428 3486 
f 1023 3486 2428 
f 834 3467 3284 
f 3923 65 2820 
f 1990 2820 65 
f 1832 1058 3821 
f 3099 2383 3430 
f 235 3939 85 
f 3917 708 1241 
f 312 1060 1595 
f 916 2176 3266 
f 2301 286 3330 
f 1220 592 3940 
f 3380 3940 592 
f 35 2587 3862 
f 3653 909 3941 
f 2166 3769 570 
f 1016 2738 785 
f 1622 3588 1274 
f 3238 3767 968 
f 1459 2543 3524 
f 3256 218 2684 
f 1721 1042 2686 
f 3980 2647 3826 
f 1314 2654 3915 
f 2380 3915 2654 
f 3999 3942 1894 
f 2397 3595 3812 
f 1903 3158 3181 
f 400 3181 3158 
f 727 3611 303 
f 1014 2036 2662 
f 1562 2942 3696 
f 3311 1631 3920 
f 2995 3920 1631 
f 813 2347 3714 
f 3079 1109 2477 
f 2717 1386 274 
f 3856 274 1386 
f 184 2183 289 
f 3652 3596 3226 
f 715 3943 815 
f 3985 1936 1142 
f 3145 2808 3695 
f 2052 3695 2808 
f 995 2286 1712 
f 3901 1302 3944 
f 1329 3944 1302 
f 179 3186 436 
f 2938 436 3186 
f 2469 2552 362 
f 2310 879 3882 
f 2661 3273 2059 
f 2865 3139 1447 
f 2218 3403 3942 
f 1895 3942 3403 
f 2561 2856 3279 
f 340 2570 753 
f 543 3874 3202 
f 2141 3946 2503 
f 1379 2503 3946 
f 2296 3468 3657 
f 789 3657 3468 
f 1057 3582 3937 
f 2065 3937 3582 
f 446 3187 544 
f 2301 3330 2555 
f 2033 3483 2434 
f 2126 2397 3812 
f 2739 3801 2515 
f 2539 2515 3801 
f 3569 3082 1374 
f 2072 1297 242 
f 423 3543 483 
f 1765 1589 2428 
f 3594 2017 3040 
f 3868 3040 2017 
f 483 3853 2743 
f 1628 1295 2802 
f 3211 3477 3036 
f 1971 1788 3947 
f 3851 934 823 
f 3267 3814 2015 
f 3834 2795 3129 
f 1796 3621 646 
f 72 1804 2834 
f 3520 3948 2703 
f 2958 2142 671 
f 1767 777 2957 
f 3220 1233 3680 
f 247 3949 3193 
f 3130 3193 3949 
f 1526 1169 2901 
f 2103 1965 3277 
f 2419 2069 2522 
f 3816 1614 1522 
f 3460 2800 3871 
f 1405 3871 2800 
f 6 2363 1294 
f 922 3389 978 
f 2799 1521 3952 
f 1190 3507 338 
f 1873 1557 1316 
f 3873 391 3421 
f 3953 2773 2130 
f 1808 3262 2817 
f 1523 1579 1639 
f 2307 1639 1579 
f 3841 2928 3387 
f 3174 3250 2369 
f 3646 1481 1014 
f 1886 562 256 
f 2195 2891 1240 
f 3570 1240 2891 
f 1479 588 217 
f 2773 3953 3565 
f 3592 1862 3954 
f 198 3877 1004 
f 210 1356 3914 
f 3018 1622 3955 
f 1567 370 1394 
f 402 3710 3389 
f 3135 1378 929 
f 1769 11 2102 
f 297 2157 2964 
f 2273 1075 3323 
f 2672 3462 1677 
f 1690 1155 2075 
f 1254 378 3669 
f 3691 1171 3802 
f 3299 3802 1171 
f 2171 3168 2983 
f 2111 1939 1491 
f 3472 3463 2118 
f 2499 2050 923 
f 1220 3751 1159 
f 798 3643 2328 
f 3864 2328 3643 
f 2253 3956 2033 
f 1802 2333 3957 
f 3940 2396 3031 
f 3265 3893 1798 
f 2431 1700 3237 
f 3674 2641 2348 
f 3625 2348 2641 
f 3958 3559 1350 
f 1534 408 2713 
f 3188 1176 2742 
f 3263 505 3577 
f 3955 1844 2710 
f 3513 2710 1844 
f 2760 2238 221 
f 3700 3458 1517 
f 859 2145 3116 
f 3746 2299 3503 
f 3437 3561 1207 
f 3319 1207 3561 
f 2120 3941 3079 
f 1536 3344 2890 
f 3645 1258 3216 
f 1587 3021 3425 
f 3550 3683 2003 
f 561 239 1484 
f 2674 1011 3791 
f 623 2656 1650 
f 3022 3109 722 
f 1844 3955 1621 
f 2251 1434 2858 
f 3772 970 1101 
f 3932 857 3616 
f 3269 930 3107 
f 1740 2044 3726 
f 3587 2384 3934 
f 3450 3007 715 
f 3900 1946 159 
f 3821 3441 965 
f 1134 965 3441 
f 3569 3180 763 
f 3929 3904 250 
f 3178 2784 3842 
f 669 3842 2784 
f 1610 1304 3776 
f 604 734 921 
f 2821 167 3865 
f 160 832 2437 
f 3594 2770 1502 
f 3347 2286 996 
f 1303 1249 2665 
f 2547 2665 1249 
f 3129 422 3834 
f 3991 3636 1433 
f 1997 288 255 
f 583 3848 1349 
f 2869 1547 1410 
f 3780 2225 2999 
f 2582 1614 2628 
f 3922 3517 1774 
f 3702 3586 2213 
f 1530 2213 3586 
f 3398 3637 3348 
f 1870 3586 3859 
f 3702 3859 3586 
f 2879 790 1227 
f 3386 3147 1707 
f 3323 3754 2272 
f 3556 2272 3754 
f 3176 2218 3942 
f 2319 3065 3919 
f 615 3753 3293 
f 2648 2153 242 
f 3772 3475 1281 
f 1612 288 3128 
f 3189 1494 1641 
f 754 983 2871 
f 1054 3653 2919 
f 3941 2919 3653 
f 3975 3447 3945 
f 3965 3945 3447 
f 3583 2904 729 
f 2844 1907 3504 
f 2090 1396 1865 
f 3102 3866 1770 
f 1394 1770 3866 
f 1996 618 1451 
f 3857 1423 2534 
f 2857 2942 1562 
f 1756 3728 114 
f 2369 3865 3174 
f 3972 3174 3865 
f 3684 3820 1417 
f 3298 2506 438 
f 3361 573 3623 
f 266 3623 573 
f 811 2136 2343 
f 3982 805 3720 
f 1366 698 2949 
f 1280 3475 1618 
f 864 2683 3959 
f 2637 3953 3826 
f 3034 3826 3953 
f 3048 3289 3960 
f 1255 3960 3289 
f 1823 690 932 
f 3063 1475 3455 
f 1917 2613 2652 
f 3765 2652 2613 
f 526 568 3813 
f 3988 3813 568 
f 3856 3536 273 
f 2733 273 3536 
f 1781 2709 3685 
f 634 3223 2415 
f 3611 728 3961 
f 3423 1867 919 
f 2952 2414 2619 
f 2691 3869 2645 
f 2290 3160 1984 
f 3953 2130 3034 
f 2642 3645 2950 
f 2060 2458 2155 
f 3902 1611 1757 
f 2683 865 1002 
f 2216 3440 3907 
f 198 3558 3964 
f 281 3964 3558 
f 3296 476 1759 
f 3557 3880 359 
f 771 3508 999 
f 3479 3410 2019 
f 3632 3511 1524 
f 3285 3927 783 
f 1374 3180 3569 
f 1925 1953 3572 
f 3160 2290 2082 
f 2581 2762 1527 
f 3793 539 3219 
f 1660 808 930 
f 685 2046 2668 
f 3789 782 668 
f 1292 3064 2850 
f 842 2220 2796 
f 1099 1860 2633 
f 2878 2993 3958 
f 3888 2878 3958 
f 3005 2638 2553 
f 3906 137 1409 
f 3181 3316 3897 
f 3958 1349 3888 
f 3299 3763 368 
f 2965 368 3763 
f 2932 464 3491 
f 771 3867 3508 
f 3105 1258 3645 
f 3196 3416 2518 
f 1362 2518 3416 
f 2381 3321 1952 
f 3072 1872 1921 
f 3881 273 2733 
f 2286 3347 3328 
f 1534 2915 408 
f 3273 3756 3863 
f 3952 2411 2799 
f 2420 2550 2425 
f 459 647 92 
f 2325 3666 149 
f 752 2341 3568 
f 2325 148 2870 
f 69 2389 2354 
f 2804 705 1591 
f 2612 3686 3042 
f 3259 3042 3686 
f 712 2338 3397 
f 540 3891 1076 
f 3796 1076 3891 
f 3313 3944 1919 
f 3310 1117 2597 
f 3854 3802 3299 
f 3945 3965 302 
f 329 2748 3283 
f 3245 659 1268 
f 525 3011 1497 
f 2771 3506 1619 
f 1360 1427 564 
f 2815 3875 2289 
f 3557 359 1141 
f 2929 1775 1455 
f 3916 1897 1689 
f 3571 3966 1350 
f 583 1350 3966 
f 2298 3967 1039 
f 661 1039 3967 
f 1087 3968 3673 
f 2490 3579 948 
f 3980 2819 2647 
f 3582 2647 2819 
f 2265 1909 799 
f 506 1367 1319 
f 585 3946 1951 
f 3388 1494 3189 
f 1828 482 2330 
f 3915 3529 1314 
f 258 2530 1550 
f 3237 1550 2530 
f 3417 1169 1526 
f 3530 1063 3505 
f 3683 3550 2680 
f 3163 3743 2516 
f 881 2849 1230 
f 3990 1230 2849 
f 1162 2754 2507 
f 3540 2925 3970 
f 3146 1383 3258 
f 628 3512 3573 
f 3045 466 1429 
f 2593 1429 466 
f 3576 3200 3222 
f 3018 3409 2210 
f 3932 2450 3257 
f 997 2349 3879 
f 203 2931 862 
f 3654 3972 166 
f 3955 2710 3409 
f 3513 296 2710 
f 3907 906 2216 
f 3935 390 3854 
f 3717 3973 1067 
f 2969 2715 3838 
f 2219 3581 3442 
f 2371 3445 3922 
f 2674 3922 3445 
f 2151 145 847 
f 3447 3975 2321 
f 2505 2913 1124 
f 3073 2778 1849 
f 3672 1766 3486 
f 3834 137 2795 
f 520 593 338 
f 1190 338 593 
f 105 2207 3803 
f 2605 1222 3749 
f 2124 3749 1222 
f 1875 2367 481 
f 2768 495 1801 
f 2091 547 2002 
f 324 3976 2635 
f 1388 251 2595 
f 213 622 2922 
f 1823 932 3032 
f 2691 951 1499 
f 1560 2483 3873 
f 3502 792 3818 
f 3457 1563 2197 
f 3993 2197 1563 
f 3153 3094 3421 
f 3381 3975 3945 
f 3735 3375 3295 
f 3227 3295 3375 
f 2445 3977 3149 
f 3085 3149 3977 
f 3553 250 1916 
f 3177 597 675 
f 516 3628 2076 
f 333 610 3698 
f 476 2150 3462 
f 3861 2096 3466 
f 601 1756 3401 
f 3183 1305 3902 
f 3052 3477 2868 
f 3237 2530 3584 
f 1008 1690 2075 
f 3268 2077 1885 
f 1837 3805 491 
f 3681 1352 1420 
f 473 3314 3476 
f 3649 3894 1172 
f 709 47 3307 
f 1962 814 3943 
f 1393 3808 3395 
f 2833 691 2746 
f 3656 3014 2818 
f 2896 846 2704 
f 2042 30 3954 
f 3985 1142 3622 
f 2026 3735 3768 
f 1569 1291 2977 
f 2375 1174 3969 
f 72 2834 3978 
f 3404 3979 826 
f 265 1299 1920 
f 3126 220 3885 
f 1672 3885 220 
f 2163 764 2028 
f 3280 949 2227 
f 56 3051 2918 
f 2716 2711 3356 
f 2592 3356 2711 
f 2351 526 1600 
f 3428 3201 3675 
f 1422 3961 2845 
f 3987 512 853 
f 1146 3721 1643 
f 2841 1803 2560 
f 1036 2405 651 
f 729 3918 2379 
f 1468 2379 3918 
f 1359 314 985 
f 540 818 1264 
f 1665 252 3832 
f 3896 588 3741 
f 3035 3322 1601 
f 2590 2839 3980 
f 3140 78 2574 
f 3531 1309 1086 
f 2199 1086 1309 
f 2329 3848 583 
f 3440 2216 936 
f 3297 3426 3982 
f 3825 2758 2737 
f 3738 2062 1683 
f 3125 3911 269 
f 1517 3425 3700 
f 775 1753 2452 
f 1198 3287 2335 
f 3548 3555 2884 
f 3153 3421 764 
f 857 3932 3928 
f 2400 3324 3845 
f 3769 3963 569 
f 400 3282 3316 
f 3774 1786 2482 
f 2474 883 2179 
f 3835 1140 3515 
f 966 346 2861 
f 1078 577 3889 
f 955 3700 2996 
f 1323 2512 191 
f 1590 2657 2066 
f 2874 2177 1684 
f 2522 935 3057 
f 1835 1291 1569 
f 2283 1868 1703 
f 3423 1703 1868 
f 2247 2145 859 
f 3075 2894 3775 
f 2559 971 3926 
f 2737 3899 3825 
f 2944 3047 2040 
f 3177 675 1719 
f 3998 3764 3782 
f 2641 3497 3625 
f 956 3789 667 
f 2271 3843 2106 
f 999 527 771 
f 3542 89 3807 
f 3450 2988 3007 
f 1556 3035 1601 
f 534 3350 2480 
f 3464 2016 3060 
f 3209 3060 2016 
f 3068 895 3539 
f 2576 3778 360 
f 2355 360 3778 
f 1553 1338 3540 
f 3239 1949 2025 
f 3711 3814 3267 
f 2728 308 3093 
f 534 2468 3350 
f 433 3933 2318 
f 3881 2733 980 
f 3985 3622 1938 
f 3885 2274 3126 
f 2482 1832 3774 
f 3821 3774 1832 
f 2489 3804 3248 
f 793 3248 3804 
f 3940 3031 3751 
f 1733 3985 1937 
f 3999 1894 3971 
f 518 3971 1894 
f 3372 278 1332 
f 1527 2154 2538 
f 2627 3986 614 
f 424 260 2783 
f 986 3596 1782 
f 2892 3644 1964 
f 2927 3058 2435 
f 335 2472 3532 
f 1869 3419 1955 
f 3589 533 194 
f 1864 2906 3829 
f 3618 1713 3809 
f 3734 3809 1713 
f 3684 3927 3820 
f 3401 2831 1306 
f 2776 1179 861 
f 3949 248 3790 
f 1893 3332 2382 
f 3833 382 1435 
f 366 2798 2916 
f 1605 3185 28 
f 3617 3626 387 
f 3761 1597 3667 
f 3006 3267 2015 
f 3886 231 3465 
f 2308 1927 2181 
f 3615 3900 159 
f 2860 3987 3203 
f 3957 3203 3987 
f 781 3831 3798 
f 231 1925 3572 
f 2399 2100 3212 
f 3315 3739 3799 
f 3102 1770 3883 
f 4000 2407 1687 
f 3993 3540 3970 
f 1824 67 3836 
f 3246 3262 2113 
f 3546 3691 3577 
f 3333 1284 3047 
f 3078 3047 1284 
f 1562 3696 2635 
f 324 2635 3696 
f 3874 2772 2496 
f 3921 56 2918 
f 3797 3085 3977 
f 211 2723 2296 
f 2764 3792 3324 
f 684 3758 1785 
f 3852 2107 2973 
f 2936 2973 2107 
f 3641 3986 2627 
f 3737 944 3534 
f 1242 3286 3982 
f 3803 678 105 
f 3409 3018 3955 
f 1773 2293 3088 
f 3527 2299 3746 
f 2845 869 1423 
f 1836 2956 972 
f 3578 3766 1044 
f 3342 1465 2009 
f 3492 709 3495 
f 1900 3288 2989 
f 1847 2989 3288 
f 2715 2969 44 
f 1140 3835 3808 
f 3947 1327 630 
f 1137 1575 2045 
f 2960 2623 2981 
f 3783 3893 3265 
f 561 1484 51 
f 3697 3402 2547 
f 3097 2851 2359 
f 1178 3278 3989 
f 2464 2724 2962 
f 432 1615 3010 
f 1600 2660 2351 
f 889 3697 2611 
f 3575 238 3134 
f 546 1603 3840 
f 3427 3991 3990 
f 1433 3990 3991 
f 3152 1806 416 
f 1476 3410 3479 
f 163 3688 1128 
f 3175 1967 2263 
f 3267 3006 2908 
f 3574 3692 988 
f 3530 3505 1434 
f 3168 2171 501 
f 1805 2217 1606 
f 304 3961 1670 
f 1422 1670 3961 
f 1827 1662 3477 
f 819 3706 1205 
f 1662 1827 3208 
f 3571 2881 3966 
f 3502 1673 792 
f 107 2479 2108 
f 2403 2943 2067 
f 1449 2484 226 
f 3983 1717 2332 
f 2894 3075 2968 
f 1563 3457 99 
f 1247 1016 785 
f 1286 2855 1026 
f 744 143 3487 
f 3947 630 1970 
f 2602 1970 630 
f 3579 3058 1206 
f 2522 3057 3858 
f 3337 994 321 
f 1131 3507 3867 
f 3404 2617 3979 
f 2385 3979 2617 
f 3880 94 3443 
f 2835 262 1392 
f 1875 711 3397 
f 3430 1091 3099 
f 3148 1042 3827 
f 3354 2964 2010 
f 95 3939 3090 
f 235 3090 3939 
f 825 3094 1235 
f 3377 259 2280 
f 2410 2272 3556 
f 3722 3675 3200 
f 2253 1742 3956 
f 1620 3601 3959 
f 3481 3435 2084 
f 3991 3427 3724 
f 3640 3724 3427 
f 3931 3247 3115 
f 3817 3830 3420 
f 372 774 2601 
f 2000 2601 774 
f 2501 2946 3059 
f 3284 830 2245 
f 2316 3752 2411 
f 3669 1084 3992 
f 158 1833 3975 
f 726 950 1384 
f 2504 1473 2176 
f 3992 1331 3669 
f 3879 2207 3182 
f 3306 482 3543 
f 3809 3734 894 
f 3981 3109 3251 
f 666 1086 2199 
f 783 3620 3605 
f 311 3860 3978 
f 73 3978 3860 
f 3883 1911 2960 
f 3048 3960 3333 
f 2422 1630 1729 
f 718 2218 2747 
f 59 1197 435 
f 250 3553 3929 
f 3576 3722 3200 
f 3887 449 2460 
f 2048 2338 3433 
f 3956 3619 2034 
f 777 1767 1960 
f 3062 886 3898 
f 13 3898 886 
f 3470 345 1016 
f 1208 1739 1012 
f 3276 3270 1680 
f 1725 2350 3916 
f 3368 3475 3772 
f 2628 3906 1409 
f 37 3392 3095 
f 3800 596 3837 
f 3781 3343 2345 
f 3442 201 2608 
f 3710 1243 181 
f 1220 3940 3751 
f 2120 3921 3941 
f 2816 3408 2167 
f 3136 40 3578 
f 3262 3246 2135 
f 2579 3587 1727 
f 1805 1606 2649 
f 1992 2735 523 
f 2795 136 39 
f 3038 3582 1057 
f 3849 745 384 
f 2621 3946 585 
f 3812 1558 2126 
f 3341 1549 1157 
f 3973 3717 1649 
f 2280 494 3377 
f 3634 1763 2634 
f 1438 2032 1661 
f 3085 3797 291 
f 1203 1295 1628 
f 3684 1417 3878 
f 2836 2994 3995 
f 2686 3870 1824 
f 1250 3143 3806 
f 3794 3329 3703 
f 3340 292 3957 
f 3938 2044 1740 
f 3473 1844 1681 
f 3336 3984 2206 
f 979 2206 3984 
f 780 3798 784 
f 1737 1966 3668 
f 3547 548 2871 
f 1231 662 990 
f 1695 3626 541 
f 4004 2997 2998 
f 3033 2505 1124 
f 3074 2701 2893 
f 2332 3340 3957 
f 721 3109 3981 
f 1615 615 3293 
f 1254 3023 3960 
f 3562 3924 1256 
f 1160 2464 2556 
f 2962 2556 2464 
f 3778 2576 1038 
f 4003 3996 3406 
f 985 478 3962 
f 3131 2888 1158 
f 3643 1158 2888 
f 2453 1097 2148 
f 3341 2089 1549 
f 3624 1164 2495 
f 646 1597 3159 
f 3810 1117 3310 
f 2174 2750 3930 
f 2846 1305 3183 
f 2748 954 3770 
f 2852 2256 2708 
f 3336 973 3984 
f 2792 3679 1753 
f 1957 3541 1307 
f 1846 2728 3093 
f 3334 1503 854 
f 3264 3998 3782 
f 3849 384 3994 
f 2413 65 3923 
f 900 1927 2308 
f 2146 1167 4 
f 1348 2107 3852 
f 3123 914 2630 
f 1289 1539 3026 
f 511 606 1904 
f 826 3365 3404 
f 293 3999 3971 
f 2385 2617 1892 
f 2620 4000 2741 
f 1923 2023 1289 
f 188 3049 2767 
f 3991 3724 3636 
f 3779 1761 761 
f 3361 2715 44 
f 1975 952 151 
f 2445 3313 3977 
f 2643 3909 2363 
f 838 1471 3819 
f 2980 2173 3899 
f 1847 1028 1397 
f 3712 3976 4001 
f 134 4001 3976 
f 2181 2225 2308 
f 3209 3989 1533 
f 3519 3342 2009 
f 3910 4002 3777 
f 881 3777 4002 
f 2975 1391 1245 
f 3980 309 2590 
f 2162 2879 1227 
f 2465 1160 3552 
f 2260 1168 3730 
f 1131 3867 2354 
f 3737 3534 1130 
f 1848 124 1958 
f 2280 1908 494 
f 2026 3768 1647 
f 2806 3968 1087 
f 1782 1755 2670 
f 2311 2972 2639 
f 2045 1678 1337 
f 2783 3317 424 
f 1476 1399 3410 
f 888 3391 2621 
f 3046 1291 1835 
f 3868 885 1777 
f 2974 2702 3951 
f 1945 3298 438 
f 3497 3132 2140 
f 3627 648 3418 
f 3964 3877 198 
f 3968 2806 1411 
f 74 3816 1522 
f 1802 3957 3987 
f 2776 861 2276 
f 1569 2977 1483 
f 758 3114 2080 
f 647 3986 3641 
f 2525 1761 3779 
f 1218 3948 3520 
f 2560 2073 2841 
f 1050 2985 3320 
f 3407 3996 4003 
f 131 2259 3194 
f 1162 3936 1194 
f 2402 3698 2922 
f 2815 3394 3875 
f 325 673 2208 
f 500 826 2147 
f 16 790 981 
f 3949 3878 3130 
f 2945 1065 3318 
f 2771 2302 3506 
f 2850 3651 1292 
f 3251 1330 1215 
f 3521 1705 2056 
f 2398 2664 2500 
f 475 417 2513 
f 2994 2836 2632 
f 2564 64 2413 
f 3348 3931 3866 
f 400 3316 3181 
f 3718 175 3226 
f 1314 1185 2654 
f 3891 1196 3796 
f 1137 2045 3121 
f 1246 1391 262 
f 942 2373 2818 
f 3756 3273 353 
f 3176 3942 3999 
f 1053 3731 3434 
f 3998 3264 1948 
f 3781 3526 3343 
f 3693 3630 3950 
f 2260 515 1168 
f 3791 3922 2674 
f 3677 3188 1324 
f 423 483 2743 
f 3701 684 3204 
f 2801 3050 2200 
f 1949 3239 1508 
f 880 4002 3103 
f 3527 3929 2299 
f 2117 3844 1815 
f 459 3986 647 
f 3704 1699 2391 
f 1578 3525 407 
f 2196 3993 3970 
f 3992 3915 2380 
f 1692 2917 608 
f 537 3786 3283 
f 1252 3061 1656 
f 1026 3232 3742 
f 524 52 3063 
f 3755 2577 3205 
f 1519 721 3981 
f 1020 2020 158 
f 3896 3741 2673 
f 1775 2929 3436 
f 1181 2523 3858 
f 3833 1434 2251 
f 2680 2862 3683 
f 1777 3216 3876 
f 3920 2995 1313 
f 118 2970 3163 
f 1034 4000 2620 
f 2592 2711 3762 
f 3592 3762 2711 
f 290 3823 2249 
f 3990 2849 2408 
f 3882 3733 2310 
f 3590 3925 379 
f 455 702 3080 
f 2974 3951 1942 
f 2557 3399 977 
f 3333 722 1284 
f 2671 2109 2881 
f 2400 2764 3324 
f 2457 3689 3336 
f 3400 2026 1647 
f 1584 2640 2485 
f 168 3417 1977 
f 2864 3983 2333 
f 3211 3036 272 
f 231 3886 991 
f 2187 3612 1770 
f 1034 2407 4000 
f 3712 2532 3976 
f 1910 1652 3995 
f 3390 682 3199 
f 1657 1588 3750 
f 3297 3982 3720 
f 681 3722 3576 
f 1925 3822 1953 
f 2986 2242 498 
f 1616 526 3813 
f 3209 1533 3060 
f 3490 3077 3519 
f 3285 2898 3927 
f 2353 1258 3105 
f 2464 770 2724 
f 1831 1075 2273 
f 3844 2117 3051 
f 1082 2618 3092 
f 1228 3661 3086 
f 1950 1551 1701 
f 3712 4001 1347 
f 1075 1831 539 
f 889 3603 3697 
f 3634 1385 1763 
f 3423 893 1703 
f 3038 2647 3582 
f 3944 1947 3900 
f 2359 1686 3097 
f 2539 3801 3897 
f 1789 1327 3947 
f 2562 3706 2811 
f 3285 3928 2898 
f 3938 1208 3319 
