#  wavefront obj file written by the visualization toolkit

mtllib liver.mtl

v 156.80799865722656 212.54800415039062 180.27499389648438
v 158.88699340820312 214.1510009765625 185.35800170898438
v 47.19029998779297 139.21200561523438 107.76899719238281
v 45.38999938964844 143.7010040283203 106.23699951171875
v 85.59619903564453 222.43099975585938 223.92799377441406
v 81.02179718017578 225.9969940185547 219.4040069580078
v 74.01589965820312 108.93599700927734 165.21600341796875
v 77.14620208740234 107.73300170898438 170.5800018310547
v 181.43699645996094 190.14300537109375 182.25999450683594
v 180.718994140625 189.60299682617188 185.8280029296875
v 94.69629669189453 219.17599487304688 229.46800231933594
v 102.29100036621094 220.16900634765625 230.4459991455078
v 83.24140167236328 267.2179870605469 125.51100158691406
v 84.19190216064453 264.70001220703125 119.08499908447266
v 136.5019989013672 164.46600341796875 230.79400634765625
v 130.20199584960938 162.73500061035156 233.31900024414062
v 57.03219985961914 118.40399932861328 129.72900390625
v 57.8916015625 119.22100067138672 124.38899993896484
v 121.50700378417969 95.8290023803711 207.01100158691406
v 119.90299987792969 93.27050018310547 203.22000122070312
v 88.56510162353516 88.73799896240234 154.00100708007812
v 85.8843994140625 90.50090026855469 149.91200256347656
v 48.761600494384766 195.30299377441406 172.43299865722656
v 47.23929977416992 191.43699645996094 163.3350067138672
v 190.5240020751953 192.03599548339844 199.72999572753906
v 193.7949981689453 191.85000610351562 201.28900146484375
v 138.906005859375 166.22799682617188 150.08900451660156
v 142.6540069580078 163.968994140625 153.89999389648438
v 135.33299255371094 184.97799682617188 120.46199798583984
v 131.4219970703125 181.44500732421875 124.2750015258789
v 121.97000122070312 271.99200439453125 167.91400146484375
v 128.76800537109375 274.2980041503906 159.38499450683594
v 177.6300048828125 198.24899291992188 166.75599670410156
v 181.2270050048828 192.82200622558594 164.07899475097656
v 111.5270004272461 172.22900390625 239.7239990234375
v 117.66500091552734 165.42799377441406 236.73500061035156
v 152.94400024414062 203.11000061035156 137.0050048828125
v 150.58999633789062 203.92999267578125 138.88699340820312
v 158.50100708007812 217.23699951171875 177.2550048828125
v 160.47900390625 222.0590057373047 179.31300354003906
v 127.375 93.72100067138672 160.49899291992188
v 127.15599822998047 97.59590148925781 162.4080047607422
v 149.60499572753906 149.25599670410156 172.8000030517578
v 153.1179962158203 149.81399536132812 172.8000030517578
v 138.26699829101562 272.0190124511719 137.4459991455078
v 138.0959930419922 266.3280029296875 133.94700622558594
v 220.42100524902344 174.23199462890625 190.8209991455078
v 220.0679931640625 169.91200256347656 190.86300659179688
v 234.6790008544922 159.3560028076172 203.55599975585938
v 235.95199584960938 155.67599487304688 204.27200317382812
v 53.54240036010742 153.08399963378906 183.37899780273438
v 51.663700103759766 155.9550018310547 185.38299560546875
v 154.36900329589844 210.63099670410156 134.95899963378906
v 154.64199829101562 211.1739959716797 137.64599609375
v 65.02279663085938 179.26800537109375 67.47879791259766
v 60.91579818725586 175.5 65.4719009399414
v 87.70449829101562 90.15969848632812 158.64500427246094
v 84.35299682617188 91.83170318603516 153.2969970703125
v 91.92220306396484 235.70399475097656 93.52960205078125
v 95.46739959716797 231.406005859375 95.91699981689453
v 129.42799377441406 118.68499755859375 164.5240020751953
v 129.7689971923828 115.53900146484375 160.91600036621094
v 140.8249969482422 85.72059631347656 149.16400146484375
v 145.41000366210938 80.79109954833984 147.781005859375
v 84.052001953125 164.94900512695312 84.39219665527344
v 84.77159881591797 159.20599365234375 88.16590118408203
v 197.75900268554688 191.6909942626953 197.5540008544922
v 197.10800170898438 187.28799438476562 191.18499755859375
v 103.89299774169922 148.23199462890625 232.34500122070312
v 104.35099792480469 156.4720001220703 236.36099243164062
v 99.98580169677734 88.5602035522461 177.35000610351562
v 95.82150268554688 89.66739654541016 172.41099548339844
v 106.96299743652344 267.5369873046875 114.85399627685547
v 108.55899810791016 270.8810119628906 118.23999786376953
v 121.2229995727539 219.843994140625 227.55099487304688
v 116.66000366210938 214.38400268554688 231.25
v 161.86700439453125 205.1529998779297 211.6999969482422
v 164.00799560546875 202.38499450683594 208.39300537109375
v 53.225399017333984 152.82899475097656 189.96499633789062
v 51.31480026245117 225.4510040283203 148.86500549316406
v 54.309600830078125 231.74099731445312 142.7519989013672
v 161.16299438476562 180.59300231933594 145.50100708007812
v 164.74899291992188 183.40899658203125 141.70799255371094
v 83.5551986694336 242.30599975585938 91.48149871826172
v 86.51689910888672 236.45599365234375 90.40229797363281
v 74.4363021850586 115.29299926757812 194.93600463867188
v 72.35430145263672 117.75 189.2740020751953
v 94.2522964477539 154.781005859375 234.22799682617188
v 92.1050033569336 148.4510040283203 230.06399536132812
v 144.89599609375 230.6179962158203 133.572998046875
v 148.7449951171875 229.51699829101562 138.47900390625
v 62.770599365234375 204.9770050048828 216.8470001220703
v 67.239501953125 204.33900451660156 221.56100463867188
v 59.50379943847656 133.90699768066406 189.6320037841797
v 58.29650115966797 136.62600708007812 187.04600524902344
v 140.10400390625 138.16900634765625 172.79200744628906
v 136.59500122070312 135.33399963378906 172.19700622558594
v 153.3070068359375 199.5709991455078 137.33700561523438
v 144.50799560546875 86.67259979248047 191.218994140625
v 137.1699981689453 89.05380249023438 195.7760009765625
v 54.313201904296875 128.36900329589844 107.38999938964844
v 52.25490188598633 130.44000244140625 109.7509994506836
v 94.5770034790039 172.11399841308594 85.25090026855469
v 99.1436996459961 169.43899536132812 86.91239929199219
v 128.53799438476562 183.4149932861328 112.35299682617188
v 125.2969970703125 179.9320068359375 111.37899780273438
v 50.685001373291016 214.27000427246094 185.2689971923828
v 52.620201110839844 220.97900390625 184.6479949951172
v 58.45389938354492 139.03199768066406 184.40199279785156
v 59.68220138549805 139.6179962158203 180.66799926757812
v 158.5749969482422 196.19900512695312 177.6020050048828
v 159.98800659179688 196.02999877929688 183.54800415039062
v 71.2030029296875 157.02499389648438 82.6011962890625
v 74.83869934082031 153.81300354003906 87.96260070800781
v 158.6699981689453 116.89800262451172 224.8179931640625
v 160.6230010986328 109.2040023803711 224
v 230.88900756835938 154.6009979248047 201.83599853515625
v 178.73599243164062 189.81199645996094 143.7429962158203
v 180.69000244140625 192.6750030517578 148.75
v 129.14300537109375 122.39700317382812 225.04299926757812
v 122.7040023803711 124.7300033569336 224.0760040283203
v 126.29100036621094 212.86700439453125 109.10399627685547
v 130.73800659179688 210.86599731445312 111.27100372314453
v 130.07899475097656 180.72900390625 118.6050033569336
v 196.6230010986328 193.0030059814453 200.3979949951172
v 201.16299438476562 193.843994140625 203.375
v 236.57699584960938 128.12600708007812 213.2259979248047
v 235.5469970703125 124.89399719238281 212.54100036621094
v 151.43800354003906 159.28799438476562 172.4040069580078
v 154.37399291992188 157.3990020751953 172.8000030517578
v 81.38259887695312 107.60299682617188 194.24600219726562
v 78.42449951171875 109.8499984741211 189.68099975585938
v 177.697998046875 165.38299560546875 149.51100158691406
v 174.6009979248047 163.4499969482422 149.9199981689453
v 170.85800170898438 98.7886962890625 219.1479949951172
v 168.4550018310547 104.78099822998047 222.9759979248047
v 228.82699584960938 187.41600036621094 207.75900268554688
v 228.38099670410156 185.38600158691406 209.03599548339844
v 57.69969940185547 159.80999755859375 72.2166976928711
v 53.75979995727539 162.25999450683594 69.04429626464844
v 114.7959976196289 222.2689971923828 228.343994140625
v 106.04900360107422 283.6419982910156 136.36500549316406
v 110.44200134277344 283.864013671875 135.65499877929688
v 130.73399353027344 79.08830261230469 165.91799926757812
v 129.9739990234375 80.21829986572266 160.84800720214844
v 223.22900390625 126.39800262451172 215.4409942626953
v 220.6540069580078 130.4010009765625 215.8249969482422
v 111.7509994506836 154.27099609375 137.0399932861328
v 117.25299835205078 155.93099975585938 135.75900268554688
v 155.64500427246094 216.91400146484375 142.03900146484375
v 154.8350067138672 213.87899780273438 140.5240020751953
v 177.33299255371094 77.64019775390625 174.51499938964844
v 173.7729949951172 80.16419982910156 179.89700317382812
v 189.33099365234375 163.5070037841797 167.1649932861328
v 190.45199584960938 169.01499938964844 170.6750030517578
v 235.64199829101562 169.18899536132812 209.0570068359375
v 234.04100036621094 171.53399658203125 209.38999938964844
v 114.55899810791016 110.44300079345703 214.68800354003906
v 107.8740005493164 115.69599914550781 214.46299743652344
v 80.77749633789062 195.43800354003906 76.9708023071289
v 79.97660064697266 189.83799743652344 76.2698974609375
v 99.95429992675781 112.3030014038086 206.90899658203125
v 97.17960357666016 115.67500305175781 207.8769989013672
v 83.2345962524414 149.8249969482422 227.94200134277344
v 80.51820373535156 144.39599609375 223.76699829101562
v 45.66360092163086 153.78599548339844 112.47899627685547
v 45.48149871826172 163.29400634765625 113.06600189208984
v 146.21200561523438 263.6759948730469 156.4320068359375
v 142.82200622558594 263.2669982910156 161.19500732421875
v 99.70349884033203 106.75299835205078 204.55299377441406
v 114.23200225830078 184.69000244140625 98.0177001953125
v 110.9520034790039 178.21600341796875 97.51809692382812
v 136.82000732421875 81.50769805908203 178.35299682617188
v 133.7239990234375 78.77729797363281 171.46800231933594
v 177.98899841308594 175.02699279785156 212.61599731445312
v 174.8520050048828 170.5749969482422 215.29200744628906
v 71.56670379638672 184.802001953125 230.5989990234375
v 73.6073989868164 191.3509979248047 231.0760040283203
v 134.4709930419922 120.87200164794922 155.77499389648438
v 132.60899353027344 121.89900207519531 160.3699951171875
v 168.77200317382812 183.69700622558594 140.52000427246094
v 180.32899475097656 81.63390350341797 166.6529998779297
v 181.83900451660156 78.818603515625 169.0570068359375
v 154.21099853515625 206.6739959716797 214.7100067138672
v 157.83900451660156 203.2480010986328 214.6540069580078
v 73.7238998413086 136.58999633789062 110.41100311279297
v 67.77429962158203 135.843994140625 104.66300201416016
v 55.06100082397461 128.98500061035156 111.67900085449219
v 92.9740982055664 189.4239959716797 83.36090087890625
v 93.22720336914062 183.72300720214844 83.91200256347656
v 142.8679962158203 216.13999938964844 212.9429931640625
v 142.98599243164062 210.24600219726562 217.47799682617188
v 83.19860076904297 213.5679931640625 82.71510314941406
v 90.3541030883789 212.85000610351562 87.7853012084961
v 154.83299255371094 196.802001953125 138.22999572753906
v 156.3350067138672 196.05799865722656 136.5709991455078
v 45.67890167236328 183.30099487304688 187.0989990234375
v 46.57529830932617 181.64500427246094 184.23800659179688
v 160.92300415039062 191.25900268554688 157.69400024414062
v 159.43499755859375 192.98800659179688 161.2050018310547
v 153.13499450683594 197.41200256347656 158.76699829101562
v 153.62899780273438 200.44700622558594 164.06100463867188
v 180.76699829101562 194.93699645996094 187.16600036621094
v 181.36399841308594 191.23599243164062 188.43099975585938
v 50.1067008972168 168.91799926757812 195.27999877929688
v 49.88869857788086 175.66600036621094 191.875
v 114.91799926757812 158.67100524902344 135.37399291992188
v 112.06400299072266 161.44000244140625 134.6510009765625
v 116.75 258.10699462890625 189.43099975585938
v 123.71900177001953 258.95599365234375 184.468994140625
v 238.26499938964844 139.927001953125 213.45199584960938
v 235.67799377441406 135.48500061035156 214.33299255371094
v 78.48519897460938 100.83200073242188 137.49000549316406
v 74.65589904785156 101.97200012207031 135.98899841308594
v 187.79400634765625 172.5709991455078 211.70599365234375
v 194.4040069580078 169.63099670410156 213.7689971923828
v 178.84800720214844 84.09539794921875 191.625
v 172.5570068359375 83.33899688720703 187.41799926757812
v 123.0009994506836 191.94200134277344 236.64500427246094
v 117.63899993896484 192.95199584960938 239.48300170898438
v 163.16700744628906 168.83399963378906 164.31900024414062
v 159.23699951171875 171.55499267578125 164.21200561523438
v 124.08799743652344 82.59159851074219 177.27499389648438
v 118.67900085449219 83.40409851074219 174.28500366210938
v 143.90899658203125 83.56610107421875 183.406005859375
v 87.5155029296875 218.03799438476562 227.66700744628906
v 90.7345962524414 225.0229949951172 224.5540008544922
v 151.83399963378906 83.97109985351562 185.2010040283203
v 150.17599487304688 199.65199279785156 219.77099609375
v 149.9149932861328 194.20199584960938 223.3990020751953
v 214.375 122.93699645996094 200.09100341796875
v 210.61399841308594 122.45700073242188 197.66799926757812
v 135.13099670410156 212.66299438476562 221.7530059814453
v 128.55799865722656 211.28700256347656 226.9250030517578
v 131.03900146484375 195.05999755859375 154.2480010986328
v 133.13999938964844 194.4770050048828 155.15199279785156
v 155.3979949951172 228.9530029296875 184.5399932861328
v 155.4949951171875 225.6909942626953 190.45700073242188
v 156.4720001220703 207.80599975585938 181.28500366210938
v 156.9290008544922 205.593994140625 187.55999755859375
v 40.599300384521484 151.38499450683594 95.0470962524414
v 40.90570068359375 151.96400451660156 90.76390075683594
v 183.04600524902344 78.41570281982422 173.5780029296875
v 170.03500366210938 195.91799926757812 170.00999450683594
v 171.093994140625 200.3560028076172 171.13800048828125
v 173.86000061035156 180.93800354003906 178.48399353027344
v 173.86300659179688 181.6230010986328 180.0290069580078
v 202.7030029296875 86.7052993774414 196.08299255371094
v 198.9429931640625 84.64759826660156 194.16700744628906
v 228.65499877929688 134.0679931640625 214.6280059814453
v 167.84500122070312 172.70199584960938 171.80799865722656
v 167.4199981689453 171.16099548339844 170.71600341796875
v 168.41600036621094 178.49099731445312 216.343994140625
v 165.47900390625 174.81700134277344 219.8040008544922
v 154.5749969482422 102.53900146484375 220.2830047607422
v 154.8209991455078 105.96499633789062 223.2209930419922
v 46.58250045776367 133.6909942626953 95.2416000366211
v 46.877201080322266 134.98699951171875 100.1760025024414
v 215.89199829101562 137.4720001220703 195.9969940185547
v 212.01699829101562 131.58999633789062 195.28900146484375
v 171.13999938964844 78.10919952392578 155.53599548339844
v 170.75100708007812 75.72309875488281 156.73300170898438
v 114.76599884033203 149.97000122070312 232.60000610351562
v 110.35399627685547 152.52999877929688 234.16700744628906
v 90.30619812011719 206.531005859375 85.31739807128906
v 94.43180084228516 209.72500610351562 89.11509704589844
v 48.41510009765625 201.65699768066406 122.66300201416016
v 49.48789978027344 203.468994140625 109.68399810791016
v 132.74400329589844 254.17799377441406 126.63700103759766
v 137.96099853515625 254.57000732421875 131.63900756835938
v 135.18899536132812 122.28299713134766 157.4980010986328
v 171.4459991455078 197.9510040283203 168.41799926757812
v 173.6479949951172 179.71600341796875 177.77999877929688
v 172.7239990234375 178.6230010986328 177.9320068359375
v 161.39999389648438 169.16700744628906 152.60400390625
v 159.63400268554688 173.41299438476562 151.0290069580078
v 48.9989013671875 210.15699768066406 129.3719940185547
v 48.40719985961914 211.31700134277344 140.55099487304688
v 89.51239776611328 149.4720001220703 115.0459976196289
v 86.9124984741211 146.81199645996094 115.23300170898438
v 136.01800537109375 272.1340026855469 156.92999267578125
v 137.85000610351562 266.3529968261719 162.91200256347656
v 123.7770004272461 261.4469909667969 120.01699829101562
v 128.3820037841797 259.5329895019531 123.4520034790039
v 171.947998046875 205.10000610351562 197.29100036621094
v 173.6840057373047 206.8209991455078 194.58799743652344
v 41.292598724365234 156.74899291992188 99.30390167236328
v 141.6580047607422 270.6449890136719 153.09500122070312
v 91.38150024414062 90.77140045166016 167.3090057373047
v 86.50630187988281 95.1240005493164 167.2729949951172
v 177.0489959716797 105.38099670410156 170.1580047607422
v 181.1179962158203 108.54299926757812 173.82000732421875
v 167.16400146484375 197.73800659179688 206.93600463867188
v 167.0760040283203 195.24200439453125 210.92300415039062
v 82.33550262451172 105.33100128173828 188.1179962158203
v 137.96800231933594 142.96600341796875 227.22500610351562
v 128.54100036621094 138.55499267578125 227.22000122070312
v 171.22999572753906 162.55499267578125 152.8179931640625
v 203.07400512695312 161.3260040283203 180.5540008544922
v 208.80799865722656 157.36000061035156 185.00599670410156
v 125.07099914550781 111.75599670410156 218.9219970703125
v 119.87200164794922 112.97200012207031 217.51699829101562
v 223.27699279785156 152.2469940185547 214.39999389648438
v 212.625 147.5570068359375 216.10499572753906
v 73.21029663085938 124.10299682617188 126.15599822998047
v 73.21420288085938 118.88500213623047 128.95700073242188
v 52.739898681640625 150.59500122070312 198.5760040283203
v 51.58980178833008 157.25999450683594 198.73699951171875
v 224.80299377441406 145.968994140625 200.10499572753906
v 222.52200317382812 142.25999450683594 199.656005859375
v 141.03700256347656 180.2169952392578 160.572998046875
v 137.77200317382812 182.125 157.81199645996094
v 114.58300018310547 99.8270034790039 206.08200073242188
v 116.75399780273438 96.03189849853516 205.2779998779297
v 169.63499450683594 193.68499755859375 158.5780029296875
v 170.2729949951172 193.42100524902344 155.67599487304688
v 137.05799865722656 118.94999694824219 153.0959930419922
v 136.15199279785156 121.81700134277344 152.66600036621094
v 160.01499938964844 229.41700744628906 170.92999267578125
v 160.79600524902344 227.21499633789062 175.81500244140625
v 170.78199768066406 188.71200561523438 137.91400146484375
v 174.33799743652344 189.63999938964844 138.6020050048828
v 104.37200164794922 207.07400512695312 236.656005859375
v 103.70899963378906 214.57699584960938 233.2790069580078
v 172.29299926757812 204.51100158691406 175.5500030517578
v 173.38499450683594 204.24000549316406 174.30099487304688
v 153.24600219726562 102.41100311279297 155.03799438476562
v 158.61700439453125 103.61100006103516 157.85800170898438
v 201.73399353027344 156.28500366210938 178.7779998779297
v 202.218994140625 152.1750030517578 179.14999389648438
v 168.70399475097656 193.35800170898438 162.2790069580078
v 171.92999267578125 196.218994140625 161.88800048828125
v 182.1790008544922 94.24349975585938 216.23300170898438
v 181.9510040283203 97.27169799804688 219.98399353027344
v 166.91099548339844 165.35699462890625 150.6719970703125
v 166.6009979248047 167.7969970703125 148.75100708007812
v 47.7400016784668 185.4530029296875 182.96099853515625
v 47.621299743652344 188.0030059814453 183.2050018310547
v 80.72000122070312 122.96800231933594 134.91600036621094
v 83.84639739990234 124.34700012207031 137.54100036621094
v 178.9040069580078 188.28399658203125 205.18899536132812
v 181.77699279785156 187.32000732421875 204.87399291992188
v 72.58059692382812 235.75999450683594 206.18899536132812
v 79.95999908447266 237.1580047607422 209.85400390625
v 212.6320037841797 90.16059875488281 204.4499969482422
v 207.49000549316406 87.3583984375 201.7530059814453
v 88.10980224609375 143.6320037841797 130.86700439453125
v 87.03450012207031 140.6230010986328 132.3459930419922
v 124.19499969482422 91.470703125 165.58599853515625
v 125.00199890136719 93.26599884033203 164.8470001220703
v 105.01200103759766 190.25100708007812 90.18930053710938
v 107.06900024414062 181.91200256347656 92.68319702148438
v 115.29000091552734 178.1320037841797 102.44000244140625
v 114.16899871826172 172.4949951171875 105.2750015258789
v 148.04400634765625 151.26300048828125 154.906005859375
v 149.41299438476562 149.9290008544922 153.77099609375
v 61.79059982299805 139.09800720214844 203.2899932861328
v 59.16559982299805 135.4550018310547 197.95799255371094
v 71.72789764404297 114.7770004272461 167.2030029296875
v 67.92449951171875 119.7760009765625 161.10899353027344
v 58.26430130004883 240.6540069580078 173.14199829101562
v 57.30350112915039 239.5709991455078 166.6490020751953
v 182.57000732421875 193.3419952392578 196.25999450683594
v 185.08999633789062 192.3209991455078 194.83299255371094
v 179.9499969482422 86.19490051269531 168.38800048828125
v 119.29499816894531 247.9949951171875 201.26400756835938
v 115.6510009765625 245.61399841308594 205.52000427246094
v 67.5010986328125 256.22900390625 170.5189971923828
v 68.71759796142578 261.0159912109375 163.968994140625
v 229.13600158691406 106.6969985961914 213.97500610351562
v 228.3780059814453 104.63200378417969 213.93600463867188
v 44.68230056762695 146.5330047607422 82.25879669189453
v 43.12099838256836 148.20399475097656 84.93669891357422
v 197.2969970703125 98.56780242919922 220.6699981689453
v 196.71499633789062 105.11599731445312 222.6009979248047
v 177.70599365234375 180.47799682617188 181.52000427246094
v 177.73199462890625 179.6230010986328 179.4239959716797
v 87.3936996459961 100.61799621582031 140.6199951171875
v 91.77490234375 97.86609649658203 142.09100341796875
v 165.89599609375 148.0229949951172 223.96099853515625
v 160.38800048828125 156.32699584960938 224.06700134277344
v 50.111900329589844 196.93600463867188 178.7989959716797
v 50.6327018737793 202.82400512695312 177.51800537109375
v 125.1709976196289 100.31199645996094 165.4810028076172
v 127.0530014038086 100.14900207519531 164.27499389648438
v 239.2989959716797 142.94700622558594 209
v 239.07699584960938 138.60499572753906 211.03199768066406
v 110.6259994506836 202.28399658203125 238.3699951171875
v 117.45600128173828 203.8459930419922 236.64300537109375
v 80.10530090332031 142.697998046875 109.94300079345703
v 78.4896011352539 138.6820068359375 115.41600036621094
v 58.07630157470703 135.16799926757812 194.55999755859375
v 58.33399963378906 137.3730010986328 190.98399353027344
v 173.3560028076172 104.34700012207031 167.60000610351562
v 174.4250030517578 110.56999969482422 168.1540069580078
v 119.21800231933594 159.16000366210938 133.9499969482422
v 122.75900268554688 159.66299438476562 134.55999755859375
v 202.91000366210938 127.33999633789062 190.06900024414062
v 200.7530059814453 123.52300262451172 189.44700622558594
v 132.18299865722656 236.87899780273438 123.3740005493164
v 135.13299560546875 232.36700439453125 124.5770034790039
v 81.96649932861328 119.77300262451172 136.697998046875
v 49.24480056762695 179.3209991455078 196.79600524902344
v 49.3213005065918 185.11099243164062 196.42799377441406
v 91.93070220947266 154.77200317382812 96.15119934082031
v 85.61979675292969 152.46200561523438 95.88259887695312
v 60.410099029541016 201.1580047607422 71.47209930419922
v 65.05919647216797 206.1739959716797 71.7948989868164
v 99.98490142822266 228.3489990234375 98.99230194091797
v 100.54900360107422 222.875 98.4636001586914
v 167.79400634765625 104.177001953125 164.44400024414062
v 170.7830047607422 99.66000366210938 165.80799865722656
v 113.68399810791016 272.3299865722656 173.76400756835938
v 181.9510040283203 193.7760009765625 175.8179931640625
v 182.4199981689453 190.1820068359375 179.10299682617188
v 134.85299682617188 201.97799682617188 111.83599853515625
v 132.78799438476562 196.47500610351562 110.27899932861328
v 53.42610168457031 134.3000030517578 99.83390045166016
v 52.6776008605957 132.48500061035156 102.9749984741211
v 86.743896484375 219.3990020751953 87.04010009765625
v 206.40199279785156 184.2570037841797 190.427001953125
v 207.36099243164062 182.0590057373047 189.46099853515625
v 113.04499816894531 184.0590057373047 241.4239959716797
v 105.29199981689453 185.04100036621094 242.97999572753906
v 54.386600494384766 152.00599670410156 178.468994140625
v 54.82419967651367 151.9709930419922 169.71200561523438
v 63.385101318359375 109.67500305175781 137.36099243164062
v 63.81100082397461 112.30599975585938 142.9720001220703
v 94.3324966430664 233.63099670410156 220.13600158691406
v 103.0530014038086 234.02000427246094 220.51699829101562
v 99.82710266113281 258.3680114746094 105.91200256347656
v 105.58100128173828 256.0710144042969 106.76000213623047
v 90.95880126953125 146.39100646972656 134.84300231933594
v 91.71160125732422 144.79200744628906 136.8719940185547
v 213.31500244140625 99.60040283203125 217.07200622558594
v 208.0709991455078 95.5873031616211 217.4290008544922
v 174.85000610351562 76.31710052490234 169.9759979248047
v 174.28799438476562 75.1166000366211 165.58900451660156
v 108.3479995727539 83.2135009765625 171.79400634765625
v 101.75299835205078 85.91500091552734 170.88099670410156
v 154.16299438476562 156.76400756835938 160.83700561523438
v 157.56199645996094 159.51800537109375 159.3350067138672
v 110.48699951171875 259.3789978027344 190.5780029296875
v 106.74800109863281 264.22900390625 185.48699951171875
v 132.2830047607422 152.4459991455078 230.2689971923828
v 127.7760009765625 148.16299438476562 229.27000427246094
v 51.627201080322266 210.58099365234375 104.74700164794922
v 53.95690155029297 212.47900390625 97.05460357666016
v 225.64300537109375 180.66799926757812 209.9290008544922
v 222.24099731445312 177.9810028076172 211.22799682617188
v 54.279300689697266 218.302001953125 104.36699676513672
v 56.916500091552734 225.58799743652344 105.66400146484375
v 138.24899291992188 217.11700439453125 216.52999877929688
v 158.2169952392578 170.61300659179688 173.55499267578125
v 161.18800354003906 172.15699768066406 174.39999389648438
v 143.90899658203125 177.6820068359375 163.2169952392578
v 206.05299377441406 195.2169952392578 204.29800415039062
v 207.9720001220703 194.88699340820312 201.2790069580078
v 126.13600158691406 195.10400390625 156.36900329589844
v 128.86199951171875 195.6060028076172 155.52999877929688
v 102.39800262451172 261.1419982910156 189.66000366210938
v 130.63400268554688 281.625 143.06900024414062
v 134.06399536132812 278.2659912109375 138.36900329589844
v 70.70439910888672 225.40699768066406 80.89140319824219
v 75.61859893798828 226.5399932861328 82.1676025390625
v 164.74899291992188 133.656005859375 154.10000610351562
v 161.41099548339844 129.947998046875 153.19900512695312
v 94.2239990234375 88.4490966796875 146.06500244140625
v 92.0801010131836 86.53410339355469 149.78900146484375
v 150.96600341796875 208.0679931640625 142.74400329589844
v 150.29400634765625 204.56700134277344 147.31300354003906
v 50.91360092163086 149.98699951171875 136.12100219726562
v 50.55830001831055 154.0760040283203 135.51300048828125
v 139.95700073242188 260.6610107421875 167.4459991455078
v 137.39300537109375 258.1310119628906 174.0989990234375
v 166.88400268554688 190.0709991455078 138.32000732421875
v 136.7030029296875 156.64700317382812 229.15899658203125
v 133.34100341796875 156.8939971923828 231.63499450683594
v 139.46299743652344 173.6529998779297 162.5469970703125
v 138.7689971923828 170.85000610351562 159.50399780273438
v 81.56220245361328 271.1109924316406 146.13099670410156
v 85.31739807128906 273.8810119628906 140.1199951171875
v 61.87329864501953 254.718994140625 155.74899291992188
v 64.3219985961914 256.1340026855469 150.22799682617188
v 57.821800231933594 219.42999267578125 94.15480041503906
v 61.92359924316406 225.69700622558594 91.89510345458984
v 156.0540008544922 167.1269989013672 172.81100463867188
v 157.56900024414062 166.0959930419922 172.88299560546875
v 194.79800415039062 177.843994140625 179.76600646972656
v 198.19200134277344 170.04200744628906 177.83399963378906
v 69.12930297851562 105.7959976196289 131.41600036621094
v 68.41619873046875 102.35900115966797 132.39700317382812
v 86.08509826660156 119.60299682617188 206.08200073242188
v 81.53669738769531 123.87000274658203 207.96499633789062
v 162.45599365234375 224.66799926757812 173.18099975585938
v 107.51399993896484 252.89100646972656 198.22999572753906
v 104.58499908447266 256.8420104980469 194.6540069580078
v 146.25799560546875 146.031005859375 161.97799682617188
v 142.58700561523438 145.3560028076172 164.8159942626953
v 140.09300231933594 190.2310028076172 139.52200317382812
v 137.9530029296875 192.0030059814453 145.4770050048828
v 59.994998931884766 136.36500549316406 183.86599731445312
v 214.57200622558594 163.22799682617188 189.3560028076172
v 215.6790008544922 161.4010009765625 190.13900756835938
v 134.375 132.83099365234375 170.99000549316406
v 133.6540069580078 130.36399841308594 172.3179931640625
v 69.31659698486328 238.18699645996094 201.58099365234375
v 64.9657974243164 234.9340057373047 198.88999938964844
v 67.081298828125 195.9409942626953 224.76100158691406
v 72.46289825439453 201.04200744628906 227.64199829101562
v 109.73200225830078 237.24200439453125 215.5570068359375
v 233.40199279785156 168.44200134277344 209.9969940185547
v 229.85299682617188 165.29100036621094 211.91700744628906
v 231.87899780273438 178.36199951171875 206.14700317382812
v 231.11900329589844 179.01300048828125 208.86399841308594
v 77.95980072021484 267.40899658203125 134.2239990234375
v 82.81710052490234 271.3420104980469 134.61000061035156
v 142.4739990234375 237.98599243164062 191.39700317382812
v 146.91799926757812 230.59100341796875 195.6230010986328
v 152.3979949951172 186.83900451660156 224.32200622558594
v 147.6999969482422 182.70399475097656 226.62100219726562
v 152.09500122070312 143.63400268554688 171.31700134277344
v 149.8560028076172 142.75999450683594 167.98599243164062
v 87.49690246582031 121.52300262451172 138.58900451660156
v 93.28500366210938 128.61399841308594 138.8730010986328
v 135.406005859375 189.41099548339844 139.18299865722656
v 133.08200073242188 186.4219970703125 136.2469940185547
v 175.44900512695312 78.42610168457031 160.3459930419922
v 177.6840057373047 80.65899658203125 163.7169952392578
v 188.66900634765625 191.73300170898438 195.66200256347656
v 192.96499633789062 190.84800720214844 196.7310028076172
v 52.26490020751953 141.5919952392578 131.55799865722656
v 50.417198181152344 143.33599853515625 124.06600189208984
v 159.45399475097656 188.36300659179688 141.5330047607422
v 157.5590057373047 190.08299255371094 140.16799926757812
v 84.55339813232422 136.95700073242188 131.4949951171875
v 142.427001953125 104.24700164794922 218.6699981689453
v 141.34100341796875 108.41500091552734 221.13800048828125
v 57.99789810180664 141.86300659179688 177.3350067138672
v 189.5 179.49400329589844 178.79200744628906
v 194.04200744628906 174.48300170898438 177.2790069580078
v 184.54400634765625 189.84300231933594 190.0679931640625
v 228.16900634765625 108.70600128173828 210.6439971923828
v 230.3159942626953 109.8479995727539 212.21499633789062
v 142.73699951171875 136.81399536132812 161.77699279785156
v 145.0780029296875 139.40499877929688 162.85299682617188
v 137.98899841308594 135.6269989013672 163.21499633789062
v 137.11099243164062 132.51199340820312 161.5399932861328
v 55.01409912109375 146.1280059814453 86.16680145263672
v 51.617698669433594 144.0070037841797 87.18589782714844
v 186.0489959716797 182.05999755859375 181.03500366210938
v 191.28799438476562 182.25599670410156 182.2209930419922
v 96.78350067138672 179.16700744628906 242.4720001220703
v 91.53800201416016 179.0330047607422 241.17599487304688
v 181.66200256347656 192.89700317382812 192.1269989013672
v 74.48480224609375 207.7790069580078 226.49099731445312
v 80.50859832763672 208.50900268554688 229.76600646972656
v 164.25900268554688 100.16999816894531 162.08900451660156
v 169.14199829101562 93.32039642333984 162.83999633789062
v 109.38200378417969 145.4149932861328 230.3699951171875
v 150.9810028076172 224.73699951171875 137.85499572753906
v 152.92300415039062 218.875 136.77999877929688
v 162.03599548339844 219.8719940185547 174.2050018310547
v 157.96400451660156 214.46299743652344 172.87600708007812
v 40.94029998779297 147.3090057373047 91.9384994506836
v 89.07620239257812 143.87899780273438 133.5070037841797
v 87.51789855957031 141.18499755859375 134.9409942626953
v 99.03569793701172 248.5489959716797 206.0989990234375
v 107.00499725341797 249.46200561523438 203.3939971923828
v 50.36159896850586 166.10499572753906 142.5050048828125
v 48.9370002746582 176.11300659179688 142.48800659179688
v 120.06999969482422 108.64099884033203 216.02499389648438
v 116.802001953125 107.01599884033203 213.88900756835938
v 159.17300415039062 209.1649932861328 206.54100036621094
v 158.9040069580078 210.3979949951172 209.41000366210938
v 125.4020004272461 183.62600708007812 144.4510040283203
v 125.50499725341797 180.0780029296875 143.2169952392578
v 121.65299987792969 153.625 136.5800018310547
v 114.22599792480469 150.89999389648438 137.0399932861328
v 113.91300201416016 92.76599884033203 202.03199768066406
v 110.19100189208984 89.7134017944336 196.0240020751953
v 133.9010009765625 100.82499694824219 154.36099243164062
v 133.72999572753906 103.05899810791016 155.91700744628906
v 218.7790069580078 90.4209976196289 212.60299682617188
v 216.08799743652344 89.96810150146484 208.73599243164062
v 146.74200439453125 157.1580047607422 171.34800720214844
v 146.08200073242188 155.2239990234375 171.22000122070312
v 53.30080032348633 223.87899780273438 178.8249969482422
v 133.9459991455078 189.76699829101562 156.04100036621094
v 129.2530059814453 186.04200744628906 156.75900268554688
v 139.68800354003906 81.0896987915039 149.10800170898438
v 208.12600708007812 195.12399291992188 206.91799926757812
v 209.36700439453125 196.21600341796875 205.0449981689453
v 190.2519989013672 82.82929992675781 192.96200561523438
v 186.03500366210938 85.47489929199219 197.6790008544922
v 170.78599548339844 202.78199768066406 199.68600463867188
v 171.5449981689453 201.43699645996094 201.25900268554688
v 160.83399963378906 81.28579711914062 149.97900390625
v 161.7989959716797 78.49259948730469 149.48800659179688
v 91.07720184326172 139.8470001220703 137.59800720214844
v 97.375 143.8769989013672 137.60000610351562
v 162.60400390625 76.93109893798828 168.2310028076172
v 164.2429962158203 80.5374984741211 177.8000030517578
v 79.88860321044922 187.5760040283203 235.27099609375
v 85.49749755859375 184.36599731445312 238.32400512695312
v 103.95999908447266 82.30909729003906 152.38900756835938
v 98.9677963256836 83.28070068359375 151.74400329589844
v 121.7959976196289 285.2080078125 141.80599975585938
v 121.84200286865234 285.4110107421875 137.60699462890625
v 48.04180145263672 167.3489990234375 187.91000366210938
v 47.263301849365234 169.031005859375 185.6699981689453
v 155.03500366210938 150.91700744628906 172.3509979248047
v 154.21499633789062 148.74000549316406 172.59500122070312
v 104.24500274658203 219.07699584960938 99.42849731445312
v 110.81099700927734 218.09100341796875 102.22100067138672
v 144.6179962158203 187.01499938964844 153.35899353027344
v 148.4550018310547 187.39999389648438 150.6199951171875
v 156.91099548339844 195.9669952392578 172.5290069580078
v 160.9219970703125 194.61900329589844 175.22300720214844
v 119.12699890136719 278.9320068359375 129.78700256347656
v 124.197998046875 279.13299560546875 131.23899841308594
v 54.46649932861328 133.01600646972656 136.81199645996094
v 53.989498138427734 138.0019989013672 136.06300354003906
v 43.481998443603516 168.52200317382812 103.22799682617188
v 44.73659896850586 176.06900024414062 102.08399963378906
v 72.5468978881836 253.63699340820312 188.68699645996094
v 79.85330200195312 255.97999572753906 191.4720001220703
v 153.85299682617188 203.25599670410156 133.91900634765625
v 154.29400634765625 200.52000427246094 134.21499633789062
v 150.37399291992188 183.47500610351562 152.8470001220703
v 117.8479995727539 122.37999725341797 144.71499633789062
v 113.21399688720703 118.62100219726562 144.843994140625
v 73.48899841308594 107.30400085449219 160.86000061035156
v 68.28959655761719 111.23899841308594 153.3260040283203
v 134.93299865722656 77.26930236816406 163.072998046875
v 131.84300231933594 78.83930206298828 159.60000610351562
v 126.26399993896484 177.39599609375 117.39800262451172
v 122.26100158691406 174.97500610351562 120.74700164794922
v 72.80030059814453 234.51100158691406 86.5824966430664
v 76.58910369873047 231.50999450683594 84.75240325927734
v 83.01799774169922 97.04100036621094 164.1230010986328
v 78.48139953613281 102.87899780273438 165.1439971923828
v 238.53399658203125 136.3280029296875 212.6280059814453
v 108.4739990234375 176.9949951171875 241.70399475097656
v 66.47460174560547 104.95899963378906 136.8090057373047
v 64.63279724121094 105.7760009765625 134.05799865722656
v 52.28350067138672 226.37100219726562 171.1020050048828
v 52.565101623535156 228.48800659179688 163.7779998779297
v 176.33799743652344 191.93099975585938 141.16900634765625
v 111.85600280761719 211.0970001220703 234.86599731445312
v 101.15499877929688 103.16100311279297 144.5540008544922
v 103.83399963378906 98.13459777832031 145.7519989013672
v 60.994998931884766 208.61099243164062 75.21630096435547
v 63.633201599121094 214.42999267578125 77.4697036743164
v 153.60699462890625 213.96499633789062 152.60400390625
v 156.00399780273438 217.25900268554688 151.11000061035156
v 99.18820190429688 150.42100524902344 233.34300231933594
v 98.78140258789062 157.36399841308594 236.4499969482422
v 178.9429931640625 155.30999755859375 219.6739959716797
v 178.13999938964844 146.6320037841797 220.21800231933594
v 74.24220275878906 133.781005859375 116.10199737548828
v 70.01629638671875 130.6199951171875 114.74800109863281
v 235.35499572753906 122.83100128173828 211.58099365234375
v 234.6280059814453 120.71299743652344 212.59300231933594
v 197.3699951171875 118.28700256347656 222.51199340820312
v 198.5019989013672 110.49199676513672 222.7259979248047
v 238.76199340820312 148.093994140625 207.36000061035156
v 129.84500122070312 121.68599700927734 164.9510040283203
v 180.98599243164062 181.44000244140625 180.77000427246094
v 182.87600708007812 182.0279998779297 181.94000244140625
v 62.147499084472656 109.76599884033203 127.95500183105469
v 59.910400390625 111.6500015258789 128.02099609375
v 111.49299621582031 167.00799560546875 111.33599853515625
v 105.81199645996094 161.59800720214844 111.47899627685547
v 147.09800720214844 146.6300048828125 153.03199768066406
v 186.41099548339844 192.88699340820312 197.6739959716797
v 214.71800231933594 154.35400390625 215.01600646972656
v 209.31500244140625 156.8090057373047 215.55599975585938
v 198.56399536132812 153.26800537109375 176.91099548339844
v 103.96399688720703 162.8419952392578 122.06800079345703
v 99.39759826660156 159.531005859375 125.02100372314453
v 227.12600708007812 123.27799987792969 214.95199584960938
v 230.26199340820312 130.25799560546875 214.4080047607422
v 135.4669952392578 107.6520004272461 154.11099243164062
v 137.4219970703125 111.072998046875 153.302001953125
v 85.38839721679688 145.79800415039062 127.30500030517578
v 88.61150360107422 146.47999572753906 129.50399780273438
v 221.7449951171875 107.52999877929688 207.96499633789062
v 219.10899353027344 103.97699737548828 207.38699340820312
v 186.5800018310547 90.65350341796875 210.72999572753906
v 196.66799926757812 86.86280059814453 205.8179931640625
v 151.15499877929688 177.03700256347656 226.1009979248047
v 148.57400512695312 170.75900268554688 226.83700561523438
v 88.16850280761719 228.7239990234375 221.26400756835938
v 83.13289642333984 243.0290069580078 206.7689971923828
v 74.77570343017578 239.96600341796875 204.1269989013672
v 49.20029830932617 193.03799438476562 195.83700561523438
v 49.20750045776367 199.3719940185547 195.1219940185547
v 218.0679931640625 111.74299621582031 205.27099609375
v 53.999298095703125 148.71800231933594 194.42100524902344
v 54.681800842285156 147.6820068359375 188.99099731445312
v 46.75579833984375 176.4340057373047 188.13400268554688
v 45.85169982910156 179.5489959716797 187.27099609375
v 47.63420104980469 189.4290008544922 189.7429962158203
v 45.67900085449219 189.90699768066406 186.968994140625
v 139.5019989013672 117.9219970703125 225.58900451660156
v 134.9550018310547 119.54900360107422 225.2519989013672
v 151.25399780273438 200.70899963378906 138.32699584960938
v 100.88600158691406 157.38099670410156 112.7750015258789
v 95.92420196533203 154.28500366210938 106.28700256347656
v 232.08599853515625 168.44700622558594 203.13099670410156
v 234.4409942626953 170.2779998779297 205.26800537109375
v 140.42100524902344 143.36300659179688 167.4770050048828
v 140.68099975585938 140.82899475097656 164.34100341796875
v 116.2239990234375 193.36000061035156 155.17599487304688
v 117.81300354003906 192.58099365234375 156.78199768066406
v 82.518798828125 226.8249969482422 85.7155990600586
v 205.4600067138672 109.8949966430664 221.02000427246094
v 201.99099731445312 106.26399993896484 222.16299438476562
v 221.91400146484375 136.71099853515625 200.03799438476562
v 219.60499572753906 132.03900146484375 199.6820068359375
v 67.07550048828125 125.30500030517578 119.0790023803711
v 62.755401611328125 121.5790023803711 120.18099975585938
v 123.5979995727539 94.01200103759766 166.48800659179688
v 124.84500122070312 95.06819915771484 165.03700256347656
v 129.59800720214844 183.04400634765625 136.11500549316406
v 64.0707015991211 240.25399780273438 111.12999725341797
v 68.8228988647461 245.7220001220703 110.02899932861328
v 77.9802017211914 235.6439971923828 86.85990142822266
v 206.77000427246094 167.2530059814453 214.36099243164062
v 202.1959991455078 159.50999450683594 215.8000030517578
v 170.7449951171875 94.26470184326172 213.28199768066406
v 165.7310028076172 98.056396484375 217.1790008544922
v 99.5687026977539 109.31300354003906 142.58999633789062
v 105.66899871826172 108.10800170898438 145.51300048828125
v 129.46499633789062 232.45199584960938 119.82099914550781
v 170.9709930419922 181.04200744628906 141.80099487304688
v 174.9720001220703 180.55799865722656 143.5240020751953
v 132.74000549316406 192.15699768066406 144.26699829101562
v 131.5959930419922 192.59500122070312 148.03700256347656
v 136.2689971923828 191.52000427246094 141.9340057373047
v 190.15699768066406 185.2449951171875 204.968994140625
v 185.08099365234375 184.59100341796875 205.6479949951172
v 134.54200744628906 192.70799255371094 149.18099975585938
v 132.99400329589844 193.72799682617188 152.06199645996094
v 105.125 282.8479919433594 157.47500610351562
v 109.49099731445312 283.8070068359375 152.20899963378906
v 131.79100036621094 120.46499633789062 170.6300048828125
v 134.30299377441406 120.05899810791016 169.73199462890625
v 185.78599548339844 127.41300201416016 222.8939971923828
v 179.61900329589844 126.1050033569336 224
v 153.10000610351562 210.44000244140625 139.8459930419922
v 153.1020050048828 212.46099853515625 144.0760040283203
v 87.24829864501953 139.2030029296875 136.75900268554688
v 85.68840026855469 137.9459991455078 134.7239990234375
v 138.5449981689453 185.8730010986328 229.44700622558594
v 142.21499633789062 178.1820068359375 228.8769989013672
v 223.70599365234375 153.78399658203125 195.86199951171875
v 221.29800415039062 151.68899536132812 192.302001953125
v 174.05499267578125 86.18769836425781 194.9949951171875
v 227.12399291992188 106.16200256347656 210.55799865722656
v 111.17500305175781 257.5950012207031 110.68399810791016
v 119.04299926757812 257.22601318359375 115.55599975585938
v 179.68499755859375 183.59100341796875 178.2030029296875
v 179.6820068359375 185.88600158691406 180.0399932861328
v 176.67100524902344 88.14620208740234 201.08200073242188
v 49.760799407958984 174.218994140625 172.46400451660156
v 49.42639923095703 179.17599487304688 177.8459930419922
v 170.16600036621094 199.07699584960938 202.43899536132812
v 169.52499389648438 201.26400756835938 201.46400451660156
v 216.3520050048828 96.18109893798828 215.74400329589844
v 217.70399475097656 92.19740295410156 214.625
v 141.91900634765625 167.05799865722656 161.81700134277344
v 144.52999877929688 164.07200622558594 160.82699584960938
v 141.8679962158203 136.7220001220703 149.7989959716797
v 144.91200256347656 141.70899963378906 151.64100646972656
v 52.15700149536133 160.14500427246094 174.85699462890625
v 51.87179946899414 162.26100158691406 180.83299255371094
v 117.82499694824219 194.72900390625 155.48800659179688
v 52.451900482177734 133.59100341796875 124.72000122070312
v 51.585201263427734 138.30499267578125 125.22599792480469
v 140.66700744628906 136.35299682617188 161.48199462890625
v 139.71200561523438 138.39500427246094 162.99200439453125
v 60.67340087890625 129.4550018310547 153.48300170898438
v 58.62300109863281 135.697998046875 151.29400634765625
v 163.7429962158203 191.91900634765625 142.2989959716797
v 164.16799926757812 191.12600708007812 139.15199279785156
v 141.3459930419922 170.80799865722656 164.36900329589844
v 63.0802001953125 246.8159942626953 185.86000061035156
v 60.91279983520508 245.58299255371094 180.69500732421875
v 57.43349838256836 174.87899780273438 64.02269744873047
v 150.15899658203125 80.56289672851562 147.8459930419922
v 152.12399291992188 74.55940246582031 149.24899291992188
v 115.86599731445312 283.7860107421875 150.60000610351562
v 118.27400207519531 280.5710144042969 157.1540069580078
v 50.621700286865234 161.29200744628906 184.36599731445312
v 156.69700622558594 233.70599365234375 172.9929962158203
v 149.4810028076172 131.46099853515625 150.50100708007812
v 160.71400451660156 138.302001953125 150.81100463867188
v 131.98899841308594 240.73800659179688 200.1790008544922
v 125.63400268554688 237.02000427246094 209.6490020751953
v 45.64910125732422 186.41700744628906 187.3260040283203
v 53.01190185546875 157.39300537109375 181.06399536132812
v 52.94089889526367 157.41700744628906 172.37600708007812
v 202.1199951171875 194.06700134277344 200.23199462890625
v 108.5739974975586 98.34100341796875 204.6300048828125
v 107.69300079345703 93.18910217285156 201.81300354003906
v 78.80249786376953 229.63499450683594 215.2270050048828
v 83.52860260009766 234.34100341796875 214.3070068359375
v 224.5469970703125 195.54600524902344 205.7209930419922
v 226.52699279785156 193.99000549316406 207.71400451660156
v 68.07039642333984 214.97900390625 75.71029663085938
v 70.36930084228516 210.11099243164062 74.135498046875
v 131.5489959716797 178.69700622558594 154.73699951171875
v 133.83099365234375 178.1959991455078 155.81399536132812
v 170.30599975585938 178.76600646972656 179.56199645996094
v 171.62600708007812 178.97900390625 180.3520050048828
v 224.57000732421875 97.74510192871094 211.45899963378906
v 225.7469940185547 98.55670166015625 213.5050048828125
v 177.03199768066406 204.88299560546875 189.69900512695312
v 179.3939971923828 201.97900390625 189.343994140625
v 168.78199768066406 191.08099365234375 211.9759979248047
v 120.66000366210938 88.85330200195312 196.02099609375
v 132.26400756835938 260.8089904785156 126.95500183105469
v 135.5800018310547 260.47698974609375 130.03199768066406
v 125.26499938964844 83.9917984008789 182.95199584960938
v 128.31700134277344 111.11599731445312 155.85899353027344
v 127.1780014038086 109.13300323486328 159.11599731445312
v 127.37999725341797 182.29200744628906 140.2030029296875
v 164.2989959716797 188.46499633789062 139.19900512695312
v 49.248600006103516 188.71499633789062 200.60499572753906
v 52.0015983581543 195.26800537109375 204.74600219726562
v 129.0989990234375 108.03399658203125 167.90699768066406
v 131.4320068359375 110.21299743652344 166.44500732421875
v 187.01499938964844 84.1812973022461 175.81399536132812
v 188.69900512695312 89.06310272216797 179.59500122070312
v 91.86289978027344 265.239013671875 183.7969970703125
v 96.5958023071289 263.5580139160156 186.68299865722656
v 218.49400329589844 173.16299438476562 213.1060028076172
v 224.7570037841797 170.16200256347656 212.6840057373047
v 78.09660339355469 150.10400390625 93.90039825439453
v 99.47720336914062 259.3840026855469 192.0070037841797
v 236.38900756835938 169.2830047607422 207.1060028076172
v 115.24500274658203 170.10299682617188 125.31600189208984
v 115.32599639892578 167.68299865722656 130.76100158691406
v 48.097801208496094 209.31399536132812 158.78399658203125
v 49.63399887084961 218.625 153.7050018310547
v 143.00799560546875 148.82200622558594 171.2220001220703
v 141.3300018310547 145.09100341796875 171.77999877929688
v 151.88499450683594 225.2220001220703 196.0760040283203
v 151.3159942626953 221.3300018310547 200.36700439453125
v 164.4290008544922 79.91230010986328 151.21299743652344
v 163.5449981689453 83.88719940185547 152.74200439453125
v 104.50800323486328 284.95599365234375 140.7469940185547
v 220.15899658203125 182.83399963378906 210.4239959716797
v 222.67999267578125 187.4600067138672 209.6219940185547
v 51.712799072265625 218.5 122.56300354003906
v 55.12689971923828 226.9040069580078 119.22100067138672
v 227.7100067138672 173.86599731445312 210.76600646972656
v 172.73300170898438 178.1649932861328 179.24400329589844
v 173.718994140625 178.30599975585938 179.8939971923828
v 196.78399658203125 148.49000549316406 176.56500244140625
v 191.88999938964844 147.24400329589844 172.3699951171875
v 173.87600708007812 203.63800048828125 166.7570037841797
v 175.1840057373047 203.16099548339844 168.33799743652344
v 101.6989974975586 115.4020004272461 210.38299560546875
v 158.6540069580078 222.21499633789062 156.21200561523438
v 160.0709991455078 220.97000122070312 162.2740020751953
v 190.5749969482422 188.8000030517578 191.69700622558594
v 192.4810028076172 185.13099670410156 186.68600463867188
v 218.48599243164062 197.02499389648438 204.67300415039062
v 220.843994140625 197.20599365234375 207.51199340820312
v 51.13029861450195 206.6820068359375 197.97000122070312
v 53.16859817504883 211.43499755859375 198.14700317382812
v 85.502197265625 114.6500015258789 202.41600036621094
v 80.76229858398438 113.32599639892578 198.7949981689453
v 63.13529968261719 250.21499633789062 146.39599609375
v 66.02909851074219 254.65499877929688 147.01199340820312
v 236.85699462890625 163.36099243164062 209.5500030517578
v 234.9499969482422 160.90899658203125 210.4510040283203
v 138.52499389648438 275.26800537109375 143.24099731445312
v 118.47799682617188 193.95799255371094 152.78700256347656
v 120.28399658203125 191.54600524902344 150.87399291992188
v 124.94499969482422 206.62100219726562 231.2209930419922
v 60.55670166015625 143.93600463867188 90.13200378417969
v 57.48270034790039 141.01100158691406 90.83650207519531
v 174.1179962158203 186.927001953125 138.81300354003906
v 151.33099365234375 231.12399291992188 144.43299865722656
v 152.17100524902344 226.55299377441406 141.69700622558594
v 155.36900329589844 202.64599609375 177.41000366210938
v 156.96400451660156 198.4029998779297 180.26300048828125
v 91.25559997558594 183.1300048828125 240.83399963378906
v 148.6020050048828 174.45899963378906 165.74600219726562
v 152.43899536132812 174.6929931640625 161.96400451660156
v 173.1719970703125 179.2169952392578 180.75
v 174.76400756835938 178.9040069580078 180.72799682617188
v 43.98929977416992 135.92300415039062 95.74620056152344
v 44.58409881591797 137.5540008544922 99.72949981689453
v 135.7100067138672 103.98200225830078 154.22000122070312
v 132.88099670410156 236.3780059814453 204.79600524902344
v 154.23399353027344 225.64999389648438 146.66700744628906
v 132.21600341796875 192.93800354003906 156.17599487304688
v 160.98899841308594 181.9510040283203 221.70399475097656
v 156.28199768066406 180.48399353027344 224.0989990234375
v 90.66510009765625 104.1520004272461 199.1699981689453
v 85.42410278320312 107.20800018310547 197.08900451660156
v 54.89950180053711 185.20899963378906 213.4810028076172
v 54.745201110839844 194.6219940185547 210.625
v 146.4550018310547 104.83499908447266 219.41099548339844
v 147.02499389648438 108.48500061035156 222.50799560546875
v 135.63499450683594 192.25 153.7740020751953
v 160.1790008544922 97.65630340576172 215.71200561523438
v 161.54800415039062 101.76799774169922 221.41600036621094
v 117.41500091552734 177.69500732421875 239.08099365234375
v 137.57000732421875 90.68389892578125 150.552001953125
v 187.33299255371094 131.05099487304688 172.9929962158203
v 182.44400024414062 127.01200103759766 169.26800537109375
v 212.20199584960938 88.2051010131836 207.12399291992188
v 90.12909698486328 238.31100463867188 213.6529998779297
v 94.06849670410156 243.61099243164062 210.6649932861328
v 56.68000030517578 141.96600341796875 185.11099243164062
v 58.22719955444336 141.74099731445312 182.7480010986328
v 62.32099914550781 246.59300231933594 135.4409942626953
v 64.25679779052734 247.01400756835938 127.552001953125
v 142.8979949951172 120.63600158691406 226.74200439453125
v 52.93299865722656 134.85499572753906 130.79200744628906
v 110.82599639892578 279.3599853515625 129.66200256347656
v 107.12899780273438 277.2099914550781 125.7229995727539
v 211.19400024414062 147.1840057373047 187.56399536132812
v 215.0019989013672 145.58599853515625 191.9759979248047
v 123.75199890136719 232.4810028076172 215.71099853515625
v 185.4739990234375 186.2209930419922 172.33799743652344
v 187.35499572753906 182.9149932861328 167.14599609375
v 97.14360046386719 185.26400756835938 242.16000366210938
v 48.06760025024414 201.4219970703125 168.22999572753906
v 134.04100036621094 194.2519989013672 229.27200317382812
v 138.4770050048828 195.64599609375 226.8280029296875
v 157.1820068359375 209.8800048828125 185.08299255371094
v 156.38099670410156 209.33599853515625 190.96499633789062
v 121.02200317382812 195.35400390625 153.67599487304688
v 87.13240051269531 113.96900177001953 138.50399780273438
v 92.38760375976562 110.375 139.82400512695312
v 117.125 247.39999389648438 112.7979965209961
v 117.7509994506836 241.5850067138672 112.63500213623047
v 149.906005859375 167.10499572753906 168.29800415039062
v 146.80099487304688 169.2519989013672 166.50599670410156
v 67.25160217285156 159.47900390625 77.72119903564453
v 62.467098236083984 155.81100463867188 76.52529907226562
v 163.6269989013672 193.7790069580078 173.09800720214844
v 164.3179931640625 191.86500549316406 169.6060028076172
v 106.0270004272461 81.73719787597656 156.31199645996094
v 162.77999877929688 222.23699951171875 174.8470001220703
v 162.95399475097656 221.54600524902344 171.8209991455078
v 89.7251968383789 151.78500366210938 101.41899871826172
v 118.64199829101562 112.43399810791016 149.05999755859375
v 156.5489959716797 152.91900634765625 171.22900390625
v 155.38400268554688 152.4969940185547 169.593994140625
v 120.19599914550781 230.4290008544922 219.46099853515625
v 114.95899963378906 229.06500244140625 223.08200073242188
v 87.31179809570312 240.47500610351562 211.1529998779297
v 131.8179931640625 247.14599609375 124.9280014038086
v 111.95800018310547 240.6490020751953 108.38099670410156
v 116.91500091552734 235.10299682617188 111.01000213623047
v 142.13299560546875 249.28799438476562 135.48199462890625
v 190.55099487304688 141.1840057373047 172.54400634765625
v 196.9409942626953 139.56399536132812 177.31199645996094
v 48.98059844970703 182.302001953125 202.55499267578125
v 58.34389877319336 233.6020050048828 118.06700134277344
v 60.81930160522461 235.48599243164062 111.77200317382812
v 185.72900390625 181.36099243164062 174.0570068359375
v 222.75599670410156 102.7760009765625 215.18600463867188
v 222.0850067138672 106.83799743652344 215.8249969482422
v 119.13899993896484 153.8990020751953 233.5800018310547
v 124.22699737548828 184.69200134277344 155.9029998779297
v 125.16200256347656 186.38099670410156 156.69500732421875
v 46.066898345947266 193.29400634765625 186.3990020751953
v 47.526100158691406 198.06399536132812 185.75
v 128.2550048828125 253.28599548339844 122.65599822998047
v 94.51519775390625 103.63999938964844 201.40899658203125
v 55.663299560546875 124.68900299072266 120.67500305175781
v 55.73249816894531 126.68199920654297 118.86399841308594
v 114.45800018310547 125.9010009765625 142.26300048828125
v 88.1449966430664 240.13299560546875 92.12740325927734
v 86.66419982910156 244.40699768066406 93.39910125732422
v 70.70249938964844 120.0989990234375 181.4510040283203
v 70.70780181884766 118.7760009765625 174.625
v 86.39859771728516 148.32400512695312 124.1259994506836
v 84.28970336914062 145.89100646972656 124.3030014038086
v 101.98600006103516 177.4510040283203 242.65699768066406
v 164.45700073242188 174.70899963378906 171.23599243164062
v 163.11500549316406 174.62600708007812 173.4720001220703
v 56.36029815673828 140.2570037841797 146.55599975585938
v 54.77870178222656 146.82699584960938 144.2550048828125
v 232.27200317382812 177.25999450683594 208.54800415039062
v 233.3560028076172 176.21400451660156 206.94900512695312
v 102.9800033569336 161.8000030517578 127.27200317382812
v 114.75299835205078 155.11199951171875 234.93299865722656
v 66.68099975585938 188.69900512695312 226.4219970703125
v 62.26139831542969 133.45899963378906 199.55799865722656
v 140.9429931640625 135.06100463867188 172.78900146484375
v 143.50999450683594 132.9080047607422 170.8730010986328
v 48.07360076904297 186.43600463867188 166.64599609375
v 159.3249969482422 192.65699768066406 138.95899963378906
v 159.7969970703125 190.91700744628906 139.03700256347656
v 128.91900634765625 117.0989990234375 168.6699981689453
v 166.3419952392578 186.51499938964844 215.23399353027344
v 165.30499267578125 192.16000366210938 214.07699584960938
v 216.27000427246094 131.63900756835938 217.30999755859375
v 207.83200073242188 128.8489990234375 219.60000610351562
v 205.6060028076172 124.56700134277344 193.1820068359375
v 75.7166976928711 121.71299743652344 129.5709991455078
v 157.08299255371094 160.43800354003906 163.80799865722656
v 159.91700744628906 160.66400146484375 160.2469940185547
v 100.15399932861328 189.45899963378906 242.1219940185547
v 77.02619934082031 211.63800048828125 77.87460327148438
v 79.97429656982422 250.71800231933594 101.0790023803711
v 82.3051986694336 254.66400146484375 105.11299896240234
v 121.8499984741211 225.2469940185547 223.99200439453125
v 127.54499816894531 227.01300048828125 218.9709930419922
v 76.28820037841797 123.68800354003906 204.09800720214844
v 71.2177963256836 127.78099822998047 203.6840057373047
v 165.63699340820312 169.96400451660156 168.5970001220703
v 163.98199462890625 172.29600524902344 168.45700073242188
v 54.13909912109375 169.10800170898438 64.65660095214844
v 52.8754997253418 165.5800018310547 66.4197006225586
v 49.33610153198242 181.1699981689453 191.70899963378906
v 113.55400085449219 211.29299926757812 100.68900299072266
v 118.43299865722656 209.28900146484375 102.49600219726562
v 238.05799865722656 135.55099487304688 209.7689971923828
v 185.0709991455078 81.35359954833984 172.86099243164062
v 47.482398986816406 179.3489990234375 122.75700378417969
v 45.827999114990234 173.8820037841797 111.5979995727539
v 161.6179962158203 221.47799682617188 167.98800659179688
v 160.49899291992188 218.7220001220703 169.5500030517578
v 233.3419952392578 174.1820068359375 209.41700744628906
v 126.86499786376953 109.95500183105469 162.43499755859375
v 178.00799560546875 77.18450164794922 164.24000549316406
v 165.64500427246094 76.2739028930664 151.9219970703125
v 50.73630142211914 141.468994140625 88.78620147705078
v 54.204200744628906 140.8820037841797 89.72260284423828
v 131.43800354003906 98.07959747314453 155.9770050048828
v 131.9040069580078 100.73999786376953 157.26499938964844
v 62.31449890136719 242.3719940185547 123.01300048828125
v 65.18789672851562 244.0679931640625 116.13200378417969
v 177.072998046875 197.22999572753906 160.8979949951172
v 179.85800170898438 194.63699340820312 159.5399932861328
v 192.0449981689453 127.63099670410156 221.45599365234375
v 73.67579650878906 264.25299072265625 137.23399353027344
v 74.98699951171875 264.2909851074219 132.03399658203125
v 56.82870101928711 160.82400512695312 211.2570037841797
v 57.35020065307617 166.53399658203125 214.6909942626953
v 173.77999877929688 202.01400756835938 167.00900268554688
v 175.11900329589844 200.34100341796875 166.00999450683594
v 146.73899841308594 135.0919952392578 170.20199584960938
v 148.11000061035156 136.25100708007812 171.94000244140625
v 77.95120239257812 199.59100341796875 75.80020141601562
v 84.1436996459961 198.322998046875 79.60330200195312
v 132.51699829101562 185.30799865722656 115.3290023803711
v 100.67500305175781 158.00900268554688 104.21399688720703
v 95.41709899902344 155.06500244140625 100.322998046875
v 183.5189971923828 105.25199890136719 222.42100524902344
v 179.54299926757812 108.87699890136719 223.1999969482422
v 156.70599365234375 193.9199981689453 158.75100708007812
v 157.60000610351562 191.8070068359375 155.80299377441406
v 236.48899841308594 144.29299926757812 214.0449981689453
v 156.80099487304688 157.49200439453125 172.78500366210938
v 158.43699645996094 158.7469940185547 172.36099243164062
v 74.1227035522461 193.96299743652344 72.79609680175781
v 142.83399963378906 107.74199676513672 152.6510009765625
v 146.29299926757812 100.86699676513672 153.08799743652344
v 171.7740020751953 201.38699340820312 168.6909942626953
v 172.41700744628906 202.95700073242188 167.875
v 188.43600463867188 80.54100036621094 178.21299743652344
v 101.77100372314453 196.4770050048828 240.28199768066406
v 85.54810333251953 109.15299987792969 138.10800170898438
v 87.18569946289062 105.3280029296875 139.13299560546875
v 154.7969970703125 215.1199951171875 138.15499877929688
v 137.2969970703125 139.0030059814453 170.69500732421875
v 137.1529998779297 138.0850067138672 172.1280059814453
v 229.13400268554688 177.1840057373047 209.80799865722656
v 68.9198989868164 101.86100006103516 135.0489959716797
v 174.9029998779297 203.6959991455078 171.58099365234375
v 173.94900512695312 204.7270050048828 168.8209991455078
v 155.281005859375 195.18699645996094 217.56199645996094
v 153.73899841308594 200.24000549316406 216.03700256347656
v 130.70199584960938 189.18699645996094 111.14900207519531
v 137.08700561523438 123.00499725341797 159.25999450683594
v 138.06900024414062 126.03600311279297 159.9759979248047
v 106.54199981689453 279.47601318359375 130.18800354003906
v 143.73699951171875 108.26300048828125 220.7779998779297
v 220.8990020751953 110.81900024414062 216.09100341796875
v 217.98199462890625 105.6969985961914 216.5260009765625
v 172.3419952392578 191.58099365234375 207.79200744628906
v 176.14599609375 192.5659942626953 203.6219940185547
v 100.48799896240234 158.36000061035156 131.13400268554688
v 96.03690338134766 155.38900756835938 129.63400268554688
v 178.42999267578125 184.98399353027344 144.2010040283203
v 180.86900329589844 181.13699340820312 147.33700561523438
v 83.0094985961914 177.2949981689453 79.56990051269531
v 78.94539642333984 172.77099609375 78.3947982788086
v 58.492000579833984 124.8759994506836 118.33300018310547
v 72.75299835205078 186.6580047607422 72.10669708251953
v 101.2249984741211 160.5500030517578 96.7490005493164
v 158.52699279785156 172.95599365234375 172.31100463867188
v 156.6269989013672 170.39500427246094 171.68299865722656
v 135.68099975585938 116.20500183105469 154.86900329589844
v 197.01199340820312 181.6909942626953 184.22500610351562
v 54.335201263427734 227.50799560546875 185.1840057373047
v 133.5489959716797 276.37701416015625 152.92300415039062
v 136.57699584960938 274.4330139160156 152.81900024414062
v 49.55500030517578 207.6439971923828 190.0279998779297
v 48.612300872802734 210.02499389648438 186.66799926757812
v 66.54000091552734 200.00799560546875 69.95559692382812
v 51.72439956665039 136.1230010986328 120.43900299072266
v 50.84120178222656 139.93299865722656 119.90499877929688
v 127.52899932861328 95.10379791259766 207.88400268554688
v 124.95800018310547 92.21900177001953 202.37600708007812
v 200.11500549316406 87.81439971923828 192.73899841308594
v 187.26499938964844 188.8509979248047 203.3350067138672
v 192.47300720214844 188.4320068359375 204.0050048828125
v 131.24400329589844 202.48399353027344 108.7770004272461
v 129.21400451660156 198.2239990234375 106.78800201416016
v 127.78399658203125 190.50399780273438 156.8000030517578
v 156.86900329589844 155.66700744628906 172.41700744628906
v 53.677101135253906 153.74200439453125 147.50999450683594
v 53.96979904174805 155.89500427246094 154.61300659179688
v 203.31300354003906 180.70199584960938 186.8040008544922
v 43.062198638916016 169.6540069580078 72.8678970336914
v 44.909400939941406 174.6179962158203 72.35910034179688
v 135.6060028076172 173.68600463867188 152.35000610351562
v 135.3280029296875 174.5030059814453 155.76699829101562
v 182.97000122070312 131.19700622558594 223.10299682617188
v 180.14599609375 131.19400024414062 223.9669952392578
v 130.06900024414062 123.4540023803711 167.05099487304688
v 40.53179931640625 157.70899963378906 93.37930297851562
v 156.66799926757812 173.38600158691406 224.83299255371094
v 156.14999389648438 97.92359924316406 155.9510040283203
v 132.30599975585938 165.38800048828125 144.19700622558594
v 134.77499389648438 168.33599853515625 148.35499572753906
v 56.09859848022461 143.88699340820312 88.63159942626953
v 189.67300415039062 153.55099487304688 218.6009979248047
v 197.9929962158203 154.531005859375 217.69400024414062
v 157.5749969482422 156.50999450683594 170.9550018310547
v 155.3730010986328 157.2310028076172 169.24400329589844
v 153.20799255371094 241.46200561523438 153.7519989013672
v 153.54299926757812 234.29100036621094 150.4149932861328
v 175.01400756835938 178.18699645996094 179.95599365234375
v 91.49520111083984 196.8679962158203 238.35899353027344
v 89.05770111083984 206.53900146484375 234.156005859375
v 140.3419952392578 144.9550018310547 169.56500244140625
v 107.02200317382812 189.54299926757812 242.4429931640625
v 106.78399658203125 193.4770050048828 241.41900634765625
v 126.38200378417969 82.6001968383789 166.37100219726562
v 125.37000274658203 87.05500030517578 163.3699951171875
v 76.57450103759766 256.1510009765625 115.25599670410156
v 78.22450256347656 260.1839904785156 119.95099639892578
v 138.23199462890625 204.7429962158203 115.70999908447266
v 137.46499633789062 198.03900146484375 114.3219985961914
v 158.58799743652344 207.10899353027344 214.24600219726562
v 58.17100143432617 244.0749969482422 161.4029998779297
v 58.02149963378906 249.60000610351562 153.9949951171875
v 46.890098571777344 172.36199951171875 184.9770050048828
v 131.39199829101562 105.85199737548828 162.4929962158203
v 133.55799865722656 105.86000061035156 157.93699645996094
v 130.82899475097656 112.68499755859375 168.98199462890625
v 65.86060333251953 108.24600219726562 140.31100463867188
v 87.40370178222656 161.67100524902344 234.80299377441406
v 79.6521987915039 164.1909942626953 232.29800415039062
v 49.784400939941406 160.2220001220703 68.52639770507812
v 52.64310073852539 158.11700439453125 70.95040130615234
v 146.73300170898438 154.75 162.3459930419922
v 144.81199645996094 151.25 164.19400024414062
v 122.55599975585938 191.2740020751953 150.53799438476562
v 100.62799835205078 243.9810028076172 210.7310028076172
v 155.6999969482422 156.96400451660156 157.24600219726562
v 159.33299255371094 158.63400268554688 157.052001953125
v 149.3820037841797 107.4229965209961 153.70799255371094
v 155.04800415039062 106.81600189208984 155.45599365234375
v 94.22470092773438 151.8979949951172 132.2469940185547
v 92.65840148925781 149.0760040283203 133.66700744628906
v 211.76699829101562 195.26400756835938 207.9969940185547
v 214.0050048828125 196.44900512695312 204.8350067138672
v 178.71800231933594 198.4949951171875 172.5570068359375
v 61.186798095703125 238.92799377441406 118.37100219726562
v 51.7322998046875 217.1820068359375 178.63499450683594
v 141.82000732421875 187.90199279785156 133.427001953125
v 139.43600463867188 186.4320068359375 129.5449981689453
v 237.322998046875 130.04200744628906 211.29800415039062
v 134.31300354003906 127.51699829101562 161.2010040283203
v 135.12899780273438 125.01000213623047 158.5709991455078
v 179.88600158691406 186.96299743652344 185.0679931640625
v 177.86099243164062 185.51300048828125 183.4429931640625
v 173.3719940185547 206.88099670410156 186.63800048828125
v 174.0590057373047 207.51800537109375 190.91600036621094
v 127.34100341796875 203.3780059814453 106.02100372314453
v 60.48979949951172 140.3350067138672 93.21309661865234
v 128.6320037841797 160.96800231933594 138.85699462890625
v 131.8509979248047 161.8800048828125 140.91700744628906
v 54.482200622558594 233.79200744628906 165.48800659179688
v 189.47999572753906 80.29519653320312 182.9290008544922
v 78.41560363769531 201.5030059814453 231.21400451660156
v 141.51499938964844 253.34100341796875 175.2729949951172
v 143.23199462890625 249.26400756835938 177.13699340820312
v 167.0500030517578 201.92599487304688 200.3350067138672
v 166.5709991455078 201.35299682617188 198.08099365234375
v 78.31269836425781 113.7249984741211 135.41200256347656
v 81.23059844970703 110.89600372314453 136.91299438476562
v 215.42999267578125 98.02100372314453 206.3769989013672
v 214.24400329589844 92.26200103759766 205.41700744628906
v 66.82689666748047 102.83399963378906 133.6020050048828
v 89.30840301513672 143.10299682617188 136.1439971923828
v 172.42300415039062 80.18579864501953 157.48899841308594
v 173.8040008544922 83.24430084228516 160.75
v 118.9280014038086 227.468994140625 110.33599853515625
v 114.05799865722656 223.94700622558594 106.0999984741211
v 120.61599731445312 196.7480010986328 237.5240020751953
v 210.5469970703125 184.6529998779297 191.80299377441406
v 212.38800048828125 181.58599853515625 190.64999389648438
v 107.78199768066406 86.69960021972656 149.9409942626953
v 104.177001953125 84.16889953613281 150.08599853515625
v 226.3979949951172 191.03900146484375 209.26800537109375
v 228.48899841308594 190.5489959716797 207.2949981689453
v 172.3090057373047 199.64199829101562 201.927001953125
v 173.39599609375 198.78599548339844 201.68099975585938
v 120.8270034790039 235.70599365234375 113.93099975585938
v 123.26000213623047 239.68299865722656 116.45500183105469
v 51.44599914550781 229.0780029296875 153.9669952392578
v 157.86099243164062 213.89999389648438 190.85699462890625
v 158.6739959716797 217.78599548339844 193.29299926757812
v 224.0449981689453 168.21299743652344 193.5
v 224.447998046875 163.36599731445312 193.8280029296875
v 225.8719940185547 105.8949966430664 214.7469940185547
v 238.11399841308594 133.33799743652344 211.88999938964844
v 236.72000122070312 131.9320068359375 213.7830047607422
v 154.38499450683594 95.03690338134766 210.531005859375
v 148.3159942626953 92.80280303955078 205.54800415039062
v 141.73899841308594 132.13999938964844 170.82200622558594
v 142.45899963378906 132.4250030517578 166.79600524902344
v 53.58679962158203 149.24400329589844 79.322998046875
v 49.891700744628906 148.4250030517578 77.65360260009766
v 234.2220001220703 173.49200439453125 206.95899963378906
v 222.08999633789062 194.56100463867188 203.48399353027344
v 50.83319854736328 145.97999572753906 84.16629791259766
v 159.70199584960938 170.6280059814453 223.8979949951172
v 159.302001953125 165.35000610351562 224.14100646972656
v 182.33999633789062 187.14300537109375 148.68299865722656
v 211.30799865722656 195.91799926757812 202.57400512695312
v 216.97300720214844 194.08299255371094 201.3070068359375
v 49.286598205566406 187.0850067138672 179.6959991455078
v 49.46910095214844 191.04100036621094 175.88299560546875
v 128.77099609375 113.447998046875 222.15899658203125
v 137.86599731445312 78.25520324707031 170.88900756835938
v 126.65399932861328 241.76100158691406 203.68299865722656
v 120.1709976196289 239.9600067138672 209.68499755859375
v 75.12660217285156 144.36300659179688 98.94450378417969
v 74.72100067138672 141.03399658203125 104.42900085449219
v 74.24590301513672 140.3179931640625 216.552001953125
v 75.58609771728516 144.16299438476562 220.3509979248047
v 139.46299743652344 74.90630340576172 154.625
v 136.46200561523438 77.03610229492188 153.70700073242188
v 183.70199584960938 176.65499877929688 150.5469970703125
v 185.59300231933594 171.13699340820312 153.81100463867188
v 50.82830047607422 209.3769989013672 194.08200073242188
v 52.52000045776367 214.4340057373047 194.03799438476562
v 169.0260009765625 74.66300201416016 163.20199584960938
v 144.11099243164062 153.11399841308594 167.99400329589844
v 126.40299987792969 163.86399841308594 138.531005859375
v 129.09500122070312 164.45399475097656 140.57899475097656
v 69.82460021972656 203.99099731445312 71.94499969482422
v 75.7863998413086 205.052001953125 75.4677963256836
v 58.84830093383789 115.26399993896484 126.63600158691406
v 48.49369812011719 173.88499450683594 65.35549926757812
v 47.32659912109375 168.78900146484375 65.74140167236328
v 132.24899291992188 190.26499938964844 140.94400024414062
v 173.677001953125 183.98699951171875 140.88299560546875
v 127.12000274658203 277.5950012207031 155.68099975585938
v 158.3509979248047 217.66299438476562 164.4929962158203
v 155.95799255371094 198.1179962158203 175.21400451660156
v 180.82699584960938 196.24400329589844 190.7259979248047
v 180.53900146484375 195.76300048828125 195.10499572753906
v 190.38400268554688 120.78199768066406 179.78599548339844
v 187.08799743652344 118.0999984741211 177.33999633789062
v 53.05670166015625 150.79299926757812 186.50100708007812
v 144.64999389648438 149.83599853515625 150.54100036621094
v 146.55799865722656 149.88400268554688 153.38600158691406
v 233.55499267578125 121.1510009765625 210.26100158691406
v 233.5330047607422 117.86399841308594 212.99600219726562
v 176.52499389648438 197.15899658203125 148.05999755859375
v 177.73300170898438 197.697998046875 152.56199645996094
v 132.2220001220703 270.0119934082031 163.052001953125
v 152.86399841308594 246.89100646972656 162.4320068359375
v 156.53500366210938 239.7830047607422 162.22900390625
v 126.29499816894531 185.4149932861328 109.09400177001953
v 176.21200561523438 161.48699951171875 219.17799377441406
v 177.0240020751953 165.58299255371094 217.61399841308594
v 179.7259979248047 101.61900329589844 173.01699829101562
v 180.23399353027344 93.73480224609375 171.7429962158203
v 154.92799377441406 197.10299682617188 134.22799682617188
v 154.83099365234375 194.1320037841797 134.02699279785156
v 65.72139739990234 190.9720001220703 67.427001953125
v 67.52980041503906 185.03900146484375 68.62300109863281
v 151.197998046875 145.26100158691406 168.05799865722656
v 69.25749969482422 121.12899780273438 189.58799743652344
v 196.3090057373047 190.44400024414062 203.83299255371094
v 201.99400329589844 188.6490020751953 207.093994140625
v 76.154296875 125.61599731445312 128.468994140625
v 78.44380187988281 124.38200378417969 130.98599243164062
v 60.297000885009766 249.17599487304688 161.17599487304688
v 149.4239959716797 207.6959991455078 128.3800048828125
v 151.39300537109375 204.30799865722656 131.09800720214844
v 211.27499389648438 170.08099365234375 187.82200622558594
v 211.24899291992188 163.11300659179688 186.5489959716797
v 209.55999755859375 91.67520141601562 215.3509979248047
v 208.24899291992188 89.10559844970703 211.6269989013672
v 132.3419952392578 118.83999633789062 158.18699645996094
v 179.85699462890625 80.35639953613281 183.2729949951172
v 158.16900634765625 216.75900268554688 196.94500732421875
v 156.64999389648438 217.6580047607422 199.1199951171875
v 185.83200073242188 165.70199584960938 162.3730010986328
v 184.50599670410156 160.78599548339844 162.6199951171875
v 134.7729949951172 148.13800048828125 142.10800170898438
v 138.71600341796875 149.48899841308594 144.91200256347656
v 107.3740005493164 159.97900390625 135.45799255371094
v 106.1050033569336 161.2480010986328 133.59300231933594
v 67.42109680175781 124.15899658203125 184.07699584960938
v 64.50679779052734 128.1699981689453 182.06500244140625
v 97.33059692382812 86.54759979248047 147.0330047607422
v 153.97000122070312 233.4429931640625 178.9759979248047
v 150.697998046875 231.98399353027344 187.78900146484375
v 129.17300415039062 193.2790069580078 232.26300048828125
v 133.16299438476562 189.47999572753906 230.6300048828125
v 235.64500427246094 126.40399932861328 210.5679931640625
v 94.2061996459961 239.531005859375 214.35299682617188
v 86.76110076904297 233.1009979248047 217.01400756835938
v 197.85699462890625 165.43800354003906 215.0709991455078
v 201.88900756835938 172.06700134277344 213.5780029296875
v 167.73300170898438 191.99600219726562 168.30099487304688
v 170.50100708007812 193.55599975585938 167.2689971923828
v 74.59339904785156 112.58100128173828 174.8249969482422
v 59.3672981262207 146.73199462890625 87.04460144042969
v 82.28340148925781 183.10699462890625 78.18569946289062
v 49.68280029296875 175.86599731445312 179.56199645996094
v 70.61309814453125 242.87899780273438 99.81529998779297
v 74.38610076904297 247.53599548339844 102.26699829101562
v 150.5469970703125 254.3090057373047 154.6179962158203
v 152.56300354003906 249.07400512695312 156.15699768066406
v 212.6959991455078 102.87300109863281 217.64100646972656
v 126.59200286865234 284.1099853515625 141.50399780273438
v 129.9739990234375 282.1990051269531 138.91099548339844
v 115.41400146484375 282.8269958496094 134.1009979248047
v 166.5189971923828 85.75160217285156 191.9600067138672
v 159.04200744628906 87.4176025390625 194.8520050048828
v 166.77000427246094 172.44700622558594 170.30099487304688
v 165.09800720214844 173.16099548339844 169.8040008544922
v 163.6999969482422 181.49000549316406 218.88900756835938
v 140.93899536132812 162.8990020751953 150.1699981689453
v 181.35000610351562 194.18800354003906 169.427001953125
v 183.26400756835938 190.86599731445312 173.3249969482422
v 83.31510162353516 143.44400024414062 115.42900085449219
v 49.793701171875 199.156005859375 182.11700439453125
v 52.37179946899414 138.0050048828125 90.71630096435547
v 53.006500244140625 135.33999633789062 94.19090270996094
v 130.37399291992188 242.17799377441406 122.93800354003906
v 52.089500427246094 157.3800048828125 191.97500610351562
v 53.147300720214844 152.94900512695312 194.3470001220703
v 142.39199829101562 130.5330047607422 150.62399291992188
v 150.66600036621094 137.61399841308594 150.50599670410156
v 139.6009979248047 187.4320068359375 155.03599548339844
v 134.60299682617188 185.12600708007812 156.81900024414062
v 183.35699462890625 192.7220001220703 199.00100708007812
v 187.2469940185547 191.6929931640625 200.7010040283203
v 198.66400146484375 98.94170379638672 191.84100341796875
v 202.85800170898438 102.93000030517578 196.77099609375
v 129.26400756835938 82.69149780273438 158.24600219726562
v 131.66600036621094 82.82779693603516 154.33200073242188
v 106.09500122070312 115.18399810791016 143.50999450683594
v 82.70809936523438 93.06790161132812 145.50100708007812
v 109.05799865722656 216.93299865722656 232.08599853515625
v 120.32499694824219 282.99200439453125 134.4029998779297
v 160.71800231933594 162.8090057373047 172.11000061035156
v 161.3419952392578 164.48500061035156 171.52699279785156
v 135.05999755859375 224.00900268554688 215.2030029296875
v 130.13999938964844 222.406005859375 220.4550018310547
v 197.80999755859375 134.51699829101562 179.57000732421875
v 194.66099548339844 129.76100158691406 179.65699768066406
v 66.7249984741211 224.73399353027344 82.55889892578125
v 113.59300231933594 285.6910095214844 137.15899658203125
v 113.46199798583984 286.49200439453125 140.0279998779297
v 161.47999572753906 168.13099670410156 173.25
v 162.802001953125 166.0260009765625 170.73899841308594
v 171.02699279785156 157.48399353027344 220.9250030517578
v 132.4770050048828 269.8240051269531 129.07899475097656
v 130.6820068359375 265.135986328125 126.18699645996094
v 192.04100036621094 134.75799560546875 175.37100219726562
v 163.71600341796875 168.2740020751953 222.71400451660156
v 167.37899780273438 169.2310028076172 220.718994140625
v 144.2969970703125 269.5799865722656 149.4929962158203
v 146.56100463867188 264.3349914550781 149.5449981689453
v 101.21399688720703 253.29400634765625 102.95500183105469
v 142.2100067138672 193.30999755859375 120.99500274658203
v 144.447998046875 190.8459930419922 124.94499969482422
v 60.3484992980957 214.14100646972656 207.9510040283203
v 59.19580078125 221.38099670410156 202.0850067138672
v 57.55059814453125 222.947998046875 99.22460174560547
v 136.93499755859375 174.13400268554688 158.59300231933594
v 131.4290008544922 103.0719985961914 160.28900146484375
v 138.9499969482422 131.8780059814453 160.50999450683594
v 76.44429779052734 117.31400299072266 198.67599487304688
v 50.74100112915039 170.39700317382812 163.6060028076172
v 62.45819854736328 217.5330047607422 81.9490966796875
v 69.80349731445312 106.60399627685547 150.23399353027344
v 65.97149658203125 110.58200073242188 147.7480010986328
v 88.80079650878906 171.78199768066406 83.5781021118164
v 57.72309875488281 164.08900451660156 69.67420196533203
v 98.74320220947266 278.57501220703125 163.34300231933594
v 99.7072982788086 282.2279968261719 155.5919952392578
v 217.0489959716797 110.27200317382812 216.67999267578125
v 123.23400115966797 95.99549865722656 166.38499450683594
v 233.0469970703125 118.98200225830078 214.35000610351562
v 97.9613037109375 98.81490325927734 143.6490020751953
v 224.6929931640625 184.70399475097656 209.62100219726562
v 49.53030014038086 166.38600158691406 183.2530059814453
v 49.087799072265625 170.2530059814453 182.1179962158203
v 220.81700134277344 189.906005859375 209.60000610351562
v 220.45199584960938 194.62600708007812 209.60000610351562
v 49.57939910888672 154.4010009765625 72.88069915771484
v 53.832298278808594 155.2449951171875 73.70559692382812
v 53.472599029541016 151.9340057373047 76.02729797363281
v 201.19900512695312 131.4969940185547 186.22000122070312
v 47.69990158081055 146.36500549316406 79.57499694824219
v 81.72879791259766 105.30799865722656 137.37399291992188
v 82.5875015258789 100.55599975585938 139.04200744628906
v 180.09800720214844 121.4219970703125 169.73800659179688
v 144.96200561523438 195.7740020751953 123.07499694824219
v 69.06739807128906 114.74800109863281 158.60699462890625
v 69.78469848632812 259.82501220703125 140.55799865722656
v 66.89540100097656 255.91200256347656 141.12100219726562
v 236.21099853515625 166.697998046875 209.5469970703125
v 136.3820037841797 124.45500183105469 151.00999450683594
v 138.96800231933594 124.51100158691406 151.56399536132812
v 58.412498474121094 241.78500366210938 145.27000427246094
v 58.55699920654297 240.04600524902344 138.05999755859375
v 160.85400390625 74.90440368652344 150.25100708007812
v 159.11700439453125 72.88079833984375 152.80299377441406
v 190.51199340820312 83.94380187988281 180.6230010986328
v 137.26699829101562 247.5489959716797 129.9550018310547
v 142.47300720214844 240.97900390625 134.4340057373047
v 227.33299255371094 154.2729949951172 199.94200134277344
v 119.64600372314453 171.7530059814453 130.25999450683594
v 121.69100189208984 173.0749969482422 132.84500122070312
v 157.24899291992188 213.65199279785156 194.9709930419922
v 46.33549880981445 151.7530059814453 74.56950378417969
v 43.62329864501953 151.01800537109375 76.86620330810547
v 91.36270141601562 278.32000732421875 150.65899658203125
v 98.06710052490234 281.25 149.52499389648438
v 183.1280059814453 190.56100463867188 202.14700317382812
v 48.674598693847656 172.2550048828125 200.51699829101562
v 167.2969970703125 187.177001953125 138.7760009765625
v 192.86099243164062 87.54979705810547 184.4010009765625
v 49.142398834228516 175.00999450683594 189.8000030517578
v 47.163700103759766 172.1649932861328 187.62399291992188
v 144.38900756835938 135.218994140625 165.79200744628906
v 156.21099853515625 211.875 209.68699645996094
v 154.2239990234375 211.01300048828125 211.96299743652344
v 156.3560028076172 209.21200561523438 193.8509979248047
v 162.20799255371094 89.9738998413086 156.77000427246094
v 160.27200317382812 87.57630157470703 152.677001953125
v 191.18299865722656 127.13999938964844 178.20399475097656
v 140.7209930419922 188.4530029296875 123.78199768066406
v 158.06399536132812 198.6060028076172 185.802001953125
v 160.77099609375 196.72999572753906 187.7899932861328
v 61.98809814453125 149.45899963378906 211.15199279785156
v 61.20130157470703 159.05799865722656 215.41700744628906
v 156.1540069580078 180.82200622558594 149.50100708007812
v 71.55789947509766 129.49899291992188 118.42400360107422
v 144.9720001220703 152.32400512695312 171.60499572753906
v 148.0229949951172 137.77499389648438 172.63600158691406
v 148.79299926757812 137.41900634765625 171.50999450683594
v 88.32540130615234 274.8810119628906 165.58599853515625
v 94.07550048828125 278.2929992675781 162.1199951171875
v 56.52429962158203 236.32200622558594 141.3979949951172
v 126.00599670410156 248.63499450683594 120.12799835205078
v 168.48399353027344 197.0050048828125 182.89500427246094
v 168.40699768066406 198.73599243164062 186.2729949951172
v 113.03299713134766 82.63179779052734 171.5189971923828
v 110.01000213623047 84.23470306396484 177.7220001220703
v 68.0479965209961 109.97000122070312 129.73199462890625
v 66.125 107.04199981689453 130.29100036621094
v 173.01400756835938 204.34300231933594 177.11099243164062
v 175.46800231933594 202.73899841308594 179.5449981689453
v 42.59270095825195 146.9770050048828 88.55419921875
v 136.27999877929688 117.5459976196289 158.927001953125
v 136.35299682617188 119.9229965209961 157.64500427246094
v 170.86199951171875 206.44700622558594 194.59800720214844
v 225.4600067138672 169.68299865722656 197.6230010986328
v 164.86900329589844 127.04900360107422 156.21499633789062
v 168.82200622558594 123.16699981689453 160.19900512695312
v 170.9429931640625 194.8489990234375 151.6280059814453
v 169.63999938964844 119.572998046875 162.70199584960938
v 170.76699829101562 116.55000305175781 164.5260009765625
v 57.9921989440918 234.13999938964844 190.60800170898438
v 61.75090026855469 236.8679962158203 193.6909942626953
v 236.26400756835938 167.60299682617188 205.33099365234375
v 176.33200073242188 201.5070037841797 171.61599731445312
v 176.3820037841797 201.28700256347656 168.09100341796875
v 144.88800048828125 148.03799438476562 163.1439971923828
v 146.47900390625 150.61199951171875 161.91000366210938
v 206.85699462890625 145.31399536132812 185.30299377441406
v 209.8280029296875 144.06700134277344 187.64999389648438
v 190.4459991455078 94.58380126953125 183.03700256347656
v 88.77970123291016 265.4530029296875 115.06099700927734
v 93.214599609375 265.4309997558594 112.71099853515625
v 128.56900024414062 192.2949981689453 107.60099792480469
v 67.26719665527344 107.74800109863281 144.36399841308594
v 122.71499633789062 165.5 134.47500610351562
v 124.49600219726562 166.3990020751953 137.5330047607422
v 207.89999389648438 188.29100036621094 194.1510009765625
v 129.25599670410156 171.50100708007812 147.70399475097656
v 133.86599731445312 171.875 149.75399780273438
v 64.94020080566406 118.26799774169922 152.4149932861328
v 63.8401985168457 115.13899993896484 148.0709991455078
v 143.6060028076172 183.3780059814453 157.4409942626953
v 51.64390182495117 137.32000732421875 116.6780014038086
v 51.1786003112793 134.88099670410156 112.62300109863281
v 135.35899353027344 132.3800048828125 164.26499938964844
v 45.293399810791016 140.00900268554688 103.1240005493164
v 136.69400024414062 177.71499633789062 158.92100524902344
v 203.41299438476562 150.21800231933594 217.4980010986328
v 142.79800415039062 190.33399963378906 148.66799926757812
v 144.61199951171875 191.1060028076172 142.20599365234375
v 148.61099243164062 153.0800018310547 157.5659942626953
v 151.1540069580078 152.43800354003906 154.906005859375
v 114.9739990234375 117.41600036621094 218.01800537109375
v 108.81800079345703 123.2959976196289 218.2209930419922
v 121.47899627685547 84.96510314941406 186.48699951171875
v 115.66300201416016 83.3916015625 179.04299926757812
v 122.35700225830078 96.84369659423828 164.7100067138672
v 163.05099487304688 194.656005859375 185.38699340820312
v 165.08999633789062 194.87600708007812 182.9029998779297
v 150.63699340820312 249.2220001220703 151.56399536132812
v 126.5719985961914 190.3820037841797 148.3459930419922
v 124.68099975585938 190.63099670410156 150.0050048828125
v 117.97100067138672 128.35299682617188 223.16600036621094
v 171.6649932861328 204.64999389648438 178.00900268554688
v 172.375 204.61199951171875 180.05799865722656
v 49.70370101928711 136.1230010986328 90.84819793701172
v 152.35400390625 178.88699340820312 154.28199768066406
v 55.28730010986328 232.18699645996094 134.46499633789062
v 139.36500549316406 111.70099639892578 223.41200256347656
v 137.99899291992188 109.94400024414062 221.23500061035156
v 107.56099700927734 122.81600189208984 141.35899353027344
v 111.15599822998047 130.8159942626953 139.78799438476562
v 179.03799438476562 201.9550018310547 193.63800048828125
v 179.05799865722656 199.6060028076172 196.02099609375
v 154.4720001220703 154.10299682617188 154.13400268554688
v 129.2779998779297 218.4219970703125 223.69900512695312
v 229.64700317382812 107.77799987792969 212.42999267578125
v 228.97000122070312 105.49199676513672 212.70399475097656
v 181.44200134277344 164.81900024414062 151.68499755859375
v 150.96099853515625 75.6572036743164 164.56100463867188
v 144.9929962158203 73.77169799804688 158.4530029296875
v 64.63349914550781 172.4149932861328 69.51640319824219
v 67.7332992553711 166.1439971923828 74.4717025756836
v 150.01499938964844 150.83999633789062 162.4040069580078
v 150.0679931640625 152.52999877929688 161.11199951171875
v 134.88400268554688 170.7209930419922 231.75
v 130.5399932861328 169.8070068359375 233.3800048828125
v 150.14599609375 142.93699645996094 151.32000732421875
v 156.5850067138672 142.9739990234375 150.39999389648438
v 200.89300537109375 108.03900146484375 193.59100341796875
v 217.94000244140625 177.20899963378906 190.7729949951172
v 161.51400756835938 191.2989959716797 145.11399841308594
v 160.89199829101562 192.41299438476562 141.73399353027344
v 83.64540100097656 93.98770141601562 158.54400634765625
v 141.4149932861328 266.22198486328125 139.45899963378906
v 233.1580047607422 165.218994140625 210.42799377441406
v 211.1060028076172 191.76400756835938 208.81900024414062
v 81.76360321044922 268.9079895019531 130.2030029296875
v 85.26029968261719 270.94000244140625 129.45399475097656
v 101.60299682617188 215.2030029296875 96.43329620361328
v 104.71499633789062 210.08299255371094 95.6885986328125
v 188.81100463867188 106.02899932861328 182.0989990234375
v 195.33099365234375 102.85800170898438 188.6750030517578
v 188.1490020751953 177.5019989013672 163.9290008544922
v 187.6999969482422 173.53199768066406 167.2100067138672
v 132.11300659179688 174.1009979248047 151.19900512695312
v 132.75799560546875 175.53799438476562 153.61900329589844
v 58.44260025024414 155.42999267578125 75.05380249023438
v 123.875 273.13299560546875 125.94999694824219
v 128.7239990234375 269.38800048828125 126.11399841308594
v 114.16300201416016 234.4040069580078 217.50900268554688
v 118.19300079345703 235.67599487304688 214.85899353027344
v 155.0030059814453 198.98500061035156 171.01199340820312
v 85.5864028930664 252.24600219726562 99.92259979248047
v 131.2480010986328 184.46800231933594 231.8249969482422
v 125.91699981689453 243.1529998779297 119.2699966430664
v 78.22039794921875 211.0709991455078 227.0399932861328
v 100.8489990234375 195.08399963378906 87.72850036621094
v 101.5009994506836 190.29200744628906 87.70469665527344
v 147.87899780273438 155.5709991455078 156.13699340820312
v 57.319801330566406 190.30499267578125 215.33900451660156
v 180.156005859375 78.60379791259766 166.37899780273438
v 83.0280990600586 169.75100708007812 235.88600158691406
v 130.52699279785156 181.63699340820312 155.9429931640625
v 133.60699462890625 181.927001953125 156.052001953125
v 76.35780334472656 172.8820037841797 232.99899291992188
v 195.03500366210938 84.19580078125 198.29200744628906
v 190.718994140625 87.30870056152344 204.1959991455078
v 185.8419952392578 152.406005859375 164.21499633789062
v 187.14700317382812 146.9810028076172 167.0850067138672
v 222.54100036621094 189.9080047607422 199.9929962158203
v 226.11300659179688 190.80499267578125 202.93899536132812
v 143.24000549316406 223.17999267578125 126.6709976196289
v 146.125 219.0919952392578 127.91100311279297
v 54.0182991027832 143.1439971923828 137.8209991455078
v 51.63650131225586 146.7220001220703 134.5959930419922
v 96.38529968261719 214.73800659179688 92.89330291748047
v 99.3594970703125 210.54299926757812 92.81420135498047
v 167.41000366210938 163.8209991455078 221.697998046875
v 152.14700317382812 152.18099975585938 172.8000030517578
v 129.45199584960938 86.43209838867188 156.01400756835938
v 128.5970001220703 90.2251968383789 156.70700073242188
v 230.2570037841797 143.6999969482422 203.19900512695312
v 227.67100524902344 140.06100463867188 202.91900634765625
v 63.392799377441406 153.56500244140625 79.82420349121094
v 65.0188980102539 151.51199340820312 84.37049865722656
v 70.14019775390625 257.77301025390625 130.8560028076172
v 74.12149810791016 259.2879943847656 126.09300231933594
v 104.73200225830078 126.40299987792969 218.19700622558594
v 99.62689971923828 122.71499633789062 214.30499267578125
v 127.30899810791016 194.17599487304688 152.04100036621094
v 199.12100219726562 128.35499572753906 220.33599853515625
v 194.3470001220703 123.40799713134766 222.1320037841797
v 151.4149932861328 197.95799255371094 149.69900512695312
v 54.31209945678711 130.03700256347656 118.65899658203125
v 52.78559875488281 133.95399475097656 117.9749984741211
v 94.09290313720703 257.35699462890625 103.8010025024414
v 174.72799682617188 153.4149932861328 156.13499450683594
v 176.88800048828125 151.82400512695312 156.97000122070312
v 99.0833969116211 149.55799865722656 137.36900329589844
v 104.5780029296875 153.0659942626953 137.427001953125
v 71.69989776611328 101.46700286865234 136.3260040283203
v 71.0510025024414 102.47799682617188 133.45399475097656
v 61.83290100097656 177.7530059814453 222.05499267578125
v 65.8031997680664 179.9949951171875 226.23199462890625
v 125.49299621582031 105.95700073242188 158.72799682617188
v 124.70500183105469 103.5510025024414 162.74600219726562
v 55.51620101928711 238.02999877929688 160.1820068359375
v 55.0796012878418 143.25100708007812 141.8979949951172
v 124.88200378417969 97.6875991821289 165.51499938964844
v 148.60499572753906 259.2690124511719 153.41099548339844
v 135.75799560546875 241.83900451660156 195.01699829101562
v 170.5709991455078 177.7530059814453 143.38600158691406
v 176.79400634765625 177.08200073242188 145.96400451660156
v 50.16379928588867 164.447998046875 201.81700134277344
v 63.95899963378906 114.52100372314453 124.83100128173828
v 66.6666030883789 112.9489974975586 127.3270034790039
v 46.80830001831055 179.7310028076172 76.8240966796875
v 49.50640106201172 186.86000061035156 77.45919799804688
v 135.54800415039062 111.87999725341797 223.20700073242188
v 123.77899932861328 97.82559967041016 209.38499450683594
v 119.06500244140625 101.44400024414062 210.06700134277344
v 214.10299682617188 180.5959930419922 210.8820037841797
v 194.40899658203125 82.6134033203125 188.70799255371094
v 193.0749969482422 82.34239959716797 184.89300537109375
v 70.98899841308594 149.3459930419922 220.09100341796875
v 76.83450317382812 150.593994140625 225.1269989013672
v 158.50999450683594 223.9739990234375 186.60699462890625
v 95.1843032836914 85.22440338134766 150.09500122070312
v 109.49299621582031 129.4530029296875 221.0709991455078
v 155.14300537109375 195.0330047607422 141.10400390625
v 156.08700561523438 192.95899963378906 146.3560028076172
v 57.2760009765625 151.74000549316406 78.15260314941406
v 143.25999450683594 111.11900329589844 223.46400451660156
v 56.778900146484375 180.48500061035156 216.802001953125
v 178.40899658203125 155.01699829101562 158.29400634765625
v 108.23799896240234 204.01499938964844 94.94509887695312
v 113.64199829101562 198.69400024414062 96.42169952392578
v 71.30999755859375 239.00399780273438 92.63189697265625
v 75.64730072021484 238.9739990234375 89.31220245361328
v 104.46299743652344 90.11019897460938 146.82000732421875
v 100.95999908447266 87.41310119628906 146.72799682617188
v 55.293701171875 232.22500610351562 178.94400024414062
v 127.15799713134766 183.25 156.06500244140625
v 175.48199462890625 76.05359649658203 161.75399780273438
v 126.09700012207031 157.53500366210938 136.9149932861328
v 165.5749969482422 178.27999877929688 143.7729949951172
v 177.38900756835938 146.3300018310547 158.8159942626953
v 126.30699920654297 143.61099243164062 139.70399475097656
v 125.93199920654297 138.6479949951172 141.3979949951172
v 138.49099731445312 191.02000427246094 151.1009979248047
v 155.0189971923828 213.97900390625 207.09500122070312
v 157.41900634765625 211.85299682617188 207.03500366210938
v 160.3560028076172 192.63900756835938 169.01300048828125
v 162.95399475097656 190.36399841308594 167.27699279785156
v 164.48899841308594 191.24899291992188 146.2570037841797
v 126.22100067138672 195.42599487304688 154.51199340820312
v 146.1529998779297 149.1009979248047 172.8000030517578
v 147.89300537109375 144.96800231933594 172.8000030517578
v 103.03099822998047 171.52099609375 241.57200622558594
v 159.47900390625 159.86399841308594 170.44500732421875
v 50.4818000793457 146.5780029296875 129.14100646972656
v 147.3769989013672 140.76300048828125 166.20399475097656
v 147.4149932861328 144.05799865722656 163.16600036621094
v 141.63800048828125 198.88699340820312 118.56199645996094
v 118.3499984741211 122.08999633789062 221.95199584960938
v 113.56199645996094 124.22899627685547 220.40899658203125
v 180.0070037841797 89.89769744873047 206.7899932861328
v 168.1820068359375 192.27099609375 154.61300659179688
v 160.17999267578125 144.52200317382812 151.23399353027344
v 167.07000732421875 171.78599548339844 172.77200317382812
v 166.1909942626953 173.61000061035156 171.72000122070312
v 195.1959991455078 184.3939971923828 206.2220001220703
v 63.640098571777344 250.26100158691406 175.23599243164062
v 46.51390075683594 148.29299926757812 77.27290344238281
v 44.145999908447266 148.21099853515625 78.87010192871094
v 158.68800354003906 208.94000244140625 197.47000122070312
v 158.98500061035156 206.10899353027344 196.36199951171875
v 185.66799926757812 168.14999389648438 157.8679962158203
v 182.5070037841797 164.0709991455078 158.18099975585938
v 167.8300018310547 200.85899353027344 190.83399963378906
v 227.48300170898438 171.78399658203125 200.89700317382812
v 103.9010009765625 86.72650146484375 148.04600524902344
v 67.7874984741211 260.4830017089844 151.09800720214844
v 69.22640228271484 259.07501220703125 146.4510040283203
v 183.46200561523438 83.34230041503906 191.39999389648438
v 142.4810028076172 152.74400329589844 147.9290008544922
v 145.85400390625 153.57899475097656 152.1699981689453
v 148.03700256347656 76.1677017211914 148.27999877929688
v 234.07899475097656 123.39399719238281 213.7270050048828
v 122.01899719238281 186.33799743652344 155.81900024414062
v 122.13300323486328 189.67300415039062 156.8000030517578
v 214.2689971923828 90.19059753417969 212.50900268554688
v 123.84700012207031 163.17300415039062 135.593994140625
v 167.98500061035156 196.69500732421875 178.03900146484375
v 170.41400146484375 200.71499633789062 174.4340057373047
v 98.09140014648438 205.70599365234375 89.62049865722656
v 61.31850051879883 114.6719970703125 138.9600067138672
v 59.199798583984375 120.33599853515625 140.13999938964844
v 175.56900024414062 100.95899963378906 169.38900756835938
v 133.64999389648438 115.23600006103516 167.37600708007812
v 173.31700134277344 87.84100341796875 162.9929962158203
v 158.51300048828125 221.36700439453125 190.6479949951172
v 46.55400085449219 195.26800537109375 187.28599548339844
v 48.235198974609375 197.98199462890625 189.37399291992188
v 153.3159942626953 185.343994140625 148.58200073242188
v 143.4720001220703 254.718994140625 138.70799255371094
v 163.6009979248047 159.7989959716797 158.70399475097656
v 93.93489837646484 119.2979965209961 139.26300048828125
v 106.44999694824219 94.4989013671875 147.031005859375
v 57.440101623535156 121.98200225830078 120.53800201416016
v 55.906898498535156 123.24199676513672 124.18199920654297
v 50.0166015625 201.33299255371094 174.58900451660156
v 112.77200317382812 247.16400146484375 109.58100128173828
v 43.56650161743164 147.0030059814453 103.61399841308594
v 43.15370178222656 152.57699584960938 105.2300033569336
v 50.93479919433594 162.69700622558594 196.8679962158203
v 122.03099822998047 94.68810272216797 165.9759979248047
v 120.53500366210938 95.4448013305664 161.8179931640625
v 68.52429962158203 153.47999572753906 84.03389739990234
v 48.69269943237305 140.8300018310547 112.69999694824219
v 50.2135009765625 141.10699462890625 116.4209976196289
v 149.8719940185547 246.572998046875 168.72000122070312
v 114.04100036621094 138.43499755859375 138.61399841308594
v 117.05000305175781 146.6020050048828 137.43800354003906
v 183.802001953125 122.26100158691406 224
v 172.8209991455078 116.1510009765625 224
v 176.39700317382812 179.5 178.30499267578125
v 174.6320037841797 179.0780029296875 177.80099487304688
v 181.2429962158203 183.2030029296875 177.6719970703125
v 214.39300537109375 128.177001953125 198.16000366210938
v 158.87100219726562 171.61000061035156 155.98500061035156
v 139.33900451660156 96.17489624023438 152.11000061035156
v 143.8780059814453 191.16900634765625 226.22900390625
v 74.95240020751953 258.45599365234375 185.41400146484375
v 145.56300354003906 188.81300354003906 130.76199340820312
v 146.156005859375 189.5749969482422 127.21600341796875
v 48.96929931640625 177.71400451660156 165.2169952392578
v 215.822998046875 166.91200256347656 190.25599670410156
v 95.88880157470703 131.2989959716797 219.8489990234375
v 89.31539916992188 131.16200256347656 218.052001953125
v 172.97900390625 180.7010040283203 179.17999267578125
v 49.66299819946289 195.20599365234375 198.48800659179688
v 53.42490005493164 202.48699951171875 203.54200744628906
v 228.15699768066406 162.92300415039062 199.927001953125
v 228.697998046875 157.98899841308594 200.6820068359375
v 89.63970184326172 251.97500610351562 200.1699981689453
v 84.33609771728516 254.82000732421875 194.8939971923828
v 137.5050048828125 114.68299865722656 224.04200744628906
v 226.552001953125 186.35400390625 202.40199279785156
v 223.7570037841797 186.2899932861328 199.00999450683594
v 141.0279998779297 242.0050048828125 188.33799743652344
v 200.92599487304688 149.41600036621094 178.34800720214844
v 58.3744010925293 183.49899291992188 218.14500427246094
v 152.77699279785156 112.49800109863281 224.36099243164062
v 144.10899353027344 116.46800231933594 225.00900268554688
v 123.30000305175781 151.19700622558594 231.3979949951172
v 155.375 209.51400756835938 176.48800659179688
v 47.39120101928711 177.61099243164062 69.04280090332031
v 50.48500061035156 184.77499389648438 70.45800018310547
v 143.03199768066406 261.1719970703125 140.06500244140625
v 146.1439971923828 257.6719970703125 145.8249969482422
v 161.47500610351562 176.81399536132812 222.2270050048828
v 59.40370178222656 135.85800170898438 99.64769744873047
v 60.35309982299805 133.0449981689453 103.17900085449219
v 45.6697998046875 146.25900268554688 80.01480102539062
v 107.40599822998047 213.93099975585938 98.82319641113281
v 213.58299255371094 192.25900268554688 198.82899475097656
v 216.906005859375 187.9929962158203 195.85800170898438
v 148.18699645996094 156.7239990234375 160.22300720214844
v 146.63900756835938 160.6699981689453 162.95899963378906
v 48.86119842529297 183.8679962158203 173.7100067138672
v 168.87899780273438 202.51400756835938 187.64599609375
v 171.4029998779297 204.61000061035156 183.8520050048828
v 47.39550018310547 181.74200439453125 188.8990020751953
v 48.25429916381836 185.50399780273438 190.30299377441406
v 134.2830047607422 123.41200256347656 170.9530029296875
v 167.718994140625 180.42300415039062 142.156005859375
v 130.30099487304688 110.63600158691406 220.10499572753906
v 126.38099670410156 107.71499633789062 217.5989990234375
v 171.7570037841797 203.0189971923828 170.23699951171875
v 148.98399353027344 154.9949951171875 172.8000030517578
v 56.350399017333984 244.4040069580078 153.41000366210938
v 223.86199951171875 137.49899291992188 215.20599365234375
v 144.67999267578125 137.8939971923828 172.8000030517578
v 143.39999389648438 140.33700561523438 172.8000030517578
v 144.84300231933594 259.3160095214844 162.4759979248047
v 160.24600219726562 162.57699584960938 164.33900451660156
v 120.33699798583984 89.94580078125 168.55099487304688
v 118.80799865722656 89.06890106201172 165.54400634765625
v 149.88999938964844 204.2740020751953 141.7790069580078
v 150.0760040283203 201.4250030517578 140.23599243164062
v 61.95930099487305 142.92300415039062 206.53199768066406
v 59.47520065307617 147.5590057373047 206.72999572753906
v 104.41899871826172 103.61199951171875 204.68299865722656
v 94.652099609375 256.6409912109375 195.34300231933594
v 149.90699768066406 143.81100463867188 172.8000030517578
v 48.7140007019043 172.6999969482422 133.08399963378906
v 128.03599548339844 188.6020050048828 233.27200317382812
v 165.45899963378906 198.73199462890625 210.70199584960938
v 113.0530014038086 103.7490005493164 207.1929931640625
v 112.78299713134766 106.80400085449219 210.82400512695312
v 162.91600036621094 190.7989959716797 164.06100463867188
v 165.76600646972656 191.1909942626953 164.3350067138672
v 133.1529998779297 219.1230010986328 219.92300415039062
v 108.1500015258789 104.94599914550781 207.10699462890625
v 221.4709930419922 113.13300323486328 206.41900634765625
v 158.96600341796875 163.61199951171875 172.75999450683594
v 68.28980255126953 172.875 227.45799255371094
v 71.63939666748047 178.50799560546875 230.7989959716797
v 78.61409759521484 108.83200073242188 182.28199768066406
v 96.34459686279297 280.8320007324219 143.9320068359375
v 154.47300720214844 194.1479949951172 155.1300048828125
v 163.83099365234375 160.8769989013672 223.4040069580078
v 161.50399780273438 163.88400268554688 168.06199645996094
v 176.42799377441406 204.7519989013672 193.95199584960938
v 177.03700256347656 202.14300537109375 196.56900024414062
v 85.47059631347656 143.2830047607422 129.1529998779297
v 82.91100311279297 142.90699768066406 126.2979965209961
v 138.39100646972656 189.86099243164062 118.42500305175781
v 57.65399932861328 187.4759979248047 64.7311019897461
v 59.24919891357422 194.14700317382812 67.58779907226562
v 114.90699768066406 263.20001220703125 184.72999572753906
v 125.85800170898438 168.4770050048828 235.031005859375
v 129.18099975585938 190.81399536132812 142.91400146484375
v 126.94499969482422 190.04200744628906 144.58999633789062
v 144.30799865722656 74.24739837646484 151.29800415039062
v 139.4980010986328 77.23269653320312 150.8780059814453
v 48.57270050048828 211.63099670410156 167.40699768066406
v 49.632598876953125 217.48899841308594 161.24899291992188
v 142.53500366210938 269.8330078125 144.9600067138672
v 182.427001953125 191.94700622558594 153.11099243164062
v 69.9800033569336 120.34300231933594 125.50199890136719
v 70.26380157470703 115.08899688720703 128.86300659179688
v 145.4550018310547 143.23500061035156 162.39700317382812
v 124.23500061035156 255.6540069580078 119.3280029296875
v 196.31900024414062 143.86199951171875 176.33999633789062
v 200.38699340820312 145.5540008544922 178.34800720214844
v 155.98599243164062 221.41900634765625 194.6959991455078
v 123.572998046875 195.5469970703125 154.89999389648438
v 158.64500427246094 157.5500030517578 171.322998046875
v 157.8939971923828 158.22500610351562 169.73800659179688
v 146.00100708007812 243.218994140625 180.46800231933594
v 148.0780029296875 237.16900634765625 184.18899536132812
v 231.05099487304688 111.56700134277344 213.6199951171875
v 230.17799377441406 109.69100189208984 213.83799743652344
v 53.09989929199219 132.95199584960938 114.46199798583984
v 54.024600982666016 127.75900268554688 120.83000183105469
v 138.02000427246094 131.79299926757812 171.98899841308594
v 99.0385971069336 118.2770004272461 211.46499633789062
v 122.55999755859375 185.27200317382812 153.11700439453125
v 43.933799743652344 173.5959930419922 79.25569915771484
v 151.85499572753906 209.5050048828125 157.51199340820312
v 153.04299926757812 207.73599243164062 163.36000061035156
v 125.84100341796875 113.2760009765625 151.6219940185547
v 123.99500274658203 109.1449966430664 152.4600067138672
v 186.8000030517578 183.23300170898438 158.052001953125
v 71.52539825439453 261.4779968261719 134.01300048828125
v 120.5780029296875 251.0489959716797 115.76699829101562
v 126.96900177001953 109.03700256347656 155.66099548339844
v 106.89900207519531 135.2989959716797 138.28500366210938
v 101.94000244140625 127.7300033569336 139.17599487304688
v 109.7300033569336 165.89700317382812 118.0999984741211
v 107.13800048828125 164.7050018310547 121.125
v 225.08900451660156 150.697998046875 199.3249969482422
v 132.0489959716797 123.78399658203125 162.35299682617188
v 160.7779998779297 173.41799926757812 170.41700744628906
v 162.8070068359375 170.6999969482422 166.8979949951172
v 121.6050033569336 170.97999572753906 136.5850067138672
v 121.7490005493164 171.18600463867188 140.2480010986328
v 233.1840057373047 124.0510025024414 209.177001953125
v 210.468994140625 99.02890014648438 203.14599609375
v 214.906005859375 107.41500091552734 204.96299743652344
v 70.14859771728516 259.2640075683594 176.4770050048828
v 72.52189636230469 260.87701416015625 180.50999450683594
v 150.427001953125 148.27499389648438 164.1959991455078
v 152.14100646972656 148.86399841308594 167.16799926757812
v 229.38999938964844 111.3030014038086 210.6909942626953
v 130.9709930419922 81.8115005493164 179.11900329589844
v 202.61399841308594 92.1072006225586 196.1320037841797
v 57.45899963378906 128.0290069580078 117.08000183105469
v 55.042999267578125 130.8560028076172 115.93000030517578
v 153.19500732421875 195.28900146484375 145.4250030517578
v 151.42999267578125 198.6540069580078 140.66299438476562
v 148.9199981689453 219.77200317382812 130.8679962158203
v 201.92300415039062 184.64500427246094 189.25799560546875
v 127.41500091552734 283.4070129394531 137.53599548339844
v 161.23899841308594 169.52499389648438 161.593994140625
v 158.19200134277344 172.78199768066406 161.0780029296875
v 90.38899993896484 189.11599731445312 239.71099853515625
v 81.17019653320312 238.83799743652344 89.10530090332031
v 226.09100341796875 103.76799774169922 214.4739990234375
v 225.5709991455078 100.91000366210938 214.21499633789062
v 179.06300354003906 195.322998046875 148.73199462890625
v 112.6259994506836 167.4759979248047 129.40499877929688
v 111.69499969482422 167.93899536132812 124.66699981689453
v 79.4375991821289 96.0625991821289 154.49000549316406
v 77.41020202636719 96.37999725341797 147.70700073242188
v 109.52300262451172 285.6310119628906 144.2969970703125
v 65.53589630126953 257.97198486328125 151.47500610351562
v 138.7550048828125 129.38699340820312 160.4040069580078
v 91.61209869384766 151.18299865722656 128.85499572753906
v 88.01409912109375 149.0260009765625 126.87300109863281
v 96.44020080566406 237.58299255371094 96.87879943847656
v 101.41600036621094 241.35800170898438 100.58599853515625
v 229.3780059814453 181.58599853515625 209.28500366210938
v 165.0500030517578 73.61080169677734 154.92799377441406
v 125.98100280761719 187.406005859375 144.24600219726562
v 127.71199798583984 185.07899475097656 140.20799255371094
v 162.72799682617188 203.20799255371094 204.4770050048828
v 160.66299438476562 206.58900451660156 205.85800170898438
v 133.55799865722656 126.26300048828125 171.82899475097656
v 136.49099731445312 127.00199890136719 171.21600341796875
v 66.8781967163086 117.12000274658203 125.10600280761719
v 91.77739715576172 151.48300170898438 108.94200134277344
v 57.989898681640625 239.69900512695312 179.45799255371094
v 129.906005859375 265.9949951171875 170.8300018310547
v 147.93699645996094 152.31900024414062 172.8000030517578
v 152.69200134277344 213.0970001220703 133.14599609375
v 152.81399536132812 210.09100341796875 132.822998046875
v 140.4010009765625 100.38600158691406 215.91799926757812
v 134.09300231933594 103.3280029296875 217.49899291992188
v 49.30699920654297 174.76300048828125 196.95899963378906
v 139.0469970703125 123.99199676513672 162.56199645996094
v 138.53399658203125 123.24400329589844 165.02000427246094
v 207.27999877929688 116.9219970703125 197.30599975585938
v 206.49200439453125 110.1780014038086 198.7689971923828
v 124.01899719238281 105.11699676513672 155.9739990234375
v 121.06800079345703 105.90699768066406 152.48399353027344
v 228.8090057373047 111.62999725341797 214.48300170898438
v 57.73680114746094 142.82899475097656 167.6219940185547
v 155.64199829101562 191.28399658203125 137.51699829101562
v 152.98800659179688 191.49099731445312 137.8280029296875
v 182.1300048828125 173.7779998779297 212.1529998779297
v 177.83099365234375 170.2310028076172 214.27999877929688
v 107.31400299072266 175.0970001220703 94.69950103759766
v 105.38899993896484 171.41400146484375 92.75589752197266
v 150.19700622558594 199.99000549316406 129.82899475097656
v 151.60400390625 196.06199645996094 131.46400451660156
v 77.85900115966797 136.4459991455078 120.24700164794922
v 145.86000061035156 89.61499786376953 198.0919952392578
v 138.55799865722656 92.81089782714844 204.2220001220703
v 100.03600311279297 265.8420104980469 184.46800231933594
v 181.9199981689453 184.28500366210938 184.46400451660156
v 187.48800659179688 184.13099670410156 184.60899353027344
v 50.731201171875 169.31900024414062 64.47879791259766
v 161.92599487304688 73.7217025756836 158.78799438476562
v 161.40699768066406 75.42539978027344 164.05999755859375
v 202.2209930419922 92.12339782714844 215.6320037841797
v 143.656005859375 234.43299865722656 133.9739990234375
v 82.68060302734375 259.5820007324219 188.15199279785156
v 88.52580261230469 262.35699462890625 186.63299560546875
v 148.65499877929688 145.51600646972656 163.92300415039062
v 147.72300720214844 148.0709991455078 161.86500549316406
v 83.8989028930664 191.89300537109375 236.4669952392578
v 208.77499389648438 93.7385025024414 201.6020050048828
v 61.785099029541016 116.5009994506836 143.38900756835938
v 61.04029846191406 119.56300354003906 145.85499572753906
v 154.1909942626953 157.88900756835938 165.56300354003906
v 78.39070129394531 95.64939880371094 143.0260009765625
v 219.01400756835938 91.14240264892578 210.16799926757812
v 221.1179962158203 91.58550262451172 212.3820037841797
v 49.53779983520508 192.27200317382812 181.1719970703125
v 82.33869934082031 96.50579833984375 141.45599365234375
v 126.61000061035156 245.802001953125 199.0330047607422
v 122.1240005493164 244.3800048828125 204.11300659179688
v 107.41699981689453 142.656005859375 137.69000244140625
v 154.30799865722656 220.56100463867188 140.17100524902344
v 187.01600646972656 175.76300048828125 156.38800048828125
v 47.64799880981445 199.9250030517578 139.87899780273438
v 146.906005859375 86.89730072021484 149.03700256347656
v 149.5229949951172 91.67790222167969 150.88600158691406
v 98.2300033569336 219.25799560546875 96.02989959716797
v 161.54400634765625 204.88699340820312 199.0850067138672
v 163.6199951171875 201.98199462890625 198.4040069580078
v 133.51800537109375 117.23799896240234 168.88400268554688
v 136.56399536132812 119.81400299072266 166.43499755859375
v 45.3213005065918 185.2689971923828 184.94400024414062
v 45.416900634765625 187.9669952392578 184.60899353027344
v 235.5489959716797 148.33599853515625 213.84500122070312
v 231.74600219726562 152.8209991455078 214.14500427246094
v 123.49299621582031 85.9260025024414 167.70199584960938
v 136.47799682617188 117.82099914550781 163.35499572753906
v 125.7490005493164 194.50900268554688 104.43199920654297
v 120.7239990234375 190.7220001220703 101.43299865722656
v 100.28199768066406 117.27100372314453 140.60699462890625
v 99.12419891357422 89.79810333251953 145.2169952392578
v 90.59870147705078 230.45599365234375 92.0884017944336
v 126.58799743652344 179.04600524902344 138.25100708007812
v 134.68600463867188 204.09800720214844 225.906005859375
v 139.6009979248047 235.26199340820312 129.62899780273438
v 153.5070037841797 227.1790008544922 191.98300170898438
v 215.76499938964844 192.34100341796875 209.57899475097656
v 215.13900756835938 188.14100646972656 209.66799926757812
v 123.58399963378906 209.0500030517578 105.59400177001953
v 64.85050201416016 255.09300231933594 163.72000122070312
v 153.86000061035156 147.48399353027344 170.4969940185547
v 169.66400146484375 184.09100341796875 214.3179931640625
v 216.8280029296875 164.8280029296875 214.50100708007812
v 52.40060043334961 162.74899291992188 159.3780059814453
v 51.68080139160156 162.74600219726562 151.06199645996094
v 185.0679931640625 188.30799865722656 166.6540069580078
v 47.992801666259766 208.3350067138672 149.5
v 63.45069885253906 220.64700317382812 207.90499877929688
v 69.74490356445312 226.8209991455078 210.2729949951172
v 67.17310333251953 242.31199645996094 196.07400512695312
v 72.0166015625 232.2519989013672 208.22300720214844
v 76.82959747314453 231.45599365234375 212.12399291992188
v 134.7469940185547 130.1739959716797 162.6009979248047
v 133.14100646972656 128.76499938964844 164.0850067138672
v 155.32899475097656 239.54299926757812 166.11099243164062
v 74.9614028930664 132.74200439453125 119.85299682617188
v 73.83509826660156 129.25599670410156 122.64399719238281
v 94.66079711914062 166.98599243164062 86.14559936523438
v 101.13800048828125 276.0199890136719 124.96199798583984
v 70.88200378417969 236.11500549316406 89.3031005859375
v 120.27300262451172 92.29280090332031 165.6009979248047
v 81.14550018310547 138.88299560546875 127.34500122070312
v 79.98419952392578 135.1439971923828 127.99299621582031
v 72.28099822998047 254.66000366210938 120.67500305175781
v 41.1505012512207 145.593994140625 94.98249816894531
v 42.19850158691406 143.21200561523438 90.97059631347656
v 230.01499938964844 120.65699768066406 208.06100463867188
v 227.80299377441406 115.5780029296875 208.53399658203125
v 156.88400268554688 205.18600463867188 192.93499755859375
v 148.37600708007812 213.2740020751953 212.02000427246094
v 163.10400390625 178.3800048828125 220.4770050048828
v 156.08799743652344 171.0850067138672 167.97900390625
v 54.21860122680664 150.11199951171875 183.1490020751953
v 126.875 129.09800720214844 226.2949981689453
v 127.81099700927734 83.0875015258789 161.3040008544922
v 145.1020050048828 163.8820037841797 165.32200622558594
v 160.03199768066406 165.55799865722656 172.86599731445312
v 94.94619750976562 162.51100158691406 237.69400024414062
v 88.6759033203125 167.7469940185547 237.63499450683594
v 136.75799560546875 123.44599914550781 168.73500061035156
v 230.8780059814453 182.58700561523438 208.15699768066406
v 231.20399475097656 181.71600341796875 206.58299255371094
v 168.1719970703125 88.50980377197266 199.06300354003906
v 142.31700134277344 147.85699462890625 167.78799438476562
v 48.47909927368164 192.66600036621094 97.51490020751953
v 50.83980178833008 203.4709930419922 98.93360137939453
v 56.331298828125 145.86500549316406 152.1020050048828
v 162.0290069580078 194.5800018310547 181.0780029296875
v 58.952598571777344 138.44700622558594 158.06300354003906
v 125.572998046875 160.64100646972656 136.83999633789062
v 133.28599548339844 129.88499450683594 168.0709991455078
v 87.20249938964844 174.85000610351562 239.0229949951172
v 214.82899475097656 184.70700073242188 192.68600463867188
v 56.65290069580078 130.88699340820312 142.48800659179688
v 189.43800354003906 180.87100219726562 207.1739959716797
v 195.61399841308594 179.23699951171875 208.46299743652344
v 168.7270050048828 75.46410369873047 155.42599487304688
v 72.70189666748047 121.0979995727539 198.8209991455078
v 122.37899780273438 173.5070037841797 137.50799560546875
v 122.62100219726562 173.2760009765625 141.88900756835938
v 97.07540130615234 254.83399963378906 102.08499908447266
v 140.76400756835938 268.61700439453125 156.8159942626953
v 180.4550018310547 199.66900634765625 192.26800537109375
v 206.36500549316406 192.85800170898438 207.07699584960938
v 183.9929962158203 87.93460083007812 173.77499389648438
v 172.41799926757812 74.85569763183594 160.60499572753906
v 80.8292007446289 145.40699768066406 104.93599700927734
v 144.03399658203125 76.78340148925781 167.67100524902344
v 165.1490020751953 94.10479736328125 161.3300018310547
v 227.7220001220703 167.4290008544922 200.0780029296875
v 232.052001953125 164.64300537109375 202.49400329589844
v 162.875 200.0709991455078 195.19400024414062
v 164.11700439453125 199.18800354003906 192.83700561523438
v 65.96900177001953 213.86300659179688 214.8280029296875
v 69.96859741210938 220.24899291992188 215.1179962158203
v 90.17169952392578 159.6230010986328 89.03839874267578
v 194.8300018310547 111.66799926757812 186.81399536132812
v 130.54100036621094 114.02999877929688 223.76600646972656
v 130.1219940185547 117.03399658203125 224.00100708007812
v 134.59300231933594 161.99400329589844 143.41600036621094
v 134.2899932861328 158.1959991455078 141.35299682617188
v 187.31100463867188 177.23800659179688 209.53500366210938
v 187.36000061035156 176.73300170898438 173.2429962158203
v 191.41600036621094 173.1439971923828 174.2899932861328
v 137.3470001220703 187.5050048828125 135.61099243164062
v 146.60000610351562 219.02999877929688 207.36599731445312
v 220.29400634765625 91.58180236816406 213.9429931640625
v 219.6959991455078 93.24199676513672 214.7740020751953
v 70.17769622802734 167.21499633789062 227.0959930419922
v 166.7030029296875 163.9029998779297 154.22000122070312
v 163.18600463867188 166.24099731445312 153.656005859375
v 173.343994140625 166.90699768066406 147.66200256347656
v 154.90899658203125 165.0760040283203 172.73199462890625
v 80.9666976928711 140.57899475097656 121.6760025024414
v 79.39199829101562 137.55499267578125 124.75599670410156
v 118.25199890136719 203.86199951171875 100.58699798583984
v 121.04900360107422 197.07699584960938 100.87100219726562
v 100.38500213623047 156.6909942626953 134.82699584960938
v 97.32350158691406 154.69000244140625 133.81700134277344
v 188.78799438476562 187.33399963378906 188.42799377441406
v 162.4029998779297 172.63999938964844 148.96099853515625
v 174.9600067138672 182.08999633789062 181.4980010986328
v 202.9499969482422 101.35399627685547 221.07899475097656
v 200.5050048828125 102.13200378417969 222.2050018310547
v 127.51100158691406 105.19599914550781 166.58999633789062
v 47.80379867553711 157.47799682617188 121.83100128173828
v 163.48899841308594 114.35600280761719 158.78199768066406
v 160.66900634765625 108.78099822998047 158.4340057373047
v 172.1439971923828 203.8249969482422 173.03700256347656
v 227.60899353027344 102.85099792480469 213.73800659179688
v 86.71489715576172 144.61199951171875 226.5970001220703
v 64.37920379638672 227.91000366210938 203.9290008544922
v 98.7228012084961 274.1409912109375 170
v 142.10800170898438 147.03500366210938 148.33200073242188
v 122.22899627685547 230.30099487304688 113.63700103759766
v 126.76599884033203 228.60400390625 116.47000122070312
v 174.88800048828125 131.06900024414062 224
v 168.61399841308594 134.6750030517578 224.02000427246094
v 110.97899627685547 267.3999938964844 180.68800354003906
v 115.70500183105469 268.2829895019531 178.25100708007812
v 96.4905014038086 202.29400634765625 237.64500427246094
v 204.32000732421875 120.3239974975586 193.3159942626953
v 207.1649932861328 141.8820037841797 187.072998046875
v 204.23399353027344 137.69000244140625 186.3719940185547
v 70.8427963256836 229.7469940185547 83.6843032836914
v 65.256103515625 211.48699951171875 74.12529754638672
v 183.30999755859375 184.7779998779297 176.60800170898438
v 53.22610092163086 147.48699951171875 139.01199340820312
v 223.53399658203125 195.9219970703125 208.7030029296875
v 221.01199340820312 119.10399627685547 216.1280059814453
v 127.77100372314453 180.13800048828125 232.96099853515625
v 47.813201904296875 139.61599731445312 89.37079620361328
v 44.83729934692383 142.4510040283203 88.6792984008789
v 115.95800018310547 285.5849914550781 143.4029998779297
v 151.1199951171875 206.8939971923828 139.63800048828125
v 52.24089813232422 228.19900512695312 157.33299255371094
v 53.109901428222656 231.9040069580078 157.53900146484375
v 179.2729949951172 76.53610229492188 167.7519989013672
v 169.0399932861328 143.45599365234375 154.7209930419922
v 172.6510009765625 144.4029998779297 156.5570068359375
v 43.71289825439453 173.49099731445312 95.23429870605469
v 41.447898864746094 164.85000610351562 95.847900390625
v 102.51000213623047 199.03199768066406 89.8561019897461
v 138.61599731445312 101.80999755859375 153.08700561523438
v 134.7030029296875 97.62550354003906 153.9669952392578
v 169.58999633789062 171.73899841308594 217.74099731445312
v 71.1520004272461 210.5500030517578 222.0240020751953
v 71.00250244140625 215.0659942626953 219.41400146484375
v 98.24130249023438 164.81300354003906 87.8667984008789
v 91.18160247802734 246.60000610351562 206.93800354003906
v 84.79199981689453 249.5330047607422 201.17999267578125
v 149.3000030517578 139.4340057373047 170.31300354003906
v 148.13999938964844 137.6649932861328 170.12600708007812
v 147.843994140625 181.86199951171875 156.74000549316406
v 103.18399810791016 121.61399841308594 215.19200134277344
v 174.281005859375 195.91600036621094 202.22500610351562
v 170.8280029296875 197.3070068359375 203.25
v 77.88179779052734 177.97799682617188 76.3759994506836
v 135.62899780273438 120.2509994506836 155.36099243164062
v 94.02799987792969 119.76699829101562 209.9250030517578
v 49.38869857788086 147.77000427246094 123.60700225830078
v 48.1416015625 150.6750030517578 119.16100311279297
v 43.8291015625 139.1009979248047 90.42469787597656
v 51.041900634765625 207.12399291992188 178.51600646972656
v 50.112300872802734 207.19400024414062 173.0850067138672
v 152.1219940185547 137.45599365234375 226.30299377441406
v 202.4600067138672 142.9709930419922 181.2740020751953
v 130.80799865722656 256.3580017089844 182.26699829101562
v 137.90499877929688 252.39199829101562 179.77099609375
v 202.37600708007812 138.05299377441406 219.1269989013672
v 103.2699966430664 265.60699462890625 112.53900146484375
v 104.76899719238281 260.69500732421875 109.16500091552734
v 79.79969787597656 271.66900634765625 156.49400329589844
v 83.19879913330078 274.8919982910156 158.41600036621094
v 173.28700256347656 203.2740020751953 199.60400390625
v 157.7779998779297 78.15679931640625 148.32200622558594
v 66.09729766845703 145.0590057373047 92.03140258789062
v 64.13159942626953 141.42999267578125 94.83219909667969
v 41.64939880371094 154.41299438476562 78.12560272216797
v 42.01449966430664 155.68299865722656 73.64399719238281
v 181.27200317382812 185.25799560546875 178.63299560546875
v 149.93699645996094 214.6269989013672 130.37100219726562
v 72.02449798583984 242.17799377441406 95.88629913330078
v 75.02339935302734 242.43899536132812 92.86139678955078
v 169.23300170898438 199.7220001220703 179.5469970703125
v 157.49899291992188 202.0229949951172 190.0919952392578
v 204.2469940185547 148.92300415039062 182.18699645996094
v 202.9600067138672 146.39700317382812 181.0919952392578
v 190.08399963378906 101.21499633789062 222.0189971923828
v 191.64500427246094 112.87699890136719 223.17599487304688
v 60.497100830078125 227.58700561523438 97.7854995727539
v 47.246498107910156 198.02499389648438 158.7689971923828
v 157.7310028076172 124.93499755859375 152.54400634765625
v 160.56900024414062 119.39099884033203 155.65899658203125
v 138.0500030517578 173.427001953125 230.5449981689453
v 130.57000732421875 175.38900756835938 232.8260040283203
v 223.1490020751953 93.66079711914062 212.53799438476562
v 95.66899871826172 193.39300537109375 240.39599609375
v 58.014400482177734 144.10000610351562 202.4949951171875
v 55.20349884033203 149.62899780273438 202.73300170898438
v 58.25410079956055 127.71299743652344 109.64800262451172
v 111.70800018310547 96.47010040283203 204.5590057373047
v 116.18900299072266 101.08999633789062 151.24600219726562
v 120.3550033569336 101.03800201416016 154.80999755859375
v 137.81500244140625 105.68499755859375 218.9239959716797
v 94.15229797363281 84.85910034179688 154.5290069580078
v 216.64700317382812 196.37899780273438 208.16200256347656
v 225.18600463867188 109.30899810791016 209.15199279785156
v 126.30899810791016 107.66000366210938 160.88699340820312
v 57.950801849365234 245.19400024414062 149.2449951171875
v 114.5260009765625 88.29779815673828 156.718994140625
v 110.7030029296875 84.75350189208984 153.8520050048828
v 98.9259033203125 269.16400146484375 116.2020034790039
v 103.91799926757812 273.4119873046875 120.59100341796875
v 66.48069763183594 251.22500610351562 185.49099731445312
v 66.83670043945312 254.94200134277344 178.87399291992188
v 176.91400146484375 186.9290008544922 141.1009979248047
v 41.87540054321289 152.35499572753906 86.86180114746094
v 42.56209945678711 151.12899780273438 81.45089721679688
v 164.63600158691406 168.61199951171875 172.6529998779297
v 210.93499755859375 117.29499816894531 219.12399291992188
v 151.38299560546875 217.30999755859375 132.95799255371094
v 128.84100341796875 207.49600219726562 108.38700103759766
v 55.37770080566406 143.5590057373047 193.45599365234375
v 205.08399963378906 176.4600067138672 185.86500549316406
v 138.1490020751953 190.8800048828125 228.50900268554688
v 197.1199951171875 157.6750030517578 175.47000122070312
v 141.5989990234375 222.06700134277344 210.4709930419922
v 202.0290069580078 139.822998046875 182.0399932861328
v 200.44700622558594 134.82000732421875 182.593994140625
v 168.0449981689453 78.50389862060547 153.843994140625
v 108.96199798583984 109.70800018310547 211.14700317382812
v 76.33910369873047 129.13699340820312 126.927001953125
v 134.1320037841797 78.23210144042969 155.68499755859375
v 47.672298431396484 145.76400756835938 82.08889770507812
v 185.1439971923828 181.8780059814453 151.54600524902344
v 60.29330062866211 242.99200439453125 185.31300354003906
v 60.15010070800781 238.75 190.1790008544922
v 96.32720184326172 86.63240051269531 166.2030029296875
v 227.01100158691406 188.46499633789062 209.12399291992188
v 72.28919982910156 172.52999877929688 74.43579864501953
v 41.340599060058594 156.468994140625 83.09919738769531
v 90.3407974243164 168.07000732421875 85.03759765625
v 88.63700103759766 257.6470031738281 192.75599670410156
v 93.1989974975586 261.489013671875 188.53500366210938
v 170.8070068359375 194.2220001220703 146.1540069580078
v 172.79400634765625 195.07200622558594 143.54299926757812
v 172.15699768066406 179.75900268554688 178.3419952392578
v 171.35800170898438 178.7220001220703 178.61500549316406
v 48.8468017578125 164.2550048828125 66.74259948730469
v 45.2140007019043 160.3489990234375 68.6990966796875
v 198.1580047607422 163.02699279785156 176.0240020751953
v 168.51199340820312 88.3844985961914 160.28599548339844
v 126.21099853515625 221.875 224.0540008544922
v 41.59659957885742 167.26600646972656 80.77850341796875
v 42.70930099487305 170.5399932861328 88.0281982421875
v 238.7239990234375 160.61599731445312 206.76300048828125
v 238.33799743652344 158.73599243164062 205.91099548339844
v 228.04200744628906 109.00499725341797 214.3070068359375
v 224.656005859375 109.50900268554688 215.1929931640625
v 70.41390228271484 249.9600067138672 115.19599914550781
v 183.63299560546875 80.95659637451172 186.2449951171875
v 79.18299865722656 97.27269744873047 139.98699951171875
v 192.95799255371094 133.35499572753906 220.31399536132812
v 187.21800231933594 131.5050048828125 221.1510009765625
v 135.33200073242188 85.6261978149414 187.8679962158203
v 181.79100036621094 162.80099487304688 218.74099731445312
v 175.625 125.09700012207031 224
v 131.05799865722656 115.37699890136719 169.5399932861328
v 61.04909896850586 151.7449951171875 81.1947021484375
v 131.552001953125 225.73800659179688 118.99500274658203
v 47.55139923095703 193.4739990234375 189.3249969482422
v 139.5240020751953 134.05299377441406 160.9980010986328
v 104.86699676513672 251.69000244140625 104.61599731445312
v 101.48899841308594 247.98399353027344 101.5009994506836
v 156.63400268554688 99.67340087890625 217.73899841308594
v 201.50599670410156 87.95179748535156 209.08099365234375
v 195.90499877929688 90.36470031738281 212.27499389648438
v 174.218994140625 175.48800659179688 213.927001953125
v 101.0510025024414 238.70599365234375 215.31900024414062
v 176.70700073242188 194.9040069580078 144.45899963378906
v 127.66699981689453 179.10699462890625 130.35000610351562
v 165.30999755859375 190.31500244140625 166.7010040283203
v 69.2958984375 103.66799926757812 139.53500366210938
v 53.470298767089844 208.16299438476562 201.0070037841797
v 131.08399963378906 90.28269958496094 153.6439971923828
v 134.0970001220703 93.73729705810547 152.87600708007812
v 51.46120071411133 130.55999755859375 105.60099792480469
v 67.19599914550781 248.50399780273438 120.61100006103516
v 68.91519927978516 253.16299438476562 126.11100006103516
v 108.5530014038086 165.6820068359375 125.66500091552734
v 105.8489990234375 163.83700561523438 126.59100341796875
v 133.19900512695312 206.88299560546875 111.58100128173828
v 126.23400115966797 106.18099975585938 164.97799682617188
v 56.65439987182617 126.02300262451172 138.8209991455078
v 103.41699981689453 88.61139678955078 189.48800659179688
v 59.61140060424805 122.46099853515625 118.98600006103516
v 59.961700439453125 119.64399719238281 121.06400299072266
v 145.02099609375 263.0060119628906 145.60800170898438
v 86.19889831542969 230.81300354003906 88.84649658203125
v 145.37899780273438 135.48199462890625 172.31199645996094
v 149.18699645996094 73.16310119628906 155.9810028076172
v 221.38499450683594 177.86199951171875 193.4969940185547
v 224.92100524902344 177.74600219726562 198.74200439453125
v 48.538700103759766 177.78799438476562 182.4739990234375
v 49.11410140991211 182.05099487304688 180.84800720214844
v 172.0449981689453 180.10899353027344 179.83399963378906
v 155 228.9239959716797 150.16799926757812
v 81.00659942626953 97.1156005859375 160.0540008544922
v 126.75 174.52099609375 234.19200134277344
v 121.51300048828125 173.13600158691406 236.5229949951172
v 51.02450180053711 166.01199340820312 177.83999633789062
v 108.4280014038086 263.0320129394531 112.12799835205078
v 114.72200012207031 261.3940124511719 114.27300262451172
v 163.73699951171875 170.69500732421875 174.072998046875
v 164.78900146484375 172.5850067138672 174.2100067138672
v 55.14910125732422 180.14199829101562 63.6693000793457
v 40.949798583984375 157.68600463867188 77.75469970703125
v 40.760501861572266 161.27499389648438 80.69259643554688
v 183.51699829101562 141.26100158691406 165.63400268554688
v 102.96299743652344 283.2090148925781 150.2899932861328
v 97.34100341796875 192.36399841308594 85.56629943847656
v 97.27639770507812 268.1159973144531 181.0229949951172
v 126.43299865722656 222.99099731445312 113.88600158691406
v 155.06700134277344 216.41700744628906 146.88299560546875
v 50.06809997558594 133.91000366210938 97.5154037475586
v 166.38800048828125 169.89700317382812 171.41299438476562
v 166.6199951171875 170.7259979248047 169.43600463867188
v 76.86910247802734 266.4859924316406 173.8470001220703
v 81.79100036621094 269.27301025390625 174.76400756835938
v 93.28050231933594 269.73199462890625 118.95800018310547
v 97.53469848632812 273.2760009765625 122.35199737548828
v 169.1529998779297 204.47300720214844 191.83399963378906
v 171.16400146484375 207.7030029296875 191.6510009765625
v 56.787200927734375 137.26600646972656 196.44900512695312
v 185.2740020751953 92.41100311279297 176.7239990234375
v 124.01499938964844 249.02699279785156 196.71400451660156
v 155.39999389648438 210.02999877929688 170.1269989013672
v 154.37899780273438 205.03799438476562 170.7169952392578
v 159.8249969482422 199.0489959716797 190.7100067138672
v 134.07200622558594 180.3459930419922 231.51499938964844
v 229.37399291992188 151.08999633789062 201.45199584960938
v 231.6510009765625 148.43899536132812 202.6199951171875
v 155.8209991455078 74.08100128173828 149.4600067138672
v 93.86650085449219 103.89299774169922 141.84500122070312
v 50.5369987487793 160.13999938964844 188.49600219726562
v 50.17390060424805 164.0260009765625 189.57200622558594
v 166.16200256347656 140.1719970703125 153.27499389648438
v 167.37100219726562 116.24500274658203 161.83099365234375
v 176.88499450683594 137.1009979248047 161.03599548339844
v 128.7989959716797 110.55999755859375 169.36900329589844
v 125.5459976196289 216.29200744628906 227.03900146484375
v 119.2490005493164 204.16099548339844 234.9949951171875
v 139.33900451660156 142.14300537109375 171.3979949951172
v 142.04299926757812 142.39199829101562 172.8000030517578
v 125.13500213623047 199.9949951171875 103.94300079345703
v 158.58399963378906 234.64599609375 162.96200561523438
v 158.10699462890625 233.75 159.46299743652344
v 90.96959686279297 87.08779907226562 158.16299438476562
v 130.55099487304688 279.62200927734375 134.8419952392578
v 133.04299926757812 274.47900390625 132.3679962158203
v 62.23649978637695 209.54100036621094 213.50100708007812
v 178.00399780273438 196.70199584960938 155.88499450683594
v 149.00599670410156 73.01190185546875 150.72300720214844
v 153.7169952392578 72.69539642333984 153.68899536132812
v 140.18899536132812 230.8459930419922 128.36700439453125
v 156.0469970703125 187.46800231933594 144.093994140625
v 124.35399627685547 285.22698974609375 138.9969940185547
v 166.1269989013672 195.74099731445312 185.5500030517578
v 49.14289855957031 189.3249969482422 192.54299926757812
v 152.88699340820312 125.62999725341797 150.45799255371094
v 157.59300231933594 132.26100158691406 150.77499389648438
v 75.42400360107422 252.04100036621094 109.28600311279297
v 91.84860229492188 92.55660247802734 173.68299865722656
v 87.16339874267578 95.94210052490234 172.8209991455078
v 131.6179962158203 126.22200012207031 169.8159942626953
v 93.99140167236328 161.78599548339844 88.2040023803711
v 124.69100189208984 176.98899841308594 146.39999389648438
v 124.55799865722656 173.0489959716797 145.31100463867188
v 138.69200134277344 168.5030059814453 151.9929962158203
v 140.18800354003906 168.0070037841797 156.8300018310547
v 134.78900146484375 132.49600219726562 172.6510009765625
v 93.57849884033203 157.8280029296875 92.19940185546875
v 77.74510192871094 159.19200134277344 85.03260040283203
v 77.1509017944336 194.60699462890625 232.62399291992188
v 102.3759994506836 109.39199829101562 206.5760040283203
v 183.26400756835938 133.59300231933594 222.0800018310547
v 62.90480041503906 119.33699798583984 149.91700744628906
v 60.91400146484375 122.78700256347656 148.54100036621094
v 102.85900115966797 268.4649963378906 180.70199584960938
v 151.5659942626953 171.1510009765625 166.91900634765625
v 68.09190368652344 219.51300048828125 78.63610076904297
v 158.24400329589844 103.66799926757812 222.41700744628906
v 100.86399841308594 283.0610046386719 143.9669952392578
v 147.47799682617188 159.67799377441406 170.60400390625
v 231.32400512695312 172.37399291992188 210.1580047607422
v 56.05070114135742 122.73300170898438 133.63499450683594
v 54.504798889160156 126.16000366210938 129.0290069580078
v 191.3159942626953 100.05599975585938 184.73300170898438
v 100.5999984741211 166.01600646972656 239.9290008544922
v 80.48040008544922 94.24759674072266 149.91099548339844
v 129.21299743652344 100.58599853515625 161.28799438476562
v 209.91600036621094 191.7480010986328 197.21299743652344
v 180.39599609375 182.0679931640625 182.5279998779297
v 151.427001953125 214.6219940185547 208.781005859375
v 169.09300231933594 196.92100524902344 204.71400451660156
v 162.08799743652344 201.16900634765625 212.9290008544922
v 179.41299438476562 199.4340057373047 180.7220001220703
v 180.94200134277344 196.427001953125 177.85699462890625
v 131.67999267578125 80.73490142822266 156.1280059814453
v 172.70799255371094 178.406005859375 180.43299865722656
v 128.33700561523438 180.1179962158203 154.48399353027344
v 123.34200286865234 169.0330047607422 139.6320037841797
v 126.51599884033203 167.01199340820312 140.63999938964844
v 218.177001953125 116.46700286865234 216.56300354003906
v 212.36000061035156 109.10099792480469 218.28599548339844
v 197.69200134277344 129.29800415039062 182.91400146484375
v 155.1510009765625 74.41239929199219 160.88499450683594
v 129.83599853515625 121.87699890136719 168.72000122070312
v 129.0959930419922 97.3290023803711 158.91099548339844
v 147.2220001220703 244.5919952392578 141.83900451660156
v 180.9739990234375 196.78900146484375 181.49200439453125
v 216.74099731445312 185.54600524902344 209.95700073242188
v 68.85600280761719 140.1649932861328 99.71690368652344
v 175.1280059814453 202.5019989013672 175.16299438476562
v 118.66100311279297 188.27999877929688 239.322998046875
v 160.32400512695312 202.3780059814453 195.4080047607422
v 85.59130096435547 100.84400177001953 183.73500061035156
v 65.99579620361328 155.62100219726562 79.48909759521484
v 179.42799377441406 180.93499755859375 179.53700256347656
v 179.2729949951172 181.94500732421875 177.60800170898438
v 68.30570220947266 132.1320037841797 110.37899780273438
v 98.00890350341797 136.06100463867188 138.2220001220703
v 124.31400299072266 176.4459991455078 142.57400512695312
v 145.58299255371094 203.8699951171875 220.1219940185547
v 144.26600646972656 198.2310028076172 223.80499267578125
v 114.73999786376953 104.15599822998047 149.8209991455078
v 107.56999969482422 102.38500213623047 147.2449951171875
v 74.90119934082031 167.7270050048828 78.08489990234375
v 156.9980010986328 230.4290008544922 155.0679931640625
v 121.90399932861328 174.14599609375 115.38099670410156
v 115.67900085449219 170.17999267578125 117.36399841308594
v 130.7270050048828 187.0030059814453 138.46200561523438
v 172.73300170898438 156.67100524902344 157.1199951171875
v 175.06399536132812 159.5449981689453 158.04299926757812
v 225.6479949951172 127.68399810791016 204.2550048828125
v 219.68299865722656 124.68000030517578 202.44500732421875
v 227.50599670410156 162.55799865722656 213.67599487304688
v 222.3070068359375 158.21200561523438 214.3769989013672
v 73.59970092773438 261.4530029296875 129.94500732421875
v 77.94450378417969 264.7070007324219 128.71299743652344
v 212.61399841308594 142.47300720214844 191.68899536132812
v 209.73300170898438 137.8179931640625 191.45799255371094
v 57.90919876098633 129.09500122070312 106.04900360107422
v 85.85310363769531 140.60400390625 130.25799560546875
v 104.84500122070312 86.66100311279297 182.32899475097656
v 99.1261978149414 89.63690185546875 184.75599670410156
v 226.91700744628906 113.0530014038086 215.16400146484375
v 221.03799438476562 114.47200012207031 216.00999450683594
v 186.05099487304688 123.20700073242188 175.01699829101562
v 182.18899536132812 116.43599700927734 173.4199981689453
v 167.0070037841797 159.4530029296875 158.3520050048828
v 167.8179931640625 155.47500610351562 155.5469970703125
v 66.25189971923828 131.33200073242188 202.07400512695312
v 63.37409973144531 128.50900268554688 196.36900329589844
v 171.37600708007812 160.4720001220703 157.6060028076172
v 168.468994140625 161.62399291992188 157.70399475097656
v 162.0399932861328 156.97300720214844 154.13099670410156
v 163.50100708007812 154.64599609375 152.64999389648438
v 190.1020050048828 124.7770004272461 223.30799865722656
v 188.68499755859375 121.27200317382812 223.66700744628906
v 165.41099548339844 147.375 152.91400146484375
v 147.0050048828125 160.41900634765625 158.21200561523438
v 105.96700286865234 224.1230010986328 101.77100372314453
v 180.38400268554688 195.20799255371094 153.6529998779297
v 236.052001953125 150.18899536132812 204.7429962158203
v 237.5 152.66799926757812 204.875
v 48.007598876953125 187.55299377441406 132.41299438476562
v 47.9817008972168 186.61900329589844 143.9759979248047
v 195.72900390625 86.885498046875 187.75599670410156
v 62.230201721191406 247.66299438476562 168.98599243164062
v 150.68899536132812 100.51399993896484 216.83299255371094
v 128.52699279785156 274.0589904785156 128.73800659179688
v 176.3719940185547 183.25900268554688 178.96200561523438
v 176.24099731445312 183.96299743652344 181.31300354003906
v 120.947998046875 141.7760009765625 138.9600067138672
v 160.677001953125 185.93800354003906 220.08700561523438
v 97.81909942626953 180.6529998779297 86.47039794921875
v 98.51699829101562 174.2469940185547 86.793701171875
v 65.26010131835938 259.52301025390625 157.87899780273438
v 219.56700134277344 153.8350067138672 190.2010040283203
v 80.07479858398438 219.8800048828125 222.83599853515625
v 232.86199951171875 162.25100708007812 202.99000549316406
v 209.16900634765625 105.62699890136719 201.625
v 154.26400756835938 193.75399780273438 150.9550018310547
v 61.34560012817383 112.80000305175781 125.87200164794922
v 93.06610107421875 279.5119934082031 156.2570037841797
v 133.18499755859375 153.0540008544922 140.27999877929688
v 55.509300231933594 237.36099243164062 147.04600524902344
v 224.91400146484375 102.68800354003906 210.17999267578125
v 222.5959930419922 99.152099609375 209.64599609375
v 212.53700256347656 137.4770050048828 217.5850067138672
v 160.36700439453125 173.8280029296875 173.6540069580078
v 238.85299682617188 154.88800048828125 206.37600708007812
v 238.74200439453125 151.4250030517578 206.72799682617188
v 116.4530029296875 161.83700561523438 133.53399658203125
v 206.4709930419922 165.61399841308594 184.06700134277344
v 127.38600158691406 174.6179962158203 149.30999755859375
v 175.2259979248047 204.3249969482422 184.54299926757812
v 136.156005859375 269.8659973144531 132.61300659179688
v 224.10499572753906 96.04419708251953 213.42599487304688
v 222.4770050048828 93.15029907226562 214.22500610351562
v 144.79400634765625 101.5999984741211 217.61199951171875
v 139.68299865722656 123.822998046875 227.1999969482422
v 164.02200317382812 192.0989990234375 160.48800659179688
v 163.59500122070312 190.48199462890625 157.08700561523438
v 127.47100067138672 115.37699890136719 223.19700622558594
v 125.76100158691406 119.14399719238281 223.8509979248047
v 151.79800415039062 198.10499572753906 154.5919952392578
v 134.9199981689453 82.27140045166016 150.99200439453125
v 124.66300201416016 184.60800170898438 235.20899963378906
v 122.62899780273438 178.3249969482422 236.13400268554688
v 66.41999816894531 252.66900634765625 132.05499267578125
v 157.36199951171875 91.27220153808594 153.79800415039062
v 129.75900268554688 97.84929656982422 212.09500122070312
v 202.2830047607422 114.47899627685547 221.87600708007812
v 174.8350067138672 196.1739959716797 144.86900329589844
v 121.81500244140625 127.14199829101562 144.23500061035156
v 147.0229949951172 237.6300048828125 139.72500610351562
v 169.2689971923828 110.75599670410156 164.42799377441406
v 165.11300659179688 110.74500274658203 161.57000732421875
v 86.44779968261719 95.16649627685547 142.19000244140625
v 119.6520004272461 158.26600646972656 235.05099487304688
v 86.45059967041016 179.8159942626953 239.2239990234375
v 78.4343032836914 111.45600128173828 195.78799438476562
v 125.02100372314453 196.83299255371094 234.5399932861328
v 135.16000366210938 133.5659942626953 167.74899291992188
v 41.00809860229492 157.5919952392578 88.1875991821289
v 87.54499816894531 201.97799682617188 82.37789916992188
v 124.63200378417969 193.0659942626953 156.77999877929688
v 74.90170288085938 226.11500549316406 214.8730010986328
v 144.17599487304688 145.3780059814453 172.8000030517578
v 171.48399353027344 178.21800231933594 179.78700256347656
v 214.4709930419922 168.3780059814453 189.53199768066406
v 128.3470001220703 113.90799713134766 169.0919952392578
v 126.89299774169922 112.5989990234375 167.02999877929688
v 107.9990005493164 274.17498779296875 170.78900146484375
v 91.64569854736328 253.77999877929688 100.56199645996094
v 68.20760345458984 123.51799774169922 177.15899658203125
v 68.23899841308594 122.19100189208984 171.00100708007812
v 237.82400512695312 153.62600708007812 210.02499389648438
v 237.31399536132812 149.20700073242188 212.1479949951172
v 145.85299682617188 157.3459930419922 165.19400024414062
v 95.52339935302734 90.99919891357422 179.4290008544922
v 144.4239959716797 92.89630126953125 151.072998046875
v 153.64700317382812 167.49899291992188 170.75
v 69.01789855957031 142.9340057373047 96.081298828125
v 90.53959655761719 152.38600158691406 126.01599884033203
v 168.7310028076172 202.9040069580078 195.947998046875
v 128.88699340820312 153.48899841308594 138.36399841308594
v 124.36000061035156 148.41900634765625 137.97900390625
v 58.86669921875 124.87200164794922 144.21600341796875
v 157.3260040283203 155.16700744628906 170.65899658203125
v 155.10800170898438 154.85499572753906 169.04600524902344
v 75.48979949951172 266.2049865722656 140.5
v 79.39350128173828 269.40399169921875 140.28199768066406
v 136.47000122070312 75.93209838867188 156.24600219726562
v 160.87399291992188 192.6490020751953 215.41099548339844
v 162.54299926757812 188.47000122070312 216.64599609375
v 53.44269943237305 129.7570037841797 123.48300170898438
v 120.5989990234375 192.2209930419922 156.8000030517578
v 77.52839660644531 100.12799835205078 157.9239959716797
v 141.58399963378906 133.8800048828125 162.05099487304688
v 74.28890228271484 221.31900024414062 79.5730972290039
v 80.3770980834961 220.67100524902344 82.59609985351562
v 177.71200561523438 182.39999389648438 177.8769989013672
v 176.41799926757812 181.5760040283203 177.78700256347656
v 106.87100219726562 245.79100036621094 105.0719985961914
v 46.40420150756836 136.73599243164062 90.2959976196289
v 48.3848991394043 134.16799926757812 92.6333999633789
v 146.03700256347656 142.70199584960938 172.8000030517578
v 168.12899780273438 73.66390228271484 158.72300720214844
v 87.0802001953125 148.6510009765625 107.77799987792969
v 85.89910125732422 207.49200439453125 82.8595962524414
v 121.5989990234375 245.39599609375 116.06300354003906
v 197.61399841308594 88.50650024414062 189.84300231933594
v 63.42639923095703 127.46700286865234 191.656005859375
v 60.562801361083984 131.35899353027344 193.95899963378906
v 116.81099700927734 96.58090209960938 153.34800720214844
v 112.38700103759766 95.80169677734375 150.3470001220703
v 83.26260375976562 126.21499633789062 211.23300170898438
v 143.7790069580078 172.6929931640625 166.26800537109375
v 146.1320037841797 172.69700622558594 166.38800048828125
v 182.98500061035156 188.28500366210938 177.12600708007812
v 75.19380187988281 113.66300201416016 188.18800354003906
v 74.07530212402344 114.84100341796875 180.60899353027344
v 85.05120086669922 128.5070037841797 214.19000244140625
v 83.49810028076172 134.80799865722656 218.45700073242188
v 117.27999877929688 164.9429931640625 132.6009979248047
v 120.62100219726562 166.54299926757812 133.1219940185547
v 101.36100006103516 254.8820037841797 197.72300720214844
v 62.30099868774414 132.31300354003906 182.9040069580078
v 61.55030059814453 135.66700744628906 180.99600219726562
v 166.2169952392578 170.82400512695312 173.5399932861328
v 145.81500244140625 161.59300231933594 166.04299926757812
v 75.7083969116211 251.53500366210938 193.56700134277344
v 81.06009674072266 252.63499450683594 195.7550048828125
v 54.604698181152344 126.76200103759766 124.15699768066406
v 134.593994140625 246.19200134277344 190.93600463867188
v 139.7169952392578 247.44400024414062 183.33599853515625
v 174.61399841308594 161.322998046875 154.4759979248047
v 171.54800415039062 195.2480010986328 164.6929931640625
v 172.98500061035156 199.3699951171875 165.69500732421875
v 172.63400268554688 204.4720001220703 168.26499938964844
v 157.55299377441406 79.35440063476562 173.9409942626953
v 156.40199279785156 76.77140045166016 167.22900390625
v 98.86530303955078 144.28500366210938 229.5709991455078
v 91.83529663085938 141.34800720214844 226.6230010986328
v 50.76340103149414 212.1300048828125 114.83300018310547
v 54.13100051879883 222.01300048828125 112.93199920654297
v 177.34100341796875 183.47300720214844 183.07400512695312
v 151.23699951171875 153.63999938964844 157.88099670410156
v 82.68499755859375 148.4600067138672 100.20600128173828
v 180.45599365234375 193.81199645996094 197.9499969482422
v 180.5659942626953 192.61500549316406 200.5570068359375
v 53.15409851074219 224.94500732421875 128.07400512695312
v 138.08399963378906 237.3070068359375 198.09100341796875
v 145.0659942626953 160.08999633789062 153.02499389648438
v 112.55400085449219 84.32240295410156 183.14599609375
v 167.35899353027344 192.39199829101562 144.52099609375
v 119.2959976196289 184.697998046875 102.7239990234375
v 121.1780014038086 180.82000732421875 106.95800018310547
v 109.22899627685547 286.0249938964844 139.1280059814453
v 123.50599670410156 98.6707992553711 165.45700073242188
v 51.26179885864258 223.76400756835938 163.06300354003906
v 112.5260009765625 250.04100036621094 200.7760009765625
v 117.4469985961914 251.86300659179688 196.3679962158203
v 176.55299377441406 85.21299743652344 164.43299865722656
v 117.94300079345703 285.5660095214844 137.86900329589844
v 49.72829818725586 208.56500244140625 183.14599609375
v 102.64800262451172 170.8040008544922 89.17379760742188
v 155.70399475097656 159.79200744628906 172.8000030517578
v 159.09800720214844 161.30099487304688 172.1280059814453
v 231.61599731445312 115.0250015258789 211.281005859375
v 50.380699157714844 217.97900390625 133.38499450683594
v 49.80179977416992 218.89199829101562 144.2429962158203
v 166.31100463867188 152.8769989013672 153.10699462890625
v 207.14199829101562 90.29190063476562 199.76199340820312
v 81.40440368652344 181.5500030517578 236.8679962158203
v 76.45780181884766 184.54299926757812 234.12600708007812
v 156.8249969482422 202.33700561523438 183.947998046875
v 152.67100524902344 217.43299865722656 203.59300231933594
v 152.677001953125 146.12100219726562 172.3280029296875
v 78.79209899902344 242.9429931640625 91.72810363769531
v 56.273399353027344 133.71299743652344 101.63200378417969
v 124.29299926757812 186.88999938964844 147.69400024414062
v 142.552001953125 142.8470001220703 150.36199951171875
v 78.3406982421875 246.7239990234375 200.16400146484375
v 226.9250030517578 101.23400115966797 212.44000244140625
v 225.75999450683594 99.80130004882812 211.5800018310547
v 155.4219970703125 241.31700134277344 159.2530059814453
v 90.91729736328125 134.30799865722656 138.2689971923828
v 87.14689636230469 129.6820068359375 138.17799377441406
v 75.92870330810547 110.35900115966797 134.427001953125
v 60.947898864746094 116.12200164794922 123.80400085449219
v 147.95700073242188 190.9250030517578 133.16099548339844
v 173.13699340820312 150.06500244140625 155.5070037841797
v 57.91600036621094 170.66400146484375 216.75599670410156
v 124.3740005493164 115.16500091552734 220.6719970703125
v 160.06900024414062 217.8800048828125 189.6179962158203
v 59.00299835205078 138.05799865722656 95.15889739990234
v 94.5947036743164 277.5350036621094 132.406005859375
v 102.28399658203125 280.4639892578125 133.38999938964844
v 152.7760009765625 152.14500427246094 164.25100708007812
v 153.4409942626953 154.98899841308594 166.33999633789062
v 49.98720169067383 132.78199768066406 107.822998046875
v 83.46659851074219 139.73399353027344 129.22799682617188
v 91.58280181884766 148.7899932861328 130.86599731445312
v 47.968101501464844 157.0489959716797 69.96649932861328
v 99.51619720458984 85.15190124511719 148.76699829101562
v 177.03900146484375 157.21299743652344 158.4949951171875
v 110.93099975585938 112.7750015258789 146.31199645996094
v 184.5679931640625 99.5625991821289 177.51699829101562
v 110.23100280761719 83.00769805908203 157.37100219726562
v 94.09960174560547 106.36199951171875 202.52200317382812
v 96.08159637451172 111.56800079345703 205.21299743652344
v 63.56769943237305 127.56800079345703 187.3560028076172
v 61.20439910888672 130.1929931640625 185.99200439453125
v 85.32830047607422 200.9250030517578 234.69900512695312
v 179.66700744628906 187.72300720214844 182.781005859375
v 47.325199127197266 184.78900146484375 113.16300201416016
v 48.09239959716797 192.79200744628906 117.41699981689453
v 166.02099609375 118.06600189208984 224.15699768066406
v 166.9770050048828 126.29900360107422 224
v 96.76170349121094 95.99579620361328 196.93099975585938
v 93.0167007446289 100.53199768066406 197.99400329589844
v 145.6909942626953 175.72999572753906 165.5399932861328
v 135.17599487304688 263.08599853515625 169.8280029296875
v 130.84500122070312 261.4330139160156 176.33900451660156
v 122.60099792480469 88.66500091552734 167.5449981689453
v 121.9000015258789 92.21089935302734 167.3070068359375
v 200.58099365234375 174.97000122070312 181.427001953125
v 56.742000579833984 138.10699462890625 193.8769989013672
v 57.35419845581055 140.62399291992188 191.81199645996094
v 44.02880096435547 142.99200439453125 101.88099670410156
v 98.71510314941406 263.4320068359375 110.05799865722656
v 92.60900115966797 117.54499816894531 206.9029998779297
v 90.86599731445312 114.81099700927734 204.93699645996094
v 49.54759979248047 216.2449951171875 170.32400512695312
v 51.001399993896484 220.8300018310547 171.18699645996094
v 132.1649932861328 149.0709991455078 228.07000732421875
v 90.10769653320312 109.0790023803711 201.86300659179688
v 236.05099487304688 145.16200256347656 205.55099487304688
v 176.62100219726562 116.16400146484375 168.68099975585938
v 65.19869995117188 252.74899291992188 138.16099548339844
v 68.08869934082031 257.552001953125 136.28500366210938
v 136.60000610351562 85.54889678955078 150.0749969482422
v 55.9380989074707 166.97799682617188 66.71820068359375
v 219.8520050048828 96.73470306396484 215.3000030517578
v 121.50900268554688 267.3380126953125 121.04900360107422
v 51.77349853515625 218.0570068359375 189.8699951171875
v 53.8380012512207 220.64599609375 193.6739959716797
v 168.2830047607422 76.04969787597656 167.5800018310547
v 79.21959686279297 269.4530029296875 167.71600341796875
v 209.89500427246094 176.47999572753906 188.4040069580078
v 72.88179779052734 215.9080047607422 77.01429748535156
v 78.01439666748047 216.75100708007812 79.81060028076172
v 81.77639770507812 169.01600646972656 81.40049743652344
v 186.8780059814453 112.43800354003906 178.89199829101562
v 170.68699645996094 136.43800354003906 157.06300354003906
v 54.7598991394043 126.97899627685547 134.30499267578125
v 133.63099670410156 183.87100219726562 130.99200439453125
v 160.656005859375 190.2729949951172 153.48899841308594
v 163.3070068359375 190.3800048828125 151.3939971923828
v 53.54059982299805 130.14500427246094 127.34200286865234
v 223.50799560546875 181.35699462890625 197.20700073242188
v 169.80799865722656 80.39900207519531 155.70700073242188
v 49.02840042114258 196.82699584960938 192.89500427246094
v 49.527198791503906 200.7010040283203 192.14199829101562
v 50.536598205566406 179.76400756835938 65.62529754638672
v 62.364498138427734 160.99099731445312 73.81169891357422
v 130.93499755859375 116.42500305175781 154.10000610351562
v 128.58799743652344 114.25399780273438 152.968994140625
v 164.58399963378906 164.5749969482422 161.44500732421875
v 163.91200256347656 165.8719940185547 157.83399963378906
v 136.3000030517578 184.79800415039062 125.4520034790039
v 63.61360168457031 232.78199768066406 97.89219665527344
v 158.13400268554688 185.33999633789062 221.7830047607422
v 175.97799682617188 95.46219635009766 216.73500061035156
v 155.79800415039062 195.89300537109375 166.81700134277344
v 155.6929931640625 194.79100036621094 162.39300537109375
v 97.30130004882812 155.86000061035156 117.5250015258789
v 96.177001953125 153.89500427246094 112.38500213623047
v 168.906005859375 150.052001953125 154.26400756835938
v 94.8363037109375 224.97300720214844 94.82219696044922
v 50.4734001159668 211.61000061035156 176.48599243164062
v 159.41299438476562 208.19200134277344 201.85000610351562
v 69.13089752197266 133.94500732421875 207.14599609375
v 65.5978012084961 136.4340057373047 205.37899780273438
v 152.1179962158203 95.431396484375 153.35000610351562
v 81.73979949951172 156.6699981689453 230.52000427246094
v 157.2449951171875 224.80499267578125 152.66000366210938
v 61.29750061035156 127.55999755859375 112.49199676513672
v 61.037899017333984 126.6729965209961 115.9729995727539
v 92.4021987915039 268.4209899902344 179.61700439453125
v 233.0590057373047 152.4669952392578 203.00900268554688
v 171.16700744628906 151.5489959716797 221.66200256347656
v 78.39610290527344 132.9199981689453 213.9199981689453
v 71.5634994506836 136.11599731445312 211.27000427246094
v 144.16900634765625 77.29239654541016 148.4720001220703
v 111.46099853515625 88.27410125732422 151.8800048828125
v 157.96299743652344 192.93699645996094 136.8350067138672
v 172.48199462890625 186.00399780273438 211.30999755859375
v 207.52099609375 99.62449645996094 218.63400268554688
v 139.10400390625 140.0050048828125 172.75999450683594
v 63.874900817871094 111.7300033569336 126.4530029296875
v 130.4340057373047 147.81900024414062 139.93099975585938
v 148.4459991455078 254.6999969482422 150.4600067138672
v 164.8489990234375 194.98800659179688 177.70700073242188
v 162.25100708007812 205.74200439453125 207.51100158691406
v 187.03700256347656 190.27699279785156 191.99200439453125
v 154.5800018310547 166.35499572753906 225.4239959716797
v 153.65199279785156 196.22900390625 219.18600463867188
v 50.164100646972656 171.8489990234375 177.14199829101562
v 49.24850082397461 203.92999267578125 189.47999572753906
v 59.194801330566406 128.97500610351562 149.05599975585938
v 178.3280029296875 163.26699829101562 151.5399932861328
v 58.1161003112793 128.07200622558594 113.81199645996094
v 169.26300048828125 91.57620239257812 207.27699279785156
v 157.99099731445312 90.61869812011719 202.23300170898438
v 238.71099853515625 149.79600524902344 209.802001953125
v 239.07899475097656 146.39700317382812 210.06399536132812
v 113.03600311279297 276.1059875488281 124.90799713134766
v 121.2249984741211 157.10899353027344 135.0019989013672
v 155.04299926757812 153.7949981689453 172.625
v 224.48899841308594 193.30499267578125 209.56399536132812
v 71.41529846191406 262.3529968261719 168.6529998779297
v 74.24199676513672 266.1619873046875 166.75
v 48.64509963989258 195.50100708007812 183.52499389648438
v 92.11389923095703 241.04600524902344 94.4614028930664
v 149.28199768066406 141.8040008544922 172.7100067138672
v 176.81700134277344 198.70199584960938 198.78500366210938
v 178.88099670410156 196.20399475097656 197.48599243164062
v 169.54800415039062 198.11399841308594 173.16900634765625
v 158.7209930419922 213.05499267578125 199.42999267578125
v 158.05799865722656 211.04400634765625 203.43699645996094
v 42.989200592041016 160.35699462890625 104.76200103759766
v 56.663700103759766 154.2220001220703 207.46299743652344
v 238.11399841308594 159.6959991455078 209.04100036621094
v 236.08099365234375 156.8459930419922 210.86500549316406
v 131.53700256347656 169.0800018310547 147.08299255371094
v 52.35129928588867 225.33399963378906 137.59800720214844
v 58.83890151977539 113.76300048828125 130.61300659179688
v 195.95399475097656 83.66799926757812 191.6540069580078
v 156.78500366210938 174.19200134277344 155.8419952392578
v 154.7729949951172 175.60899353027344 156.3260040283203
v 122.25 174.89100646972656 127.5009994506836
v 118.6500015258789 172.6020050048828 125.43199920654297
v 78.92140197753906 131.9709930419922 128.32200622558594
v 81.47460174560547 132.4759979248047 130.0290069580078
v 76.73629760742188 183.78500366210938 74.81950378417969
v 128.94000244140625 191.75799560546875 146.7239990234375
v 75.12319946289062 98.3041000366211 143.35400390625
v 76.34010314941406 98.3738021850586 139.4600067138672
v 100.53299713134766 234.68299865722656 99.76860046386719
v 143.93499755859375 165.5330047607422 164.43600463867188
v 161.39199829101562 208.12899780273438 209.0050048828125
v 160.4929962158203 208.1840057373047 211.01800537109375
v 43.11479949951172 139.63800048828125 97.69779968261719
v 42.0177001953125 140.88600158691406 93.6051025390625
v 122.54199981689453 119.06300354003906 222.37899780273438
v 111.87899780273438 233.16600036621094 107.2020034790039
v 167.01499938964844 194.7209930419922 172.031005859375
v 96.16729736328125 251.63600158691406 202.4600067138672
v 147.20700073242188 164.9810028076172 168.2239990234375
v 122.87799835205078 194.45199584960938 156.36199951171875
v 60.780799865722656 111.85299682617188 134.18499755859375
v 169.41099548339844 78.05999755859375 173.03599548339844
v 58.27149963378906 238.63900756835938 185.58200073242188
v 231.6490020751953 180.03199768066406 207.7740020751953
v 59.364898681640625 228.38600158691406 196.82200622558594
v 55.22949981689453 227.04600524902344 192.44400024414062
v 109.31600189208984 243.3070068359375 209.58299255371094
v 114.52799987792969 239.48699951171875 211.98599243164062
v 133.82400512695312 86.93250274658203 151.8090057373047
v 149.34300231933594 139.40699768066406 172.1909942626953
v 175.01499938964844 197.70799255371094 157.66600036621094
v 175.44400024414062 198.53700256347656 154.63400268554688
v 98.87899780273438 227.5030059814453 225.20899963378906
v 99.18890380859375 153.88400268554688 136.53500366210938
v 127.93199920654297 115.25800323486328 166.23300170898438
v 173.59100341796875 178.31100463867188 178.29600524902344
v 176.52999877929688 181.43699645996094 182.50399780273438
v 178.0749969482422 199.49400329589844 176.78700256347656
v 219.5229949951172 101.78600311279297 216.00999450683594
v 133.531005859375 251.01600646972656 185.94400024414062
v 52.12409973144531 192.00399780273438 75.19090270996094
v 55.220298767089844 196.8209991455078 73.6530990600586
v 120.74400329589844 117.8270034790039 147.62899780273438
v 164.96600341796875 200.3070068359375 205.7760009765625
v 64.4489974975586 122.58499908447266 155.1750030517578
v 62.125999450683594 127.4749984741211 156.5489959716797
v 180.6479949951172 157.52499389648438 160.49099731445312
v 186.33200073242188 156.531005859375 164.406005859375
v 65.09739685058594 127.72100067138672 114.8030014038086
v 62.53670120239258 124.56400299072266 118.1510009765625
v 49.98569869995117 170.6320037841797 151.66799926757812
v 238.23199462890625 157.33599853515625 208.48599243164062
v 216.07000732421875 153.52200317382812 189.56500244140625
v 217.94000244140625 157 190.2239990234375
v 163.1580047607422 138.89300537109375 224.75599670410156
v 60.95370101928711 130.656005859375 188.01800537109375
v 49.785099029541016 151.1750030517578 75.44300079345703
v 235.0330047607422 165.2949981689453 204.0919952392578
v 122.49500274658203 100.94599914550781 158.94400024414062
v 67.81629943847656 124.57599639892578 197.03799438476562
v 68.7593994140625 144.73500061035156 215.02999877929688
v 163.02999877929688 174.26100158691406 171.07000732421875
v 230.17799377441406 176.2519989013672 203.69900512695312
v 126.23999786376953 177.91600036621094 122.56500244140625
v 81.95680236816406 128.572998046875 134.5709991455078
v 81.87300109863281 125.99099731445312 135.85699462890625
v 221.11000061035156 160.45700073242188 191.552001953125
v 134.04800415039062 111.49800109863281 163.04100036621094
v 134.98800659179688 111.98300170898438 158.7239990234375
v 231.23199462890625 172.19400024414062 203.52000427246094
v 66.385498046875 138.19000244140625 208.03599548339844
v 189.5679931640625 93.11509704589844 215.5030059814453
v 221.56500244140625 149.1750030517578 196.23899841308594
v 219.2169952392578 147.92100524902344 192.91299438476562
v 107.4489974975586 197.3249969482422 92.58509826660156
v 171.13400268554688 207.8719940185547 187.95700073242188
v 139.25100708007812 176.47900390625 162.2949981689453
v 89.89949798583984 213.19000244140625 231.375
v 82.42060089111328 135.88499450683594 129.72300720214844
v 151.28399658203125 177.5570068359375 158.08299255371094
v 227.45899963378906 134.60899353027344 203.33299255371094
v 157.13999938964844 193.28599548339844 165.3159942626953
v 136.86199951171875 159.28700256347656 144.04100036621094
v 104.25800323486328 161.20799255371094 131.1999969482422
v 90.51959991455078 92.26329803466797 143.37600708007812
v 231.30299377441406 112.12300109863281 211.9530029296875
v 183.75100708007812 166.13299560546875 154.29299926757812
v 179.29299926757812 162.2030029296875 155.4770050048828
v 138.5570068359375 131.77699279785156 227.1999969482422
v 133.21099853515625 125.48899841308594 226.94500732421875
v 139.6490020751953 127.28600311279297 165.83900451660156
v 128.69000244140625 277.6860046386719 131.63699340820312
v 213.4709930419922 124.70899963378906 218.19400024414062
v 110.93000030517578 254.4429931640625 195.62899780273438
v 122.62300109863281 84.19730377197266 171.59100341796875
v 186.46400451660156 138.24000549316406 220.2779998779297
v 165.16400146484375 197.25900268554688 188.00900268554688
v 142.07200622558594 119.01799774169922 151.00399780273438
v 105.4260025024414 86.1176986694336 175.7530059814453
v 49.927398681640625 169.62600708007812 190.2100067138672
v 118.15399932861328 274.260009765625 124.62100219726562
v 148.72000122070312 176.72000122070312 162.39199829101562
v 171.0570068359375 153.32000732421875 155.51300048828125
v 113.90799713134766 133.00900268554688 223.39300537109375
v 109.63899993896484 135.572998046875 223.8260040283203
v 208.88999938964844 174.83200073242188 212.4949951171875
v 61.42639923095703 186.26300048828125 64.40679931640625
v 60.46310043334961 181.31199645996094 64.3989028930664
v 72.48829650878906 266.16900634765625 161.78700256347656
v 61.93050003051758 149.79800415039062 84.86009979248047
v 57.8827018737793 149.00100708007812 83.2594985961914
v 101.04900360107422 159.60800170898438 118.91300201416016
v 108.99299621582031 270.9100036621094 176.68499755859375
v 146.36300659179688 266.1300048828125 152.36399841308594
v 104.93499755859375 225.50599670410156 227.37100219726562
v 150.18600463867188 237.00799560546875 144.8470001220703
v 174.5070037841797 198.09300231933594 152.08299255371094
v 148.9029998779297 253.38900756835938 162.91299438476562
v 151.33399963378906 253.51300048828125 158.5500030517578
v 48.67620086669922 164.072998046875 187.07400512695312
v 148.01300048828125 150.42799377441406 226.75100708007812
v 105.927001953125 163.35699462890625 103.7229995727539
v 50.28459930419922 138.66299438476562 114.18499755859375
v 108.41400146484375 281.3559875488281 133.2310028076172
v 134.49200439453125 265.8009948730469 129.82200622558594
v 140.10899353027344 273.7330017089844 148.8990020751953
v 99.51959991455078 92.06099700927734 192.87899780273438
v 95.56529998779297 92.07740020751953 186.8249969482422
v 127.16799926757812 107.92900085449219 167.7949981689453
v 157.28199768066406 209.63099670410156 212.33799743652344
v 174.26100158691406 204.6649932861328 196.71800231933594
v 174.58999633789062 180.17100524902344 181.39500427246094
v 91.05919647216797 127.74099731445312 215.60000610351562
v 193.73199462890625 152.6580047607422 173.29100036621094
v 152.947998046875 154.19500732421875 162.697998046875
v 94.02079772949219 205.53799438476562 86.94670104980469
v 97.60420227050781 200.927001953125 87.33080291748047
v 54.28160095214844 173.4429931640625 63.50239944458008
v 54.596099853515625 190.7830047607422 68.96499633789062
v 163.71099853515625 86.73989868164062 155.69900512695312
v 141.01800537109375 208.71099853515625 119.51499938964844
v 143.98699951171875 211.78500366210938 123.06500244140625
v 87.2739028930664 154.06399536132812 231.48399353027344
v 150.0229949951172 125.19999694824219 226.43600463867188
v 64.67539978027344 237.24899291992188 103.41999816894531
v 181.25900268554688 187.67999267578125 180.2530059814453
v 55.351600646972656 230.2010040283203 190.30499267578125
v 195.6840057373047 96.66200256347656 188.8509979248047
v 154.697998046875 189.98199462890625 141.35699462890625
v 131.9949951171875 123.54499816894531 170.59500122070312
v 47.637001037597656 147.47799682617188 114.51200103759766
v 45.320499420166016 147.85000610351562 109.13999938964844
v 183.39100646972656 78.36740112304688 178.11700439453125
v 147.9600067138672 153.05999755859375 160.41600036621094
v 70.34490203857422 263.9590148925781 156.052001953125
v 207.08200073242188 86.76200103759766 206.53500366210938
v 101.81099700927734 167.29200744628906 88.69139862060547
v 104.45700073242188 167.49000549316406 92.48580169677734
v 230.98300170898438 180.1909942626953 205.4929962158203
v 154.33099365234375 212.50999450683594 135.5970001220703
v 171.41299438476562 194.718994140625 205.17100524902344
v 63.20709991455078 170.54100036621094 222.1219940185547
v 56.2864990234375 175.51100158691406 215.8000030517578
v 84.09760284423828 134.4010009765625 134.56199645996094
v 87.03269958496094 275.1199951171875 147.4600067138672
v 154.5570068359375 212.40699768066406 163.7949981689453
v 89.5656967163086 276.2760009765625 136.0850067138672
v 89.41639709472656 273.53399658203125 129.58399963378906
v 85.75270080566406 102.25399780273438 190.3179931640625
v 101.58399963378906 163.94400024414062 91.48370361328125
v 150.552001953125 190.71800231933594 141.75999450683594
v 164.20700073242188 171.9429931640625 221.89300537109375
v 151.06100463867188 141.14199829101562 171.322998046875
v 158.3800048828125 233.1020050048828 167.5290069580078
v 195.73699951171875 93.80039978027344 217.04299926757812
v 51.00410079956055 224.10499572753906 157.41299438476562
v 75.8656005859375 129.13400268554688 208.8040008544922
v 60.70640182495117 133.20700073242188 161.90499877929688
v 82.20690155029297 203.50100708007812 79.30480194091797
v 151.41299438476562 146.9080047607422 151.8419952392578
v 78.27279663085938 268.8630065917969 150.26600646972656
v 76.2490005493164 266.74200439453125 145.4669952392578
v 50.39500045776367 192.42799377441406 82.9854965209961
v 123.59100341796875 184.0749969482422 149.28700256347656
v 154.2689971923828 192.27499389648438 135.1320037841797
v 88.51959991455078 256.48699951171875 103.70899963378906
v 208.98800659179688 126.41300201416016 195.04800415039062
v 135.1020050048828 211.58399963378906 115.19999694824219
v 158.04100036621094 112.46600341796875 156.0240020751953
v 171.07200622558594 179.63600158691406 179.37600708007812
v 125.71499633789062 169.74200439453125 143.56900024414062
v 122.93499755859375 170.82200622558594 142.78500366210938
v 160.7100067138672 169.03399658203125 157.37899780273438
v 111.06199645996094 105.65299987792969 208.2259979248047
v 101.30500030517578 271.24798583984375 176.4250030517578
v 193.32699584960938 162.1909942626953 171.24899291992188
v 96.92140197753906 157.44900512695312 121.71299743652344
v 49.05419921875 136.73699951171875 110.24500274658203
v 128.99899291992188 156.07899475097656 232.6439971923828
v 177.2469940185547 75.785400390625 165.58099365234375
v 137.3090057373047 163.63299560546875 147.14199829101562
v 170.531005859375 128.85400390625 159.35000610351562
v 87.13050079345703 193.00799560546875 80.45359802246094
v 92.93180084228516 193.88400268554688 83.55349731445312
v 181.3520050048828 153.52499389648438 160.21499633789062
v 181.5019989013672 149.26699829101562 160.99099731445312
v 118.76200103759766 215.02099609375 105.2760009765625
v 56.08789825439453 150.24000549316406 164.63600158691406
v 54.41279983520508 155.73899841308594 159.88900756835938
v 95.57109832763672 279.77899169921875 137.5970001220703
v 74.83529663085938 220.0540008544922 219.447998046875
v 127.44499969482422 86.5447006225586 159.2030029296875
v 126.24299621582031 90.65229797363281 161.57000732421875
v 41.665199279785156 159.05799865722656 72.72859954833984
v 41.88010025024414 163.87899780273438 72.8865966796875
v 154.3990020751953 89.71219635009766 150.98300170898438
v 220.3520050048828 144.031005859375 214.96299743652344
v 161.8939971923828 125.1989974975586 155.3470001220703
v 96.07830047607422 250.21200561523438 99.26730346679688
v 96.74079895019531 244.14500427246094 97.79930114746094
v 82.73870086669922 176.62899780273438 237.2050018310547
v 167.6009979248047 199.46099853515625 203.41600036621094
v 162.6699981689453 105.51399993896484 161.14100646972656
v 121.10800170898438 87.85220336914062 169.6699981689453
v 80.27369689941406 119.50499725341797 203.1020050048828
v 184.6699981689453 187.23199462890625 154.53900146484375
v 185.38099670410156 187.531005859375 160.322998046875
v 167.39100646972656 192.00799560546875 150.30599975585938
v 205.5989990234375 120.76300048828125 220.50900268554688
v 156.94000244140625 214.33999633789062 203.36500549316406
v 172.4980010986328 195.79299926757812 158.83399963378906
v 53.402801513671875 185.3070068359375 65.83200073242188
v 138.75399780273438 106.54499816894531 153.3040008544922
v 154.83999633789062 156.46800231933594 172.8000030517578
v 214.3459930419922 176.61099243164062 189.96200561523438
v 215.4459991455078 173.17300415039062 190.16299438476562
v 173.76100158691406 139.1510009765625 223.54800415039062
v 238.18899536132812 164.61599731445312 207.74000549316406
v 238.81300354003906 162.1179962158203 208.01400756835938
v 93.0291976928711 154.3419952392578 122.40699768066406
v 92.443603515625 152.2449951171875 117.3010025024414
v 47.767398834228516 143.07699584960938 87.37319946289062
v 47.69879913330078 144.92300415039062 84.80259704589844
v 120.89600372314453 170.0959930419922 133.29100036621094
v 122.43199920654297 168.22500610351562 135.42599487304688
v 49.90679931640625 143.13499450683594 119.02999877929688
v 49.124900817871094 146.3459930419922 119.31800079345703
v 81.91010284423828 130.13900756835938 132.04100036621094
v 82.9802017211914 131.32400512695312 134.63999938964844
v 53.849998474121094 156.86199951171875 164.03399658203125
v 92.62210083007812 201.69000244140625 84.93699645996094
v 90.2645034790039 197.6269989013672 82.85579681396484
v 63.94029998779297 188.22500610351562 65.722900390625
v 113.052001953125 164.6909942626953 132.32699584960938
v 52.02479934692383 162.9709930419922 166.82400512695312
v 149.46299743652344 258.03399658203125 157.60800170898438
v 230.4510040283203 143.3820037841797 214.38800048828125
v 74.68309783935547 100.24099731445312 150.32899475097656
v 118.84400177001953 172.427001953125 119.9469985961914
v 125.61599731445312 283.052001953125 145.88299560546875
v 131.2050018310547 117.84500122070312 169.86399841308594
v 143.82400512695312 187.97999572753906 127.91200256347656
v 100.9520034790039 278.0039978027344 128.9810028076172
v 149.6790008544922 193.39500427246094 130.6529998779297
v 151.4040069580078 209.343994140625 150.0970001220703
v 173.56100463867188 191.91200256347656 139.19500732421875
v 174.5709991455078 194.0540008544922 141.66900634765625
v 156.19700622558594 159.43800354003906 168.281005859375
v 158.67100524902344 161.49899291992188 168.30499267578125
v 164.82400512695312 167.78500366210938 170.02099609375
v 82.35440063476562 233.70599365234375 87.32740020751953
v 140.2519989013672 129.44700622558594 168.46200561523438
v 128.60800170898438 102.54900360107422 163.89999389648438
v 168.5 191.39500427246094 165.93699645996094
v 159.45399475097656 196.60299682617188 215.2480010986328
v 156.4219970703125 190.9040069580078 219.43899536132812
v 119.26899719238281 86.01139831542969 170.08700561523438
v 52.470298767089844 155.07200622558594 202.16799926757812
v 52.89830017089844 159.5959930419922 205.59100341796875
v 233.343994140625 127.80999755859375 214.39199829101562
v 215.5030059814453 114.77400207519531 203.33599853515625
v 111.0989990234375 173.25100708007812 100.41400146484375
v 119.61199951171875 133.61199951171875 141.1959991455078
v 58.58489990234375 117.1510009765625 134.9720001220703
v 85.65809631347656 140.1540069580078 223.6750030517578
v 165.9149932861328 161.9250030517578 159.5850067138672
v 85.50129699707031 248.3979949951172 96.26129913330078
v 91.62870025634766 246.32400512695312 95.8196029663086
v 218.89199829101562 164.63600158691406 190.82699584960938
v 130.3249969482422 110.58000183105469 168.77000427246094
v 57.274898529052734 233.58599853515625 124.78700256347656
v 86.93319702148438 266.4859924316406 181.3040008544922
v 170.23399353027344 193.41400146484375 142.1320037841797
v 172.26800537109375 193.4149932861328 140.57000732421875
v 145.31199645996094 112.5250015258789 151.72300720214844
v 84.67019653320312 132.6490020751953 136.8780059814453
v 60.18949890136719 136.0679931640625 172.32200622558594
v 60.546600341796875 246.39500427246094 146.3769989013672
v 62.95320129394531 249.02999877929688 142.0330047607422
v 130.36900329589844 279.88299560546875 149.02200317382812
v 104.84600067138672 109.82499694824219 208.8179931640625
v 119.38099670410156 96.970703125 156.1909942626953
v 231.8560028076172 131.85699462890625 206.2270050048828
v 55.067100524902344 129.23599243164062 137.2050018310547
v 122.21099853515625 187.38900756835938 150.13999938964844
v 151.53500366210938 192.677001953125 134.14100646972656
v 165.843994140625 82.41230010986328 154.07000732421875
v 219.4080047607422 151.2050018310547 190.4720001220703
v 46.51580047607422 137.0780029296875 103.52200317382812
v 57.32229995727539 210.09300231933594 205.73899841308594
v 56.07419967651367 216.2220001220703 200.14500427246094
v 63.043399810791016 130.0709991455078 108.40899658203125
v 192.64599609375 156.4290008544922 171.06900024414062
v 88.02529907226562 162.88400268554688 86.50029754638672
v 77.36170196533203 133.68099975585938 124.45999908447266
v 113.1969985961914 142.69400024414062 228.2480010986328
v 49.152801513671875 151.30099487304688 126.09700012207031
v 128.32200622558594 144.98399353027344 227.6750030517578
v 87.81839752197266 180.28500366210938 81.56680297851562
v 138.56300354003906 229.34300231933594 207.18499755859375
v 150.91200256347656 199.5659942626953 144.58299255371094
v 116.9749984741211 171.78399658203125 110.64900207519531
v 106.1760025024414 237.81199645996094 103.93900299072266
v 116.26599884033203 190.13299560546875 155.39300537109375
v 118.71499633789062 187.6750030517578 155.38600158691406
v 230.73199462890625 121.41300201416016 214.41000366210938
v 226.1179962158203 116.9540023803711 215.2100067138672
v 151.14599609375 119.71700286865234 225.66700744628906
v 225.03599548339844 158.2169952392578 195.9739990234375
v 74.7313003540039 114.8030014038086 132.38900756835938
v 71.62329864501953 110.322998046875 131.70399475097656
v 83.47119903564453 128.96200561523438 136.8179931640625
v 87.1781005859375 260.0539855957031 108.86399841308594
v 123.16300201416016 254.60800170898438 189.95399475097656
v 213.11000061035156 118.14299774169922 200.92599487304688
v 52.549400329589844 151.70700073242188 140.47300720214844
v 51.7224006652832 157.9810028076172 141.78799438476562
v 49.38560104370117 154.85299682617188 129.76800537109375
v 223.61199951171875 173.0030059814453 194.48199462890625
v 139.90199279785156 127.65599822998047 162.78199768066406
v 198.11900329589844 118.9990005493164 187.77000427246094
v 201.33299255371094 114.78600311279297 192.26100158691406
v 109.86599731445312 223.57200622558594 228.51499938964844
v 179.2469940185547 160.20700073242188 159.61099243164062
v 89.08409881591797 95.97989654541016 179.97300720214844
v 216.10499572753906 100.44000244140625 216.44400024414062
v 147.88099670410156 233.40499877929688 139.62600708007812
v 96.04750061035156 84.49510192871094 160.78500366210938
v 136.3509979248047 154.44200134277344 142.4709930419922
v 88.46320343017578 271.1700134277344 174.4149932861328
v 100.58000183105469 82.10669708251953 156.08399963378906
v 117.18900299072266 170.42100524902344 129.31300354003906
v 185.72000122070312 180.32899475097656 176.9320068359375
v 156.54600524902344 163.37100219726562 172.8000030517578
v 222.52999877929688 155.83399963378906 191.78399658203125
v 44.964298248291016 144.9669952392578 86.010498046875
v 164.43499755859375 106.9229965209961 223.61500549316406
v 165.68299865722656 201.33299255371094 202.3820037841797
v 159.27200317382812 168.50599670410156 173.53799438476562
v 122.947998046875 143.04400634765625 227.97900390625
v 116.00199890136719 138.06300354003906 225.72999572753906
v 222.39100646972656 98.80580139160156 214.93299865722656
v 140.63299560546875 200.59300231933594 223.89999389648438
v 131.1490020751953 194.83999633789062 156.14599609375
v 178.35699462890625 193.06900024414062 144.94700622558594
v 216.46600341796875 148.75 190.27099609375
v 219.50799560546875 96.5082015991211 208.71099853515625
v 218.13400268554688 92.7177963256836 208.39300537109375
v 109.9739990234375 91.67990112304688 149.625
v 114.4800033569336 92.29940032958984 153.12899780273438
v 153.8820037841797 77.41089630126953 147.74400329589844
v 154.8769989013672 214.98199462890625 143.093994140625
v 192.76100158691406 163.92999267578125 215.5800018310547
v 189.31700134277344 160.32699584960938 217.84800720214844
v 43.089599609375 153.26300048828125 74.52999877929688
v 157.17799377441406 148.1060028076172 225.1529998779297
v 119.60299682617188 182.65499877929688 238.61500549316406
v 84.33499908447266 272.5270080566406 168.0050048828125
v 160.7259979248047 150.8990020751953 151.91400146484375
v 158.0330047607422 230.6999969482422 175.7209930419922
v 174.2570037841797 120.85099792480469 165.28399658203125
v 179.16799926757812 183.81500244140625 184.10000610351562
v 192.36900329589844 117.35299682617188 182.63299560546875
v 154.8820037841797 221.31199645996094 144.22999572753906
v 145.14999389648438 206.92300415039062 123.1240005493164
v 142.78500366210938 203.85800170898438 119.93900299072266
v 84.86489868164062 211.5959930419922 230.3699951171875
v 49.65530014038086 161.1750030517578 132.41600036621094
v 157.5850067138672 191.68099975585938 151.3209991455078
v 65.10189819335938 125.96700286865234 164.02099609375
v 141.98399353027344 138.99099731445312 161.7949981689453
v 142.98699951171875 142.30799865722656 163.05799865722656
v 157.77200317382812 191.5489959716797 137.54600524902344
v 153.28799438476562 214.97900390625 135.0749969482422
v 170.7100067138672 203.50799560546875 177.83700561523438
v 55.52909851074219 137.5399932861328 141.4290008544922
v 42.3296012878418 144.07200622558594 98.56800079345703
v 64.12660217285156 183.9499969482422 65.99420166015625
v 66.36270141601562 104.49600219726562 131.74200439453125
v 49.509300231933594 174.46299743652344 157.67799377441406
v 47.81629943847656 182.82899475097656 157.8780059814453
v 152.95399475097656 197.60400390625 139.5
v 53.80059814453125 129.98300170898438 132.4239959716797
v 153.93899536132812 151.70700073242188 152.45599365234375
v 104.50900268554688 278.2460021972656 164.30599975585938
v 103.63500213623047 131.5709991455078 221.1479949951172
v 200.61399841308594 174.19700622558594 212.2209930419922
v 201.92300415039062 181.53599548339844 209.3000030517578
v 225.5970001220703 181.84100341796875 200.7010040283203
v 229.00900268554688 182.0500030517578 204.156005859375
v 118.04900360107422 188.36300659179688 152.6790008544922
v 219.71600341796875 145.16600036621094 196.69400024414062
v 234.75799560546875 153.23800659179688 212.7480010986328
v 98.54609680175781 136.8509979248047 224.66900634765625
v 144.85499572753906 147.10499572753906 151.86099243164062
v 49.91709899902344 150.29299926757812 132.2449951171875
v 147.10699462890625 226.79299926757812 133.88999938964844
v 84.80670166015625 146.125 110.66200256347656
v 147.81500244140625 205.29299926757812 125.77100372314453
v 152.70700073242188 155.2270050048828 172.8000030517578
v 157.9810028076172 184.531005859375 145.24600219726562
v 80.96980285644531 208.39599609375 79.6272964477539
v 141.95700073242188 218.41400146484375 123.43699645996094
v 125.70500183105469 103.02100372314453 165.7259979248047
v 214.0469970703125 157.87100219726562 188.35800170898438
v 88.7177963256836 149.8699951171875 120.48899841308594
v 227.56500244140625 177.86000061035156 202.13999938964844
v 121.93499755859375 134.7760009765625 225.87100219726562
v 62.957401275634766 192.3560028076172 66.20050048828125
v 129.99200439453125 193.11599731445312 150.87399291992188
v 138.8679962158203 140.7209930419922 168.4149932861328
v 78.72550201416016 120.58100128173828 133.20399475097656
v 121.80400085449219 176.1580047607422 110.97000122070312
v 128.8820037841797 194.01800537109375 156.656005859375
v 216.89999389648438 184.04400634765625 193.10299682617188
v 121.13300323486328 276.572998046875 161.04299926757812
v 130.86399841308594 230.67999267578125 212.80799865722656
v 129.83099365234375 94.2042007446289 156.06300354003906
v 47.33409881591797 191.906005859375 152.33799743652344
v 169.47900390625 205.8070068359375 188.52000427246094
v 132.30999755859375 132.2480010986328 146.18800354003906
v 133.68499755859375 127.22200012207031 148.718994140625
v 123.98400115966797 188.06399536132812 105.34100341796875
v 93.21659851074219 260.58099365234375 107.26699829101562
v 112.30500030517578 190.90499877929688 241.35000610351562
v 89.25350189208984 151.2220001220703 123.44999694824219
v 218.7830047607422 160.01600646972656 214.718994140625
v 148.01100158691406 244.96099853515625 174.98800659179688
v 151.28199768066406 238.56900024414062 177.33999633789062
v 47.11149978637695 143.8730010986328 110.99700164794922
v 229.77200317382812 184.66400146484375 206.5709991455078
v 55.991600036621094 241.74899291992188 149.58700561523438
v 63.3317985534668 118.01200103759766 122.58999633789062
v 165.9010009765625 171.9600067138672 168.93699645996094
v 118.1780014038086 189.63400268554688 156.71400451660156
v 124.30699920654297 194.5030059814453 151.97999572753906
v 132.13499450683594 107.0979995727539 218.6320037841797
v 218.86099243164062 189.26600646972656 197.64300537109375
v 73.3833999633789 264.55999755859375 149.2790069580078
v 115.31400299072266 275.9739990234375 166.04200744628906
v 80.6948013305664 126.58499908447266 132.81500244140625
v 103.47899627685547 156.63499450683594 136.54100036621094
v 109.29299926757812 157.4709930419922 136.66700744628906
v 151.1719970703125 203.29400634765625 159.02000427246094
v 153.28399658203125 162.1060028076172 172.50599670410156
v 56.327598571777344 222.6909942626953 196.77000427246094
v 127.78099822998047 112.64199829101562 162.92799377441406
v 120.06300354003906 188.77000427246094 150.67100524902344
v 92.63929748535156 219.66200256347656 91.93769836425781
v 131.27499389648438 157.9499969482422 139.427001953125
v 161.02499389648438 225.6269989013672 166.3159942626953
v 85.34770202636719 135.9550018310547 136.63699340820312
v 163.34500122070312 168.2989959716797 150.7790069580078
v 82.66329956054688 216.3350067138672 226.3730010986328
v 59.24150085449219 248.49600219726562 150.21099853515625
v 110.0989990234375 165.63400268554688 130.0500030517578
v 107.16500091552734 163.3979949951172 130.82200622558594
v 124.03800201416016 101.18199920654297 164.30099487304688
v 231.7310028076172 114.10399627685547 213.6909942626953
v 90.3938980102539 146.35299682617188 131.906005859375
v 163.76199340820312 83.11759948730469 184.56300354003906
v 52.72480010986328 232.45399475097656 149.0279998779297
v 179.16200256347656 76.80879974365234 170.86099243164062
v 78.03489685058594 164.35800170898438 81.68509674072266
v 72.94170379638672 162.302001953125 79.93949890136719
v 128.99000549316406 167.77200317382812 143.72999572753906
v 131.1510009765625 142.53900146484375 141.93600463867188
v 54.860801696777344 145.5030059814453 199.9709930419922
v 65.27339935302734 209.58399963378906 217.11500549316406
v 117.81600189208984 92.54859924316406 158.56900024414062
v 147.5709991455078 163.093994140625 226.88299560546875
v 159.11599731445312 172.37600708007812 168.77999877929688
v 81.71720123291016 155.04600524902344 90.87409973144531
v 139.76199340820312 225.24200439453125 124.88400268554688
v 143.39199829101562 227.3780059814453 129.37600708007812
v 67.49310302734375 230.4239959716797 87.16100311279297
v 112.25199890136719 85.98539733886719 187.7209930419922
v 73.2948989868164 104.22200012207031 154.94200134277344
v 133.41200256347656 98.5114974975586 213.5
v 181.8249969482422 139.7989959716797 220.73699951171875
v 179.0050048828125 135.26800537109375 223.1699981689453
v 138.14300537109375 138.20599365234375 166.38999938964844
v 88.28919982910156 269.08099365234375 122.40399932861328
v 171.2220001220703 165.39500427246094 148.28199768066406
v 99.72370147705078 173.40499877929688 241.99099731445312
v 162.88999938964844 163.9969940185547 163.97799682617188
v 209.9510040283203 114.67900085449219 200.2310028076172
v 213.6439971923828 112.10299682617188 202.85499572753906
v 54.82619857788086 130.63299560546875 104.1709976196289
v 70.99539947509766 103.23100280761719 145.02499389648438
v 129.18899536132812 250.06100463867188 191.53700256347656
v 148.10499572753906 122.8949966430664 150.67799377441406
v 148.9080047607422 116.99500274658203 151.2790069580078
v 50.76750183105469 167.0290069580078 170.83299255371094
v 93.73419952392578 147.8000030517578 136.51800537109375
v 95.5873031616211 151.4499969482422 135.75100708007812
v 126.34600067138672 117.56999969482422 149.80599975585938
v 44.07379913330078 156.77099609375 70.30760192871094
v 40.85960006713867 163.3990020751953 88.85070037841797
v 136.072998046875 239.75100708007812 127.45899963378906
v 166.06199645996094 154.3070068359375 223.23500061035156
v 65.37750244140625 252.8179931640625 143.40199279785156
v 160.10699462890625 225.25999450683594 180.28500366210938
v 154.94400024414062 198.6959991455078 136.0959930419922
v 175.95199584960938 179.6580047607422 181.5970001220703
v 156.9459991455078 213.88699340820312 167.37100219726562
v 87.28990173339844 135.47500610351562 137.63699340820312
v 62.436100006103516 108.3949966430664 133.31399536132812
v 111.00599670410156 206.9669952392578 97.63469696044922
v 101.22899627685547 94.06539916992188 144.77000427246094
v 51.7671012878418 175.1490020751953 63.73189926147461
v 176.2760009765625 178.81700134277344 180.33799743652344
v 125.46099853515625 177.0959930419922 113.94200134277344
v 92.35230255126953 272.1969909667969 124.2490005493164
v 57.931400299072266 203.28599548339844 210.95399475097656
v 232.0050048828125 118.9469985961914 209.80999755859375
v 116.41000366210938 86.87840270996094 163.17100524902344
v 112.95600128173828 85.63870239257812 156.84800720214844
v 163.12899780273438 162.28799438476562 161.42599487304688
v 95.80380249023438 271.0929870605469 175.7270050048828
v 57.57279968261719 139.09500122070312 188.43499755859375
v 77.53309631347656 105.88700103759766 135.73500061035156
v 164.9510040283203 167.90699768066406 166.95899963378906
v 127.0780029296875 102.48200225830078 165.63099670410156
v 46.59859848022461 175.0570068359375 185.16200256347656
v 94.90180206298828 211.83700561523438 233.23800659179688
v 161.93099975585938 224.64199829101562 176.53799438476562
v 157.2220001220703 220.01699829101562 152.07699584960938
v 161.61599731445312 186.06700134277344 141.91200256347656
v 230.84100341796875 161.61500549316406 212.20799255371094
v 190.156005859375 153.12100219726562 168.76199340820312
v 76.60430145263672 269.41400146484375 162.15499877929688
v 173.14700317382812 173.08200073242188 145.89999389648438
v 180.34100341796875 173.18499755859375 148.91700744628906
v 117.22200012207031 191.00799560546875 152.60400390625
v 172.10499572753906 164.61900329589844 218.98199462890625
v 142.2449951171875 166.7989959716797 228.86099243164062
v 224.45700073242188 165.625 213.73899841308594
v 108.92500305175781 81.8678970336914 164.6510009765625
v 163.40899658203125 165.7259979248047 167.3280029296875
v 135.00799560546875 198.5679931640625 227.53700256347656
v 144.5540008544922 158.9409942626953 227.69500732421875
v 45.641998291015625 171.92599487304688 67.9906005859375
v 49.04990005493164 178.4810028076172 203.51300048828125
v 52.56769943237305 178.7310028076172 211.02999877929688
v 155.96099853515625 148.8459930419922 151.4429931640625
v 46.26559829711914 182.38999938964844 95.6395034790039
v 124.80599975585938 161.27200317382812 234.75900268554688
v 124.30400085449219 156.2899932861328 233.59300231933594
v 140.48899841308594 205.73800659179688 221.7790069580078
v 60.91230010986328 135.25999450683594 177.4600067138672
v 169.93600463867188 158.44400024414062 157.43499755859375
v 188.906005859375 81.69300079345703 188.67799377441406
v 229.79100036621094 169.0749969482422 211.16600036621094
v 215.90199279785156 180.4340057373047 190.88800048828125
v 218.9499969482422 180.97000122070312 192.93099975585938
v 208.85800170898438 184.80799865722656 209.54800415039062
v 228.656005859375 158.125 214.0709991455078
v 128.2310028076172 127.13700103759766 146.64700317382812
v 130.72300720214844 121.73500061035156 149.7969970703125
v 151.64999389648438 164.67599487304688 171.031005859375
v 78.69300079345703 117.0770034790039 134.64300537109375
v 177.94000244140625 184.7689971923828 180.2480010986328
v 194.25999450683594 144.30499267578125 219.08700561523438
v 127.7249984741211 81.01429748535156 172.61599731445312
v 112.95600128173828 83.81680297851562 163.1840057373047
v 177.50399780273438 130.3990020751953 163.572998046875
v 200.99899291992188 97.26100158691406 194.66700744628906
v 82.44490051269531 116.00700378417969 137.24400329589844
v 83.15599822998047 133.31399536132812 131.80499267578125
v 81.91619873046875 100.9729995727539 170.73300170898438
v 98.51290130615234 127.41600036621094 217.16400146484375
v 67.6333999633789 256.0509948730469 144.2100067138672
v 126.05000305175781 178.3249969482422 150.87100219726562
v 129.37899780273438 176.5749969482422 152.66799926757812
v 147.46800231933594 97.74620056152344 213.73500061035156
v 60.8307991027832 166.78500366210938 69.83080291748047
v 62.394100189208984 165.8560028076172 219.67300415039062
v 206.14500427246094 142.87899780273438 218.32200622558594
v 170.23599243164062 191.5 138.94200134277344
v 172.39199829101562 190.39199829101562 138.0760040283203
v 227.89199829101562 103.8280029296875 211.94000244140625
v 73.72689819335938 159.23599243164062 226.7949981689453
v 67.41950225830078 160.7480010986328 222.69700622558594
v 145.32699584960938 225.05599975585938 203.94500732421875
v 110.23500061035156 233.63499450683594 219.66299438476562
v 177.83099365234375 180.78700256347656 177.86199951171875
v 48.9109001159668 144.1320037841797 115.5979995727539
v 48.516300201416016 194.7100067138672 106.39099884033203
v 63.993900299072266 195.81100463867188 68.03489685058594
v 61.87289810180664 124.16200256347656 151.89300537109375
v 178.43600463867188 182.37899780273438 182.9600067138672
v 45.38759994506836 177.64300537109375 86.82150268554688
v 68.243896484375 194.6909942626953 69.26930236816406
v 136.51600646972656 129.96200561523438 160.2259979248047
v 57.62350082397461 139.4219970703125 199.28399658203125
v 55.958499908447266 141.7310028076172 198.76699829101562
v 156.49000549316406 195.30499267578125 135.10800170898438
v 157.09800720214844 194.16600036621094 135.8939971923828
v 88.86019897460938 225.45399475097656 90.03489685058594
v 124.47899627685547 180.1929931640625 147.67999267578125
v 48.53340148925781 201.82899475097656 188.60299682617188
v 159.80999755859375 191.73800659179688 165.16799926757812
v 158.44000244140625 85.46910095214844 150.66200256347656
v 150.1999969482422 207.97799682617188 215.1179962158203
v 150.02099609375 203.64999389648438 216.8679962158203
v 164.07200622558594 167.11199951171875 162.86000061035156
v 120.40699768066406 194.7519989013672 156.0019989013672
v 122.29399871826172 99.20909881591797 161.61300659179688
v 94.33519744873047 124.40499877929688 213.552001953125
v 89.31919860839844 124.81199645996094 212.4250030517578
v 120.60199737548828 162.70599365234375 133.3260040283203
v 225.66000366210938 166.27200317382812 196.98800659179688
v 225.8990020751953 161.6060028076172 197.65899658203125
v 169.26300048828125 195.0850067138672 207.82200622558594
v 165.58599853515625 156.96099853515625 155.52999877929688
v 158.7310028076172 122.447998046875 224.95700073242188
v 161.99099731445312 189.875 139.375
v 87.47370147705078 121.93000030517578 208.99099731445312
v 88.3230972290039 156.07000732421875 92.56430053710938
v 172.9600067138672 204.7790069580078 170.93899536132812
v 124.10399627685547 122.00399780273438 147.10299682617188
v 62.546600341796875 222.45799255371094 86.72979736328125
v 142.19900512695312 174.4949951171875 165.40199279785156
v 128.8459930419922 102.8740005493164 215.96200561523438
v 124.58200073242188 100.86699676513672 212.9759979248047
v 173.1790008544922 180.6009979248047 180.56500244140625
v 128.28700256347656 188.427001953125 141.36099243164062
v 86.77140045166016 91.26640319824219 144.83299255371094
v 145.73800659179688 159.01600646972656 168.2949981689453
v 166.0500030517578 163.85499572753906 157.8209991455078
v 136.61000061035156 170.91900634765625 151.0050048828125
v 57.11009979248047 230.57200622558594 192.72999572753906
v 138.26600646972656 130.0989990234375 149.5709991455078
v 94.19339752197266 155.48399353027344 125.81800079345703
v 55.71080017089844 139.93499755859375 195.3090057373047
v 61.32350158691406 183.97300720214844 221.9949951171875
v 54.51029968261719 232.18899536132812 172.31700134277344
v 136.552001953125 127.22799682617188 158.89300537109375
v 112.10800170898438 107.5250015258789 148.17799377441406
v 87.24690246582031 186.7100067138672 80.4822998046875
v 144.49600219726562 189.7550048828125 136.44700622558594
v 159.3979949951172 230.9290008544922 163.06100463867188
v 150.86300659179688 78.47540283203125 171.93699645996094
v 150.70799255371094 80.72239685058594 177.29100036621094
v 154.3209991455078 117.83399963378906 152.83200073242188
v 166.63400268554688 191.73199462890625 156.87600708007812
v 103.14600372314453 204.8780059814453 92.5071029663086
v 80.62560272216797 256.62200927734375 110.03700256347656
v 158.28500366210938 227.3699951171875 181.38400268554688
v 48.501800537109375 189.8249969482422 90.83599853515625
v 170.7480010986328 143.41400146484375 223.9770050048828
v 70.01129913330078 149.60899353027344 89.24669647216797
v 204.9010009765625 98.9301986694336 199.39599609375
v 178.9010009765625 111.83999633789062 171.69200134277344
v 106.1449966430664 138.0260009765625 225.5749969482422
v 111.99099731445312 280.1610107421875 160.83299255371094
v 182.2100067138672 178.18800354003906 210.36500549316406
v 160.3300018310547 220.7530059814453 184.66299438476562
v 156.2740020751953 192.40699768066406 135.4759979248047
v 106.0530014038086 230.697998046875 103.13099670410156
v 161.50100708007812 221.5590057373047 176.33999633789062
v 122.55999755859375 205.02999877929688 103.47000122070312
v 111.36199951171875 168.89999389648438 105.31199645996094
v 183.03399658203125 105.65399932861328 176.43899536132812
v 60.98320007324219 190.093994140625 64.85399627685547
v 195.218994140625 123.5510025024414 183.10299682617188
v 74.99829864501953 214.5500030517578 222.8769989013672
v 153.76300048828125 238.96800231933594 171.35800170898438
v 152.8470001220703 207.24400329589844 138.01499938964844
v 159.427001953125 189.32400512695312 218.2259979248047
v 152.01400756835938 188.14700317382812 146.1320037841797
v 111.84400177001953 101.56800079345703 206.375
v 109.77400207519531 274.2879943847656 121.83100128173828
v 120.11799621582031 284.0979919433594 147.46099853515625
v 110.29100036621094 189.56500244140625 93.80329895019531
v 136.56399536132812 136.4219970703125 146.9029998779297
v 159.67300415039062 153.43699645996094 152
v 138.05499267578125 121.06900024414062 162.24099731445312
v 182.93899536132812 181.56500244140625 179.2469940185547
v 177.56300354003906 114.31700134277344 224
v 174.36399841308594 198.06399536132812 162.19900512695312
v 175.6230010986328 198.93800354003906 163.79600524902344
v 64.1395034790039 128.7729949951172 173.11399841308594
v 217.95799255371094 141.4459991455078 196.52000427246094
v 55.99869918823242 137.8769989013672 92.73149871826172
v 107.4469985961914 168.76100158691406 98.12409973144531
v 101.11100006103516 282.56500244140625 138.41400146484375
v 67.77529907226562 237.91000366210938 96.88600158691406
v 123.69999694824219 281.5669860839844 151.33599853515625
v 107.97799682617188 229.7429962158203 224.1320037841797
v 129.7169952392578 200.66099548339844 230.23699951171875
v 162.64300537109375 204.2050018310547 201.68299865722656
v 173.3419952392578 77.33170318603516 157.76300048828125
v 94.81929779052734 94.283203125 191.67999267578125
v 92.59940338134766 94.56900024414062 187.08700561523438
v 169.45199584960938 169.69500732421875 146.8159942626953
v 52.636199951171875 131.92999267578125 120.91600036621094
v 175.08900451660156 182.04299926757812 178.64199829101562
v 175.1820068359375 182.95399475097656 180.10299682617188
v 49.923500061035156 168.81100463867188 205.06399536132812
v 50.413700103759766 175.4429931640625 207.60299682617188
v 98.41680145263672 99.43389892578125 201.2100067138672
v 109.21800231933594 162.96200561523438 133.1490020751953
v 217.31500244140625 118.71299743652344 203.08200073242188
v 164.27499389648438 166.3249969482422 165.08900451660156
v 66.57779693603516 120.99800109863281 122.45899963378906
v 86.48429870605469 147.55099487304688 120.38500213623047
v 63.183799743652344 197.5070037841797 219.85699462890625
v 66.15390014648438 232.79200744628906 92.4801025390625
v 58.733299255371094 210.822998046875 81.08879852294922
v 175.0260009765625 178.20399475097656 178.98800659179688
v 188.02699279785156 168.49400329589844 166.58399963378906
v 187.88900756835938 173.4510040283203 170.36000061035156
v 182.1820068359375 168.06700134277344 215.06199645996094
v 59.368499755859375 239.64599609375 130.41700744628906
v 109.4010009765625 252.4429931640625 107.93800354003906
v 181.427001953125 192.843994140625 184.0970001220703
v 147.43299865722656 258.70098876953125 149.88400268554688
v 159.1790008544922 193.9320068359375 171.61900329589844
v 59.98889923095703 133.5679931640625 185.2689971923828
v 165.18299865722656 120.2959976196289 158.47799682617188
v 120.56300354003906 186.72500610351562 152.5260009765625
v 98.0614013671875 187.38800048828125 86.04850006103516
v 153.78399658203125 192.56500244140625 221.45899963378906
v 71.84940338134766 146.1840057373047 94.11609649658203
v 109.71800231933594 98.716796875 148.4810028076172
v 235.2519989013672 171.28399658203125 207.33599853515625
v 124.68000030517578 263.0950012207031 178.93699645996094
v 97.5779037475586 160.55099487304688 91.24199676513672
v 175.031005859375 180.69200134277344 177.63600158691406
v 107.74400329589844 83.2677993774414 153.12899780273438
v 79.62169647216797 263.4419860839844 124.01300048828125
v 80.17350006103516 106.23300170898438 179.1280059814453
v 47.47079849243164 167.27699279785156 122.46700286865234
v 91.92040252685547 87.57250213623047 161.89199829101562
v 151.11700439453125 147.0449981689453 172.8000030517578
v 208.86900329589844 150.45799255371094 185.81199645996094
v 85.8843002319336 174.4929962158203 81.64250183105469
v 112.77899932861328 159.56199645996094 236.4429931640625
v 141.07200622558594 114.02999877929688 224.07000732421875
v 68.29720306396484 242.79400634765625 105.04900360107422
v 153.79299926757812 214.51699829101562 159.14300537109375
v 183.41400146484375 83.33260345458984 171.23800659179688
v 146.9720001220703 180.12899780273438 159.2899932861328
v 140.97000122070312 131.33399963378906 163.22900390625
v 235.83399963378906 139.78500366210938 214.281005859375
v 232.06399536132812 175.3209991455078 204.5760040283203
v 124.2770004272461 175.91700744628906 133.9739990234375
v 190.1699981689453 158.81399536132812 167.77499389648438
v 104.25399780273438 164.156005859375 96.50469970703125
v 154.86900329589844 81.72540283203125 148.3070068359375
v 205.3820037841797 131.8769989013672 190.47300720214844
v 154.36399841308594 207.45700073242188 135.76100158691406
v 69.08309936523438 190.03399658203125 69.59629821777344
v 139.3350067138672 95.60279846191406 209.81399536132812
v 201.22000122070312 85.26380157470703 200.98300170898438
v 159.3300018310547 226.7050018310547 158.83999633789062
v 159.7729949951172 128.97500610351562 224.82000732421875
v 73.20829772949219 106.02100372314453 133.4040069580078
v 87.8478012084961 92.15879821777344 162.9550018310547
v 139.5489959716797 75.42379760742188 161.2469940185547
v 238.1490020751953 143.66799926757812 212.23599243164062
v 196.3489990234375 160.13600158691406 216.76300048828125
v 176.4600067138672 189.01400756835938 139.97900390625
v 173.29400634765625 196.66200256347656 147.59100341796875
v 212.35499572753906 153.60299682617188 187.4929962158203
v 95.91619873046875 93.8062973022461 143.53799438476562
v 182.23800659179688 192.99899291992188 179.70799255371094
v 79.32129669189453 128.7530059814453 129.81500244140625
v 63.066898345947266 190.69700622558594 222.281005859375
v 146.45799255371094 223.68299865722656 130.47300720214844
v 149.8979949951172 222.1820068359375 134.0659942626953
v 159.98899841308594 96.45159912109375 158.0240020751953
v 145.80999755859375 203.1580047607422 123.00900268554688
v 163.44000244140625 175.79800415039062 146.48599243164062
v 167.5800018310547 174.4980010986328 145.18099975585938
v 142.7899932861328 158.56900024414062 149.4759979248047
v 172.95399475097656 196.11099243164062 155.50599670410156
v 157.07400512695312 85.02030181884766 188.40499877929688
v 57.30889892578125 213.65499877929688 88.25129699707031
v 88.82389831542969 277.12799072265625 160.9510040283203
v 157.27099609375 194.46499633789062 138.44700622558594
v 90.3666000366211 250.20899963378906 97.6875
v 197.9810028076172 93.21009826660156 190.6750030517578
v 193.26300048828125 173.76699829101562 211.11099243164062
v 83.02249908447266 102.03099822998047 177.11900329589844
v 50.220001220703125 212.41700744628906 189.9429931640625
v 137.9929962158203 150.37600708007812 227.4499969482422
v 217.6479949951172 172.51600646972656 190.41099548339844
v 138.6479949951172 214.80499267578125 119.33999633789062
v 147.47900390625 201.51699829101562 124.70600128173828
v 152.35699462890625 201.80999755859375 132.322998046875
v 86.1969985961914 273.6340026855469 134.31100463867188
v 111.9229965209961 266.4079895019531 115.8030014038086
v 170.50100708007812 203.63699340820312 180.8489990234375
v 155.5959930419922 217.23199462890625 155.36300659179688
v 70.28099822998047 124.95600128173828 122.1510009765625
v 172.7239990234375 146.0489959716797 222.41000366210938
v 160.5330047607422 177.1840057373047 148.5800018310547
v 208.25100708007812 187.6490020751953 208.95599365234375
v 104.51300048828125 284.343994140625 145.33599853515625
v 132.85499572753906 95.09590148925781 208.77000427246094
v 53.54180145263672 147.4929962158203 83.07510375976562
v 151.59500122070312 86.68560028076172 149.40899658203125
v 227.91900634765625 147.4149932861328 201.5279998779297
v 189.73399353027344 96.03379821777344 219.14100646972656
v 135.68299865722656 141.95700073242188 144.55599975585938
v 56.15769958496094 143.02099609375 188.30299377441406
v 103.51599884033203 159.02000427246094 134.3090057373047
v 49.958099365234375 203.99600219726562 193.95399475097656
v 118.15699768066406 146.80299377441406 230.13999938964844
v 115.12100219726562 252.406005859375 111.88899993896484
v 134.4010009765625 109.68699645996094 220.5469970703125
v 132.2050018310547 112.37100219726562 222.8179931640625
v 201.0760040283203 121.68699645996094 221.4029998779297
v 153.31500244140625 158.3350067138672 225.74899291992188
v 102.69000244140625 93.8228988647461 199.60699462890625
v 156.39199829101562 82.51699829101562 181.80799865722656
v 46.74700164794922 184.531005859375 104.4520034790039
v 48.28269958496094 206.41700744628906 186.64599609375
v 47.71849822998047 184.59800720214844 85.36710357666016
v 186.6580047607422 80.22879791259766 176.2689971923828
v 66.61650085449219 123.4280014038086 191.25599670410156
v 82.052001953125 265.0899963378906 181.3419952392578
v 131.74000549316406 126.25299835205078 165.25399780273438
v 154.4149932861328 201.4250030517578 135.67799377441406
v 48.937198638916016 193.39100646972656 192.5760040283203
v 51.20320129394531 198.87399291992188 89.33480072021484
v 150.5850067138672 204.2169952392578 154.1719970703125
v 159.4429931640625 191.0989990234375 147.39199829101562
v 158.33799743652344 193.03900146484375 142.21499633789062
v 177.34100341796875 141.11599731445312 221.91900634765625
v 156.1490020751953 235.39500427246094 156.8249969482422
v 187.16400146484375 178.24600219726562 170.99400329589844
v 128.3509979248047 179.99099731445312 114.76000213623047
v 191.24899291992188 191.34300231933594 201.96200561523438
v 53.36259841918945 224.68600463867188 189.50999450683594
v 217.60299682617188 121.80599975585938 216.74000549316406
v 46.88290023803711 191.52099609375 184.30999755859375
v 145.1020050048828 200.18899536132812 122.02799987792969
v 228.0659942626953 188.4600067138672 205.05999755859375
v 169.41900634765625 200.76699829101562 183.66200256347656
v 127.86699676513672 153.18800354003906 231.55599975585938
v 106.48300170898438 148.91600036621094 137.5330047607422
v 152.08200073242188 87.01519775390625 192.80599975585938
v 54.54330062866211 205.3209991455078 84.65550231933594
v 119.947998046875 262.1990051269531 117.55899810791016
v 174.9709930419922 92.25990295410156 166.46299743652344
v 102.02100372314453 184.68899536132812 88.53109741210938
v 102.63300323486328 176.7259979248047 89.65840148925781
v 127.1780014038086 281.08099365234375 134.14100646972656
v 237.11199951171875 164.9739990234375 205.21299743652344
v 237.5449981689453 166.69400024414062 207.47500610351562
v 222.3990020751953 95.83789825439453 210.5290069580078
v 190.55599975585938 119.0199966430664 223.4510040283203
v 148.6300048828125 191.20899963378906 138.04800415039062
v 131.802001953125 243.73899841308594 197.00999450683594
v 157.06399536132812 198.12399291992188 215.3979949951172
v 53.206600189208984 164.2779998779297 208.66299438476562
v 182.26199340820312 188.33900451660156 187.1230010986328
v 156.56500244140625 176.9510040283203 151.10299682617188
v 173.50100708007812 180.19000244140625 212.57899475097656
v 135.34300231933594 79.97579956054688 152.0780029296875
v 105 91.47599792480469 196.71600341796875
v 111.94100189208984 281.3599853515625 132.95700073242188
v 114.8010025024414 279.0060119628906 129.3990020751953
v 162.9429931640625 93.5873031616211 209.7449951171875
v 105.18800354003906 161.85400390625 116.8489990234375
v 237.75 163.12899780273438 205.5070037841797
v 66.18340301513672 153.08999633789062 217.66799926757812
v 154.64199829101562 204.10299682617188 135.41600036621094
v 139.61199951171875 194.4290008544922 117.09100341796875
v 63.672000885009766 107.1510009765625 130.8780059814453
v 61.04899978637695 109.62699890136719 130.5780029296875
v 50.339698791503906 146.9969940185547 80.7052993774414
v 79.08689880371094 139.89599609375 219.82899475097656
v 50.94350051879883 169.2530059814453 158.20799255371094
v 66.58070373535156 142.2220001220703 211.1490020751953
v 63.61539840698242 243.9810028076172 190.07400512695312
v 220.25799560546875 185.05499267578125 195.89100646972656
v 139.5970001220703 157.98500061035156 146.4510040283203
v 141.3159942626953 231.36500549316406 201.99600219726562
v 118.51899719238281 168.4929962158203 131.94900512695312
v 147.7429962158203 198.6020050048828 125.75499725341797
v 60.359100341796875 231.1529998779297 104.24299621582031
v 95.32710266113281 275.4809875488281 127.55899810791016
v 147.82899475097656 189.61099243164062 146.35800170898438
v 50.05569839477539 133.322998046875 103.072998046875
v 177.65499877929688 196.85000610351562 164.2729949951172
v 55.82640075683594 121.82499694824219 127.95999908447266
v 136.86700439453125 172.3939971923828 154.72799682617188
v 175.1479949951172 188.16700744628906 208.03700256347656
v 70.01290130615234 154.71800231933594 222.41400146484375
v 136.1540069580078 221.66600036621094 120.48200225830078
v 132.70199584960938 218.2969970703125 116.26599884033203
v 186.61199951171875 78.72380065917969 180.39599609375
v 202.2519989013672 169.61500549316406 180.76100158691406
v 48.46120071411133 179.43099975585938 150.6649932861328
v 136.19900512695312 227.5449981689453 123.57499694824219
v 187.89100646972656 165.9250030517578 215.3990020751953
v 157.46200561523438 219.18600463867188 157.8300018310547
v 174.69700622558594 201.875 199.29400634765625
v 75.57990264892578 245.00100708007812 95.972900390625
v 97.18319702148438 157.36700439453125 96.22760009765625
v 161.61700439453125 191.8489990234375 139.5489959716797
v 165.31100463867188 174.05799865722656 173.08200073242188
v 76.48179626464844 118.60199737548828 131.6909942626953
v 89.11589813232422 100.41000366210938 194.1490020751953
v 124.09600067138672 175.75100708007812 139.03900146484375
v 142.30599975585938 255.677001953125 170.5760040283203
v 194.8780059814453 167.7050018310547 173.9669952392578
v 140.91600036621094 125.54499816894531 150.9029998779297
v 219.79400634765625 117.2760009765625 204.49200439453125
v 91.256103515625 163.72000122070312 86.56690216064453
v 230.42599487304688 125.60299682617188 206.98599243164062
v 73.16259765625 100.63400268554688 139.8509979248047
v 150.14300537109375 157.28900146484375 172.49899291992188
v 185.59800720214844 186.4980010986328 186.68899536132812
v 233.72799682617188 136.19500732421875 206.66299438476562
v 71.2334976196289 178.99099731445312 72.03160095214844
v 83.17050170898438 273.0409851074219 151.46299743652344
v 146.1750030517578 112.46199798583984 224.07400512695312
v 181.94900512695312 168.4320068359375 150.89300537109375
v 184.92999267578125 181.11000061035156 207.6490020751953
v 133.98399353027344 120.61499786376953 152.7259979248047
v 133.77099609375 114.88800048828125 224.00399780273438
v 59.63560104370117 197.44900512695312 215.86399841308594
v 89.5427017211914 88.82579803466797 147.63499450683594
v 234.1060028076172 129.10000610351562 208.12100219726562
v 170.66200256347656 186.11199951171875 138.66299438476562
v 147.3300018310547 209.6300048828125 125.97699737548828
v 230.44000244140625 148.06700134277344 214.37899780273438
v 135.3300018310547 278.0589904785156 146.5399932861328
v 170.6510009765625 205.8679962158203 185.98199462890625
v 213.4969940185547 94.56880187988281 216.16600036621094
v 151.4720001220703 111.68499755859375 153.60000610351562
v 189.1479949951172 177.1790008544922 175.8419952392578
v 158.02699279785156 154.6510009765625 153.3179931640625
v 203.9929962158203 193.0959930419922 198.1479949951172
v 57.64039993286133 229.88400268554688 112.16500091552734
v 227.4149932861328 192.3209991455078 205.36900329589844
v 119.98500061035156 116.99099731445312 219.85000610351562
v 151.03599548339844 209.22000122070312 130.6719970703125
v 153.63099670410156 206.22500610351562 133.60400390625
v 74.98139953613281 268.14898681640625 155.2899932861328
v 143.51300048828125 168.63699340820312 165.45700073242188
v 103.96700286865234 142.05599975585938 228.46600341796875
v 149.33700561523438 161.98899841308594 171.3990020751953
v 233.42799377441406 172.23800659179688 204.8090057373047
v 70.10970306396484 120.4209976196289 195.68299865722656
v 129.31100463867188 87.70880126953125 192.79400634765625
v 122.23899841308594 194.2010040283203 151.4219970703125
v 64.81710052490234 128.7480010986328 177.34100341796875
v 180.89199829101562 182.91900634765625 207.8990020751953
v 124.13200378417969 283.52301025390625 135.66000366210938
v 127.85600280761719 238.19400024414062 119.9489974975586
v 134.8070068359375 129.43699645996094 172.6790008544922
v 82.52649688720703 273.0660095214844 163.48199462890625
v 84.93099975585938 274.94000244140625 162.22799682617188
v 172.27200317382812 179.71200561523438 180.5279998779297
v 135.5050048828125 192.0659942626953 114.11000061035156
v 148.21800231933594 250.61199951171875 146.45899963378906
v 147.8179931640625 191.6529998779297 128.74000549316406
v 177.843994140625 201.92599487304688 184.218994140625
v 117.68900299072266 175.22300720214844 107.30400085449219
v 63.76969909667969 147.89100646972656 87.70480346679688
v 142.76499938964844 79.8313980102539 174.67300415039062
v 176.593994140625 92.95469665527344 212.8280029296875
v 120.46399688720703 267.5840148925781 176.21800231933594
v 176.17300415039062 183.8350067138672 209.48199462890625
v 144.7830047607422 249.90499877929688 173.68899536132812
v 147.3520050048828 213.2429962158203 127.13400268554688
v 182.77999877929688 191.23800659179688 158.23899841308594
v 160.53700256347656 162.2530059814453 170.2760009765625
v 187.28700256347656 170.70700073242188 162.24200439453125
v 71.27739715576172 245.125 197.0989990234375
v 126.54000091552734 266.0660095214844 123.49099731445312
v 41.76409912109375 149.802001953125 99.88140106201172
v 155.56500244140625 172.88099670410156 164.0399932861328
v 76.5167007446289 263.6730041503906 179.927001953125
v 206.35400390625 103.08000183105469 219.92999267578125
v 126.74600219726562 132.85299682617188 143.81199645996094
v 95.75309753417969 197.05499267578125 85.39800262451172
v 129.0330047607422 105.13999938964844 165.41299438476562
v 158.8800048828125 217.843994140625 181.36599731445312
v 93.36699676513672 274.1610107421875 169.02099609375
v 104.11699676513672 97.78810119628906 202.9600067138672
v 146.57200622558594 162.13099670410156 168.5189971923828
v 62.47589874267578 130.71400451660156 166.27999877929688
v 48.14350128173828 202.65499877929688 185.69200134277344
v 221.13400268554688 93.52880096435547 210.302001953125
v 183.03399658203125 182.41700744628906 177.42300415039062
v 114.9280014038086 270.6310119628906 120.20999908447266
v 155.99899291992188 220.44500732421875 148.968994140625
v 121.20600128173828 104.75800323486328 214.27099609375
v 235.42300415039062 139.61900329589844 207.1280059814453
v 148.8769989013672 195.81300354003906 128.1820068359375
v 135.51400756835938 112.73899841308594 155.30099487304688
v 90.66680145263672 136.05299377441406 222.697998046875
v 126.9749984741211 111.14600372314453 168.83700561523438
v 118.99199676513672 108.34700012207031 150.27200317382812
v 50.71160125732422 202.38999938964844 198.44500732421875
v 64.9041976928711 109.32099914550781 128.5469970703125
v 118.8740005493164 262.5570068359375 183.22300720214844
v 77.53739929199219 179.9409942626953 234.96200561523438
v 45.43299865722656 154.62100219726562 72.07019805908203
v 92.53630065917969 96.65670013427734 193.11700439453125
v 129.3159942626953 215.69200134277344 112.5739974975586
v 213.6020050048828 187.90499877929688 194.88699340820312
v 164.3769989013672 195.37399291992188 213.58900451660156
v 132.66000366210938 128.16799926757812 171.38099670410156
v 56.277801513671875 146.03700256347656 181.11300659179688
v 179.8070068359375 199.60400390625 186.49200439453125
v 51.62730026245117 163.63299560546875 192.54100036621094
v 124.8010025024414 233.94400024414062 116.55899810791016
v 180.9550018310547 181.78599548339844 178.39199829101562
v 48.46900177001953 178.33299255371094 190.07699584960938
v 83.09220123291016 260.68499755859375 113.58200073242188
v 176.42300415039062 169.06199645996094 147.93499755859375
v 182.11599731445312 133.47900390625 166.76699829101562
v 179.64599609375 181.52999877929688 182.0679931640625
v 236.60499572753906 132.44700622558594 209.07000732421875
v 136.46099853515625 136.16799926757812 167.46200561523438
v 55.80220031738281 147.1540069580078 173.69000244140625
v 50.865699768066406 182.1230010986328 208.1699981689453
v 116.61000061035156 84.15370178222656 168.89599609375
v 80.61599731445312 246.57000732421875 95.23049926757812
v 187.1490020751953 147.69700622558594 219.24600219726562
v 150.62399291992188 108.19400024414062 223.63999938964844
v 53.018001556396484 235.64599609375 152.35400390625
v 225.4810028076172 120.80999755859375 206.1020050048828
v 168.84100341796875 84.0864028930664 157.36399841308594
v 205.2209930419922 178.98399353027344 210.57699584960938
v 149.11300659179688 202.70899963378906 127.66799926757812
v 48.743099212646484 173.61300659179688 182.31100463867188
v 129.06900024414062 112.46800231933594 157.96800231933594
v 178.14700317382812 179.43600463867188 210.71200561523438
v 44.73849868774414 165.99099731445312 68.22750091552734
v 67.93679809570312 247.7899932861328 191.3459930419922
v 156.16900634765625 173.97300720214844 160.4340057373047
v 61.76020050048828 252.36700439453125 150.3730010986328
v 123.13999938964844 219.30099487304688 109.98999786376953
v 164.89599609375 171.4530029296875 147.78599548339844
v 147.3560028076172 139.98800659179688 172.8000030517578
v 42.83940124511719 137.6269989013672 92.99739837646484
v 71.88510131835938 199.21800231933594 71.93659973144531
v 117.31600189208984 265.1650085449219 117.46600341796875
v 72.67479705810547 263.00299072265625 143.5330047607422
v 145.48199462890625 252.97300720214844 168.12100219726562
v 150.99899291992188 104.76300048828125 221.218994140625
v 231.60699462890625 116.18699645996094 214.36199951171875
v 205.30299377441406 152.63800048828125 182.45399475097656
v 115.52999877929688 104.6050033569336 210.447998046875
v 56.771400451660156 135.9720001220703 97.47319793701172
v 124.86799621582031 182.3939971923828 153.1280059814453
v 44.717899322509766 135.39599609375 91.94100189208984
v 56.0255012512207 233.69700622558594 185.5189971923828
v 178.32699584960938 194.4600067138672 199.59500122070312
v 53.44540023803711 170.64100646972656 211.51199340820312
v 155.8699951171875 215.5240020751953 162.0919952392578
v 176.0050048828125 97.99690246582031 220.56700134277344
v 146.83999633789062 193.41799926757812 126.0479965209961
v 60.75199890136719 245.0260009765625 141.91700744628906
v 57.06869888305664 134.88499450683594 146.91799926757812
v 139.61700439453125 260.9110107421875 134.64100646972656
v 90.27259826660156 97.14569854736328 188.27000427246094
v 115.61399841308594 101.8759994506836 207.5030059814453
v 73.53710174560547 263.3900146484375 173.8780059814453
v 67.73780059814453 233.6790008544922 203.51499938964844
v 92.92759704589844 93.02999877929688 181.1719970703125
v 92.76679992675781 176.97300720214844 84.27290344238281
v 154.89999389648438 149.84500122070312 170.8730010986328
v 153.33999633789062 151.06199645996094 167.8159942626953
v 53.95209884643555 238.6479949951172 154.08299255371094
v 60.04819869995117 153.2570037841797 77.43730163574219
v 63.47760009765625 250.12600708007812 181.76300048828125
v 167.02200317382812 192.00599670410156 140.53500366210938
v 49.64350128173828 203.83099365234375 182.39500427246094
v 194.5 92.96040344238281 187.0800018310547
v 139.52699279785156 142.05599975585938 147.3820037841797
v 150.8520050048828 242.1439971923828 148.197998046875
v 86.39119720458984 276.2430114746094 156.19900512695312
v 53.315101623535156 206.83999633789062 91.47979736328125
v 114.55699920654297 196.62899780273438 239.73300170898438
v 232.1510009765625 157.5330047607422 212.78700256347656
v 175.6060028076172 125.77400207519531 164.281005859375
v 131.48399353027344 137.1060028076172 144.00799560546875
v 131.97999572753906 92.0625 202.48899841308594
v 132.1540069580078 127.9520034790039 167.5330047607422
v 156.8249969482422 194.8699951171875 169.2760009765625
v 170.94500732421875 202.781005859375 175.91200256347656
v 214.70199584960938 150.4739990234375 188.75799560546875
v 135.7169952392578 136.27099609375 170.44900512695312
v 94.43779754638672 172.11300659179688 240.63299560546875
v 49.29330062866211 217.51600646972656 166.0919952392578
v 102.97599792480469 82.56710052490234 163.78500366210938
v 116.14900207519531 192.4510040283203 97.53820037841797
v 187.16600036621094 136.04299926757812 170.86099243164062
v 60.6619987487793 189.26100158691406 219.41799926757812
v 51.51250076293945 188.2239990234375 207.0970001220703
v 139.2570037841797 113.46600341796875 152.11300659179688
v 62.87699890136719 137.69500732421875 98.73770141601562
v 146.56700134277344 137.80299377441406 167.33399963378906
v 54.62770080566406 146.9810028076172 185.50799560546875
v 104.01699829101562 269.72601318359375 116.40299987792969
v 206.4739990234375 171.60000610351562 184.5959930419922
v 118.35700225830078 98.11319732666016 206.88999938964844
v 69.78119659423828 256.8210144042969 183.0709991455078
v 153.00799560546875 89.0177001953125 197.9669952392578
v 202.68299865722656 188.6909942626953 193.82000732421875
v 169.5850067138672 200.64599609375 180.96299743652344
v 58.17060089111328 170.39700317382812 66.08159637451172
v 48.13669967651367 135.1300048828125 105.697998046875
v 201.29800415039062 97.40879821777344 219.7760009765625
v 84.0155029296875 144.6269989013672 120.7239990234375
v 56.192100524902344 149.5399932861328 159.54100036621094
v 90.82969665527344 277.8139953613281 142.468994140625
v 52.94649887084961 198.37600708007812 80.57730102539062
v 198.75900268554688 125.75299835205078 186.52499389648438
v 126.30999755859375 109.22799682617188 164.95599365234375
v 129.02200317382812 119.91500091552734 168.27000427246094
v 46.035400390625 177.71299743652344 185.552001953125
v 152.7310028076172 199.1439971923828 132.47799682617188
v 225.572998046875 173.60499572753906 199.3280029296875
v 56.32590103149414 203.71499633789062 77.92579650878906
v 99.65789794921875 102.8740005493164 203.0540008544922
v 106.677001953125 165.5989990234375 239.41400146484375

g grp1
usemtl mtl1
f 3858 2 1 
f 938 1 2 
f 3302 4 3 
f 1526 3 4 
f 694 6 5 
f 2528 5 6 
f 642 8 7 
f 359 7 8 
f 3590 10 9 
f 2726 9 10 
f 324 12 11 
f 2885 11 12 
f 3355 14 13 
f 3605 13 14 
f 1567 16 15 
f 478 15 16 
f 3763 18 17 
f 1271 17 18 
f 314 20 19 
f 1117 19 20 
f 58 22 21 
f 3801 21 22 
f 935 24 23 
f 1002 23 24 
f 3709 26 25 
f 531 25 26 
f 2416 28 27 
f 1356 27 28 
f 2782 30 29 
f 124 29 30 
f 1290 32 31 
f 3288 31 32 
f 1357 34 33 
f 3762 33 34 
f 4000 36 35 
f 2347 35 36 
f 3542 38 37 
f 708 37 38 
f 3534 40 39 
f 3858 39 40 
f 725 42 41 
f 2456 41 42 
f 1620 44 43 
f 3609 43 44 
f 1575 46 45 
f 2546 45 46 
f 3191 48 47 
f 3662 47 48 
f 2294 50 49 
f 117 49 50 
f 1283 52 51 
f 803 51 52 
f 3012 54 53 
f 3626 53 54 
f 1562 56 55 
f 2960 55 56 
f 1574 58 57 
f 21 57 58 
f 1944 60 59 
f 2028 59 60 
f 2887 62 61 
f 1315 61 62 
f 2011 64 63 
f 591 63 64 
f 3166 66 65 
f 2420 65 66 
f 3983 68 67 
f 531 67 68 
f 264 70 69 
f 657 69 70 
f 2590 72 71 
f 440 71 72 
f 3978 74 73 
f 3667 73 74 
f 141 76 75 
f 2388 75 76 
f 2443 78 77 
f 2816 77 78 
f 1364 52 79 
f 1283 79 52 
f 3334 81 80 
f 2848 80 81 
f 3401 83 82 
f 1687 82 83 
f 983 85 84 
f 1931 84 85 
f 3823 87 86 
f 2631 86 87 
f 2995 89 88 
f 657 88 89 
f 3199 91 90 
f 3269 90 91 
f 3581 93 92 
f 3341 92 93 
f 393 95 94 
f 3593 94 95 
f 1000 97 96 
f 1079 96 97 
f 708 98 37 
f 3699 37 98 
f 1981 100 99 
f 2302 99 100 
f 188 102 101 
f 2324 101 102 
f 2525 104 103 
f 2054 103 104 
f 3708 106 105 
f 1293 105 106 
f 2757 108 107 
f 1185 107 108 
f 922 110 109 
f 2639 109 110 
f 891 112 111 
f 2084 111 112 
f 2420 114 113 
f 1760 113 114 
f 1795 116 115 
f 2729 115 116 
f 1786 49 117 
f 3217 119 118 
f 1246 118 119 
f 2070 121 120 
f 2554 120 121 
f 3881 123 122 
f 2259 122 123 
f 1058 29 124 
f 1304 126 125 
f 805 125 126 
f 3132 128 127 
f 1332 127 128 
f 2678 130 129 
f 3790 129 130 
f 2571 132 131 
f 295 131 132 
f 2823 134 133 
f 2128 133 134 
f 1062 136 135 
f 733 135 136 
f 2276 138 137 
f 3303 137 138 
f 1170 140 139 
f 1414 139 140 
f 1018 141 75 
f 2669 143 142 
f 2976 142 143 
f 1153 145 144 
f 636 144 145 
f 250 147 146 
f 3711 146 147 
f 207 149 148 
f 579 148 149 
f 3224 151 150 
f 1077 150 151 
f 3005 153 152 
f 2874 152 153 
f 3585 155 154 
f 3048 154 155 
f 3600 157 156 
f 512 156 157 
f 1533 159 158 
f 2268 158 159 
f 3055 161 160 
f 1068 160 161 
f 866 163 162 
f 2722 162 163 
f 1667 165 164 
f 2147 164 165 
f 2142 167 166 
f 2843 166 167 
f 2098 169 168 
f 1827 168 169 
f 2422 162 170 
f 2722 170 162 
f 353 172 171 
f 352 171 172 
f 1919 174 173 
f 1252 173 174 
f 2315 176 175 
f 1975 175 176 
f 2686 178 177 
f 998 177 178 
f 271 180 179 
f 1315 179 180 
f 1818 83 181 
f 1458 181 83 
f 3616 183 182 
f 1602 182 183 
f 1085 185 184 
f 1159 184 185 
f 2468 187 186 
f 1256 186 187 
f 2237 188 101 
f 3596 190 189 
f 3513 189 190 
f 453 192 191 
f 2066 191 192 
f 420 194 193 
f 2620 193 194 
f 3655 196 195 
f 3376 195 196 
f 2018 198 197 
f 703 197 198 
f 1063 200 199 
f 2551 199 200 
f 3316 202 201 
f 2787 201 202 
f 555 204 203 
f 3590 203 204 
f 1963 206 205 
f 2952 205 206 
f 3315 208 207 
f 2542 207 208 
f 3186 210 209 
f 3877 209 210 
f 3619 212 211 
f 643 211 212 
f 2860 214 213 
f 3394 213 214 
f 3773 216 215 
f 3658 215 216 
f 760 218 217 
f 1316 217 218 
f 1216 220 219 
f 2462 219 220 
f 1908 222 221 
f 1928 221 222 
f 826 224 223 
f 2947 223 224 
f 2302 173 225 
f 3840 225 173 
f 11 227 226 
f 5 226 227 
f 99 225 228 
f 3517 228 225 
f 2472 230 229 
f 2819 229 230 
f 3187 232 231 
f 3039 231 232 
f 1556 234 233 
f 2030 233 234 
f 745 236 235 
f 3216 235 236 
f 2032 238 237 
f 3522 237 238 
f 938 240 239 
f 2687 239 240 
f 1135 242 241 
f 565 241 242 
f 3005 152 243 
f 3335 243 152 
f 2840 245 244 
f 272 244 245 
f 3571 247 246 
f 1782 246 247 
f 3629 249 248 
f 1118 248 249 
f 3619 250 212 
f 683 212 250 
f 1353 252 251 
f 1711 251 252 
f 1355 254 253 
f 2182 253 254 
f 2429 256 255 
f 3923 255 256 
f 2362 258 257 
f 897 257 258 
f 721 260 259 
f 2489 259 260 
f 3566 262 261 
f 2093 261 262 
f 997 264 263 
f 560 263 264 
f 194 266 265 
f 2988 265 266 
f 2655 268 267 
f 2728 267 268 
f 825 270 269 
f 1446 269 270 
f 2195 271 179 
f 1071 272 245 
f 2284 274 273 
f 2888 273 274 
f 1772 276 275 
f 2137 275 276 
f 2010 278 277 
f 2681 277 278 
f 3580 280 279 
f 2619 279 280 
f 1290 282 281 
f 2098 281 282 
f 3850 284 283 
f 1876 283 284 
f 2983 286 285 
f 1494 285 286 
f 1135 241 287 
f 3851 287 241 
f 2098 168 288 
f 2966 288 168 
f 2411 290 289 
f 3633 289 290 
f 3527 292 291 
f 1296 291 292 
f 1840 294 293 
f 3487 293 294 
f 1851 295 132 
f 3170 297 296 
f 2941 296 297 
f 2647 298 134 
f 3356 134 298 
f 2543 300 299 
f 3925 299 300 
f 2705 302 301 
f 572 301 302 
f 677 304 303 
f 3069 303 304 
f 1011 306 305 
f 1873 305 306 
f 3130 308 307 
f 1365 307 308 
f 1624 310 309 
f 3264 309 310 
f 1527 312 311 
f 1522 311 312 
f 2238 314 313 
f 3980 313 314 
f 3083 316 315 
f 1709 315 316 
f 2195 318 317 
f 1440 317 318 
f 3232 320 319 
f 495 319 320 
f 3453 322 321 
f 887 321 322 
f 650 324 323 
f 3398 323 324 
f 1489 326 325 
f 2145 325 326 
f 1178 328 327 
f 1137 327 328 
f 3925 330 329 
f 679 329 330 
f 2648 332 331 
f 315 331 332 
f 3679 334 333 
f 2785 333 334 
f 3325 336 335 
f 3356 335 336 
f 2018 338 337 
f 1249 337 338 
f 2918 340 339 
f 402 339 340 
f 3827 342 341 
f 1456 341 342 
f 2047 344 343 
f 696 343 344 
f 918 346 345 
f 2684 345 346 
f 566 348 347 
f 2491 347 348 
f 724 350 349 
f 3065 349 350 
f 3548 352 351 
f 3722 351 352 
f 3838 354 353 
f 3134 353 354 
f 1532 356 355 
f 1285 355 356 
f 3468 358 357 
f 999 357 358 
f 2586 360 359 
f 1435 359 360 
f 2517 362 361 
f 1199 361 362 
f 676 364 363 
f 555 363 364 
f 3616 182 365 
f 2674 365 182 
f 2672 367 366 
f 2006 366 367 
f 2833 369 368 
f 2036 368 369 
f 1232 371 370 
f 1558 370 371 
f 3208 373 372 
f 2255 372 373 
f 2140 375 374 
f 2225 374 375 
f 2466 377 376 
f 3384 376 377 
f 2381 379 378 
f 2568 378 379 
f 3373 381 380 
f 3228 380 381 
f 1360 383 382 
f 1753 382 383 
f 3396 385 384 
f 1650 384 385 
f 3635 387 386 
f 3869 386 387 
f 3957 389 388 
f 650 388 389 
f 1359 391 390 
f 186 390 391 
f 2739 393 392 
f 94 392 393 
f 2566 395 394 
f 291 394 395 
f 3484 397 396 
f 2830 396 397 
f 1010 399 398 
f 3992 398 399 
f 3372 401 400 
f 736 400 401 
f 524 402 340 
f 967 404 403 
f 1026 403 404 
f 954 406 405 
f 3492 405 406 
f 653 408 407 
f 1113 407 408 
f 2510 410 409 
f 2791 409 410 
f 394 412 411 
f 558 411 412 
f 3312 413 31 
f 3842 31 413 
f 3641 415 414 
f 1358 414 415 
f 1158 417 416 
f 1121 416 417 
f 2691 419 418 
f 3761 418 419 
f 3321 194 420 
f 1217 422 421 
f 1127 421 422 
f 1151 424 423 
f 644 423 424 
f 804 426 425 
f 3897 425 426 
f 1166 428 427 
f 1738 427 428 
f 2885 430 429 
f 2316 429 430 
f 2208 432 431 
f 1399 431 432 
f 3367 434 433 
f 1211 433 434 
f 2810 436 435 
f 3808 435 436 
f 2759 438 437 
f 3052 437 438 
f 2951 440 439 
f 3969 439 440 
f 1012 442 441 
f 1175 441 442 
f 1863 444 443 
f 461 443 444 
f 3716 446 445 
f 2747 445 446 
f 451 448 447 
f 2082 447 448 
f 855 450 449 
f 1080 449 450 
f 2656 452 451 
f 1404 451 452 
f 1845 233 453 
f 192 453 233 
f 2539 455 454 
f 3211 454 455 
f 2929 311 456 
f 3617 456 311 
f 593 458 457 
f 805 457 458 
f 1697 460 459 
f 3286 459 460 
f 1983 461 444 
f 3806 463 462 
f 1349 462 463 
f 2161 465 464 
f 2610 464 465 
f 1496 467 466 
f 2408 466 467 
f 1669 469 468 
f 3801 468 469 
f 3117 471 470 
f 1831 470 471 
f 3188 473 472 
f 3268 472 473 
f 2734 475 474 
f 3783 474 475 
f 3452 321 476 
f 1458 476 321 
f 15 478 477 
f 445 477 478 
f 788 480 479 
f 1405 479 480 
f 3017 482 481 
f 2602 481 482 
f 1940 484 483 
f 3914 483 484 
f 1404 486 485 
f 3495 485 486 
f 3211 488 487 
f 2129 487 488 
f 2738 490 489 
f 541 489 490 
f 1643 492 491 
f 3251 491 492 
f 3491 494 493 
f 3077 493 494 
f 3323 319 495 
f 2946 497 496 
f 2637 496 497 
f 1506 499 498 
f 1875 498 499 
f 1530 501 500 
f 741 500 501 
f 109 502 95 
f 3593 95 502 
f 3141 504 503 
f 3277 503 504 
f 2418 506 505 
f 2087 505 506 
f 2046 508 507 
f 3942 507 508 
f 178 510 509 
f 93 509 510 
f 2316 430 511 
f 3458 511 430 
f 3426 513 512 
f 1576 512 513 
f 2876 515 514 
f 994 514 515 
f 2602 517 516 
f 1578 516 517 
f 2663 519 518 
f 1329 518 519 
f 1774 521 520 
f 904 520 521 
f 1302 523 522 
f 3025 522 523 
f 2699 525 524 
f 1749 524 525 
f 2479 527 526 
f 2121 526 527 
f 1213 529 528 
f 1037 528 529 
f 25 531 530 
f 869 530 531 
f 1702 533 532 
f 781 532 533 
f 2403 535 534 
f 1004 534 535 
f 2491 348 536 
f 755 536 348 
f 1090 538 537 
f 2241 537 538 
f 922 539 110 
f 3423 110 539 
f 489 541 540 
f 3810 540 541 
f 555 364 542 
f 2817 542 364 
f 1918 544 543 
f 1557 543 544 
f 1462 546 545 
f 3243 545 546 
f 1525 548 547 
f 2309 547 548 
f 1140 550 549 
f 1243 549 550 
f 1985 552 551 
f 540 551 552 
f 892 554 553 
f 3967 553 554 
f 1280 363 555 
f 1201 557 556 
f 1597 556 557 
f 412 559 558 
f 2105 558 559 
f 69 560 264 
f 2008 562 561 
f 3645 561 562 
f 39 564 563 
f 1034 563 564 
f 2061 241 565 
f 1211 567 566 
f 348 566 567 
f 1174 569 568 
f 2637 568 569 
f 2903 571 570 
f 1838 570 571 
f 158 573 572 
f 3868 572 573 
f 1693 575 574 
f 2863 574 575 
f 3473 577 576 
f 829 576 577 
f 1765 579 578 
f 149 578 579 
f 807 581 580 
f 823 580 581 
f 1042 583 582 
f 899 582 583 
f 1733 585 584 
f 2001 584 585 
f 1822 587 586 
f 3502 586 587 
f 1108 588 108 
f 1185 108 588 
f 1369 590 589 
f 1123 589 590 
f 2753 63 591 
f 1181 593 592 
f 457 592 593 
f 1607 595 594 
f 1726 594 595 
f 770 597 596 
f 2211 596 597 
f 852 599 598 
f 2212 598 599 
f 434 601 600 
f 2469 600 601 
f 2874 603 602 
f 2651 602 603 
f 1491 565 242 
f 2685 605 604 
f 1995 604 605 
f 3203 607 606 
f 1220 606 607 
f 2404 609 608 
f 2675 608 609 
f 1461 611 610 
f 2972 610 611 
f 3945 613 612 
f 44 612 613 
f 2510 615 614 
f 1807 614 615 
f 1529 617 616 
f 630 616 617 
f 111 619 618 
f 3592 618 619 
f 1379 621 620 
f 1589 620 621 
f 3248 623 622 
f 926 622 623 
f 1032 625 624 
f 2177 624 625 
f 2642 627 626 
f 1775 626 627 
f 3699 629 628 
f 3665 628 629 
f 2190 616 630 
f 2895 632 631 
f 982 631 632 
f 1435 634 633 
f 3350 633 634 
f 144 636 635 
f 2270 635 636 
f 2916 638 637 
f 2477 637 638 
f 729 640 639 
f 2161 639 640 
f 3443 642 641 
f 2345 641 642 
f 1233 643 212 
f 989 644 424 
f 427 646 645 
f 1210 645 646 
f 3510 648 647 
f 2671 647 648 
f 3217 118 649 
f 3637 649 118 
f 1378 324 650 
f 2474 652 651 
f 1420 651 652 
f 3583 654 653 
f 2162 653 654 
f 2361 656 655 
f 3669 655 656 
f 70 658 657 
f 88 657 658 
f 2803 660 659 
f 1141 659 660 
f 1475 662 661 
f 186 661 662 
f 1730 664 663 
f 1286 663 664 
f 2226 666 665 
f 2562 665 666 
f 2828 386 667 
f 2749 667 386 
f 61 180 668 
f 1906 668 180 
f 2440 670 669 
f 3552 669 670 
f 3747 672 671 
f 2532 671 672 
f 1903 674 673 
f 2974 673 674 
f 1285 356 675 
f 3032 675 356 
f 25 530 676 
f 364 676 530 
f 3299 678 677 
f 304 677 678 
f 1793 679 330 
f 996 681 680 
f 2964 680 681 
f 3132 683 682 
f 146 682 683 
f 3871 685 684 
f 3085 684 685 
f 1943 687 686 
f 1858 686 687 
f 2536 689 688 
f 699 688 689 
f 1608 691 690 
f 2314 690 691 
f 757 693 692 
f 1136 692 693 
f 5 227 694 
f 429 694 227 
f 2694 696 695 
f 344 695 696 
f 1783 698 697 
f 2774 697 698 
f 1847 688 699 
f 79 701 700 
f 2260 700 701 
f 3890 703 702 
f 3995 702 703 
f 2308 705 704 
f 802 704 705 
f 2550 707 706 
f 1789 706 707 
f 1832 708 38 
f 2789 710 709 
f 1059 709 710 
f 2922 712 711 
f 1503 711 712 
f 3283 714 713 
f 3244 713 714 
f 779 716 715 
f 3176 715 716 
f 3472 420 717 
f 2611 717 420 
f 2562 719 718 
f 3854 718 719 
f 2933 721 720 
f 259 720 721 
f 3579 723 722 
f 2902 722 723 
f 1418 725 724 
f 350 724 725 
f 2479 726 527 
f 2768 527 726 
f 1044 728 727 
f 3614 727 728 
f 3123 640 729 
f 1335 731 730 
f 678 730 731 
f 135 733 732 
f 3740 732 733 
f 1376 735 734 
f 651 734 735 
f 2474 651 735 
f 3829 400 736 
f 1275 738 737 
f 1653 737 738 
f 744 740 739 
f 2858 739 740 
f 526 500 741 
f 1119 743 742 
f 2091 742 743 
f 911 745 744 
f 740 744 745 
f 3529 747 746 
f 2357 746 747 
f 1817 749 748 
f 3113 748 749 
f 1132 751 750 
f 1766 750 751 
f 151 753 752 
f 470 752 753 
f 3324 755 754 
f 567 754 755 
f 2377 757 756 
f 521 756 757 
f 2925 759 758 
f 3207 758 759 
f 766 760 217 
f 1557 761 543 
f 2244 543 761 
f 2350 763 762 
f 3685 762 763 
f 2217 765 764 
f 3435 764 765 
f 595 766 217 
f 1342 768 767 
f 1778 767 768 
f 597 770 769 
f 3074 769 770 
f 3808 772 771 
f 2124 771 772 
f 2862 774 773 
f 2417 773 774 
f 2693 776 775 
f 1367 775 776 
f 803 778 777 
f 2348 777 778 
f 3480 716 779 
f 926 781 780 
f 1114 780 781 
f 3243 783 782 
f 547 782 783 
f 2085 785 784 
f 2822 784 785 
f 3950 787 786 
f 3778 786 787 
f 3496 788 479 
f 3949 790 789 
f 2273 789 790 
f 2960 56 791 
f 3985 791 56 
f 3223 793 792 
f 1729 792 793 
f 747 795 794 
f 3562 794 795 
f 1422 778 796 
f 803 796 778 
f 3232 319 797 
f 3026 797 319 
f 1367 799 798 
f 2408 798 799 
f 1253 801 800 
f 900 800 801 
f 2019 802 705 
f 777 804 803 
f 425 803 804 
f 3812 805 458 
f 3860 807 806 
f 2238 806 807 
f 1334 809 808 
f 2048 808 809 
f 2165 811 810 
f 3814 810 811 
f 2762 813 812 
f 2162 812 813 
f 1605 815 814 
f 1587 814 815 
f 3042 817 816 
f 2579 816 817 
f 998 178 509 
f 2696 819 818 
f 2547 818 819 
f 1553 821 820 
f 2545 820 821 
f 1007 822 294 
f 3487 294 822 
f 20 580 823 
f 2977 825 824 
f 269 824 825 
f 3282 745 235 
f 1919 826 223 
f 3909 828 827 
f 1900 827 828 
f 2029 829 577 
f 787 476 830 
f 1458 830 476 
f 3973 832 831 
f 1783 831 832 
f 3142 834 833 
f 3857 833 834 
f 2101 836 835 
f 1445 835 836 
f 2281 838 837 
f 2359 837 838 
f 2039 840 839 
f 859 839 840 
f 2659 841 406 
f 3345 406 841 
f 696 507 343 
f 3942 343 507 
f 497 461 842 
f 838 842 461 
f 3600 156 843 
f 3726 843 156 
f 3204 845 844 
f 1935 844 845 
f 1870 847 846 
f 2043 846 847 
f 2578 849 848 
f 2080 848 849 
f 3457 851 850 
f 1879 850 851 
f 598 853 852 
f 3159 852 853 
f 2669 142 854 
f 3560 854 142 
f 1421 856 855 
f 2459 855 856 
f 2662 858 857 
f 2656 857 858 
f 2432 859 840 
f 2447 861 860 
f 2888 860 861 
f 1877 863 862 
f 2986 862 863 
f 1083 865 864 
f 1052 864 865 
f 1890 163 866 
f 3630 868 867 
f 3774 867 868 
f 68 870 869 
f 2136 869 870 
f 2243 872 871 
f 1242 871 872 
f 2321 874 873 
f 1263 873 874 
f 3077 876 875 
f 906 875 876 
f 3914 878 877 
f 3374 877 878 
f 1576 880 879 
f 2845 879 880 
f 1871 45 881 
f 463 881 45 
f 3407 883 882 
f 3825 882 883 
f 580 20 314 
f 2389 884 76 
f 2388 76 884 
f 1196 886 885 
f 1140 885 886 
f 3803 321 887 
f 901 889 888 
f 91 888 889 
f 2687 891 890 
f 1278 890 891 
f 1930 605 892 
f 2570 892 605 
f 2954 894 893 
f 2427 893 894 
f 2984 896 895 
f 861 895 896 
f 258 898 897 
f 2865 897 898 
f 2180 582 899 
f 3289 900 801 
f 3236 889 901 
f 3216 236 902 
f 911 902 236 
f 2784 904 903 
f 1803 903 904 
f 1528 304 678 
f 2748 906 905 
f 3781 905 906 
f 1601 908 907 
f 3973 907 908 
f 3923 910 909 
f 1090 909 910 
f 236 745 911 
f 733 913 912 
f 2312 912 913 
f 423 644 914 
f 35 914 644 
f 2591 63 915 
f 2753 915 63 
f 2496 917 916 
f 3893 916 917 
f 3161 898 258 
f 585 918 345 
f 1333 920 919 
f 960 919 920 
f 3885 922 921 
f 109 921 922 
f 2559 924 923 
f 3588 923 924 
f 302 158 572 
f 2550 706 925 
f 1796 925 706 
f 2771 926 780 
f 2829 928 927 
f 1089 927 928 
f 3218 930 929 
f 1509 929 930 
f 3289 801 931 
f 1592 931 801 
f 970 933 932 
f 2042 932 933 
f 553 934 892 
f 1930 892 934 
f 1869 846 935 
f 2228 935 846 
f 2262 937 936 
f 3413 936 937 
f 1228 939 938 
f 240 938 939 
f 3480 779 940 
f 882 940 779 
f 1749 942 941 
f 1075 941 942 
f 2621 944 943 
f 1754 943 944 
f 2871 946 945 
f 2427 945 946 
f 2465 948 947 
f 2777 947 948 
f 2869 950 949 
f 1694 949 950 
f 3604 951 606 
f 3203 606 951 
f 563 953 952 
f 495 952 953 
f 1955 954 710 
f 1060 710 954 
f 2718 632 955 
f 2895 955 632 
f 2599 957 956 
f 3945 956 957 
f 1591 959 958 
f 1018 958 959 
f 919 960 809 
f 344 809 960 
f 1446 961 269 
f 978 269 961 
f 944 963 962 
f 2868 962 963 
f 1747 964 270 
f 1446 270 964 
f 1877 966 965 
f 1394 965 966 
f 3416 967 403 
f 1184 969 968 
f 3813 968 969 
f 3707 933 970 
f 1232 972 971 
f 2891 971 972 
f 997 263 973 
f 3684 973 263 
f 1731 975 974 
f 1684 974 975 
f 1744 977 976 
f 2835 976 977 
f 1482 978 961 
f 2721 979 170 
f 3999 170 979 
f 1888 981 980 
f 1101 980 981 
f 2564 631 982 
f 84 984 983 
f 2836 983 984 
f 2585 986 985 
f 2632 985 986 
f 686 988 987 
f 3580 987 988 
f 424 934 989 
f 553 989 934 
f 3779 991 990 
f 2914 990 991 
f 2083 993 992 
f 1649 992 993 
f 1035 995 994 
f 514 994 995 
f 2328 996 680 
f 2795 357 999 
f 2337 1001 1000 
f 1237 1000 1001 
f 1250 23 1002 
f 3778 1004 1003 
f 3245 1003 1004 
f 3994 1005 61 
f 2887 61 1005 
f 822 1007 1006 
f 2605 1006 1007 
f 2538 1009 1008 
f 2945 1008 1009 
f 2158 399 1010 
f 3780 306 1011 
f 1828 1013 1012 
f 442 1012 1013 
f 1151 1014 424 
f 934 424 1014 
f 2763 193 1015 
f 3274 1015 193 
f 2409 1017 1016 
f 1594 1016 1017 
f 2290 1019 1018 
f 958 1018 1019 
f 3029 1021 1020 
f 2094 1020 1021 
f 3306 1023 1022 
f 1908 1022 1023 
f 2754 1025 1024 
f 1986 1024 1025 
f 403 1026 206 
f 3890 206 1026 
f 3059 1028 1027 
f 2132 1027 1028 
f 387 643 1029 
f 1233 1029 643 
f 3616 835 1030 
f 3695 1030 835 
f 2727 1032 1031 
f 3607 1031 1032 
f 953 1034 1033 
f 1277 1033 1034 
f 1080 859 1035 
f 2432 1035 859 
f 3319 1036 828 
f 2245 828 1036 
f 1685 528 1037 
f 2267 1038 852 
f 599 852 1038 
f 550 1040 1039 
f 1361 1039 1040 
f 2456 1042 1041 
f 582 1041 1042 
f 2325 1044 1043 
f 1184 1043 1044 
f 3762 1046 1045 
f 2399 1045 1046 
f 2506 1047 750 
f 2301 750 1047 
f 516 1049 1048 
f 1898 1048 1049 
f 1473 1051 1050 
f 3732 1050 1051 
f 1505 1053 1052 
f 2649 1052 1053 
f 2337 1055 1054 
f 2189 1054 1055 
f 3031 1057 1056 
f 160 1056 1057 
f 1086 1058 105 
f 3708 105 1058 
f 710 1060 1059 
f 3777 1059 1060 
f 3728 1062 1061 
f 3934 1061 1062 
f 199 1064 1063 
f 1853 1063 1064 
f 3619 211 1065 
f 3635 1065 211 
f 2678 1067 1066 
f 1881 1066 1067 
f 1102 1068 161 
f 1177 1070 1069 
f 2180 1069 1070 
f 1821 1072 1071 
f 1052 1071 1072 
f 1445 1073 835 
f 3695 835 1073 
f 1152 388 1074 
f 323 1074 388 
f 942 1076 1075 
f 1431 1075 1076 
f 1462 1001 1054 
f 2337 1054 1001 
f 2008 150 1077 
f 2811 1079 1078 
f 3966 1078 1079 
f 994 1080 1035 
f 1210 492 1081 
f 1643 1081 492 
f 865 1083 1082 
f 3493 1082 1083 
f 3731 1085 1084 
f 2819 1084 1085 
f 3834 1058 1086 
f 1964 1088 1087 
f 1190 1087 1088 
f 2976 927 1089 
f 1674 538 1090 
f 1417 1092 1091 
f 972 1091 1092 
f 3765 1094 1093 
f 3013 1093 1094 
f 2135 1096 1095 
f 681 1095 1096 
f 1246 1098 1097 
f 738 1097 1098 
f 3611 1100 1099 
f 2194 1099 1100 
f 1921 1101 981 
f 3627 1068 1102 
f 2974 1059 1103 
f 3777 1103 1059 
f 454 1105 1104 
f 3344 1104 1105 
f 2181 1041 582 
f 2195 317 1106 
f 3974 1106 317 
f 870 1107 552 
f 489 552 1107 
f 3784 541 490 
f 3710 1108 108 
f 281 1110 1109 
f 3806 1109 1110 
f 3660 1112 1111 
f 3693 1111 1112 
f 3462 407 1113 
f 781 1115 1114 
f 1523 1114 1115 
f 19 1117 1116 
f 3961 1116 1117 
f 2622 1118 249 
f 742 1120 1119 
f 3709 1119 1120 
f 323 388 650 
f 417 1122 1121 
f 1195 1121 1122 
f 975 1123 590 
f 2831 1124 956 
f 2599 956 1124 
f 2083 1126 1125 
f 2041 1125 1126 
f 1926 1127 1107 
f 2738 1107 1127 
f 1892 1129 1128 
f 3415 1128 1129 
f 1587 1131 1130 
f 3764 1130 1131 
f 2423 1133 1132 
f 751 1132 1133 
f 2455 668 1134 
f 1906 1134 668 
f 2178 1135 287 
f 692 1136 904 
f 1803 904 1136 
f 2796 327 1137 
f 2847 1139 1138 
f 3053 1138 1139 
f 1040 1140 886 
f 3901 1142 1141 
f 3636 1141 1142 
f 1882 1144 1143 
f 2600 1143 1144 
f 3706 1146 1145 
f 3954 1145 1146 
f 3384 1147 896 
f 861 896 1147 
f 2157 1149 1148 
f 2725 1148 1149 
f 2080 849 1150 
f 2390 1150 849 
f 1740 412 394 
f 3297 1152 1151 
f 1014 1151 1152 
f 2022 1154 1153 
f 2071 1153 1154 
f 2060 1156 1155 
f 3891 1155 1156 
f 1705 1158 1157 
f 416 1157 1158 
f 77 1159 185 
f 1308 1161 1160 
f 1823 1160 1161 
f 1461 1162 611 
f 1423 611 1162 
f 2920 1164 1163 
f 1406 1163 1164 
f 1741 834 1165 
f 3142 1165 834 
f 1514 428 1166 
f 1603 1168 1167 
f 2797 1167 1168 
f 140 1170 1169 
f 2715 1169 1170 
f 2589 1172 1171 
f 1507 1171 1172 
f 3825 883 1173 
f 3320 1173 883 
f 920 1174 568 
f 442 1176 1175 
f 3811 1175 1176 
f 3809 1178 1177 
f 327 1177 1178 
f 3368 1180 1179 
f 2714 1179 1180 
f 2243 1182 1181 
f 593 1181 1182 
f 1505 1183 33 
f 1357 33 1183 
f 3143 1043 1184 
f 2792 107 1185 
f 2121 1187 1186 
f 3114 1186 1187 
f 1234 127 1188 
f 1332 1188 127 
f 3490 787 830 
f 1906 1190 1189 
f 3511 1189 1190 
f 3234 1192 1191 
f 2726 1191 1192 
f 2928 1194 1193 
f 820 1193 1194 
f 2259 1121 1195 
f 2214 1196 885 
f 1268 1198 1197 
f 3322 1197 1198 
f 3510 361 1199 
f 1445 1200 1073 
f 3769 1073 1200 
f 510 1201 556 
f 2205 1203 1202 
f 3844 1202 1203 
f 596 1205 1204 
f 2015 1204 1205 
f 3441 1207 1206 
f 2700 1206 1207 
f 3220 1209 1208 
f 1912 1208 1209 
f 3251 1210 646 
f 566 433 1211 
f 3905 1213 1212 
f 528 1212 1213 
f 3915 1215 1214 
f 2868 1214 1215 
f 3957 1216 389 
f 2389 389 1216 
f 2089 1218 1217 
f 422 1217 1218 
f 3604 1220 1219 
f 1723 1219 1220 
f 2276 1222 1221 
f 811 1221 1222 
f 2193 1224 1223 
f 3775 1223 1224 
f 944 1226 1225 
f 3888 1225 1226 
f 3028 1227 80 
f 3334 80 1227 
f 2706 1229 1228 
f 1451 1228 1229 
f 3485 1231 1230 
f 3141 1230 1231 
f 1932 371 1232 
f 212 1234 1233 
f 1188 1233 1234 
f 3448 1236 1235 
f 2826 1235 1236 
f 1001 1238 1237 
f 3124 1237 1238 
f 3748 1240 1239 
f 1428 1239 1240 
f 1035 1241 995 
f 3620 995 1241 
f 872 810 1242 
f 1612 1242 810 
f 3349 823 581 
f 3676 549 1243 
f 2818 1245 1244 
f 1395 1244 1245 
f 2272 1098 1246 
f 1182 1248 1247 
f 1808 1247 1248 
f 2003 1250 1249 
f 1812 1249 1250 
f 2705 301 1251 
f 1819 1251 301 
f 174 635 1252 
f 3634 1252 635 
f 2006 1254 1253 
f 801 1253 1254 
f 2103 1256 1255 
f 2460 1255 1256 
f 3749 1258 1257 
f 2913 1257 1258 
f 2603 1260 1259 
f 1868 1259 1260 
f 2009 1262 1261 
f 3406 1261 1262 
f 874 1264 1263 
f 3660 1263 1264 
f 2759 1265 438 
f 2102 438 1265 
f 2080 1172 1266 
f 2589 1266 1172 
f 2450 1268 1267 
f 1197 1267 1268 
f 813 1270 1269 
f 3919 1269 1270 
f 2849 17 1271 
f 1986 1273 1272 
f 3415 1272 1273 
f 741 1274 526 
f 2479 526 1274 
f 181 1275 737 
f 3288 1276 795 
f 3562 795 1276 
f 3378 1277 1034 
f 239 1 938 
f 891 111 1278 
f 618 1278 111 
f 3840 173 1252 
f 2099 1280 1279 
f 555 1279 1280 
f 3235 1282 1281 
f 2496 1281 1282 
f 1308 483 1161 
f 3914 1161 483 
f 79 1283 701 
f 3977 701 1283 
f 1728 1285 1284 
f 3267 1284 1285 
f 664 1287 1286 
f 3388 1286 1287 
f 2969 1289 1288 
f 1934 1288 1289 
f 281 32 1290 
f 2051 1292 1291 
f 2697 1291 1292 
f 1086 105 1293 
f 2303 1295 1294 
f 3408 1294 1295 
f 2719 1297 1296 
f 1740 1296 1297 
f 3470 1299 1298 
f 1979 1298 1299 
f 3627 1301 1300 
f 3105 1300 1301 
f 2037 1302 522 
f 1325 985 1303 
f 87 1303 985 
f 1713 1305 1304 
f 126 1304 1305 
f 3642 1307 1306 
f 1011 1306 1307 
f 2036 483 1308 
f 3816 1310 1309 
f 3907 1309 1310 
f 2580 1312 1311 
f 2543 1311 1312 
f 1989 1314 1313 
f 1733 1313 1314 
f 2778 1315 62 
f 2298 217 1316 
f 1879 1318 1317 
f 2841 1317 1318 
f 154 1320 1319 
f 1720 1319 1320 
f 3201 1322 1321 
f 3680 1321 1322 
f 3682 1324 1323 
f 3576 1323 1324 
f 2723 1326 1325 
f 2585 1325 1326 
f 1669 468 1327 
f 2027 1327 468 
f 1884 1329 1328 
f 237 1328 1329 
f 2990 791 1024 
f 3985 1024 791 
f 1839 1331 1330 
f 936 1330 1331 
f 1911 1332 128 
f 919 1334 1333 
f 429 1333 1334 
f 730 1336 1335 
f 216 1335 1336 
f 126 457 805 
f 244 1338 1337 
f 3126 1337 1338 
f 2632 986 1339 
f 359 1339 986 
f 1140 549 1340 
f 2963 1340 549 
f 3171 1099 1341 
f 2194 1341 1099 
f 2820 1342 767 
f 3614 1344 1343 
f 3776 1343 1344 
f 2971 1346 1345 
f 1540 1345 1346 
f 3198 1347 435 
f 2810 435 1347 
f 462 1349 1348 
f 1927 1348 1349 
f 1379 620 1350 
f 3739 1350 620 
f 2079 1352 1351 
f 3652 1351 1352 
f 831 697 404 
f 2406 404 697 
f 1712 1354 1353 
f 3306 1353 1354 
f 1006 1355 253 
f 3053 27 1356 
f 414 1358 1357 
f 2042 1357 1358 
f 3988 1359 280 
f 3270 280 1359 
f 2835 1360 382 
f 3558 1362 1361 
f 1546 1361 1362 
f 3372 400 1363 
f 3829 1363 400 
f 2039 730 678 
f 79 1365 1364 
f 308 1364 1365 
f 775 1367 1366 
f 798 1366 1367 
f 312 1369 1368 
f 589 1368 1369 
f 1456 1371 1370 
f 676 1370 1371 
f 1570 1373 1372 
f 3440 1372 1373 
f 1621 1375 1374 
f 2446 1374 1375 
f 2718 735 1376 
f 2437 1377 58 
f 22 58 1377 
f 12 324 1378 
f 3785 1366 798 
f 2073 1381 1380 
f 3847 1380 1381 
f 1019 1383 1382 
f 1845 1382 1383 
f 2453 1385 1384 
f 1394 1384 1385 
f 2161 464 1386 
f 2428 1386 464 
f 2669 1388 1387 
f 2675 1387 1388 
f 2256 1390 1389 
f 1381 1389 1390 
f 3408 1391 1294 
f 659 1294 1391 
f 2977 1393 1392 
f 1590 1392 1393 
f 1468 1394 1385 
f 1619 1396 1395 
f 3024 1395 1396 
f 2966 1398 1397 
f 1871 1397 1398 
f 2097 431 1399 
f 1434 1401 1400 
f 1469 1400 1401 
f 2044 1403 1402 
f 3163 1402 1403 
f 2227 486 1404 
f 1527 1405 1131 
f 3764 1131 1405 
f 757 692 521 
f 904 521 692 
f 3125 1163 1406 
f 2309 548 1407 
f 3467 1407 548 
f 3077 1408 876 
f 2571 876 1408 
f 2397 463 45 
f 3366 767 1409 
f 1778 1409 767 
f 3495 1386 1410 
f 2428 1410 1386 
f 634 1412 1411 
f 1514 1411 1412 
f 3944 103 1413 
f 2279 1413 103 
f 2777 139 1414 
f 746 1416 1415 
f 1480 1415 1416 
f 1347 1092 1417 
f 1650 725 1418 
f 1730 1419 664 
f 1287 664 1419 
f 3382 1420 652 
f 2276 1421 138 
f 1946 138 1421 
f 611 1423 1422 
f 2348 1422 1423 
f 2832 1425 1424 
f 2033 1424 1425 
f 1427 1426 1170 
f 2715 1170 1426 
f 1588 1428 1427 
f 2909 1427 1428 
f 3625 398 1429 
f 3992 1429 398 
f 3748 1430 1240 
f 1715 1240 1430 
f 1076 1432 1431 
f 213 1431 1432 
f 2496 1433 917 
f 3959 917 1433 
f 1705 1434 1400 
f 359 1435 7 
f 633 7 1435 
f 2752 1437 1436 
f 3445 1436 1437 
f 1576 879 1438 
f 3090 1438 879 
f 3506 1440 1439 
f 318 1439 1440 
f 3936 1442 1441 
f 1481 1441 1442 
f 1568 1367 776 
f 3564 1330 936 
f 1947 1444 1443 
f 2380 1443 1444 
f 1665 1200 1445 
f 964 1447 1446 
f 3372 1446 1447 
f 3181 1448 758 
f 1905 758 1448 
f 2853 1450 1449 
f 3096 1449 1450 
f 939 1228 1451 
f 1715 1453 1452 
f 3227 1452 1453 
f 1070 1177 327 
f 2533 1455 1454 
f 1852 1454 1455 
f 342 1119 1456 
f 1371 1456 1119 
f 1655 1457 205 
f 1963 205 1457 
f 3803 181 1458 
f 1665 1445 1459 
f 836 1459 1445 
f 702 1461 1460 
f 2952 1460 1461 
f 2609 1462 545 
f 2441 1464 1463 
f 2982 1463 1464 
f 1451 1465 939 
f 2065 939 1465 
f 2992 1467 1466 
f 2560 1466 1467 
f 916 1394 1468 
f 3114 1469 1401 
f 2376 1471 1470 
f 112 1470 1471 
f 3743 1473 1472 
f 2844 1472 1473 
f 1547 630 1474 
f 1746 1474 630 
f 3670 722 1475 
f 662 1475 722 
f 587 1476 1266 
f 848 1266 1476 
f 2263 329 679 
f 2882 1478 1477 
f 1055 1477 1478 
f 3859 1480 1479 
f 3654 1479 1480 
f 2535 1441 1481 
f 1876 978 1482 
f 250 146 683 
f 2405 1484 1483 
f 3715 1483 1484 
f 1536 1486 1485 
f 439 1485 1486 
f 491 1488 1487 
f 3876 1487 1488 
f 2447 895 861 
f 1545 1490 1489 
f 2461 1489 1490 
f 3208 1491 373 
f 2254 373 1491 
f 3551 1493 1492 
f 1106 1492 1493 
f 2370 1494 286 
f 3485 1230 1495 
f 3191 1495 1230 
f 3054 1497 1496 
f 3594 1496 1497 
f 3651 1498 316 
f 1709 316 1498 
f 3233 1500 1499 
f 2385 1499 1500 
f 3505 1502 1501 
f 2274 1501 1502 
f 501 744 739 
f 712 843 1503 
f 3726 1503 843 
f 1183 1505 1504 
f 865 1504 1505 
f 1911 663 1286 
f 1994 1507 1506 
f 1172 1506 1507 
f 929 1509 1508 
f 2159 1508 1509 
f 1459 836 1510 
f 2372 1510 836 
f 2367 1512 1511 
f 3185 1511 1512 
f 1086 1293 1513 
f 3295 1513 1293 
f 3362 1411 1514 
f 1527 1131 815 
f 1587 815 1131 
f 3097 1516 1515 
f 1734 1515 1516 
f 3983 1517 421 
f 1217 421 1517 
f 1586 1519 1518 
f 2847 1518 1519 
f 3974 685 1106 
f 3871 1106 685 
f 2424 1521 1520 
f 634 1520 1521 
f 3617 311 1522 
f 2975 1524 1523 
f 1887 1523 1524 
f 3896 1525 547 
f 2741 1526 4 
f 312 1527 815 
f 3451 304 1528 
f 501 1530 1529 
f 3760 1529 1530 
f 2658 1532 1531 
f 355 1531 1532 
f 1707 1534 1533 
f 159 1533 1534 
f 3414 15 477 
f 2665 1536 1535 
f 826 1535 1536 
f 760 1351 218 
f 3333 218 1351 
f 2670 1418 1537 
f 1758 1537 1418 
f 2405 1539 1538 
f 2084 1538 1539 
f 1145 1540 1346 
f 1631 1542 1541 
f 2692 1541 1542 
f 2070 1543 121 
f 1706 121 1543 
f 3668 1545 1544 
f 1489 1544 1545 
f 882 779 715 
f 2616 1546 1362 
f 3734 1547 1474 
f 81 1481 1548 
f 1442 1548 1481 
f 1660 1550 1549 
f 538 1549 1550 
f 2879 569 1174 
f 1902 1552 1551 
f 982 1551 1552 
f 1857 1554 1553 
f 2099 1553 1554 
f 3811 1555 1175 
f 2658 1175 1555 
f 2388 234 1556 
f 370 1558 1557 
f 761 1557 1558 
f 3796 1559 133 
f 2823 133 1559 
f 2104 1561 1560 
f 2338 1560 1561 
f 3506 775 1366 
f 2277 1563 1562 
f 3449 1562 1563 
f 2987 1565 1564 
f 1507 1564 1565 
f 2232 1567 1566 
f 15 1566 1567 
f 3032 1569 1568 
f 1367 1568 1569 
f 1967 1373 1570 
f 2339 47 1571 
f 3662 1571 47 
f 786 1573 1572 
f 3704 1572 1573 
f 2437 58 1574 
f 3938 46 1575 
f 512 1576 1438 
f 1181 592 1577 
f 2100 1577 592 
f 517 1579 1578 
f 13 1578 1579 
f 633 642 7 
f 1807 1581 1580 
f 1618 1580 1581 
f 2113 1583 1582 
f 2435 1582 1583 
f 3707 1585 1584 
f 3848 1584 1585 
f 3447 1587 1586 
f 1130 1586 1587 
f 61 1315 180 
f 540 552 489 
f 1673 1428 1588 
f 2519 1590 1589 
f 3850 1589 1590 
f 958 1592 1591 
f 2880 1591 1592 
f 2375 1593 202 
f 2786 202 1593 
f 3139 1016 1594 
f 1839 1595 1331 
f 756 1331 1595 
f 3829 1596 1363 
f 1482 1363 1596 
f 2183 556 1597 
f 351 1599 1598 
f 2358 1598 1599 
f 1810 1531 1600 
f 355 1600 1531 
f 2065 240 939 
f 3800 908 1601 
f 3823 1303 87 
f 529 182 1602 
f 2075 1603 1167 
f 1369 1605 1604 
f 814 1604 1605 
f 1603 1606 1168 
f 2125 1168 1606 
f 2008 1077 562 
f 3246 562 1077 
f 691 1608 1607 
f 595 1607 1608 
f 727 1184 1044 
f 3403 1610 1609 
f 3058 1609 1610 
f 1242 1612 1611 
f 1790 1611 1612 
f 3644 1614 1613 
f 3275 1613 1614 
f 2164 1616 1615 
f 532 1615 1616 
f 1580 1618 1617 
f 266 1617 1618 
f 1854 1619 1395 
f 2844 1473 1050 
f 1520 634 1435 
f 2831 612 1620 
f 44 1620 612 
f 3064 1622 1621 
f 2322 1621 1622 
f 3869 1624 1623 
f 309 1623 1624 
f 1760 1626 1625 
f 2306 1625 1626 
f 2486 1628 1627 
f 2326 1627 1628 
f 3444 1630 1629 
f 2191 1629 1630 
f 235 460 1631 
f 1697 1631 460 
f 1047 1633 1632 
f 3688 1632 1633 
f 3702 1634 471 
f 3173 471 1634 
f 3570 1636 1635 
f 1922 1635 1636 
f 3296 431 1637 
f 2097 1637 431 
f 1854 1391 1619 
f 3408 1619 1391 
f 1676 1639 1638 
f 2703 1638 1639 
f 2886 1641 1640 
f 3717 1640 1641 
f 3588 924 1043 
f 2325 1043 924 
f 1081 1643 1642 
f 214 1642 1643 
f 1849 1645 1644 
f 3509 1644 1645 
f 2245 1647 1646 
f 2911 1646 1647 
f 1199 362 1648 
f 1160 1648 362 
f 2164 1615 1649 
f 3248 1649 1615 
f 2670 1650 1418 
f 1615 532 623 
f 926 623 532 
f 3108 1345 1651 
f 2814 1651 1345 
f 2663 518 1652 
f 1792 1652 518 
f 738 1654 1653 
f 3405 1653 1654 
f 1757 1655 205 
f 2661 1456 1370 
f 2290 1383 1019 
f 674 709 1059 
f 1954 1657 1656 
f 2812 1656 1657 
f 3694 1659 1658 
f 1800 1658 1659 
f 204 555 542 
f 1789 1660 1549 
f 3498 1662 1661 
f 3980 1661 1662 
f 1378 650 76 
f 2389 76 650 
f 839 450 1663 
f 855 1663 450 
f 3425 1665 1664 
f 1459 1664 1665 
f 269 978 284 
f 1876 284 978 
f 1258 1667 1666 
f 3766 1666 1667 
f 1743 1668 238 
f 3522 238 1668 
f 2716 1669 1327 
f 2761 422 1218 
f 2956 1670 1543 
f 1707 1543 1670 
f 1923 1672 1671 
f 3704 1671 1672 
f 2963 1239 1673 
f 1428 1673 1239 
f 3795 1674 910 
f 1090 910 1674 
f 1794 1675 1644 
f 3015 1644 1675 
f 3057 1639 1676 
f 3381 1678 1677 
f 2927 1677 1678 
f 2655 447 268 
f 2082 268 447 
f 2220 1680 1679 
f 2056 1679 1680 
f 1723 1682 1681 
f 2027 1681 1682 
f 588 1108 1683 
f 3930 1683 1108 
f 590 1684 975 
f 3052 438 1685 
f 2102 1685 438 
f 450 839 859 
f 2596 578 1686 
f 2830 1686 578 
f 1818 1653 1687 
f 3649 1687 1653 
f 3058 1688 1639 
f 2703 1639 1688 
f 3339 1690 1689 
f 2522 1689 1690 
f 3938 825 46 
f 2977 46 825 
f 2519 1392 1590 
f 1529 616 1691 
f 1368 1691 616 
f 1463 1693 1692 
f 3082 1692 1693 
f 593 1247 458 
f 1808 458 1247 
f 950 1695 1694 
f 3475 1694 1695 
f 1533 158 302 
f 2770 1696 1572 
f 786 1572 1696 
f 1880 1697 459 
f 43 1699 1698 
f 2578 1698 1699 
f 2276 856 1421 
f 405 1060 954 
f 644 1700 35 
f 4000 35 1700 
f 2679 1701 1067 
f 1881 1067 1701 
f 1616 1702 532 
f 523 1704 1703 
f 1875 1703 1704 
f 3238 1705 1157 
f 1543 1707 1706 
f 1533 1706 1707 
f 690 1708 1608 
f 595 1608 1708 
f 3080 1709 1498 
f 1569 1710 799 
f 2384 799 1710 
f 3779 1712 1711 
f 251 1711 1712 
f 1304 1120 1713 
f 742 1713 1120 
f 3949 1714 790 
f 361 790 1714 
f 1806 1716 1715 
f 1453 1715 1716 
f 2014 1718 1717 
f 1465 1717 1718 
f 1319 1720 1719 
f 2939 1719 1720 
f 3195 12 1378 
f 2417 774 28 
f 2509 28 774 
f 1813 1484 1721 
f 2949 1721 1484 
f 3997 1722 1495 
f 2106 1495 1722 
f 2716 1682 1723 
f 3311 1725 1724 
f 1940 1724 1725 
f 2296 1091 972 
f 595 217 1726 
f 2298 1726 217 
f 3650 1728 1727 
f 1284 1727 1728 
f 792 1729 64 
f 2806 64 1729 
f 3132 1730 128 
f 663 128 1730 
f 3177 1732 1731 
f 975 1731 1732 
f 3808 1313 1733 
f 3484 1515 1734 
f 2221 1736 1735 
f 2840 1735 1736 
f 266 1618 1737 
f 3520 1737 1618 
f 1997 1739 1738 
f 3136 1738 1739 
f 291 1296 1740 
f 2920 834 1741 
f 2674 1213 1742 
f 2289 1742 1213 
f 1879 1743 238 
f 2308 1745 1744 
f 977 1744 1745 
f 2189 1055 1478 
f 617 1746 630 
f 2457 964 1747 
f 3391 1748 1013 
f 1176 1013 1748 
f 524 1749 941 
f 3221 1681 1750 
f 3382 1750 1681 
f 18 1752 1751 
f 980 1751 1752 
f 2201 1753 383 
f 3685 943 1754 
f 3004 1756 1755 
f 3851 1755 1756 
f 308 1655 1757 
f 2057 1759 1758 
f 1537 1758 1759 
f 3525 1760 114 
f 2975 1762 1761 
f 3460 1761 1762 
f 2970 1763 1291 
f 2051 1291 1763 
f 2007 1765 1764 
f 2522 1764 1765 
f 751 1767 1766 
f 3553 1766 1767 
f 3289 1019 1382 
f 3603 1769 1768 
f 3584 1768 1769 
f 2217 764 1770 
f 2467 1770 764 
f 3051 445 478 
f 721 1771 260 
f 3039 260 1771 
f 2851 276 1772 
f 2323 1773 915 
f 2591 915 1773 
f 756 521 1774 
f 1991 1775 627 
f 3114 1777 1776 
f 3836 1776 1777 
f 1812 1002 1778 
f 3253 1778 1002 
f 3662 48 1779 
f 3141 1779 48 
f 3872 1781 1780 
f 2985 1780 1781 
f 273 246 1782 
f 832 1784 1783 
f 3875 1783 1784 
f 2529 1786 1785 
f 3486 1785 1786 
f 3957 388 1152 
f 2280 1788 1787 
f 2187 1787 1788 
f 1277 868 1033 
f 3323 1033 868 
f 3799 1789 707 
f 3261 1791 1790 
f 1611 1790 1791 
f 2645 1652 1792 
f 679 1793 862 
f 1878 862 1793 
f 585 345 1209 
f 1996 1209 345 
f 1601 907 1794 
f 1675 1794 907 
f 3180 1796 1795 
f 3795 1795 1796 
f 3421 973 1797 
f 3684 1797 973 
f 1 1798 39 
f 564 39 1798 
f 1658 1800 1799 
f 2776 1799 1800 
f 2335 1802 1801 
f 1747 1801 1802 
f 1136 1244 1803 
f 3024 1803 1244 
f 32 281 1109 
f 3975 1805 1804 
f 2691 1804 1805 
f 2649 1071 1052 
f 2271 372 1806 
f 1716 1806 372 
f 1027 1807 615 
f 3310 1809 1808 
f 3882 1808 1809 
f 3730 800 1652 
f 2663 1652 800 
f 2509 1811 1810 
f 1171 1810 1811 
f 2342 1249 1812 
f 3807 1814 1813 
f 3715 1813 1814 
f 1026 1816 1815 
f 197 1815 1816 
f 2076 749 1817 
f 737 1818 181 
f 301 1820 1819 
f 3309 1819 1820 
f 2145 1821 1736 
f 245 1736 1821 
f 3790 1822 586 
f 3327 1823 1161 
f 532 781 926 
f 3619 1824 250 
f 147 250 1824 
f 96 1826 1825 
f 3917 1825 1826 
f 3666 517 482 
f 2602 482 517 
f 3783 1827 474 
f 169 474 1827 
f 3121 1828 1012 
f 3076 1830 1829 
f 2057 1829 1830 
f 3173 1832 1831 
f 38 1831 1832 
f 3751 1834 1833 
f 2235 1833 1834 
f 1812 1250 1002 
f 2422 170 1835 
f 3999 1835 170 
f 2637 842 1836 
f 2281 1836 842 
f 2689 522 1837 
f 2837 1837 522 
f 1636 1114 1523 
f 2514 1838 571 
f 2557 1595 1839 
f 3883 294 1840 
f 3926 1842 1841 
f 3046 1841 1842 
f 3643 998 509 
f 2319 1844 1843 
f 2551 1843 1844 
f 906 876 131 
f 2571 131 876 
f 1556 233 1845 
f 3153 1835 1846 
f 806 1846 1835 
f 3786 1847 699 
f 2073 1848 488 
f 3206 488 1848 
f 1606 1850 1849 
f 1645 1849 1850 
f 2632 1851 132 
f 3990 1454 1852 
f 3241 1853 1064 
f 3373 1391 1854 
f 1390 1855 1381 
f 3847 1381 1855 
f 2983 1857 1856 
f 1553 1856 1857 
f 2713 1859 1858 
f 686 1858 1859 
f 29 1058 1860 
f 3834 1860 1058 
f 2991 1862 1861 
f 3538 1861 1862 
f 3877 1863 209 
f 443 209 1863 
f 1242 1248 871 
f 1182 871 1248 
f 2347 36 1864 
f 3420 1864 36 
f 2858 1866 1865 
f 3500 1865 1866 
f 1259 1868 1867 
f 2806 1867 1868 
f 3968 1870 1869 
f 846 1869 1870 
f 2978 1871 881 
f 2511 1046 1872 
f 3846 1872 1046 
f 306 1874 1873 
f 1954 1873 1874 
f 1704 498 1875 
f 763 283 1876 
f 862 1878 1877 
f 2203 1877 1878 
f 1229 1879 1317 
f 3480 940 1880 
f 3308 1880 940 
f 1701 1882 1881 
f 1143 1881 1882 
f 1792 1884 1883 
f 3301 1883 1884 
f 1970 1886 1885 
f 544 1885 1886 
f 1523 1887 1636 
f 1922 1636 1887 
f 1014 1152 1074 
f 2295 370 1886 
f 1557 1886 370 
f 2644 1888 980 
f 1000 1889 97 
f 2418 97 1889 
f 2191 1890 866 
f 3595 1731 1891 
f 974 1891 1731 
f 2291 1892 1128 
f 3018 1894 1893 
f 3316 1893 1894 
f 1900 1896 1895 
f 955 1895 1896 
f 933 1584 1897 
f 2009 1897 1584 
f 1436 1048 1898 
f 1876 1899 763 
f 3685 763 1899 
f 1968 1896 1900 
f 3921 1048 1436 
f 1552 1902 1901 
f 2469 1901 1902 
f 2327 1904 1903 
f 3741 1903 1904 
f 3678 309 1905 
f 2925 1905 309 
f 1190 1906 180 
f 3344 1908 1907 
f 1023 1907 1908 
f 2095 1910 1909 
f 2449 1909 1910 
f 663 1911 128 
f 2389 650 389 
f 2530 1913 1912 
f 1208 1912 1913 
f 3981 1915 1914 
f 3941 1914 1915 
f 1302 1917 1916 
f 2710 1916 1917 
f 2938 544 1918 
f 3437 1919 223 
f 248 1118 1920 
f 3657 1920 1118 
f 1635 1922 1921 
f 2824 1921 1922 
f 3254 1924 1923 
f 3173 1923 1924 
f 3644 1925 1614 
f 2218 1614 1925 
f 3983 421 1926 
f 1127 1926 421 
f 744 501 1691 
f 1529 1691 501 
f 2404 1348 1927 
f 222 1929 1928 
f 3045 1928 1929 
f 3553 136 1062 
f 2234 1930 934 
f 2690 1931 1680 
f 729 1680 1931 
f 971 1933 1932 
f 2146 1932 1933 
f 2511 1934 1289 
f 3328 1936 1935 
f 844 1935 1936 
f 3110 1938 1937 
f 2437 1937 1938 
f 2170 1388 1939 
f 2669 1939 1388 
f 878 484 1940 
f 3618 1407 1941 
f 3467 1941 1407 
f 687 1943 1942 
f 2594 1942 1943 
f 3072 1945 1944 
f 2861 1944 1945 
f 2876 1946 515 
f 449 515 1946 
f 1038 1947 1443 
f 576 1949 1948 
f 3500 1948 1949 
f 3094 550 1039 
f 3565 1951 1950 
f 2816 1950 1951 
f 3830 1953 1952 
f 1817 1952 1953 
f 3305 1954 1656 
f 2789 1955 710 
f 2875 1956 1683 
f 3510 1683 1956 
f 31 1957 1290 
f 282 1290 1957 
f 1822 1958 587 
f 1476 587 1958 
f 53 1960 1959 
f 2218 1959 1960 
f 2241 1962 1961 
f 3351 1961 1962 
f 3378 1034 564 
f 3551 1965 1964 
f 3192 1964 1965 
f 3359 1967 1966 
f 1570 1966 1967 
f 1025 1414 140 
f 2240 1969 1968 
f 1896 1968 1969 
f 2351 1389 455 
f 3211 455 1389 
f 2295 1886 1970 
f 3897 1971 539 
f 3149 539 1971 
f 3001 1973 1972 
f 3037 1972 1973 
f 3890 702 1460 
f 3457 850 519 
f 2032 519 850 
f 175 1975 1974 
f 3587 1974 1975 
f 3559 1977 1976 
f 3723 1976 1977 
f 3996 1979 1978 
f 3870 1978 1979 
f 2052 661 1980 
f 391 1980 661 
f 1236 1982 1981 
f 100 1981 1982 
f 2426 1983 444 
f 3791 1985 1984 
f 670 1984 1985 
f 2990 1024 1986 
f 1265 1988 1987 
f 2454 1987 1988 
f 1541 1948 1866 
f 3500 1866 1948 
f 436 1989 1313 
f 3199 90 1990 
f 2402 1990 90 
f 2280 1992 1991 
f 3697 1991 1992 
f 1916 1994 1993 
f 498 1993 1994 
f 1930 1148 1995 
f 2725 1995 1148 
f 1912 1209 1996 
f 1521 1998 1997 
f 1739 1997 1998 
f 3120 1999 1144 
f 2711 1144 1999 
f 2437 1938 2000 
f 2859 2000 1938 
f 1575 45 1871 
f 3864 2002 2001 
f 584 2001 2002 
f 382 1250 2003 
f 2568 2004 378 
f 1432 378 2004 
f 366 2006 2005 
f 1253 2005 2006 
f 1901 2007 1764 
f 3848 2009 1584 
f 277 267 2010 
f 2514 2010 267 
f 2591 2012 2011 
f 3677 2011 2012 
f 410 614 2013 
f 1580 2013 614 
f 3565 2015 2014 
f 2463 2014 2015 
f 2459 1663 855 
f 749 2017 2016 
f 1741 2016 2017 
f 802 2019 2018 
f 338 2018 2019 
f 3265 2021 2020 
f 3805 2020 2021 
f 2947 2022 1153 
f 3551 1492 2023 
f 2921 2023 1492 
f 3295 2025 2024 
f 2133 2024 2025 
f 2017 2023 1741 
f 2920 1741 2023 
f 1902 2026 1749 
f 942 1749 2026 
f 3397 1162 1461 
f 1327 2027 1682 
f 85 59 2028 
f 829 2029 726 
f 2318 726 2029 
f 3422 233 2030 
f 1447 1990 2031 
f 2402 2031 1990 
f 850 238 2032 
f 1577 2034 2033 
f 1424 2033 2034 
f 3059 122 2035 
f 2259 2035 122 
f 2526 2036 369 
f 3678 1623 309 
f 3945 2037 613 
f 2689 613 2037 
f 253 2038 1006 
f 822 1006 2038 
f 839 730 2039 
f 3750 2041 2040 
f 1126 2040 2041 
f 34 1357 2042 
f 3291 2043 2010 
f 278 2010 2043 
f 2111 2045 2044 
f 2148 2044 2045 
f 1502 508 2046 
f 2045 2048 2047 
f 344 2047 2048 
f 1525 2050 2049 
f 1189 2049 2050 
f 3541 2051 1763 
f 3167 2053 2052 
f 1475 2052 2053 
f 2279 103 2054 
f 3115 928 2055 
f 2250 2055 928 
f 3582 1679 2056 
f 2337 1477 1055 
f 2737 1829 2057 
f 3102 426 804 
f 2931 2059 2058 
f 2131 2058 2059 
f 2297 2060 1155 
f 565 2062 2061 
f 2866 2061 2062 
f 3388 2064 2063 
f 3904 2063 2064 
f 3477 1464 2066 
f 2441 2066 1464 
f 720 310 1624 
f 1355 2067 254 
f 1803 254 2067 
f 2592 2068 1105 
f 3344 1105 2068 
f 51 425 2069 
f 3885 2069 425 
f 2942 2070 120 
f 145 1153 2071 
f 2862 2072 774 
f 1811 774 2072 
f 3422 192 233 
f 1389 1381 2073 
f 3967 2075 2074 
f 1167 2074 2075 
f 749 2076 2017 
f 1965 2017 2076 
f 3113 749 2016 
f 2876 2078 2077 
f 3303 2077 2078 
f 2825 2079 766 
f 760 766 2079 
f 2450 1267 1516 
f 1734 1516 1267 
f 1150 499 2080 
f 1506 2080 499 
f 3461 2082 2081 
f 3701 2081 2082 
f 993 2083 1125 
f 2815 619 2084 
f 111 2084 619 
f 3717 2007 601 
f 2469 601 2007 
f 3989 2083 2085 
f 785 2085 2083 
f 1734 2086 397 
f 1686 397 2086 
f 1525 2087 2050 
f 3962 2050 2087 
f 2841 1717 1451 
f 1465 1451 1717 
f 2570 2088 554 
f 3967 554 2088 
f 3427 1218 2089 
f 3248 622 2090 
f 3156 2090 622 
f 3658 2092 2091 
f 742 2091 2092 
f 2618 1947 2093 
f 1038 2093 1947 
f 1408 1020 2094 
f 3782 2096 2095 
f 1910 2095 2096 
f 3733 1191 10 
f 2726 10 1191 
f 3071 2097 1399 
f 3942 2047 343 
f 169 2098 282 
f 821 1553 2099 
f 3673 1577 2100 
f 2372 2101 1297 
f 365 1297 2101 
f 2618 262 2102 
f 3566 2102 262 
f 3270 390 2103 
f 1256 2103 390 
f 3634 1561 2104 
f 2289 1466 2105 
f 3646 2105 1466 
f 711 2107 2106 
f 1785 2106 2107 
f 1205 2109 2108 
f 2376 2108 2109 
f 2184 2111 2110 
f 2044 2110 2111 
f 3492 66 2112 
f 3166 2112 66 
f 2765 2113 1582 
f 3799 2115 2114 
f 2553 2114 2115 
f 2935 2117 2116 
f 1198 2116 2117 
f 215 2118 1974 
f 3530 1974 2118 
f 3810 2120 2119 
f 155 2119 2120 
f 1799 1129 1658 
f 1892 1658 1129 
f 2148 2045 2047 
f 2768 2121 527 
f 2264 191 2122 
f 2066 2122 191 
f 2548 2124 2123 
f 772 2123 2124 
f 2092 1713 742 
f 1849 2125 1606 
f 2781 2127 2126 
f 335 2126 2127 
f 3356 2128 134 
f 3206 2129 488 
f 2058 2131 2130 
f 1980 2130 2131 
f 2392 2133 2132 
f 1678 2132 2133 
f 2886 2135 2134 
f 1095 2134 2135 
f 2817 869 2136 
f 3672 2137 276 
f 3572 2138 247 
f 3499 247 2138 
f 719 2140 2139 
f 3987 2139 2140 
f 2981 833 2141 
f 3857 2141 833 
f 3607 167 2142 
f 2567 2144 2143 
f 3041 2143 2144 
f 3493 2145 326 
f 371 1932 2146 
f 2654 89 2147 
f 164 2147 89 
f 1403 2044 2148 
f 3257 1415 2149 
f 3859 2149 1415 
f 1698 1476 1958 
f 1284 2150 1727 
f 1322 1727 2150 
f 3888 2152 2151 
f 2360 2151 2152 
f 3089 2154 2153 
f 2730 2153 2154 
f 1863 2156 2155 
f 2965 2155 2156 
f 323 2157 1074 
f 2234 1074 2157 
f 1010 232 2158 
f 1966 2158 232 
f 2489 2160 2159 
f 2265 2159 2160 
f 3953 1322 2150 
f 3348 639 2161 
f 408 653 2162 
f 2630 2163 932 
f 970 932 2163 
f 993 2164 1649 
f 872 2165 810 
f 3118 649 322 
f 3637 322 649 
f 682 146 2166 
f 3711 2166 146 
f 2557 2167 1595 
f 2377 1595 2167 
f 2199 2169 2168 
f 3094 2168 2169 
f 794 2170 1939 
f 470 1831 2171 
f 38 2171 1831 
f 648 2173 2172 
f 1227 2172 2173 
f 3335 2174 183 
f 1602 183 2174 
f 2790 2176 2175 
f 2766 2175 2176 
f 2292 2178 2177 
f 624 2177 2178 
f 2927 351 2179 
f 1598 2179 351 
f 1773 2181 2180 
f 582 2180 2181 
f 2315 253 2182 
f 3540 2184 2183 
f 2110 2183 2184 
f 104 2185 2054 
f 2413 2054 2185 
f 1371 25 676 
f 1787 2187 2186 
f 695 2186 2187 
f 1703 2189 2188 
f 1478 2188 2189 
f 1522 616 2190 
f 1629 2191 1534 
f 159 1534 2191 
f 1224 2193 2192 
f 3013 2192 2193 
f 2277 2194 1100 
f 271 2195 1493 
f 1106 1493 2195 
f 1630 2196 1890 
f 163 1890 2196 
f 425 51 803 
f 3169 2198 2197 
f 3099 2197 2198 
f 2615 2199 2168 
f 2792 2201 2200 
f 383 2200 2201 
f 2973 296 2202 
f 2941 2202 296 
f 2224 2203 1878 
f 2313 1314 1989 
f 2892 2205 2204 
f 475 2204 2205 
f 2538 2206 1009 
f 1632 1009 2206 
f 2349 2208 2207 
f 2742 2207 2208 
f 3831 2210 2209 
f 3794 2209 2210 
f 428 1514 1412 
f 2983 285 2211 
f 596 2211 285 
f 3624 598 2212 
f 2593 2214 2213 
f 885 2213 2214 
f 2354 2216 2215 
f 3227 2215 2216 
f 2163 2217 1770 
f 3816 2218 1960 
f 3776 2220 2219 
f 1679 2219 2220 
f 3964 1736 2221 
f 2463 2222 2065 
f 240 2065 2222 
f 1508 2224 2223 
f 1793 2223 2224 
f 375 2226 2225 
f 1061 2225 2226 
f 452 2227 1404 
f 935 2228 24 
f 3291 24 2228 
f 3070 2230 2229 
f 3518 2229 2230 
f 2377 2232 2231 
f 1566 2231 2232 
f 2548 2002 2233 
f 3864 2233 2002 
f 2716 1723 1220 
f 1014 2234 934 
f 1834 2236 2235 
f 3340 2235 2236 
f 2824 188 2237 
f 580 314 2238 
f 1969 2240 2239 
f 2625 2239 2240 
f 1961 537 2241 
f 1669 2242 469 
f 21 469 2242 
f 1425 872 2243 
f 2064 1918 2244 
f 543 2244 1918 
f 3993 2245 1036 
f 3327 2246 1823 
f 3304 1823 2246 
f 2186 960 920 
f 3390 2248 2247 
f 2807 2247 2248 
f 872 1425 2165 
f 2832 2165 1425 
f 2368 2250 2249 
f 3978 2249 2250 
f 3981 2252 2251 
f 3949 2251 2252 
f 118 1097 2253 
f 1275 2253 1097 
f 2278 2255 2254 
f 373 2254 2255 
f 2351 2256 1389 
f 2562 718 2257 
f 2452 2257 718 
f 1959 2218 2258 
f 1925 2258 2218 
f 2329 2259 123 
f 3681 2260 701 
f 422 2261 1127 
f 2738 1127 2261 
f 1774 937 2262 
f 1753 2201 935 
f 1869 935 2201 
f 2191 866 159 
f 3153 159 866 
f 2288 329 2263 
f 1382 453 2264 
f 191 2264 453 
f 2160 2266 2265 
f 1384 2265 2266 
f 2773 261 2267 
f 2093 2267 261 
f 3046 2268 1846 
f 3153 1846 2268 
f 1306 305 2269 
f 2053 2269 305 
f 2446 2270 636 
f 1430 2271 1806 
f 1261 1098 2272 
f 2875 2274 2273 
f 3752 2273 2274 
f 2806 1729 1867 
f 2400 1867 1729 
f 1197 2086 1267 
f 1734 1267 2086 
f 289 2275 72 
f 440 72 2275 
f 856 2276 1221 
f 3793 2277 1562 
f 3286 902 1123 
f 589 1123 902 
f 2215 2255 2278 
f 3952 1459 1510 
f 1836 2281 2280 
f 1992 2280 2281 
f 3638 2283 2282 
f 3145 2282 2283 
f 3042 2285 2284 
f 274 2284 2285 
f 1169 2287 2286 
f 3911 2286 2287 
f 299 329 2288 
f 559 1742 2289 
f 1018 75 2290 
f 2388 2290 75 
f 3371 2292 2291 
f 1892 2291 2292 
f 2904 2294 2293 
f 49 2293 2294 
f 1970 2296 2295 
f 1232 2295 2296 
f 2409 2297 1155 
f 3425 2298 1200 
f 3769 1200 2298 
f 3186 2204 210 
f 2735 210 2204 
f 2004 2000 2299 
f 2860 2299 2000 
f 2948 2301 2300 
f 1047 2300 2301 
f 3824 826 2302 
f 1919 2302 826 
f 3587 1295 2303 
f 2843 287 1756 
f 3851 1756 287 
f 1133 2304 751 
f 1767 751 2304 
f 3113 2016 2305 
f 1741 2305 2016 
f 3948 1625 2306 
f 736 2307 2152 
f 2360 2152 2307 
f 2774 1745 2308 
f 2614 2311 2310 
f 1399 2310 2311 
f 1235 912 2312 
f 1989 2314 2313 
f 691 2313 2314 
f 3735 253 2315 
f 1333 2316 1174 
f 2879 1174 2316 
f 3529 795 747 
f 1288 1934 2317 
f 3217 2317 1934 
f 2768 726 2318 
f 950 2319 1695 
f 1843 1695 2319 
f 645 1081 2320 
f 1642 2320 1081 
f 3875 2321 873 
f 3290 2323 2322 
f 2881 2322 2323 
f 2712 2324 102 
f 286 1856 1194 
f 820 1194 1856 
f 924 2326 2325 
f 2060 2325 2326 
f 3329 2328 2327 
f 1904 2327 2328 
f 1157 416 2329 
f 1121 2329 416 
f 1519 1586 1130 
f 3276 1647 2330 
f 2245 2330 1647 
f 3156 2331 2090 
f 2598 2090 2331 
f 3737 2332 581 
f 3349 581 2332 
f 723 2334 2333 
f 1751 2333 2334 
f 1575 2335 1801 
f 85 2028 2336 
f 3472 2336 2028 
f 1867 2338 1561 
f 2772 2340 2339 
f 3191 2339 2340 
f 2924 333 690 
f 3841 690 333 
f 198 2342 2341 
f 768 2341 2342 
f 3833 817 2343 
f 3042 2343 817 
f 2476 2344 1146 
f 888 1146 2344 
f 2608 2345 642 
f 1245 381 1854 
f 3373 1854 381 
f 2558 2347 2346 
f 1864 2346 2347 
f 2820 2348 1423 
f 1856 1553 820 
f 3667 2350 2349 
f 762 2349 2350 
f 455 2352 2351 
f 2640 2351 2352 
f 3857 834 1163 
f 2920 1163 834 
f 2990 2353 791 
f 2960 791 2353 
f 2769 1064 199 
f 2278 2355 2354 
f 3066 2354 2355 
f 3971 2356 965 
f 1610 965 2356 
f 3674 2357 747 
f 3596 189 2358 
f 3056 2358 189 
f 3849 507 696 
f 2395 57 21 
f 838 1983 2359 
f 2426 2359 1983 
f 2151 2360 1214 
f 3915 1214 2360 
f 3236 2361 150 
f 3224 150 2361 
f 1120 1304 26 
f 125 26 1304 
f 2616 2362 257 
f 252 2364 2363 
f 1022 2363 2364 
f 3403 863 1610 
f 965 1610 863 
f 2857 1341 2194 
f 1816 802 197 
f 2018 197 802 
f 3697 2366 2365 
f 2760 2365 2366 
f 1757 1364 308 
f 3386 2368 2367 
f 2249 2367 2368 
f 1494 2370 2369 
f 3292 2369 2370 
f 358 2371 392 
f 2739 392 2371 
f 2719 1510 2372 
f 366 2005 2373 
f 3363 2373 2005 
f 1570 1583 2113 
f 1872 1246 119 
f 3713 1434 1705 
f 1798 2375 2374 
f 1894 2374 2375 
f 2222 2376 1470 
f 2167 2232 2377 
f 2802 2379 2378 
f 3678 2378 2379 
f 3223 2212 2380 
f 1443 2380 2212 
f 942 734 2381 
f 651 2381 734 
f 3887 2383 2382 
f 2972 2382 2383 
f 466 799 2384 
f 2465 1760 1625 
f 966 1384 1394 
f 2566 2385 1500 
f 2356 2386 1688 
f 2176 1688 2386 
f 3142 833 2387 
f 2981 2387 833 
f 884 234 2388 
f 2572 2389 1216 
f 849 2391 2390 
f 2811 2390 2391 
f 2472 1774 230 
f 520 230 1774 
f 2024 2133 2392 
f 3515 2394 2393 
f 1292 2393 2394 
f 3200 2395 2242 
f 21 2242 2395 
f 463 2397 2396 
f 2944 2396 2397 
f 3341 2110 2398 
f 1402 2398 2110 
f 2883 1045 2399 
f 793 2401 2400 
f 2338 2400 2401 
f 401 2031 2402 
f 3544 2403 1746 
f 3273 1746 2403 
f 1348 2404 608 
f 3121 1882 1701 
f 3908 1423 1162 
f 2949 1484 2405 
f 3700 704 2406 
f 1816 2406 704 
f 798 2408 2407 
f 2229 2407 2408 
f 2909 1428 1240 
f 2225 1061 334 
f 3934 334 1061 
f 2618 2102 1265 
f 1344 2409 1016 
f 3197 2411 2410 
f 289 2410 2411 
f 3002 1134 2412 
f 3698 2412 1134 
f 3341 2183 2110 
f 3061 2040 1126 
f 3787 2054 2413 
f 1395 1245 1854 
f 3499 2343 1782 
f 2284 1782 2343 
f 2544 2415 2414 
f 2470 2414 2415 
f 3764 2417 2416 
f 28 2416 2417 
f 97 2418 505 
f 2112 2413 2419 
f 3602 2419 2413 
f 3336 65 2420 
f 1201 2421 1995 
f 604 1995 2421 
f 2916 124 30 
f 3153 866 2422 
f 162 2422 866 
f 1132 2301 2423 
f 2948 2423 2301 
f 3014 1849 1644 
f 3463 2425 2424 
f 1998 2424 2425 
f 2155 2426 444 
f 2004 2299 1432 
f 213 1432 2299 
f 3824 2302 100 
f 893 2427 946 
f 1410 2428 654 
f 812 654 2428 
f 255 2312 2429 
f 913 2429 2312 
f 3860 806 1835 
f 1455 2430 1852 
f 3560 1852 2430 
f 3790 586 2431 
f 3502 2431 586 
f 1035 2432 157 
f 3426 157 2432 
f 2767 2434 2433 
f 3763 2433 2434 
f 3000 1510 2435 
f 2719 2435 1510 
f 3357 2436 1700 
f 4000 1700 2436 
f 1943 686 987 
f 1377 2437 2000 
f 959 141 1018 
f 3125 2438 385 
f 42 385 2438 
f 344 2048 809 
f 458 1808 2439 
f 3882 2439 1808 
f 3234 1984 2440 
f 670 2440 1984 
f 1900 828 1646 
f 2245 1646 828 
f 2066 2441 2122 
f 2688 2122 2441 
f 2193 769 2442 
f 3074 2442 769 
f 1840 78 2443 
f 2458 2445 2444 
f 2890 2444 2445 
f 145 1374 2446 
f 3928 1684 2448 
f 1604 2448 1684 
f 3043 2450 2449 
f 1516 2449 2450 
f 2257 2452 2451 
f 1417 2451 2452 
f 3539 1385 2453 
f 2652 1560 2454 
f 2338 2454 1560 
f 2755 771 2124 
f 3856 1598 2358 
f 3002 748 2455 
f 3994 2455 748 
f 3290 41 2456 
f 1447 964 2457 
f 3477 184 1464 
f 2982 1464 184 
f 3886 2458 2444 
f 856 1424 2459 
f 2034 2459 1424 
f 3975 2214 2460 
f 2593 2460 2214 
f 2890 1504 2461 
f 1082 2461 1504 
f 2557 219 2462 
f 1718 2463 2065 
f 312 1605 1369 
f 3021 295 2464 
f 3606 2464 295 
f 3426 512 157 
f 694 1334 6 
f 808 6 1334 
f 1625 948 2465 
f 589 902 911 
f 3889 2467 2466 
f 3459 2466 2467 
f 2901 2468 662 
f 186 662 2468 
f 2265 1384 966 
f 2698 600 2469 
f 577 2414 2470 
f 3215 2472 2471 
f 229 2471 2472 
f 3777 405 2419 
f 3492 2419 405 
f 3599 2474 2473 
f 3512 2473 2474 
f 1100 2475 2277 
f 1563 2277 2475 
f 449 1421 855 
f 3706 2394 2476 
f 3630 2476 2394 
f 3111 2478 2477 
f 3174 2477 2478 
f 1949 726 2479 
f 2502 2481 2480 
f 2717 2480 2481 
f 3904 2483 2482 
f 721 2482 2483 
f 1551 982 632 
f 3367 601 434 
f 2286 1025 140 
f 3299 2485 2484 
f 3430 2484 2485 
f 1223 2211 597 
f 1049 2487 2486 
f 1628 2486 2487 
f 259 2489 2488 
f 2159 2488 2489 
f 3164 2490 1805 
f 3361 1805 2490 
f 1378 76 141 
f 347 1858 687 
f 2438 1406 1042 
f 583 1042 1406 
f 2713 2491 536 
f 1788 2280 1991 
f 2332 2493 2492 
f 71 2492 2493 
f 3179 2495 2494 
f 1091 2494 2495 
f 1282 2497 2496 
f 1433 2496 2497 
f 3424 2499 2498 
f 3488 2498 2499 
f 870 552 1985 
f 999 2501 2500 
f 2912 2500 2501 
f 3599 1750 652 
f 3382 652 1750 
f 3424 2503 2502 
f 298 2502 2503 
f 3488 2505 2504 
f 3550 2504 2505 
f 1766 2507 2506 
f 1633 2506 2507 
f 3169 2197 1702 
f 533 1702 2197 
f 2175 2384 2508 
f 1710 2508 2384 
f 1600 2509 1810 
f 3533 2510 409 
f 1934 2511 119 
f 1872 119 2511 
f 2802 2513 2512 
f 2541 2512 2513 
f 571 2515 2514 
f 2010 2514 2515 
f 1664 1459 2516 
f 3952 2516 1459 
f 1714 368 2517 
f 2036 2517 368 
f 2612 2467 764 
f 2312 2518 1235 
f 3448 1235 2518 
f 3886 203 2458 
f 3590 2458 203 
f 3435 2521 2520 
f 3572 2520 2521 
f 3124 2076 1953 
f 1817 1953 2076 
f 3135 2522 1690 
f 903 1355 2523 
f 2605 2523 1355 
f 2470 2415 2096 
f 3044 2096 2415 
f 3723 2525 2524 
f 3944 2524 2525 
f 483 2036 2526 
f 3207 759 2527 
f 3160 2527 759 
f 3063 2528 6 
f 139 1588 1427 
f 2107 2529 1785 
f 1564 1994 1916 
f 863 1877 965 
f 3360 1913 2530 
f 3241 1672 2531 
f 1923 2531 1672 
f 1271 2532 672 
f 2007 1901 2469 
f 3955 2533 1454 
f 3530 175 1974 
f 2813 2534 1321 
f 3201 1321 2534 
f 2577 6 808 
f 3209 2429 913 
f 3304 1441 2535 
f 518 1884 1792 
f 2696 2537 2536 
f 689 2536 2537 
f 3044 1910 2096 
f 3451 2206 2538 
f 3621 2318 2029 
f 1104 2539 454 
f 2195 179 318 
f 3798 318 179 
f 2587 2541 2540 
f 2513 2540 2541 
f 753 2361 655 
f 3106 2542 208 
f 1312 300 2543 
f 1518 2415 2544 
f 1490 1545 2545 
f 1814 2545 1545 
f 45 2546 2397 
f 1392 2397 2546 
f 2755 2548 2547 
f 2233 2547 2548 
f 1211 600 754 
f 3379 754 600 
f 3323 495 1033 
f 953 1033 495 
f 2621 943 1899 
f 3685 1899 943 
f 909 2549 2518 
f 3448 2518 2549 
f 3248 992 1649 
f 1842 158 2268 
f 3519 2552 2551 
f 199 2551 2552 
f 2115 2554 2553 
f 2867 2553 2554 
f 3316 201 2555 
f 1853 2555 201 
f 2881 2556 1375 
f 3736 1375 2556 
f 3229 2558 2557 
f 2167 2557 2558 
f 1627 2326 2559 
f 924 2559 2326 
f 3646 2560 1137 
f 2796 1137 2560 
f 3498 1661 2561 
f 1116 2561 1661 
f 3688 665 2562 
f 3638 1288 2563 
f 2317 2563 1288 
f 3494 631 2564 
f 2130 391 1359 
f 2992 853 1467 
f 3476 1467 853 
f 3199 1990 2565 
f 1447 2565 1990 
f 411 2567 2566 
f 2385 2566 2567 
f 2937 2568 379 
f 997 973 2569 
f 3421 2569 973 
f 2685 2570 605 
f 3500 1949 2479 
f 1408 86 2571 
f 132 2571 86 
f 1216 219 2572 
f 1330 2572 219 
f 3966 505 2573 
f 2087 2573 505 
f 3371 2574 1135 
f 242 1135 2574 
f 3104 1057 2575 
f 3031 2575 1057 
f 3286 1123 2576 
f 1732 2576 1123 
f 2048 2577 808 
f 2391 849 2578 
f 860 2285 2579 
f 816 2579 2285 
f 3088 2580 1311 
f 3001 1972 535 
f 3245 535 1972 
f 2972 1422 796 
f 3637 118 2253 
f 3873 2582 2581 
f 2887 2581 2582 
f 2806 591 64 
f 3047 2583 2149 
f 3257 2149 2583 
f 3038 2584 1594 
f 3656 1594 2584 
f 3826 2586 2585 
f 986 2585 2586 
f 3265 2588 2587 
f 2827 2587 2588 
f 3943 2410 2590 
f 72 2590 2410 
f 43 1698 1958 
f 2401 793 2380 
f 3223 2380 793 
f 3482 2196 1630 
f 1070 2591 1773 
f 2191 1630 1890 
f 3433 945 2592 
f 2427 2592 945 
f 1255 2460 2593 
f 3298 2594 1943 
f 3787 2279 2054 
f 596 285 2595 
f 1494 2595 285 
f 2813 2597 2596 
f 578 2596 2597 
f 1998 2598 1739 
f 2331 1739 2598 
f 1143 2600 2599 
f 957 2599 2600 
f 3355 2367 1511 
f 2448 1604 814 
f 3034 2602 2601 
f 516 2601 2602 
f 2825 766 1708 
f 595 1708 766 
f 2270 1260 2603 
f 3543 2605 2604 
f 1007 2604 2605 
f 2771 780 2606 
f 3570 2606 780 
f 721 2483 1771 
f 231 1771 2483 
f 2329 1121 2259 
f 3480 2607 716 
f 3307 716 2607 
f 1937 2345 2608 
f 3198 435 771 
f 3808 771 435 
f 1238 1462 2609 
f 465 2611 2610 
f 2763 2610 2611 
f 2520 2613 2612 
f 3459 2612 2613 
f 1945 2311 2614 
f 1546 2616 2615 
f 3929 2615 2616 
f 2504 1176 1748 
f 2578 2617 2391 
f 1826 2391 2617 
f 1265 1987 2618 
f 1947 2618 1987 
f 3270 2103 2619 
f 2659 2619 2103 
f 2243 871 1182 
f 194 265 2620 
f 2575 2620 265 
f 1482 2621 1899 
f 3657 1118 2622 
f 2501 2624 2623 
f 2908 2623 2624 
f 3222 2626 2625 
f 2239 2625 2626 
f 443 461 497 
f 2909 1240 1715 
f 3029 494 2627 
f 3491 2627 494 
f 2733 2629 2628 
f 3819 2628 2629 
f 2998 2217 2630 
f 2163 2630 2217 
f 87 2632 2631 
f 132 2631 2632 
f 1781 2634 2633 
f 2804 2633 2634 
f 3756 2636 2635 
f 3484 2635 2636 
f 497 842 2637 
f 3443 8 642 
f 502 2639 2638 
f 3826 2638 2639 
f 2351 2640 2256 
f 2363 2256 2640 
f 1812 1778 768 
f 2072 2641 1811 
f 2589 1811 2641 
f 1596 1226 2621 
f 944 2621 1226 
f 2694 2643 2642 
f 627 2642 2643 
f 2606 1888 2644 
f 555 203 1279 
f 3886 1279 203 
f 1792 2646 2645 
f 2892 2645 2646 
f 2502 298 2647 
f 272 2649 2648 
f 3554 2648 2649 
f 3493 2650 1821 
f 1072 1821 2650 
f 3516 2652 2651 
f 602 2651 2652 
f 728 2297 2409 
f 89 2654 2653 
f 3266 2653 2654 
f 857 2656 2655 
f 451 2655 2656 
f 1192 2657 2521 
f 2138 2521 2657 
f 1532 2658 1555 
f 1255 841 2659 
f 3570 780 1114 
f 274 2285 860 
f 3931 2661 2660 
f 1370 2660 2661 
f 2101 2372 836 
f 3143 858 2662 
f 3172 2663 900 
f 800 900 2663 
f 1048 2601 516 
f 3108 1651 168 
f 2966 168 1651 
f 1600 1728 2664 
f 3650 2664 1728 
f 3402 880 1576 
f 1486 1536 2665 
f 3080 2282 2666 
f 3145 2666 2282 
f 3079 34 2042 
f 3295 2668 2667 
f 353 2667 2668 
f 2207 73 2349 
f 3667 2349 73 
f 1939 2669 854 
f 3968 2671 1870 
f 3028 1870 2671 
f 366 2673 2672 
f 2946 2672 2673 
f 2890 1183 1504 
f 3721 2674 1742 
f 2170 608 2675 
f 3693 1112 2676 
f 107 2676 1112 
f 3723 2677 2525 
f 104 2525 2677 
f 3206 2679 2678 
f 1067 2678 2679 
f 2884 2399 1289 
f 2511 1289 2399 
f 3454 371 2146 
f 3388 2680 2064 
f 1918 2064 2680 
f 3896 2573 1525 
f 2087 1525 2573 
f 1295 1975 176 
f 278 2682 2681 
f 2848 2681 2682 
f 3488 2499 2683 
f 2790 2683 2499 
f 345 2684 1996 
f 1920 1996 2684 
f 604 2686 2685 
f 3878 2685 2686 
f 890 239 2687 
f 2652 2454 1988 
f 851 2122 2688 
f 522 2689 2037 
f 1211 754 567 
f 2220 2690 1680 
f 277 2655 267 
f 3927 2691 418 
f 1541 2692 1948 
f 576 1948 2692 
f 3953 2693 775 
f 695 2187 2694 
f 2643 2694 2187 
f 819 2696 2695 
f 2536 2695 2696 
f 1346 1291 2697 
f 525 2699 2698 
f 3379 2698 2699 
f 746 2357 1416 
f 1455 1416 2357 
f 3394 2700 1207 
f 3988 2130 1359 
f 2532 2701 1656 
f 3305 1656 2701 
f 1674 1549 538 
f 3514 1776 2702 
f 3836 2702 1776 
f 3828 621 1379 
f 711 2106 1722 
f 2176 2703 1688 
f 3932 1051 2704 
f 3450 2704 1051 
f 3815 302 2705 
f 2454 2338 2401 
f 1228 2 2706 
f 3531 2706 2 
f 3975 1804 2707 
f 3927 2707 1804 
f 3062 2709 2708 
f 3115 2708 2709 
f 3946 2711 2710 
f 2987 2710 2711 
f 3720 283 763 
f 3520 2179 1737 
f 2989 1737 2179 
f 3761 2324 2712 
f 3632 214 1643 
f 2931 2713 536 
f 2910 711 1503 
f 3736 591 1868 
f 2806 1868 591 
f 3332 2714 1180 
f 2375 202 1894 
f 3316 1894 202 
f 1593 1278 618 
f 1682 2716 1327 
f 3196 2717 2481 
f 3512 2718 955 
f 2372 1297 2719 
f 3411 951 2720 
f 3604 2720 951 
f 170 2722 2721 
f 2748 2721 2722 
f 3936 923 1442 
f 3588 1442 923 
f 2908 2724 2723 
f 1326 2723 2724 
f 1201 1995 2725 
f 3736 2446 1375 
f 1031 2728 2727 
f 3461 2727 2728 
f 2304 2730 2729 
f 3489 2729 2730 
f 3575 2732 2731 
f 3880 2731 2732 
f 3793 2194 2277 
f 1544 1489 325 
f 3605 1156 1628 
f 2060 1628 1156 
f 3496 456 2733 
f 2954 2733 456 
f 1957 2735 2734 
f 475 2734 2735 
f 1829 2737 2736 
f 349 2736 2737 
f 3770 490 2738 
f 3508 2740 2739 
f 393 2739 2740 
f 1755 2741 4 
f 3002 1817 748 
f 1512 2249 2742 
f 2207 2742 2249 
f 493 2744 2743 
f 2722 2743 2744 
f 1185 2746 2745 
f 3968 2745 2746 
f 477 445 2747 
f 875 906 2748 
f 551 670 1985 
f 667 2749 2512 
f 2379 2512 2749 
f 2707 886 1196 
f 1433 2497 2750 
f 3527 2750 2497 
f 3397 1461 702 
f 1437 2752 2751 
f 2559 2751 2752 
f 591 2556 2753 
f 2881 2753 2556 
f 1414 1025 2754 
f 2124 2548 2755 
f 1815 197 703 
f 3850 283 2756 
f 3720 2756 283 
f 1264 2758 2757 
f 3710 2757 2758 
f 2874 2759 437 
f 2834 2365 2760 
f 3087 2761 1218 
f 773 480 788 
f 2610 2763 2762 
f 1015 2762 2763 
f 3391 1013 1828 
f 3336 2475 2764 
f 1100 2764 2475 
f 3537 2765 1582 
f 2175 2766 2384 
f 466 2384 2766 
f 2056 1680 639 
f 729 639 1680 
f 3255 2434 2767 
f 1187 2121 2768 
f 2552 2770 2769 
f 3703 2769 2770 
f 3255 926 2771 
f 3261 2772 1791 
f 3753 1791 2772 
f 1212 261 2773 
f 3233 1433 2750 
f 698 2775 2774 
f 1745 2774 2775 
f 3084 2353 2776 
f 3383 2776 2353 
f 2977 1392 2546 
f 2376 2222 2463 
f 947 2777 1563 
f 3449 1563 2777 
f 3909 2779 2778 
f 3369 2778 2779 
f 3479 2781 2780 
f 3503 2780 2781 
f 1187 2782 1469 
f 29 1469 2782 
f 3758 2783 2227 
f 3582 2227 2783 
f 3319 2582 1036 
f 3993 1036 2582 
f 903 2523 2784 
f 3543 2784 2523 
f 3841 333 2785 
f 2934 2787 2786 
f 202 2786 2787 
f 666 375 2140 
f 3683 1263 1111 
f 3660 1111 1263 
f 3093 2789 2788 
f 709 2788 2789 
f 2683 2790 2508 
f 2175 2508 2790 
f 3093 1955 2789 
f 2013 2791 410 
f 2201 2792 1869 
f 2745 1869 2792 
f 3565 2014 2793 
f 1717 2793 2014 
f 2923 2795 2794 
f 2500 2794 2795 
f 164 2797 1667 
f 3455 1667 2797 
f 2476 2798 2344 
f 901 2344 2798 
f 1361 1546 2168 
f 2615 2168 1546 
f 2901 2800 2799 
f 2824 2799 2800 
f 2714 687 1942 
f 837 2359 2801 
f 3392 2801 2359 
f 50 2513 2802 
f 3671 660 2803 
f 3290 2456 1041 
f 1623 2379 2749 
f 1257 2805 2804 
f 3029 2804 2805 
f 3748 2271 1430 
f 144 635 174 
f 1704 1993 498 
f 1219 2807 2248 
f 3655 1003 2808 
f 3245 2808 1003 
f 822 2038 2809 
f 3735 2809 2038 
f 2391 1826 2811 
f 96 2811 1826 
f 671 2532 2812 
f 1656 2812 2532 
f 2711 2600 1144 
f 3126 1844 2319 
f 2596 2534 2813 
f 1540 2814 1345 
f 949 619 2815 
f 178 604 2421 
f 3232 1328 237 
f 78 1950 2816 
f 2346 2167 2558 
f 530 2817 364 
f 1136 2818 1244 
f 3597 1084 2819 
f 3366 2348 2820 
f 3683 1111 2821 
f 3693 2821 1111 
f 3463 2822 2425 
f 2598 2425 2822 
f 998 1645 177 
f 1850 177 1645 
f 2850 1607 594 
f 2940 2647 2823 
f 134 2823 2647 
f 3909 827 2779 
f 1895 2779 827 
f 695 960 2186 
f 2799 2824 2237 
f 3740 2826 2825 
f 2079 2825 2826 
f 2588 2828 2827 
f 667 2827 2828 
f 3546 928 2829 
f 1686 2830 397 
f 956 612 2831 
f 2165 2832 811 
f 1221 811 2832 
f 3941 2834 2833 
f 2961 2833 2834 
f 2003 2835 382 
f 3140 2836 984 
f 1699 2837 2617 
f 3917 2617 2837 
f 556 2183 93 
f 3341 93 2183 
f 3931 2839 2838 
f 1554 2838 2839 
f 2869 2840 244 
f 3673 2034 1577 
f 3082 2842 2841 
f 2793 2841 2842 
f 624 2843 167 
f 3028 847 1870 
f 3691 2651 603 
f 1834 1472 2844 
f 880 2846 2845 
f 2904 2845 2846 
f 3853 1775 1991 
f 3338 1518 2847 
f 2662 2681 2848 
f 3673 2100 1305 
f 126 1305 2100 
f 3136 17 2849 
f 2622 2850 2516 
f 1664 2516 2850 
f 3913 2852 2851 
f 3734 2851 2852 
f 531 68 869 
f 3527 395 2750 
f 1500 2750 395 
f 1449 2854 2853 
f 638 2853 2854 
f 3779 1711 2352 
f 2640 2352 1711 
f 1396 2182 254 
f 976 2308 1744 
f 3258 1629 1670 
f 1534 1670 1629 
f 1903 673 2478 
f 3174 2478 673 
f 2769 199 2552 
f 2059 2856 2855 
f 3642 2855 2856 
f 161 1341 2857 
f 3282 1541 2858 
f 1866 2858 1541 
f 3789 2860 2859 
f 2000 2859 2860 
f 60 1944 2861 
f 3348 2056 639 
f 3267 675 776 
f 1568 776 675 
f 3819 946 2862 
f 2871 2862 946 
f 1514 1166 2320 
f 645 2320 1166 
f 575 2864 2863 
f 2816 2863 2864 
f 3249 2866 2865 
f 3918 2865 2866 
f 2369 1813 1721 
f 1259 1867 1561 
f 121 1706 2867 
f 3815 2867 1706 
f 3493 1821 2145 
f 3175 962 2868 
f 1337 950 2869 
f 568 2637 2870 
f 1836 2870 2637 
f 2223 1793 330 
f 3560 142 2709 
f 2976 2709 142 
f 3480 2872 2607 
f 2576 2607 2872 
f 96 1079 2811 
f 559 2289 2105 
f 3136 2873 1738 
f 427 1738 2873 
f 1993 1704 523 
f 3424 2502 2480 
f 603 2874 153 
f 2274 2875 1501 
f 3930 1501 2875 
f 2572 884 2389 
f 3505 2878 2877 
f 3318 2877 2878 
f 511 2880 2879 
f 367 2879 2880 
f 23 382 1753 
f 3835 1747 1802 
f 3703 2770 1572 
f 915 2881 2323 
f 2188 1478 2882 
f 2399 2884 2883 
f 3651 2883 2884 
f 3563 430 2885 
f 3314 1641 2886 
f 3107 1409 2040 
f 3750 2040 1409 
f 2401 2380 1444 
f 2581 2887 1005 
f 1628 2060 2326 
f 3546 2250 928 
f 890 2375 1798 
f 860 2888 274 
f 905 2721 2748 
f 3464 2889 2657 
f 2138 2657 2889 
f 2126 298 2503 
f 1490 2444 2890 
f 972 1092 2891 
f 3198 2891 1092 
f 3975 2707 1196 
f 3363 2892 2204 
f 1110 281 2098 
f 3526 1373 2530 
f 1967 2530 1373 
f 3991 2894 2893 
f 2991 2893 2894 
f 955 2895 1895 
f 3369 1895 2895 
f 78 1840 2896 
f 293 2896 1840 
f 2869 244 1337 
f 3242 2898 2897 
f 3463 2897 2898 
f 3046 1842 2268 
f 1902 1749 525 
f 3001 535 2403 
f 2653 657 89 
f 3642 1306 2269 
f 1320 2900 2899 
f 3057 2899 2900 
f 722 2902 2901 
f 2800 2901 2902 
f 3270 1359 390 
f 3771 571 2903 
f 2845 2904 2293 
f 2290 1556 1383 
f 1845 1383 1556 
f 3277 2906 2905 
f 2527 2905 2906 
f 3228 2202 2907 
f 3631 2907 2202 
f 2723 2623 2908 
f 1426 1427 2909 
f 711 2910 2107 
f 2529 2107 2910 
f 1968 2911 2240 
f 3154 2240 2911 
f 1021 2500 2912 
f 1258 1666 2913 
f 3743 2913 1666 
f 990 2914 1354 
f 1023 1354 2914 
f 3011 514 2915 
f 3620 2915 514 
f 2318 2853 2916 
f 638 2916 2853 
f 3184 2918 2917 
f 3313 2917 2918 
f 1452 2909 1715 
f 3181 2919 1231 
f 3141 1231 2919 
f 1483 2221 1735 
f 2456 2438 1042 
f 2023 2921 2920 
f 1164 2920 2921 
f 3765 341 1094 
f 2661 1094 341 
f 2915 2922 1722 
f 711 1722 2922 
f 2186 568 2870 
f 2949 2405 1538 
f 3751 2923 2805 
f 2794 2805 2923 
f 3027 2924 2314 
f 690 2314 2924 
f 3264 2926 2925 
f 759 2925 2926 
f 2912 2094 1021 
f 3520 2927 2179 
f 3865 2163 1770 
f 1816 1026 404 
f 3807 2928 1193 
f 1547 2190 630 
f 1527 2929 1405 
f 479 1405 2929 
f 3239 2930 226 
f 11 226 2930 
f 3830 506 2418 
f 3442 2931 536 
f 3617 2190 2932 
f 1547 2932 2190 
f 3792 2933 1624 
f 720 1624 2933 
f 3963 2934 2786 
f 3053 2935 2116 
f 996 2936 1095 
f 3682 1095 2936 
f 3801 2937 468 
f 3640 468 2937 
f 988 686 1859 
f 3331 2938 2680 
f 1918 2680 2938 
f 3998 407 2894 
f 1862 2894 407 
f 3169 2142 2198 
f 166 2198 2142 
f 1720 2940 2939 
f 1559 2939 2940 
f 2070 2942 2941 
f 2550 2941 2942 
f 3124 2943 2076 
f 1965 2076 2943 
f 2519 2944 2397 
f 1008 2945 147 
f 3711 147 2945 
f 3122 2363 1022 
f 2673 209 2946 
f 443 2946 209 
f 1070 327 2796 
f 3591 1802 2335 
f 3076 2022 2947 
f 3352 2423 2948 
f 3198 1092 1347 
f 2109 1721 2949 
f 3785 2950 1440 
f 317 1440 2950 
f 2421 1201 510 
f 2048 2045 2577 
f 2111 2577 2045 
f 71 440 2951 
f 2796 2591 1070 
f 999 2500 2795 
f 761 688 2244 
f 1847 2244 688 
f 1461 610 2952 
f 2383 2952 610 
f 54 1077 151 
f 3739 2953 2829 
f 3866 2829 2953 
f 893 2733 2954 
f 3424 2955 2499 
f 2790 2499 2955 
f 3213 2957 2956 
f 1670 2956 2957 
f 2203 2159 2265 
f 1353 2364 252 
f 839 1663 2958 
f 3906 2958 1663 
f 1968 1646 2911 
f 3806 881 463 
f 2273 790 1956 
f 361 1956 790 
f 3040 1157 2329 
f 3250 2960 2959 
f 1861 2959 2960 
f 3845 1614 2218 
f 2833 2961 369 
f 3007 369 2961 
f 1340 2963 2962 
f 2306 2962 2963 
f 1887 188 1922 
f 2824 1922 188 
f 3049 2788 2964 
f 709 2964 2788 
f 3196 1320 2899 
f 2215 1453 2255 
f 1716 2255 1453 
f 2426 2155 2965 
f 3195 2967 12 
f 2885 12 2967 
f 2662 857 2681 
f 277 2681 857 
f 3954 2968 2457 
f 2565 2457 2968 
f 3651 2969 1498 
f 3638 1498 2969 
f 1291 2971 2970 
f 3108 2970 2971 
f 610 2972 2383 
f 3228 2973 2202 
f 1076 2381 378 
f 3350 634 1411 
f 3536 673 2974 
f 2410 289 72 
f 3050 1524 2975 
f 3887 1757 205 
f 848 1476 1698 
f 1089 2709 2976 
f 824 1393 2977 
f 3976 1703 546 
f 1875 546 1703 
f 288 2978 1110 
f 3806 1110 2978 
f 3567 2980 2979 
f 2493 2979 2980 
f 466 2408 799 
f 2330 2981 2141 
f 187 2460 1256 
f 575 1463 2982 
f 2080 1506 1172 
f 2465 113 1760 
f 3775 1857 2983 
f 3499 2984 895 
f 3308 1697 1880 
f 684 899 1164 
f 583 1164 899 
f 2417 480 773 
f 2633 2985 1781 
f 3403 2986 863 
f 3419 2177 625 
f 441 1565 2987 
f 1737 2989 2988 
f 3103 2988 2989 
f 3415 1129 1799 
f 1482 1899 1876 
f 1800 2893 2991 
f 3905 2992 2289 
f 1466 2289 2992 
f 3663 2994 2993 
f 3237 2993 2994 
f 979 905 2732 
f 3781 2732 905 
f 164 89 2995 
f 2941 2550 2996 
f 925 2996 2550 
f 3614 1343 2997 
f 3561 2997 1343 
f 3874 1896 1969 
f 9 2726 2998 
f 765 2998 2726 
f 727 969 1184 
f 3505 1501 2999 
f 3930 2999 1501 
f 3917 1477 1825 
f 2337 1825 1477 
f 3952 1510 3000 
f 3162 2398 1402 
f 410 2510 614 
f 3111 638 2854 
f 2069 1283 51 
f 166 3004 3003 
f 3302 3003 3004 
f 1565 3006 1507 
f 1171 1507 3006 
f 2526 3007 1724 
f 3311 1724 3007 
f 1314 2313 3008 
f 3629 3008 2313 
f 3398 2930 1149 
f 3239 1149 2930 
f 1874 1487 1657 
f 3876 1657 1487 
f 730 2958 1336 
f 3906 1336 2958 
f 2677 3010 3009 
f 3022 3009 3010 
f 2078 2876 3011 
f 514 3011 2876 
f 1034 953 563 
f 2664 28 2509 
f 1959 3012 53 
f 3487 1093 3013 
f 3029 2794 1021 
f 2500 1021 2794 
f 1644 3015 3014 
f 2704 3014 3015 
f 3324 3016 755 
f 536 755 3016 
f 2328 2936 996 
f 3955 1454 3017 
f 3990 3017 1454 
f 3402 1576 513 
f 1894 3018 2374 
f 3378 2374 3018 
f 2708 3020 3019 
f 3666 3019 3020 
f 906 131 3021 
f 295 3021 131 
f 2185 3009 3022 
f 3544 3023 3001 
f 1973 3001 3023 
f 1395 3024 1244 
f 20 823 1117 
f 3824 1117 823 
f 2837 522 3025 
f 3541 3026 2051 
f 2393 2051 3026 
f 3679 2924 3027 
f 80 847 3028 
f 2627 2804 3029 
f 3408 1396 1619 
f 2335 1871 1398 
f 3862 3030 2898 
f 784 2898 3030 
f 1879 1229 1743 
f 2706 1743 1229 
f 3274 2620 3031 
f 2575 3031 2620 
f 3418 1569 3032 
f 3479 1928 2781 
f 3045 2781 1928 
f 481 3034 3033 
f 3311 3033 3034 
f 2043 2228 846 
f 3694 3035 1659 
f 2893 1659 3035 
f 3157 3036 2692 
f 576 2692 3036 
f 3887 2382 1364 
f 52 1364 2382 
f 3158 3037 1973 
f 3929 2199 2615 
f 2072 2862 2871 
f 1017 3038 1594 
f 3721 559 412 
f 1771 231 3039 
f 2881 1621 2322 
f 2993 1157 3040 
f 1178 3041 2144 
f 3338 2450 3043 
f 2379 2802 2512 
f 2415 3043 3044 
f 2449 3044 3043 
f 1929 1772 3045 
f 275 3045 1772 
f 2301 1132 750 
f 3620 2922 2915 
f 2497 2765 292 
f 3537 292 2765 
f 796 2382 2972 
f 2359 2426 3047 
f 2965 3047 2426 
f 3622 154 3048 
f 681 3049 2964 
f 707 2550 2942 
f 1384 2266 2453 
f 1429 2453 2266 
f 2975 1761 3050 
f 3 3050 1761 
f 3420 3051 16 
f 478 16 3051 
f 2396 1927 1349 
f 1037 3052 1685 
f 3098 1762 1115 
f 1523 1115 1762 
f 3348 2161 1386 
f 589 911 1368 
f 1691 1368 911 
f 1657 1954 1874 
f 1139 27 3053 
f 3437 144 174 
f 2386 3054 2766 
f 466 2766 3054 
f 909 1090 537 
f 3321 2791 2013 
f 3104 3056 3055 
f 189 3055 3056 
f 3566 1685 2102 
f 1609 3058 3057 
f 1639 3057 3058 
f 3158 1979 1299 
f 2035 1028 3059 
f 3066 2216 2354 
f 1786 117 1448 
f 2378 1448 117 
f 3102 3061 3060 
f 3989 3060 3061 
f 3990 3062 3019 
f 2708 3019 3062 
f 6 2577 3063 
f 2111 3063 2577 
f 1593 890 1278 
f 2580 1779 503 
f 3141 503 1779 
f 1154 3065 3064 
f 1622 3064 3065 
f 2355 3067 3066 
f 2287 3066 3067 
f 2560 1467 3068 
f 3476 3068 1467 
f 2077 138 1946 
f 2538 1824 3069 
f 3109 3069 1824 
f 3594 2230 3070 
f 3331 2494 1970 
f 2296 1970 2494 
f 1881 1143 1066 
f 1124 1066 1143 
f 2311 3072 3071 
f 3140 3071 3072 
f 2570 3073 2088 
f 1603 2088 3073 
f 293 3074 2896 
f 3210 2896 3074 
f 411 558 3075 
f 328 3075 558 
f 3596 2358 1599 
f 3441 941 1207 
f 1075 1207 941 
f 3954 1540 1145 
f 3129 3076 2947 
f 569 2672 496 
f 2946 496 2672 
f 2768 2782 1187 
f 1020 1408 3077 
f 3846 3079 3078 
f 1897 3078 3079 
f 3751 1833 2923 
f 357 2923 1833 
f 1498 2282 3080 
f 2599 1124 1143 
f 3463 2424 1520 
f 3465 1892 2292 
f 3688 3081 1009 
f 2945 1009 3081 
f 2688 3082 1318 
f 2841 1318 3082 
f 3554 3083 332 
f 315 332 3083 
f 3191 1230 48 
f 3141 48 1230 
f 3731 185 1085 
f 2684 248 1920 
f 2457 2565 1447 
f 116 256 2429 
f 3173 1924 1832 
f 708 1832 1924 
f 2991 1861 3084 
f 2353 3084 1861 
f 3331 1885 2938 
f 544 2938 1885 
f 2180 899 3085 
f 684 3085 899 
f 1124 2831 3086 
f 3272 3086 2831 
f 1571 3088 3087 
f 1311 3087 3088 
f 2968 1146 888 
f 2974 674 1059 
f 3225 1335 216 
f 3546 74 2250 
f 3978 2250 74 
f 3524 2154 3089 
f 879 3091 3090 
f 3742 3090 3091 
f 3298 3093 3092 
f 2788 3092 3093 
f 3208 3095 3094 
f 550 3094 3095 
f 1909 3097 3096 
f 2636 3096 3097 
f 533 3099 3098 
f 3460 3098 3099 
f 3442 3101 3100 
f 2917 3100 3101 
f 3107 2040 3102 
f 3061 3102 2040 
f 3856 3104 3103 
f 2575 3103 3104 
f 3403 1609 2900 
f 3057 2900 1609 
f 3308 1542 1631 
f 3250 3105 1301 
f 3326 5 2528 
f 3576 3106 208 
f 3106 845 2635 
f 3756 2635 845 
f 804 3107 3102 
f 2902 1101 2800 
f 1921 2800 1101 
f 1827 2970 3108 
f 3154 2625 2240 
f 3619 3109 1824 
f 3350 1411 3110 
f 3362 3110 1411 
f 2865 898 1526 
f 3161 1526 898 
f 844 3111 2854 
f 1348 3112 462 
f 3152 462 3112 
f 3571 2613 2520 
f 3963 2786 1593 
f 451 447 2655 
f 1401 1777 3114 
f 1089 3115 2709 
f 2065 1465 1718 
f 3158 3116 1979 
f 3870 1979 3116 
f 655 3117 753 
f 470 753 3117 
f 3146 3119 3118 
f 649 3118 3119 
f 3743 1472 2913 
f 3751 2913 1472 
f 1882 3121 3120 
f 1012 3120 3121 
f 2256 2363 3122 
f 3108 2971 1345 
f 85 2336 3123 
f 717 3123 2336 
f 1376 734 2026 
f 942 2026 734 
f 1889 1237 3124 
f 3246 1959 2258 
f 3857 1163 3125 
f 1602 2174 1037 
f 3052 1037 2174 
f 607 2716 1220 
f 1338 2648 3126 
f 331 3126 2648 
f 1084 3128 3127 
f 2604 3127 3128 
f 2841 1451 1317 
f 1229 1317 1451 
f 2192 3013 1094 
f 3408 1295 176 
f 3621 2853 2318 
f 2947 224 3129 
f 3899 3129 224 
f 722 2901 662 
f 2844 3131 3130 
f 308 3130 3131 
f 3605 14 1156 
f 3891 1156 14 
f 3786 699 3133 
f 3360 3133 699 
f 172 353 3134 
f 1764 2522 3135 
f 3184 340 2918 
f 2873 3136 2849 
f 2147 3137 2654 
f 3872 2654 3137 
f 593 1182 1247 
f 3290 2322 1622 
f 3391 3138 1748 
f 2498 1748 3138 
f 1548 2662 2848 
f 3656 3140 3139 
f 984 3139 3140 
f 1165 3142 2387 
f 3588 1043 3143 
f 3500 2479 1274 
f 837 2801 3144 
f 3202 3144 2801 
f 3551 1087 1493 
f 271 1493 1087 
f 1851 2632 1339 
f 3981 1775 1915 
f 3853 1915 1775 
f 557 2725 1149 
f 2283 3146 3145 
f 3452 3145 3146 
f 2309 1407 2609 
f 3618 2609 1407 
f 26 125 67 
f 805 67 125 
f 3809 1177 3147 
f 1069 3147 1177 
f 3016 3148 3101 
f 3184 3101 3148 
f 3423 539 3149 
f 2097 3071 2584 
f 3656 2584 3071 
f 2667 171 2025 
f 3970 2025 171 
f 877 3151 3150 
f 3936 3150 3151 
f 1422 2972 611 
f 1338 244 272 
f 3562 3152 3112 
f 3481 1759 3154 
f 3342 3154 1759 
f 3762 34 1046 
f 3846 1046 34 
f 3788 2482 3155 
f 2933 3155 2482 
f 3921 1436 1725 
f 3445 1725 1436 
f 1369 1604 590 
f 1684 590 1604 
f 1900 1895 827 
f 3951 383 1360 
f 3540 2528 3063 
f 2767 2331 3156 
f 1173 3157 1542 
f 2692 1542 3157 
f 2503 2498 3138 
f 1753 935 23 
f 1299 3037 3158 
f 3905 2773 3159 
f 2267 3159 2773 
f 2905 2527 3160 
f 1314 3008 918 
f 346 918 3008 
f 3002 2455 1134 
f 1402 3163 3162 
f 874 3162 3163 
f 2468 3164 187 
f 1805 187 3164 
f 2986 3165 2263 
f 3048 2263 3165 
f 2685 3073 2570 
f 3787 2112 3166 
f 2357 2430 1455 
f 2855 2269 3167 
f 2053 3167 2269 
f 3684 263 3168 
f 560 3168 263 
f 3377 896 2984 
f 2747 446 3170 
f 3212 3170 446 
f 770 596 1204 
f 2486 1898 1049 
f 2955 1638 2703 
f 2237 2490 3164 
f 3611 1099 3171 
f 3289 1382 3172 
f 2264 3172 1382 
f 1634 1923 3173 
f 3536 354 3174 
f 3838 3174 354 
f 2614 962 3175 
f 3307 3177 3176 
f 3263 3176 3177 
f 2817 2136 542 
f 3791 542 2136 
f 2067 1355 903 
f 682 3179 3178 
f 3924 3178 3179 
f 925 3180 2996 
f 3489 2996 3180 
f 3443 290 2411 
f 1786 1448 3181 
f 2700 3183 3182 
f 1874 3182 3183 
f 3792 3155 2933 
f 3296 3185 1512 
f 2373 3186 2673 
f 209 2673 3186 
f 1966 232 3187 
f 1125 3189 3188 
f 473 3188 3189 
f 3900 3139 984 
f 52 796 803 
f 3240 3190 473 
f 3268 473 3190 
f 1965 2943 3192 
f 3618 3192 2943 
f 2158 3194 3193 
f 2113 3193 3194 
f 141 959 3195 
f 3563 3195 959 
f 3341 2398 92 
f 3387 92 2398 
f 2899 2717 3196 
f 3202 2366 3144 
f 3697 3144 2366 
f 1091 2296 2494 
f 3943 3197 2410 
f 3969 2275 3200 
f 3608 3200 2275 
f 120 2115 707 
f 3799 707 2115 
f 3732 3131 1050 
f 2844 1050 3131 
f 1329 1884 518 
f 2409 1344 728 
f 3614 728 1344 
f 3879 2715 1426 
f 3756 845 3204 
f 3806 462 3152 
f 537 1961 2549 
f 3448 2549 1961 
f 3865 3205 970 
f 2119 970 3205 
f 1167 88 2074 
f 658 2074 88 
f 3317 2129 3206 
f 2906 3207 2527 
f 3372 1447 2031 
f 2276 137 1222 
f 3714 1222 137 
f 602 2652 1988 
f 3094 2169 3208 
f 1491 3208 2169 
f 3553 3209 136 
f 913 136 3209 
f 1574 2345 1937 
f 3368 1179 2135 
f 1096 2135 1179 
f 3565 3210 1204 
f 770 1204 3210 
f 3638 2969 1288 
f 487 454 3211 
f 3381 1027 2132 
f 2637 569 496 
f 3635 386 2828 
f 3684 3213 3212 
f 3280 3212 3213 
f 2204 475 2735 
f 1933 3214 819 
f 2547 819 3214 
f 937 2472 3215 
f 986 2586 359 
f 235 3216 460 
f 3286 460 3216 
f 3464 376 2889 
f 3377 2889 376 
f 1824 2538 1008 
f 1934 119 3217 
f 3965 3218 929 
f 3864 3220 3219 
f 1208 3219 3220 
f 2626 3222 3221 
f 2807 3221 3222 
f 3624 3223 792 
f 2361 753 3224 
f 151 3224 753 
f 1463 575 1693 
f 3987 2140 374 
f 3773 3226 3225 
f 3636 3225 3226 
f 2424 1998 1521 
f 1453 2215 3227 
f 2907 380 3228 
f 3594 2143 2230 
f 3041 2230 2143 
f 297 2070 2941 
f 526 2121 500 
f 1186 500 2121 
f 3335 437 2174 
f 3052 2174 437 
f 497 2946 443 
f 3566 1212 528 
f 423 3229 2462 
f 2557 2462 3229 
f 2792 2676 107 
f 3548 351 2927 
f 3202 1479 3230 
f 3832 3230 1479 
f 2508 1710 3231 
f 3418 3231 1710 
f 3522 320 3232 
f 2750 1500 3233 
f 2539 2914 991 
f 847 2682 2043 
f 278 2043 2682 
f 3511 1190 1088 
f 3132 127 1234 
f 1191 1984 3234 
f 3494 2895 631 
f 2635 2542 3106 
f 3193 2113 3235 
f 2765 3235 2113 
f 3867 3236 901 
f 3647 3238 3237 
f 2993 3237 3238 
f 3003 2198 166 
f 2095 1909 1450 
f 3096 1450 1909 
f 1149 3239 557 
f 1597 557 3239 
f 2164 3188 472 
f 3805 3109 1065 
f 3619 1065 3109 
f 2864 575 2982 
f 570 3240 3189 
f 473 3189 3240 
f 1489 2461 326 
f 1082 326 2461 
f 3683 2821 2775 
f 3474 2775 2821 
f 2769 3241 1064 
f 3556 3242 2586 
f 360 2586 3242 
f 546 3244 3243 
f 714 3243 3244 
f 3012 3246 1077 
f 1544 325 3247 
f 3964 3247 325 
f 3070 2229 467 
f 2408 467 2229 
f 2366 3202 3230 
f 1893 3117 655 
f 1349 463 2396 
f 11 2885 227 
f 429 227 2885 
f 3332 566 347 
f 580 2238 807 
f 3724 1927 2396 
f 145 2446 636 
f 3937 3248 2090 
f 551 540 3205 
f 3810 3205 540 
f 2741 3249 2865 
f 55 3250 1301 
f 1210 3251 492 
f 1778 3253 3252 
f 3771 3252 3253 
f 708 1924 3254 
f 1138 1198 1268 
f 1621 1374 3064 
f 2071 3064 1374 
f 622 926 3255 
f 1897 2009 2272 
f 1261 2272 2009 
f 1532 1555 3256 
f 3811 3256 1555 
f 746 1415 3257 
f 2957 3258 1670 
f 515 1080 994 
f 1539 1735 2815 
f 2869 2815 1735 
f 3906 3260 3259 
f 2092 3259 3260 
f 1790 3262 3261 
f 3279 3261 3262 
f 3407 3176 3263 
f 2733 893 2629 
f 946 2629 893 
f 3812 2439 1517 
f 3882 1517 2439 
f 2925 309 3264 
f 3958 3265 2846 
f 2587 2846 3265 
f 1940 483 2526 
f 3528 3266 3258 
f 1780 3258 3266 
f 1285 675 3267 
f 472 3268 1616 
f 1702 1616 3268 
f 561 3269 91 
f 3636 1335 3225 
f 3804 1309 3271 
f 3907 3271 1309 
f 130 3086 3272 
f 1474 1746 3273 
f 3031 1270 3274 
f 1015 3274 1270 
f 2966 1397 288 
f 2978 288 1397 
f 3346 1613 3275 
f 3330 1647 3276 
f 3922 2970 1827 
f 3639 300 3277 
f 1312 3277 300 
f 3093 3278 279 
f 3580 279 3278 
f 490 299 2288 
f 3011 2915 3279 
f 1722 3279 2915 
f 182 529 2674 
f 1213 2674 529 
f 3822 712 2922 
f 3213 2956 3280 
f 1543 3280 2956 
f 349 1154 2736 
f 2022 2736 1154 
f 1300 3105 3281 
f 3538 3281 3105 
f 3911 2287 3067 
f 2587 2827 2541 
f 667 2541 2827 
f 740 745 3282 
f 2390 3283 713 
f 2304 2153 2730 
f 654 812 2162 
f 3780 1011 3284 
f 1307 3284 1011 
f 2477 3174 3285 
f 3838 3285 3174 
f 2363 1711 252 
f 2253 1275 887 
f 3803 887 1275 
f 3706 2476 1146 
f 1211 434 600 
f 2576 459 3286 
f 3753 3287 1809 
f 2089 1809 3287 
f 88 1167 2995 
f 2797 2995 1167 
f 1276 3288 32 
f 3886 2099 1279 
f 2802 117 50 
f 931 1019 3289 
f 1622 41 3290 
f 3253 24 3291 
f 1813 2369 3292 
f 3136 2433 17 
f 3763 17 2433 
f 1698 2578 848 
f 3878 3073 2685 
f 3045 2127 2781 
f 3506 3294 3293 
f 3431 3293 3294 
f 2667 2025 3295 
f 1057 3104 3055 
f 3374 1437 2751 
f 444 1863 2155 
f 3721 365 2674 
f 466 3054 1496 
f 1512 2742 3296 
f 431 3296 2742 
f 3957 1152 3297 
f 3278 3298 987 
f 1943 987 3298 
f 3180 925 1796 
f 2346 1864 1567 
f 16 1567 1864 
f 3255 2767 3156 
f 3410 3299 2484 
f 1883 3301 3300 
f 3541 3300 3301 
f 3460 3003 3302 
f 3122 1390 2256 
f 3111 2477 638 
f 1930 2234 1148 
f 2157 1148 2234 
f 2307 736 401 
f 3366 2820 767 
f 3828 609 2404 
f 2078 3262 3303 
f 1790 3303 3262 
f 2262 936 1331 
f 3947 1823 3304 
f 2890 2461 1490 
f 2254 2574 2278 
f 2355 2278 2574 
f 2166 2451 2495 
f 1417 2495 2451 
f 796 52 2382 
f 3723 1977 2677 
f 3010 2677 1977 
f 1353 3306 2364 
f 1022 2364 3306 
f 1773 2180 1070 
f 672 2849 1271 
f 1732 3307 2607 
f 1430 1806 1715 
f 3093 3298 3278 
f 1626 2962 2306 
f 3497 3309 1820 
f 1611 3310 1248 
f 1808 1248 3310 
f 2108 2015 1205 
f 3818 3033 3311 
f 77 2816 2864 
f 3288 3312 31 
f 339 1307 3313 
f 3642 3313 1307 
f 2761 3087 1311 
f 1323 3315 3314 
f 1641 3314 3315 
f 1689 2522 2597 
f 1765 2597 2522 
f 3702 3316 2555 
f 2717 1638 2480 
f 2955 2480 1638 
f 3794 3017 481 
f 3604 606 1220 
f 2070 3280 1543 
f 3433 2129 3317 
f 2232 2346 1567 
f 3163 3318 2758 
f 2878 2758 3318 
f 3099 2198 3003 
f 3949 2252 1714 
f 368 1714 2252 
f 3909 3319 828 
f 875 2744 493 
f 3407 3320 883 
f 1208 1913 689 
f 699 689 1913 
f 1617 3321 2013 
f 3624 2212 3223 
f 1197 3322 1686 
f 2596 1686 3322 
f 1887 102 188 
f 1686 2086 1197 
f 3758 2227 452 
f 3698 1906 1189 
f 2164 472 1616 
f 3515 319 3323 
f 3379 3148 3324 
f 3016 3324 3148 
f 2127 275 3325 
f 2137 3325 275 
f 226 3326 3239 
f 1597 3239 3326 
f 2246 3327 3150 
f 877 3150 3327 
f 3279 2340 3261 
f 2772 3261 2340 
f 3576 3329 3328 
f 2327 3328 3329 
f 2670 3330 384 
f 3276 384 3330 
f 1743 2706 1668 
f 3531 1668 2706 
f 2714 3332 687 
f 347 687 3332 
f 3652 3333 1351 
f 3483 2633 2627 
f 2804 2627 2633 
f 3130 2236 2844 
f 1834 2844 2236 
f 3595 3177 1731 
f 2535 81 3334 
f 3895 1233 1188 
f 3396 3125 385 
f 243 3335 183 
f 2420 3337 3336 
f 2475 3336 3337 
f 1268 2450 3338 
f 1321 3339 2813 
f 1689 2813 3339 
f 2590 2493 2980 
f 3637 2253 887 
f 2669 1387 143 
f 1350 143 1387 
f 3589 2310 432 
f 1399 432 2310 
f 1256 390 186 
f 307 700 3340 
f 2260 3340 700 
f 2057 1830 3342 
f 2247 3342 1830 
f 3689 2818 3343 
f 693 3343 2818 
f 222 1908 3344 
f 942 2381 1076 
f 114 2420 3345 
f 66 3345 2420 
f 1368 616 1522 
f 1320 3196 1720 
f 2940 1720 3196 
f 2402 3347 3346 
f 1613 3346 3347 
f 2492 3349 2332 
f 633 3350 2608 
f 3110 2608 3350 
f 3497 3351 1962 
f 3705 3353 3352 
f 2423 3352 3353 
f 962 1754 944 
f 1914 368 2252 
f 1970 1885 3331 
f 3315 207 148 
f 3595 3263 3177 
f 3896 3354 1078 
f 3283 1078 3354 
f 3262 3011 3279 
f 1511 14 3355 
f 640 717 465 
f 2611 465 717 
f 3569 2128 3356 
f 2493 2590 71 
f 553 3357 989 
f 1700 989 3357 
f 3412 3358 1855 
f 1828 1855 3358 
f 3609 613 2689 
f 3133 3360 3359 
f 1967 3359 3360 
f 3366 3107 777 
f 804 777 3107 
f 3987 436 2810 
f 2837 3025 2882 
f 2188 2882 3025 
f 3310 1611 1791 
f 3369 2779 1895 
f 101 3361 2490 
f 3877 2156 1863 
f 2688 1692 3082 
f 1354 1023 3306 
f 2125 1849 3014 
f 3291 2010 2515 
f 1514 2320 3362 
f 3789 3362 2320 
f 901 888 2344 
f 3730 3363 2005 
f 1538 2084 112 
f 3518 3365 3364 
f 2950 3364 3365 
f 3246 3012 1959 
f 3437 2947 1153 
f 113 2465 947 
f 1180 3368 3367 
f 1640 3367 3368 
f 3494 3369 2895 
f 1316 153 3005 
f 3066 3370 2216 
f 3879 2216 3370 
f 3993 2330 2245 
f 2355 3371 2291 
f 401 3372 2031 
f 1905 1448 2378 
f 2803 3373 380 
f 3445 3374 878 
f 2203 2265 966 
f 3531 40 3375 
f 3399 3375 40 
f 176 2315 2182 
f 311 2929 1527 
f 196 1298 3376 
f 629 3376 1298 
f 2222 2687 240 
f 2150 1284 3267 
f 3384 3377 376 
f 3933 1277 3378 
f 2698 3379 600 
f 427 2873 3380 
f 3747 3380 2873 
f 2323 1041 2181 
f 1314 918 1733 
f 585 1733 918 
f 361 1714 2517 
f 2020 2588 3265 
f 1807 1027 3381 
f 1424 1221 2832 
f 3640 1420 3382 
f 2776 3383 1272 
f 1986 1272 3383 
f 1768 3384 377 
f 3028 2172 1227 
f 2477 3385 637 
f 3708 637 3385 
f 3759 2368 3386 
f 3151 877 3374 
f 46 2977 2546 
f 832 3387 1784 
f 3162 1784 3387 
f 1286 3388 2063 
f 3817 628 1310 
f 3665 1310 628 
f 1526 2741 2865 
f 3438 3390 3389 
f 2247 3389 3390 
f 2836 3140 3072 
f 3358 3391 1828 
f 1843 2551 200 
f 1292 2051 2393 
f 3202 2801 3392 
f 2740 3393 393 
f 95 393 3393 
f 1431 213 3394 
f 3122 1022 3395 
f 1908 3395 1022 
f 3276 3396 384 
f 1949 829 726 
f 3908 1162 3397 
f 11 3398 324 
f 495 3399 952 
f 3534 952 3399 
f 1773 2323 2181 
f 3774 3400 867 
f 2798 867 3400 
f 3741 709 674 
f 279 2619 1955 
f 954 1955 2619 
f 1729 793 2400 
f 3273 534 3401 
f 3490 3401 534 
f 513 2484 3402 
f 3430 3402 2484 
f 1276 1109 3152 
f 3806 3152 1109 
f 3831 2209 3404 
f 3818 3404 2209 
f 2456 42 2438 
f 1654 3406 3405 
f 3892 3405 3406 
f 2231 1566 3409 
f 15 3409 1566 
f 840 2039 3410 
f 3299 3410 2039 
f 1485 439 3411 
f 3969 3411 439 
f 1390 3122 3412 
f 3395 3412 3122 
f 323 3398 2157 
f 1149 2157 3398 
f 3564 936 3413 
f 3689 3414 2973 
f 3661 2973 3414 
f 3911 3415 1273 
f 3574 3417 3416 
f 3898 3416 3417 
f 2071 1154 3064 
f 349 3065 1154 
f 1710 1569 3418 
f 1232 2296 972 
f 3923 2518 255 
f 2312 255 2518 
f 3921 1725 3311 
f 3946 957 2600 
f 3465 2177 3419 
f 2569 3421 3420 
f 3051 3420 3421 
f 491 3251 1488 
f 3746 1488 3251 
f 2471 3422 3215 
f 2030 3215 3422 
f 727 2997 969 
f 3758 969 2997 
f 3964 325 2145 
f 3042 2284 2343 
f 3854 719 2139 
f 3753 3310 1791 
f 2639 110 3423 
f 2480 2955 3424 
f 1101 2902 2333 
f 723 2333 2902 
f 2205 2892 2646 
f 594 3425 1664 
f 1761 3302 3 
f 3287 3428 3427 
f 1571 3427 3428 
f 3673 3429 2034 
f 2459 2034 3429 
f 3958 3430 2021 
f 303 2021 3430 
f 3319 2887 2582 
f 3385 3285 106 
f 2668 106 3285 
f 363 1370 676 
f 1251 2114 2553 
f 3294 3432 3431 
f 3494 3431 3432 
f 3368 2886 1640 
f 3933 3378 3018 
f 357 1833 2235 
f 3872 1780 3266 
f 3821 3433 3317 
f 1206 3182 3434 
f 3780 3434 3182 
f 2726 3435 765 
f 713 1150 2390 
f 2948 2300 3436 
f 2206 3436 2300 
f 2302 1919 173 
f 3039 1010 398 
f 427 3380 646 
f 3746 646 3380 
f 1919 3437 174 
f 1080 515 449 
f 1661 19 1116 
f 3101 3184 2917 
f 2720 3390 3438 
f 3893 917 3439 
f 3959 3439 917 
f 3657 1372 3440 
f 1580 614 1807 
f 3577 3187 231 
f 524 3441 402 
f 3434 402 3441 
f 2856 2931 3442 
f 3199 2565 2968 
f 290 3443 641 
f 3994 668 2455 
f 2752 1627 2559 
f 3555 2649 1053 
f 1580 1617 2013 
f 3660 2757 107 
f 3482 1630 3444 
f 3535 2392 2132 
f 1437 3374 3445 
f 850 1879 238 
f 3379 3324 754 
f 2448 3447 3446 
f 2544 3446 3447 
f 2876 2077 1946 
f 3885 539 922 
f 1983 838 461 
f 493 3077 875 
f 3628 3448 1961 
f 2324 3361 101 
f 3861 2641 2072 
f 3449 1414 2754 
f 2881 915 2753 
f 3456 2125 3450 
f 3014 3450 2125 
f 450 859 1080 
f 1504 865 1082 
f 3905 2289 1213 
f 304 3451 2538 
f 2187 1788 2643 
f 627 2643 1788 
f 519 2032 1329 
f 237 1329 2032 
f 3118 3453 3452 
f 321 3452 3453 
f 86 1408 2094 
f 839 2958 730 
f 2859 3110 3362 
f 1558 3454 761 
f 2536 761 3454 
f 442 1013 1176 
f 3211 1389 2073 
f 1056 1270 3031 
f 282 474 169 
f 2125 3456 3455 
f 3766 3455 3456 
f 3557 259 2488 
f 3755 3172 3457 
f 2264 3457 3172 
f 3845 3275 1614 
f 3848 1319 1719 
f 3563 3458 430 
f 2466 3459 377 
f 1768 377 3459 
f 3098 3460 1762 
f 2728 268 3461 
f 2082 3461 268 
f 407 3462 1862 
f 3281 1862 3462 
f 3477 2066 192 
f 2657 3234 3464 
f 2440 3464 3234 
f 3694 1658 3465 
f 1892 3465 1658 
f 2839 2660 1280 
f 363 1280 2660 
f 3919 3466 1113 
f 3462 1113 3466 
f 3511 1941 3467 
f 2235 3469 3468 
f 3508 3468 3469 
f 3321 1617 194 
f 266 194 1617 
f 1830 3389 2247 
f 196 3471 3470 
f 1299 3470 3471 
f 2028 2791 3472 
f 3321 3472 2791 
f 3446 2414 3473 
f 577 3473 2414 
f 1745 2775 3474 
f 2548 2123 2002 
f 584 2002 2123 
f 2934 3475 200 
f 1843 200 3475 
f 3761 2362 418 
f 1362 418 2362 
f 2764 65 3336 
f 853 598 3476 
f 3624 3476 598 
f 3106 3328 1935 
f 2891 3214 971 
f 1933 971 3214 
f 3411 3438 1485 
f 3899 1485 3438 
f 1173 1542 3308 
f 802 1816 704 
f 2492 2951 1486 
f 439 1486 2951 
f 3754 3053 1356 
f 2471 3478 3477 
f 184 3477 3478 
f 3692 625 1032 
f 2585 985 1325 
f 1091 2495 1417 
f 3578 221 3479 
f 1928 3479 221 
f 2794 3029 2805 
f 1880 2872 3480 
f 3330 2670 3481 
f 1537 3481 2670 
f 422 2761 2261 
f 3979 2261 2761 
f 3564 234 884 
f 1627 1898 2486 
f 1651 1398 2966 
f 1758 1418 724 
f 3683 2775 698 
f 2422 1835 3153 
f 2988 3103 265 
f 2575 265 3103 
f 3425 594 1726 
f 408 813 1269 
f 2985 3483 3482 
f 2196 3482 3483 
f 3003 3460 3099 
f 2542 3484 396 
f 2926 3160 759 
f 1785 3486 3485 
f 1231 3485 3486 
f 1093 3487 822 
f 3199 888 91 
f 1748 2498 3488 
f 2996 2202 2941 
f 2836 59 983 
f 85 983 59 
f 2729 3489 115 
f 3180 115 3489 
f 1004 3490 534 
f 1199 2173 648 
f 3012 1077 54 
f 2510 1215 615 
f 3059 615 1215 
f 2196 3491 2743 
f 493 2743 3491 
f 2112 2419 3492 
f 326 1082 3493 
f 3810 541 2120 
f 3784 2120 541 
f 1963 3416 403 
f 3369 3494 3432 
f 3653 485 3495 
f 2929 456 3496 
f 1532 3256 356 
f 3032 356 3256 
f 721 2933 2482 
f 1052 865 1505 
f 1859 2058 2130 
f 3868 3498 3497 
f 2561 3497 3498 
f 2138 2984 3499 
f 3878 1606 3073 
f 1603 3073 1606 
f 1548 2848 81 
f 1377 2568 3501 
f 2937 3501 2568 
f 1266 2589 3502 
f 2641 3502 2589 
f 2126 3503 2781 
f 975 1732 1123 
f 2701 2532 1271 
f 1130 3504 1519 
f 1139 1519 3504 
f 3150 1441 2246 
f 3304 2246 1441 
f 3858 1 39 
f 2877 1502 3505 
f 1699 2617 2578 
f 1440 3506 1366 
f 1942 2594 3507 
f 3092 3507 2594 
f 3678 2379 1623 
f 3894 376 3464 
f 2899 1676 2717 
f 1638 2717 1676 
f 2260 2740 3508 
f 1475 661 2052 
f 1794 1644 3509 
f 1201 2725 557 
f 1199 648 3510 
f 3121 1855 1828 
f 1189 3511 3467 
f 3874 2473 3512 
f 2517 2036 1308 
f 2869 1735 2840 
f 903 1803 2067 
f 206 1460 2952 
f 2897 360 3242 
f 513 3426 3410 
f 840 3410 3426 
f 190 3171 3513 
f 1341 3513 3171 
f 1889 3124 1953 
f 500 1186 3514 
f 1776 3514 1186 
f 3222 2247 2807 
f 3856 3056 3104 
f 3630 2394 3515 
f 2847 1519 1139 
f 2940 3196 2481 
f 2651 3517 3516 
f 3840 3516 3517 
f 1994 1564 1507 
f 2229 3518 2407 
f 3364 2407 3518 
f 331 3519 2551 
f 3156 622 3255 
f 550 1140 1040 
f 1102 161 2857 
f 1677 2927 3520 
f 1734 397 3484 
f 3752 1502 2046 
f 3891 3185 3521 
f 1017 3521 3185 
f 1539 2815 2084 
f 3501 22 1377 
f 1696 3080 2666 
f 3375 3522 1668 
f 3574 3416 1457 
f 1963 1457 3416 
f 2367 2249 1512 
f 1769 273 2888 
f 2081 3523 3419 
f 3694 3419 3523 
f 2839 1280 1554 
f 2099 1554 1280 
f 3407 715 3176 
f 3841 2825 1708 
f 2475 3337 1563 
f 947 1563 3337 
f 3671 380 3524 
f 2907 3524 380 
f 3890 1026 1815 
f 3415 1799 1272 
f 2776 1272 1799 
f 1760 3525 1626 
f 3839 1626 3525 
f 3662 3088 1571 
f 372 2255 1716 
f 3440 1373 3526 
f 292 3527 2497 
f 3681 2740 2260 
f 3098 1115 533 
f 781 533 1115 
f 80 2682 847 
f 2957 3528 3258 
f 1083 2650 3493 
f 2583 3312 3529 
f 795 3529 3312 
f 3858 40 3531 
f 1299 3532 3037 
f 1972 3037 3532 
f 2868 1215 3533 
f 2510 3533 1215 
f 2090 2598 2822 
f 1932 1232 971 
f 3486 1786 3181 
f 2300 1047 1632 
f 2287 1169 2715 
f 563 952 3534 
f 815 1605 312 
f 1020 494 3029 
f 2035 3535 1028 
f 2132 1028 3535 
f 3134 354 3536 
f 1296 292 3537 
f 2942 120 707 
f 657 2653 69 
f 3820 69 2653 
f 3543 2523 2605 
f 3333 603 153 
f 3105 2959 3538 
f 1861 3538 2959 
f 1281 1468 3539 
f 1385 3539 1468 
f 3063 2184 3540 
f 3178 1419 1730 
f 1291 1346 2971 
f 752 3542 54 
f 3626 54 3542 
f 931 958 1019 
f 3608 57 2395 
f 153 218 3333 
f 3001 2403 3544 
f 1841 3545 313 
f 2238 313 3545 
f 3317 3206 2678 
f 3763 1752 18 
f 3541 3301 797 
f 1328 797 3301 
f 1122 1513 2024 
f 3295 2024 1513 
f 3866 74 3546 
f 794 3547 2170 
f 608 2170 3547 
f 3354 714 3283 
f 3539 3235 1281 
f 3970 171 3548 
f 352 3548 171 
f 2033 1181 1577 
f 3506 3293 3549 
f 3960 3549 3293 
f 3811 3550 3418 
f 3231 3418 3550 
f 2017 1965 3551 
f 3889 669 3552 
f 1933 819 2695 
f 2930 3398 11 
f 2795 2923 357 
f 2235 3340 3469 
f 2260 3469 3340 
f 1836 2280 1787 
f 1853 3241 2531 
f 3695 3005 243 
f 3570 1888 2606 
f 2507 1766 3553 
f 2649 3555 3554 
f 1045 3554 3555 
f 1745 3474 977 
f 3863 977 3474 
f 830 1458 83 
f 3826 3423 3556 
f 3149 3556 3423 
f 3264 3557 930 
f 2488 930 3557 
f 15 3414 3409 
f 3343 3409 3414 
f 2719 1296 3537 
f 2707 3558 886 
f 1040 886 3558 
f 1449 3204 2854 
f 844 2854 3204 
f 1053 1505 33 
f 3623 3010 3559 
f 1977 3559 3010 
f 647 2671 2746 
f 3968 2746 2671 
f 3736 2270 2446 
f 297 3280 2070 
f 2842 3082 1693 
f 2471 229 3478 
f 1085 3478 229 
f 201 1063 1853 
f 1620 3272 2831 
f 3062 1852 3560 
f 3592 619 949 
f 2385 2567 2143 
f 3409 3343 693 
f 3738 927 2976 
f 3660 1264 2757 
f 2997 3561 2783 
f 3582 2783 3561 
f 2787 200 1063 
f 3656 3071 3140 
f 3938 270 825 
f 2967 3563 2885 
f 98 708 3254 
f 2572 3564 884 
f 3437 1153 144 
f 320 3375 3399 
f 3772 2402 3346 
f 486 3348 3495 
f 1386 3495 3348 
f 1204 2015 3565 
f 1469 3114 1187 
f 1166 427 645 
f 261 1212 3566 
f 3545 3046 1846 
f 2074 658 2436 
f 70 2436 658 
f 2520 2612 3435 
f 764 3435 2612 
f 3880 3568 3567 
f 2980 3567 3568 
f 336 3569 3356 
f 1635 1888 3570 
f 831 1783 697 
f 647 1683 3510 
f 2520 3572 3571 
f 247 3571 3572 
f 1330 3564 2572 
f 2896 3210 1950 
f 3565 1950 3210 
f 2861 3533 409 
f 1620 1958 1822 
f 3932 3574 3573 
f 1457 3573 3574 
f 3999 979 3575 
f 2732 3575 979 
f 699 1913 3360 
f 1041 2323 3290 
f 3458 1591 511 
f 2880 511 1591 
f 3485 2106 1785 
f 315 1709 3519 
f 3080 3519 1709 
f 3164 2901 2799 
f 608 3112 1348 
f 1338 272 2648 
f 2428 464 2610 
f 2470 2029 577 
f 3772 2307 401 
f 3209 3553 1767 
f 2555 1853 2531 
f 3919 1270 1056 
f 3106 3576 3328 
f 2483 3577 231 
f 337 198 2018 
f 273 1782 2284 
f 2003 1249 338 
f 3479 2780 3578 
f 3358 3578 2780 
f 136 913 733 
f 1954 3305 3579 
f 723 3579 3305 
f 1812 768 2342 
f 3710 2999 1108 
f 3930 1108 2999 
f 987 3580 3278 
f 33 3555 1053 
f 794 1939 747 
f 3674 747 1939 
f 3643 509 3581 
f 93 3581 509 
f 1076 378 1432 
f 2935 3201 2117 
f 2534 2117 3201 
f 3653 1410 3583 
f 654 3583 1410 
f 2203 2224 1508 
f 3911 1273 2286 
f 1986 2286 1273 
f 3384 1768 3584 
f 1585 3586 3585 
f 155 3585 3586 
f 1975 1295 3587 
f 3420 16 1864 
f 1548 3588 3143 
f 3915 3059 1215 
f 3187 3577 3133 
f 3786 3133 3577 
f 3685 3589 762 
f 432 762 3589 
f 3800 3387 908 
f 832 908 3387 
f 3641 3590 9 
f 1651 3591 1398 
f 2335 1398 3591 
f 1694 3592 949 
f 3125 1406 2438 
f 3736 1260 2270 
f 94 3593 2908 
f 2724 2908 3593 
f 3892 2128 3405 
f 3569 3405 2128 
f 1499 3594 1497 
f 1194 2928 2370 
f 3292 2370 2928 
f 3702 2555 1634 
f 2531 1634 2555 
f 3629 1607 249 
f 2850 249 1607 
f 3221 1750 2626 
f 3599 2626 1750 
f 2172 3028 2671 
f 869 2817 530 
f 3784 155 2120 
f 1723 1681 1219 
f 3221 1219 1681 
f 384 1650 2670 
f 3157 3320 3595 
f 3263 3595 3320 
f 3722 2524 3596 
f 190 3596 2524 
f 520 3128 3597 
f 1084 3597 3128 
f 1255 2593 3598 
f 2213 3598 2593 
f 2626 3599 2239 
f 2473 2239 3599 
f 2335 1575 1871 
f 563 3534 39 
f 479 2929 3496 
f 2398 3162 3387 
f 928 3115 1089 
f 843 712 3600 
f 3822 3600 712 
f 210 2735 3601 
f 1957 3601 2735 
f 3531 3375 1668 
f 3559 3536 2974 
f 2394 2697 1292 
f 2231 757 2377 
f 2292 3371 2178 
f 1135 2178 3371 
f 792 64 2011 
f 312 1368 1522 
f 2477 3285 3385 
f 3095 1243 550 
f 2234 1014 1074 
f 235 1631 3282 
f 1541 3282 1631 
f 3022 3602 2185 
f 2413 2185 3602 
f 3910 2315 175 
f 1351 760 2079 
f 1495 2106 3485 
f 645 1210 1081 
f 2613 3603 1768 
f 3468 2371 358 
f 2162 813 408 
f 3721 1297 365 
f 2130 1980 391 
f 1697 3308 1631 
f 242 2254 1491 
f 2403 534 3273 
f 3677 3068 3476 
f 2206 2300 1632 
f 2487 13 3605 
f 1851 3606 295 
f 3526 2530 1912 
f 1032 167 3607 
f 2395 3200 3608 
f 3599 652 2474 
f 1066 3086 130 
f 1525 2049 548 
f 3467 548 2049 
f 1185 2745 2792 
f 3190 2142 3169 
f 1195 3535 2035 
f 1699 43 3609 
f 1508 2223 3610 
f 3925 3610 2223 
f 3174 673 3536 
f 3861 2431 3502 
f 1883 3300 1203 
f 3844 1203 3300 
f 3349 2492 2665 
f 1486 2665 2492 
f 3944 1413 3611 
f 2764 3611 1413 
f 1104 3344 1907 
f 2699 340 3184 
f 3671 2803 380 
f 3623 3022 3010 
f 1238 1001 1462 
f 36 3612 2569 
f 997 2569 3612 
f 1796 706 3613 
f 1789 3613 706 
f 2058 2713 2931 
f 1737 2988 266 
f 413 2965 2156 
f 782 547 2309 
f 3175 3533 2861 
f 3018 1893 3615 
f 655 3615 1893 
f 3603 246 273 
f 2496 916 1468 
f 2101 835 3616 
f 2449 1910 3044 
f 1522 2190 3617 
f 3707 3586 1585 
f 695 344 960 
f 161 3513 1341 
f 1482 1596 2621 
f 3625 260 3039 
f 3124 3618 2943 
f 995 3620 514 
f 3165 3622 3048 
f 1103 3022 3623 
f 3039 398 3625 
f 3134 3536 3559 
f 2041 3189 1125 
f 824 269 284 
f 1678 3548 2927 
f 634 1521 1412 
f 428 1412 1521 
f 2434 2644 1752 
f 980 1752 2644 
f 37 3626 3542 
f 3526 1996 1920 
f 2662 1548 3143 
f 750 1766 2506 
f 3466 3627 1300 
f 239 1798 1 
f 3110 2859 1938 
f 3913 2851 1929 
f 1772 1929 2851 
f 2206 1528 3436 
f 1142 3436 1528 
f 3300 3541 1763 
f 2485 677 303 
f 3675 1982 3628 
f 1236 3628 1982 
f 1471 2376 2109 
f 3320 3407 3263 
f 3635 211 387 
f 643 387 211 
f 2798 2476 3630 
f 1124 3086 1066 
f 346 3629 248 
f 2996 3631 2202 
f 1205 596 2595 
f 3394 3632 2700 
f 3183 2700 3632 
f 641 3633 290 
f 1252 3634 2104 
f 1105 487 2592 
f 2129 2592 487 
f 3776 2219 1343 
f 3561 1343 2219 
f 3257 3529 746 
f 195 98 3254 
f 157 3600 1241 
f 3822 1241 3600 
f 2531 1923 1634 
f 545 3243 782 
f 3459 2613 1768 
f 1141 3636 3226 
f 3118 322 3453 
f 3794 481 3033 
f 720 3557 310 
f 3264 310 3557 
f 322 3637 887 
f 2695 2146 1933 
f 523 2188 3025 
f 1400 1469 1860 
f 29 1860 1469 
f 2784 520 904 
f 1500 395 2566 
f 224 1536 1485 
f 3645 3269 561 
f 1568 675 3032 
f 3610 300 3639 
f 2020 1065 3635 
f 1186 3114 1776 
f 379 1420 3640 
f 251 1712 1353 
f 1653 1818 737 
f 3590 3641 2458 
f 2445 2458 3641 
f 3100 3313 3642 
f 3509 998 3643 
f 3146 3118 3452 
f 3790 3272 1822 
f 1620 1822 3272 
f 3269 3645 3644 
f 1925 3644 3645 
f 3078 2272 1246 
f 1466 2560 3646 
f 624 2178 2843 
f 287 2843 2178 
f 948 1588 2777 
f 139 2777 1588 
f 3713 3238 3647 
f 2684 346 248 
f 2089 3287 3427 
f 1687 3649 3648 
f 3916 3648 3649 
f 3481 3154 2911 
f 3971 1394 916 
f 3752 2274 1502 
f 2969 3651 2884 
f 2279 65 1413 
f 2764 1413 65 
f 485 451 1404 
f 3941 2365 2834 
f 3718 228 3652 
f 3691 3652 228 
f 485 3653 448 
f 3956 448 3653 
f 3214 2891 2755 
f 3198 2755 2891 
f 3714 3303 1790 
f 2533 3654 1480 
f 2262 1331 756 
f 2808 3471 3655 
f 196 3655 3471 
f 1594 3656 3139 
f 320 3399 495 
f 930 3218 2926 
f 3160 2926 3218 
f 192 2471 3477 
f 1920 3657 3440 
f 3259 2092 3658 
f 2636 3097 1515 
f 1767 2729 116 
f 932 2042 1358 
f 1030 243 183 
f 2411 3659 3443 
f 8 3443 3659 
f 3466 1300 3462 
f 3281 3462 1300 
f 3507 681 1096 
f 3353 3089 2153 
f 3550 2505 3231 
f 2683 3231 2505 
f 644 989 1700 
f 1536 224 826 
f 3366 1409 3107 
f 296 2973 3661 
f 958 931 1592 
f 3040 3663 2993 
f 4000 70 3612 
f 264 3612 70 
f 3745 1705 1400 
f 3447 2448 814 
f 1376 632 2718 
f 1093 822 2809 
f 3273 3401 82 
f 3271 3664 3647 
f 3713 3647 3664 
f 1310 3665 1978 
f 3996 1978 3665 
f 99 2302 225 
f 3827 743 342 
f 1119 342 743 
f 517 3666 1579 
f 3020 1579 3666 
f 2539 1104 1907 
f 3715 1814 3668 
f 1545 3668 1814 
f 1950 78 2896 
f 247 3499 1782 
f 3835 2814 1540 
f 2281 837 1992 
f 3144 1992 837 
f 1254 2006 367 
f 216 1336 3259 
f 3906 3259 1336 
f 3866 3667 74 
f 3615 655 3669 
f 1873 3579 3670 
f 722 3670 3579 
f 1931 3123 729 
f 731 1335 3636 
f 3969 951 3411 
f 230 3597 2819 
f 3946 2710 1917 
f 3967 3357 553 
f 3734 1474 3672 
f 82 3672 1474 
f 149 2830 578 
f 2907 3631 2154 
f 2730 2154 3631 
f 2331 2767 2433 
f 3915 122 3059 
f 3240 570 1838 
f 207 2542 396 
f 2608 642 633 
f 3578 3412 3395 
f 1374 145 2071 
f 2878 3505 2999 
f 3863 3474 2821 
f 3959 3054 3439 
f 2386 3439 3054 
f 786 1696 2666 
f 3898 967 3416 
f 1939 854 3674 
f 2430 3674 854 
f 2736 3076 1829 
f 2561 1116 3675 
f 3961 3675 1116 
f 2963 549 3676 
f 3302 3004 4 
f 1755 4 3004 
f 3847 1701 2679 
f 3068 3677 2012 
f 3187 3133 3359 
f 3740 733 912 
f 3942 2148 2047 
f 569 2879 367 
f 3088 3662 2580 
f 1779 2580 3662 
f 3882 2089 1217 
f 3773 3587 2303 
f 1133 2153 2304 
f 379 3640 2937 
f 374 3679 3027 
f 2883 3554 1045 
f 3696 2723 1325 
f 2258 562 3246 
f 3188 993 1125 
f 129 3317 2678 
f 3137 2147 165 
f 2998 765 2217 
f 63 2591 2011 
f 3960 3339 3680 
f 1321 3680 3339 
f 1208 689 3219 
f 2537 3219 689 
f 2683 2505 3488 
f 3638 2282 1498 
f 2283 2563 3119 
f 2317 3119 2563 
f 457 2100 592 
f 3605 1628 2487 
f 3314 2134 3682 
f 1095 3682 2134 
f 2447 860 2579 
f 3551 1964 1087 
f 2192 2838 1224 
f 3775 1224 2838 
f 2991 3084 1800 
f 2776 1800 3084 
f 2954 2932 894 
f 2852 894 2932 
f 3268 3190 3169 
f 3009 2185 104 
f 3889 1770 2467 
f 1754 3589 3685 
f 3342 2625 3154 
f 2295 1232 370 
f 3782 2095 3621 
f 1450 3621 2095 
f 1730 3132 3178 
f 682 3178 3132 
f 2215 2278 2354 
f 1523 1762 2975 
f 272 1071 2649 
f 2138 2889 2984 
f 3377 2984 2889 
f 3291 2228 2043 
f 3519 331 315 
f 3855 3293 3431 
f 1660 3687 3686 
f 1819 3686 3687 
f 3871 1492 1106 
f 91 889 561 
f 2008 561 889 
f 3148 3379 2699 
f 3552 670 551 
f 1506 498 1994 
f 1009 1632 3688 
f 688 761 2536 
f 2953 620 1589 
f 1987 1444 1947 
f 3228 3689 2973 
f 2609 545 782 
f 185 2443 77 
f 1718 2014 2463 
f 2248 3390 2720 
f 735 2718 3512 
f 67 531 26 
f 1333 429 2316 
f 245 1821 1071 
f 3575 2731 3690 
f 2979 3690 2731 
f 2452 1347 1417 
f 1999 2987 2711 
f 1937 2437 1574 
f 219 1839 1330 
f 3471 3532 1299 
f 1564 2710 2987 
f 3333 3691 603 
f 2421 510 178 
f 2903 570 2041 
f 3189 2041 570 
f 3461 2081 3692 
f 3419 3692 2081 
f 2693 3267 776 
f 1088 1941 3511 
f 3984 3247 2221 
f 3964 2221 3247 
f 2235 3468 357 
f 1258 165 1667 
f 2623 2723 3696 
f 3144 3697 1992 
f 2075 2088 1603 
f 2349 762 2208 
f 432 2208 762 
f 3962 2412 3698 
f 98 3376 3699 
f 629 3699 3376 
f 648 2172 2671 
f 2567 411 3075 
f 2308 704 3700 
f 3956 3701 2082 
f 1893 3702 3117 
f 471 3117 3702 
f 1538 112 1471 
f 3738 143 1350 
f 1572 3704 3703 
f 1672 3703 3704 
f 2205 1202 475 
f 3783 475 1202 
f 3353 3705 3089 
f 3671 3089 3705 
f 3143 1184 968 
f 3167 1980 2131 
f 2697 3706 1145 
f 2119 3586 3707 
f 637 3708 124 
f 1058 124 3708 
f 3957 220 1216 
f 2734 282 1957 
f 3241 2769 3703 
f 90 3347 2402 
f 26 3709 1120 
f 3692 3419 625 
f 2758 2878 3710 
f 2999 3710 2878 
f 1574 57 3633 
f 3608 3633 57 
f 3789 2320 1642 
f 3030 3149 1971 
f 3167 2131 2059 
f 1075 1431 1207 
f 3394 1207 1431 
f 1920 3440 3526 
f 2451 2166 3711 
f 115 3180 1795 
f 1820 301 572 
f 3941 2833 1914 
f 368 1914 2833 
f 705 3712 2019 
f 338 2019 3712 
f 137 3303 3714 
f 3984 1483 3715 
f 2668 3295 1293 
f 3808 436 1313 
f 3051 3716 445 
f 579 2007 3717 
f 1736 245 2840 
f 148 3717 1641 
f 1030 3695 243 
f 1047 2506 1633 
f 3412 3578 3358 
f 489 1107 2738 
f 3484 2542 2635 
f 3982 1981 3718 
f 99 3718 1981 
f 2587 2540 2904 
f 2294 2904 2540 
f 3653 3583 3719 
f 3998 3719 3583 
f 2350 3720 763 
f 1393 824 284 
f 990 1354 1712 
f 1936 2327 1903 
f 2369 2595 1494 
f 352 3723 3722 
f 2524 3722 3723 
f 1000 1825 2337 
f 1581 3381 1677 
f 3828 1927 3724 
f 1788 1991 627 
f 1206 3434 3441 
f 1503 3726 3725 
f 3090 3725 3726 
f 2547 2233 3727 
f 3864 3727 2233 
f 2469 1902 525 
f 3372 961 1446 
f 3375 320 3522 
f 818 2537 2696 
f 1061 2226 3728 
f 665 3728 2226 
f 604 178 2686 
f 3826 3556 2586 
f 1530 3729 3023 
f 1973 3023 3729 
f 800 3730 1253 
f 2005 1253 3730 
f 2412 1952 3002 
f 1817 3002 1952 
f 3879 3370 2715 
f 2287 2715 3370 
f 3830 2418 1889 
f 3872 3137 2634 
f 3749 2634 3137 
f 2443 185 3731 
f 2691 1805 3361 
f 3401 3490 830 
f 2944 3724 2396 
f 3932 3573 3732 
f 1655 3732 3573 
f 660 3671 3705 
f 993 3188 2164 
f 542 3733 204 
f 10 204 3733 
f 276 2851 3734 
f 3910 3735 2315 
f 3584 861 1147 
f 297 3170 3212 
f 2835 3712 976 
f 705 976 3712 
f 42 1650 385 
f 3691 228 3517 
f 1260 3736 1868 
f 2979 2332 3737 
f 3316 3702 1893 
f 1350 3739 3738 
f 927 3738 3739 
f 1365 700 307 
f 1640 601 3367 
f 2603 3634 635 
f 3987 1989 436 
f 1663 2459 3429 
f 732 3740 2825 
f 3798 179 1315 
f 1691 911 744 
f 2964 709 3741 
f 2392 1122 2024 
f 2293 3742 3091 
f 895 2447 817 
f 2579 817 2447 
f 564 1798 2374 
f 3766 3743 1666 
f 1827 3108 168 
f 37 3699 3744 
f 628 3744 3699 
f 3741 674 1903 
f 3775 2838 1857 
f 1554 1857 2838 
f 1860 3745 1400 
f 1436 1898 2752 
f 1627 2752 1898 
f 3380 3747 3746 
f 671 3746 3747 
f 3296 3038 3185 
f 1017 3185 3038 
f 1243 2271 3748 
f 3670 1475 2053 
f 1257 2804 3749 
f 2634 3749 2804 
f 2903 2041 3750 
f 413 3312 2583 
f 1570 2113 3194 
f 3725 3090 3742 
f 3912 3752 2046 
f 3781 906 3021 
f 3374 2751 3151 
f 923 3151 2751 
f 3421 3716 3051 
f 2498 2503 3424 
f 1322 3201 3754 
f 2935 3754 3201 
f 503 3277 1312 
f 1586 2544 3447 
f 1139 3504 27 
f 2416 27 3504 
f 2132 1678 3381 
f 3661 477 2747 
f 3284 1307 339 
f 3172 3755 2663 
f 519 2663 3755 
f 3294 3506 1439 
f 3988 1859 2130 
f 3547 794 3562 
f 3508 2739 2371 
f 2628 3496 2733 
f 121 2867 2554 
f 3096 3756 1449 
f 3204 1449 3756 
f 3692 2727 3461 
f 3664 3757 3713 
f 1434 3713 3757 
f 3759 3386 3020 
f 3355 3020 3386 
f 3229 423 914 
f 2602 3034 481 
f 3992 3539 2453 
f 1534 1707 1670 
f 2762 1015 813 
f 1270 813 1015 
f 104 2677 3009 
f 437 3335 152 
f 1732 2607 2576 
f 3008 3629 346 
f 3163 2758 1264 
f 2708 3759 3020 
f 2783 3758 2997 
f 2275 289 3608 
f 3633 3608 289 
f 3622 2900 1320 
f 1144 1882 3120 
f 1689 2597 2813 
f 3645 562 2258 
f 1515 3484 2636 
f 2845 3091 879 
f 2489 260 3625 
f 271 1190 180 
f 2566 394 411 
f 3345 66 3492 
f 991 455 2539 
f 1905 2925 758 
f 3842 3601 1957 
f 3168 2957 3213 
f 1587 3447 814 
f 617 1529 3760 
f 3812 67 805 
f 3560 2709 3062 
f 1984 1191 3733 
f 160 1057 3055 
f 1251 1819 3687 
f 3986 258 3761 
f 2362 3761 258 
f 3481 1647 3330 
f 3630 3515 3323 
f 2787 2934 200 
f 2445 414 1183 
f 1357 1183 414 
f 3823 3696 1303 
f 1325 1303 3696 
f 756 1774 2262 
f 3840 2104 3516 
f 1560 3516 2104 
f 1848 2679 3206 
f 2913 3751 1257 
f 2805 1257 3751 
f 769 1223 597 
f 3972 3643 3581 
f 2 1228 938 
f 2534 2596 3322 
f 2760 3404 2834 
f 2961 2834 3404 
f 2863 1951 574 
f 2793 574 1951 
f 2710 1564 1916 
f 3862 3556 3149 
f 623 3248 1615 
f 1945 2614 3175 
f 2434 1752 3763 
f 3504 3764 2416 
f 1363 961 3372 
f 621 3724 2944 
f 3081 2257 2945 
f 3711 2945 2257 
f 3394 214 3632 
f 1128 3067 2291 
f 2355 2291 3067 
f 1422 2348 778 
f 2722 2744 2748 
f 875 2748 2744 
f 659 2303 1294 
f 3663 3768 3767 
f 2307 3767 3768 
f 3456 1473 3743 
f 3978 2207 2249 
f 259 3557 720 
f 2561 3675 3351 
f 3628 3351 3675 
f 1142 1528 731 
f 678 731 1528 
f 640 3123 717 
f 838 2281 842 
f 2119 3707 970 
f 2800 1921 2824 
f 3695 1073 3769 
f 3701 3035 3523 
f 3694 3523 3035 
f 3891 14 1511 
f 299 490 3770 
f 1112 3660 107 
f 3291 3771 3253 
f 3934 1062 135 
f 1365 79 700 
f 350 725 41 
f 3767 3772 3346 
f 2170 2675 1388 
f 3245 1004 535 
f 216 3773 3225 
f 3933 3669 3774 
f 3400 3774 3669 
f 510 556 93 
f 508 1502 2877 
f 3353 2153 1133 
f 1223 3775 2211 
f 2983 2211 3775 
f 2690 2220 3776 
f 933 3707 1584 
f 1758 2737 2057 
f 1813 3715 1484 
f 499 3244 1875 
f 546 1875 3244 
f 2487 1049 516 
f 786 3778 1573 
f 1003 1573 3778 
f 2352 991 3779 
f 3182 306 3780 
f 2318 30 2768 
f 2782 2768 30 
f 3129 1830 3076 
f 2137 3672 3648 
f 82 3648 3672 
f 3492 406 3345 
f 2849 3747 2873 
f 3753 3428 3287 
f 2001 585 3220 
f 1209 3220 585 
f 1399 2311 3071 
f 3545 1841 3046 
f 371 3454 1558 
f 3540 3326 2528 
f 4000 2436 70 
f 3844 3783 1202 
f 2200 2676 2792 
f 3428 2772 2339 
f 3877 210 3601 
f 2225 334 3679 
f 55 2960 3250 
f 2664 2509 1600 
f 3364 2950 3785 
f 3876 671 2812 
f 3127 2443 3731 
f 3645 2258 1925 
f 3586 2119 155 
f 3854 2810 1347 
f 2063 3788 1911 
f 3802 1911 3788 
f 2859 3362 3789 
f 3077 494 1020 
f 2737 724 349 
f 3489 3631 2996 
f 3712 2835 2003 
f 851 1318 1879 
f 130 3272 3790 
f 3837 2444 1490 
f 2990 1986 3383 
f 1862 2991 2894 
f 3748 3676 1243 
f 1985 3791 2136 
f 3562 3112 3547 
f 608 3547 3112 
f 1717 2841 2793 
f 1886 1557 544 
f 2907 2154 3524 
f 55 3793 1562 
f 864 1072 2650 
f 1427 1170 139 
f 3955 3017 3794 
f 3750 3252 2903 
f 3771 2903 3252 
f 1796 3613 3795 
f 1674 3795 3613 
f 3990 3019 482 
f 3666 482 3019 
f 3247 3668 1544 
f 666 2226 375 
f 1195 2035 2259 
f 3274 193 2620 
f 2939 3796 1262 
f 3406 1262 3796 
f 3827 3530 3797 
f 2118 3797 3530 
f 1792 1883 2646 
f 1203 2646 1883 
f 3679 374 2225 
f 3709 25 1371 
f 2760 2366 3230 
f 1039 2168 3094 
f 98 195 3376 
f 920 568 2186 
f 2222 1470 2687 
f 891 2687 1470 
f 2583 2965 413 
f 660 3705 3352 
f 2774 2308 3700 
f 3661 2747 3170 
f 2778 3798 1315 
f 3991 3035 3701 
f 2963 1673 2306 
f 3948 2306 1673 
f 2316 511 2879 
f 3604 2248 2720 
f 140 1169 2286 
f 3457 2122 851 
f 3466 1068 3627 
f 504 2906 3277 
f 171 2667 353 
f 471 3173 1831 
f 1751 980 1101 
f 3706 2697 2394 
f 3800 92 3387 
f 3791 1984 3733 
f 3148 2699 3184 
f 680 3741 1904 
f 3883 2604 1007 
f 22 3501 3801 
f 2937 3801 3501 
f 441 2658 1565 
f 3006 1565 2658 
f 3944 190 2524 
f 3895 3802 3155 
f 3788 3155 3802 
f 181 3803 1275 
f 3269 3644 3347 
f 1613 3347 3644 
f 3271 3237 3804 
f 2994 3804 3237 
f 1473 3450 1051 
f 2899 3057 1676 
f 2116 1138 3053 
f 86 2631 132 
f 417 1513 1122 
f 2020 3805 1065 
f 3292 2928 3807 
f 1845 453 1382 
f 1655 3573 1457 
f 3041 1178 3809 
f 1487 1874 3183 
f 2270 2603 635 
f 1103 3623 2974 
f 3559 2974 3623 
f 3899 224 1485 
f 1539 1483 1735 
f 1907 2914 2539 
f 2501 2623 2912 
f 3696 2912 2623 
f 2093 262 2618 
f 102 1887 1524 
f 3646 328 558 
f 3006 1810 1171 
f 2504 3550 3811 
f 148 1641 3315 
f 3967 2088 2075 
f 3016 3442 536 
f 49 1786 2529 
f 1620 43 1958 
f 1337 2319 950 
f 3622 1320 154 
f 2644 2771 2606 
f 83 3401 830 
f 3950 3145 3452 
f 304 2538 3069 
f 3418 3256 3811 
f 3528 2957 3168 
f 3983 3812 1517 
f 3912 2642 626 
f 160 1068 1056 
f 3919 1056 1068 
f 3526 1912 1996 
f 3259 3658 216 
f 3718 3652 1352 
f 2401 1987 2454 
f 3182 1874 306 
f 682 2166 3179 
f 2495 3179 2166 
f 3971 965 1394 
f 2073 488 3211 
f 3131 1655 308 
f 3852 2068 2427 
f 2592 2427 2068 
f 969 3758 3813 
f 452 3813 3758 
f 3099 533 2197 
f 810 3814 1612 
f 3714 1612 3814 
f 1838 1031 3607 
f 2867 3815 2705 
f 3671 3524 3089 
f 1960 3817 3816 
f 1310 3816 3817 
f 3033 3818 2209 
f 150 2008 3236 
f 889 3236 2008 
f 946 3819 2629 
f 2325 2060 2297 
f 254 3024 1396 
f 560 3820 3528 
f 3266 3528 3820 
f 3317 129 3821 
f 2431 3821 129 
f 1403 2148 2877 
f 508 2877 2148 
f 3992 3193 3539 
f 3235 3539 3193 
f 3621 1450 2853 
f 2094 3823 86 
f 3205 3810 2119 
f 3928 2448 3446 
f 35 2347 914 
f 2558 914 2347 
f 2960 2353 1861 
f 2798 3630 867 
f 940 882 3825 
f 2639 3423 3826 
f 1305 3260 3673 
f 3429 3673 3260 
f 409 60 2861 
f 372 3095 3208 
f 1379 609 3828 
f 2926 3264 930 
f 512 1438 156 
f 3726 156 1438 
f 862 2986 679 
f 2263 679 2986 
f 1287 3331 2680 
f 1226 1596 3829 
f 3399 40 3534 
f 694 429 1334 
f 2704 3450 3014 
f 201 2787 1063 
f 1955 3093 279 
f 3963 3592 1694 
f 979 2721 905 
f 1496 3070 467 
f 3939 3021 2464 
f 3884 506 3830 
f 2406 1816 404 
f 1705 3238 3713 
f 3230 3832 3831 
f 2210 3831 3832 
f 2206 3451 1528 
f 1443 599 1038 
f 2791 60 409 
f 3465 3419 3694 
f 895 3833 3499 
f 2343 3499 3833 
f 402 3284 339 
f 2257 2451 3711 
f 3393 3681 921 
f 3977 921 3681 
f 3162 874 2321 
f 3217 649 2317 
f 3119 2317 649 
f 3745 1860 3834 
f 2062 565 1491 
f 3458 3563 959 
f 3815 1706 1533 
f 2567 3075 2144 
f 328 2144 3075 
f 1578 13 2487 
f 3900 984 84 
f 3855 2564 3135 
f 982 3135 2564 
f 1035 157 1241 
f 3930 2875 1683 
f 2457 1747 3835 
f 3935 3836 1777 
f 3994 61 668 
f 3875 3683 698 
f 3038 1637 2584 
f 2097 2584 1637 
f 2545 3837 1490 
f 3888 1226 3829 
f 2668 3285 3838 
f 3979 2761 1311 
f 3544 1746 617 
f 3996 3665 629 
f 1030 183 3616 
f 1944 2836 3072 
f 1298 196 3470 
f 758 3207 3181 
f 2919 3181 3207 
f 2962 1626 3839 
f 3232 237 3522 
f 1989 3027 2314 
f 1765 2007 579 
f 933 1897 3079 
f 2305 2581 1005 
f 3258 1780 3444 
f 2985 3444 1780 
f 3932 3732 1051 
f 1811 2509 774 
f 3963 618 3592 
f 1694 3475 2934 
f 2471 192 3422 
f 3232 797 1328 
f 3907 3757 3664 
f 3047 2965 2583 
f 3517 225 3840 
f 732 3841 2785 
f 3877 3842 2156 
f 413 2156 3842 
f 1133 2423 3353 
f 3729 1530 3514 
f 500 3514 1530 
f 2809 3843 3765 
f 341 3765 3843 
f 3995 2341 3397 
f 3908 3397 2341 
f 1763 3844 3300 
f 2474 735 3512 
f 3313 3100 2917 
f 2816 1951 2863 
f 2218 3816 3845 
f 1309 3845 3816 
f 3890 1815 703 
f 3762 1045 3555 
f 3746 3251 646 
f 3365 3809 3147 
f 3079 3846 34 
f 3940 1841 313 
f 2797 164 2995 
f 852 3159 2267 
f 1917 1302 2037 
f 2807 1219 3221 
f 2690 84 1931 
f 1334 919 809 
f 1904 2328 680 
f 1037 529 1602 
f 2373 3363 3186 
f 2204 3186 3363 
f 666 719 2562 
f 1855 3121 3847 
f 1701 3847 3121 
f 3821 2871 3433 
f 945 3433 2871 
f 2724 2638 1326 
f 3826 1326 2638 
f 3482 3444 2985 
f 2434 3255 2771 
f 3585 3848 1585 
f 3571 246 3603 
f 1531 3006 2658 
f 3391 3358 2780 
f 2759 2874 602 
f 208 1323 3576 
f 2818 1136 693 
f 2356 1688 3058 
f 2611 193 2763 
f 3767 2307 3772 
f 3417 3015 1675 
f 3866 3546 2829 
f 3977 1283 2069 
f 3450 1473 3456 
f 2694 2642 3849 
f 3912 3849 2642 
f 3414 3689 3343 
f 3934 135 2785 
f 732 2785 135 
f 3441 524 941 
f 2624 94 2908 
f 341 3843 3827 
f 3910 3827 3843 
f 841 3525 114 
f 507 3849 2046 
f 3912 2046 3849 
f 2668 3838 353 
f 1393 3850 1590 
f 167 1032 624 
f 1692 2441 1463 
f 2352 455 991 
f 3167 2059 2855 
f 2061 3851 241 
f 222 2068 3852 
f 3697 2365 3853 
f 3941 3853 2365 
f 2303 659 3226 
f 1141 3226 659 
f 2755 2547 3214 
f 3555 33 3762 
f 2452 3854 1347 
f 2385 2143 3594 
f 3952 3657 2622 
f 1844 3126 331 
f 3956 3719 3701 
f 3991 3701 3719 
f 3903 3304 2535 
f 3538 1862 3281 
f 559 3721 1742 
f 637 124 2916 
f 3698 1189 2050 
f 3508 2371 3468 
f 1375 1621 2881 
f 2297 1044 2325 
f 1930 1995 605 
f 2286 1986 1025 
f 423 2462 3297 
f 220 3297 2462 
f 3914 484 878 
f 2244 1847 2064 
f 3904 2064 1847 
f 3900 1016 3139 
f 3431 2564 3855 
f 2468 2901 3164 
f 2049 1189 3467 
f 2213 3525 3598 
f 841 3598 3525 
f 3354 547 783 
f 2141 3857 3396 
f 3125 3396 3857 
f 900 3289 3172 
f 1708 690 3841 
f 3883 1840 3127 
f 2443 3127 1840 
f 3161 3 1526 
f 3869 1623 2749 
f 3988 3580 988 
f 3721 1740 1297 
f 3922 3844 1763 
f 609 1379 2675 
f 1350 2675 1379 
f 3542 2171 38 
f 1480 3859 1415 
f 2790 2955 2703 
f 1758 724 2737 
f 303 3805 2021 
f 1787 2186 2870 
f 2641 3861 3502 
f 3843 2809 3735 
f 3242 3556 3862 
f 968 858 3143 
f 3880 3567 2731 
f 2979 2731 3567 
f 3984 3668 3247 
f 3693 3863 2821 
f 659 1391 2803 
f 3373 2803 1391 
f 3804 3845 1309 
f 1234 212 683 
f 355 1728 1600 
f 970 2163 3865 
f 2906 2919 3207 
f 1168 2125 3455 
f 2333 1751 1101 
f 1550 3686 2241 
f 3309 2241 3686 
f 3355 13 1579 
f 3400 3867 2798 
f 901 2798 3867 
f 1662 3498 3868 
f 1029 3869 387 
f 1547 2852 2932 
f 3717 148 579 
f 2540 2513 50 
f 567 755 348 
f 2478 844 1936 
f 3652 3691 3333 
f 1978 3870 3757 
f 3935 3757 3870 
f 1838 2514 1031 
f 2728 1031 2514 
f 1660 1789 3799 
f 1962 3309 3497 
f 2864 1159 77 
f 2644 2434 2771 
f 3202 3392 3859 
f 2149 3859 3392 
f 3966 1079 97 
f 2654 3872 3266 
f 3883 3127 2604 
f 1236 3448 3628 
f 3993 2582 3873 
f 2062 2169 2199 
f 149 207 396 
f 2409 3521 1017 
f 3400 3669 656 
f 3013 2193 2442 
f 2439 3812 458 
f 3931 2192 1094 
f 1206 2700 3182 
f 894 3852 2427 
f 1285 1728 355 
f 1969 2473 3874 
f 441 1175 2658 
f 1610 2356 3058 
f 1985 2136 870 
f 1302 1916 1993 
f 44 613 3609 
f 3502 587 1266 
f 1316 3769 2298 
f 2009 3848 1719 
f 1416 2533 1480 
f 1784 2321 3875 
f 3746 3876 1488 
f 1629 3258 3444 
f 1789 1549 3613 
f 1674 3613 1549 
f 3997 2340 3279 
f 1850 3878 2686 
f 1998 2425 2598 
f 2161 640 465 
f 3177 3307 1732 
f 2140 719 666 
f 1159 2982 184 
f 1900 1646 1968 
f 2478 3111 844 
f 68 1926 1107 
f 2507 3728 1633 
f 665 1633 3728 
f 2360 3768 3881 
f 3040 3881 3768 
f 3078 1246 1872 
f 1160 2517 1308 
f 1952 3884 3830 
f 857 2655 277 
f 3977 3885 921 
f 1242 1611 1248 
f 3081 2562 2257 
f 1405 480 3764 
f 2417 3764 480 
f 2519 621 2944 
f 2171 752 470 
f 2311 1945 3072 
f 1547 3734 2852 
f 3814 1222 3714 
f 2624 392 94 
f 3606 1339 8 
f 359 8 1339 
f 2952 2383 3887 
f 3865 1770 3889 
f 3388 1287 2680 
f 831 404 967 
f 2405 1483 1539 
f 2363 2640 1711 
f 3726 1438 3090 
f 2463 2015 2108 
f 3950 3452 476 
f 21 3801 469 
f 524 340 2699 
f 2727 3692 1032 
f 1277 3774 868 
f 1856 286 2983 
f 1452 1426 2909 
f 307 2236 3130 
f 1671 195 3254 
f 2664 1356 28 
f 3584 1769 2888 
f 1811 2589 1171 
f 428 1997 1738 
f 1339 3606 1851 
f 3032 3256 3418 
f 3901 1141 660 
f 3158 2702 3116 
f 3836 3116 2702 
f 2998 2630 415 
f 1358 415 2630 
f 3796 3892 3406 
f 2386 3893 3439 
f 3115 3759 2708 
f 2613 3571 3603 
f 3464 2440 3894 
f 669 3894 2440 
f 3973 908 832 
f 3393 921 109 
f 1380 1848 2073 
f 36 2569 3420 
f 1654 738 1098 
f 2608 3110 1937 
f 3267 2693 2150 
f 3953 2150 2693 
f 3250 2959 3105 
f 1635 1921 981 
f 3918 897 2865 
f 3921 3034 2601 
f 3899 3389 3129 
f 1830 3129 3389 
f 3802 3895 1188 
f 3516 1560 2652 
f 2947 3437 223 
f 3915 2360 3881 
f 3966 3896 1078 
f 3106 1935 845 
f 425 3897 3885 
f 539 3885 3897 
f 2940 2823 1559 
f 1810 3006 1531 
f 3724 621 3828 
f 1235 3740 912 
f 3973 3898 907 
f 3417 907 3898 
f 3197 3659 2411 
f 1363 1482 961 
f 3460 3302 1761 
f 3005 3769 1316 
f 3805 3069 3109 
f 874 3163 1264 
f 3821 2431 3861 
f 3967 2074 2436 
f 2243 2033 1425 
f 2732 3781 3880 
f 3939 3880 3781 
f 2141 3396 3276 
f 1491 2169 2062 
f 3060 1971 3897 
f 2694 3849 696 
f 490 2288 3784 
f 3048 3784 2288 
f 358 392 2624 
f 3436 1142 3901 
f 116 2429 3209 
f 1795 3795 3902 
f 910 3902 3795 
f 3729 2702 3158 
f 985 2632 87 
f 3947 3304 3903 
f 1713 3260 1305 
f 1199 1648 2173 
f 3947 2173 1648 
f 3633 641 1574 
f 2345 1574 641 
f 1533 302 3815 
f 3235 2765 1282 
f 2497 1282 2765 
f 2004 2568 1377 
f 1767 116 3209 
f 3007 2526 369 
f 681 3507 3049 
f 3092 3049 3507 
f 3083 3651 316 
f 3060 426 3102 
f 1000 96 1825 
f 1397 1871 2978 
f 783 714 3354 
f 2808 3245 3532 
f 1972 3532 3245 
f 2483 3904 3786 
f 1847 3786 3904 
f 3560 2430 854 
f 1261 1654 1098 
f 3683 3875 873 
f 2992 3905 3159 
f 1951 3565 2793 
f 154 1319 3585 
f 3848 3585 1319 
f 3271 3907 3664 
f 1119 3709 1371 
f 2061 2866 3249 
f 303 3430 2485 
f 1356 2664 3650 
f 3582 2056 3348 
f 1178 2144 328 
f 441 2987 1999 
f 1570 1372 1583 
f 3000 1583 1372 
f 520 3597 230 
f 2399 1046 2511 
f 228 3718 99 
f 1966 3194 2158 
f 3164 2799 2237 
f 3895 1029 1233 
f 3843 3735 3910 
f 328 3646 1137 
f 3793 2857 2194 
f 3982 3718 1352 
f 2402 3772 401 
f 3965 3160 3218 
f 3617 2932 2954 
f 1891 3157 3595 
f 691 1607 3629 
f 2241 538 1550 
f 419 2324 3761 
f 1062 2507 3553 
f 1107 870 68 
f 298 335 3356 
f 2348 3366 777 
f 3913 894 2852 
f 253 3735 2038 
f 1458 321 3803 
f 3459 2467 2612 
f 1403 2877 3318 
f 1443 2212 599 
f 1085 229 2819 
f 3759 2055 2368 
f 2250 2368 2055 
f 122 3915 3881 
f 783 3243 714 
f 428 1521 1997 
f 3742 2293 49 
f 2137 3648 3916 
f 2837 2882 3917 
f 1477 3917 2882 
f 2866 2199 3918 
f 3929 3918 2199 
f 3620 3822 2922 
f 823 1535 3824 
f 826 3824 1535 
f 3338 2847 1138 
f 705 2308 976 
f 2695 3454 2146 
f 789 3752 3912 
f 1245 3689 381 
f 3228 381 3689 
f 3024 254 1803 
f 1324 2936 3329 
f 2328 3329 2936 
f 2017 3551 2023 
f 3720 2350 3920 
f 3667 3920 2350 
f 1155 3521 2409 
f 205 2952 3887 
f 1048 3921 2601 
f 3994 748 3113 
f 82 1474 3273 
f 3879 3227 2216 
f 3783 3844 3922 
f 3060 3897 426 
f 3085 1069 2180 
f 1097 118 1246 
f 3894 2466 376 
f 3389 3899 3438 
f 2856 3100 3642 
f 3222 2625 3342 
f 1052 1072 864 
f 3928 3446 3473 
f 3829 736 3888 
f 2152 3888 736 
f 114 3345 841 
f 3042 816 2285 
f 1655 3131 3732 
f 2134 3314 2886 
f 3252 3750 1409 
f 1103 3602 3022 
f 3364 3785 798 
f 1966 3187 3359 
f 2267 2093 1038 
f 3497 2561 3351 
f 3979 2738 2261 
f 2784 3543 3128 
f 2604 3128 3543 
f 433 3332 1180 
f 2294 2540 50 
f 3902 910 3923 
f 3096 2636 3756 
f 3944 2525 103 
f 677 2485 3299 
f 1096 1942 3507 
f 2494 3924 3179 
f 3312 3288 795 
f 2338 1867 2400 
f 449 1946 1421 
f 1842 573 158 
f 3926 1662 3868 
f 3778 787 3490 
f 3034 3921 3311 
f 2263 3048 2288 
f 299 3925 329 
f 133 2128 3892 
f 1337 3126 2319 
f 3908 2341 1342 
f 768 1342 2341 
f 3989 3061 1126 
f 2757 3710 108 
f 3940 1662 3926 
f 3948 1673 1588 
f 3337 113 947 
f 418 1362 3927 
f 3558 3927 1362 
f 3700 2406 697 
f 446 1797 3212 
f 3684 3212 1797 
f 3753 1809 3310 
f 560 3528 3168 
f 2554 2115 120 
f 3475 1695 1843 
f 2381 651 1420 
f 3799 3687 1660 
f 3701 3523 2081 
f 1194 2370 286 
f 3942 508 2148 
f 2549 909 537 
f 974 3928 1891 
f 3036 1891 3928 
f 3918 3929 897 
f 257 897 3929 
f 2126 335 298 
f 2020 3635 2588 
f 2828 2588 3635 
f 3953 775 3549 
f 3506 3549 775 
f 3602 3777 2419 
f 2616 257 3929 
f 2839 3931 2660 
f 280 3270 2619 
f 3384 896 3377 
f 785 2083 992 
f 2094 2912 3823 
f 3696 3823 2912 
f 3976 1462 1054 
f 3620 1241 3822 
f 3015 3932 2704 
f 3427 3087 1218 
f 3615 3933 3018 
f 1160 1823 1648 
f 3947 1648 1823 
f 2939 1559 3796 
f 2346 2232 2167 
f 3115 2055 3759 
f 2079 2826 1352 
f 3982 1352 2826 
f 2719 3537 1582 
f 2519 1589 621 
f 3886 2444 3837 
f 2464 3659 3197 
f 1252 2104 3840 
f 3658 2118 215 
f 1944 59 2836 
f 3403 3165 2986 
f 807 3690 3737 
f 2979 3737 3690 
f 3676 1239 2963 
f 2483 3786 3577 
f 3158 1973 3729 
f 821 2099 3886 
f 3728 2507 1062 
f 2353 2990 3383 
f 215 3587 3773 
f 3912 626 2251 
f 3981 2251 626 
f 3365 3147 2950 
f 3974 2950 3147 
f 3792 1029 3895 
f 1765 578 2597 
f 3924 2494 3331 
f 166 2843 1756 
f 3030 2085 784 
f 1323 3314 3682 
f 1769 3603 273 
f 1434 3757 3935 
f 2726 1192 3435 
f 2521 3435 1192 
f 3995 3397 702 
f 109 2639 502 
f 415 3641 9 
f 3151 923 3936 
f 716 3307 3176 
f 992 3937 785 
f 2822 785 3937 
f 2961 3404 3818 
f 3434 3284 402 
f 1747 270 3938 
f 3568 3880 3939 
f 1550 1660 3686 
f 3980 1662 3940 
f 1027 615 3059 
f 3787 3166 2279 
f 65 2279 3166 
f 2864 2982 1159 
f 2627 3491 3483 
f 2196 3483 3491 
f 806 2238 3545 
f 1569 799 1367 
f 239 890 1798 
f 3980 314 19 
f 294 3883 1007 
f 83 1818 1687 
f 116 1795 256 
f 3902 256 1795 
f 713 499 1150 
f 2209 3794 3033 
f 1103 3777 3602 
f 341 1456 2661 
f 741 739 1274 
f 1865 1274 739 
f 2562 3081 3688 
f 1492 3871 2921 
f 684 2921 3871 
f 2985 2633 3483 
f 3748 1239 3676 
f 2630 932 1358 
f 2224 1878 1793 
f 966 1877 2203 
f 2039 678 3299 
f 3826 2585 1326 
f 3313 2918 339 
f 2442 3074 293 
f 1941 3192 3618 
f 3138 2780 3503 
f 491 3183 3632 
f 3834 417 1158 
f 1657 3876 2812 
f 2645 3730 1652 
f 1586 1518 2544 
f 3326 226 5 
f 318 3798 1439 
f 3432 1439 3798 
f 3438 3411 2720 
f 2948 3901 3352 
f 660 3352 3901 
f 3000 2435 1583 
f 3568 3943 2980 
f 2590 2980 3943 
f 3171 3944 3611 
f 573 3926 3868 
f 3769 3005 3695 
f 3839 3525 2213 
f 242 2574 2254 
f 1360 2835 977 
f 2648 3554 332 
f 929 1508 3610 
f 957 3946 3945 
f 2037 3945 3946 
f 3908 2820 1423 
f 3939 3197 3568 
f 3943 3568 3197 
f 1813 3292 3807 
f 90 3269 3347 
f 1625 3948 948 
f 1588 948 3948 
f 789 2251 3949 
f 3774 1277 3933 
f 2452 718 3854 
f 3527 291 395 
f 117 2802 2378 
f 933 3079 2042 
f 1237 1889 1000 
f 3952 2622 2516 
f 955 3874 3512 
f 607 1669 2716 
f 2331 2433 1739 
f 3136 1739 2433 
f 1301 3627 1102 
f 3634 2603 1259 
f 3569 3649 3405 
f 1653 3405 3649 
f 1487 3183 491 
f 786 2666 3950 
f 3145 3950 2666 
f 3446 2544 2414 
f 405 3777 1060 
f 1472 1834 3751 
f 2208 431 2742 
f 3903 1227 2173 
f 3370 3066 2287 
f 2237 101 2490 
f 2129 3433 2592 
f 3513 3055 189 
f 2897 3463 1520 
f 2808 3532 3471 
f 2676 2200 3951 
f 383 3951 2200 
f 3329 3576 1324 
f 3011 3262 2078 
f 2028 60 2791 
f 3657 3952 3000 
f 1138 2116 1198 
f 3979 3770 2738 
f 2898 3242 3862 
f 3340 2236 307 
f 3127 3731 1084 
f 3792 3869 1029 
f 3835 3954 2457 
f 3990 482 3017 
f 3896 547 3354 
f 784 3463 2898 
f 1923 1671 3254 
f 1827 3783 3922 
f 3972 1601 1794 
f 459 2872 1880 
f 3727 2537 818 
f 3654 3955 3832 
f 2210 3832 3955 
f 3722 3596 1599 
f 3982 2826 1236 
f 3995 703 198 
f 3800 3581 92 
f 221 3395 1908 
f 3297 1151 423 
f 3970 3548 1678 
f 1889 1953 3830 
f 3954 1146 2968 
f 1755 3249 2741 
f 3959 3233 1497 
f 1499 1497 3233 
f 788 3819 773 
f 2862 773 3819 
f 1756 3004 166 
f 2743 163 2196 
f 3998 3583 653 
f 2021 3265 3958 
f 3923 909 2518 
f 1807 3381 1581 
f 3980 3940 313 
f 1865 3500 1274 
f 1433 3233 3959 
f 1724 1940 2526 
f 1901 1764 1552 
f 3135 1552 1764 
f 3582 3348 486 
f 1518 3043 2415 
f 1556 2290 2388 
f 3980 19 1661 
f 3900 1344 1016 
f 3933 3615 3669 
f 667 2512 2541 
f 3181 1231 3486 
f 752 2171 3542 
f 1690 3960 3855 
f 3293 3855 3960 
f 3986 3761 2712 
f 2954 456 3617 
f 2223 330 3925 
f 417 1086 1513 
f 2339 3191 47 
f 3963 1694 2934 
f 1117 3824 3961 
f 100 3961 3824 
f 3908 1342 2820 
f 2574 3371 2355 
f 1774 2472 937 
f 2855 3642 2269 
f 2788 3049 3092 
f 1790 1612 3714 
f 2997 727 3614 
f 3100 2856 3442 
f 2087 3884 3962 
f 2412 3962 3884 
f 2936 1324 3682 
f 2096 3782 2470 
f 2029 2470 3782 
f 3928 3473 3036 
f 576 3036 3473 
f 3244 499 713 
f 3119 3146 2283 
f 1176 2504 3811 
f 1980 3167 2052 
f 1011 305 1306 
f 2062 2199 2866 
f 2135 2886 3368 
f 573 1842 3926 
f 1535 3349 2665 
f 149 396 2830 
f 2688 1318 851 
f 2112 3787 2413 
f 2905 3160 3965 
f 3832 1479 3654 
f 3924 1419 3178 
f 2362 2616 1362 
f 1193 1814 3807 
f 3719 3956 3653 
f 3393 2740 3681 
f 3904 2482 3788 
f 3704 1573 1003 
f 331 2551 1844 
f 3578 3395 221 
f 2123 772 584 
f 1733 584 772 
f 3152 3562 1276 
f 1093 2809 3765 
f 3175 2868 3533 
f 129 3790 2431 
f 1360 977 3863 
f 159 3153 2268 
f 3670 2053 305 
f 807 3737 581 
f 3920 3667 3866 
f 2883 3083 3554 
f 3985 1562 3449 
f 1571 3428 2339 
f 32 1109 1276 
f 454 487 1105 
f 3403 2900 3622 
f 3988 280 3580 
f 334 3934 2785 
f 1891 3036 3157 
f 3663 3040 3768 
f 1637 3038 3296 
f 97 505 3966 
f 3856 2358 3056 
f 3609 2689 1837 
f 3657 3000 1372 
f 3970 1678 2133 
f 3519 3080 2770 
f 1696 2770 3080 
f 3291 2515 3771 
f 571 3771 2515 
f 3839 2213 885 
f 351 3722 1599 
f 3958 2846 880 
f 2533 3955 3654 
f 1552 3135 982 
f 1636 3570 1114 
f 1839 219 2557 
f 3791 3733 542 
f 1023 2914 1907 
f 2283 3638 2563 
f 3410 2484 513 
f 3016 3101 3442 
f 123 3881 3040 
f 2948 3436 3901 
f 3747 2849 672 
f 2711 3946 2600 
f 3320 3157 1173 
f 2334 723 3305 
f 1869 2745 3968 
f 2874 437 152 
f 440 2275 3969 
f 161 3055 3513 
f 3700 697 2774 
f 732 2825 3841 
f 3268 3169 1702 
f 2762 812 2428 
f 1783 3875 698 
f 3355 1579 3020 
f 2679 1848 1380 
f 419 2691 3361 
f 3982 1236 1981 
f 1387 2675 1350 
f 519 3755 3457 
f 2356 3971 3893 
f 916 3893 3971 
f 2872 459 2576 
f 3800 3972 3581 
f 3717 601 1640 
f 1275 1097 738 
f 3909 2778 62 
f 3752 789 2273 
f 1254 2880 1592 
f 1138 1268 3338 
f 2327 1936 3328 
f 2880 1254 367 
f 3900 3776 1344 
f 1102 2857 3793 
f 1069 3974 3147 
f 2713 2058 1859 
f 3704 1003 3655 
f 3846 3078 1872 
f 2772 3428 3753 
f 3360 2530 1967 
f 2646 1203 2205 
f 1952 2412 3884 
f 3798 2778 3432 
f 3369 3432 2778 
f 1085 184 3478 
f 187 1805 3975 
f 333 2924 3679 
f 2445 3641 414 
f 885 1340 3839 
f 2962 3839 1340 
f 2660 1370 363 
f 1193 820 2545 
f 1462 3976 546 
f 1235 2826 3740 
f 3885 3977 2069 
f 3760 3023 3544 
f 3981 1914 2252 
f 3594 3070 1496 
f 665 3688 1633 
f 2638 3593 502 
f 3192 1941 1088 
f 3863 3951 1360 
f 106 2668 1293 
f 2650 1083 864 
f 3744 3626 37 
f 3825 1173 3308 
f 3621 2029 3782 
f 3693 2676 3951 
f 3400 656 3867 
f 2361 3867 656 
f 3754 1356 3650 
f 415 9 2998 
f 2407 3364 798 
f 256 3902 3923 
f 895 817 3833 
f 3862 3149 3030 
f 379 2381 1420 
f 3138 3503 2503 
f 2126 2503 3503 
f 1936 1903 2478 
f 2460 187 3975 
f 126 2100 457 
f 3999 3860 1835 
f 756 1595 2377 
f 102 1524 2712 
f 3050 2712 1524 
f 3403 3622 3165 
f 681 996 1095 
f 1778 3252 1409 
f 1128 3911 3067 
f 788 3496 2628 
f 2624 999 358 
f 296 3661 3170 
f 3421 1797 3716 
f 446 3716 1797 
f 1703 3976 2189 
f 1054 2189 3976 
f 2449 3097 1909 
f 3643 3972 3509 
f 1794 3509 3972 
f 3609 1837 1699 
f 2837 1699 1837 
f 2464 3606 3659 
f 8 3659 3606 
f 3545 1846 806 
f 2207 3978 73 
f 2543 3979 1311 
f 3818 3311 3007 
f 2690 3900 84 
f 2392 3535 1195 
f 1340 885 1140 
f 1188 1332 3802 
f 1911 3802 1332 
f 3572 2521 2138 
f 3887 1364 1757 
f 2442 3487 3013 
f 2114 1251 3687 
f 3725 3742 2529 
f 49 2529 3742 
f 1671 3704 3655 
f 1679 3582 3561 
f 3764 3504 1130 
f 3745 3834 1158 
f 823 3349 1535 
f 1754 2614 3589 
f 2310 3589 2614 
f 2722 163 2743 
f 1759 3481 1537 
f 1976 3134 3559 
f 3607 3240 1838 
f 3229 914 2558 
f 3693 3951 3863 
f 2661 3931 1094 
f 1575 1801 3938 
f 1747 3938 1801 
f 3800 1601 3972 
f 2027 3640 3382 
f 1180 3367 433 
f 417 3834 1086 
f 1010 3039 232 
f 1442 3588 1548 
f 2810 3854 2139 
f 1787 2870 1836 
f 1911 1286 2063 
f 2647 2481 2502 
f 1471 2949 1538 
f 1974 3587 215 
f 3744 628 3817 
f 2137 3916 3325 
f 336 3325 3916 
f 3958 880 3402 
f 1915 3853 3941 
f 3868 1820 572 
f 2595 2109 1205 
f 2436 3357 3967 
f 3116 3836 3870 
f 3935 3870 3836 
f 1346 2697 1145 
f 2050 3962 3698 
f 1963 403 206 
f 3219 3727 3864 
f 1245 2818 3689 
f 3155 3792 3895 
f 3344 2068 222 
f 3784 3048 155 
f 1775 3981 626 
f 717 2336 3472 
f 888 3199 2968 
f 1733 772 3808 
f 2127 3045 275 
f 1403 3318 3163 
f 907 3417 1675 
f 1361 1040 3558 
f 3872 2634 1781 
f 1424 856 1221 
f 2387 3873 2581 
f 1858 2491 2713 
f 3248 3937 992 
f 3097 2449 1516 
f 3639 3277 2905 
f 68 3983 1926 
f 1460 206 3890 
f 319 3515 3026 
f 2393 3026 3515 
f 1690 3339 3960 
f 701 3977 3681 
f 2239 2473 1969 
f 3282 2858 740 
f 3541 797 3026 
f 2707 3927 3558 
f 3648 82 1687 
f 2271 1243 3095 
f 2105 3646 558 
f 2357 3674 2430 
f 3958 3402 3430 
f 3078 1897 2272 
f 954 2619 2659 
f 1976 172 3134 
f 3964 2145 1736 
f 2897 1435 360 
f 365 2101 3616 
f 2158 3193 399 
f 3992 399 3193 
f 1444 1987 2401 
f 1165 2387 2581 
f 523 1703 2188 
f 2888 861 3584 
f 564 2374 3378 
f 1196 2214 3975 
f 2910 3725 2529 
f 3257 2583 3529 
f 739 2858 1865 
f 770 3210 3074 
f 3850 1393 284 
f 56 1562 3985 
f 1509 930 2488 
f 3842 3877 3601 
f 3212 3280 297 
f 3 3986 3050 
f 2712 3050 3986 
f 2139 3987 2810 
f 3935 1401 1434 
f 3386 2367 3355 
f 3334 1227 3903 
f 1183 2890 2445 
f 829 1949 576 
f 3322 1198 2117 
f 2904 2846 2587 
f 3337 2420 113 
f 782 2309 2609 
f 1254 1592 801 
f 2251 789 3912 
f 2297 728 1044 
f 2703 2176 2790 
f 42 725 1650 
f 3043 1518 3338 
f 1217 1517 3882 
f 3891 1511 3185 
f 1333 1174 920 
f 3842 1957 31 
f 3465 2292 2177 
f 2025 3970 2133 
f 1312 2580 503 
f 620 2953 3739 
f 1452 3879 1426 
f 362 2517 1160 
f 3363 2645 2892 
f 1956 361 3510 
f 3936 1441 3150 
f 3322 2117 2534 
f 2797 1168 3455 
f 3813 452 2656 
f 2466 3894 669 
f 3867 2361 3236 
f 2091 2118 3658 
f 3874 955 1896 
f 337 2342 198 
f 2293 3091 2845 
f 1185 588 2746 
f 647 2746 588 
f 1102 3793 1301 
f 55 1301 3793 
f 3476 3624 3677 
f 792 3677 3624 
f 3406 1654 1261 
f 2875 2273 1956 
f 3319 3909 62 
f 3432 3294 1439 
f 2160 2489 3625 
f 112 891 1470 
f 520 2784 3128 
f 67 3812 3983 
f 3712 2003 338 
f 841 1255 3598 
f 2796 2560 3068 
f 3286 3216 902 
f 858 968 3813 
f 2230 3041 3518 
f 3809 3518 3041 
f 3260 1713 2092 
f 2961 3818 3007 
f 3092 2594 3298 
f 2027 468 3640 
f 1281 2496 1468 
f 2342 337 1249 
f 3738 2976 143 
f 3481 2911 1647 
f 3458 959 1591 
f 3198 771 2755 
f 693 2231 3409 
f 3569 3916 3649 
f 1802 2814 3835 
f 2848 2682 80 
f 2359 3047 3392 
f 2149 3392 3047 
f 2173 3947 3903 
f 1440 1366 3785 
f 3884 2087 506 
f 3886 3837 821 
f 2545 821 3837 
f 3325 335 2127 
f 3060 3989 1971 
f 2085 1971 3989 
f 3639 3965 3610 
f 929 3610 3965 
f 2543 3770 3979 
f 3779 990 1712 
f 1692 2688 2441 
f 1593 2375 890 
f 792 2011 3677 
f 3203 3200 2242 
f 3946 1917 2037 
f 3351 3628 1961 
f 1962 2241 3309 
f 618 3963 1593 
f 1006 2605 1355 
f 2610 2762 2428 
f 1165 2305 1741 
f 165 1258 3749 
f 504 3141 2919 
f 2814 1802 3591 
f 2964 3741 680 
f 3900 2690 3776 
f 997 3612 264 
f 3162 2321 1784 
f 3065 41 1622 
f 3231 2683 2508 
f 967 3973 831 
f 3062 3990 1852 
f 81 2535 1481 
f 691 3629 2313 
f 3215 3413 937 
f 3563 2967 3195 
f 3939 2464 3197 
f 3904 3788 2063 
f 1589 2756 2953 
f 3866 2953 2756 
f 501 739 741 
f 3591 1651 2814 
f 3508 3469 2260 
f 218 153 1316 
f 3490 1004 3778 
f 2091 3797 2118 
f 1606 3878 1850 
f 3986 3 3161 
f 3953 3680 1322 
f 1497 3054 3959 
f 3794 2210 3955 
f 1966 1570 3194 
f 3797 2091 743 
f 2151 963 1225 
f 944 1225 963 
f 3754 2935 3053 
f 3743 3766 3456 
f 1419 3924 1287 
f 3331 1287 3924 
f 2184 3063 2111 
f 1850 2686 177 
f 2701 18 2334 
f 1751 2334 18 
f 3730 2645 3363 
f 3647 3237 3271 
f 30 2318 2916 
f 2871 3861 2072 
f 23 1250 382 
f 2893 3035 3991 
f 1672 3241 3703 
f 2493 2332 2979 
f 2392 1195 1122 
f 769 2193 1223 
f 2719 1582 2435 
f 69 3820 560 
f 3879 1452 3227 
f 1179 2714 1942 
f 1999 1012 441 
f 2702 3729 3514 
f 3789 214 2860 
f 3754 1727 1322 
f 2404 1927 3828 
f 3095 372 2271 
f 3253 1002 24 
f 3984 3715 3668 
f 3087 3427 1571 
f 3988 988 1859 
f 3888 2151 1225 
f 3734 3672 276 
f 3690 807 3860 
f 1234 683 3132 
f 1147 3384 3584 
f 2861 1945 3175 
f 3445 878 1725 
f 1940 1725 878 
f 1942 1096 1179 
f 3835 1540 3954 
f 3415 3911 1128 
f 3853 1991 3697 
f 2860 213 2299 
f 3855 3135 1690 
f 3698 1134 1906 
f 3814 811 1222 
f 2638 2724 3593 
f 3851 3249 1755 
f 54 151 752 
f 787 3950 476 
f 291 1740 394 
f 3727 818 2547 
f 3680 3549 3960 
f 3611 2764 1100 
f 1858 347 2491 
f 3994 3113 1005 
f 2305 1005 3113 
f 1530 3023 3760 
f 3015 3417 3574 
f 2992 3159 853 
f 2009 1719 1262 
f 2939 1262 1719 
f 195 1671 3655 
f 3708 3385 106 
f 1841 3940 3926 
f 1078 3283 2390 
f 3805 303 3069 
f 3893 2386 2356 
f 2227 3582 486 
f 1982 3675 3961 
f 2030 3413 3215 
f 2981 2330 3993 
f 3831 2760 3230 
f 3866 2756 3920 
f 3720 3920 2756 
f 2304 2729 1767 
f 2488 2159 1509 
f 647 588 1683 
f 566 3332 433 
f 2103 1255 2659 
f 3891 3521 1155 
f 1402 2110 2044 
f 3412 1855 1390 
f 2553 2705 1251 
f 391 661 186 
f 1376 1551 632 
f 3404 2760 3831 
f 3065 350 41 
f 366 2373 2673 
f 3494 2564 3431 
f 3408 2182 1396 
f 2651 3691 3517 
f 3569 336 3916 
f 3869 3792 1624 
f 1471 2109 2949 
f 1416 1455 2533 
f 2931 2856 2059 
f 1266 848 2080 
f 408 1269 1113 
f 3919 1113 1269 
f 523 1302 1993 
f 2811 1078 2390 
f 300 3610 3925 
f 1068 3466 3919 
f 2573 3896 3966 
f 3817 3626 3744 
f 2728 2514 267 
f 249 2850 2622 
f 3266 3820 2653 
f 3876 3746 671 
f 3969 3200 3203 
f 1754 962 2614 
f 62 2887 3319 
f 2766 2176 2386 
f 2030 3564 3413 
f 2501 999 2624 
f 1665 3425 1200 
f 3639 2905 3965 
f 3852 1929 222 
f 2815 2869 949 
f 3027 1989 3987 
f 3999 3575 3860 
f 3690 3860 3575 
f 1643 491 3632 
f 2734 474 282 
f 1727 3754 3650 
f 1561 3634 1259 
f 2850 594 1664 
f 2077 3303 138 
f 3903 2535 3334 
f 2466 669 3889 
f 3913 1929 3852 
f 3859 1479 3202 
f 1597 3326 3540 
f 2231 693 757 
f 3171 190 3944 
f 2754 3985 3449 
f 2553 2867 2705 
f 3618 3124 1238 
f 1679 3561 2219 
f 2004 1377 2000 
f 2556 591 3736 
f 3683 873 1263 
f 419 3361 2324 
f 2 3858 3531 
f 3850 2756 1589 
f 2519 2397 1392 
f 2617 3917 1826 
f 2749 386 3869 
f 967 3898 3973 
f 1800 1659 2893 
f 477 3661 3414 
f 1483 3984 2221 
f 1164 583 1406 
f 305 1873 3670 
f 574 2793 2842 
f 3249 3851 2061 
f 165 3749 3137 
f 53 3626 1960 
f 3817 1960 3626 
f 3766 1667 3455 
f 2341 3995 198 
f 1888 1635 981 
f 2082 448 3956 
f 3323 868 3630 
f 3799 2114 3687 
f 3519 2770 2552 
f 3407 882 715 
f 2142 3240 3607 
f 2142 3190 3240 
f 1978 3757 3907 
f 3813 2656 858 
f 412 1740 3721 
f 3985 2754 1024 
f 2108 2376 2463 
f 214 3789 1642 
f 1323 208 3315 
f 607 2242 1669 
f 2993 3238 1157 
f 100 1982 3961 
f 1298 1979 3996 
f 3773 2303 3226 
f 3279 1722 3997 
f 1410 3653 3495 
f 2264 2122 3457 
f 2203 1508 2159 
f 1008 147 1824 
f 3767 3346 3275 
f 956 3945 612 
f 2340 3997 3191 
f 1495 3191 3997 
f 3083 2883 3651 
f 1378 141 3195 
f 2182 3408 176 
f 2628 3819 788 
f 2611 420 193 
f 3530 3910 175 
f 894 3913 3852 
f 3663 3767 3275 
f 1190 271 1087 
f 3845 2994 3275 
f 3663 3275 2994 
f 2012 2591 2796 
f 2989 2179 1598 
f 1310 1978 3907 
f 1954 3579 1873 
f 1238 2609 3618 
f 998 3509 1645 
f 2701 2334 3305 
f 3590 204 10 
f 3996 629 1298 
f 3472 3321 420 
f 85 3123 1931 
f 3998 2894 3991 
f 3998 3991 3719 
f 2083 3989 1126 
f 367 2672 569 
f 2537 3727 3219 
f 3625 1429 2160 
f 2266 2160 1429 
f 1814 1193 2545 
f 1429 3992 2453 
f 2012 2796 3068 
f 1684 3928 974 
f 1809 2089 3882 
f 2919 2906 504 
f 3168 3213 3684 
f 2871 3821 3861 
f 3725 2910 1503 
f 2022 3076 2736 
f 1376 2026 1551 
f 1902 1551 2026 
f 2307 3768 2360 
f 4000 3612 36 
f 927 3739 2829 
f 1685 3566 528 
f 3434 3780 3284 
f 3931 2838 2192 
f 3260 3906 3429 
f 1663 3429 3906 
f 123 3040 2329 
f 2481 2647 2940 
f 3914 3327 1161 
f 3518 3809 3365 
f 3463 784 2822 
f 374 3027 3987 
f 3021 3939 3781 
f 3544 617 3760 
f 840 3426 2432 
f 1705 3745 1158 
f 2921 684 1164 
f 2090 2822 3937 
f 448 451 485 
f 607 3203 2242 
f 3205 3552 551 
f 3678 1905 2378 
f 3574 3932 3015 
f 1976 352 172 
f 3552 3205 3865 
f 3914 877 3327 
f 2657 1192 3234 
f 1759 2057 3342 
f 2659 406 954 
f 3631 3489 2730 
f 3856 3103 2989 
f 3301 1884 1328 
f 1976 3723 352 
f 3487 2442 293 
f 525 2698 2469 
f 940 3825 3308 
f 1520 1435 2897 
f 1271 18 2701 
f 2085 3030 1971 
f 3969 3203 951 
f 3552 3865 3889 
f 3953 3549 3680 
f 1012 1999 3120 
f 1777 1401 3935 
f 2001 3220 3864 
f 685 3974 1069 
f 3425 1726 2298 
f 1618 1581 3520 
f 1677 3520 1581 
f 516 1578 2487 
f 1214 2868 963 
f 3564 2030 234 
f 1721 2595 2369 
f 1804 2691 3927 
f 2950 3974 317 
f 3847 2679 1380 
f 3686 1819 3309 
f 3192 1088 1964 
f 1693 574 2842 
f 2248 3604 1219 
f 3827 3797 743 
f 2330 2141 3276 
f 685 1069 3085 
f 3636 1142 731 
f 1039 1361 2168 
f 1499 2385 3594 
f 2678 1066 130 
f 2981 3873 2387 
f 1165 2581 2305 
f 95 3393 109 
f 3986 3161 258 
f 3382 1681 2027 
f 71 2951 2492 
f 2109 2595 1721 
f 299 3770 2543 
f 2751 2559 923 
f 2151 1214 963 
f 220 3957 3297 
f 3540 2183 1597 
f 1110 2098 288 
f 2981 3993 3873 
f 2570 554 892 
f 3998 653 407 
f 2777 1414 3449 
f 3868 3497 1820 
f 2759 602 1988 
f 2247 3222 3342 
f 1212 2773 3905 
f 2780 3138 3391 
f 2536 3454 2695 
f 3806 2978 881 
f 2243 1181 2033 
f 1763 2970 3922 
f 3796 133 3892 
f 3845 3804 2994 
f 1748 3488 2504 
f 2989 1598 3856 
f 1265 2759 1988 
f 2884 1289 2969 
f 3530 3827 3910 
