#  wavefront obj file written by the visualization toolkit

mtllib leftlung.mtl

v 240.62100219726562 212.92100524902344 152.03700256347656
v 241.4149932861328 213.88499450683594 151.77099609375
v 240.10899353027344 214.28700256347656 151.22000122070312
v 242.4080047607422 212.71600341796875 151.49099731445312
v 272.3800048828125 169.67100524902344 168.9980010986328
v 273.41900634765625 166.468994140625 171.6269989013672
v 273.15399169921875 170.34300231933594 173.28799438476562
v 271.59100341796875 168.23800659179688 167.59500122070312
v 266.39898681640625 117.94400024414062 179.64700317382812
v 269.09600830078125 122.48300170898438 175.8470001220703
v 266.6109924316406 117.56199645996094 171.7050018310547
v 269.1409912109375 125.875 188.9969940185547
v 272.0419921875 176.0659942626953 175.6529998779297
v 274.18499755859375 167.8070068359375 183.88499450683594
v 271.97198486328125 172.32899475097656 169.42599487304688
v 216.2030029296875 89.99970245361328 200.75999450683594
v 216.6179962158203 92.12860107421875 204
v 216.2030029296875 90.79779815673828 204
v 250.50599670410156 206.3520050048828 154.3040008544922
v 251.01199340820312 204.8679962158203 154.63999938964844
v 251.656005859375 205.9499969482422 155.10899353027344
v 249.49200439453125 205.56700134277344 155.18600463867188
v 174.76600646972656 178.81399536132812 166.9080047607422
v 174.40199279785156 177.3509979248047 166.56900024414062
v 175.2519989013672 176.2729949951172 167.12100219726562
v 173.73599243164062 177.70199584960938 166.447998046875
v 238.8990020751953 214.1320037841797 151.57400512695312
v 238.03399658203125 215.51400756835938 151.27699279785156
v 236.95799255371094 214.49000549316406 153.00799560546875
v 239.1230010986328 214.781005859375 150.87600708007812
v 270.6130065917969 177.13699340820312 165.03700256347656
v 270.8380126953125 174.97000122070312 166.73500061035156
v 270.8349914550781 177.8990020751953 168.29200744628906
v 269.97100830078125 176.3459930419922 163.66900634765625
v 266.11700439453125 190.61500549316406 157.1479949951172
v 266.0140075683594 191.6929931640625 159.26199340820312
v 265.2539978027344 191.5850067138672 156.94400024414062
v 266.843994140625 190.36099243164062 159.79299926757812
v 273.8269958496094 157.86500549316406 201.41900634765625
v 273.0360107421875 162.54200744628906 204
v 273.89599609375 157.36599731445312 197.47000122070312
v 239.3040008544922 215.57400512695312 151.96800231933594
v 260.6659851074219 203.22900390625 178.14500427246094
v 263.06201171875 199.95799255371094 193.59800720214844
v 258.7070007324219 206.87899780273438 195.6280059814453
v 265.10699462890625 195.35000610351562 177.11700439453125
v 271.0379943847656 129.26400756835938 169.29600524902344
v 270.7309875488281 125.8759994506836 171.89500427246094
v 271.6940002441406 132.25 175.56300354003906
v 270.3340148925781 125.98300170898438 167.49899291992188
v 244.6739959716797 213.10699462890625 153.9219970703125
v 244.73800659179688 212.4010009765625 152.6230010986328
v 245.38099670410156 212.45199584960938 153.66700744628906
v 243.98599243164062 212.9459991455078 152.593994140625
v 240.36700439453125 215.14700317382812 152.48800659179688
v 201.2779998779297 205.60000610351562 166.6580047607422
v 196.47300720214844 207.1320037841797 163.00799560546875
v 193.94000244140625 201.9239959716797 166.85499572753906
v 199.3159942626953 209.93099975585938 161.52699279785156
v 273.1659851074219 165.3489990234375 199.63999938964844
v 272.5539855957031 164.41600036621094 204
v 272.06201171875 164.8459930419922 204
v 189.12899780273438 127.46399688720703 191.7760009765625
v 183.52499389648438 129.0070037841797 194.13800048828125
v 188.4239959716797 133.0570068359375 198.83200073242188
v 187.09300231933594 131.5749969482422 187.0989990234375
v 235.98899841308594 215.95399475097656 151.43600463867188
v 236.53500366210938 216.6699981689453 151.0749969482422
v 235.39999389648438 216.83399963378906 151.04800415039062
v 236.83299255371094 215.78399658203125 151.48800659179688
v 209.70199584960938 231.00799560546875 202.11399841308594
v 211.72000122070312 231.8470001220703 204
v 209.96200561523438 231.68299865722656 204
v 238.38800048828125 216.37100219726562 152.25399780273438
v 238.99200439453125 216.4709930419922 153.64700317382812
v 266.50201416015625 188.14999389648438 155.60699462890625
v 267.4519958496094 187.87399291992188 156.64599609375
v 266.82598876953125 188.89500427246094 156.46299743652344
v 267.16400146484375 186.8509979248047 155.7469940185547
v 267.7760009765625 187.0959930419922 156.38699340820312
v 268.1159973144531 187.13099670410156 157.79600524902344
v 255.05099487304688 211.61300659179688 202.17100524902344
v 255.9409942626953 210.18800354003906 203.8470001220703
v 255.5229949951172 210.83599853515625 204
v 239.53599548339844 211.55499267578125 155.49600219726562
v 238.46800231933594 213.24400329589844 153.58200073242188
v 236.23199462890625 213.1649932861328 155.95599365234375
v 237.531005859375 216.61700439453125 151.72900390625
v 235.94900512695312 83.53589630126953 165.59300231933594
v 237.41600036621094 83.44719696044922 165.5489959716797
v 236.93899536132812 85.59709930419922 165.22999572753906
v 236.093994140625 82.6583023071289 166.53799438476562
v 235.072998046875 215.927001953125 152.18600463867188
v 233.05999755859375 83.85990142822266 167.26800537109375
v 234.9669952392578 85.11650085449219 166.302001953125
v 232.86900329589844 86.33560180664062 168.21299743652344
v 234.60800170898438 83.15390014648438 166.60400390625
v 261.1809997558594 197.40899658203125 157.13900756835938
v 262.7860107421875 194.9149932861328 156.4499969482422
v 263.48699951171875 195.86700439453125 160.9530029296875
v 261.7090148925781 195.2480010986328 154.86300659179688
v 235.88800048828125 217.13400268554688 150.96299743652344
v 236.25900268554688 217.43800354003906 151.88999938964844
v 237.08299255371094 217.2530059814453 152.58200073242188
v 240.05599975585938 215.83700561523438 153.5989990234375
v 233.39500427246094 218.05799865722656 151.4149932861328
v 233.7790069580078 217.28599548339844 151.35699462890625
v 234.43699645996094 217.67599487304688 151.1580047607422
v 233.22300720214844 217.4199981689453 151.53799438476562
v 234.4010009765625 216.63400268554688 151.74600219726562
v 179.47000122070312 200.20899963378906 164.33700561523438
v 179.52099609375 199.26199340820312 163.6750030517578
v 179.83200073242188 199.7530059814453 163.39599609375
v 179.0760040283203 199.0679931640625 164.76600646972656
v 235.38600158691406 217.8000030517578 151.62100219726562
v 174.4739990234375 172.31900024414062 167.33799743652344
v 175.40199279785156 173.70199584960938 167.36000061035156
v 174.1840057373047 174.468994140625 166.95599365234375
v 176.6699981689453 169.48500061035156 169.4770050048828
v 231.7989959716797 217.68800354003906 152.552001953125
v 232.6230010986328 217.5749969482422 152.06300354003906
v 232.3209991455078 218.74000549316406 152.18699645996094
v 232.41099548339844 216.60000610351562 153.3459930419922
v 269.8450012207031 172.0919952392578 165.49400329589844
v 268.75201416015625 172.68600463867188 165.95700073242188
v 268.7489929199219 170.73300170898438 166.99400329589844
v 269.61199951171875 174.26499938964844 164.67799377441406
v 234.05599975585938 218.6649932861328 152.10699462890625
v 188.2949981689453 198.64700317382812 166.85499572753906
v 190.19500732421875 193.56900024414062 171.86099243164062
v 188.5030059814453 202.07000732421875 163.7550048828125
v 192.218994140625 205.7169952392578 161.88800048828125
v 232.50799560546875 220.1999969482422 154.31300354003906
v 232.9770050048828 220.17100524902344 155.1719970703125
v 231.9010009765625 220.406005859375 154.5919952392578
v 232.6179962158203 219.7899932861328 153.40699768066406
v 228.40499877929688 221.0469970703125 154.50799560546875
v 228.7169952392578 220.7989959716797 154.281005859375
v 228.67100524902344 221.42300415039062 155.31900024414062
v 227.67599487304688 220.51199340820312 154.31700134277344
v 246.46099853515625 210.37399291992188 152.9600067138672
v 246.7030029296875 209.1929931640625 153.0449981689453
v 247.17799377441406 209.9810028076172 153.322998046875
v 245.18800354003906 209.86099243164062 153.0279998779297
v 247.65199279785156 209.63800048828125 153.93099975585938
v 243.95700073242188 210.72999572753906 152.7689971923828
v 242.53900146484375 210.55599975585938 154.16700744628906
v 243.9010009765625 209.8000030517578 153.79299926757812
v 243.27699279785156 211.3780059814453 152.43699645996094
v 261.9939880371094 113.96499633789062 163.81900024414062
v 262.5069885253906 113.68800354003906 163.3070068359375
v 262.9110107421875 114.20099639892578 163.4499969482422
v 261.9330139160156 113.18699645996094 163.28599548339844
v 244.66400146484375 208.656005859375 154.86599731445312
v 243.26100158691406 209.22900390625 155.6009979248047
v 243.0850067138672 206.95799255371094 159.54400634765625
v 242.0850067138672 211.81399536132812 152.60800170898438
v 244.13800048828125 211.85499572753906 152.18099975585938
v 244.88800048828125 211.49099731445312 152.51400756835938
v 246.38900756835938 211.2310028076172 153.46299743652344
v 245.73800659179688 211.31199645996094 152.8719940185547
v 247.0590057373047 210.91099548339844 154.71200561523438
v 243.33999633789062 212.27099609375 151.86700439453125
v 242.4929962158203 213.59800720214844 152.06500244140625
v 243.19700622558594 213.1219940185547 152.0030059814453
v 172.67799377441406 130.9029998779297 192.45199584960938
v 170.1649932861328 132.71499633789062 188.75
v 167.9550018310547 133.16299438476562 194.38900756835938
v 178.2989959716797 132.91000366210938 188.94200134277344
v 246.0500030517578 211.99099731445312 154.2790069580078
v 260.8320007324219 110.3239974975586 163.64700317382812
v 261.3030090332031 110.01100158691406 165.41600036621094
v 261.8139953613281 111.30400085449219 164.5189971923828
v 260.6409912109375 109.7229995727539 163.8040008544922
v 173.156005859375 160.41700744628906 200.2790069580078
v 173.4320068359375 161.98500061035156 204
v 172.7449951171875 160.72300720214844 204
v 270.1369934082031 181.91900634765625 171.01800537109375
v 259.61700439453125 192.6230010986328 159.39300537109375
v 257.4219970703125 197.4219970703125 155.86500549316406
v 254.94000244140625 198.84800720214844 157.51400756835938
v 259.9230041503906 194.20199584960938 156.2310028076172
v 219.45199584960938 98.45790100097656 204
v 219.59800720214844 99.0999984741211 201.53399658203125
v 219.9029998779297 99.03800201416016 204
v 218.83799743652344 97.58209991455078 201.08299255371094
v 220.22000122070312 101.05999755859375 204
v 172.69200134277344 193.08700561523438 204
v 172.89599609375 196.6580047607422 201.1009979248047
v 172.8040008544922 195.97999572753906 204
v 172.29600524902344 191.9250030517578 199.21600341796875
v 252.7449951171875 201.9199981689453 155.77699279785156
v 252.8979949951172 203.06199645996094 154.50100708007812
v 251.78700256347656 203.38499450683594 155.29400634765625
v 252.8459930419922 202.3560028076172 154.67799377441406
v 252.0290069580078 201.04400634765625 158.6820068359375
v 243.1020050048828 214.19900512695312 153.98199462890625
v 243.86599731445312 213.89199829101562 154.39500427246094
v 271.29998779296875 170.2779998779297 166.90199279785156
v 241.86000061035156 215.0290069580078 154.302001953125
v 209.3470001220703 216.43800354003906 160.1999969482422
v 206.61399841308594 214.77000427246094 160.28399658203125
v 210.125 211.99600219726562 163.61300659179688
v 204.2570037841797 215.06900024414062 159.33799743652344
v 235.4459991455078 214.87100219726562 153.7050018310547
v 250.3730010986328 212.14999389648438 168.88299560546875
v 252.74099731445312 208.31500244140625 163.04600524902344
v 255.86300659179688 207.91900634765625 172.07200622558594
v 249.40899658203125 210.29800415039062 160.17599487304688
v 233.3990020751953 216.70700073242188 152.26300048828125
v 239.58900451660156 216.18499755859375 153.8990020751953
v 269.5450134277344 123.88300323486328 167.00100708007812
v 269.822998046875 124.81700134277344 166.17999267578125
v 253.34100341796875 206.13699340820312 158.6510009765625
v 252.71800231933594 204.60899353027344 155.45799255371094
v 254.8260040283203 203.8730010986328 157.1739959716797
v 254.52999877929688 102.64700317382812 163.76199340820312
v 255.48300170898438 103.83699798583984 163.30799865722656
v 255.24600219726562 104.68900299072266 164.23399353027344
v 255.55599975585938 103.15799713134766 162.85400390625
v 233.81199645996094 215.5679931640625 153.86700439453125
v 209.13099670410156 119.49700164794922 194.2570037841797
v 206.52200317382812 124.52799987792969 198.11300659179688
v 213.51300048828125 123.48799896240234 200.8249969482422
v 201.5570068359375 122.98600006103516 193.75599670410156
v 175.9429931640625 164.01600646972656 173.281005859375
v 180.13499450683594 162.87600708007812 173.59800720214844
v 174.4929962158203 170.00100708007812 169.42599487304688
v 254.50999450683594 101.20700073242188 162.55999755859375
v 254.281005859375 100.0469970703125 162.01199340820312
v 255.44400024414062 101.21099853515625 161.83799743652344
v 253.03700256347656 100.40699768066406 163.69900512695312
v 238.24200439453125 217.0970001220703 154.0260009765625
v 231.4040069580078 217.04600524902344 153.53799438476562
v 230.98899841308594 218.0590057373047 152.6909942626953
v 231.51600646972656 86.3324966430664 169.28900146484375
v 231.08299255371094 87.56310272216797 171.39199829101562
v 231.0780029296875 84.7947006225586 169.20799255371094
v 208.74099731445312 117.03199768066406 187.41200256347656
v 202.84300231933594 120.37100219726562 187.33999633789062
v 215.7779998779297 116.21700286865234 192.46600341796875
v 236.0800018310547 218.11300659179688 153.38499450683594
v 235.20399475097656 218.63999938964844 153.42300415039062
v 236.7050018310547 217.7530059814453 153.54200744628906
v 237.5469970703125 217.61599731445312 154.56199645996094
v 270.260986328125 184.78900146484375 193.6750030517578
v 272.48199462890625 176.61199951171875 190.08399963378906
v 272.0849914550781 176.1020050048828 198.10499572753906
v 270.156005859375 183.88099670410156 183.197998046875
v 235.86300659179688 84.26909637451172 165.36300659179688
v 200.16200256347656 194.4969940185547 174.7220001220703
v 213.68299865722656 201.85000610351562 172.0469970703125
v 235.85400390625 218.4530029296875 153.7949981689453
v 234.84800720214844 210.49200439453125 160.75900268554688
v 230.4499969482422 217.0800018310547 154.23899841308594
v 230.9669952392578 219.0749969482422 152.4759979248047
v 229.49899291992188 219.18299865722656 153.0290069580078
v 229.75599670410156 218.156005859375 153.26499938964844
v 230.43499755859375 219.6490020751953 152.68600463867188
v 256.5169982910156 186.36300659179688 171.92300415039062
v 254.36300659179688 182.96800231933594 176.26400756835938
v 262.64300537109375 177.05799865722656 172.0019989013672
v 248.8990020751953 190.20199584960938 174.6820068359375
v 233.90899658203125 219.4429931640625 154.0189971923828
v 222.69400024414062 220.04100036621094 156.34800720214844
v 223.86599731445312 219.85299682617188 155.71800231933594
v 223.8040008544922 220.42599487304688 155.43699645996094
v 223.85800170898438 218.93600463867188 156.6929931640625
v 229.7899932861328 219.82400512695312 153.00799560546875
v 230.51100158691406 220.28700256347656 153.56500244140625
v 231.39599609375 219.96499633789062 153.1439971923828
v 231.88999938964844 219.5919952392578 152.65199279785156
v 256.4859924316406 109.10700225830078 166.2830047607422
v 258.1189880371094 109.24199676513672 164.1219940185547
v 258.57501220703125 111.02999877929688 165.06199645996094
v 256.0260009765625 106.65399932861328 164.8179931640625
v 183.4010009765625 205.11099243164062 161.1510009765625
v 185.20199584960938 204.75100708007812 160.25799560546875
v 184.5919952392578 206.30499267578125 160.2010040283203
v 182.76499938964844 202.93499755859375 161.5500030517578
v 259.8900146484375 173.54600524902344 177.02699279785156
v 267.24798583984375 170.12100219726562 170.14700317382812
v 261.3580017089844 194.1060028076172 154.3419952392578
v 260.96099853515625 194.26100158691406 154.3260040283203
v 260.9339904785156 193.6580047607422 155.17999267578125
v 260.6990051269531 194.94900512695312 154.51400756835938
v 174.2899932861328 184.70799255371094 166.75100708007812
v 174.7239990234375 183.802001953125 166.40699768066406
v 175.16200256347656 184.24000549316406 166.48300170898438
v 173.99200439453125 183.19200134277344 166.5019989013672
v 260.77099609375 157.77099609375 182.63299560546875
v 265.90301513671875 161.01199340820312 177.13999938964844
v 260.010009765625 166.3679962158203 180.61500549316406
v 267.2090148925781 153.56700134277344 177.14199829101562
v 249.0030059814453 159.93600463867188 187.01800537109375
v 259.9949951171875 145.21400451660156 183.71200561523438
v 257.69500732421875 164.19700622558594 183.6959991455078
v 230.9770050048828 82.85700225830078 168.85299682617188
v 229.63600158691406 83.66100311279297 172.8520050048828
v 230.7779998779297 81.92990112304688 170.29600524902344
v 262.1600036621094 193.79299926757812 154.56100463867188
v 261.5769958496094 192.9040069580078 155.18699645996094
v 262.97100830078125 193.93600463867188 155.38099670410156
v 263.2130126953125 192.91900634765625 155.19400024414062
v 259.8800048828125 111.24299621582031 163.57899475097656
v 260.2430114746094 110.8479995727539 163.25599670410156
v 260.7430114746094 111.42400360107422 163.2469940185547
v 259.6730041503906 110.33599853515625 163.3249969482422
v 244.21099853515625 202.20599365234375 165.4029998779297
v 247.91700744628906 204.41000366210938 158.83999633789062
v 246.468994140625 206.0989990234375 157.65199279785156
v 248.58900451660156 201.2949981689453 162.85000610351562
v 203.86900329589844 212.91400146484375 160.77499389648438
v 205.33999633789062 209.25799560546875 164.77699279785156
v 174.31399536132812 141.74000549316406 204
v 170.54600524902344 137.4929962158203 200.63900756835938
v 172.1739959716797 140.86900329589844 204
v 175.67300415039062 139.71400451660156 204
v 194.81900024414062 213.4759979248047 158.0679931640625
v 195.60499572753906 214.3979949951172 159.03700256347656
v 193.8679962158203 214.5260009765625 161.3560028076172
v 196.8820037841797 213.85299682617188 157.4459991455078
v 177.468994140625 206.68099975585938 204
v 178.26199340820312 207.88999938964844 200.406005859375
v 178.2449951171875 208.79200744628906 204
v 177.12100219726562 204.79299926757812 195.4949951171875
v 245.18699645996094 213.26100158691406 156.18499755859375
v 245.86199951171875 212.74000549316406 156.5229949951172
v 245.30999755859375 213.81700134277344 159.66700744628906
v 245.4969940185547 212.8820037841797 155.10699462890625
v 191.3459930419922 212.1929931640625 158.81700134277344
v 191.5050048828125 213.2429962158203 160.98899841308594
v 189.37600708007812 212.02200317382812 160.3560028076172
v 193.2270050048828 212.3090057373047 157.76499938964844
v 256.22100830078125 201.1739959716797 155.26600646972656
v 258.6159973144531 198.64199829101562 154.968994140625
v 254.9040069580078 201.14100646972656 155.28700256347656
v 239.51300048828125 90.04340362548828 164.71499633789062
v 239.843994140625 85.60810089111328 164.4010009765625
v 234.4810028076172 89.70899963378906 168.81100463867188
v 180.17300415039062 210.44700622558594 198.08799743652344
v 181.35499572753906 213.8520050048828 201.98699951171875
v 180.73199462890625 213.42799377441406 204
v 182.968994140625 214.01100158691406 196.11199951171875
v 195.64199829101562 225.2830047607422 201.1739959716797
v 199.1719970703125 227.88699340820312 204
v 197.18600463867188 226.8979949951172 204
v 208.04600524902344 222.1179962158203 166.34100341796875
v 214.7169952392578 222.5330047607422 161.5989990234375
v 212.26400756835938 224.55299377441406 169.6009979248047
v 212.6009979248047 219.5030059814453 159.9219970703125
v 264.1080017089844 191.7209930419922 155.48899841308594
v 264.4219970703125 190.57200622558594 155.4720001220703
v 263.68798828125 190.95700073242188 155.20599365234375
v 268.4410095214844 182.16099548339844 157.86700439453125
v 268.7130126953125 183.04200744628906 157.28700256347656
v 267.97601318359375 183.77699279785156 157.12399291992188
v 269.3429870605469 182.7030029296875 157.9149932861328
v 253.94700622558594 202.9459991455078 154.69700622558594
v 242.02099609375 119.88800048828125 187.0540008544922
v 237.5749969482422 108.62200164794922 182.77000427246094
v 247.08700561523438 114.47599792480469 179.9929962158203
v 240.31100463867188 122.43299865722656 187.66299438476562
v 253.64300537109375 203.88800048828125 155.14300537109375
v 258.9739990234375 113.77799987792969 167.33700561523438
v 260.6199951171875 113.25499725341797 164.33700561523438
v 261.322998046875 115.13400268554688 166.2740020751953
v 259.7090148925781 112.21700286865234 164.47500610351562
v 273.83099365234375 147.15499877929688 185.91900634765625
v 272.0580139160156 145.625 176.14999389648438
v 272.4339904785156 137.0019989013672 185.92999267578125
v 273.3970031738281 150.86000061035156 174.0229949951172
v 173.56199645996094 178.13499450683594 166.447998046875
v 173.60400390625 178.70199584960938 166.4510040283203
v 255.60000610351562 102.41300201416016 162.38499450683594
v 212.2469940185547 143.5489959716797 188.50799560546875
v 205.1009979248047 151.85299682617188 187.18299865722656
v 205.93800354003906 130.18600463867188 187.39700317382812
v 223.25999450683594 165.63499450683594 188.28399658203125
v 226.77699279785156 222.4029998779297 158.0780029296875
v 226.7740020751953 222.0800018310547 157.0070037841797
v 227.11700439453125 221.81700134277344 156.38699340820312
v 225.9530029296875 221.96400451660156 156.79200744628906
v 253.5399932861328 201.76100158691406 154.9029998779297
v 249.3509979248047 207.28799438476562 154.09100341796875
v 248.2949981689453 206.6439971923828 155.1479949951172
v 199.32200622558594 212.43600463867188 158.68099975585938
v 199.16299438476562 211.66200256347656 159.4929962158203
v 199.83900451660156 212.5050048828125 158.88099670410156
v 198.31300354003906 212.15199279785156 158.48699951171875
v 247.3459930419922 207.64199829101562 154.34300231933594
v 248.38299560546875 208.41700744628906 154.00100708007812
v 200.5659942626953 215.2570037841797 157.83099365234375
v 200.16900634765625 213.968994140625 157.8459930419922
v 201.5760040283203 214.38999938964844 158.3520050048828
v 198.9530029296875 214.76600646972656 157.51300048828125
v 270.01800537109375 167.16200256347656 168.36900329589844
v 270.42401123046875 168.86199951171875 166.54600524902344
v 271.93499755859375 165.70799255371094 168.73599243164062
v 250.26499938964844 207.5240020751953 154.802001953125
v 249.63600158691406 208.40199279785156 155.4080047607422
v 267.2349853515625 177.16200256347656 165.3520050048828
v 267.2959899902344 178.9080047607422 163.5570068359375
v 263.5429992675781 181.11399841308594 167.2790069580078
v 269.1050109863281 177.38800048828125 162.90199279785156
v 232.01100158691406 220.86700439453125 156.76699829101562
v 233.9290008544922 220.17300415039062 157.406005859375
v 255.88600158691406 103.04900360107422 162.39100646972656
v 256.3890075683594 103.35800170898438 162.2740020751953
v 174.26499938964844 176.24099731445312 166.76400756835938
v 243.3070068359375 88.46510314941406 162.5449981689453
v 243.7740020751953 90.92870330810547 161.1649932861328
v 245.51400756835938 90.30740356445312 161.49099731445312
v 249.0709991455078 208.27999877929688 154.11300659179688
v 245.35800170898438 88.81089782714844 167.10499572753906
v 266.8290100097656 181.6820068359375 160.81399536132812
v 246.21299743652344 208.31300354003906 153.8249969482422
v 247.33599853515625 208.5189971923828 153.44400024414062
v 264 115.4739990234375 164.5469970703125
v 264.9219970703125 116.40899658203125 165.6929931640625
v 263.22601318359375 116.26300048828125 166.0500030517578
v 264.83099365234375 115.49099731445312 164.6719970703125
v 238.8780059814453 217.7830047607422 157.63900756835938
v 239.56900024414062 216.86399841308594 155.82899475097656
v 241.24400329589844 216.66700744628906 158.26400756835938
v 188.05799865722656 207.58599853515625 158.5780029296875
v 187.44500732421875 206.0330047607422 159.39599609375
v 189.4709930419922 207.5590057373047 158.61900329589844
v 186.6179962158203 207.58399963378906 159.18299865722656
v 265.6709899902344 114.4520034790039 196.34800720214844
v 263.7229919433594 112.01599884033203 202.17799377441406
v 264.8059997558594 114.26699829101562 204
v 263.0450134277344 109.08300018310547 189.24000549316406
v 250.06900024414062 203.7779998779297 156.9709930419922
v 266.6400146484375 122.38700103759766 166.68499755859375
v 268.14898681640625 123.68599700927734 165.66600036621094
v 267.7200012207031 125.73699951171875 166.56100463867188
v 267.9949951171875 121.72599792480469 166.30799865722656
v 262.99798583984375 114.89600372314453 164.2469940185547
v 184.9250030517578 207.1909942626953 160.13299560546875
v 185.427001953125 207.08099365234375 159.78799438476562
v 184.2790069580078 207.24000549316406 160.8260040283203
v 175.4250030517578 158.88999938964844 182.20899963378906
v 174.21400451660156 165.58799743652344 179.74899291992188
v 179.24400329589844 157.6280059814453 176.35699462890625
v 236.57200622558594 219.13699340820312 158.3990020751953
v 236.9199981689453 218.16799926757812 155.3070068359375
v 236.1929931640625 218.5189971923828 154.88600158691406
v 183.51499938964844 206.49200439453125 161.33999633789062
v 184.86700439453125 144.0240020751953 183.3769989013672
v 176.4510040283203 150.05499267578125 181.56500244140625
v 171.22999572753906 138.21299743652344 187.02099609375
v 187.77999877929688 159.69000244140625 179.73800659179688
v 184.37600708007812 202.29100036621094 161.3730010986328
v 182.81199645996094 201.3159942626953 161.5780029296875
v 179.0290069580078 131.37399291992188 195.822998046875
v 266.5450134277344 120.27200317382812 166.4510040283203
v 264.8080139160156 119.16300201416016 167.6929931640625
v 246.4969940185547 211.54299926757812 154.531005859375
v 229.53599548339844 87.75090026855469 204
v 229.02699279785156 87.20570373535156 202.322998046875
v 228.79200744628906 87.50170135498047 204
v 230.85499572753906 88.30789947509766 204
v 263.8330078125 186.38900756835938 160.46200561523438
v 263.3699951171875 188.99099731445312 157.75100708007812
v 264.49700927734375 187.9530029296875 156.98500061035156
v 194.03399658203125 210.89300537109375 157.68699645996094
v 193.43800354003906 211.11399841308594 157.3990020751953
v 193.53599548339844 210.5189971923828 157.99200439453125
v 194.66299438476562 211.4219970703125 157.40199279785156
v 270.4779968261719 181.35699462890625 160.00900268554688
v 270.6180114746094 180.46400451660156 161.927001953125
v 270.2900085449219 182.43600463867188 161.26800537109375
v 270.4100036621094 180.26499938964844 159.63900756835938
v 244.41700744628906 213.927001953125 156.2729949951172
v 245.6439971923828 212.6230010986328 154.47300720214844
v 253.1540069580078 193.72500610351562 167.77200317382812
v 251.2429962158203 198.4199981689453 163.89999389648438
v 246.1510009765625 196.8419952392578 170.21200561523438
v 255.18800354003906 196.23800659179688 161.63900756835938
v 269.9360046386719 170.35400390625 166.0800018310547
v 270.8240051269531 171.9720001220703 166.26600646972656
v 185.80099487304688 206.4029998779297 159.66700744628906
v 186.61500549316406 203.6510009765625 160.98300170898438
v 223.7530059814453 93.8021011352539 184.13900756835938
v 229.58299255371094 91.8843994140625 175.927001953125
v 229.33900451660156 99.86139678955078 181.1929931640625
v 227.6199951171875 86.20210266113281 179.65899658203125
v 195.23500061035156 210.66900634765625 158.30599975585938
v 195.7969970703125 210.72799682617188 158.54400634765625
v 194.88099670410156 210.83999633789062 158.00900268554688
v 194.7779998779297 210.17599487304688 158.47999572753906
v 195.76199340820312 211.68800354003906 157.69000244140625
v 196.89300537109375 211.60899353027344 158.29800415039062
v 177.05799865722656 186.09300231933594 167.24400329589844
v 176.8159942626953 184.64100646972656 167.5679931640625
v 178.6999969482422 184.55799865722656 169.37600708007812
v 175.86099243164062 184.218994140625 166.81900024414062
v 268.7760009765625 186.18099975585938 159.63400268554688
v 269.0010070800781 185.00999450683594 158.85699462890625
v 269.3699951171875 184.98800659179688 163.6540069580078
v 268.7200012207031 185.406005859375 157.6020050048828
v 217.4250030517578 118.0989990234375 201.6999969482422
v 263.8900146484375 193.90499877929688 157.4720001220703
v 242.54200744628906 214.82200622558594 154.5919952392578
v 242.8280029296875 215.5399932861328 158.06199645996094
v 256.4849853515625 101.72200012207031 161.843994140625
v 257.4859924316406 102.0530014038086 162.5709991455078
v 257.4209899902344 102.82599639892578 162.26400756835938
v 257.2340087890625 101.19000244140625 162.70799255371094
v 267.28399658203125 118.70500183105469 192.4969940185547
v 264.3299865722656 112.24299621582031 184.1490020751953
v 256.3609924316406 100.03299713134766 162.29299926757812
v 227.8280029296875 221.3509979248047 155.31300354003906
v 228.10499572753906 221.91099548339844 156.7010040283203
v 228.9340057373047 221.77499389648438 156.4709930419922
v 228.37600708007812 222.31399536132812 158.5
v 274.43798828125 150.91299438476562 202.37600708007812
v 273.6470031738281 148.96800231933594 204
v 273.6189880371094 149.9340057373047 204
v 267.32501220703125 190.343994140625 165.52999877929688
v 268.3489990234375 187.9040069580078 172.281005859375
v 268.3689880371094 187.5959930419922 162.19700622558594
v 255.38600158691406 100.02899932861328 161.6750030517578
v 180.03199768066406 201.98199462890625 164.96200561523438
v 180.89199829101562 202.2949981689453 162.88900756835938
v 181.5959930419922 204.2729949951172 163.8300018310547
v 180.16000366210938 200.74899291992188 163.21400451660156
v 180.66400146484375 178.92999267578125 172.13900756835938
v 177.302001953125 175.89700317382812 169.19900512695312
v 181.9810028076172 169.78900146484375 173.81100463867188
v 176.49400329589844 182.16700744628906 167.88800048828125
v 175.06300354003906 188.54800415039062 166.68899536132812
v 176.16799926757812 191.0030059814453 166.70700073242188
v 173.64199829101562 187.6490020751953 168.97799682617188
v 175.9250030517578 189.68299865722656 166.41400146484375
v 228.70199584960938 217.802001953125 154.56300354003906
v 229.8560028076172 215.63499450683594 156.84300231933594
v 232.0070037841797 215.72900390625 155.21200561523438
v 187.86900329589844 138.7830047607422 204
v 185.35400390625 137.5050048828125 202.0260009765625
v 185.88600158691406 140.40899658203125 204
v 223.82200622558594 221.9709930419922 156.94200134277344
v 224.77499389648438 222.66600036621094 158.6179962158203
v 222.0590057373047 222.6649932861328 158.60000610351562
v 228.65199279785156 218.5279998779297 153.69200134277344
v 267.88800048828125 128.68099975585938 167.8040008544922
v 269.68499755859375 131.11599731445312 168.28199768066406
v 266.260009765625 130.27499389648438 170.88499450683594
v 269.6659851074219 128.07899475097656 166.89100646972656
v 227.73800659179688 218.8280029296875 154.1009979248047
v 227.35800170898438 218.60299682617188 154.66400146484375
v 270.6440124511719 179.031005859375 162.11099243164062
v 270.19000244140625 178.6179962158203 160.73500061035156
v 270.3529968261719 177.8070068359375 162.9409942626953
v 235.69000244140625 218.8419952392578 155.04400634765625
v 264.9440002441406 124.7020034790039 169.88600158691406
v 269.66900634765625 131.07699584960938 202.32400512695312
v 269.33099365234375 128.26400756835938 200.00900268554688
v 269.5169982910156 128.75799560546875 204
v 270.7799987792969 134.08099365234375 198.38999938964844
v 269.4590148925781 180.0050048828125 158.89500427246094
v 269.94500732421875 180.63299560546875 158.6219940185547
v 269.4209899902344 181.33700561523438 158.25100708007812
v 270.10400390625 179.59800720214844 159.12899780273438
v 228.1719970703125 219.63900756835938 153.79600524902344
v 246.51800537109375 211.8780059814453 155.8000030517578
v 268.6700134277344 180.7530059814453 158.8679962158203
v 229.47900390625 220.50399780273438 154.0399932861328
v 226.79100036621094 219.49099731445312 154.60800170898438
v 248.89199829101562 97.42330169677734 164.26499938964844
v 249.1219940185547 96.86309814453125 162.8459930419922
v 250.81700134277344 97.8572998046875 163.28500366210938
v 246.35299682617188 96.52210235595703 164.66700744628906
v 273.49700927734375 162.7480010986328 170.38099670410156
v 274.760986328125 160.0760040283203 175.65899658203125
v 230.80599975585938 220.79800415039062 154.91600036621094
v 267.5409851074219 190.7740020751953 202.1439971923828
v 269.1929931640625 186.22300720214844 200.67599487304688
v 268.4540100097656 187.32200622558594 203.58200073242188
v 268.0979919433594 189.94900512695312 195.00599670410156
v 219.94700622558594 182.38800048828125 184.07400512695312
v 213.48399353027344 175.1840057373047 185.1199951171875
v 226.45599365234375 181.23699951171875 185.2779998779297
v 211.01199340820312 188.5030059814453 180.03799438476562
v 200.84500122070312 223.2270050048828 180.8280029296875
v 206.05999755859375 225.8280029296875 183.4499969482422
v 202.24899291992188 219.24000549316406 164.57000732421875
v 248.73899841308594 98.97440338134766 166.70899963378906
v 270.08099365234375 171.24099731445312 165.5229949951172
v 260.6310119628906 106.66600036621094 199.04600524902344
v 259.8909912109375 106.5260009765625 204
v 261.13800048828125 108.3759994506836 204.26100158691406
v 269.1189880371094 183.96800231933594 158.5570068359375
v 268.6289978027344 184.50100708007812 157.30099487304688
v 223.45199584960938 221.1179962158203 155.86099243164062
v 224.09800720214844 221.3179931640625 155.59800720214844
v 224.21299743652344 221.61700439453125 156.04299926757812
v 224.24099731445312 220.89300537109375 155.322998046875
v 229.95599365234375 221.47799682617188 156.45599365234375
v 198.2259979248047 216.61300659179688 161.9029998779297
v 200.37100219726562 216.39199829101562 159.56700134277344
v 197.50799560546875 215.1510009765625 158.9949951171875
v 267.9419860839844 185.11700439453125 156.22000122070312
v 267.52301025390625 184.63600158691406 156.60499572753906
v 268.177001953125 184.48800659179688 156.67599487304688
v 267.12701416015625 185.17799377441406 156.29299926757812
v 267.3340148925781 185.7519989013672 155.78500366210938
v 267.9020080566406 186.21299743652344 156.16600036621094
v 268.427001953125 185.52200317382812 156.64100646972656
v 268.3919982910156 186.13999938964844 157.33599853515625
v 173.26300048828125 171.40699768066406 174.00900268554688
v 266.0849914550781 187.03799438476562 155.7830047607422
v 266.697998046875 185.9199981689453 155.96800231933594
v 265.1099853515625 187.44000244140625 156.55799865722656
v 265.5220031738281 188.7830047607422 155.42300415039062
v 264.8739929199219 188.97500610351562 155.58799743652344
v 266.0769958496094 189.13600158691406 155.52499389648438
v 257.0350036621094 99.53070068359375 169.7100067138672
v 255.7779998779297 98.69819641113281 164.3070068359375
v 252.88999938964844 96.12039947509766 172.78500366210938
v 257.57501220703125 100.40499877929688 165.10499572753906
v 255.41200256347656 211.36300659179688 188.76499938964844
v 256.4750061035156 210.50599670410156 195.11399841308594
v 254.9250030517578 212.34500122070312 197.9250030517578
v 255.26100158691406 98.96810150146484 161.92799377441406
v 269.2239990234375 125.37899780273438 165.95399475097656
v 256.19500732421875 205.125 163.01499938964844
v 256.75201416015625 202.83399963378906 158.51400756835938
v 265.614990234375 193.45399475097656 164.031005859375
v 196.45799255371094 128.9739990234375 186.20799255371094
v 196.24000549316406 125.25199890136719 191.57699584960938
v 265.21099853515625 189.83999633789062 155.32200622558594
v 266.46099853515625 189.73800659179688 156.64700317382812
v 265.7550048828125 189.9080047607422 155.6750030517578
v 267.0050048828125 189.46200561523438 157.72300720214844
v 264.31298828125 189.25799560546875 155.93699645996094
v 264.7919921875 189.9510040283203 155.3459930419922
v 263.2909851074219 190.39500427246094 155.99899291992188
v 265.302001953125 190.51800537109375 155.71200561523438
v 172.69900512695312 190.2729949951172 204
v 173.1009979248047 189.1439971923828 204
v 172.3769989013672 187.40499877929688 201.23399353027344
v 262.9440002441406 191.67100524902344 155.07400512695312
v 173.13999938964844 171.71299743652344 186.76400756835938
v 172.32200622558594 181.5290069580078 185.4980010986328
v 173.5019989013672 173.58399963378906 197.4040069580078
v 171.98199462890625 177.3780059814453 176.51100158691406
v 171.97799682617188 180.0760040283203 169.322998046875
v 171.85699462890625 183.44400024414062 172.87899780273438
v 172.0659942626953 176.68600463867188 170.39500427246094
v 197.39700317382812 212.84100341796875 157.45700073242188
v 196.25599670410156 212.58700561523438 157.29600524902344
v 231.25100708007812 225.81500244140625 180.86300659179688
v 240.01300048828125 223.9810028076172 190.41799926757812
v 231.3679962158203 228.0659942626953 191.6699981689453
v 241.11500549316406 221.0570068359375 177.80299377441406
v 247.4510040283203 216.64500427246094 175.85400390625
v 248.73500061035156 218.4969940185547 191.19200134277344
v 252.3350067138672 213.41000366210938 179.95399475097656
v 262.135986328125 191.8070068359375 155.7550048828125
v 262.1570129394531 192.6009979248047 154.8090057373047
v 261.7099914550781 191.67100524902344 156.86199951171875
v 223.51499938964844 87.54920196533203 187.2449951171875
v 228.2740020751953 85.48310089111328 190.24200439453125
v 219.4290008544922 222.24200439453125 158.1510009765625
v 220.9949951171875 221.1820068359375 157.07699584960938
v 217.5240020751953 221.1790008544922 158.26100158691406
v 259.39599609375 196.2310028076172 154.77200317382812
v 260.6969909667969 204.1750030517578 204
v 260.447998046875 204.68499755859375 204
v 260.864990234375 203.71200561523438 201.12899780273438
v 262.5150146484375 109.2030029296875 198.30499267578125
v 262.4049987792969 110.197998046875 204.25900268554688
v 262.83099365234375 110.90899658203125 204.92599487304688
v 250.3509979248047 93.50779724121094 168.01199340820312
v 246.72000122070312 90.71949768066406 175.12399291992188
v 253.593994140625 97.0697021484375 164.8090057373047
v 258.0350036621094 102.45800018310547 163.3209991455078
v 258.5429992675781 102.41600036621094 164.43899536132812
v 258.4159851074219 102.9209976196289 163.6929931640625
v 258.2919921875 101.74600219726562 164.96400451660156
v 166.48199462890625 151.0760040283203 204
v 167.61500549316406 151.51699829101562 201.00999450683594
v 166.8090057373047 152.072998046875 204
v 166.63600158691406 149.1909942626953 201.69400024414062
v 270.2760009765625 181.91400146484375 164.4770050048828
v 269.86700439453125 183.7550048828125 161.64599609375
v 173.41400146484375 173.10699462890625 168.7830047607422
v 172.88499450683594 175.58999633789062 167.89599609375
v 267.24700927734375 183.13600158691406 158.24000549316406
v 245.87100219726562 207.59100341796875 155.57400512695312
v 248.88699340820312 209.22999572753906 155.4290008544922
v 250.60699462890625 208.468994140625 157.73899841308594
v 248.02699279785156 210.42100524902344 156.20199584960938
v 180.59800720214844 201.1479949951172 162.39500427246094
v 181.32899475097656 201.7030029296875 161.90699768066406
v 180.5489959716797 201.59300231933594 162.58299255371094
v 181.01699829101562 200.9709930419922 161.94500732421875
v 246.38299560546875 211.8249969482422 154.97000122070312
v 202.47300720214844 215.5070037841797 158.4720001220703
v 202.33299255371094 214.86500549316406 158.36399841308594
v 269.37298583984375 168.95700073242188 167.1999969482422
v 269.9020080566406 160.94200134277344 172.91700744628906
v 271.7550048828125 158.04200744628906 171.69700622558594
v 264.6910095214844 114.47100067138672 172.1959991455078
v 262.85198974609375 111.61699676513672 168.89300537109375
v 262.81298828125 110.25399780273438 176.14100646972656
v 264.0509948730469 113.50199890136719 166.74000549316406
v 235.88099670410156 214.3260040283203 154.35000610351562
v 218.38699340820312 223.01300048828125 160.4770050048828
v 220.8159942626953 225.2429962158203 170.7030029296875
v 222.1439971923828 223.42799377441406 161.55999755859375
v 175.56700134277344 185.73899841308594 166.49200439453125
v 176.32000732421875 186.6929931640625 166.4770050048828
v 232.92799377441406 213.66299438476562 157.54400634765625
v 243.45700073242188 214.36500549316406 155
v 243.8090057373047 214.63099670410156 157.33799743652344
v 240.4770050048828 215.60000610351562 153.6739959716797
v 240.99400329589844 215.0970001220703 153.26600646972656
v 240.74000549316406 215.6999969482422 154.2989959716797
v 245.26499938964844 215.1959991455078 164.56199645996094
v 227.00999450683594 221.30299377441406 155.47799682617188
v 240.53799438476562 216.17999267578125 155.31900024414062
v 198.968994140625 180.42599487304688 180.6439971923828
v 188.7760009765625 174.75100708007812 178.0290069580078
v 199.18600463867188 166.5800018310547 183.72000122070312
v 190.3459930419922 185.97000122070312 176.42300415039062
v 190.48899841308594 209.51400756835938 158.1820068359375
v 191.35699462890625 209.80499267578125 157.95899963378906
v 190.4720001220703 210.4739990234375 157.98399353027344
v 190.67799377441406 208.93800354003906 158.31100463867188
v 257.7799987792969 107.52400207519531 163.41700744628906
v 258.60101318359375 107.01699829101562 163.35899353027344
v 258.5669860839844 108.50700378417969 163.35400390625
v 257.8280029296875 106.41600036621094 163.05799865722656
v 194.17799377441406 209.63099670410156 158.6269989013672
v 194.4409942626953 209.322998046875 159.072998046875
v 193.63999938964844 209.49000549316406 158.5500030517578
v 267.60198974609375 188.66099548339844 159.12399291992188
v 198.7050018310547 213.66600036621094 157.39599609375
v 236.15199279785156 90.61530303955078 201.2449951171875
v 233.63600158691406 88.55069732666016 194.14199829101562
v 231.94000244140625 88.52300262451172 199.89999389648438
v 236.56500244140625 89.0072021484375 190.697998046875
v 240.68600463867188 209.4040069580078 158.00799560546875
v 226.53399658203125 217.5019989013672 156.65699768066406
v 260.3269958496094 108.51000213623047 164.81300354003906
v 224.4040069580078 219.79600524902344 155.5760040283203
v 224.87399291992188 219.79800415039062 155.49200439453125
v 225.55799865722656 219.5399932861328 155.42100524902344
v 224.3509979248047 220.33900451660156 155.29400634765625
v 224.906005859375 220.31900024414062 155.25100708007812
v 225.4530029296875 220.3179931640625 155.21499633789062
v 226.06399536132812 220.26600646972656 155.07699584960938
v 226.70599365234375 220.36099243164062 154.7760009765625
v 224.83599853515625 220.8780059814453 155.3419952392578
v 225.4029998779297 220.87600708007812 155.33799743652344
v 225.95199584960938 220.843994140625 155.2729949951172
v 226.5050048828125 220.83599853515625 155.18299865722656
v 227.11000061035156 220.88699340820312 154.9550018310547
v 245.8090057373047 92.18280029296875 160.79400634765625
v 242.81500244140625 93.97470092773438 164.1439971923828
v 263.2959899902344 197.90499877929688 168.5
v 256.5889892578125 111.1719970703125 168.093994140625
v 254.68800354003906 114.60800170898438 173.50599670410156
v 252.26300048828125 105.85299682617188 169.1959991455078
v 224.56900024414062 221.32200622558594 155.6020050048828
v 225.11500549316406 221.51800537109375 155.93899536132812
v 225.82699584960938 221.33999633789062 155.6540069580078
v 226.41299438476562 221.36900329589844 155.66700744628906
v 229.2220001220703 221.3280029296875 155.20599365234375
v 234.7530059814453 82.16400146484375 168.15199279785156
v 232.67599487304688 82.29550170898438 167.98899841308594
v 219.98800659179688 98.88780212402344 190.13699340820312
v 224.197998046875 103.37100219726562 185.73500061035156
v 220.26100158691406 94.50900268554688 189.1269989013672
v 266.3110046386719 185.26499938964844 157.25999450683594
v 183.9250030517578 193.9600067138672 167.90899658203125
v 180.26499938964844 188.56399536132812 168.95799255371094
v 184.95799255371094 188.8249969482422 172.3730010986328
v 179.7760009765625 192.13699340820312 166.51800537109375
v 231.71400451660156 186.46099853515625 182.19000244140625
v 232.44400024414062 177.61099243164062 186.33200073242188
v 222.8300018310547 188.66200256347656 181.0989990234375
v 199.1479949951172 215.44000244140625 158.15499877929688
v 268.5480041503906 185.0290069580078 156.83999633789062
v 214.4429931640625 229.44400024414062 194.08700561523438
v 205.91900634765625 228.968994140625 197.13999938964844
v 211.06399536132812 229.68899536132812 195.81700134277344
v 268.6730041503906 185.36599731445312 157.03500366210938
v 272.93499755859375 168.093994140625 199.83299255371094
v 178.80099487304688 199.53199768066406 168.52499389648438
v 179.3520050048828 200.82699584960938 166.15899658203125
v 178.85899353027344 197.62100219726562 164.4810028076172
v 227.92100524902344 109.43399810791016 186.2729949951172
v 231.14500427246094 108.18699645996094 185.64500427246094
v 221.93800354003906 105.48400115966797 186.552001953125
v 243.72500610351562 222.98699951171875 199.09500122070312
v 245.7469940185547 221.77699279785156 200.85499572753906
v 255.95700073242188 210.61500549316406 199.8209991455078
v 248.30499267578125 209.56300354003906 154.64199829101562
v 230.49400329589844 84.3196029663086 180.4949951171875
v 177.70199584960938 204.40499877929688 189.843994140625
v 180.24400329589844 206.02499389648438 182.156005859375
v 238.13400268554688 83.30789947509766 167.9320068359375
v 241.80599975585938 85.71029663085938 166.2169952392578
v 255.97300720214844 101.52899932861328 200.80099487304688
v 258.593994140625 104.86699676513672 204
v 258.37701416015625 103.46299743652344 191.53799438476562
v 183.29400634765625 183.89500427246094 173.36500549316406
v 200.29400634765625 212.40499877929688 159.42100524902344
v 199.7989959716797 211.57000732421875 159.9949951171875
v 200.33200073242188 211.5780029296875 160.27699279785156
v 267.2669982910156 165.96400451660156 173.44700622558594
v 251.34300231933594 207.3000030517578 156.6219940185547
v 186.18099975585938 200.6280059814453 163.781005859375
v 186.0050048828125 202.00900268554688 162.29400634765625
v 251.13900756835938 96.82820129394531 196.1280059814453
v 256.9960021972656 101.56099700927734 180.92799377441406
v 194.01499938964844 210.50399780273438 158.09800720214844
v 194.12899780273438 210.0760040283203 158.34800720214844
v 191.89500427246094 211.11900329589844 157.55599975585938
v 192.36700439453125 210.2729949951172 157.77099609375
v 249.83799743652344 96.17919921875 162.2209930419922
v 250.17599487304688 94.55159759521484 163.4080047607422
v 251.28500366210938 96.6511001586914 162.4250030517578
v 248.2570037841797 93.79350280761719 161.48899841308594
v 195.072998046875 212.45799255371094 157.17799377441406
v 178.6490020751953 193.80799865722656 165.50399780273438
v 180.84100341796875 194.96299743652344 165.11700439453125
v 179.75599670410156 195.65499877929688 164.30599975585938
v 247.0709991455078 211.968994140625 158.65199279785156
v 187.7270050048828 208.27000427246094 158.49600219726562
v 215.9409942626953 219.7790069580078 158.6929931640625
v 215.01600646972656 220.86300659179688 158.9040069580078
v 219.41400146484375 218.96299743652344 158.4929962158203
v 270.0459899902344 133.36700439453125 201.8470001220703
v 272.85198974609375 140.38699340820312 197.4709930419922
v 184.1580047607422 198.98500061035156 163.7259979248047
v 185.12600708007812 198.6320037841797 164.80299377441406
v 184.41299438476562 199.69200134277344 163.3300018310547
v 182.97900390625 197.41000366210938 164.36399841308594
v 182.85400390625 207.7050018310547 166.2480010986328
v 182.7310028076172 206.22900390625 162.76300048828125
v 183.4149932861328 207.61700439453125 162.91200256347656
v 215.12100219726562 88.74259948730469 204
v 215.7100067138672 89.82460021972656 204
v 215.07899475097656 87.4634017944336 204
v 261.375 108.10600280761719 169.5749969482422
v 245.30799865722656 182.2030029296875 180.83999633789062
v 267.2569885253906 172.66799926757812 168.28700256347656
v 251.9709930419922 96.08999633789062 163.7740020751953
v 252.7779998779297 97.82610321044922 162.22999572753906
v 247.4010009765625 212.83999633789062 163.18800354003906
v 253.40199279785156 102.84200286865234 165.61300659179688
v 251.6529998779297 100 165.05599975585938
v 226.13900756835938 223.0290069580078 160.7830047607422
v 266.114990234375 183.94000244140625 159.36199951171875
v 247.718994140625 91.72699737548828 163.21400451660156
v 219.7790069580078 101.89900207519531 197.19200134277344
v 220.281005859375 102.80799865722656 202.01300048828125
v 219.25900268554688 97.56950378417969 194.86000061035156
v 202.36300659179688 213.6199951171875 159.56500244140625
v 172.93699645996094 196.57899475097656 193.88800048828125
v 172.2570037841797 187.10699462890625 193.9040069580078
v 261.8179931640625 120.23999786376953 171.61099243164062
v 261.9549865722656 117.2249984741211 168.67599487304688
v 174.0970001220703 164.00399780273438 204
v 174.21800231933594 163.46499633789062 201.322998046875
v 174.39599609375 164.98199462890625 204
v 173.8719940185547 163.21200561523438 204
v 196.98300170898438 210.05599975585938 159.9720001220703
v 172.71800231933594 183.06399536132812 167.7239990234375
v 202.54100036621094 214.56900024414062 158.71499633789062
v 257.89898681640625 103.6969985961914 162.6439971923828
v 258.0360107421875 103.04499816894531 162.98199462890625
v 257.30999755859375 103.56300354003906 162.07000732421875
v 230.51199340820312 221.9980010986328 159.9550018310547
v 269.1669921875 178.33900451660156 161.43800354003906
v 247.97500610351562 95.68289947509766 162.05799865722656
v 246.36099243164062 93.92669677734375 161.1719970703125
v 245.75 94.95580291748047 162.35400390625
v 269.79400634765625 179.0970001220703 159.58299255371094
v 268.7200012207031 179.4429931640625 160.30999755859375
v 227.677001953125 115.37300109863281 187.75999450683594
v 228.78700256347656 128.36000061035156 188.427001953125
v 234.01499938964844 110.98200225830078 186.96600341796875
v 184.1439971923828 208.09300231933594 162.05599975585938
v 185.27499389648438 208.63400268554688 161.0260009765625
v 183.69400024414062 207.2429962158203 161.6699981689453
v 235.26699829101562 96.06950378417969 172.84100341796875
v 243.88299560546875 100.6240005493164 171.44700622558594
v 270.6440124511719 180.14599609375 163.4709930419922
v 270.6130065917969 179.60400390625 165.14500427246094
v 188.89500427246094 204.3159942626953 161.3509979248047
v 187.9080047607422 205 160.01699829101562
v 270.04998779296875 181.95700073242188 158.968994140625
v 266.3340148925781 117.62000274658203 167.8419952392578
v 231.95799255371094 145.57200622558594 188.8000030517578
v 248 219.87399291992188 204
v 246.7449951171875 220.9530029296875 204
v 239.66900634765625 192.55099487304688 176.68800354003906
v 238.9239959716797 91.16500091552734 197.156005859375
v 237.6750030517578 91.74810028076172 204
v 199.84100341796875 212.9709930419922 158.40899658203125
v 200.37600708007812 213.06900024414062 158.70399475097656
v 199.322998046875 213.0540008544922 158.0989990234375
v 182.38900756835938 135.14500427246094 199.18800354003906
v 175.29299926757812 184.70599365234375 166.4949951171875
v 175.21600341796875 183.77099609375 166.4949951171875
v 265.03900146484375 193.22000122070312 159.43299865722656
v 182.1439971923828 201.55599975585938 161.5749969482422
v 187.052001953125 210.68600463867188 161.30499267578125
v 188.23399353027344 212.6219940185547 164.17599487304688
v 185.03599548339844 209.85299682617188 163.8699951171875
v 264.6470031738281 114.78600311279297 164.21099853515625
v 264.5409851074219 114.26599884033203 163.8459930419922
v 264.7959899902344 114.33399963378906 164.3780059814453
v 264.20001220703125 114.35600280761719 163.49600219726562
v 174.18099975585938 171.2010040283203 204
v 174.06700134277344 173.0030059814453 204
v 174.2429962158203 168.0679931640625 198.65699768066406
v 220.18099975585938 102.23799896240234 190.0709991455078
v 233.94500732421875 89.93250274658203 204
v 235.25999450683594 90.56990051269531 204
v 180.41000366210938 199.68499755859375 162.9669952392578
v 173.14100646972656 193.69000244140625 185.4239959716797
v 176.38499450683594 197.8090057373047 177.92999267578125
v 174.70700073242188 200.56300354003906 193.69200134277344
v 173.44000244140625 189.968994140625 176.23300170898438
v 174.88900756835938 181.4499969482422 166.68899536132812
v 175.29100036621094 182.68099975585938 166.70399475097656
v 269.6390075683594 134.04800415039062 204
v 270.3399963378906 136.22000122070312 204
v 217.7429962158203 93.79139709472656 198.50599670410156
v 218.04600524902344 95.46379852294922 201.03199768066406
v 267.2080078125 175.21400451660156 166.8419952392578
v 268.89801025390625 175.74200439453125 164.0919952392578
v 192.39199829101562 223.64700317382812 204
v 195.92300415039062 224.18899536132812 196.35400390625
v 190.3509979248047 221.41900634765625 198.9510040283203
v 219.9510040283203 105.2979965209961 192.177001953125
v 253.25900268554688 213.72500610351562 204
v 253.6649932861328 213.69700622558594 200.88099670410156
v 253.80099487304688 213.13299560546875 204
v 252.88299560546875 214.16700744628906 204
v 232.62100219726562 86.68569946289062 186.6840057373047
v 202.62600708007812 215.093994140625 158.3769989013672
v 272.32598876953125 163.71099853515625 169.17999267578125
v 270.87799072265625 164.04400634765625 170.06399536132812
v 272.5119934082031 161.60299682617188 170.22300720214844
v 187.22300720214844 208.5260009765625 158.71400451660156
v 188.39999389648438 208.35899353027344 158.4010009765625
v 188.9810028076172 208.2779998779297 158.40699768066406
v 189.61500549316406 208.39300537109375 158.40499877929688
v 190.65499877929688 208.3090057373047 158.43499755859375
v 190.11000061035156 208.39500427246094 158.39999389648438
v 191.2899932861328 207.4929962158203 159.22999572753906
v 191.36199951171875 208.37100219726562 158.51199340820312
v 187.0229949951172 209.2270050048828 159.39599609375
v 187.36500549316406 208.9810028076172 158.7010040283203
v 187.81199645996094 208.8990020751953 158.447998046875
v 188.38499450683594 208.90499877929688 158.40199279785156
v 188.9530029296875 208.9010009765625 158.3979949951172
v 189.50799560546875 208.88499450683594 158.39199829101562
v 190.06700134277344 208.88699340820312 158.36099243164062
v 191.26300048828125 208.93899536132812 158.33599853515625
v 192.56300354003906 208.40499877929688 158.91600036621094
v 191.8730010986328 208.88600158691406 158.4510040283203
v 192.46400451660156 208.9320068359375 158.50399780273438
v 187.76100158691406 209.38400268554688 158.62100219726562
v 188.38400268554688 209.4720001220703 158.41600036621094
v 188.9550018310547 209.47000122070312 158.3939971923828
v 189.51400756835938 209.4320068359375 158.36099243164062
v 189.9709930419922 209.3300018310547 158.322998046875
v 191.84800720214844 209.5019989013672 158.2010040283203
v 192.38600158691406 209.52699279785156 158.28700256347656
v 193.09800720214844 208.93600463867188 158.66299438476562
v 192.9550018310547 209.45199584960938 158.41900634765625
v 188.302001953125 209.89999389648438 158.59500122070312
v 188.9239959716797 209.98399353027344 158.41600036621094
v 189.5330047607422 210.00999450683594 158.31399536132812
v 190.03700256347656 209.78599548339844 158.21299743652344
v 192.9980010986328 210.13600158691406 158.11599731445312
v 193.51199340820312 210.0189971923828 158.32000732421875
v 183.92799377441406 201.04600524902344 161.78900146484375
v 184.9080047607422 201.47300720214844 162.1320037841797
v 184.14700317382812 200.4759979248047 162.4010009765625
v 189.0030059814453 210.67300415039062 158.88800048828125
v 190.1490020751953 211.16299438476562 158.32899475097656
v 190.63999938964844 211.22500610351562 158.1009979248047
v 191.03500366210938 211.14500427246094 157.7689971923828
v 237.7050018310547 207.73199462890625 162.88600158691406
v 230.53900146484375 207.81399536132812 166.30099487304688
v 219.13400268554688 88.92620086669922 191.92799377441406
v 259.9840087890625 105.17500305175781 167.27699279785156
v 259.4570007324219 103.0459976196289 170.75999450683594
v 259.1789855957031 102.85399627685547 166.4499969482422
v 189.89700317382812 211.6219940185547 158.8820037841797
v 190.52999877929688 211.64100646972656 158.44400024414062
v 176.3090057373047 193.21099853515625 169.156005859375
v 191.1009979248047 211.6750030517578 158.1959991455078
v 256.2569885253906 104.8270034790039 163.093994140625
v 256.0950012207031 105.66500091552734 163.69000244140625
v 190.44900512695312 212.02099609375 158.97900390625
v 172.7790069580078 191.44000244140625 204
v 259.0480041503906 199.88499450683594 157.03599548339844
v 260.5740051269531 196.51400756835938 154.77099609375
v 218.81399536132812 84.26529693603516 194.72799682617188
v 216.21800231933594 84.38719940185547 197.88900756835938
v 217.11399841308594 82.26460266113281 201.22500610351562
v 216.72999572753906 87.17449951171875 196.6009979248047
v 193.36300659179688 213.2100067138672 158.81500244140625
v 201.08099365234375 127.85800170898438 198.9029998779297
v 202.5780029296875 130.7259979248047 204
v 206.0659942626953 128.53199768066406 204
v 200.9429931640625 213.16700744628906 159.19700622558594
v 200.92599487304688 213.60499572753906 158.625
v 195.18499755859375 225.86199951171875 204
v 181.54299926757812 198.66700744628906 163.10899353027344
v 181.98300170898438 198.2689971923828 163.2949981689453
v 182.16600036621094 199.13800048828125 162.8520050048828
v 181.0449981689453 198.11599731445312 163.1959991455078
v 201.3820037841797 213.62600708007812 159.02499389648438
v 201.86399841308594 213.82400512695312 159.093994140625
v 260.3089904785156 125.94100189208984 176.43499755859375
v 264.9739990234375 133.531005859375 174.9669952392578
v 166.16000366210938 146.75799560546875 204
v 165.99600219726562 148.20799255371094 204
v 167.00599670410156 146.97900390625 199.24600219726562
v 274.5840148925781 158.57200622558594 184.76300048828125
v 274.5889892578125 153.41900634765625 176.6199951171875
v 219.625 108.87799835205078 199.70399475097656
v 241.04200744628906 218.28199768066406 164.91299438476562
v 272.2239990234375 166.25100708007812 204
v 272.0570068359375 165.42100524902344 204
v 173.57200622558594 175.28700256347656 201.3730010986328
v 172.9029998779297 179.07400512695312 198.3419952392578
v 173.2220001220703 179.08799743652344 202.218994140625
v 173.77000427246094 199.83599853515625 203.2239990234375
v 174.57400512695312 201.4929962158203 202.0780029296875
v 174.21099853515625 201.20599365234375 204
v 173.8769989013672 199.47300720214844 198.30099487304688
v 204.3990020751953 217.39500427246094 159.8719940185547
v 207.69000244140625 219.3679962158203 160.79100036621094
v 258.32501220703125 133.17100524902344 182.18800354003906
v 172.54600524902344 183.18499755859375 200.4029998779297
v 173.1529998779297 181.42999267578125 204
v 188.58299255371094 220.9669952392578 201.55599975585938
v 189.76600646972656 222.20599365234375 204
v 188.73300170898438 221.7519989013672 204
v 218.5449981689453 116.8550033569336 204
v 218.58700561523438 117.89399719238281 204
v 218.75599670410156 115.65399932861328 204
v 268.2929992675781 146.4600067138672 177.03700256347656
v 271.4849853515625 152.22799682617188 172.822998046875
v 191.3159942626953 215.5850067138672 169.47999572753906
v 259.52899169921875 106.625 164.6540069580078
v 259.06298828125 104.8010025024414 164.60800170898438
v 258.6940002441406 105.65499877929688 163.64700317382812
v 208.4709930419922 123.50800323486328 186.4290008544922
v 267.4100036621094 190.5989990234375 184.86500549316406
v 267.39300537109375 118.06199645996094 201.5590057373047
v 266.01300048828125 116.54000091552734 204
v 185.43299865722656 202.48300170898438 161.55799865722656
v 219.74200439453125 113.052001953125 204
v 218.9040069580078 113.78399658203125 200.05099487304688
v 219.36300659179688 114.48300170898438 204
v 271.2090148925781 129.28500366210938 183.90499877929688
v 269.0740051269531 121.88099670410156 169.28799438476562
v 273.7040100097656 157.27099609375 171.71099853515625
v 259.5589904785156 201.3679962158203 163.21299743652344
v 274.5119934082031 153.5749969482422 201.20799255371094
v 274.2969970703125 152.8000030517578 204
v 274.32501220703125 154.0919952392578 204
v 171.4499969482422 151.2100067138672 187.3699951171875
v 173.30299377441406 157.39100646972656 191.64100646972656
v 169.82899475097656 152.65699768066406 195.87600708007812
v 174.343994140625 154.7010040283203 183.1529998779297
v 238.10499572753906 226.51100158691406 201.1479949951172
v 240.60400390625 225.21400451660156 201.4929962158203
v 239.4949951171875 225.98800659179688 204.74200439453125
v 264.8869934082031 114.39299774169922 165.41799926757812
v 265.15301513671875 114.93000030517578 168.3979949951172
v 265.6340026855469 115.75900268554688 166.63400268554688
v 180.46400451660156 203.93499755859375 168.927001953125
v 183.31700134277344 209.89700317382812 176.0919952392578
v 176.9499969482422 187.77200317382812 166.7550048828125
v 247.12399291992188 171.72500610351562 184.75799560546875
v 200.88999938964844 228.99600219726562 204
v 201.4510040283203 227.46600341796875 197.5189971923828
v 202.0229949951172 229.5540008544922 204
v 264.531005859375 192.74400329589844 157.11099243164062
v 269.71099853515625 178.66000366210938 160.21400451660156
v 213.91099548339844 120.04499816894531 186.47000122070312
v 260.260986328125 112.18199920654297 163.65899658203125
v 257.2030029296875 106.38700103759766 163.31500244140625
v 168.61199951171875 153.83700561523438 201.56100463867188
v 171.01100158691406 156.2469940185547 199.69500732421875
v 261.3110046386719 113.13700103759766 163.4759979248047
v 190.97999572753906 203.7760009765625 163.48300170898438
v 231.0469970703125 229.01499938964844 197.48899841308594
v 235.94900512695312 227.5399932861328 201.19500732421875
v 234.9239959716797 228.18600463867188 204
v 268.8489990234375 133.77699279785156 170.5590057373047
v 269.7300109863281 136.4459991455078 173.33299255371094
v 252.30499267578125 100.48300170898438 164.97000122070312
v 262.5050048828125 112.6780014038086 163.66799926757812
v 262.9200134277344 112.5270004272461 165.0500030517578
v 263.1099853515625 113.19499969482422 163.73699951171875
v 262.00201416015625 112.06999969482422 163.66600036621094
v 173.0570068359375 180.81500244140625 166.8249969482422
v 173.6009979248047 182.13699340820312 166.51300048828125
v 174.09100341796875 181.45899963378906 166.44400024414062
v 181.09800720214844 196.76300048828125 163.8560028076172
v 183.33799743652344 199.38099670410156 162.93499755859375
v 268.74798583984375 123.26000213623047 199.50599670410156
v 268.14898681640625 119.70800018310547 200.2310028076172
v 268.7170104980469 121.44300079345703 204
v 189.36300659179688 205.96600341796875 159.78199768066406
v 231.5800018310547 222.41400146484375 165.6009979248047
v 229.25799560546875 196.4739990234375 176.0659942626953
v 227.9409942626953 203.66299438476562 170.89100646972656
v 174.83099365234375 187.76600646972656 166.4250030517578
v 175.21099853515625 187.79100036621094 166.41299438476562
v 174.6490020751953 186.9320068359375 166.697998046875
v 184.9459991455078 207.64599609375 160.3730010986328
v 185.6060028076172 207.8560028076172 159.9530029296875
v 228.23399353027344 87.02239990234375 204
v 258.75799560546875 103.90699768066406 164.05099487304688
v 259.1610107421875 103.83300018310547 165.2310028076172
v 258.72900390625 103.39800262451172 164.0970001220703
v 194.1719970703125 207.97300720214844 160.43099975585938
v 201.5229949951172 210.83099365234375 161.70399475097656
v 200.96499633789062 212.25799560546875 160.02499389648438
v 220.86599731445312 113.13700103759766 187.05999755859375
v 168.1529998779297 144.86300659179688 191.31199645996094
v 195.70799255371094 130.60499572753906 199.08200073242188
v 201.7270050048828 212.36199951171875 160.26499938964844
v 201.02099609375 212.86300659179688 159.6280059814453
v 201.68499755859375 212.91299438476562 159.89700317382812
v 201.49200439453125 213.31900024414062 159.50599670410156
v 267.5329895019531 120.13099670410156 166.9290008544922
v 266.6029968261719 119.05000305175781 167.1060028076172
v 173.1020050048828 188.5659942626953 204
v 172.73599243164062 187.88800048828125 204
v 237.40199279785156 226.9149932861328 204
v 237.0489959716797 227.26400756835938 205.0760040283203
v 218.26400756835938 95.94539642333984 204
v 223.53500366210938 228.89100646972656 189.9409942626953
v 215.74099731445312 218.53199768066406 159.56500244140625
v 215.63299560546875 216.81300354003906 160.52699279785156
v 185.60899353027344 218.5330047607422 201.64700317382812
v 186.3459930419922 219.55599975585938 204
v 184.906005859375 218.36099243164062 204
v 272.4830017089844 170.18600463867188 201.49000549316406
v 271.5610046386719 170.73800659179688 204
v 271.625 172.56199645996094 204
v 176.09300231933594 203.79400634765625 200.93899536132812
v 264.70001220703125 197.13299560546875 204
v 264.0899963378906 198.41400146484375 204
v 231.7429962158203 82.3676986694336 174.06300354003906
v 249.23599243164062 96.50969696044922 162.12899780273438
v 186.28399658203125 212.22799682617188 169.76800537109375
v 253.78799438476562 122.9020004272461 180.83700561523438
v 248.9600067138672 127.20500183105469 186.2030029296875
v 269.3160095214844 125.45899963378906 204
v 271.9150085449219 169.38699340820312 204
v 185.33099365234375 217.35299682617188 199.26600646972656
v 188.44400024414062 216.88600158691406 185.43299865722656
v 263.94000244140625 114.77799987792969 163.67100524902344
v 183.33299255371094 200.3300018310547 162.00100708007812
v 182.63400268554688 199.76800537109375 162.25999450683594
v 239.16400146484375 92.47229766845703 204
v 219.94000244140625 209.05299377441406 166.83900451660156
v 237.5240020751953 204.1020050048828 167.5449981689453
v 254.39599609375 98.31169891357422 162.15899658203125
v 252.73399353027344 98.9280014038086 162.51499938964844
v 254.14700317382812 98.92410278320312 161.73199462890625
v 269.79400634765625 183.36099243164062 159.45199584960938
v 274.30499267578125 148.18699645996094 200.16900634765625
v 272.635009765625 144.531005859375 203.68699645996094
v 268.87701416015625 186.66600036621094 163.68499755859375
v 257.3349914550781 104.52799987792969 162.49899291992188
v 274.05499267578125 156.03399658203125 204
v 274.010986328125 157.48199462890625 204
v 196.31900024414062 149.06100463867188 185.17599487304688
v 257.5769958496094 201.11900329589844 156.4980010986328
v 247.29299926757812 96.02069854736328 204
v 245.85899353027344 94.68199920654297 200.37600708007812
v 246.39199829101562 95.98400115966797 204
v 248.62100219726562 95.55290222167969 198.3560028076172
v 182.2469940185547 199.94900512695312 161.93600463867188
v 182.74400329589844 200.42100524902344 161.7550048828125
v 181.93899536132812 199.53399658203125 162.38400268554688
v 174.73800659179688 202.13099670410156 204
v 177.81900024414062 189.44700622558594 166.82200622558594
v 181.36900329589844 199.52999877929688 162.44500732421875
v 181.2239990234375 199.9429931640625 162.093994140625
v 180.927001953125 199.63299560546875 162.55299377441406
v 181.74200439453125 199.91200256347656 161.96499633789062
v 180.7209930419922 200.07699584960938 162.4969940185547
v 226.88299560546875 230.73599243164062 204
v 227.52999877929688 229.88999938964844 197.63900756835938
v 228.25 230.53399658203125 204
v 224.54600524902344 230.65699768066406 200.55299377441406
v 181.11000061035156 200.43800354003906 161.95599365234375
v 180.6529998779297 200.60699462890625 162.38999938964844
v 181.61700439453125 200.39100646972656 161.74000549316406
v 182.1929931640625 200.4340057373047 161.69200134277344
v 181.5489959716797 200.96800231933594 161.68699645996094
v 182.07699584960938 200.91000366210938 161.61900329589844
v 183.3520050048828 200.97999572753906 161.64999389648438
v 181.00900268554688 214.25100708007812 204
v 181.63299560546875 214.71299743652344 204
v 251.46499633789062 215.927001953125 204
v 164.70799255371094 144.13900756835938 201.41000366210938
v 166.14300537109375 138.78900146484375 196.39500427246094
v 173.75999450683594 179.8820037841797 166.4669952392578
v 244.30099487304688 93.38379669189453 196.5050048828125
v 259.1159973144531 110.28700256347656 163.73699951171875
v 214.46800231933594 83.80149841308594 204
v 214.9029998779297 84.368896484375 201.28599548339844
v 214.5070037841797 84.71320343017578 204
v 214.50799560546875 83.15599822998047 204.10000610351562
v 244.19200134277344 222.98300170898438 203.06199645996094
v 215.6060028076172 131.99899291992188 188.3070068359375
v 227.01199340820312 86.16570281982422 204
v 238.54200744628906 226.34500122070312 204
v 239.02200317382812 225.95799255371094 206.14500427246094
v 238.1649932861328 226.72000122070312 204
v 225.4250030517578 231.1199951171875 204
v 224.25 231.1300048828125 204
v 216.87899780273438 213.76600646972656 162.68899536132812
v 267.7950134277344 119.51499938964844 169.52999877929688
v 173.56500244140625 176.84500122070312 204
v 173.3769989013672 178.58799743652344 204
v 221.8939971923828 216.16099548339844 160.00900268554688
v 178.43499755859375 196.16799926757812 166.156005859375
v 179.54600524902344 196.92599487304688 163.64999389648438
v 221.6269989013672 230.95899963378906 200.33299255371094
v 167.83700561523438 140.906005859375 204
v 253.30099487304688 99.61229705810547 204
v 253.26100158691406 99.35540008544922 204
v 254.3489990234375 100.41300201416016 204
v 263.85699462890625 112.58300018310547 204
v 263.5509948730469 112.56099700927734 204
v 264.1610107421875 112.94499969482422 204
v 264.39801025390625 113.81300354003906 164.94700622558594
v 263.9330139160156 113.79000091552734 163.9770050048828
v 269.45599365234375 129.88600158691406 204
v 266.38800048828125 140.13499450683594 177.48300170898438
v 179.0659942626953 210.5 204
v 180.18800354003906 212.51800537109375 204
v 172.51600646972656 186.58599853515625 204
v 172.62899780273438 184.67300415039062 204
v 271.8699951171875 140.91700744628906 204
v 271.1719970703125 139.06100463867188 204
v 263.5639953613281 113.25800323486328 164.63499450683594
v 251.06399536132812 216.84100341796875 198.9929962158203
v 250.03500366210938 217.3719940185547 204
v 176.5240020751953 188.44400024414062 166.4759979248047
v 270.8840026855469 132.98199462890625 170.66200256347656
v 258.8070068359375 103 164.57699584960938
v 258.3909912109375 103.46299743652344 163.406005859375
v 262.5950012207031 201.03900146484375 201.0709991455078
v 261.27801513671875 203.45599365234375 204
v 258.4649963378906 104.0739974975586 163.42300415039062
v 258.2850036621094 104.68800354003906 163.18299865722656
v 176.28399658203125 187.17999267578125 166.4219970703125
v 175.88499450683594 187.26499938964844 166.40899658203125
v 257.98199462890625 105.29900360107422 163.0050048828125
v 256.6470031738281 105.83000183105469 163.39100646972656
v 257.3349914550781 105.58399963378906 162.9709930419922
v 258.0989990234375 105.91799926757812 163.13099670410156
v 269.8240051269531 184.11199951171875 201.01499938964844
v 269.22900390625 184.0749969482422 204
v 259.3210144042969 108.2959976196289 163.52200317382812
v 258.6510009765625 109.19100189208984 163.51600646972656
v 259.0840148925781 109.11599731445312 163.29600524902344
v 259.6839904785156 109.16200256347656 163.35400390625
v 256.6730041503906 102.4469985961914 204
v 259.04901123046875 109.68499755859375 163.4739990234375
v 259.6310119628906 109.72100067138672 163.2550048828125
v 260.2130126953125 109.6989974975586 163.40899658203125
v 260.2099914550781 110.29900360107422 163.26100158691406
v 260.8580017089844 110.927001953125 163.38099670410156
v 261.36700439453125 111.51000213623047 163.4149932861328
v 260.739990234375 111.98699951171875 163.27099609375
v 261.3500061035156 112.01100158691406 163.25
v 260.7919921875 112.58999633789062 163.44000244140625
v 261.3429870605469 112.5719985961914 163.2259979248047
v 261.927001953125 112.58999633789062 163.2989959716797
v 262.49798583984375 113.16400146484375 163.3209991455078
v 214.31100463867188 226.86500549316406 179.28199768066406
v 263.0950012207031 113.7239990234375 163.33099365234375
v 263.5660095214844 114.29199981689453 163.41400146484375
v 264.5920104980469 114.0530014038086 164.2830047607422
v 270.7330017089844 178.12899780273438 164.72999572753906
v 267.875 119.58200073242188 204
v 258.4519958496094 207.21600341796875 204
v 259.4570007324219 205.7169952392578 202.25599670410156
v 259.39599609375 206.16000366210938 204
v 257.6610107421875 208.052001953125 204
v 196.56100463867188 217.98599243164062 168.23500061035156
v 195.927001953125 215.40499877929688 161.1750030517578
v 173.10699462890625 179.8070068359375 166.4810028076172
v 172.97799682617188 179.21600341796875 166.5399932861328
v 268.9339904785156 184.60800170898438 204
v 172.93899536132812 197.71099853515625 204
v 190.9040069580078 222.86599731445312 204
v 180.3179931640625 196.7760009765625 163.51800537109375
v 180.99400329589844 197.53199768066406 163.31100463867188
v 180.40699768066406 197.45799255371094 163.23800659179688
v 180.34100341796875 197.93699645996094 163.23199462890625
v 179.8459930419922 198.4409942626953 163.44700622558594
v 173.41400146484375 179.95199584960938 204
v 215.07000732421875 85.9896011352539 201.3070068359375
v 180.90699768066406 198.61900329589844 163.13699340820312
v 180.08299255371094 199.22799682617188 163.19400024414062
v 180.79100036621094 199.1790008544922 162.94400024414062
v 181.48199462890625 199.10899353027344 162.8699951171875
v 184.9290008544922 200.3800048828125 163.14100646972656
v 254.08700561523438 212.843994140625 204
v 254.3990020751953 212.14300537109375 204
v 248.66700744628906 96.59140014648438 204
v 250.49099731445312 97.43910217285156 204
v 241.9759979248047 224.5240020751953 204
v 241.02099609375 225.17599487304688 204
v 235.3159942626953 85.58070373535156 180.9949951171875
v 265.17999267578125 115.14399719238281 164.99400329589844
v 219.85299682617188 111.11399841308594 204
v 244.302001953125 91.518798828125 185.43299865722656
v 271.5799865722656 133.61099243164062 193.23800659179688
v 220.66099548339844 103.66699981689453 204
v 220.68899536132812 104.49600219726562 204
v 266.0119934082031 194.4759979248047 202.5919952392578
v 266.3550109863281 192.99200439453125 204
v 218.83299255371094 97.08290100097656 204
v 219.0760040283203 97.7125015258789 204
v 258.6730041503906 118.4280014038086 172.92799377441406
v 231.99200439453125 89.02729797363281 204
v 232.75799560546875 89.52780151367188 204
v 258.614990234375 189.76199340820312 165.34300231933594
v 172.60499572753906 179.5659942626953 166.98399353027344
v 172.4219970703125 178.42300415039062 167.3159942626953
v 217.5679931640625 119.53800201416016 204
v 218.23300170898438 118.43900299072266 204
v 173.25 198.50599670410156 204
v 218.531005859375 112.85099792480469 191.8939971923828
v 222.55999755859375 84.43379974365234 194.5279998779297
v 265.4649963378906 195.44200134277344 195.30499267578125
v 265.27301025390625 195.86300659179688 204
v 180.13499450683594 140.88600158691406 204
v 182.9810028076172 140.27699279785156 204
v 271.14599609375 140.427001953125 176.07899475097656
v 265.2669982910156 115.62100219726562 165.1009979248047
v 213.875 231.39700317382812 201.9980010986328
v 216.0279998779297 231.13999938964844 200.07200622558594
v 216.23699951171875 231.84800720214844 204
v 226.53700256347656 212.66600036621094 161.91200256347656
v 215.34800720214844 82.9083023071289 201.1230010986328
v 215.8459930419922 81.85929870605469 204.27499389648438
v 182.93299865722656 215.83900451660156 204
v 182.30799865722656 215.36500549316406 204
v 171.4290008544922 158.02200317382812 204
v 172.36399841308594 159.947998046875 204
v 266.8840026855469 118.4280014038086 204
v 174.26100158691406 165.01400756835938 188.80099487304688
v 215.36199951171875 231.92599487304688 204
v 213.68600463867188 232.2030029296875 204
v 173.30599975585938 134.33599853515625 197.77699279785156
v 220.39100646972656 107.45500183105469 204
v 273.989990234375 151.28399658203125 204
v 268.6289978027344 185.63699340820312 204
v 260.0669860839844 205.16200256347656 204
v 177.4290008544922 190.86199951171875 166.24000549316406
v 176.9980010986328 189.5540008544922 166.4709930419922
v 236.68699645996094 91.2791976928711 204
v 175.08999633789062 202.95399475097656 204
v 232.62100219726562 81.62689971923828 170.05099487304688
v 174.5189971923828 162.75 195.6320037841797
v 242.70199584960938 224.1230010986328 204
v 243.65199279785156 223.5489959716797 204
v 274.1679992675781 155.1280059814453 204
v 174.19900512695312 182.16700744628906 166.40899658203125
v 174.1999969482422 182.66099548339844 166.4040069580078
v 184.39999389648438 217.5989990234375 204
v 172.52699279785156 174.43699645996094 170.36599731445312
v 240.6750030517578 85.97760009765625 173.9810028076172
v 245.44200134277344 222.08099365234375 204
v 220.52999877929688 105.3270034790039 204
v 220.13099670410156 82.74939727783203 199.56199645996094
v 172.28399658203125 177.05299377441406 167.64100646972656
v 172.68299865722656 176.85499572753906 166.8939971923828
v 172.58900451660156 177.59800720214844 166.76800537109375
v 173.48599243164062 176.8800048828125 166.63299560546875
v 173.0780029296875 177.5449981689453 166.48800659179688
v 175.2779998779297 183.2790069580078 166.55799865722656
v 173.00999450683594 178.1479949951172 166.51800537109375
v 173.11700439453125 178.79400634765625 166.5030059814453
v 269.1910095214844 123.37899780273438 204
v 268.90301513671875 122.427001953125 205.2790069580078
v 174.67100524902344 182.14199829101562 166.47999572753906
v 174.70700073242188 182.68899536132812 166.4429931640625
v 174.70399475097656 183.25599670410156 166.41299438476562
v 175.72300720214844 183.24000549316406 166.8820037841797
v 225.9969940185547 85.3843994140625 200.09100341796875
v 225.4290008544922 85.25039672851562 204
v 217.55099487304688 231.8350067138672 204
v 175.89700317382812 186.7010040283203 166.4080047607422
v 175.36300659179688 186.73399353027344 166.41299438476562
v 175.31199645996094 187.2790069580078 166.41099548339844
v 175.88400268554688 187.83399963378906 166.40699768066406
v 175.81399536132812 188.39500427246094 166.4029998779297
v 175.88400268554688 188.9669952392578 166.4040069580078
v 176.52999877929688 188.98500061035156 166.45700073242188
v 176.43499755859375 189.5780029296875 166.39100646972656
v 176.4010009765625 190.26199340820312 166.3990020751953
v 219.27099609375 82.27420043945312 204
v 221.06700134277344 82.96749877929688 204
v 178.68800354003906 209.61599731445312 204
v 176.28700256347656 204.80999755859375 204
v 176.9600067138672 205.80799865722656 204
v 175.7689971923828 204.13699340820312 204
v 237.48599243164062 199.24000549316406 172.3699951171875
v 241.5469970703125 93.08039855957031 201.8260040283203
v 243.91600036621094 94.45950317382812 204
v 214.48500061035156 85.47509765625 204
v 214.5760040283203 86.34100341796875 204.6219940185547
v 217.96099853515625 94.96080017089844 204
v 174.47999572753906 167.57899475097656 204
v 174.4219970703125 169.69200134277344 204
v 217.58099365234375 93.73539733886719 204
v 217.20199584960938 93.21869659423828 204
v 194.25999450683594 220.94900512695312 185.39100646972656
v 218.07699584960938 82.19550323486328 204.8730010986328
v 262.9119873046875 200.69400024414062 204
v 263.31298828125 199.92999267578125 204
v 262.1839904785156 201.9010009765625 204
v 194.66700744628906 135.26600646972656 204
v 241.197998046875 93.44999694824219 204
v 242.82899475097656 94.12740325927734 204
v 206.31399536132812 126.68800354003906 200.2429962158203
v 178.1750030517578 137.5500030517578 200.98199462890625
v 250.697998046875 138.8520050048828 187.593994140625
v 235.43600463867188 82.71939849853516 172.177001953125
v 178.60000610351562 142.2830047607422 204
v 263.0350036621094 111.9209976196289 206.12399291992188
v 168.8979949951172 155.3280029296875 204
v 173.9499969482422 174.7050018310547 204
v 252.18899536132812 98.59349822998047 204
v 217.86599731445312 94.36260223388672 204
v 166.4600067138672 145.9739990234375 204
v 193.3820037841797 224.73399353027344 204
v 184.72900390625 140.8000030517578 204
v 203.8209991455078 229.8209991455078 204
v 187.89999389648438 220.9510040283203 204
v 266.84600830078125 191.33999633789062 204
v 267.21099853515625 190.32699584960938 205.31900024414062
v 211.12100219726562 127.7509994506836 204
v 209.4459991455078 128.95399475097656 204
v 211.72300720214844 126.75299835205078 204
v 218.76699829101562 231.7100067138672 204
v 220.468994140625 231.625 204
v 166.57000732421875 144.28500366210938 204
v 245.33599853515625 95.57219696044922 204
v 167.1820068359375 153.1540069580078 204
v 167.63699340820312 154.3209991455078 204
v 169.77200317382812 156.32699584960938 204
v 217.12399291992188 120.66300201416016 204
v 192.2989959716797 224.09500122070312 204
v 269.57598876953125 132.52999877929688 204
v 256.5469970703125 209.427001953125 204
v 222.96200561523438 83.87740325927734 204
v 271.8869934082031 167.40899658203125 204
v 222.1750030517578 231.3719940185547 204
v 270.2550048828125 181.38499450683594 204
v 270.5509948730469 182.98899841308594 197.79100036621094
v 271.0069885253906 179.2010040283203 204
v 269.8320007324219 182.7949981689453 204
v 254.97300720214844 211.44500732421875 204
v 191.3699951171875 137.47900390625 204
v 199.09300231933594 133.45199584960938 204
v 269.4739990234375 126.67900085449219 204
v 269.4800109863281 127.73799896240234 204
v 222.96499633789062 231.14500427246094 203.5570068359375
v 269.1470031738281 183.13900756835938 206.0229949951172
v 230.93899536132812 229.6230010986328 204
v 233.18099975585938 228.9219970703125 204
v 228.72000122070312 230.14700317382812 204
v 240.2209930419922 225.67999267578125 204
v 236.01800537109375 227.7550048828125 204
v 269.4599914550781 131.48300170898438 204
v 249.25999450683594 218.39599609375 204
v 273.6050109863281 159.5469970703125 204
v 214.67999267578125 125.72699737548828 204
v 216.0970001220703 123.40499877929688 204
v 173.38999938964844 198.93699645996094 204.26100158691406
v 261.8070068359375 109.3219985961914 203.88800048828125
v 174.88900756835938 202.73300170898438 204
v 271.6499938964844 175.18800354003906 204
v 207.54200744628906 231.03799438476562 204
v 205.59500122070312 230.55499267578125 204
v 269.5010070800781 183.0279998779297 204.83999633789062
v 216.72900390625 81.93800354003906 204
v 224.406005859375 84.64969635009766 204
v 172.8280029296875 183.61199951171875 204
v 172.9550018310547 182.76600646972656 204
v 240.21099853515625 93.31089782714844 204
v 183.7519989013672 216.86000061035156 204
v 208.7570037841797 231.5070037841797 204
v 239.61199951171875 92.97720336914062 205.1540069580078
v 271.864013671875 168.54400634765625 204
v 267.6659851074219 189.31700134277344 204.34300231933594
v 273.0580139160156 146.83099365234375 204
v 166.11300659179688 149.94000244140625 204
v 214.83999633789062 82.33209991455078 204
v 236.64199829101562 227.43600463867188 204
v 239.85800170898438 93.05909729003906 205.57200622558594

g grp1
usemtl mtl1
f 3 2 1 
f 4 1 2 
f 7 6 5 
f 8 5 6 
f 11 10 9 
f 12 9 10 
f 14 7 13 
f 15 13 7 
f 18 17 16 
f 21 20 19 
f 22 19 20 
f 25 24 23 
f 26 23 24 
f 29 28 27 
f 30 27 28 
f 33 32 31 
f 34 31 32 
f 30 3 27 
f 1 27 3 
f 37 36 35 
f 38 35 36 
f 41 40 39 
f 42 30 28 
f 45 44 43 
f 46 43 44 
f 49 48 47 
f 50 47 48 
f 53 52 51 
f 54 51 52 
f 30 42 3 
f 55 3 42 
f 58 57 56 
f 59 56 57 
f 62 61 60 
f 65 64 63 
f 66 63 64 
f 69 68 67 
f 70 67 68 
f 70 28 29 
f 73 72 71 
f 75 42 74 
f 28 74 42 
f 78 77 76 
f 79 76 77 
f 81 80 77 
f 79 77 80 
f 84 83 82 
f 87 86 85 
f 1 85 86 
f 88 74 28 
f 91 90 89 
f 92 89 90 
f 93 69 67 
f 96 95 94 
f 97 94 95 
f 100 99 98 
f 101 98 99 
f 103 68 102 
f 69 102 68 
f 104 68 103 
f 88 68 104 
f 70 68 88 
f 105 55 42 
f 108 107 106 
f 109 106 107 
f 110 107 108 
f 113 112 111 
f 114 111 112 
f 69 110 108 
f 115 69 108 
f 118 117 116 
f 119 116 117 
f 122 121 120 
f 123 120 121 
f 126 125 124 
f 127 124 125 
f 128 108 106 
f 115 108 128 
f 130 129 58 
f 131 58 129 
f 132 57 58 
f 135 134 133 
f 136 133 134 
f 139 138 137 
f 140 137 138 
f 143 142 141 
f 144 141 142 
f 145 142 143 
f 148 147 146 
f 149 146 147 
f 152 151 150 
f 153 150 151 
f 156 155 154 
f 148 154 155 
f 157 149 147 
f 149 158 146 
f 159 146 158 
f 161 160 141 
f 162 141 160 
f 144 161 141 
f 163 149 157 
f 165 4 164 
f 2 164 4 
f 168 167 166 
f 169 166 167 
f 163 158 149 
f 165 163 4 
f 157 4 163 
f 52 159 158 
f 170 160 161 
f 173 172 171 
f 174 171 172 
f 177 176 175 
f 178 13 33 
f 32 33 13 
f 181 180 179 
f 182 179 180 
f 185 184 183 
f 186 183 184 
f 185 187 184 
f 165 54 163 
f 158 163 54 
f 52 158 54 
f 159 52 53 
f 190 189 188 
f 191 188 189 
f 194 193 192 
f 195 192 193 
f 181 196 192 
f 194 192 196 
f 197 54 165 
f 198 54 197 
f 198 51 54 
f 15 5 199 
f 8 199 5 
f 200 197 164 
f 165 164 197 
f 203 202 201 
f 204 201 202 
f 29 205 70 
f 67 70 205 
f 208 207 206 
f 209 206 207 
f 210 107 110 
f 211 42 75 
f 48 212 50 
f 213 50 212 
f 105 42 211 
f 216 215 214 
f 21 214 215 
f 219 218 217 
f 220 217 218 
f 221 123 210 
f 121 210 123 
f 224 223 222 
f 225 222 223 
f 109 210 121 
f 107 210 109 
f 227 226 119 
f 228 119 226 
f 221 210 110 
f 115 103 102 
f 231 230 229 
f 232 229 230 
f 233 88 104 
f 123 234 120 
f 235 120 234 
f 237 96 236 
f 238 236 96 
f 240 239 222 
f 241 222 239 
f 122 120 235 
f 106 109 121 
f 103 115 242 
f 243 242 115 
f 244 103 242 
f 128 243 115 
f 69 115 102 
f 104 103 244 
f 94 238 96 
f 245 233 104 
f 248 247 246 
f 249 246 247 
f 122 106 121 
f 91 250 95 
f 89 95 250 
f 252 251 56 
f 58 56 251 
f 253 242 243 
f 254 87 85 
f 255 235 234 
f 258 257 256 
f 259 256 257 
f 262 261 260 
f 263 260 261 
f 136 264 128 
f 243 128 264 
f 267 266 265 
f 268 265 266 
f 270 259 269 
f 257 269 259 
f 271 256 259 
f 271 272 256 
f 122 256 272 
f 136 128 122 
f 106 122 128 
f 275 274 273 
f 276 273 274 
f 279 278 277 
f 280 277 278 
f 261 262 281 
f 282 281 262 
f 285 284 283 
f 286 283 284 
f 289 288 287 
f 290 287 288 
f 293 292 291 
f 294 291 292 
f 296 295 291 
f 297 291 295 
f 300 299 298 
f 238 298 299 
f 101 283 286 
f 116 119 228 
f 302 283 301 
f 101 301 283 
f 99 301 101 
f 99 303 301 
f 304 301 303 
f 307 306 305 
f 308 305 306 
f 311 310 309 
f 312 309 310 
f 314 313 203 
f 202 203 313 
f 317 316 315 
f 318 315 316 
f 321 320 319 
f 322 319 320 
f 325 324 323 
f 326 323 324 
f 329 328 327 
f 330 327 328 
f 159 161 144 
f 333 332 331 
f 334 331 332 
f 336 180 335 
f 337 335 180 
f 339 91 338 
f 340 338 91 
f 343 342 341 
f 344 341 342 
f 347 346 345 
f 350 349 348 
f 351 348 349 
f 37 353 352 
f 354 352 353 
f 357 356 355 
f 358 355 356 
f 359 216 337 
f 335 337 216 
f 362 361 360 
f 363 360 361 
f 215 364 193 
f 359 193 364 
f 367 366 365 
f 368 365 366 
f 21 215 20 
f 194 20 215 
f 371 370 369 
f 372 369 370 
f 374 23 373 
f 26 373 23 
f 220 375 217 
f 229 217 375 
f 378 377 376 
f 379 376 377 
f 237 238 299 
f 382 381 380 
f 383 380 381 
f 384 359 337 
f 19 22 385 
f 386 385 22 
f 389 388 387 
f 390 387 388 
f 275 365 368 
f 392 386 391 
f 311 391 386 
f 385 386 392 
f 395 394 393 
f 396 393 394 
f 398 8 397 
f 399 397 8 
f 401 400 385 
f 19 385 400 
f 404 403 402 
f 405 402 403 
f 407 134 406 
f 135 406 134 
f 220 409 408 
f 375 408 409 
f 410 25 118 
f 117 118 25 
f 338 412 411 
f 413 411 412 
f 414 385 392 
f 415 411 413 
f 416 403 404 
f 418 417 142 
f 144 142 417 
f 145 392 418 
f 391 418 392 
f 421 420 419 
f 422 419 420 
f 425 424 423 
f 233 423 424 
f 428 427 426 
f 429 426 427 
f 432 431 430 
f 433 430 431 
f 310 22 434 
f 20 434 22 
f 437 436 435 
f 438 435 436 
f 367 439 150 
f 152 150 439 
f 441 279 440 
f 442 440 279 
f 144 148 146 
f 444 226 443 
f 445 443 226 
f 423 447 446 
f 448 446 447 
f 145 143 162 
f 141 162 143 
f 442 279 449 
f 277 449 279 
f 452 451 450 
f 453 450 451 
f 455 280 454 
f 278 454 280 
f 64 456 169 
f 166 169 456 
f 458 435 457 
f 438 457 435 
f 162 160 459 
f 170 459 160 
f 462 461 460 
f 463 460 461 
f 179 465 464 
f 466 464 465 
f 170 161 53 
f 159 53 161 
f 469 468 467 
f 470 467 468 
f 473 472 471 
f 474 471 472 
f 475 51 198 
f 327 51 475 
f 327 53 51 
f 330 53 327 
f 476 53 330 
f 479 478 477 
f 480 477 478 
f 482 199 481 
f 398 481 199 
f 483 427 278 
f 484 278 427 
f 487 486 485 
f 488 485 486 
f 491 490 489 
f 492 489 490 
f 494 490 493 
f 491 493 490 
f 497 496 495 
f 498 495 496 
f 501 500 499 
f 502 499 500 
f 503 222 241 
f 504 303 99 
f 506 197 505 
f 200 505 197 
f 509 508 507 
f 510 507 508 
f 383 381 382 
f 12 511 9 
f 512 9 511 
f 513 507 510 
f 382 515 514 
f 139 514 515 
f 517 516 515 
f 139 515 516 
f 520 519 518 
f 46 522 521 
f 523 521 522 
f 375 507 231 
f 524 231 507 
f 527 526 525 
f 528 525 526 
f 531 530 529 
f 532 529 530 
f 535 534 533 
f 536 533 534 
f 538 537 255 
f 258 255 537 
f 539 255 234 
f 542 541 540 
f 65 540 541 
f 545 544 543 
f 383 543 544 
f 255 258 235 
f 256 235 258 
f 546 258 537 
f 549 548 547 
f 550 547 548 
f 552 551 537 
f 546 537 551 
f 245 104 244 
f 257 258 546 
f 555 554 553 
f 474 553 554 
f 556 253 243 
f 557 549 547 
f 560 559 558 
f 561 558 559 
f 564 563 562 
f 565 562 563 
f 566 546 551 
f 257 546 566 
f 407 243 264 
f 556 243 407 
f 567 170 328 
f 476 328 170 
f 564 568 355 
f 416 355 568 
f 569 257 566 
f 269 257 569 
f 134 264 136 
f 140 566 570 
f 551 570 566 
f 140 138 566 
f 569 566 138 
f 573 572 571 
f 574 571 572 
f 576 575 6 
f 399 6 575 
f 569 270 269 
f 577 270 569 
f 580 579 578 
f 581 578 579 
f 584 583 582 
f 585 582 583 
f 136 272 271 
f 135 271 270 
f 259 270 271 
f 587 348 586 
f 588 586 348 
f 589 571 574 
f 124 590 481 
f 482 481 590 
f 577 135 270 
f 593 592 591 
f 135 136 271 
f 501 594 500 
f 595 500 594 
f 598 597 596 
f 599 596 597 
f 145 418 142 
f 600 577 569 
f 196 480 478 
f 588 602 601 
f 603 601 602 
f 606 605 604 
f 607 604 605 
f 79 609 608 
f 604 608 609 
f 611 610 609 
f 604 609 610 
f 612 226 444 
f 76 79 613 
f 614 613 79 
f 617 616 615 
f 613 615 616 
f 76 613 616 
f 618 76 616 
f 621 620 619 
f 622 619 620 
f 625 624 623 
f 45 623 624 
f 622 620 513 
f 626 513 620 
f 435 557 437 
f 547 437 557 
f 550 627 437 
f 436 437 627 
f 214 628 216 
f 629 216 628 
f 220 408 375 
f 630 38 36 
f 66 631 63 
f 632 63 631 
f 633 616 617 
f 635 634 618 
f 78 618 634 
f 636 78 634 
f 638 637 353 
f 639 353 637 
f 617 637 638 
f 633 617 638 
f 635 616 633 
f 618 616 635 
f 640 633 638 
f 353 640 638 
f 640 35 635 
f 634 635 35 
f 635 633 640 
f 643 642 641 
f 452 167 168 
f 639 644 354 
f 352 354 644 
f 639 354 353 
f 37 640 353 
f 35 640 37 
f 647 646 645 
f 648 645 646 
f 650 649 648 
f 651 648 649 
f 390 494 652 
f 653 652 494 
f 656 655 654 
f 657 654 655 
f 657 659 658 
f 660 658 659 
f 200 164 2 
f 662 661 302 
f 663 302 661 
f 283 302 285 
f 663 285 302 
f 662 302 301 
f 485 488 664 
f 665 664 488 
f 286 284 285 
f 545 667 666 
f 668 666 667 
f 286 182 669 
f 180 669 182 
f 264 134 407 
f 672 671 670 
f 552 570 551 
f 675 674 673 
f 677 676 621 
f 678 621 676 
f 681 680 679 
f 682 679 680 
f 685 684 683 
f 686 683 684 
f 178 687 501 
f 688 501 687 
f 192 195 384 
f 193 384 195 
f 200 506 505 
f 20 194 434 
f 196 434 194 
f 116 689 118 
f 690 118 689 
f 691 357 355 
f 311 692 391 
f 417 391 692 
f 209 401 693 
f 414 693 401 
f 694 401 209 
f 695 145 162 
f 698 697 696 
f 699 696 697 
f 700 459 170 
f 567 459 700 
f 162 459 567 
f 702 395 701 
f 393 701 395 
f 703 481 398 
f 567 700 170 
f 29 86 87 
f 53 476 170 
f 612 648 651 
f 292 704 294 
f 705 294 704 
f 328 476 330 
f 708 707 706 
f 709 706 707 
f 87 710 29 
f 205 29 710 
f 349 712 711 
f 713 711 712 
f 715 495 714 
f 498 714 495 
f 87 716 205 
f 221 205 716 
f 710 87 205 
f 718 717 197 
f 198 197 717 
f 506 718 197 
f 198 717 718 
f 721 720 719 
f 55 719 720 
f 200 720 721 
f 660 206 658 
f 722 658 206 
f 723 382 514 
f 724 211 424 
f 75 424 211 
f 105 211 724 
f 721 719 105 
f 55 105 719 
f 724 721 105 
f 727 726 725 
f 728 725 726 
f 724 200 721 
f 731 730 729 
f 732 729 730 
f 123 539 234 
f 735 734 733 
f 736 733 734 
f 245 423 233 
f 75 233 424 
f 492 738 737 
f 739 737 738 
f 521 523 740 
f 81 740 523 
f 447 245 244 
f 423 245 447 
f 322 741 652 
f 390 652 741 
f 744 743 742 
f 745 742 743 
f 550 437 547 
f 447 242 448 
f 253 448 242 
f 746 147 155 
f 148 155 147 
f 747 570 552 
f 748 174 172 
f 448 253 556 
f 446 448 556 
f 407 446 556 
f 749 268 266 
f 751 268 750 
f 749 750 268 
f 747 268 751 
f 570 747 751 
f 752 749 266 
f 752 266 267 
f 753 750 749 
f 753 749 752 
f 754 751 750 
f 754 750 753 
f 755 570 751 
f 755 751 754 
f 756 570 755 
f 89 250 91 
f 596 267 265 
f 599 752 267 
f 599 267 596 
f 757 753 752 
f 757 752 599 
f 758 754 753 
f 758 753 757 
f 759 755 754 
f 759 754 758 
f 760 756 755 
f 760 755 759 
f 760 761 756 
f 140 756 761 
f 136 135 133 
f 413 412 762 
f 763 762 412 
f 764 43 46 
f 279 483 278 
f 767 766 765 
f 365 765 766 
f 768 757 599 
f 768 599 597 
f 769 758 757 
f 769 757 768 
f 770 759 758 
f 770 758 769 
f 771 760 759 
f 771 759 770 
f 723 761 760 
f 723 760 771 
f 514 761 723 
f 514 139 137 
f 772 138 139 
f 569 138 772 
f 600 569 772 
f 35 38 634 
f 636 634 38 
f 598 768 597 
f 769 768 598 
f 543 598 596 
f 771 770 383 
f 769 383 770 
f 382 771 383 
f 723 771 382 
f 772 139 516 
f 600 772 516 
f 774 97 773 
f 92 773 97 
f 594 356 357 
f 776 485 775 
f 777 775 485 
f 605 357 778 
f 691 778 357 
f 606 357 605 
f 606 595 357 
f 594 357 595 
f 781 780 779 
f 782 779 780 
f 608 604 607 
f 778 607 605 
f 784 584 783 
f 785 783 584 
f 603 602 786 
f 393 786 602 
f 595 606 787 
f 604 787 606 
f 502 500 595 
f 502 595 787 
f 587 789 788 
f 790 788 789 
f 1 86 27 
f 29 27 86 
f 608 607 614 
f 778 614 607 
f 610 787 604 
f 791 787 610 
f 445 226 227 
f 502 787 791 
f 502 791 610 
f 611 502 610 
f 613 778 615 
f 464 615 778 
f 80 81 609 
f 611 609 81 
f 79 80 609 
f 466 617 615 
f 466 615 464 
f 617 466 637 
f 465 637 466 
f 740 77 78 
f 792 247 248 
f 740 78 636 
f 794 114 793 
f 795 793 114 
f 797 776 796 
f 798 796 776 
f 800 659 799 
f 655 799 659 
f 89 92 97 
f 801 624 625 
f 228 226 612 
f 802 693 392 
f 414 392 693 
f 803 665 488 
f 805 804 341 
f 326 341 804 
f 807 806 339 
f 90 339 806 
f 809 808 591 
f 810 591 808 
f 728 726 811 
f 529 811 726 
f 358 356 594 
f 814 813 812 
f 388 812 813 
f 22 310 386 
f 311 386 310 
f 293 815 292 
f 704 292 815 
f 577 406 135 
f 207 214 816 
f 21 816 214 
f 154 692 156 
f 311 156 692 
f 129 817 131 
f 818 131 817 
f 240 632 631 
f 808 819 810 
f 820 810 819 
f 585 725 251 
f 728 251 725 
f 491 467 470 
f 467 491 821 
f 822 821 491 
f 334 468 823 
f 824 823 468 
f 331 334 823 
f 827 826 825 
f 828 825 826 
f 829 470 468 
f 334 829 468 
f 711 666 668 
f 832 831 830 
f 782 830 831 
f 567 833 162 
f 695 162 833 
f 834 426 429 
f 630 521 38 
f 740 38 521 
f 836 668 835 
f 837 835 668 
f 838 558 561 
f 653 493 829 
f 470 829 493 
f 494 493 653 
f 773 92 806 
f 90 806 92 
f 839 371 369 
f 64 169 66 
f 450 66 169 
f 842 841 840 
f 843 840 841 
f 846 845 844 
f 527 844 845 
f 124 481 126 
f 703 126 481 
f 829 322 653 
f 652 653 322 
f 848 16 847 
f 849 847 16 
f 708 850 707 
f 172 707 850 
f 779 841 129 
f 817 129 841 
f 851 784 783 
f 282 852 126 
f 125 126 852 
f 406 577 600 
f 676 853 678 
f 854 678 853 
f 855 206 209 
f 276 856 767 
f 857 767 856 
f 858 545 713 
f 666 713 545 
f 464 859 416 
f 691 416 859 
f 418 391 417 
f 720 200 2 
f 475 198 718 
f 216 364 215 
f 415 413 860 
f 762 860 413 
f 328 833 567 
f 802 392 145 
f 862 861 184 
f 863 184 861 
f 202 313 204 
f 864 204 313 
f 169 452 450 
f 85 157 147 
f 774 300 298 
f 859 778 691 
f 189 865 191 
f 866 191 865 
f 557 458 867 
f 868 867 458 
f 871 870 869 
f 872 869 870 
f 543 596 667 
f 265 667 596 
f 873 738 490 
f 492 490 738 
f 539 123 221 
f 543 769 598 
f 383 769 543 
f 539 221 716 
f 682 510 508 
f 535 287 874 
f 290 874 287 
f 875 395 702 
f 679 508 509 
f 877 509 876 
f 878 876 509 
f 517 600 516 
f 879 600 517 
f 222 225 240 
f 632 240 225 
f 74 233 75 
f 554 405 880 
f 403 880 405 
f 828 882 881 
f 883 881 882 
f 885 562 884 
f 565 884 562 
f 887 363 886 
f 888 886 363 
f 890 442 889 
f 891 889 442 
f 380 515 382 
f 517 515 380 
f 487 361 892 
f 893 892 361 
f 885 568 562 
f 564 562 568 
f 474 554 565 
f 884 565 554 
f 563 474 565 
f 416 568 885 
f 574 881 883 
f 416 885 403 
f 880 403 885 
f 553 474 472 
f 687 894 472 
f 895 472 894 
f 131 484 896 
f 897 896 484 
f 93 110 69 
f 564 898 563 
f 474 563 898 
f 471 474 898 
f 416 691 355 
f 119 530 531 
f 421 458 420 
f 899 420 458 
f 355 358 564 
f 898 564 358 
f 293 281 815 
f 282 815 281 
f 295 900 379 
f 376 379 900 
f 14 6 7 
f 688 594 501 
f 499 502 611 
f 902 901 800 
f 523 499 81 
f 611 81 499 
f 740 81 77 
f 261 851 263 
f 903 263 851 
f 905 742 904 
f 745 904 742 
f 179 663 465 
f 639 465 663 
f 38 740 636 
f 907 906 394 
f 908 394 906 
f 65 909 64 
f 456 64 909 
f 910 498 289 
f 911 289 498 
f 676 860 826 
f 828 826 860 
f 912 36 37 
f 913 280 455 
f 916 915 914 
f 333 914 915 
f 816 400 694 
f 401 694 400 
f 100 504 99 
f 919 918 917 
f 920 917 918 
f 922 647 921 
f 923 921 647 
f 924 798 776 
f 926 925 742 
f 927 113 528 
f 111 528 113 
f 453 451 445 
f 443 445 451 
f 329 475 718 
f 881 574 572 
f 930 929 928 
f 931 928 929 
f 312 310 434 
f 23 932 532 
f 933 532 932 
f 935 934 838 
f 937 863 936 
f 777 936 863 
f 402 939 938 
f 127 938 939 
f 345 941 940 
f 942 940 941 
f 861 943 924 
f 798 924 943 
f 946 945 944 
f 947 944 945 
f 948 745 743 
f 875 949 701 
f 702 701 949 
f 952 951 950 
f 399 950 951 
f 953 834 429 
f 954 426 834 
f 954 955 426 
f 428 426 955 
f 527 280 526 
f 697 526 280 
f 956 428 955 
f 958 957 428 
f 959 428 957 
f 960 959 957 
f 962 953 961 
f 429 961 953 
f 963 834 953 
f 963 953 962 
f 964 954 834 
f 964 834 963 
f 965 955 954 
f 965 954 964 
f 966 956 955 
f 966 955 965 
f 967 958 956 
f 428 956 958 
f 967 956 966 
f 732 957 958 
f 732 958 967 
f 968 960 957 
f 968 957 732 
f 970 969 960 
f 959 960 969 
f 970 960 968 
f 971 969 970 
f 401 385 414 
f 972 963 962 
f 961 972 962 
f 973 964 963 
f 973 963 972 
f 974 965 964 
f 974 964 973 
f 975 966 965 
f 975 965 974 
f 976 967 966 
f 976 966 975 
f 729 732 967 
f 729 967 976 
f 730 968 732 
f 977 970 968 
f 977 968 730 
f 978 971 970 
f 978 970 977 
f 980 979 971 
f 969 971 979 
f 980 971 978 
f 739 979 980 
f 738 979 739 
f 981 973 972 
f 961 981 972 
f 982 974 973 
f 982 973 981 
f 983 975 974 
f 983 974 982 
f 984 976 975 
f 984 975 983 
f 976 984 729 
f 731 729 984 
f 824 978 977 
f 730 824 977 
f 985 980 978 
f 985 978 824 
f 986 739 980 
f 986 980 985 
f 822 737 739 
f 822 739 986 
f 492 737 822 
f 454 988 987 
f 989 987 988 
f 990 981 961 
f 583 725 585 
f 990 982 981 
f 990 983 982 
f 731 984 983 
f 731 983 990 
f 468 985 824 
f 469 986 985 
f 469 985 468 
f 821 822 986 
f 821 986 469 
f 491 492 822 
f 489 492 491 
f 991 731 990 
f 992 731 991 
f 992 993 731 
f 823 731 993 
f 465 639 637 
f 821 469 467 
f 995 254 994 
f 746 994 254 
f 936 777 996 
f 664 996 777 
f 850 998 997 
f 999 997 998 
f 333 1000 990 
f 991 990 1000 
f 1001 992 991 
f 1001 991 1000 
f 1002 534 535 
f 992 1003 993 
f 823 993 1003 
f 1001 1003 992 
f 331 823 1003 
f 491 470 493 
f 1005 1004 219 
f 218 219 1004 
f 281 851 261 
f 1006 1001 1000 
f 1006 1003 1001 
f 331 1003 1006 
f 188 191 1007 
f 641 1007 191 
f 157 85 1 
f 812 388 389 
f 908 387 390 
f 906 389 387 
f 906 387 908 
f 1008 98 336 
f 1009 336 98 
f 907 389 906 
f 812 389 907 
f 184 187 862 
f 1012 1011 1010 
f 1013 1010 1011 
f 1014 334 332 
f 1017 1016 1015 
f 741 394 908 
f 1019 1018 907 
f 812 907 1018 
f 1019 907 394 
f 1020 347 345 
f 319 1014 321 
f 332 321 1014 
f 748 850 997 
f 1023 1022 1021 
f 1024 1021 1022 
f 829 319 322 
f 660 208 206 
f 395 1019 394 
f 395 1025 1019 
f 1018 1019 1025 
f 1025 395 1026 
f 875 1026 395 
f 1028 549 1027 
f 557 1027 549 
f 530 119 117 
f 875 702 949 
f 931 650 646 
f 648 646 650 
f 602 701 393 
f 1030 686 1029 
f 1031 1029 686 
f 41 369 1032 
f 1033 1032 369 
f 1034 943 861 
f 522 249 178 
f 13 178 249 
f 47 550 548 
f 781 779 130 
f 129 130 779 
f 724 424 425 
f 614 79 608 
f 1035 425 423 
f 1037 60 1036 
f 792 1036 60 
f 1040 1039 1038 
f 647 1038 1039 
f 182 286 285 
f 1043 1042 1041 
f 1044 1041 1042 
f 695 693 802 
f 588 1046 1045 
f 201 1045 1046 
f 34 32 127 
f 124 127 32 
f 1047 1028 1027 
f 1049 1048 1039 
f 866 1039 1048 
f 1052 1051 1050 
f 1054 503 1053 
f 1055 1053 503 
f 221 110 93 
f 294 1057 1056 
f 370 1056 1057 
f 803 488 299 
f 237 299 488 
f 1058 321 332 
f 997 1060 1059 
f 1061 1059 1060 
f 252 585 251 
f 378 1062 240 
f 239 240 1062 
f 246 249 581 
f 1063 581 249 
f 334 319 829 
f 603 396 322 
f 741 322 396 
f 1065 430 1064 
f 511 1064 430 
f 1066 988 454 
f 1069 1068 1067 
f 1034 1067 1068 
f 786 393 396 
f 1070 10 48 
f 1071 48 10 
f 575 1072 952 
f 705 952 1072 
f 100 98 1073 
f 1008 1073 98 
f 588 348 1046 
f 351 1046 348 
f 603 786 396 
f 1076 1075 1074 
f 231 229 375 
f 1079 1078 1077 
f 1080 1077 1078 
f 846 916 889 
f 890 889 916 
f 55 2 3 
f 140 761 514 
f 828 860 762 
f 1083 1082 1081 
f 655 1081 1082 
f 1086 1085 1084 
f 709 1084 1085 
f 1088 1087 805 
f 793 805 1087 
f 59 388 813 
f 366 367 150 
f 351 201 1046 
f 1089 495 715 
f 295 1090 293 
f 281 293 1090 
f 1093 1092 1091 
f 346 1091 1092 
f 487 485 776 
f 1094 304 504 
f 303 504 304 
f 885 1095 880 
f 554 880 1095 
f 276 1005 219 
f 763 574 883 
f 1095 885 884 
f 1096 241 239 
f 1097 368 366 
f 898 473 471 
f 486 340 237 
f 96 237 340 
f 1098 733 736 
f 1100 1079 1099 
f 684 1099 1079 
f 14 576 6 
f 1035 657 658 
f 153 1101 150 
f 366 150 1101 
f 630 36 912 
f 1009 101 286 
f 181 480 196 
f 583 727 725 
f 132 58 1102 
f 131 1102 58 
f 587 586 1092 
f 941 1092 586 
f 864 1026 875 
f 1105 1104 1103 
f 656 1103 1104 
f 668 667 837 
f 265 837 667 
f 21 19 816 
f 400 816 19 
f 1107 1106 1028 
f 549 1028 1106 
f 857 856 1108 
f 232 1108 856 
f 1111 1110 1109 
f 1112 1109 1110 
f 874 1114 1113 
f 1115 1113 1114 
f 1116 1022 843 
f 1117 843 1022 
f 1120 1119 1118 
f 511 1118 1119 
f 843 841 779 
f 897 484 427 
f 1121 897 427 
f 896 897 1121 
f 1122 713 712 
f 938 127 125 
f 785 252 1123 
f 1124 1123 252 
f 429 427 483 
f 1126 1125 533 
f 1127 533 1125 
f 912 1094 504 
f 483 279 441 
f 441 429 483 
f 1128 440 442 
f 1129 441 440 
f 1129 440 1128 
f 1130 461 462 
f 429 441 1129 
f 1060 1132 1131 
f 1133 1131 1132 
f 890 1129 1128 
f 961 429 1129 
f 961 1129 890 
f 451 1077 1080 
f 1134 969 738 
f 979 738 969 
f 407 879 1122 
f 858 1122 879 
f 1136 1135 814 
f 59 814 1135 
f 762 882 828 
f 1134 738 873 
f 943 1137 798 
f 796 798 1137 
f 390 873 494 
f 490 494 873 
f 388 873 390 
f 1119 1064 511 
f 1077 451 1138 
f 452 1138 451 
f 814 59 813 
f 443 1080 1078 
f 65 63 1139 
f 632 1139 63 
f 1136 814 812 
f 1140 1135 1136 
f 313 1135 1140 
f 1006 333 331 
f 805 341 344 
f 1141 1136 812 
f 1142 1140 1136 
f 1142 1136 1141 
f 313 1140 1142 
f 825 572 573 
f 767 765 273 
f 275 273 765 
f 328 329 833 
f 855 833 329 
f 1141 812 1018 
f 1142 1141 1143 
f 1018 1143 1141 
f 864 313 1142 
f 864 1142 1143 
f 1090 295 379 
f 1025 1143 1018 
f 1143 1025 1026 
f 864 1143 1026 
f 204 864 875 
f 914 961 890 
f 438 1144 457 
f 1145 457 1144 
f 1 4 157 
f 643 1147 1146 
f 1104 1149 1148 
f 1150 186 937 
f 863 937 186 
f 583 584 784 
f 712 1151 654 
f 656 654 1151 
f 1153 351 1152 
f 835 1152 351 
f 1156 1155 1154 
f 1035 446 1122 
f 407 1122 446 
f 423 446 1035 
f 1159 1158 1157 
f 323 326 1160 
f 930 1160 326 
f 1162 1161 44 
f 167 452 169 
f 803 299 1163 
f 300 1163 299 
f 201 351 1153 
f 825 1164 572 
f 881 572 1164 
f 49 1070 48 
f 1165 915 916 
f 282 126 703 
f 132 1121 959 
f 428 959 1121 
f 785 1123 783 
f 903 783 1123 
f 1167 1166 362 
f 766 362 1166 
f 1168 1118 559 
f 12 559 1118 
f 820 998 708 
f 850 708 998 
f 891 442 449 
f 1158 1169 1157 
f 942 1171 1170 
f 344 1170 1171 
f 422 917 419 
f 1172 419 917 
f 989 1117 1173 
f 1174 1173 1117 
f 1175 905 904 
f 1154 942 1170 
f 664 777 485 
f 340 91 95 
f 159 144 146 
f 1124 252 1176 
f 203 1176 252 
f 1177 156 309 
f 311 309 156 
f 244 242 447 
f 1178 678 854 
f 82 801 625 
f 1145 458 457 
f 421 868 458 
f 573 1179 854 
f 1180 854 1179 
f 421 419 439 
f 1172 439 419 
f 626 620 1178 
f 678 1178 620 
f 1180 1178 854 
f 380 383 544 
f 473 687 472 
f 524 513 626 
f 543 667 545 
f 230 1180 1179 
f 232 230 1179 
f 895 687 178 
f 524 1180 230 
f 524 626 1180 
f 1178 1180 626 
f 473 1181 688 
f 594 688 1181 
f 154 417 692 
f 1183 839 1182 
f 369 1182 839 
f 507 513 524 
f 230 231 524 
f 510 622 513 
f 645 612 444 
f 797 361 487 
f 501 499 1184 
f 523 1184 499 
f 849 16 1013 
f 996 1013 16 
f 848 18 16 
f 511 12 1118 
f 409 507 375 
f 509 507 409 
f 888 796 886 
f 1137 886 796 
f 589 573 571 
f 878 509 409 
f 1185 878 409 
f 1187 1186 39 
f 219 217 856 
f 232 856 217 
f 603 322 320 
f 377 1188 727 
f 453 727 1188 
f 1189 1073 1008 
f 1192 1191 1190 
f 1193 1190 1191 
f 1195 1174 1194 
f 1196 1194 1174 
f 1042 1043 1197 
f 782 780 1198 
f 1089 1198 780 
f 1201 1200 1199 
f 1202 1199 1200 
f 1203 1200 1201 
f 1199 1202 1196 
f 1194 1196 1202 
f 1206 1205 1204 
f 1207 1204 1205 
f 1208 1200 1203 
f 1209 1208 1203 
f 1210 1202 1200 
f 1210 1200 1208 
f 1211 1194 1202 
f 1211 1202 1210 
f 1195 1194 1211 
f 1173 1174 1195 
f 699 1208 1209 
f 696 699 1209 
f 1212 1210 1208 
f 1212 1208 699 
f 1213 1211 1210 
f 1213 1210 1212 
f 455 1195 1211 
f 455 1211 1213 
f 1214 1173 1195 
f 1214 1195 455 
f 987 989 1173 
f 987 1173 1214 
f 697 1212 699 
f 913 1213 1212 
f 913 1212 697 
f 455 1213 913 
f 454 987 1214 
f 455 454 1214 
f 748 997 1059 
f 280 913 697 
f 47 50 550 
f 627 550 50 
f 818 988 1066 
f 484 818 1066 
f 131 818 484 
f 484 1066 454 
f 278 484 454 
f 1216 342 1215 
f 343 1215 342 
f 945 1217 947 
f 1031 1138 1218 
f 1219 1218 1138 
f 1073 629 628 
f 1220 932 23 
f 101 1009 98 
f 93 205 221 
f 449 277 845 
f 527 845 277 
f 846 891 449 
f 845 846 449 
f 889 891 846 
f 1221 1175 904 
f 858 544 545 
f 914 890 916 
f 305 1222 275 
f 274 275 1222 
f 1225 1224 1223 
f 1226 1223 1224 
f 799 1227 800 
f 32 13 15 
f 1228 376 900 
f 461 1130 1229 
f 475 329 327 
f 1231 1081 1230 
f 1232 1230 1081 
f 820 621 619 
f 1204 1207 1233 
f 1234 1233 1207 
f 247 14 13 
f 1153 1235 201 
f 203 201 1235 
f 1071 10 1236 
f 11 1236 10 
f 1238 1040 1237 
f 1038 1237 1040 
f 329 718 722 
f 506 722 718 
f 482 590 124 
f 425 1035 506 
f 722 506 1035 
f 1239 1153 837 
f 1152 837 1153 
f 830 1240 832 
f 1241 832 1240 
f 1207 1151 1242 
f 788 1242 1151 
f 317 1243 316 
f 1245 808 1244 
f 1246 1244 808 
f 895 178 33 
f 517 858 879 
f 1248 431 1247 
f 1249 1247 431 
f 1084 709 1250 
f 1251 1250 709 
f 1252 560 558 
f 663 182 285 
f 70 88 28 
f 57 1134 873 
f 687 473 688 
f 1047 1253 1028 
f 1107 1028 1253 
f 1255 341 1254 
f 324 1254 341 
f 5 15 7 
f 1147 643 1256 
f 1257 1256 643 
f 1259 561 1258 
f 839 1258 561 
f 512 430 433 
f 1260 1110 1111 
f 1088 844 1087 
f 527 1087 844 
f 698 526 697 
f 858 380 544 
f 212 1071 438 
f 1144 438 1071 
f 1262 1217 1261 
f 1263 1198 1089 
f 1249 431 432 
f 659 623 660 
f 208 660 623 
f 415 676 677 
f 49 47 1264 
f 548 1264 47 
f 349 836 351 
f 835 351 836 
f 827 825 573 
f 380 858 517 
f 1220 23 374 
f 479 309 312 
f 232 1179 857 
f 573 857 1179 
f 1108 232 857 
f 997 1132 1060 
f 232 217 229 
f 679 682 508 
f 877 679 509 
f 681 679 877 
f 1265 680 681 
f 1266 681 877 
f 876 1266 877 
f 1133 1265 681 
f 1133 681 1266 
f 1268 1267 672 
f 44 672 1267 
f 218 409 220 
f 1004 409 218 
f 1269 1266 876 
f 1131 1133 1266 
f 1131 1266 1269 
f 1060 1131 1269 
f 1060 1269 1270 
f 876 1270 1269 
f 1272 1089 1271 
f 715 1271 1089 
f 1185 1270 876 
f 1273 1270 1185 
f 1061 1270 1273 
f 1060 1270 1061 
f 1182 369 41 
f 1274 1004 1005 
f 1274 1275 1004 
f 1185 1004 1275 
f 1276 1273 1275 
f 1185 1275 1273 
f 1061 1273 1276 
f 276 1274 1005 
f 1098 1275 1274 
f 1098 1274 276 
f 736 1276 1275 
f 736 1275 1098 
f 734 1061 1276 
f 734 1276 736 
f 733 1098 276 
f 643 641 191 
f 1278 1277 579 
f 246 579 1277 
f 748 1059 1279 
f 734 1279 1059 
f 887 1228 900 
f 735 733 274 
f 276 274 733 
f 1279 734 735 
f 583 377 727 
f 1280 735 274 
f 1281 1279 735 
f 1281 735 1280 
f 1282 1279 1281 
f 1283 1246 808 
f 1284 1281 1280 
f 274 1284 1280 
f 1285 1282 1281 
f 1285 1281 1284 
f 1286 748 1282 
f 1279 1282 748 
f 1286 1282 1285 
f 174 748 1286 
f 1284 274 1222 
f 308 1285 1284 
f 308 1284 1222 
f 1287 1286 1285 
f 1287 1285 308 
f 171 174 1286 
f 171 1286 1287 
f 305 308 1222 
f 306 1287 308 
f 1288 171 1287 
f 1288 1287 306 
f 173 171 1288 
f 307 1288 306 
f 1289 173 1288 
f 1289 1288 307 
f 1290 307 305 
f 1097 1290 305 
f 1291 1289 307 
f 1291 307 1290 
f 800 901 659 
f 1112 1289 1291 
f 173 1289 1112 
f 1110 173 1112 
f 305 368 1097 
f 1292 1290 1097 
f 1292 1097 366 
f 1293 1291 1290 
f 1293 1290 1292 
f 1294 1112 1291 
f 1294 1291 1293 
f 1109 1112 1294 
f 1101 1293 1292 
f 366 1101 1292 
f 153 1294 1293 
f 153 1293 1101 
f 1295 1109 1294 
f 1295 1294 153 
f 1296 788 1151 
f 1111 1109 1295 
f 151 1295 153 
f 1297 1111 1295 
f 1297 1295 151 
f 1251 1260 1111 
f 1251 1111 1297 
f 111 525 528 
f 152 1297 151 
f 1298 1251 1297 
f 1298 1297 152 
f 920 1251 1298 
f 918 1299 1251 
f 1250 1251 1299 
f 920 918 1251 
f 919 1299 918 
f 439 1298 152 
f 1172 920 1298 
f 1172 1298 439 
f 917 920 1172 
f 154 144 417 
f 34 939 405 
f 402 405 939 
f 837 1152 835 
f 31 34 555 
f 405 555 34 
f 378 240 631 
f 554 555 405 
f 553 1300 555 
f 31 555 1300 
f 895 1300 553 
f 472 895 553 
f 268 1239 837 
f 687 895 894 
f 1301 1064 1119 
f 1304 1303 1302 
f 1305 1302 1303 
f 896 1102 131 
f 1184 523 522 
f 1127 535 533 
f 601 1307 1306 
f 321 1306 1307 
f 1113 1220 1308 
f 1309 1308 1220 
f 988 818 817 
f 1310 1278 579 
f 1311 189 190 
f 713 666 711 
f 528 526 698 
f 1051 1312 1050 
f 1116 832 1313 
f 1241 1313 832 
f 85 746 254 
f 1314 1116 1313 
f 1314 1313 1315 
f 1241 1315 1313 
f 1022 1116 1314 
f 1317 1316 1241 
f 1315 1241 1316 
f 1024 1314 1315 
f 1024 1315 1316 
f 1022 1314 1024 
f 1318 1049 1040 
f 1225 1319 1224 
f 1011 1224 1319 
f 1320 1024 1316 
f 1317 1320 1316 
f 1021 1024 1320 
f 1045 602 588 
f 1317 114 112 
f 1321 1317 112 
f 1322 1320 1317 
f 1321 1322 1317 
f 1323 1021 1320 
f 1323 1320 1322 
f 1023 1021 1323 
f 1117 1022 1023 
f 132 1134 57 
f 840 843 1117 
f 113 1321 112 
f 927 1321 113 
f 927 1203 1201 
f 1322 927 1201 
f 1321 927 1322 
f 1322 1201 1199 
f 1323 1322 1199 
f 1323 1199 1196 
f 1023 1323 1196 
f 1023 1196 1174 
f 1117 1023 1174 
f 842 840 1117 
f 528 1209 1203 
f 528 1203 927 
f 1324 841 842 
f 1324 842 989 
f 1117 989 842 
f 817 841 1324 
f 528 696 1209 
f 661 662 644 
f 304 644 662 
f 696 528 698 
f 1324 988 817 
f 561 935 838 
f 785 584 582 
f 1326 82 1325 
f 625 1325 82 
f 1088 805 344 
f 1189 629 1073 
f 820 619 998 
f 622 998 619 
f 774 94 97 
f 763 892 893 
f 209 833 855 
f 1328 1327 1193 
f 767 589 893 
f 574 893 589 
f 514 137 140 
f 1330 1329 1082 
f 726 453 531 
f 227 531 453 
f 745 948 1331 
f 803 1331 948 
f 111 114 794 
f 919 917 1084 
f 1332 1084 917 
f 865 928 866 
f 646 866 928 
f 176 872 870 
f 1333 1067 1034 
f 453 445 227 
f 1081 655 656 
f 1319 1013 1011 
f 1087 525 794 
f 111 794 525 
f 915 1058 332 
f 670 1268 672 
f 1334 820 819 
f 88 233 74 
f 779 782 831 
f 1335 371 839 
f 1337 862 1336 
f 187 1336 862 
f 1339 578 1338 
f 581 1338 578 
f 1341 186 1340 
f 1150 1340 186 
f 675 673 431 
f 433 431 673 
f 100 630 912 
f 156 746 155 
f 339 90 91 
f 1306 586 588 
f 1219 452 168 
f 1163 1331 803 
f 293 291 297 
f 1342 367 365 
f 1079 686 684 
f 720 2 55 
f 1115 1220 1113 
f 453 726 727 
f 228 689 116 
f 1166 1342 766 
f 365 766 1342 
f 925 744 742 
f 1045 204 701 
f 875 701 204 
f 1344 1343 744 
f 415 860 676 
f 1009 286 669 
f 397 399 951 
f 621 820 1334 
f 200 724 425 
f 1072 575 576 
f 477 480 1345 
f 179 1345 480 
f 680 1265 999 
f 1132 999 1265 
f 1133 1132 1265 
f 272 136 122 
f 988 1324 989 
f 734 1059 1061 
f 1113 1346 649 
f 1347 649 1346 
f 503 1349 1348 
f 1350 189 1311 
f 1351 1137 943 
f 114 1317 795 
f 1241 795 1317 
f 277 280 527 
f 1070 1335 12 
f 561 12 1335 
f 1352 1010 996 
f 1013 996 1010 
f 1189 336 335 
f 764 100 1073 
f 709 1110 1260 
f 1354 1353 1161 
f 44 1161 1353 
f 1356 1355 909 
f 1260 1251 709 
f 1084 1250 1299 
f 1084 1299 919 
f 744 665 743 
f 948 743 665 
f 1107 1253 1357 
f 1056 1357 1253 
f 1086 1084 1332 
f 1358 1332 422 
f 917 422 1332 
f 1086 1332 1358 
f 420 1358 422 
f 1086 1358 420 
f 1092 941 345 
f 999 682 680 
f 287 535 1127 
f 853 826 827 
f 247 792 14 
f 60 14 792 
f 1361 1360 1359 
f 790 1359 1360 
f 929 1240 1002 
f 830 1002 1240 
f 716 1362 538 
f 747 538 1362 
f 1364 1363 1012 
f 1011 1012 1363 
f 669 336 1009 
f 1047 296 1253 
f 1056 1253 296 
f 898 1181 473 
f 1170 344 1365 
f 1366 1365 344 
f 361 362 893 
f 767 893 362 
f 409 1004 1185 
f 1368 175 1367 
f 1100 1367 175 
f 1369 1064 1301 
f 938 404 402 
f 1370 444 443 
f 1107 1264 1106 
f 548 1106 1264 
f 326 804 930 
f 929 930 804 
f 541 1356 909 
f 372 1033 369 
f 342 1216 344 
f 630 764 46 
f 1361 1359 1371 
f 1372 1371 1359 
f 851 783 903 
f 216 629 335 
f 1189 335 629 
f 788 790 1360 
f 363 1167 360 
f 362 360 1167 
f 43 208 623 
f 1135 56 59 
f 119 531 227 
f 1240 793 795 
f 1373 316 168 
f 1219 168 316 
f 406 600 879 
f 384 193 359 
f 898 358 1181 
f 594 1181 358 
f 1055 1068 1069 
f 1374 1333 1034 
f 9 708 706 
f 518 1075 1375 
f 207 628 214 
f 1038 647 922 
f 76 618 78 
f 873 388 59 
f 276 767 273 
f 668 836 349 
f 477 260 263 
f 362 766 767 
f 1310 579 1376 
f 580 1376 579 
f 1377 671 1303 
f 1334 819 1221 
f 1193 1221 819 
f 784 1090 379 
f 830 782 1378 
f 1198 1378 782 
f 1261 1217 945 
f 1342 867 868 
f 97 95 89 
f 482 124 32 
f 1379 1378 1198 
f 15 482 32 
f 995 1124 1176 
f 742 1380 926 
f 1381 1160 930 
f 1305 1303 45 
f 672 45 1303 
f 773 1382 774 
f 300 774 1382 
f 870 871 1383 
f 44 45 672 
f 728 811 781 
f 780 781 811 
f 180 336 669 
f 1151 1207 1205 
f 1385 799 1384 
f 1329 1384 799 
f 1186 1386 39 
f 172 850 748 
f 173 707 172 
f 301 304 662 
f 867 1027 557 
f 1388 1387 1114 
f 1115 1114 1387 
f 6 399 8 
f 1389 1154 1170 
f 706 11 9 
f 657 655 659 
f 37 352 1094 
f 304 1094 352 
f 879 407 406 
f 1390 689 612 
f 228 612 689 
f 1391 807 415 
f 411 415 807 
f 581 1063 1353 
f 46 1353 1063 
f 839 561 1335 
f 451 1080 443 
f 775 924 776 
f 902 800 1392 
f 1227 1392 800 
f 1393 861 862 
f 122 235 256 
f 703 398 397 
f 806 807 1391 
f 238 237 236 
f 154 148 144 
f 15 199 482 
f 938 125 852 
f 179 480 181 
f 34 127 939 
f 49 1264 1107 
f 1137 887 886 
f 1394 1010 1352 
f 1352 996 664 
f 1397 1396 1395 
f 690 1395 1396 
f 1347 1397 1395 
f 1399 1398 1396 
f 690 1396 1398 
f 1399 1396 1397 
f 26 1398 1399 
f 25 410 24 
f 1398 24 410 
f 1400 911 498 
f 1401 1399 1397 
f 1347 1401 1397 
f 373 26 1399 
f 373 1399 1401 
f 1398 26 24 
f 181 384 337 
f 1402 1401 1347 
f 374 373 1401 
f 374 1401 1402 
f 1309 1347 1346 
f 1402 1347 1309 
f 1220 374 1402 
f 1220 1402 1309 
f 41 518 1182 
f 519 1182 518 
f 1164 825 881 
f 828 881 825 
f 1300 895 33 
f 1308 1309 1346 
f 1308 1346 1113 
f 1404 1118 1403 
f 1168 1403 1118 
f 892 340 486 
f 411 339 338 
f 932 1220 1115 
f 1405 932 1115 
f 1405 1115 1387 
f 168 166 1373 
f 456 1373 166 
f 1406 1405 1387 
f 1406 1387 1388 
f 933 1405 1406 
f 932 1405 933 
f 874 290 1114 
f 1388 1114 290 
f 1407 1406 1388 
f 1407 1388 290 
f 1400 933 1406 
f 1400 1406 1407 
f 1408 933 1400 
f 532 933 1408 
f 549 1106 548 
f 288 1407 290 
f 911 1400 1407 
f 911 1407 288 
f 498 1408 1400 
f 1144 1236 1145 
f 899 1145 1236 
f 404 1345 464 
f 179 464 1345 
f 289 911 288 
f 613 614 778 
f 714 287 1127 
f 910 289 287 
f 714 910 287 
f 714 498 910 
f 930 865 1044 
f 189 1044 865 
f 1229 1410 1409 
f 1027 1342 1166 
f 1411 1360 1361 
f 1412 715 714 
f 1414 1413 1127 
f 714 1127 1413 
f 1272 1412 1413 
f 714 1413 1412 
f 1272 1413 1414 
f 1271 715 1412 
f 1271 1412 1272 
f 1085 11 706 
f 1126 1127 1125 
f 1414 1127 1126 
f 1415 1272 1414 
f 1415 1414 1126 
f 1089 1272 1415 
f 1416 1415 1126 
f 1416 1126 533 
f 1263 1089 1415 
f 1263 1415 1416 
f 1417 1416 533 
f 1418 1263 1416 
f 1418 1416 1417 
f 1198 1263 1418 
f 1419 1418 1417 
f 1419 1417 536 
f 533 536 1417 
f 1379 1198 1418 
f 1379 1418 1419 
f 61 41 60 
f 1032 60 41 
f 1420 1419 536 
f 1420 536 534 
f 1378 1379 1419 
f 1378 1419 1420 
f 1378 1420 534 
f 722 206 855 
f 1422 1421 1394 
f 332 333 915 
f 72 1359 71 
f 790 71 1359 
f 325 1423 324 
f 1062 1096 239 
f 94 298 238 
f 803 948 665 
f 1423 1254 324 
f 1068 1351 1034 
f 943 1034 1351 
f 297 295 293 
f 527 525 1087 
f 796 888 797 
f 361 797 888 
f 1425 1160 1424 
f 1426 1424 1160 
f 1427 479 903 
f 263 903 479 
f 930 928 865 
f 575 952 950 
f 1429 1428 1191 
f 1221 1191 1428 
f 1362 254 995 
f 1072 1033 372 
f 1344 744 925 
f 1431 1319 1430 
f 1225 1430 1319 
f 1432 1150 937 
f 329 722 855 
f 1239 747 1362 
f 1349 503 1054 
f 677 1391 415 
f 530 23 532 
f 534 1002 830 
f 298 94 774 
f 46 44 1353 
f 498 532 1408 
f 1434 923 1433 
f 871 1433 923 
f 937 936 1435 
f 1436 1435 936 
f 1437 586 1306 
f 1438 1012 1421 
f 1394 1421 1012 
f 497 532 496 
f 498 496 532 
f 340 892 338 
f 763 338 892 
f 1176 1362 995 
f 651 649 1347 
f 209 695 833 
f 1058 1437 1306 
f 929 793 1240 
f 1372 1359 72 
f 1075 518 1074 
f 41 1074 518 
f 1104 1081 656 
f 367 1342 868 
f 899 11 1086 
f 1085 1086 11 
f 421 367 868 
f 486 487 892 
f 780 497 495 
f 291 294 296 
f 1056 296 294 
f 458 557 435 
f 1440 1267 1439 
f 1441 1439 1267 
f 903 1123 1427 
f 1124 1427 1123 
f 25 530 117 
f 1258 839 1183 
f 804 805 929 
f 793 929 805 
f 1442 65 1139 
f 941 1437 942 
f 1171 942 1437 
f 899 1086 420 
f 811 529 497 
f 532 497 529 
f 1096 887 1137 
f 876 878 1185 
f 1006 1000 333 
f 815 282 397 
f 703 397 282 
f 581 579 246 
f 583 379 377 
f 1073 43 764 
f 1428 1444 1443 
f 1134 959 969 
f 361 888 363 
f 741 396 394 
f 241 1351 1068 
f 1163 300 1382 
f 503 224 222 
f 260 1345 404 
f 690 651 1395 
f 1347 1395 651 
f 632 225 1015 
f 1445 1015 225 
f 404 262 260 
f 367 421 439 
f 649 874 1113 
f 1219 1243 1218 
f 921 923 1434 
f 816 694 207 
f 209 207 694 
f 909 1446 456 
f 1373 456 1446 
f 295 1447 900 
f 887 900 1447 
f 1089 780 495 
f 1331 1163 1448 
f 1382 1448 1163 
f 763 882 762 
f 1390 690 689 
f 884 554 1095 
f 1355 1449 1446 
f 175 1383 1078 
f 443 1078 1383 
f 929 1002 931 
f 535 931 1002 
f 712 1296 1151 
f 1155 1050 1154 
f 942 1154 1050 
f 1248 1450 431 
f 693 695 209 
f 350 348 587 
f 1451 1100 1099 
f 1452 1237 1038 
f 1245 1453 819 
f 603 320 1307 
f 321 1307 320 
f 946 1325 945 
f 350 1296 712 
f 1454 1432 937 
f 622 510 682 
f 945 623 1261 
f 659 1261 623 
f 1455 1029 1031 
f 823 824 730 
f 309 479 1427 
f 1427 1124 1177 
f 995 1177 1124 
f 704 952 705 
f 1191 1221 1193 
f 50 213 627 
f 212 627 213 
f 178 501 522 
f 1184 522 501 
f 1094 912 37 
f 177 175 1368 
f 333 990 914 
f 961 914 990 
f 1456 1020 345 
f 46 521 630 
f 904 745 1334 
f 1331 1334 745 
f 1457 1356 541 
f 326 324 341 
f 998 682 999 
f 1085 706 709 
f 17 1436 936 
f 859 464 778 
f 1306 588 601 
f 1458 1092 1093 
f 45 624 801 
f 819 1328 1193 
f 1335 1070 371 
f 49 371 1070 
f 645 444 1370 
f 1459 1052 1050 
f 1042 930 1044 
f 539 716 538 
f 346 1092 345 
f 60 1037 62 
f 663 179 182 
f 1461 578 1460 
f 1339 1460 578 
f 477 1345 260 
f 704 951 952 
f 909 1355 1446 
f 728 130 251 
f 58 251 130 
f 1463 1445 1462 
f 1464 1462 1445 
f 1466 788 1465 
f 1360 1465 788 
f 1357 371 49 
f 14 60 1032 
f 1171 1058 1165 
f 915 1165 1058 
f 219 856 276 
f 1188 66 450 
f 781 130 728 
f 995 994 1177 
f 156 1177 994 
f 1467 1455 1031 
f 587 788 1296 
f 1441 1267 1268 
f 1468 1429 1191 
f 1157 792 248 
f 1065 432 430 
f 1238 1318 1040 
f 1362 716 254 
f 87 254 716 
f 1155 1459 1050 
f 1099 684 685 
f 1369 1065 1064 
f 398 199 8 
f 192 384 181 
f 945 625 623 
f 316 1243 1219 
f 1139 632 1015 
f 442 890 1128 
f 887 1096 1228 
f 1062 1228 1096 
f 730 731 823 
f 1177 309 1427 
f 1042 1381 930 
f 767 857 589 
f 573 589 857 
f 275 368 305 
f 1470 1099 1469 
f 685 1469 1099 
f 275 765 365 
f 175 176 870 
f 145 695 802 
f 1068 503 241 
f 1367 1100 1471 
f 1451 1471 1100 
f 370 371 1357 
f 922 1452 1038 
f 686 1079 1031 
f 1077 1031 1079 
f 1472 224 1348 
f 503 1348 224 
f 1229 1409 461 
f 744 461 1409 
f 1363 1226 1224 
f 529 726 531 
f 1099 1470 1451 
f 785 582 585 
f 1103 656 1205 
f 1151 1205 656 
f 268 837 265 
f 1473 345 940 
f 46 1063 522 
f 249 522 1063 
f 934 1474 838 
f 223 1445 225 
f 899 458 1145 
f 945 1325 625 
f 852 282 262 
f 873 59 57 
f 1305 45 1475 
f 801 1475 45 
f 701 602 1045 
f 1235 1176 203 
f 334 1014 319 
f 1383 1370 443 
f 1300 33 31 
f 1445 223 1464 
f 224 1464 223 
f 1458 789 1092 
f 587 1092 789 
f 1386 1076 1074 
f 1476 1394 1352 
f 212 436 627 
f 1319 849 1013 
f 1228 378 376 
f 1398 410 690 
f 118 690 410 
f 1477 1036 792 
f 56 314 252 
f 203 252 314 
f 575 950 399 
f 1373 318 316 
f 1363 1224 1011 
f 313 314 1135 
f 56 1135 314 
f 705 1072 1057 
f 372 1057 1072 
f 294 705 1057 
f 1304 1377 1303 
f 497 780 811 
f 1478 1242 1466 
f 788 1466 1242 
f 397 951 815 
f 704 815 951 
f 1481 1480 1479 
f 1482 1479 1480 
f 390 741 908 
f 866 646 1039 
f 647 1039 646 
f 1235 1153 1239 
f 1073 628 208 
f 207 208 628 
f 61 40 41 
f 71 790 789 
f 1429 1444 1428 
f 67 205 93 
f 84 82 1483 
f 1326 1483 82 
f 775 861 924 
f 1442 1484 65 
f 1448 806 1391 
f 1167 1447 1047 
f 296 1047 1447 
f 1390 651 690 
f 1422 1394 1476 
f 1166 1167 1047 
f 1409 1476 1352 
f 1121 427 428 
f 896 132 1102 
f 1148 1232 1104 
f 478 479 312 
f 512 820 708 
f 1010 1394 1012 
f 323 1160 1425 
f 39 1386 1074 
f 321 1058 1306 
f 591 810 673 
f 433 673 810 
f 1485 1139 1016 
f 1015 1016 1139 
f 1078 1079 1100 
f 671 672 1303 
f 1078 1100 175 
f 1487 1486 559 
f 1488 1207 1242 
f 1121 132 896 
f 340 95 96 
f 263 479 477 
f 463 461 744 
f 1277 1480 246 
f 248 246 1480 
f 1277 1278 1489 
f 296 1447 295 
f 820 433 810 
f 478 312 196 
f 434 196 312 
f 1491 1103 1490 
f 1492 1490 1103 
f 193 194 215 
f 1484 540 65 
f 1493 1330 1082 
f 1494 1104 1105 
f 654 657 1122 
f 1035 1122 657 
f 775 863 861 
f 793 1087 794 
f 212 48 1071 
f 1192 1468 1191 
f 651 1390 612 
f 100 764 630 
f 631 377 378 
f 867 1342 1027 
f 808 1245 819 
f 255 539 538 
f 12 10 1070 
f 1062 378 1228 
f 1357 49 1107 
f 1495 558 1474 
f 838 1474 558 
f 1057 372 370 
f 928 931 646 
f 183 186 1341 
f 487 776 797 
f 1218 1467 1031 
f 17 936 16 
f 996 16 936 
f 1496 1262 1261 
f 488 486 237 
f 39 1074 41 
f 1088 344 1171 
f 1391 1331 1448 
f 831 843 779 
f 1134 132 959 
f 1497 1187 39 
f 9 512 708 
f 1283 808 809 
f 1464 224 1498 
f 1499 1498 224 
f 1082 1329 799 
f 1205 1492 1103 
f 682 998 622 
f 1188 377 631 
f 644 304 352 
f 452 1219 1138 
f 204 1045 201 
f 612 645 648 
f 379 583 784 
f 654 1122 712 
f 843 831 1116 
f 832 1116 831 
f 587 1296 350 
f 1088 1165 844 
f 916 844 1165 
f 570 756 140 
f 601 603 1307 
f 820 512 433 
f 530 25 23 
f 175 870 1383 
f 12 561 559 
f 851 1090 784 
f 1171 1437 1058 
f 1189 1008 336 
f 1240 795 1241 
f 83 1475 801 
f 464 416 404 
f 665 1352 664 
f 1331 1391 1334 
f 677 1334 1391 
f 1446 1449 318 
f 997 999 1132 
f 905 1380 742 
f 216 359 364 
f 621 678 620 
f 1448 773 806 
f 184 863 186 
f 65 541 909 
f 512 511 430 
f 623 45 43 
f 871 923 1383 
f 1370 1383 923 
f 901 1496 1261 
f 1374 1034 1393 
f 861 1393 1034 
f 247 13 249 
f 1473 1456 345 
f 1257 643 1048 
f 866 1048 643 
f 1350 1500 189 
f 674 1501 673 
f 1362 1235 1239 
f 1488 1234 1207 
f 668 349 711 
f 677 621 1334 
f 1485 1442 1139 
f 744 1409 665 
f 1352 665 1409 
f 1351 1096 1137 
f 147 746 85 
f 901 1261 659 
f 777 863 775 
f 1088 1171 1165 
f 1375 520 518 
f 343 341 1255 
f 1381 1042 1502 
f 1197 1502 1042 
f 1138 1031 1077 
f 576 1032 1033 
f 1071 1236 1144 
f 318 1373 1446 
f 1162 44 1267 
f 1447 1167 363 
f 1159 248 1503 
f 1481 1503 248 
f 707 173 1110 
f 71 789 1504 
f 1505 1504 789 
f 534 830 1378 
f 156 994 746 
f 1411 1465 1360 
f 66 1188 631 
f 650 535 874 
f 537 747 552 
f 931 535 650 
f 658 722 1035 
f 1428 1175 1221 
f 281 1090 851 
f 1505 789 1458 
f 1440 1162 1267 
f 1343 463 744 
f 1056 370 1357 
f 1351 241 1096 
f 1259 935 561 
f 338 763 412 
f 212 438 436 
f 574 763 893 
f 799 655 1082 
f 1176 1235 1362 
f 1506 1482 1277 
f 1507 1364 1012 
f 252 785 585 
f 827 854 853 
f 1437 941 586 
f 208 43 1073 
f 923 647 645 
f 1382 773 1448 
f 709 707 1110 
f 337 180 181 
f 763 883 882 
f 1049 1039 1040 
f 1381 1426 1160 
f 1500 1044 189 
f 1146 642 643 
f 40 1497 39 
f 1438 1507 1012 
f 504 100 912 
f 1312 942 1050 
f 1491 1105 1103 
f 1083 1493 1082 
f 1508 1476 1409 
f 1510 1509 1048 
f 1393 862 1337 
f 1443 1511 1428 
f 576 1033 1072 
f 1482 1480 1277 
f 1032 576 14 
f 1480 1481 248 
f 1120 1301 1119 
f 1510 1048 1049 
f 1389 1156 1154 
f 747 1239 268 
f 639 663 661 
f 1389 1170 1512 
f 1365 1512 1170 
f 1243 1467 1218 
f 538 747 537 
f 1334 1221 904 
f 1486 1168 559 
f 1513 71 1504 
f 844 916 846 
f 858 713 1122 
f 404 938 262 
f 852 262 938 
f 712 349 350 
f 1188 450 453 
f 1017 1015 1445 
f 826 853 676 
f 1514 1175 1428 
f 1104 1232 1081 
f 1354 1338 1353 
f 1454 937 1435 
f 560 1487 559 
f 248 1159 1157 
f 827 573 854 
f 1166 1047 1027 
f 643 191 866 
f 1463 1017 1445 
f 73 71 1513 
f 1492 1205 1206 
f 639 661 644 
f 1169 1515 792 
f 1461 1516 578 
f 940 942 1312 
f 807 339 411 
f 519 1517 1182 
f 1216 1366 344 
f 1478 1488 1242 
f 1083 1081 1231 
f 1447 363 887 
f 1410 1508 1409 
f 1500 1041 1044 
f 82 83 801 
f 1509 1257 1048 
f 650 874 649 
f 425 506 200 
f 1450 675 431 
f 683 686 1518 
f 1030 1518 686 
f 1353 1338 581 
f 1226 1363 1519 
f 1364 1519 1363 
f 1501 591 673 
f 1453 1328 819 
f 1520 1149 1104 
f 1385 1227 799 
f 1370 923 645 
f 1501 593 591 
f 1495 1252 558 
f 1055 503 1068 
f 1472 1499 224 
f 1520 1104 1494 
f 1236 11 899 
f 1515 1477 792 
f 1517 1183 1182 
f 542 1457 541 
f 1169 792 1157 
f 592 809 591 
f 1327 1190 1193 
f 1511 1521 1428 
f 1516 580 578 
f 1404 1120 1118 
f 1431 849 1319 
f 1521 1514 1428 
f 1489 1506 1277 
